EpochTime(s),TimeFromStart(s),right_prop_rate(rad/s),left_prop_rate(rad/s),LastDT(s),Yaw(rad),North(m),East(m),IMUSensedYawRate(rad/s),IMUIntegratedYaw(rad),IMUSensedTimeStamp(s),ARUCOSensedNorth(m),ARUCOSensedEast(m),ARUCOSensedYaw(rad),ArucoSensedTimeStamp(s),DepthTimeStamp(s),Depth(m),NavigationMode,APFEncounter,APFSide,APFDCPA(m),APFTCPA(s),APFForceX,APFForceY,NearestObstacleNorth(m),NearestObstacleEast(m),NearestObstacleDistance(m)
1781787622.7234824,2.2429261207580566,-200.0,200.0,0.2,6.283185305639619,-4.855174699463579e-05,1.00000000065448,5.722412132814e-13,6.283185305639718,1781787622.705986,-4.855174699463579e-05,1.00000000065448,6.283185305639604, 1781787622.712505, 1781787622.7049866,0.9363107694752463,track,none,0.0,nan,nan,0.0,0.0,nan,nan,nan
1781787622.7289863,2.248430013656616,-200.0,200.0,0.2,6.283185305639623,0.030169111298908483,1.000000000607946,5.722412132814e-13,6.283185305639833,1781787622.705986,None,None,None, None, 1781787622.7049866,0.9363107694752463,track,none,0.0,nan,nan,0.0,0.0,nan,nan,nan
1781787622.9291685,2.4486122131347656,-200.0,200.0,0.2,6.283185305640235,0.0849231720513403,1.0000000005236267,6.031111478787836e-12,6.2831853056411155,1781787622.918628,None,None,None, None, 1781787622.8741813,0.9897451146399163,track,none,0.0,nan,nan,0.0,0.0,nan,nan,nan
1781787623.1303058,2.649749517440796,-200.0,200.0,0.2,6.283185305629354,0.15124158223795714,1.0000000004215395,-9.235501230845687e-11,6.2831853056266125,1781787623.075667,None,None,None, None, 1781787623.121721,0.947462400413052,track,none,0.0,nan,nan,0.0,0.0,nan,nan,nan
1781787623.3292487,2.8486924171447754,-200.0,200.0,0.2,6.283185305604229,0.22041290211689035,1.000000000314308,-2.562976349661735e-10,6.2831853055750475,1781787623.27686,None,None,None, None, 1781787623.3232148,1.060976789102078,track,none,0.0,nan,nan,0.0,0.0,nan,nan,nan
1781787623.5317783,3.051222085952759,-200.0,200.0,0.2,6.28318530563899,0.2900321170341024,1.0000000002046328,1.7954944439495706e-10,6.283185305610905,1781787623.4765685,None,None,None, None, 1781787623.4630291,0.9963468587699223,track,none,0.0,nan,nan,0.0,0.0,nan,nan,nan
1781787623.729919,3.2493627071380615,-200.0,200.0,0.2,6.283185305612051,0.13996321191928393,1.0000000003099732,3.470048000121764e-10,6.283185305681037,1781787623.678676,0.13525590371481808,1.0000000003145293,6.283185305544152, 1781787623.717353, 1781787623.6636095,0.9053604646207338,track,none,0.0,nan,nan,0.0,0.0,nan,nan,nan
1781787623.9303546,3.449798345565796,-200.0,200.0,0.2,6.283185305576778,0.19605823841825182,1.0000000002220422,-2.880276096265246e-10,6.283185305622105,1781787623.8832815,None,None,None, None, 1781787623.8822825,1.0507994783894201,track,none,0.0,nan,nan,0.0,0.0,nan,nan,nan
1781787624.1303158,3.649759531021118,-200.0,200.0,0.2,6.2831853055866,0.2627927604545883,1.0000000001150795,6.218643696891025e-11,6.283185305635132,1781787624.092763,None,None,None, None, 1781787624.1107912,1.0276682400890909,track,none,0.0,nan,nan,0.0,0.0,nan,nan,nan
1781787624.3305645,3.850008249282837,-200.0,200.0,0.2,6.283185305579514,0.33203571706459606,1.0000000000047764,-6.498660861894444e-11,6.283185305619908,1781787624.327033,None,None,None, None, 1781787624.3114614,1.0553868737491143,track,none,0.0,nan,nan,0.0,0.0,nan,nan,nan
1781787624.529409,4.0488526821136475,-200.0,200.0,0.2,6.2831853055473506,0.40166487513298826,0.9999999998933647,-3.2279019583894304e-10,6.283185305560903,1781787624.5098274,None,None,None, None, 1781787624.4972541,1.0018603958416323,track,none,0.0,nan,nan,0.0,0.0,nan,nan,nan
1781787624.7300189,4.249462604522705,-200.0,200.0,0.2,6.283185305498909,0.30305191472858206,1.0000000001167368,-5.902983383431157e-12,6.283185305559716,1781787624.7110133,0.292272992192655,1.000000000138328,6.283185305388621, 1781787624.724761, 1781787624.7110133,0.9849765997040993,track,none,0.0,nan,nan,0.0,0.0,nan,nan,nan
1781787624.9305959,4.450039625167847,-200.0,200.0,0.2,6.283185305509004,0.36244589339194977,1.0000000000169147,3.195348874411579e-11,6.28318530556663,1781787624.9274092,None,None,None, None, 1781787624.9274092,0.9349723817528586,track,none,0.0,nan,nan,0.0,0.0,nan,nan,nan
1781787625.1291819,4.648625612258911,-200.0,200.0,0.2,6.283185305470927,0.43010886746287896,0.9999999999038781,-4.1373612677655267e-10,6.283185305515559,1781787625.1311882,None,None,None, None, 1781787625.1301877,0.9632360956958436,track,none,0.0,nan,nan,0.0,0.0,nan,nan,nan
1781787625.329438,4.848881721496582,-200.0,200.0,0.2,6.2831853054720215,0.4995038967587658,0.9999999997853056,-1.7355544663687752e-10,6.283185305473508,1781787625.2931395,None,None,None, None, 1781787625.2941387,1.0212109618194452,track,none,0.0,nan,nan,0.0,0.0,nan,nan,nan
1781787625.5290945,5.0485382080078125,-200.0,200.0,0.2,6.283185305499407,0.5691539507886889,0.9999999996663737,8.283743941455337e-11,6.283185305492754,1781787625.5254688,None,None,None, None, 1781787625.450776,0.94882029266683,track,none,0.0,nan,nan,0.0,0.0,nan,nan,nan
1781787625.7297082,5.249151945114136,-200.0,200.0,0.2,6.2831853054824505,0.6388384012291323,0.9999999995492912,-2.0889592345250805e-10,6.283185305454213,1781787625.7099717,None,None,None, None, 1781787625.663887,0.9333752817404252,track,none,0.0,nan,nan,0.0,0.0,nan,nan,nan
1781787625.930252,5.449695825576782,-200.0,200.0,0.2,6.2831853054461035,0.4787673561672011,0.9999999997655146,4.0139832992692955e-11,6.283185305462852,1781787625.925194,0.4684385605482267,0.9999999997805517,6.2831853053319895, 1781787625.739734, 1781787625.925194,1.0141296470276253,track,none,0.0,nan,nan,0.0,0.0,nan,nan,nan
1781787626.130493,5.649936676025391,-200.0,200.0,0.2,6.283185305464671,0.5342384734418477,0.9999999996693564,1.5344760694277871e-10,6.2831853054936015,1781787626.1255867,None,None,None, None, 1781787626.111569,0.9589915831328849,track,none,0.0,nan,nan,0.0,0.0,nan,nan,nan
1781787626.3296607,5.849104404449463,-200.0,200.0,0.2,6.283185305446127,0.6007821752543092,0.9999999995552395,-1.4622013660332224e-10,6.283185305465084,1781787626.320622,None,None,None, None, 1781787626.3191073,0.9353319366012569,track,none,0.0,nan,nan,0.0,0.0,nan,nan,nan
1781787626.5313215,6.0507652759552,-200.0,200.0,0.2,6.28318530544097,0.6699925482330203,0.9999999994352662,-8.803773703186175e-11,6.283185305451615,1781787626.5373218,None,None,None, None, 1781787626.5388265,1.0713797130253508,track,none,0.0,nan,nan,0.0,0.0,nan,nan,nan
1781787626.7294533,6.248897075653076,-200.0,200.0,0.2,6.283185305523943,0.7396171916230339,0.9999999993142156,6.996287722608597e-10,6.283185305579961,1781787626.657067,None,None,None, None, 1781787626.6736596,1.013765245940283,track,none,0.0,nan,nan,0.0,0.0,nan,nan,nan
1781787626.930027,6.44947075843811,-200.0,200.0,0.2,6.283185305373447,0.6531348454569702,0.9999999994181874,-7.307794800458558e-10,6.283185305385258,1781787626.923499,0.6430477084847711,0.9999999994323553,6.283185305272997, 1781787626.751541, 1781787626.8798356,1.039827173106366,track,none,0.0,nan,nan,0.0,0.0,nan,nan,nan
1781787627.1300218,6.649465560913086,-200.0,200.0,0.2,6.283185305376375,0.7136348504633729,0.9999999993089159,-1.3258258270968948e-10,6.283185305360513,1781787627.110133,None,None,None, None, 1781787627.0818415,0.9504077339068232,track,none,0.0,nan,nan,0.0,0.0,nan,nan,nan
1781787627.3306398,6.850083589553833,-200.0,200.0,0.2,6.2831853054012,0.7815787896348096,0.9999999991863987,1.0145466137629232e-10,6.283185305376126,1781787627.264022,None,None,None, None, 1781787627.295904,1.0092898622888054,track,none,0.0,nan,nan,0.0,0.0,nan,nan,nan
1781787627.5300705,7.049514293670654,-200.0,200.0,0.2,6.283185305391706,0.8510177244386423,0.9999999990629095,-1.2263844926681885e-10,6.283185305351513,1781787627.4647102,None,None,None, None, 1781787627.5122247,1.0472704156644508,track,none,0.0,nan,nan,0.0,0.0,5.877871358934688,0.9709324103022073,5.096455231903753
1781787627.729528,7.248971700668335,-200.0,200.0,0.2,6.283185305380813,0.9206737578879362,0.9999999989383729,-1.6689208012047631e-10,6.28318530531529,1781787627.6817563,None,None,None, None, 1781787627.7320385,1.0368918820577104,track,none,0.0,nan,nan,0.0,0.0,5.9107842828272625,0.9715501592036457,4.990269798481124
1781787627.9297462,7.449189901351929,200.0,200.0,0.2,6.283185305337036,0.8281297374365482,0.9999999991288993,7.003664411423133e-11,6.2831853053295585,1781787627.885484,0.8176016371835229,0.9999999991493984,6.2831853051694315, 1781787627.759622, 1781787627.8698354,0.9354319983508673,apf_avoid,none,0.0,nan,nan,12.159704356952721,4.505614196175008,5.896174283842752,0.9716351577174598,4.975659031514931
1781787628.129948,7.6493916511535645,200.0,200.0,0.2,6.281879936823892,0.8654518187617417,0.9996902489049224,0.07804132765117587,0.015761975718246113,1781787628.0874536,None,None,None, None, 1781787628.0724363,0.971044346842195,apf_avoid,none,0.0,nan,nan,12.153670045930873,4.52352561034346,5.755830649976202,0.9157328446231479,4.928468499055625
1781787628.3300865,7.849530220031738,200.0,200.0,0.2,6.281965797737419,0.9016432339389547,0.9992965777510157,0.09100037503843351,0.03286826384088286,1781787628.275434,None,None,None, None, 1781787628.3225298,0.9565024664786521,apf_avoid,none,0.0,nan,nan,12.15142028075476,4.525484234397002,5.7492250101187174,0.7425889844249174,4.8905924524534825
1781787628.5294173,8.048861026763916,197.0944585355685,200.0,0.2,6.345019655965103,0.9372217333754271,0.998907424944623,0.6696752785694039,0.16423261706748798,1781787628.4715953,None,None,None, None, 1781787628.5227292,0.9569514099988646,apf_avoid,none,0.0,nan,nan,12.416028470719242,3.752095669316801,5.745659485271596,0.6060973475128506,4.8599883327953926
1781787628.7297082,8.249151945114136,166.0437554270191,200.0,0.2,0.08274131184014406,0.9724668423265151,1.0015748430597804,0.07804026004410691,0.17923630465286733,1781787628.663851,None,None,None, None, 1781787628.6628516,1.0259261234378172,apf_avoid,none,0.0,nan,nan,12.490391608892654,3.47633728375001,5.770348764659719,0.8019695624130101,4.8372397628378545
1781787628.9295244,8.448968172073364,135.1822881660358,200.0,0.2,0.10008929953506146,0.9369929624956288,1.0015966619188077,0.08040204206433935,0.20035372951981256,1781787628.926499,0.9322960053527393,1.0013932526023177,0.11637430710753804, 1781787628.768873, 1781787628.8799365,0.9677803853073452,apf_avoid,none,0.0,nan,nan,12.553177896988338,3.2587028280467982,5.769234580675411,0.7423516907769232,4.804043943769347
1781787629.1302195,8.649663209915161,123.08924638749131,200.0,0.2,0.1050698592214704,0.9675446596885212,1.004592927835974,0.07761062258727798,0.21483821934014027,1781787629.1131291,None,None,None, None, 1781787629.1302195,0.9700818186114799,apf_avoid,none,0.0,nan,nan,12.563269531203952,3.179553723417218,5.728489051570428,0.7180018161767533,4.76858749040254
1781787629.3303921,8.849835872650146,98.72855582079846,200.0,0.2,0.11507941349924708,1.003441047692521,1.008195541893671,0.14409505871808223,0.24397234145667532,1781787629.315316,None,None,None, None, 1781787629.315316,0.9338576700977825,apf_avoid,none,0.0,nan,nan,12.588314588096573,3.033726487004735,5.717226522339461,0.6915471851359062,4.758777595873428
1781787629.529664,9.049107789993286,84.10259531409994,200.0,0.2,0.11974630770399115,1.0433750991936839,1.0126723949309007,0.07275704640535308,0.2553271342781086,1781787629.4713805,None,None,None, None, 1781787629.4593248,1.0001709359787272,apf_avoid,none,0.0,nan,nan,12.594707589344381,2.9506094781059073,5.708533577694255,0.5837949012516748,4.721160613066826
1781787629.7297409,9.249184608459473,70.72611754910783,200.0,0.2,0.12339401089008979,1.0859765111240713,1.0175703957860174,0.0759962294803012,0.27080633912348345,1781787629.6750643,None,None,None, None, 1781787629.7185943,1.0770509022315649,apf_avoid,none,0.0,nan,nan,12.598541298737633,2.877733227849589,5.704996428922192,0.48011059099273123,4.690947862563291
1781787629.930824,9.450267791748047,-9.658012078547937,200.0,0.2,0.15587730715478912,1.0313834854651334,1.0131332300944458,0.07447882324951571,0.28914690277032495,1781787629.9213164,1.0249452012108442,1.0125040429359404,0.23914840995765552, 1781787629.779752, 1781787629.9213164,0.9567806996564356,apf_avoid,none,0.0,nan,nan,12.697124601641013,2.4903746012305383,5.68003480065733,0.3504113144986285,4.63267202201951
1781787630.1305702,9.65001392364502,-33.96104102990743,200.0,0.2,0.1604843380192496,1.0683210654706576,1.0187365763862974,0.1059708943164507,0.3100492204387745,1781787630.1185622,None,None,None, None, 1781787630.1109827,0.9738422939257391,apf_avoid,none,0.0,nan,nan,12.64788418148354,2.247954458423491,5.61146072465794,0.4464018696292673,4.6111040766905385
1781787630.329603,9.84904670715332,-44.119506786296164,200.0,0.2,0.16475409184458464,1.1130847298105415,1.0258211065506542,0.07410381694825507,0.32080423708073624,1781787630.2636967,None,None,None, None, 1781787630.3306074,1.0248517895417846,apf_avoid,none,0.0,nan,nan,12.638039258033196,2.1453702147504607,5.6456106216326605,0.37474110886846956,4.575154059480426
1781787630.5300663,10.04951000213623,-55.226470541633134,200.0,0.2,0.1686173784538059,1.1621757595031526,1.0337994987392944,0.06692570385225255,0.3344203170241686,1781787630.533085,None,None,None, None, 1781787630.4671474,0.9755032786003767,apf_avoid,none,0.0,nan,nan,12.62427261365606,2.0301540170876633,5.6038328379362286,0.2761366936437333,4.5490036604106825
1781787630.7298274,10.249271154403687,-64.78622867801955,200.0,0.2,0.17225283528813154,1.2136490405084919,1.0423630406091986,0.06348924141272148,0.3501964013747367,1781787630.7156317,None,None,None, None, 1781787630.6842325,1.046527089624622,apf_avoid,none,0.0,nan,nan,12.619243154330178,1.9297193616097754,5.625706847428075,0.25424433582292916,4.527497758431861
1781787630.929577,10.449020862579346,-121.78060731765547,200.0,0.2,0.2224950831401234,1.1518420606815545,1.0438102667507712,0.06075667894975348,0.3598026484959936,1781787630.9346015,1.1443767146887736,1.043318737601764,0.35648836414340845, 1781787630.792428, 1781787630.902848,0.9921069973577952,apf_avoid,none,0.0,nan,nan,12.715300831616533,1.2829886105703427,5.608813270525951,0.1621379346651215,4.4698347728087215
1781787631.1298056,10.64924931526184,-126.81767807757068,200.0,0.2,0.22533820044995875,1.199153253874469,1.0544160139367502,0.05096422154329174,0.372351222785199,1781787631.119965,None,None,None, None, 1781787631.1037529,0.926245250601408,apf_avoid,none,0.0,nan,nan,12.699829639143745,1.2163230741152882,5.526371863962277,0.29215336738953335,4.427612731106197
1781787631.3303337,10.849777460098267,-133.42649940809105,200.0,0.2,0.22852541978123336,1.2546203511860976,1.0670361307478515,0.04587645880093516,0.38153698420766236,1781787631.3201933,None,None,None, None, 1781787631.2594259,0.9483281152348884,apf_avoid,none,0.0,nan,nan,12.687909979724346,1.1276693066823356,5.526332253641371,0.24768907820705532,4.393746251170396
1781787631.529764,11.04920768737793,-142.6670112904793,200.0,0.2,0.23230968034963279,1.313418897042352,1.0806233807503283,0.047278391491762745,0.39038794198717036,1781787631.5074027,None,None,None, None, 1781787631.5237312,1.0278143323413744,apf_avoid,none,0.0,nan,nan,12.663097771481292,0.9987747299248642,5.507473503508017,0.13747075979988832,4.339013164962597
1781787631.7302337,11.249677419662476,-178.12733792668695,200.0,0.2,0.2702041694430126,1.3738734647280832,1.0948639751228768,0.3512026782058567,0.46019885910251745,1781787631.7061794,None,None,None, None, 1781787631.7096844,0.9640099592483353,apf_avoid,none,0.0,nan,nan,12.683215285041044,0.44643428830582943,5.557091809315193,0.17001677989965658,4.326164937515223
1781787631.9296827,11.449126482009888,-200.0,190.88873127876266,0.2,0.32613414925704026,1.2915030561989616,1.0979806747038476,0.0339084359049321,0.4672649975533694,1781787631.9145682,1.2820217260616404,1.0969849559262888,0.44385595347713563, 1781787631.802976, 1781787631.9286726,0.9288643190434754,apf_avoid,none,0.0,nan,nan,12.74316962242889,-0.20930495412505712,5.586094182893612,0.28270693566828453,4.279078643068973
1781787632.1302154,11.649659156799316,-200.0,162.09039154753674,0.2,0.3373376713840109,1.3470592008007656,1.1173228658697711,0.020388163103539407,0.4704974489459953,1781787632.0731137,None,None,None, None, 1781787632.0726044,0.9934732058972355,apf_avoid,none,0.0,nan,nan,12.604765038375872,-0.7081507595943757,5.486470516511889,0.43300544458255796,4.231290693409325
1781787632.3301628,11.84960651397705,-200.0,145.23990209848685,0.2,0.34371004085983786,1.406877557850479,1.1387767511409654,-0.0038203733714184205,0.4696973755552476,1781787632.2825365,None,None,None, None, 1781787632.3286507,1.066203152353176,apf_avoid,none,0.0,nan,nan,12.54620043227871,-0.9535738589250244,5.502741627414004,0.48242312759860684,4.18439572433114
1781787632.5297081,12.04915189743042,-200.0,129.5064236210131,0.2,0.34683914298118046,1.4661447975775912,1.160366308615992,-0.018988520984702783,0.4661418131381312,1781787632.5312178,None,None,None, None, 1781787632.5120838,1.0391585741036302,apf_avoid,none,0.0,nan,nan,12.483167178725552,-1.1608466620628257,5.541582975294302,0.5343071396422159,4.159239388918527
1781787632.7304022,12.2498459815979,-200.0,115.94120566344111,0.2,0.3470048258181998,1.5239545021425716,1.1815743865040744,-0.037272714960804566,0.45917856783559413,1781787632.6566033,None,None,None, None, 1781787632.6566033,1.084879482179743,apf_avoid,none,0.0,nan,nan,12.42588174617492,-1.3260113276466403,5.55985704974561,0.5993419222124874,4.116456975188727
1781787632.9298084,12.449252128601074,-200.0,102.4321845938418,0.2,0.3683518615366306,1.4374008891520476,1.1687151846021637,-0.03924866432138968,0.45046620175011903,1781787632.878582,1.4280948163563443,1.1665333213351254,0.4326602753863274, 1781787632.811549, 1781787632.8595216,1.0950071157923988,apf_avoid,none,0.0,nan,nan,12.452826822139974,-1.4903097347511824,5.589738195547736,0.6725407916958308,4.086037234578411
1781787633.129169,12.64861273765564,-200.0,96.17745151485464,0.2,0.36366249954542185,1.481426347739873,1.1859134519839936,-0.09266495321074925,0.43213224294507135,1781787633.1376896,None,None,None, None, 1781787633.0789366,0.9616548516258057,apf_avoid,none,0.0,nan,nan,12.406668700214066,-1.5566876859689454,5.4924934506524234,0.7955388344748056,4.059798511870521
1781787633.3295517,12.848995447158813,-200.0,126.58167055505012,0.2,0.3215487816340363,1.5317935713656965,1.205195030083729,-0.42439299927107044,0.328961222405132,1781787633.3195367,None,None,None, None, 1781787633.3058932,0.9359679264234616,apf_avoid,none,0.0,nan,nan,12.401845843392799,-1.190792860008203,5.504220847435146,0.8663230360031942,4.019878513872182
1781787633.5309749,13.050418615341187,-200.0,131.8219375852294,0.2,0.30430123843311857,1.5877878571263029,1.2230107641587455,-0.04460204124191966,0.32053942755992154,1781787633.5083575,None,None,None, None, 1781787633.4908514,0.9296810201232849,apf_avoid,none,0.0,nan,nan,12.372193714943931,-1.1205594038099838,5.502924050309707,0.7898804128382368,3.981603553958666
1781787633.729898,13.2493417263031,-200.0,148.04784804842438,0.2,0.27487266250259595,1.6458004313822705,1.2408144870151236,-0.21355905403160017,0.283180299811713,1781787633.6832933,None,None,None, None, 1781787633.6832933,1.0549306867080608,apf_avoid,none,0.0,nan,nan,12.355072879214093,-0.8998314442811912,5.542923998819397,0.7632083232570179,3.9708395784044224
1781787633.929491,13.44893479347229,-200.0,166.16702820290317,0.2,0.26599193051338477,1.5590378873482538,1.222519056508742,-0.2700755341484111,0.22210283686168986,1781787633.909443,1.5494583561922255,1.2202623836084512,0.35391749831865216, 1781787633.813726, 1781787633.895391,1.0668133500212897,apf_avoid,none,0.0,nan,nan,12.420829003436422,-0.6343517234052518,5.539816812172901,0.7621118587720095,3.91070977321727
1781787634.130552,13.649995803833008,-200.0,175.52064445151103,0.2,0.24537526830268586,1.6110257380825335,1.2358576323701065,-0.054172253592231455,0.21293880613173113,1781787634.0786076,None,None,None, None, 1781787634.1097348,1.0291152756659232,apf_avoid,none,0.0,nan,nan,12.395090762501091,-0.48070830167706635,5.406188102241123,0.7375062859892119,3.8639088263405643
1781787634.3294525,13.848896265029907,-184.1276868527432,140.69725312717017,0.2,0.23288610058063955,1.6725348154414181,1.2506640056650555,-0.03543740564650229,0.20539568064842312,1781787634.2914653,None,None,None, None, 1781787634.2771575,1.068690080733484,apf_colreg,crossing_from_starboard,-1.0,1.0272511662678878,9.563310722667786,12.56097381713174,-0.6818056993003969,5.404292311117295,0.7004839527077074,3.8192268968068404
1781787634.5298576,14.049301385879517,-175.59313443796225,151.42314668361396,0.2,0.2154484458899225,1.7317925714254128,1.2644218794017936,-0.12096144279141428,0.18479580191319236,1781787634.4617665,None,None,None, None, 1781787634.528849,0.9517315383221326,apf_colreg,crossing_from_starboard,-1.0,1.2519291800099248,9.640051213132702,12.326542179294538,-0.3721060584502518,5.449294521546962,0.6915391017693888,3.8050297169345555
1781787634.7300923,14.249536037445068,-200.0,182.6376196352689,0.2,0.20602500585602038,1.7908630072642833,1.2769433101786598,-0.0320696043003465,0.17784996332711003,1781787634.6783528,None,None,None, None, 1781787634.6783528,1.0334395151284481,apf_avoid,none,0.0,nan,nan,12.312336401624641,-0.35474680941641745,5.46343373273562,0.6892193117162377,3.7643926707829722
1781787634.9294286,14.448872327804565,-200.0,173.64811052154073,0.2,0.22300052062515774,1.7076038140881415,1.2742787432358456,-0.027688273333599342,0.17098166338682194,1781787634.926411,1.6979766747030167,1.2732438121717589,0.2918381007227913, 1781787634.814378, 1781787634.9129791,0.9167240866545607,apf_avoid,none,0.0,nan,nan,12.342029296808848,-0.5098629257042817,5.500712331089546,0.713249429909395,3.7224122410553355
1781787635.1299205,14.649364233016968,-200.0,170.46984067594653,0.2,0.2182409370137454,1.7628782580985347,1.2866912377851545,-0.026777039469380745,0.16720466990520627,1781787635.0674644,None,None,None, None, 1781787635.127612,0.9102525959635928,apf_avoid,none,0.0,nan,nan,12.30907495408633,-0.5603368193068947,5.361607609910402,0.7823886995425402,3.678380841780826
1781787635.329489,14.84893274307251,-200.0,166.17792539949764,0.2,0.21365358962998435,1.8251159093065503,1.3004247113204137,-0.03440401018424342,0.15976071159642036,1781787635.2838333,None,None,None, None, 1781787635.3133876,0.994902265205756,apf_avoid,none,0.0,nan,nan,12.280021490972304,-0.6269904335164873,5.371838978904643,0.8254523277767358,3.631419075745974
1781787635.5297227,15.049166440963745,-200.0,198.11880489959776,0.2,0.15816455969940668,1.888743517272065,1.3141860687527398,-0.5083964041616766,0.05317744588391088,1781787635.4934793,None,None,None, None, 1781787635.5285516,0.9316219523774644,apf_avoid,none,0.0,nan,nan,12.272140996773075,-0.057110108250074454,5.394333324914817,0.8690572663307108,3.585112956457106
1781787635.7292566,15.248700380325317,-194.5466533329251,200.0,0.2,0.13629309570233986,1.9567218799097996,1.3235786028746428,-0.02878225475628518,0.047305461152191634,1781787635.6974933,None,None,None, None, 1781787635.7302623,1.0005562855799612,apf_colreg,static_obstacle,-1.0,1.3902452559759335,9.601726825250674,12.253596552719937,0.1297754363062178,5.45328992899607,0.6236644674189586,3.5552983995143306
1781787635.9299395,15.44938325881958,-200.0,199.46064084415804,0.2,0.15386099685554283,1.86705862280719,1.3199844629408415,-0.015645317705657146,0.04439055134218071,1781787635.8838053,1.8567759236516554,1.3191971954909445,0.24207292379782522, 1781787635.820767, 1781787635.9140527,1.0883426832793803,apf_avoid,none,0.0,nan,nan,12.28571802697954,-0.028940401620475065,5.423543776910629,0.6706957275831367,3.516728974438644
1781787636.129348,15.648791790008545,-200.0,200.0,0.2,0.14528517888703346,1.9263168649813673,1.3287475367613255,-0.013117546775283323,0.0417590100267253,1781787636.0844176,None,None,None, None, 1781787636.1288266,1.0513058155247852,apf_avoid,none,0.0,nan,nan,12.259012162491988,-0.009893604669390044,5.296558699866887,0.7367698120478836,3.467439396172054
1781787636.3299327,15.849376440048218,-200.0,199.72277690144892,0.2,0.1389823654414073,1.9933991973140208,1.3382689776863828,-0.02093316416135457,0.03763891427854899,1781787636.281239,None,None,None, None, 1781787636.3158255,1.0895970230539516,apf_colreg,static_obstacle,-1.0,1.2110887032857292,9.534412443148556,12.238890661279829,-0.02327921223053364,5.323396369090686,0.7212878835278509,3.4395681093947426
1781787636.5299177,16.04936146736145,-200.0,197.06519829702503,0.2,0.13505486663611033,2.0621175421082754,1.3476628265354318,-0.00974888452429764,0.03560924554690579,1781787636.489434,None,None,None, None, 1781787636.5014553,1.0463243805160647,apf_colreg,head_on,-1.0,1.343517398479605,7.444622817816033,12.210927871559718,-0.07853196415538966,5.335556712934624,0.699709965559318,3.389523332235827
1781787636.7293427,16.248786449432373,-167.66424439992107,160.24254402914028,0.2,0.132168836045145,2.1308142785621156,1.356861723040364,-0.010390255747549574,0.03355544102930569,1781787636.6871004,None,None,None, None, 1781787636.7187696,1.0374621193154046,apf_colreg,crossing_from_starboard,-1.0,1.3355509825091207,7.634874658567181,12.20421131072764,-0.11309482748759603,5.3528435187658365,0.7060130778328539,3.339461208316257
1781787636.929975,16.449418783187866,-200.0,182.2015691866781,0.2,0.15378474938106992,2.0289970760231326,1.3590870146440512,-0.012216149596883068,0.031057736973304637,1781787636.8915596,2.0183654840525276,1.3587041954179202,0.22365344952052446, 1781787636.824479, 1781787636.9083729,1.0235166780752174,apf_avoid,none,0.0,nan,nan,12.232990054172774,-0.3601475328438202,5.373241945789447,0.7153814814553601,3.2918518939540067
1781787637.1299102,16.649353981018066,-200.0,179.61541512764293,0.2,0.1513549930253266,2.08217190976632,1.367316486234671,-0.02266498596704164,0.025723643013272054,1781787637.1269047,None,None,None, None, 1781787637.113153,1.0940597387509303,apf_colreg,static_obstacle,-1.0,1.1785827128089725,9.89043150848578,12.207802143102032,-0.4043072812185162,5.271862404145476,0.7901913330017722,3.278895092225601
1781787637.3294165,16.848860263824463,-178.77838165195848,147.583288913533,0.2,0.14894010954302245,2.14524034295685,1.3769201887388363,-0.0210476194560343,0.022414749427438353,1781787637.2841146,None,None,None, None, 1781787637.2841146,0.9041450002639108,apf_colreg,crossing_from_starboard,-1.0,0.8136514416535869,8.432167440073904,12.181929826183516,-0.4747218778248823,5.2775845943092685,0.7992072768991778,3.2316122312278894
1781787637.5296702,17.049113988876343,-186.6061398840574,137.30206708199674,0.2,0.14624726067364408,2.2056157021385694,1.3859882254972433,-0.026134604965703224,0.01714804864126839,1781787637.4856367,None,None,None, None, 1781787637.4856367,1.0804392467472343,apf_colreg,crossing_from_starboard,-1.0,0.39855210575060707,8.922560025544948,12.319724456224815,-0.759364098910305,5.295845194014687,0.8460804465317483,3.1810503531047116
1781787637.7304215,17.249865293502808,-200.0,171.95527496051358,0.2,0.14281885566056796,2.265300002355394,1.3948272037203253,-0.037379346878691155,0.008411700730748033,1781787637.719358,None,None,None, None, 1781787637.719358,0.9054134819637031,apf_colreg,static_obstacle,-1.0,1.0096016919956379,9.891191060358315,12.17809170464837,-0.5305563776913393,5.313778826652359,0.8722278985785182,3.1359512852367364
1781787637.9299967,17.449440479278564,-200.0,168.17050516955797,0.2,0.15101259533020783,2.173512020797789,1.3916421372553787,-0.03558074016198077,0.0012845314424728476,1781787637.9196677,2.163356631727422,1.3908335161579368,0.1863848431889732, 1781787637.840636, 1781787637.8570628,1.0421801010290503,apf_avoid,none,0.0,nan,nan,12.195854072146663,-0.5916033340873876,5.329536889337353,0.9135352634319388,3.0866927103078186
1781787638.1309118,17.650355577468872,-200.0,166.01160842272188,0.2,0.14748745585748912,2.227585848850488,1.3998638560667018,-0.03532746834732094,6.278450656257153,1781787638.0900502,None,None,None, None, 1781787638.07392,0.9817902562733198,apf_avoid,none,0.0,nan,nan,12.175410036818139,-0.624220704286905,5.213550733997063,0.9397577261084905,3.057689153485644
1781787638.330143,17.849586725234985,-200.0,163.0753462110462,0.2,0.14347180243308605,2.2896157063136826,1.4090676974678047,-0.03701536592873496,6.270569946486678,1781787638.302954,None,None,None, None, 1781787638.2912247,0.9209371255794988,apf_colreg,static_obstacle,-1.0,0.9453379512963401,9.204398428225861,12.157679993754332,-0.6681763007417763,5.232979551593068,0.9600420472222014,3.023486440857661
1781787638.5303483,18.049792051315308,-200.0,160.9258211775479,0.2,0.13941589916863498,2.353537724121143,1.4182902864536118,-0.03601673443133804,6.262740378044108,1781787638.520341,None,None,None, None, 1781787638.520341,1.0410852437790523,apf_colreg,static_obstacle,-1.0,0.9203066167804282,8.871877756251868,12.146455765982951,-0.6998314604056954,5.265524058295012,0.9616140793484225,2.9948415546814413
1781787638.7297165,18.249160289764404,-200.0,179.8901263045762,0.2,0.10831403569463625,2.4176760416811978,1.4272905756200782,-0.28234015439839194,6.21098183541659,1781787638.7036607,None,None,None, None, 1781787638.7036607,0.9500488005402442,apf_colreg,static_obstacle,-1.0,0.9417357850581525,8.682454347912735,12.15080824631151,-0.39771931209137756,5.2890902660326,0.9989936999412692,2.9541062509114138
1781787638.9302242,18.449667930603027,-200.0,188.15643176999018,0.2,0.10311708059697088,2.3361698599373506,1.4202954869006053,-0.033678968475443515,6.204249027160916,1781787638.903572,2.3265462957989484,1.4194171986359743,0.12634646312366637, 1781787638.855676, 1781787638.919661,1.0629197653236122,apf_avoid,none,0.0,nan,nan,12.179164079401957,-0.2513494348207965,5.297455736234906,0.9579471937529388,2.909570545057754
1781787639.130577,18.650020837783813,-180.03821379871334,146.01277309606976,0.2,0.09415899067798524,2.394358951908015,1.4259338723924877,-0.02275685284254254,6.199624604467897,1781787639.1067822,None,None,None, None, 1781787639.1195831,0.9304395767768675,apf_colreg,crossing_from_starboard,-1.0,0.0852537380228095,8.35376749753981,12.284180639125864,-0.5221899606152096,5.171249633073645,0.9599319491723248,2.862487867912276
1781787639.329362,18.84880566596985,-178.82699184864768,147.52325015089062,0.2,0.08821063453061555,2.453863738836061,1.4313626430956337,-0.027845136790696893,6.1935816319964525,1781787639.323803,None,None,None, None, 1781787639.275459,0.9756946428964598,apf_colreg,crossing_from_starboard,-1.0,0.23295268506009528,7.8568870998552205,12.358266261960985,-0.4832726361946462,5.194480773616991,0.9787384754169325,2.810802557881827
1781787639.5299292,19.049372911453247,-169.5928470246546,158.18772144836248,0.2,0.08119071129198216,2.513753916516773,1.4365569095198971,-0.05055192082940564,6.184294179237528,1781787639.507524,None,None,None, None, 1781787639.526681,1.068288875473918,apf_colreg,crossing_from_starboard,-1.0,0.3366162950983289,7.675535396926312,12.137965552384788,-0.17285920253225928,5.193252253406669,0.9769913987861839,2.7632687920674077
1781787639.729935,19.24937868118286,-168.65403685488906,159.1948646112515,0.2,0.07588561125735374,2.573842269947892,1.4412925884572232,-0.027427845598291554,6.1791201349026466,1781787639.696166,None,None,None, None, 1781787639.665783,0.9478478708379466,apf_colreg,crossing_from_starboard,-1.0,0.309583215886937,7.965504159015118,12.139080346501459,-0.14337594355741246,5.254709198636453,0.9944434805276856,2.7511219880408535
1781787639.9300609,19.449504613876343,-200.0,198.5453513646064,0.2,0.07314979727807187,2.492607571942046,1.438522909161007,-0.021909570632414305,6.174710727668332,1781787639.897421,2.48340578542439,1.4380533575962773,0.07776771721363396, 1781787639.86403, 1781787639.8819234,1.0436340601707013,apf_avoid,none,0.0,nan,nan,12.166357130390395,-0.04778157829741092,5.25430442635473,0.9942043978599181,2.7033477270048363
1781787640.130098,19.6495418548584,-200.0,197.11405495798772,0.2,0.06955687013368057,2.549301431675139,1.4425664101036197,-0.01632208897577372,6.17141726691052,1781787640.0992002,None,None,None, None, 1781787640.082645,1.0999770144223273,apf_colreg,static_obstacle,-1.0,0.38514857234663663,8.001699795454341,12.140043453400132,-0.0770815034711192,5.141243282201621,1.0054581198785129,2.6570315433821636
1781787640.329964,19.84940767288208,-167.3712482574259,160.54993232059414,0.2,0.06620404372747116,2.615775374638857,1.4470918768149055,-0.017632366600237932,6.167614416817623,1781787640.3148746,None,None,None, None, 1781787640.329964,1.0598902030469364,apf_colreg,crossing_from_starboard,-1.0,0.4247255001981142,6.705598031330125,12.124203732750274,-0.10326402936644241,5.155952350398811,1.0068492354973106,2.6214596415690528
1781787640.529838,20.04928183555603,-191.67568554759393,200.0,0.2,0.040929150136397384,2.6773087746521305,1.4510905136236296,-0.22291690459640864,6.122494235199153,1781787640.5172827,None,None,None, None, 1781787640.5142834,0.982300623247768,apf_colreg,static_obstacle,-1.0,0.4732401995284635,7.1391560226146344,12.122808877017583,0.18413611875852176,5.1757973906210895,1.010544090023075,2.579970651117139
1781787640.7306445,20.250088214874268,-186.6797496378752,200.0,0.2,0.030778673054422744,2.7445601861077056,1.453166971663269,-0.010278039479233938,6.120876396922113,1781787640.67469,None,None,None, None, 1781787640.67469,1.0931723841738061,apf_colreg,static_obstacle,-1.0,0.6394615124360993,6.515492181825191,12.112919570253469,0.2769860310280494,5.175392137918365,0.9601454947854593,2.5321361684884702
1781787640.9303155,20.449759244918823,-183.33590641782982,200.0,0.2,0.03274149969238855,2.656772617800652,1.4503386938671037,-0.000717888265756863,6.120732252530922,1781787640.8754795,2.6466439530285006,1.4500465701914074,0.0548744433901458, 1781787640.874481, 1781787640.8907857,0.9530962802114014,apf_avoid,none,0.0,nan,nan,12.144313951481617,0.33762325640816604,5.204926495729483,0.944110051964205,2.4957535456113673
1781787641.129471,20.64891481399536,-184.90005174287492,200.0,0.2,0.02943757734655119,2.7146327646916513,1.45200242952596,0.008762023575629076,6.1224757960019405,1781787641.0744681,None,None,None, None, 1781787641.0895603,0.9669847782772877,apf_colreg,head_on,-1.0,0.7978984037327845,6.616970957431949,12.115452045385585,0.3090906137833689,5.081766417690452,0.9401667714520815,2.4502691799254057
1781787641.3297734,20.849217176437378,-198.614587929442,200.0,0.2,0.05075610023257343,2.7802185818765404,1.4537775976849119,0.22769808495480423,6.170702327092683,1781787641.2862685,None,None,None, None, 1781787641.2888606,1.0210886616505304,apf_colreg,static_obstacle,-1.0,0.5661680948216077,7.209456076517487,12.12565231110823,0.046187777017583365,5.089983305081925,0.9301013684415883,2.418467134818277
1781787641.5298095,21.049253225326538,-200.0,195.57064385358785,0.2,0.059723201190991594,2.8489883242027885,1.457815648277803,0.015755062917971,6.174168253570407,1781787641.5062566,None,None,None, None, 1781787641.5227726,1.0998649895535395,apf_colreg,static_obstacle,-1.0,0.5698419345824167,6.712478007977999,12.117892016075867,-0.1080241230442085,5.111214768974185,0.96687836079757,2.3646924161257656
1781787641.730393,21.249836683273315,-200.0,189.97289466235583,0.2,0.06526220016641318,2.917928765580175,1.462285694824888,0.009388533563890149,6.175948012787252,1781787641.695824,None,None,None, None, 1781787641.725882,1.0736659951774634,apf_colreg,static_obstacle,-1.0,0.5754052410505919,6.589008554851546,12.113068284958725,-0.21621945280345312,5.14896913887572,0.9868085127371363,2.3148885783951925
1781787641.9302785,21.449722290039062,-200.0,190.46112069352216,0.2,0.06952286107518231,2.8258780858451504,1.4607480949276734,0.0023746222366842645,6.176422923193968,1781787641.895818,2.8154396233412298,1.4603418806875266,0.07226521800244967, 1781787641.878778, 1781787641.9131665,1.0379228834947767,apf_avoid,none,0.0,nan,nan,12.13966504535058,-0.20749128482779566,5.159189834678494,0.9903939613965598,2.266112366962315
1781787642.1301088,21.649552583694458,-200.0,185.918001534394,0.2,0.07152660518582657,2.8842460865511717,1.4649492565757516,-0.004315860931695825,6.175418281289801,1781787642.128597,None,None,None, None, 1781787642.128597,0.9620757247742152,apf_colreg,static_obstacle,-1.0,0.614268962071005,7.388572204992175,12.118606646807804,-0.29090241423786267,5.024667126131507,0.9956667925175491,2.2142393243256406
1781787642.3302894,21.849733114242554,-200.0,181.93295437474603,0.2,0.07226086908468889,2.9499673222581673,1.4697657812810583,-0.00805792231746051,6.174174815364553,1781787642.282913,None,None,None, None, 1781787642.3272495,0.9993463235571372,apf_colreg,static_obstacle,-1.0,0.6099100151687634,6.52346866102972,12.105621277241095,-0.3610690801142171,5.0711155215942485,1.007211637769465,2.199916473444919
1781787642.5295308,22.04897451400757,-200.0,179.62100461220626,0.2,0.07163506918544581,3.0169293793376664,1.4746976063811914,-0.016515140736396833,6.170861718200365,1781787642.4835227,None,None,None, None, 1781787642.4835227,1.0907529842527344,apf_colreg,static_obstacle,-1.0,0.609775237269219,6.245629735613975,12.098389008507244,-0.40058853654212623,5.085209734751919,1.0126070677962613,2.1478114129257726
1781787642.7302637,22.249707460403442,-200.0,178.5454120270812,0.2,0.0695543701608876,3.083869893663192,1.4795552421920632,-0.025373483961227024,6.165347601940864,1781787642.7008407,None,None,None, None, 1781787642.7008407,0.9559789595252242,apf_colreg,static_obstacle,-1.0,0.5984662356544492,6.088123655512116,12.094142215536056,-0.4186632623492459,5.098482829667891,1.028123931251623,2.097034296745788
1781787642.930366,22.449809789657593,-200.0,190.41898285135292,0.2,0.06138741593619686,2.980564857211606,1.4717289243328326,-0.04897841865733045,6.15556566013251,1781787642.9005601,2.9694919868368133,1.4709154822669812,0.05293065148930865, 1781787642.884948, 1781787642.9211447,0.9676036030936986,apf_avoid,none,0.0,nan,nan,12.128427065451934,-0.2080945922902413,5.135349576214192,1.0351622854574707,2.070073834080443
1781787643.1298122,22.649255990982056,-200.0,190.28262522209795,0.2,0.057540991126107374,3.0371434735149347,1.4751218126873589,-0.023890716111223613,6.150331773868054,1781787643.1196363,None,None,None, None, 1781787643.0574396,1.0199341858462516,apf_colreg,static_obstacle,-1.0,0.565352823037538,6.97935887735894,12.111135972296996,-0.2103657322955228,4.992642605482945,1.0433162545321752,2.0221083231891055
1781787643.3299868,22.849430561065674,-200.0,189.11939831559621,0.2,0.05428801311889844,3.102882861413757,1.4788181933753357,-0.018625727096198214,6.147716696389938,1781787643.2600377,None,None,None, None, 1781787643.273868,1.0299645931466677,apf_colreg,static_obstacle,-1.0,0.5499090289233309,5.846712246418265,12.095118948449919,-0.23181815024095886,4.9935698503704185,1.0510507373099711,1.9689383716027853
1781787643.5302167,23.049660444259644,-172.80253767787406,154.6418725325132,0.2,0.05109708750716756,3.170682367615067,1.4824311003319544,-0.020602114900434794,6.142638765945313,1781787643.5065138,None,None,None, None, 1781787643.5065138,1.057789099734384,apf_colreg,crossing_from_starboard,-1.0,0.3283255662073818,4.7081291982556674,12.067544188469743,-0.2736794984509996,5.006791250471825,1.048943638360944,1.9195467627160403
1781787643.729601,23.24904465675354,-165.21697976593143,162.77245588763378,0.2,0.031601611617929765,3.232455911408286,1.4855444393000212,-0.17057017298258695,6.108876940953576,1781787643.704449,None,None,None, None, 1781787643.7024493,1.0882780437892763,apf_colreg,crossing_from_starboard,-1.0,0.34944207169958497,5.193231388120467,12.07591072851978,-0.03685807945183317,5.059403291362288,1.0498059845213505,1.9059274953594325
1781787643.9298596,23.44930338859558,-189.84096293619427,200.0,0.2,0.020828730727884208,3.146791447237228,1.4788093181421038,-0.01906247913277885,6.104658261956332,1781787643.925757,3.137267116205314,1.478274671571538,0.014205802759117425, 1781787643.891904, 1781787643.925757,0.908957088715318,apf_colreg,static_obstacle,-1.0,0.2594629535911361,9.604742722886915,12.110510330347223,0.21864676505349978,5.0764728148434735,1.0372121572416617,1.857928022796438
1781787644.129876,23.649319648742676,-189.33591648282842,200.0,0.2,0.014813153561294954,3.202357552386583,1.4796865696568382,-0.008123062005025081,6.103044872280171,1781787644.1243753,None,None,None, None, 1781787644.0776525,1.0649980482332153,apf_colreg,head_on,-1.0,0.4484049347574131,5.29250391580213,12.076193872550984,0.22743640669533027,4.937386665429081,1.0237056872386023,1.8083680610333626
1781787644.3293521,23.848795890808105,-189.81734361957152,200.0,0.2,0.011415122645018571,3.267758216710503,1.480429992752784,-0.0007579536007736973,6.102900670764791,1781787644.3146265,None,None,None, None, 1781787644.3323693,0.9063210575612456,apf_colreg,head_on,-1.0,0.49925094305122414,4.249635156055348,12.052019455820735,0.21803099135278048,4.929678427991375,1.0198271132882253,1.755096462885025
1781787644.5303757,24.049819469451904,-189.16523474294215,200.0,0.2,0.00953165862670028,3.335644489627366,1.4810504123567068,0.001958864585160983,6.103173869134862,1781787644.5318878,None,None,None, None, 1781787644.5318878,0.9046808387312569,apf_colreg,head_on,-1.0,0.5149397021005621,4.111638710321036,12.047709343590913,0.23006140829657484,4.9686696046899055,1.0222486342313117,1.7277420656270321
1781787644.7292552,24.248698949813843,-188.59632579700857,200.0,0.2,0.009149874869460615,3.4038862535187664,1.4815939000168967,0.009263502363056815,6.105347608638667,1781787644.6887505,None,None,None, None, 1781787644.6887505,0.9664189877348917,apf_colreg,static_obstacle,-1.0,0.5556253510238345,4.121871688868689,12.044937427451421,0.240504459047032,4.981661625849709,1.0055336544796027,1.6804436319529583
1781787644.929821,24.449264764785767,-184.20556531800352,200.0,0.2,0.010895971073316994,3.3169582553747676,1.480624760115096,0.013860630577161994,6.107684878910192,1781787644.857377,3.306860194247489,1.480525124303935,0.013818680476762601, 1781787644.902682, 1781787644.9047017,0.9664157414783144,apf_colreg,static_obstacle,-1.0,0.6126616381670373,6.710364969679781,12.086588828227232,0.32068619860728376,5.020906318773696,1.0053364290134255,1.64430511803838
1781787645.130017,24.649460792541504,-189.60194773444556,200.0,0.2,0.0126598622689978,3.3751750209857105,1.4812273018296978,0.024231093472188978,6.112556165782996,1781787645.1370215,None,None,None, None, 1781787645.1370215,0.9638350706687507,apf_colreg,head_on,-1.0,0.6136900538935305,4.189658155146831,12.043334761963008,0.2218808162910899,4.872588856640823,0.9881622182648194,1.594312454685073
1781787645.329267,24.848710775375366,-193.08982768864303,200.0,0.2,0.014926655974861798,3.4413792187048715,1.4820834792352855,0.019337646061961783,6.1170132946188,1781787645.2889013,None,None,None, None, 1781787645.2889013,1.0573001558800137,apf_colreg,head_on,-1.0,0.606034753740476,3.6499855353278963,12.025316278520028,0.15563642641700826,4.902814707896552,0.9922134735710131,1.5651087734366584
1781787645.529792,25.049235820770264,-195.34103221585153,200.0,0.2,0.017461451697789124,3.5097622560227064,1.4831487071108356,0.017941580382462036,6.12088911373451,1781787645.5049257,None,None,None, None, 1781787645.520756,0.9509921956480631,apf_colreg,head_on,-1.0,0.5878412446613928,3.4638051112651618,12.015592279717293,0.11164956842276208,4.908100338392495,0.999366787715984,1.5111615792675686
1781787645.7294626,25.24890637397766,-196.80372158053981,200.0,0.2,0.020040296209302748,3.5787423470219997,1.4844143529540972,0.016180295781090183,6.123410051794437,1781787645.6607287,None,None,None, None, 1781787645.659723,1.024958768031034,apf_colreg,static_obstacle,-1.0,0.6037734148108846,3.461083086202555,12.0103164047129,0.08249794819604572,4.926623353912796,0.9874070538233004,1.463502175918767
1781787645.9296627,25.449106454849243,-196.51767115892292,200.0,0.2,0.02792905574300093,3.487130108731512,1.4843497701518285,0.014098431337083321,6.126460483815066,1781787645.8770955,3.4766628575904535,1.4842507763236554,0.04373239934627371, 1781787645.90485, 1781787645.8770955,1.094171811507209,apf_colreg,static_obstacle,-1.0,0.6537319666386512,5.774077500609066,12.057423314852532,0.08857524242551884,4.939855984864895,0.9883210750761927,1.412097099435132
1781787646.1296947,25.64913845062256,-200.0,199.42218749467307,0.2,0.030407344025379906,3.5466262201155416,1.4860715944086493,0.014939633711818822,6.129470142337769,1781787646.07855,None,None,None, None, 1781787646.0845885,0.9114095603723079,apf_colreg,head_on,-1.0,0.592532427473733,3.500017207559254,12.00096974783758,-0.029066540422380882,4.802357854883301,0.9855357111329692,1.3641623867809134
1781787646.3296318,25.84907555580139,-200.0,195.49932477307044,0.2,0.03293029862100877,3.6142238687880592,1.488206379109318,0.013530322892956696,6.13217740758903,1781787646.2786388,None,None,None, None, 1781787646.2947578,0.9052283235298294,apf_colreg,head_on,-1.0,0.5680821242174141,3.119013963514276,11.981718915419826,-0.10821688728055312,4.852447202327409,0.9953516289779004,1.3527964714730825
1781787646.5294921,26.048935890197754,-200.0,193.72759086690255,0.2,0.03496196392024028,3.6830754573274893,1.4905675487431864,0.007310782498854189,6.133639651588725,1781787646.4786508,None,None,None, None, 1781787646.4786508,1.0090862033792618,apf_colreg,static_obstacle,-1.0,0.5566586832027893,3.0435149837349327,11.968024922260195,-0.14263070941017242,4.864818047817251,0.9919203397762888,1.2997908999335794
1781787646.7304764,26.249920129776,-200.0,192.80819946104285,0.2,0.03634194628788589,3.751918331665194,1.4930628554644976,0.002204741243923797,6.134192667743095,1781787646.7294812,None,None,None, None, 1781787646.7294812,1.0640100918770528,apf_colreg,static_obstacle,-1.0,0.5377769411633058,3.079821129159513,11.959752249844161,-0.16017241390413517,4.879962979994588,0.9974356042018598,1.2468278327626663
1781787646.929439,26.448882818222046,-200.0,194.30574120564415,0.2,0.042274997980877464,3.6555203818064554,1.4924126128351505,0.00012767834679158717,6.13420830556315,1781787646.8519595,3.644773227324801,1.4922029190737545,0.05678462445143939, 1781787646.905115, 1781787646.868512,0.9722514570850923,apf_colreg,static_obstacle,-1.0,0.5344264975870997,5.643174870005671,12.01142566481384,-0.13191364555040241,4.916010697382017,1.001149014477665,1.2206236831388437
1781787647.1294408,26.648884534835815,-200.0,189.64908937000104,0.2,0.04271853336855685,3.7140943550715955,1.494939322724349,-0.00440291748440855,6.1330981075613265,1781787647.10411,None,None,None, None, 1781787647.1188102,1.0528345269274957,apf_colreg,static_obstacle,-1.0,0.5004212064102272,3.150576789836855,11.946925216804551,-0.21923542052279554,4.770557775063929,1.0091608225751685,1.1753040677595028
1781787647.3293946,26.848838329315186,-200.0,179.3925760592819,0.2,0.042231368206638385,3.7803582083033316,1.4978170443145444,-0.011037703586505368,6.130915998038311,1781787647.301806,None,None,None, None, 1781787647.3188484,1.0290544437459572,apf_colreg,static_obstacle,-1.0,0.5080043470472481,2.5,11.817389732203491,-0.3950777609308407,4.801525690488023,1.0189484720193134,1.1432065955923831
1781787647.529996,27.049439668655396,-200.0,182.07954655135197,0.2,0.0410094463696333,3.847250625787103,1.5006925198271475,-0.017529867251552308,6.127338734940974,1781787647.5058727,None,None,None, None, 1781787647.5083766,0.9955987232181202,apf_colreg,static_obstacle,-1.0,0.527752297075753,2.0,11.721467524873514,-0.3471439953181652,4.821305901991002,1.0233330288127171,1.0937619497566358
1781787647.7298818,27.24932551383972,-200.0,198.84251350372907,0.2,0.016628507948305782,3.914534958825691,1.5034794786300552,-0.2239732513394631,6.091368268856189,1781787647.6664743,None,None,None, None, 1781787647.6659546,1.0621299112997864,apf_colreg,static_obstacle,-1.0,0.49502333550817523,2.0,11.700480256852853,-0.04000472650945186,4.864319833166618,1.0302729929744485,1.0648903628917037
1781787647.929363,27.448806762695312,-191.62729058389598,200.0,0.2,6.2968453736059775,3.815201662510176,1.5007318655284072,-0.019166590768190335,6.087068934705652,1781787647.8907883,3.8042335426407017,1.5005178809070219,0.03388556591173675, 1781787647.904268, 1781787647.874577,0.9086935545900252,apf_colreg,static_obstacle,-1.0,0.53111920084616,4.95210180370194,11.91651344826198,0.18191171593086075,4.873522489739521,1.013655811876345,1.0230019266080317
1781787648.1370015,27.656445264816284,-187.56423092549187,200.0,0.2,0.006324650755773048,3.87341406830548,1.5011917503650078,-0.014099900231440957,6.084405093853392,1781787648.0797145,None,None,None, None, 1781787648.0797145,0.9848966424737942,apf_colreg,static_obstacle,-1.0,0.5159493603793345,3.0700491046546885,11.858153895334961,0.25537205883642544,4.726093687747569,1.0158020962905343,0.9788948019804598
1781787648.330128,27.849571704864502,-184.89969446922228,200.0,0.2,6.285178402565143,3.9393968774565993,1.5013358612942085,-0.0033132959184437086,6.083685760245285,1781787648.2968197,None,None,None, None, 1781787648.3092375,1.058416120464856,apf_colreg,static_obstacle,-1.0,0.5037495044351239,2.5588033024075627,11.791176137670265,0.30082386359468893,4.728689511751491,1.0164027814530676,0.9276723159306456
1781787648.530182,28.049625635147095,-182.01409274190578,200.0,0.2,6.283216167637031,4.006864159352509,1.501271837378427,0.006904669615995879,6.08516881002415,1781787648.511609,None,None,None, None, 1781787648.4634578,1.0705461579697972,apf_colreg,static_obstacle,-1.0,0.4934534069856347,2.3772212498309817,11.739406362049666,0.3487789195803268,4.747785430696435,1.0184878330725566,0.8831191097372246
1781787648.7301388,28.249582529067993,-192.3148012054912,200.0,0.2,6.302446231453844,4.074281209079065,1.5011390770430868,0.19040548383943454,6.119109509606243,1781787648.689864,None,None,None, None, 1781787648.6644208,1.0133042450444203,apf_colreg,static_obstacle,-1.0,0.4780916972571774,2.2505776565955675,11.687302788818744,0.1657031628421617,4.759381653815742,1.013577547585299,0.8363712528425169
1781787648.9298334,28.44927716255188,-196.5295379017184,200.0,0.2,0.028726551575144647,3.9763447679762387,1.5056181585534272,0.015559647299100756,6.122079038918317,1781787648.880712,3.965514051892874,1.5057955388248168,0.034939397135845596, 1781787648.911271, 1781787648.8962305,0.994342645613958,apf_colreg,static_obstacle,-1.0,0.4924639029585734,3.9049901718026545,11.731594154710344,0.08594980280830544,4.819886704066372,1.027840778928094,0.8281849135827735
1781787649.1294227,28.648866415023804,-150.2566595135952,176.57689954257222,0.2,0.03429819483705238,4.034921344497923,1.5075290351415926,0.01601162529189364,6.125571354951599,1781787649.0988233,None,None,None, None, 1781787649.0837858,0.9636588705752224,apf_colreg,crossing_from_starboard,-1.0,0.48918521130001386,1.5,10.512037766273368,0.34558136487398894,4.673095332997685,1.0333838697362683,0.77992903590015
1781787649.3293798,28.84882354736328,-138.99196618288443,185.38508520526455,0.2,0.0385685342098126,4.09473018014515,1.5096873806101847,0.024710838790727788,6.1306325797863055,1781787649.3036413,None,None,None, None, 1781787649.2738895,0.9534263311229983,apf_colreg,crossing_from_starboard,-1.0,0.4634178887929085,1.5,10.01264643563983,0.5806383931201107,4.68280651880838,1.0424554051550798,0.7366367092599125
1781787649.5292952,29.048738956451416,-80.81913726683165,200.0,0.2,0.059776449200784246,4.154747535876204,1.5120204533836272,0.19400078884808059,6.1727513814594674,1781787649.5207477,None,None,None, None, 1781787649.4747171,1.0081526042214608,apf_colreg,crossing_from_starboard,-1.0,0.49951458268228077,1.0,8.993280536875352,1.2520158265467645,4.716430352825501,1.0442001319968568,0.7102252075473947
1781787649.729624,29.249067783355713,41.93939292433522,200.0,0.2,0.06875876388109536,4.211720899847906,1.515663644266695,0.04823088009899452,6.179692226599713,1781787649.6646564,None,None,None, None, 1781787649.6771648,1.029645553286127,apf_colreg,crossing_from_starboard,-1.0,0.48882153913403054,1.0,8.387778995117547,1.81687310474813,4.729214262153615,1.0516021283940902,0.6706866329609144
1781787649.9296134,29.44905710220337,8.907111738817012,200.0,0.2,0.0800269051302794,4.130047957093496,1.5128102903372513,0.07153196130847173,6.195796546892245,1781787649.889791,4.1214283409162356,1.5124029210874634,0.09409266730682742, 1781787649.919073, 1781787649.889791,0.9120800015185561,apf_colreg,crossing_from_starboard,-1.0,0.4968761122361141,2.0,8.560495414981073,1.7476097575183998,4.738329395414945,1.0539367585728863,0.6376321007649935
1781787650.1298635,29.649307250976562,-79.33616835546911,200.0,0.2,0.18234159783925097,4.1667862469029835,1.5156232054774916,1.1025129783192607,0.081026422603804,1781787650.0425467,None,None,None, None, 1781787650.10682,0.9227560303757486,apf_colreg,crossing_from_starboard,-1.0,0.48337780220295573,1.5,8.309316623266858,1.1675449639906654,4.649313961877266,1.0544490529738035,0.6281358061083928
1781787650.329252,29.848695755004883,157.50832327337255,200.0,0.2,0.2318950769490588,4.213203194031676,1.5260534594458965,0.11847926015155699,0.11373992102081848,1781787650.3186584,None,None,None, None, 1781787650.3051462,1.0811983957098141,apf_colreg,static_obstacle,-1.0,0.4822779021402044,1.0,7.13604850342414,1.9465315168295483,4.683016281535475,1.1041527646405898,0.5930327405659243
1781787650.5298755,30.04931926727295,200.0,200.0,0.2,0.2564723673869715,4.254886616828415,1.5366890312162127,0.0748331837785867,0.12453021246177776,1781787650.4628496,None,None,None, None, 1781787650.5259602,1.00705409106327,apf_colreg,static_obstacle,-1.0,0.45859388054917777,1.0,6.0120806657789405,2.859560833201086,4.696212734282129,1.1253230203798203,0.563884855882253
1781787650.7300441,30.24948787689209,200.0,200.0,0.2,0.26948540538940435,4.292483088559972,1.5467210570530776,0.0830806370487414,0.1426946732236904,1781787650.6814861,None,None,None, None, 1781787650.7250013,0.9617270471628354,apf_colreg,static_obstacle,-1.0,0.4398004765880439,1.0,4.547836913728526,4.279742811215382,4.701406191983531,1.1360757495246299,0.5365165224969501
1781787650.9298267,30.449270486831665,200.0,200.0,0.2,0.2625476293206301,4.242092010242304,1.5265733363034706,0.08356213632862927,0.16053851834432856,1781787650.895026,4.236493106876818,1.5246280882820926,0.22199032834571497, 1781787650.92282, 1781787650.8795023,1.0310029917054953,apf_colreg,static_obstacle,-1.0,0.4710616701870363,1.0,3.201292529840285,6.143925895860187,4.697507086971823,1.139783220874056,0.5097761958024767
1781787651.1293945,30.64883828163147,200.0,200.0,0.2,0.2675506785848532,4.266314304239147,1.5329163379605055,0.12141143063185764,0.1868644501589705,1781787651.1118584,None,None,None, None, 1781787651.092825,1.0090037715638174,apf_colreg,crossing_from_starboard,-1.0,0.4908782022551739,0.5,2.231153685091133,10.709604599455282,4.61202829222205,1.1100619608695501,0.4940390850218493
1781787651.3297927,30.849236488342285,200.0,200.0,0.2,0.27070894174824817,4.293966954324025,1.5402941236818242,0.09382988336900612,0.199878163612379,1781787651.3328168,None,None,None, None, 1781787651.3127046,0.9574988012917749,apf_colreg,crossing_from_starboard,-1.0,0.4630161543202311,0.5,1.102299627712994,14.931007944333704,4.633099668102127,1.1203628787052546,0.4777203413619978
1781787651.5299783,31.049422025680542,200.0,200.0,0.2,0.2725398213993829,4.323925787846854,1.5483463691915977,0.0863240745986623,0.21871397105029933,1781787651.5319912,None,None,None, None, 1781787651.5136251,0.9967953345072319,apf_colreg,crossing_from_starboard,-1.0,0.4488707122223756,0.5,0.7585257891558381,18.59018605702949,4.599475444296922,1.1153460308954035,0.4644820932169103
1781787651.7306323,31.250076055526733,200.0,200.0,0.2,0.2744227891063648,4.355349236802589,1.5568201802998853,0.09122509308381352,0.2369584285233296,1781787651.7331517,None,None,None, None, 1781787651.7321482,0.9958282533725858,apf_colreg,crossing_from_starboard,-1.0,0.43881564352258245,0.5,1.0599120681454632,24.127947115353244,4.588851644427356,1.1198523153198365,0.44723571852167054
1781787651.9295282,31.44897198677063,200.0,200.0,0.2,0.2763210628449159,4.3876559898305665,1.5655858558072582,0.09173545541883925,0.25417428952027443,1781787651.8564143,None,None,None, None, 1781787651.874722,1.0179563124611735,apf_colreg,crossing_from_starboard,-1.0,0.4366363515337972,0.5,2.2607482150103495,30.072757485521326,4.595079408020566,1.1264009812939255,0.4372087218431489
1781787652.1304734,31.649917125701904,200.0,200.0,0.2,0.3021410154167446,4.3265141343418705,1.5449027765330816,0.0921982450407302,0.2757137688122537,1781787652.0900357,4.322276437380082,1.5435655931956287,0.36806835958971185, 1781787651.934789, 1781787652.1198583,1.0320794912715983,apf_colreg,crossing_from_starboard,-1.0,0.4361294848853305,0.5,2.495786727244999,30.95530369970177,4.589138329893342,1.1341121159271117,0.42478843831969393
1781787652.3293176,31.848761320114136,200.0,200.0,0.2,0.30088738847394897,4.348681251193119,1.5515809613715739,0.09030796154430026,0.29354605925628596,1781787652.2874966,None,None,None, None, 1781787652.257698,1.0941966145786814,apf_colreg,crossing_from_starboard,-1.0,0.4264523602699065,0.5,5.6502182628294895,38.13580505266231,4.501095138650171,1.123486905963467,0.4150712417038302
1781787652.5294068,32.048850536346436,200.0,200.0,0.2,0.3002701310190266,4.374872601625533,1.5594298374471922,0.08472416310421244,0.31200028666216756,1781787652.505312,None,None,None, None, 1781787652.4752698,0.9011924757728886,apf_colreg,crossing_from_starboard,-1.0,0.4323098591239289,0.5,10.818008506508118,43.90520411812488,4.480511833936056,1.1305403416101,0.40768866419736194
1781787652.7300599,32.24950361251831,200.0,200.0,0.2,0.2997218634059381,4.403828000912465,1.5680772445068547,0.0808076107650284,0.32812904114158803,1781787652.7049065,None,None,None, None, 1781787652.6853206,0.9303204126145294,apf_colreg,crossing_from_starboard,-1.0,0.4453866499784239,0.5,14.916567281297938,45.9418370319792,4.496236174167372,1.1396392548055387,0.4059989618704457
1781787652.9301221,32.44956588745117,200.0,200.0,0.2,0.29992092977727725,4.434563702011793,1.577226935812979,0.08618068312470051,0.3455549546700326,1781787652.9071085,None,None,None, None, 1781787652.9071085,1.0431037577978501,apf_colreg,crossing_from_starboard,-1.0,0.46248570252806925,0.5,21.638255810134588,47.98226730492276,4.480689328154111,1.1490342007514087,0.4029503969627213
1781787653.1301625,32.649606227874756,200.0,200.0,0.2,0.354134319945579,4.402804070445051,1.5727784428670974,0.08587098925545461,0.3589038547024036,1781787653.0625615,4.398697034729657,1.5718786496930266,0.5061070672047894, 1781787652.936128, 1781787653.1070023,1.0449540952217253,apf_colreg,crossing_from_starboard,-1.0,0.4430874799223478,0.5,27.40473867531525,48.74362204353864,4.463647786547641,1.1584087483264573,0.40280177519849836
1781787653.3293629,32.848806619644165,200.0,200.0,0.2,0.3522554861561623,4.427113699804154,1.5814926904485591,0.08836172511018617,0.3820468392784128,1781787653.3244734,None,None,None, None, 1781787653.3088126,0.9477446847502213,apf_colreg,crossing_from_starboard,-1.0,0.46279597013386486,0.5,33.86021189123741,48.68564243156321,4.40843968596195,1.1553474711688878,0.4053857861554069
1781787653.5300312,33.0494749546051,200.0,200.0,0.2,0.35118702794422046,4.454631053390441,1.5912956319074545,0.08319956105820984,0.39755576777180673,1781787653.5108798,None,None,None, None, 1781787653.527503,1.0735582903002614,apf_colreg,static_obstacle,-1.0,0.4858757800002277,0.5,40.004414879049484,46.237727360687444,4.387297772530542,1.1649436700309619,0.411556037163126
1781787653.7301419,33.24958562850952,200.0,200.0,0.2,0.48510462640532903,4.484260483160243,1.601807007826483,1.3294985214214818,0.6683528323942346,1781787653.7145634,None,None,None, None, 1781787653.7095675,1.0542273215400593,apf_colreg,static_obstacle,-1.0,0.5081792326160531,0.5,49.28768433304051,36.33360104208224,4.388542969249078,1.1760757783842384,0.41574581890180506
1781787653.9303243,33.44976806640625,200.0,200.0,0.2,0.5299679362747778,4.512405136048635,1.618115623615097,0.08097270460162356,0.6845667211836103,1781787653.9148023,None,None,None, None, 1781787653.9148023,1.0580418522120405,apf_colreg,static_obstacle,-1.0,0.5328583291894561,0.5,49.4175574700831,29.098229932445836,4.442001912250588,1.18030768388361,0.4209366958628843
1781787654.1302536,33.64969730377197,200.0,200.0,0.2,0.5778054402593545,4.476021765099944,1.6126836277638126,0.08342307406909545,0.7015742875856487,1781787654.1186736,4.471815320431318,1.6112091166550384,0.6468260067303273, 1781787653.945309, 1781787654.1016378,0.9799902407483648,apf_colreg,static_obstacle,-1.0,0.47058042830384395,0.5,54.59513326898797,33.755639458570364,4.443525218045225,1.1927529789218225,0.4294287652328493
1781787654.329818,33.84926176071167,200.0,200.0,0.2,0.598914550838556,4.4973190495601205,1.6266909964473486,0.17689841477508017,0.725872564707047,1781787654.2560308,None,None,None, None, 1781787654.305662,0.9362694542373373,apf_colreg,static_obstacle,-1.0,0.4998393699600947,0.5,54.518051591462886,29.164449601806382,4.391356867545661,1.1756337028550254,0.4381510672742779
1781787654.5293946,34.0488383769989,-200.0,-200.0,0.2,0.6089714694512353,4.521190083693385,1.6430180895143227,0.08804879321373861,0.7455145873993217,1781787654.479112,None,None,None, None, 1781787654.4931505,1.037382364580053,apf_colreg,static_obstacle,-1.0,0.4568112063673373,0.0,12.63560247132666,-5.090572915746516,4.39431167898654,1.1816449765007602,0.44477812763300617
1781787654.7301,34.2495436668396,-200.0,-200.0,0.2,0.6201603960547529,4.546569223424761,1.661188416076918,-0.0019962329937018687,0.7450260131359353,1781787654.72386,None,None,None, None, 1781787654.6945484,0.9226283615671769,apf_colreg,static_obstacle,-1.0,0.4779623046580136,0.0,12.486946692475438,-5.700025360776736,4.381583187527725,1.1858989811661917,0.45497344969436776
1781787654.9305665,34.45001029968262,-200.0,-200.0,0.2,0.6242286543012052,4.572855795563834,1.6805555245973864,-0.08347896952537054,0.733413206504154,1781787654.8629706,None,None,None, None, 1781787654.9254003,1.0162022020058323,apf_colreg,static_obstacle,-1.0,0.5025634831363017,0.0,12.119677082665675,-6.110257985113507,4.396731549657035,1.1814814991974878,0.4699130957869513
1781787655.1304555,34.64989924430847,-200.0,-200.0,0.2,0.6502361970179665,4.544766090011886,1.664698188781239,-0.10185603152621038,0.7128335868760426,1781787655.0650167,4.541183672930771,1.6623680520131805,0.7254786476428858, 1781787654.95265, 1781787655.110592,0.9551815345323759,apf_colreg,static_obstacle,-1.0,0.6973090234184423,5.5,1.637601440947667,-3.1879764565406123,4.416146016501684,1.179425718794049,0.4874746560176805
1781787655.3295903,34.84903407096863,-200.0,-200.0,0.2,0.5974714137468076,4.565278893712221,1.6806655347313628,-0.6702414537835084,0.5582274093195083,1781787655.295689,None,None,None, None, 1781787655.3077366,0.9811956698273328,apf_colreg,static_obstacle,-1.0,0.5310911425314567,0.0,11.996780406083648,-6.136502911679199,4.398851332807209,1.1540449940342872,0.49188907175465063
1781787655.5298574,35.04930114746094,-200.0,-200.0,0.2,0.576304633272499,4.589760479240965,1.6968680376476408,-0.08494884967028146,0.5392724899886563,1781787655.5188224,None,None,None, None, 1781787655.5313716,1.021952323744218,apf_colreg,static_obstacle,-1.0,0.5527141338628537,0.0,11.844054447479671,-6.209255015420223,4.386968562895847,1.1575036671455077,0.5096317219411564
1781787655.7314837,35.250927448272705,-200.0,-200.0,0.2,0.565308800691038,4.61623195887418,1.7139973806696513,-0.08498768977959431,0.5225646835301732,1781787655.7154133,None,None,None, None, 1781787655.7354817,1.0425359396885725,apf_colreg,static_obstacle,-1.0,0.5755183120733632,0.0,11.559611854613872,-6.377914458299642,4.393959871837801,1.1556809630862421,0.532285923594698
1781787655.9299743,35.44941806793213,-200.0,-200.0,0.2,0.5590425849613125,4.643926760573031,1.731714132091609,-0.0876270903798471,0.5046034974754018,1781787655.9203863,None,None,None, None, 1781787655.872423,0.9279411009422934,apf_colreg,static_obstacle,-1.0,0.6045938436867044,0.0,11.280952612707422,-6.550317402926198,4.4098833582209656,1.145706987620179,0.5535915986731882
1781787656.129402,35.64884567260742,-200.0,-200.0,0.2,0.5608726213535462,4.613283766334663,1.7197577499009493,-0.0875643513550426,0.4924745217349346,1781787656.0589013,4.609438995162829,1.7178043867842812,0.5772065165458757, 1781787655.966471, 1781787656.0888073,1.034171361811874,apf_colreg,static_obstacle,-1.0,0.6173538896489663,0.0,11.205756924303845,-6.580151558347985,4.428148386629295,1.153297743662905,0.5664781673167648
1781787656.3298607,35.84930443763733,-200.0,-200.0,0.2,0.5610355741011124,4.635250281255984,1.7338152414889503,-0.08911365980196259,0.47476832176680633,1781787656.2575936,None,None,None, None, 1781787656.3208401,1.0653788625326364,apf_colreg,static_obstacle,-1.0,0.6386597185833195,0.0,10.94572755607587,-6.769107709423249,4.392902369328636,1.1203261224449095,0.5881091961981958
1781787656.529872,36.04931569099426,-200.0,-200.0,0.2,0.560961595928978,4.659980910350584,1.7496743573148013,-0.08605770745917983,0.4521989129068732,1781787656.5198526,None,None,None, None, 1781787656.5042644,1.0570530393747966,apf_colreg,static_obstacle,-1.0,0.6601710688277104,0.0,10.738172721899932,-6.923132009153016,4.414500988662294,1.1116451763648663,0.6038916303757902
1781787656.729859,36.24930286407471,-200.0,-200.0,0.2,0.5602663850976587,4.686524242225559,1.7667129556697658,-0.08924396028934119,0.435425647528977,1781787656.707801,None,None,None, None, 1781787656.6917841,0.9421388654306613,apf_colreg,static_obstacle,-1.0,0.6789948075859806,0.0,10.536578418091619,-7.111670798801646,4.430706225580892,1.110560073596716,0.6241711186045797
1781787656.9296024,36.44904613494873,-200.0,-200.0,0.2,0.49534969169170073,4.714208246562639,1.784462467278782,-0.6680676064940821,0.31068509026458546,1781787656.8945196,None,None,None, None, 1781787656.8915215,1.0960947614690884,apf_colreg,static_obstacle,-1.0,0.6984180547769688,0.0,10.890513102623963,-6.656541023973456,4.45783132996281,1.1067983164025135,0.6395000439656423
1781787657.129786,36.649229764938354,-200.0,-200.0,0.2,0.4624191943303352,4.686757952468654,1.7678217639730316,-0.08324628808436274,0.29393990589572516,1781787657.095672,4.683034115303639,1.765725631323205,0.42844672120924265, 1781787656.971648, 1781787657.095672,0.955032131390583,apf_colreg,static_obstacle,-1.0,0.7201387379464309,0.0,11.101039128406358,-6.2696136484387095,4.436785821242026,1.1199050206872123,0.6581039678637545
1781787657.3298028,36.84924650192261,-200.0,-200.0,0.2,0.4517525077760693,4.710039557563121,1.7793582827233432,-0.08542222138002861,0.2742406761289721,1781787657.326282,None,None,None, None, 1781787657.326282,0.9900374352762547,apf_colreg,static_obstacle,-1.0,0.7466710513272199,0.0,10.976153128701231,-6.292596882747642,4.388223417785902,1.0834280246008423,0.6858647245828944
1781787657.5295928,37.049036502838135,-200.0,-200.0,0.2,0.43672832756402413,4.736334780760241,1.792233858621822,-0.17823902010330822,0.25064998261080323,1781787657.4586363,None,None,None, None, 1781787657.5245419,0.9978846189997054,apf_colreg,static_obstacle,-1.0,0.7797201357718768,0.0,10.927320104156948,-6.275745913059155,4.397928967176131,1.0648301380737442,0.709674934206977
1781787657.7294848,37.24892854690552,-200.0,-200.0,0.2,0.4225466711904972,4.764779689038608,1.8056155120877193,-0.1568919435417762,0.20917964699391628,1781787657.7229605,None,None,None, None, 1781787657.7094011,1.0366577752342019,apf_colreg,static_obstacle,-1.0,0.7908642651054383,0.0,10.925994520769382,-6.250876741336091,4.412430749812861,1.070740639972607,0.7233456289642466
1781787657.929495,37.448938846588135,-200.0,-200.0,0.2,0.4167733248616693,4.794629960261187,1.8191643504623887,-0.08102639308130284,0.19717356110636688,1781787657.9305625,None,None,None, None, 1781787657.916911,1.0706606770099034,apf_colreg,static_obstacle,-1.0,0.8157411584149481,0.0,10.83090853327692,-6.317129009802812,4.4327692181602,1.0604962701141554,0.7443914072951984
1781787658.1298876,37.64933133125305,-200.0,-200.0,0.2,0.3837743535355197,4.758120709347302,1.8013901391793619,-0.07864463174987314,0.18153410763527372,1781787658.1318932,4.753750859263438,1.7993341965558063,0.2957688643306824, 1781787657.979614, 1781787658.132892,1.0565933823718023,apf_colreg,static_obstacle,-1.0,0.8259880739203701,0.0,11.070298671028088,-5.871788720961047,4.3934834837480645,1.042414503572822,0.771753068880375
1781787658.3304036,37.84984731674194,-200.0,-200.0,0.2,0.38425736797944776,4.781068332920778,1.8108856018283757,-0.08739447193497835,0.16414601439902876,1781787658.2689588,None,None,None, None, 1781787658.286324,1.0985408188065278,apf_colreg,static_obstacle,-1.0,0.8478158985975037,0.0,10.985319331274813,-5.9610601758109745,4.390285659355318,1.0375255085594541,0.7745947282294487
1781787658.5300994,38.049543142318726,-200.0,-200.0,0.2,0.38404071717773275,4.807411396913616,1.8218248023558672,-0.08881257292519376,0.14480645614504345,1781787658.4867158,None,None,None, None, 1781787658.5032215,0.9115339012576076,apf_colreg,static_obstacle,-1.0,0.8734974746441126,0.0,10.861000581088,-6.071187593162889,4.415837773711714,1.017409403805098,0.8035318941488191
1781787658.72944,38.24888372421265,-200.0,-200.0,0.2,0.3844395997667782,4.836031213740437,1.8337137839314854,-0.0788299241528555,0.12872032172731687,1781787658.690777,None,None,None, None, 1781787658.7056828,1.0068919863116783,apf_colreg,static_obstacle,-1.0,0.8991957068036857,0.0,10.75530458558244,-6.191711801347081,4.439688505817653,1.0012562223467332,0.8289061930247366
1781787658.929749,38.44919276237488,-200.0,-200.0,0.2,0.3844450814513332,4.866076295823174,1.8462295442259347,-0.08326112910162024,0.11187523947087183,1781787658.8930933,None,None,None, None, 1781787658.8930933,0.9416754136693518,apf_colreg,static_obstacle,-1.0,0.9247654338303942,0.0,10.649477583452786,-6.310463259082041,4.472576606962405,0.983365704366803,0.8560494125332809
1781787659.129254,38.64869785308838,-200.0,-200.0,0.2,0.32299220352142743,4.841841456932894,1.8278369096640479,-0.08602490599728677,0.09451058431879443,1781787659.0949495,4.838252386116889,1.825801516266649,0.1456686264386784, 1781787658.986305, 1781787659.0949495,0.9308389074820362,apf_colreg,static_obstacle,-1.0,0.9367291931894132,0.0,11.088541029418504,-5.517792217357165,4.496499598210736,0.985488790017576,0.8642972650846874
1781787659.3300743,38.849518060684204,-200.0,-200.0,0.2,0.32415643856689264,4.866766845614996,1.8364548450333893,-0.09463970862860249,0.07545115843977446,1781787659.2963388,None,None,None, None, 1781787659.3300743,0.9176257039876553,apf_colreg,static_obstacle,-1.0,0.9664717721938234,0.0,11.079792772297012,-5.707965196817813,4.427214021542876,0.954823864933692,0.8955347209730495
1781787659.5297463,39.049190044403076,-200.0,-200.0,0.2,0.3237245721439758,4.894715763912732,1.84615020178737,-0.09474658534354495,0.05660400846629551,1781787659.4952605,None,None,None, None, 1781787659.5131612,1.0279242955355063,apf_colreg,static_obstacle,-1.0,0.9813487581370011,0.0,11.031910989180206,-5.794463815890078,4.450845681719022,0.9476044805060114,0.9125333108857724
1781787659.7297273,39.249171018600464,-200.0,-200.0,0.2,0.3237443839682982,4.924646399849634,1.8565155581534385,-0.08218019712030103,0.0401345585712419,1781787659.695667,None,None,None, None, 1781787659.7111855,0.9199053200625626,apf_colreg,static_obstacle,-1.0,0.9962485038941356,0.0,10.979989246383688,-5.887881801391128,4.4827033784079005,0.939090735323389,0.9279544626057145
1781787659.9295332,39.44897699356079,-200.0,-200.0,0.2,0.32415230262919437,4.955795416142454,1.867319553445623,-0.07843285008392517,0.023186867020054513,1781787659.911746,None,None,None, None, 1781787659.867068,1.070560901581089,apf_colreg,static_obstacle,-1.0,1.0220009035133588,0.0,10.913158015091561,-5.995487507350219,4.5178108707376445,0.9189811859652565,0.9528214878168667
1781787660.130499,39.64994263648987,-200.0,-200.0,0.2,0.24005835479706322,4.928798454252785,1.8416830999296352,-0.08715598807027658,0.00565043732106079,1781787660.1129534,4.924967280969166,1.8392933734088512,6.280093870804319, 1781787659.987501, 1781787660.0976055,0.945366160477518,apf_colreg,static_obstacle,-1.0,1.048228018543692,0.0,11.434586461115966,-4.875801756423653,4.549006963101092,0.9012423653637133,0.9763904287339947
1781787660.3296592,39.84910297393799,-200.0,-200.0,0.2,0.243052187690175,4.954028354390306,1.848119805698087,-0.07393299308392964,6.278234003482987,1781787660.3296592,None,None,None, None, 1781787660.3296592,0.9931855827190048,apf_colreg,static_obstacle,-1.0,1.0713635869403044,0.0,11.37761861616865,-4.9768032726607085,4.447903885337973,0.8843115163687731,0.9996112634004792
1781787660.5295024,40.048946142196655,-200.0,-200.0,0.2,0.18376329998527785,4.9824426960527735,1.8554829268209272,-0.6694206857633006,6.135559097746244,1781787660.469482,None,None,None, None, 1781787660.4714825,0.9639233876724105,apf_colreg,static_obstacle,-1.0,1.103049090461397,0.0,11.63707696316117,-4.3722189878016025,4.478408306939161,0.8528797007835565,1.0251194689790457
1781787660.7300618,40.24950551986694,-200.0,-177.74756568182923,0.2,0.09937217423094682,5.013508195278785,1.8608334274687768,-0.6691019498698663,5.962213633187811,1781787660.7285538,None,None,None, None, 1781787660.6835217,1.0499057118892101,apf_colreg,static_obstacle,-1.0,1.1138956840756515,0.0,11.976236542673577,-3.431486779960158,4.44851210570626,0.8778931766217005,1.0422042272445005
1781787660.929827,40.449270725250244,-200.0,-123.42196351138446,0.2,0.06662941583884716,5.047326088856971,1.8633099625234006,-0.08337680163511281,5.949051907041252,1781787660.8864121,None,None,None, None, 1781787660.8854892,0.942527088461612,apf_colreg,static_obstacle,-1.0,1.1384079972592724,0.0,12.048576477781332,-3.0513908689521068,4.402202000404465,0.9004806254568555,1.0618669688434899
1781787661.130114,40.6495578289032,-200.0,43.746865657345666,0.2,0.0020949501725348527,5.007863315540481,1.8418901349856915,-0.07669311666983213,5.932316831434914,1781787661.1046205,5.002833179500922,1.8403576405837498,6.149306744965598, 1781787661.008472, 1781787661.1046205,1.0656221809531923,apf_colreg,static_obstacle,-1.0,1.159594649854422,0.0,12.184409309987242,-2.0719700702801593,4.397054758690762,0.9032021825659264,1.0874420626293053
1781787661.3312397,40.85068345069885,-200.0,62.63606111840384,0.2,6.2735700079038015,5.0449005009437045,1.841810179637923,-0.0758313804945834,5.9159353126550664,1781787661.320646,None,None,None, None, 1781787661.2755797,0.9591808890133988,apf_colreg,static_obstacle,-1.0,1.181501477684237,0.0,12.11037291496439,-1.8736126136986,4.29424304172275,0.9002469719104523,1.107206198224253
1781787661.5359986,41.055442333221436,-200.0,70.18037035701441,0.2,6.265236805736444,5.091679163649666,1.8413148591839814,-0.07133404489598336,5.905961549518033,1781787661.5425227,None,None,None, None, 1781787661.5465226,1.0842878434092007,apf_colreg,static_obstacle,-1.0,1.20496179115474,0.0,12.142528080172665,-1.8016650818377165,4.310564227768138,0.8864656574672772,1.1315631229148615
1781787661.7291963,41.248640060424805,-200.0,77.27964082589368,0.2,6.259273484188868,5.143597759329915,1.8404234654758724,-0.061892714034476846,5.892449006012413,1781787661.6787858,None,None,None, None, 1781787661.6953156,1.0119266531070743,apf_colreg,static_obstacle,-1.0,1.2364667516846595,0.0,12.12985510775394,-1.7260176020719906,4.328159492723299,0.8687472573535971,1.1621783840235769
1781787661.929829,41.44927263259888,-200.0,83.40282002341198,0.2,6.254421413831024,5.1979693557472935,1.8392278345702273,-0.05957183114340875,5.880552760011109,1781787661.8784816,None,None,None, None, 1781787661.893438,0.9786364830892829,apf_colreg,static_obstacle,-1.0,1.269262139608745,0.0,12.11261948958116,-1.658818685536608,4.352074872067749,0.8481947126248315,1.1944864461539624
1781787662.129669,41.649112701416016,-200.0,153.22863067147557,0.2,6.195388611416821,5.130938383330588,1.823580070708624,-0.05326607509425906,5.868395157937145,1781787662.1067245,5.1229562333797105,1.8226568939080847,6.034665404463958, 1781787662.014514, 1781787662.1067245,1.0612987682880057,apf_colreg,static_obstacle,-1.0,1.2751063291920892,0.0,12.208915305520637,-0.8161184908866264,4.404121424961646,0.84137934229644,1.2036694652511464
1781787662.3295028,41.8489465713501,-198.2380811634357,200.0,0.2,6.126765161701974,5.182355834402946,1.8190801892795747,-0.7187767442669116,5.714042442072675,1781787662.321468,None,None,None, None, 1781787662.260766,1.0548329675493915,apf_colreg,static_obstacle,-1.0,1.3083347593427346,0.0,12.252600644445323,0.05453553117587484,4.2557841075042795,0.8510345262700403,1.2362603265885261
1781787662.5305393,42.04998302459717,-168.70125307563887,200.0,0.2,6.095512397807543,5.2462332184418665,1.8071069399196942,-0.033229656677026896,5.7088715961558405,1781787662.4770775,None,None,None, None, 1781787662.4770775,1.0390344050264326,apf_colreg,static_obstacle,-1.0,1.3390081554846636,0.0,12.158099347378647,0.5814436917251782,4.213577504612454,0.8947364284509611,1.2747063131067071
1781787662.730146,42.249589681625366,-147.0869135662654,200.0,0.2,6.078403429193827,5.31039757597056,1.7937241648354734,-0.005456972181373743,5.707695853504728,1781787662.6925344,None,None,None, None, 1781787662.6925344,0.9659644195303012,apf_colreg,static_obstacle,-1.0,1.3792398308301843,0.0,12.129910541494157,0.8966730209750073,4.200773401794035,0.907486863041038,1.3063285344786228
1781787662.9291606,42.448604345321655,-153.7542761091759,200.0,0.2,6.070502460194596,5.372503611171781,1.7800613136404762,0.023877657701786223,5.7125773761717715,1781787662.8969734,None,None,None, None, 1781787662.8999999,0.9945492268254128,apf_avoid,none,0.0,nan,nan,12.430647002753467,0.8232705336801427,4.2083857747567075,0.923563256065524,1.346588108164961
1781787663.1301546,42.649598360061646,-135.8734153799714,200.0,0.2,6.049087318582315,5.283579221164147,1.7814455256493678,0.030768334001322353,5.718252878737507,1781787663.0814326,5.273736172487849,1.7824414175457126,5.994869140061262, 1781787663.017366, 1781787663.1266286,0.9315822684803463,apf_avoid,none,0.0,nan,nan,12.411879466495417,1.070785594529665,4.226801987605752,0.9359699909460877,1.3644172599429085
1781787663.3292885,42.848732233047485,-128.07850599113536,200.0,0.2,6.048346086790122,5.333723811018018,1.7692225345302837,0.046185424799939014,5.7296299777342465,1781787663.3277678,None,None,None, None, 1781787663.3267643,0.989719614023831,apf_avoid,none,0.0,nan,nan,12.37994647146757,1.1695872837135828,4.061672014971057,0.9778094295508777,1.3997050335600676
1781787663.5294993,43.04894304275513,-121.23982460782348,200.0,0.2,6.050034315062878,5.390252095246076,1.7554951864020456,0.04777025107607881,5.736990436694882,1781787663.4818482,None,None,None, None, 1781787663.4818482,0.9635995329493083,apf_avoid,none,0.0,nan,nan,12.350176838191985,1.252866061759467,4.068582479760753,0.9941340855091996,1.427390270773126
1781787663.7300844,43.24952816963196,-149.04212460236207,200.0,0.2,6.08871779172017,5.4482727108416125,1.7415528937849771,0.3811119142326495,5.814242873844133,1781787663.684551,None,None,None, None, 1781787663.6855514,1.066103314875074,apf_avoid,none,0.0,nan,nan,12.361373202532818,0.8862555249445583,4.088855623694073,0.999772570985084,1.44508479486924
1781787663.9294636,43.44890737533569,-156.58747644232255,200.0,0.2,6.104623560490928,5.509724198184445,1.7302204374177284,0.045848423147935545,5.8232782719011,1781787663.881622,None,None,None, None, 1781787663.881622,1.0307426781767912,apf_avoid,none,0.0,nan,nan,12.349204657712338,0.7764037511227149,4.125578408209803,0.9597769842096975,1.482007344897486
1781787664.1304338,43.64987754821777,-161.12782528961728,200.0,0.2,6.103283245174305,5.432988759970974,1.739719310537892,0.0412633686093504,5.831579153563753,1781787664.0827904,5.423898491649486,1.7410486716291822,6.068873943645251, 1781787664.032484, 1781787664.0827904,1.0846349107688515,apf_avoid,none,0.0,nan,nan,12.356681644029429,0.7088777314195029,4.136611658281761,0.9587308311207782,1.5186297568719889
1781787664.3296177,43.849061489105225,-162.3176222023303,200.0,0.2,6.110751491000223,5.487094143790025,1.730082973250635,0.03828036898022116,5.838691767659398,1781787664.2685935,None,None,None, None, 1781787664.2845578,1.054585866657998,apf_avoid,none,0.0,nan,nan,12.339931210587391,0.6898017474422287,4.0046888727194485,0.9974417349852412,1.563643012631788
1781787664.5304027,44.04984641075134,-161.46704082122497,200.0,0.2,6.1164514889509265,5.548610183839205,1.7194991367956654,0.035913865158240216,5.84699822069498,1781787664.4998817,None,None,None, None, 1781787664.4998817,0.97146929817041,apf_avoid,none,0.0,nan,nan,12.323356901484125,0.7018222271200485,4.009083047004503,1.006196406203216,1.6001157544481677
1781787664.7301595,44.249603271484375,-159.912759150737,200.0,0.2,6.121494104597221,5.612086830784477,1.7088864268400314,0.03753999431032811,5.8552472826647515,1781787664.7196224,None,None,None, None, 1781787664.702992,0.9100980659194595,apf_avoid,none,0.0,nan,nan,12.309427412019264,0.7244807405824445,4.101999866893949,0.9847114283999133,1.6205517371369436
1781787664.9292903,44.44873404502869,-158.90668214167962,200.0,0.2,6.126988826268713,5.675870487897479,1.6985193656572974,0.04517965810341149,5.861601641535834,1781787664.8602688,None,None,None, None, 1781787664.8587573,0.9505900054812462,apf_avoid,none,0.0,nan,nan,12.294622655475012,0.738650416045529,4.054850372864022,1.0099173500641565,1.6563839493211248
1781787665.1296115,44.64905524253845,-168.76561860229393,200.0,0.2,6.1321659575740775,5.5837363921463234,1.708783707286347,0.05057939607234719,5.872028200924389,1781787665.0664113,5.5735883952522025,1.7101031347516873,6.12932073801195, 1781787665.032849, 1781787665.0764449,0.9277300169854813,apf_avoid,none,0.0,nan,nan,12.306570918314442,0.5875196630616606,4.066879344280632,1.025388833046422,1.693381650625224
1781787665.3297255,44.84916925430298,-168.32089365258628,200.0,0.2,6.1369299562941695,5.63758158605793,1.7006521883986636,0.0372719496905816,5.87929977426967,1781787665.3542633,None,None,None, None, 1781787665.2784173,1.0977730800569239,apf_avoid,none,0.0,nan,nan,12.295743764017532,0.5940654975812953,3.9481244127681028,1.0385430098417914,1.7205047305279626
1781787665.530202,45.04964566230774,-200.0,160.02447001780007,0.2,6.141129645973025,5.699783431666664,1.6915458416431477,0.03225480853310201,5.886968848890327,1781787665.4992716,None,None,None, None, 1781787665.5107877,1.080238790356319,track,none,0.0,nan,nan,12.295743764017532,0.5940654975812953,3.9503947110183577,1.048850066730838,1.7618396885197387
1781787665.729505,45.24894881248474,-200.0,159.99705721830884,0.2,6.144608122801672,5.763486968514378,1.6826496844615608,0.004056680005045385,5.88784643165161,1781787665.715602,None,None,None, None, 1781787665.7290008,0.9844070295072207,track,none,0.0,nan,nan,12.295743764017532,0.5940654975812953,3.9648771147350423,1.050307325748192,1.8104071611701589
1781787665.9302387,45.44968247413635,-200.0,160.8984607379461,0.2,6.145551880840545,5.827523454637813,1.6739435852865583,-0.019451371137433192,5.884006427736637,1781787665.9130175,None,None,None, None, 1781787665.868785,1.0632342459531359,track,none,0.0,nan,nan,12.295743764017532,0.5940654975812953,4.043249262362383,1.031812216604156,1.8520539451939781
1781787666.1298223,45.64926600456238,-200.0,164.55143120613374,0.2,6.130817168420608,5.733205275791001,1.6867687604098265,-0.2289267919493975,5.8486720043489715,1781787666.0673656,5.722889837164832,1.6881711774057557,6.1558744120834845, 1781787666.036251, 1781787666.0971131,0.9926519084561298,track,none,0.0,nan,nan,12.295743764017532,0.5940654975812953,4.031114215412831,1.0277665119316994,1.864897338098832
1781787666.3299525,45.84939622879028,-200.0,169.32286341109852,0.2,6.120880308694853,5.786399919741519,1.6782465363164816,-0.033263954920655474,5.841374212229364,1781787666.286756,None,None,None, None, 1781787666.3158474,1.0413174817327573,track,none,0.0,nan,nan,12.295743764017532,0.5940654975812953,3.8815862302652677,1.0528544229769143,1.9147623536998017
1781787666.5310614,46.0505051612854,-200.0,173.12301383037712,0.2,6.114001824112676,5.848321108681628,1.6678769024872837,-0.03270992533946398,5.835220029265317,1781787666.4749002,None,None,None, None, 1781787666.5205154,1.006582152356232,track,none,0.0,nan,nan,12.295743764017532,0.5940654975812953,3.895705285911082,1.0267057238477628,1.9598298347842982
1781787666.7305305,46.24997425079346,-200.0,176.4439316258944,0.2,6.108535627521109,5.912969402617257,1.6566870293268803,-0.03181704634766298,5.828714870687326,1781787666.6793554,None,None,None, None, 1781787666.7074358,0.9283497855311932,track,none,0.0,nan,nan,12.295743764017532,0.5940654975812953,3.908659957853371,1.015820345140244,2.001980986948764
1781787666.9312072,46.45065093040466,-200.0,179.4107803039225,0.2,6.1040563433586,5.978457472368554,1.645027707419981,-0.028061367570926313,5.82263829882973,1781787666.8959012,None,None,None, None, 1781787666.8693683,1.0993924814991334,track,none,0.0,nan,nan,12.295743764017532,0.5940654975812953,3.936658809406888,0.991469068017642,2.0465934461004345
1781787667.1291208,46.64856457710266,-200.0,178.78963462465097,0.2,6.099134201158894,5.893781334042225,1.663016886294634,-0.04466565016171499,5.8132639522926635,1781787667.1057794,5.883981743375036,1.6649692892116505,6.102284916819986, 1781787667.04568, 1781787667.079913,0.9895210923107102,track,none,0.0,nan,nan,12.295743764017532,0.5940654975812953,3.973859584617515,0.9809983368252929,2.0718310666486244
1781787667.3294477,46.848891496658325,-200.0,181.54115494326464,0.2,6.094725458252762,5.949958534241307,1.6524673206336828,-0.02880417780223901,5.808198128884283,1781787667.2816505,None,None,None, None, 1781787667.2984445,1.0487250232122445,track,none,0.0,nan,nan,12.295743764017532,0.5940654975812953,3.8936098951364633,0.993807605933444,2.1172312532805884
1781787667.5296676,47.04911136627197,-200.0,184.4008686663261,0.2,6.0904126649920345,6.013840410876041,1.6401989938913637,-0.029732050570256432,5.802643586298471,1781787667.5311882,None,None,None, None, 1781787667.5155797,1.0859494806436305,track,none,0.0,nan,nan,0.0,0.0,3.8736726681850615,0.9735671524270921,2.150072611672912
1781787667.7307246,47.250168323516846,-200.0,187.09611803480706,0.2,6.086652234052927,6.079820864219542,1.627233162849894,-0.02404578020795498,5.797392853541436,1781787667.6868346,None,None,None, None, 1781787667.7327292,1.0356851769148292,track,none,0.0,nan,nan,0.0,0.0,3.8977908416468323,0.9592923102331861,2.1929249641410338
1781787667.930997,47.450440645217896,-200.0,200.0,0.2,6.0447239605031795,6.1464161619487925,1.6138953377733287,-0.37056493507390653,5.716996427773659,1781787667.903791,None,None,None, None, 1781787667.888754,1.05923125311056,track,none,0.0,nan,nan,0.0,0.0,3.927993057928617,0.9446048821153588,2.2287248518089253
1781787668.1304512,47.64989495277405,-200.0,200.0,0.2,6.036225936793251,6.058222812112124,1.631080850009117,-0.020043412182581162,5.71296698561367,1781787668.1048267,6.048112579664953,1.6333342806298543,6.0580881100968424, 1781787668.057636, 1781787668.0907822,1.0725356727207558,track,none,0.0,nan,nan,0.0,0.0,3.9215248802465337,1.010586261630541,2.27558114004406
1781787668.3307369,47.85018062591553,-196.0018098041488,200.0,0.2,6.025390436047572,6.116389310867394,1.6158539371307679,-0.014697709255862352,5.709948994380513,1781787668.3101642,None,None,None, None, 1781787668.2916071,1.0634541414782512,track,none,0.0,nan,nan,0.0,0.0,3.7816555497959228,1.0353613306494942,2.3262253605259366
1781787668.5298333,48.04927706718445,-191.93074212053818,200.0,0.2,6.017734820022591,6.1814574277321315,1.5983076765457467,-0.021816434245277017,5.706671814655556,1781787668.5333598,None,None,None, None, 1781787668.5105371,1.0296412138588498,track,none,0.0,nan,nan,0.0,0.0,3.847608464232799,1.0494156764654892,2.3694259743109525
1781787668.7296765,48.249120235443115,-188.555022922984,200.0,0.2,6.013192561699915,6.247437759710476,1.5800723707146371,-0.006324378030090149,5.7052572636026335,1781787668.6840467,None,None,None, None, 1781787668.6840467,1.0400813586444175,track,none,0.0,nan,nan,0.0,0.0,3.833844893546478,1.0464581390996917,2.3834716690165547
1781787668.9292612,48.448704957962036,-185.68586901745397,200.0,0.2,6.0106865894214465,6.313170034089143,1.5616720771477333,0.0012333996142041745,5.705523198103402,1781787668.8996577,None,None,None, None, 1781787668.8845453,0.9030395777413852,track,none,0.0,nan,nan,0.0,0.0,3.839553457227198,1.0575273484312322,2.4342615064031627
1781787669.1295588,48.64900255203247,-191.5603449739485,200.0,0.2,6.019123738206146,6.226111131685987,1.5911307463078002,0.009388111787144658,5.707417894662971,1781787669.1014764,6.2161902535754265,1.5942466011206118,6.045978851750414, 1781787669.068882, 1781787669.0848992,0.9632547008409635,track,none,0.0,nan,nan,0.0,0.0,3.849207705074386,1.0499581977826102,2.480014636075683
1781787669.3321726,48.85161638259888,-189.96996549323444,200.0,0.2,6.019431485272767,6.2824822169302,1.5758287015241628,0.014022847648539085,5.710271868914957,1781787669.3049996,None,None,None, None, 1781787669.2750921,1.0440080635350433,track,none,0.0,nan,nan,0.0,0.0,3.7123974379150746,1.0952934772082623,2.5292730565744392
1781787669.5297372,49.04918098449707,-188.40791152906,200.0,0.2,6.020662508156624,6.346482601436769,1.5585202859968206,0.015312346159450702,5.713582699250787,1781787669.5212193,None,None,None, None, 1781787669.4919682,0.9132170989700302,track,none,0.0,nan,nan,0.0,0.0,3.7517435746632515,1.091445012241155,2.5594231539760286
1781787669.729774,49.24921774864197,-187.08002248350016,200.0,0.2,6.022853906447458,6.412057063814139,1.5408988087454767,0.019887842588724742,5.71662895071359,1781787669.6743908,None,None,None, None, 1781787669.6909502,1.0890959231310282,track,none,0.0,nan,nan,0.0,0.0,3.7448614758120344,1.1075333366577311,2.6037440859446357
1781787669.9301925,49.44963622093201,-185.82455104514077,200.0,0.2,6.025293901336595,6.477793346257592,1.5234070968948572,0.019923215956421016,5.721514439901626,1781787669.9196067,None,None,None, None, 1781787669.8743095,1.006698421248767,track,none,0.0,nan,nan,0.0,0.0,3.792318950081534,1.0966235030854443,2.6349116520840363
1781787670.148794,49.66823768615723,-195.56215737010183,200.0,0.2,6.046710718149932,6.383796986759909,1.5541908872111687,0.1093887804418833,5.738548564620911,1781787670.0753276,6.373405899725203,1.5573198140078768,6.072446002969043, 1781787670.071328, 1781787670.0678341,0.9238928129588371,track,none,0.0,nan,nan,0.0,0.0,3.8281931919598913,1.100604216719667,2.6619228168059417
1781787670.329248,49.84869170188904,-196.0348059010364,200.0,0.2,6.053403017541709,6.440393518777322,1.540822733845693,0.020743185122823242,5.74332589220482,1781787670.305636,None,None,None, None, 1781787670.305636,1.0237051449327734,track,none,0.0,nan,nan,0.0,0.0,3.6803009794132477,1.0979315714726954,2.718579546024152
1781787670.5291626,50.048606395721436,-195.77031474298252,200.0,0.2,6.058100371309171,6.505573145342318,1.5257888033038078,0.016572478774834202,5.7469036642316595,1781787670.5215223,None,None,None, None, 1781787670.505937,0.9295951888642571,track,none,0.0,nan,nan,0.0,0.0,3.6922623986128995,1.07545445096485,2.7674524379254826
1781787670.7310858,50.250529527664185,-195.1858715689315,200.0,0.2,6.061739941438622,6.572671231062985,1.5105773799740536,0.015392112797223304,5.749302791882338,1781787670.6773896,None,None,None, None, 1781787670.7246895,1.0454711697865726,track,none,0.0,nan,nan,0.0,0.0,3.7066132052029572,1.0735380498663707,2.81612375804066
1781787670.9297636,50.4492073059082,-194.44177338411197,200.0,0.2,6.06478047139798,6.640043160981446,1.4955208232990813,0.014764776095460317,5.752970661081295,1781787670.9258099,None,None,None, None, 1781787670.9258099,0.9783115178058568,track,none,0.0,nan,nan,0.0,0.0,nan,nan,nan
1781787671.12995,50.649393796920776,-200.0,199.42174280714386,0.2,6.083812467564917,6.546383946443791,1.5210637853856752,0.10837462720553578,5.766721872211803,1781787671.12995,6.535904478060995,1.5236935802605884,6.100818740570323, 1781787671.082945, 1781787671.12995,1.0880944639156642,track,none,0.0,nan,nan,0.0,0.0,nan,nan,nan
1781787671.3304174,50.84986114501953,-200.0,198.8693932661138,0.2,6.090226992402572,6.604488307815689,1.5096317805919952,0.01159923851639069,5.768891179127377,1781787671.3169715,None,None,None, None, 1781787671.2547262,0.9461696690447146,track,none,0.0,nan,nan,0.0,0.0,nan,nan,nan
1781787671.530261,51.049704790115356,-200.0,199.08904213377582,0.2,6.094252526872195,6.670767279797769,1.496904319984127,0.008735552574428637,5.7706834329721595,1781787671.5221393,None,None,None, None, 1781787671.4758523,0.909359262078796,track,none,0.0,nan,nan,0.0,0.0,nan,nan,nan
1781787671.729537,51.24898076057434,-200.0,199.58237789171423,0.2,6.097303896012543,6.7388269427224365,1.4840397449864504,0.010209886798388568,5.772595995156004,1781787671.7094638,None,None,None, None, 1781787671.72853,0.9440960795176506,track,none,0.0,nan,nan,0.0,0.0,3.630572683969194,1.0460054660627665,3.0578929458067954
1781787671.929911,51.44935464859009,-200.0,200.0,0.2,6.099344495114415,6.8072327827714005,1.4712862778913625,0.0058289144316250345,5.773583500677539,1781787671.8788788,None,None,None, None, 1781787671.9099853,1.0340388725094003,track,none,0.0,nan,nan,0.0,0.0,nan,nan,nan
1781787672.1294835,51.648927211761475,-200.0,196.87599459211336,0.2,6.1047285535077345,6.715870110266837,1.4909505287037075,0.004966732810727127,5.774594802915514,1781787672.082494,6.705465297209435,1.4930544513013408,6.1160364929712205, 1781787672.095018, 1781787672.0960119,1.0712853009563972,track,none,0.0,nan,nan,0.0,0.0,nan,nan,nan
1781787672.3298998,51.8493435382843,-200.0,197.6436419338104,0.2,6.105934065007213,6.77450253656435,1.4804307327345114,0.0025372404892583023,5.775222530845941,1781787672.3298998,None,None,None, None, 1781787672.2987647,1.0452259057195716,track,none,0.0,nan,nan,0.0,0.0,3.5609089230909143,1.0461122378808685,3.2047066211244437
1781787672.5298953,52.049339056015015,-200.0,198.13957293612313,0.2,6.1086369442813435,6.840900992169692,1.4685841519055316,0.01963526413005655,5.777878515771782,1781787672.4651659,None,None,None, None, 1781787672.5145206,0.9131800860285789,track,none,0.0,nan,nan,0.0,0.0,3.5599787200007125,1.0458346644853176,3.2193253426549213
1781787672.7294452,52.24888896942139,-200.0,199.06820266396826,0.2,6.109736528614167,6.909018910041771,1.4566590999829572,-0.0003839029423726021,5.777788085265114,1781787672.7007215,None,None,None, None, 1781787672.6855063,1.0403004515741934,track,none,0.0,nan,nan,0.0,0.0,nan,nan,nan
1781787672.9303474,52.44979119300842,-200.0,200.0,0.2,6.110206991458769,6.977497113756524,1.4447092922276354,-0.0012827009588867282,5.7775108131861765,1781787672.9168842,None,None,None, None, 1781787672.931359,1.0142091587074882,track,none,0.0,nan,nan,0.0,0.0,nan,nan,nan
1781787673.12934,52.648783683776855,-200.0,197.89449868059748,0.2,6.11207836507921,6.888755583377977,1.4619963609018096,-0.0014906626303779502,5.777307010943876,1781787673.0536034,6.8785138250484605,1.4639003666199502,6.1172056890081175, 1781787673.098774, 1781787673.0707145,0.9680581223167624,track,none,0.0,nan,nan,0.0,0.0,3.6102538403618016,1.0171897619595351,3.3709365899598005
1781787673.3291187,52.848562479019165,-200.0,198.93823611452166,0.2,6.112094693943396,6.947844995749712,1.4517983799460126,-0.0020411474082410188,5.776865797859676,1781787673.2697628,None,None,None, None, 1781787673.302845,1.0238451515074367,track,none,0.0,nan,nan,0.0,0.0,nan,nan,nan
1781787673.5301015,53.04954528808594,-200.0,200.0,0.2,6.111668449888701,7.0145480424543125,1.4402734420668284,-0.003411143796045206,5.776231767980387,1781787673.455633,None,None,None, None, 1781787673.5205212,1.0180442518552524,track,none,0.0,nan,nan,0.0,0.0,nan,nan,nan
1781787673.7296321,53.2490758895874,-200.0,200.0,0.2,6.111137150487469,7.082928019968897,1.4284216460016523,-0.0040617511505516455,5.7754133980012305,1781787673.657115,None,None,None, None, 1781787673.7171004,0.914831477704355,track,none,0.0,nan,nan,0.0,0.0,nan,nan,nan
1781787673.9292634,53.44870710372925,-198.72429439752722,200.0,0.2,6.110577193241648,7.151547731171345,1.4164824396389122,-0.003300765835554546,5.774549987640516,1781787673.9186938,None,None,None, None, 1781787673.9186938,0.9905137606456363,track,none,0.0,nan,nan,0.0,0.0,nan,nan,nan
1781787674.129409,53.648852825164795,-200.0,200.0,0.2,6.110529554088066,7.060666646205509,1.4330275884936707,-0.0028233956857700456,5.7740119307775934,1781787674.1092646,7.050293736204939,1.4348830191686823,6.112083675718429, 1781787674.106766, 1781787674.1092646,0.9517029061612671,track,none,0.0,nan,nan,0.0,0.0,nan,nan,nan
1781787674.3302312,53.84967494010925,-199.23124901252652,200.0,0.2,6.110092176670754,7.119731139414604,1.4227107027031138,-0.0016203678455852402,5.773744199272117,1781787674.2744935,None,None,None, None, 1781787674.3195732,1.061086259755793,track,none,0.0,nan,nan,0.0,0.0,nan,nan,nan
1781787674.5299187,54.04936242103577,-197.94196258654142,200.0,0.2,6.109746829425585,7.186439082185473,1.4110306942946238,-0.001087124823629582,5.773527528759843,1781787674.4737995,None,None,None, None, 1781787674.5058997,0.9283438826893877,track,none,0.0,nan,nan,0.0,0.0,nan,nan,nan
1781787674.7294242,54.248867988586426,-196.656947336798,200.0,0.2,6.109599702549823,7.2545742110117715,1.3990755028129342,0.0008225793528430376,5.773718431785158,1781787674.705878,None,None,None, None, 1781787674.7249157,1.0667710601106934,track,none,0.0,nan,nan,0.0,0.0,nan,nan,nan
1781787674.9301589,54.44960260391235,-195.86083935589716,200.0,0.2,6.111309355379893,7.32278030529924,1.3870987505760013,0.017422805804896097,5.777228959934617,1781787674.9073684,None,None,None, None, 1781787674.8613744,1.03357214929385,track,none,0.0,nan,nan,0.0,0.0,nan,nan,nan
1781787675.1299152,54.64935898780823,-198.15724116732108,200.0,0.2,6.112407017101626,7.215895670130302,1.4062168290825905,0.005451196002905455,5.778325900475118,1781787675.1085978,7.204503882869371,1.408229149204027,6.112772718017431, 1781787675.107598, 1781787675.0954356,0.9906040731395722,track,none,0.0,nan,nan,0.0,0.0,nan,nan,nan
1781787675.329451,54.84889483451843,-197.38241932688936,200.0,0.2,6.113316951114683,7.273049815491271,1.3963816685300117,0.005509893122019114,5.779457078102838,1781787675.3138971,None,None,None, None, 1781787675.3274405,1.0311244523732517,track,none,0.0,nan,nan,0.0,0.0,nan,nan,nan
1781787675.5292604,55.04870414733887,-196.48700248700519,200.0,0.2,6.114380473744607,7.339084436957606,1.3850765272953396,0.007359679955486923,5.780577668715872,1781787675.5312657,None,None,None, None, 1781787675.484578,0.9175931787831108,track,none,0.0,nan,nan,0.0,0.0,nan,nan,nan
1781787675.7301793,55.24962306022644,-195.8217119444322,200.0,0.2,6.116414771149745,7.40700667820883,1.373523267889567,0.016097408801669166,5.784516508191053,1781787675.7108457,None,None,None, None, 1781787675.6987453,0.9638796717944103,track,none,0.0,nan,nan,0.0,0.0,nan,nan,nan
1781787675.9295144,55.44895815849304,-195.05463967545143,200.0,0.2,6.118055008340463,7.475173663936193,1.3620943216853263,0.009544848174580112,5.786033569368901,1781787675.9305933,None,None,None, None, 1781787675.884312,1.0744882857489697,track,none,0.0,nan,nan,0.0,0.0,nan,nan,nan
1781787676.1301208,55.64956450462341,-197.59112862567744,200.0,0.2,6.121270602756174,7.384283367373779,1.377821485708798,0.01058729431333582,5.788773266119916,1781787676.1285582,7.37393418234503,1.3795814925845955,6.125806986953529, 1781787676.110025, 1781787676.0822337,1.0421708725520953,track,none,0.0,nan,nan,0.0,0.0,nan,nan,nan
1781787676.3296664,55.84911012649536,-197.04875403885438,200.0,0.2,6.12295976180908,7.443016372645611,1.3682656577759147,0.01077749296654791,5.790756602502105,1781787676.312584,None,None,None, None, 1781787676.2970035,1.0314757587697594,track,none,0.0,nan,nan,0.0,0.0,nan,nan,nan
1781787676.5299768,56.04942059516907,-196.4803718506265,200.0,0.2,6.125014382895306,7.509525209084206,1.3575615676994985,0.013763484329147023,5.793526527743709,1781787676.5138357,None,None,None, None, 1781787676.5007627,1.0172051072955313,track,none,0.0,nan,nan,0.0,0.0,nan,nan,nan
1781787676.730363,56.24980664253235,-195.83760009010905,200.0,0.2,6.126855292328513,7.577630069310065,1.3467518323317549,0.01055467586007714,5.7954771994892855,1781787676.6986516,None,None,None, None, 1781787676.6712878,0.9155747863858842,track,none,0.0,nan,nan,0.0,0.0,nan,nan,nan
1781787676.9302533,56.44969701766968,-195.2153325513701,200.0,0.2,6.128755267468057,7.6459227197158235,1.3360343660140117,0.011810476257094886,5.7978441835968475,1781787676.8990655,None,None,None, None, 1781787676.8860397,1.0582338694334985,track,none,0.0,nan,nan,0.0,0.0,nan,nan,nan
1781787677.1293375,56.648781299591064,-198.3347506268621,200.0,0.2,6.1342889806423875,7.555522790441073,1.3514690958757511,0.011393175150690375,5.800175777025178,1781787677.1037138,7.545196606067607,1.3531623111279614,6.1450395722162625, 1781787677.113808, 1781787677.084804,0.9714292745013164,track,none,0.0,nan,nan,0.0,0.0,nan,nan,nan
1781787677.329798,56.849241733551025,-198.1837135249549,200.0,0.2,6.137148136415963,7.614516760088725,1.342665630097592,0.02148918559310505,5.8043001002662535,1781787677.2956393,None,None,None, None, 1781787677.3308022,1.0735251551708536,track,none,0.0,nan,nan,0.0,0.0,nan,nan,nan
1781787677.5303476,57.04979133605957,-197.81238068001215,200.0,0.2,6.1395522465678525,7.6813363648676845,1.3329195824475732,0.01201762653109699,5.806191197766619,1781787677.5313532,None,None,None, None, 1781787677.5333526,1.048630370828935,track,none,0.0,nan,nan,0.0,0.0,nan,nan,nan
1781787677.7300482,57.249491930007935,-197.35518245578655,200.0,0.2,6.1416757244838065,7.7497649452895425,1.3230953852344953,0.010812735254698228,5.80852568217364,1781787677.668901,None,None,None, None, 1781787677.7300482,1.0961967770007373,track,none,0.0,nan,nan,0.0,0.0,nan,nan,nan
1781787677.930561,57.4500048160553,-196.90970230438103,200.0,0.2,6.143812624273922,7.818400480144382,1.3133793674765286,0.012178312726810882,5.811347884338935,1781787677.900641,None,None,None, None, 1781787677.9290273,1.0760692786120543,track,none,0.0,nan,nan,0.0,0.0,nan,nan,nan
1781787678.1299026,57.649346351623535,-200.0,200.0,0.2,6.1542951668033865,7.729078240424983,1.3281982561949073,0.0571440979995182,5.823548981646851,1781787678.1141555,7.718798494749758,1.329785439105309,6.164050344407356, 1781787678.128749, 1781787678.0702615,0.9323478279676901,track,none,0.0,nan,nan,0.0,0.0,nan,nan,nan
1781787678.330143,57.849586725234985,-200.0,200.0,0.2,6.158127830052358,7.788634445827077,1.3206480185273826,0.009759675019403809,5.8249312065485395,1781787678.2557817,None,None,None, None, 1781787678.2870948,1.0705159613672535,track,none,0.0,nan,nan,0.0,0.0,nan,nan,nan
1781787678.5301847,58.049628496170044,-200.0,200.0,0.2,6.160849243989422,7.855946969419211,1.3123146054270833,0.008760936037658583,5.826964601090843,1781787678.4878795,None,None,None, None, 1781787678.4878795,0.9543957348734938,track,none,0.0,nan,nan,0.0,0.0,nan,nan,nan
1781787678.7300723,58.249516010284424,-200.0,200.0,0.2,6.162877309251713,7.924859564199538,1.3039368056108493,0.007205270381095828,5.828534933842042,1781787678.7058218,None,None,None, None, 1781787678.7058218,1.0595165524743362,track,none,0.0,nan,nan,0.0,0.0,nan,nan,nan
1781787678.9304094,58.44985318183899,-200.0,200.0,0.2,6.164831190861762,7.9940174473044,1.29564745511761,0.009453649156427981,5.830415972244037,1781787678.9047966,None,None,None, None, 1781787678.88847,0.9050873472052924,track,none,0.0,nan,nan,0.0,0.0,nan,nan,nan
1781787679.1310945,58.650538206100464,-200.0,200.0,0.2,6.166357730916191,8.063221889121749,1.2874832325601773,0.006361718040202629,5.831699000154936,1781787679.106476,None,None,None, None, 1781787679.076805,1.0229386342899303,track,none,0.0,nan,nan,0.0,0.0,nan,nan,nan
1781787679.3291914,58.84863519668579,-200.0,198.1925686198549,0.2,6.1700195734038665,7.885798002987125,1.3101282619432426,0.0058928752241867435,5.832902048669532,1781787679.3106291,7.874674889571374,1.311513496174475,6.1764920659511455, 1781787679.133096, 1781787679.263489,1.065929115806576,track,none,0.0,nan,nan,0.0,0.0,nan,nan,nan
1781787679.5294802,59.0489239692688,-200.0,198.50788907616862,0.2,6.1711750700816905,7.938757862110278,1.3041484147085853,0.004134278532076662,5.833791296703585,1781787679.5257206,None,None,None, None, 1781787679.4809504,0.9178242261860126,track,none,0.0,nan,nan,0.0,0.0,nan,nan,nan
1781787679.7302508,59.24969458580017,-200.0,199.04193370153064,0.2,6.172010668933194,8.00402578188856,1.2968477835751813,0.0023219254280833247,5.834255737812526,1781787679.7257447,None,None,None, None, 1781787679.7257447,1.0236754628256743,track,none,0.0,nan,nan,0.0,0.0,nan,nan,nan
1781787679.9294817,59.448925495147705,-200.0,199.65544938668668,0.2,6.172651535845362,8.07255341254716,1.2892297513947995,0.0019960120729440017,5.834534306460654,1781787679.8653073,None,None,None, None, 1781787679.8815455,0.9760895270377814,track,none,0.0,nan,nan,0.0,0.0,nan,nan,nan
1781787680.1292777,59.64872145652771,-200.0,200.0,0.2,6.173101659664902,8.141681273141218,1.2815813844386525,0.0013081345872273612,5.8348350660982256,1781787680.0952222,None,None,None, None, 1781787680.0814536,0.9815689794043374,track,none,0.0,nan,nan,0.0,0.0,nan,nan,nan
1781787680.329289,59.848732709884644,-200.0,198.53171865763719,0.2,6.1757875684592545,8.056347073514795,1.2921936617505894,0.0012284749718317666,5.835083579643738,1781787680.2975166,8.046361475488371,1.2933725510605791,6.182408703618388, 1781787680.140333, 1781787680.2821243,0.9214943233786689,track,none,0.0,nan,nan,0.0,0.0,nan,nan,nan
1781787680.5301235,60.049567222595215,-200.0,199.04922918524088,0.2,6.176355770283584,8.116379996843973,1.2857366565959012,0.0031907682559831493,5.835722347362998,1781787680.497709,None,None,None, None, 1781787680.4829595,0.9281488220298145,track,none,0.0,nan,nan,0.0,0.0,nan,nan,nan
1781787680.7301385,60.249582290649414,-200.0,199.72565062032663,0.2,6.176594614408267,8.183803910718224,1.278526869814641,-0.0005100247971714713,5.83561031432096,1781787680.717371,None,None,None, None, 1781787680.7031882,1.092391059582952,track,none,0.0,nan,nan,0.0,0.0,nan,nan,nan
1781787680.9297993,60.44924306869507,-200.0,200.0,0.2,6.176614252942615,8.252798557495975,1.271155283924088,-0.0011133250175856602,5.835454452948704,1781787680.8573673,None,None,None, None, 1781787680.889642,0.9569044216589009,track,none,0.0,nan,nan,0.0,0.0,nan,nan,nan
1781787681.130986,60.65042972564697,-200.0,200.0,0.2,6.176428025578117,8.322052419113016,1.2637467584523556,-0.001330553839154354,5.835164305060147,1781787681.0754328,None,None,None, None, 1781787681.0754328,1.088359836294686,track,none,0.0,nan,nan,0.0,0.0,nan,nan,nan
1781787681.3296096,60.849053382873535,-200.0,199.7811145144363,0.2,6.177851732781866,8.22874190856144,1.2747924747330466,-0.0010558058011005678,5.834901798755742,1781787681.324064,8.218189797640427,1.2759911787545415,6.182155947215498, 1781787681.152035, 1781787681.3250782,0.9351271088893018,track,none,0.0,nan,nan,0.0,0.0,nan,nan,nan
1781787681.5298579,61.049301624298096,-200.0,200.0,0.2,6.177764721079161,8.28825500366799,1.2685004601645105,-0.0013179536687482982,5.834694980810389,1781787681.4809875,None,None,None, None, 1781787681.4638946,0.9199639545306687,track,none,0.0,nan,nan,0.0,0.0,nan,nan,nan
1781787681.7296698,61.2491135597229,-200.0,200.0,0.2,6.177693593847839,8.355658007474043,1.2613683555207835,-0.0014393678705413478,5.834426321027134,1781787681.6676388,None,None,None, None, 1781787681.7000697,1.0611950358514772,track,none,0.0,nan,nan,0.0,0.0,nan,nan,nan
1781787681.9301307,61.44957447052002,-199.69346494712565,200.0,0.2,6.177654661761815,8.4246854381813,1.2540594008813362,-0.0013448554177282093,5.834086804916607,1781787681.9200943,None,None,None, None, 1781787681.9049559,1.0804304269285083,track,none,0.0,nan,nan,0.0,0.0,nan,nan,nan
1781787682.1303554,61.64979910850525,-198.88121995564026,200.0,0.2,6.177427129073147,8.493915689545982,1.2467178858897796,-0.0010918803645921496,5.833918237731958,1781787682.1313546,None,None,None, None, 1781787682.0744767,1.0520910318024985,track,none,0.0,nan,nan,0.0,0.0,nan,nan,nan
1781787682.3298216,61.849265336990356,-200.0,200.0,0.2,6.17797005831656,8.403725421410291,1.2569884191611198,-0.00020554542060821288,5.833874409254573,1781787682.2877069,8.3933545826473,1.2581353507095487,6.179992606600868, 1781787682.164443, 1781787682.318791,0.9150860501105271,track,none,0.0,nan,nan,0.0,0.0,nan,nan,nan
1781787682.529805,62.049248695373535,-199.44987690080347,200.0,0.2,6.178049594463129,8.463508883446234,1.2506749729737003,-1.9869126846874376e-05,5.833870720662675,1781787682.4733512,None,None,None, None, 1781787682.5037692,0.9865603739774652,track,none,0.0,nan,nan,0.0,0.0,nan,nan,nan
1781787682.7301106,62.24955439567566,-198.7528942049849,200.0,0.2,6.178182027672819,8.530921458429669,1.2435612740553292,0.0005937693861512022,5.834017643726622,1781787682.7207925,None,None,None, None, 1781787682.7047663,1.0164194605501746,track,none,0.0,nan,nan,0.0,0.0,nan,nan,nan
1781787682.9311945,62.45063829421997,-198.0499729958064,200.0,0.2,6.178373622231497,8.599815840178803,1.2363004331393392,0.0011436970207299598,5.834195392010946,1781787682.876208,None,None,None, None, 1781787682.9371948,0.9439695885584803,track,none,0.0,nan,nan,0.0,0.0,nan,nan,nan
1781787683.1302319,62.649675607681274,-197.39058445713349,200.0,0.2,6.178752833358698,8.668852188783452,1.2290380038428639,0.0027700098370245247,5.834786004593441,1781787683.0894248,None,None,None, None, 1781787683.0894248,1.0980211776625013,track,none,0.0,nan,nan,0.0,0.0,nan,nan,nan
1781787683.3297338,62.84917759895325,-198.87715875837122,200.0,0.2,6.179754588889152,8.560834655589645,1.2407811123695867,0.004399122296396486,5.835662084930508,1781787683.2885737,8.549315325236838,1.2420159204210302,6.181137035408622, 1781787683.165863, 1781787683.2885737,1.0565044281113674,track,none,0.0,nan,nan,0.0,0.0,nan,nan,nan
1781787683.5297432,63.04918694496155,-198.54024503266794,200.0,0.2,6.180835582633198,8.618676741241945,1.2347840924181241,0.009940562222031156,5.837631398892155,1781787683.4866827,None,None,None, None, 1781787683.520608,1.0702386031663607,track,none,0.0,nan,nan,0.0,0.0,nan,nan,nan
1781787683.7304025,63.24984622001648,-198.09221074643156,200.0,0.2,6.181832149144312,8.685495252452732,1.2279487403322946,0.005830842846855565,5.838829407061109,1781787683.6921432,None,None,None, None, 1781787683.6770058,1.0379675561301525,track,none,0.0,nan,nan,0.0,0.0,nan,nan,nan
1781787683.929697,63.449140787124634,-197.6484382847923,200.0,0.2,6.1829065259510205,8.754246623910102,1.2209827039126253,0.006749670856442074,5.840090651127918,1781787683.8790033,None,None,None, None, 1781787683.8634014,1.0281997262102862,track,none,0.0,nan,nan,0.0,0.0,nan,nan,nan
1781787684.1301048,63.64954853057861,-197.21936609681865,200.0,0.2,6.184026286392658,8.823249697476786,1.2140662293035547,0.007073796544049875,5.841419755566666,1781787684.1321106,None,None,None, None, 1781787684.0834537,1.043777153212345,track,none,0.0,nan,nan,0.0,0.0,nan,nan,nan
1781787684.3298917,63.84933543205261,-198.90958335226597,200.0,0.2,6.186718584561264,8.73413120904489,1.2234708505725185,0.008902646806726222,5.843752175487694,1781787684.3288863,8.723841015491928,1.2245279264781972,6.19068202161798, 1781787684.174448, 1781787684.3288863,1.0634761201913878,track,none,0.0,nan,nan,0.0,0.0,nan,nan,nan
1781787684.530377,64.0498206615448,-198.67631739216452,200.0,0.2,6.188099596024945,8.793868038784993,1.2177220495890353,0.008673539492858885,5.845381626012103,1781787684.5167508,None,None,None, None, 1781787684.4695668,0.9306570687429029,track,none,0.0,nan,nan,0.0,0.0,nan,nan,nan
1781787684.7297995,64.24924325942993,-198.3865723423247,200.0,0.2,6.1895209747345,8.861240914785299,1.2113357703011545,0.008339692783776078,5.847051678569505,1781787684.7170043,None,None,None, None, 1781787684.6850631,1.0468462894422659,track,none,0.0,nan,nan,0.0,0.0,nan,nan,nan
1781787684.9304452,64.44988894462585,-198.1133749067047,200.0,0.2,6.19102878034226,8.930158851775886,1.204902016773282,0.009019360126930082,5.848850712663159,1781787684.916468,None,None,None, None, 1781787684.9019034,0.9230060664854232,track,none,0.0,nan,nan,0.0,0.0,nan,nan,nan
1781787685.1295745,64.64901828765869,-197.91063186913183,200.0,0.2,6.192773366277407,8.999284151722012,1.1985552602992442,0.010949173592683527,5.851067174865178,1781787685.1188998,None,None,None, None, 1781787685.1028652,0.9416047220829178,track,none,0.0,nan,nan,0.0,0.0,nan,nan,nan
1781787685.3351388,64.85458254814148,-200.0,200.0,0.2,6.197065098375318,8.905977071208419,1.2081505222822768,0.009053059022024839,5.852770155455779,1781787685.307011,8.895404900108268,1.2091798519908803,6.204856176288044, 1781787685.182915, 1781787685.3255699,1.0860773426096082,track,none,0.0,nan,nan,0.0,0.0,nan,nan,nan
1781787685.5292568,65.04870057106018,-199.87320454765168,200.0,0.2,6.198521780146981,8.96553202690004,1.2030538069237409,0.007069207304376951,5.8542125855235225,1781787685.511055,None,None,None, None, 1781787685.5245533,0.9672002449907484,track,none,0.0,nan,nan,0.0,0.0,nan,nan,nan
1781787685.7302835,65.24972724914551,-200.0,176.99263672121216,0.2,6.199965652530801,9.033039882784855,1.1973708905291502,0.007609174239329852,5.855717443745303,1781787685.708824,None,None,None, None, 1781787685.6766026,1.0508832467735205,track,none,0.0,nan,nan,0.0,0.0,nan,nan,nan
1781787685.9295557,65.44899940490723,-200.0,177.07423231691658,0.2,6.190920327366503,9.099757917304991,1.1919114741344323,-0.09719771149111588,5.834558057678517,1781787685.9265182,None,None,None, None, 1781787685.9215178,1.0524089219332313,track,none,0.0,nan,nan,0.0,0.0,nan,nan,nan
1781787686.1294317,65.64887547492981,-200.0,175.7797632468868,0.2,6.187592634337594,9.166278082073593,1.1856089851528449,-0.012298912843235976,5.833003492763935,1781787686.0529168,None,None,None, None, 1781787686.0539205,1.003554309059611,track,none,0.0,nan,nan,0.0,0.0,nan,nan,nan
1781787686.3297427,65.84918642044067,-200.0,177.85231196887455,0.2,6.190059030194942,9.071093213837388,1.1955085038562159,-0.022597557760753825,5.826974207399935,1781787686.3197281,9.06058016487634,1.1965699805586005,6.206420671981499, 1781787686.190583, 1781787686.2726204,0.9073963282352797,track,none,0.0,nan,nan,0.0,0.0,nan,nan,nan
1781787686.5298893,66.04933309555054,-200.0,176.9315916144181,0.2,6.1870140865742,9.126865330250334,1.190277824050483,-0.027480760375561717,5.821832853794296,1781787686.5068173,None,None,None, None, 1781787686.5233781,1.0371854522653807,track,none,0.0,nan,nan,0.0,0.0,nan,nan,nan
1781787686.7297013,66.24914503097534,-200.0,175.60628668949386,0.2,6.183723803869134,9.190802588578716,1.1840832380217137,-0.02790100380487565,5.816208734421957,1781787686.7083914,None,None,None, None, 1781787686.7231815,0.9673122559894173,track,none,0.0,nan,nan,0.0,0.0,nan,nan,nan
1781787686.930471,66.4499146938324,-200.0,173.9199112335942,0.2,6.1803491750609965,9.256642882087899,1.1774867314305624,-0.027891959274368376,5.810178582766235,1781787686.9245882,None,None,None, None, 1781787686.862868,1.0842787230193125,track,none,0.0,nan,nan,0.0,0.0,nan,nan,nan
1781787687.1300602,66.64950394630432,-200.0,171.88852127801155,0.2,6.176608764088195,9.322652065153434,1.1706530849542816,-0.03126538518996704,5.805293858310717,1781787687.0808225,None,None,None, None, 1781787687.0959513,1.0762009725880743,track,none,0.0,nan,nan,0.0,0.0,nan,nan,nan
1781787687.3294995,66.84894323348999,-200.0,177.54378577052753,0.2,6.167955474089346,9.22676939318254,1.1817961106454977,-0.05975214888773788,5.7944884497372655,1781787687.2616596,9.216246352787499,1.1829809944784386,6.163101525110927, 1781787687.202288, 1781787687.326977,1.0711168047171729,track,none,0.0,nan,nan,0.0,0.0,nan,nan,nan
1781787687.5297549,67.04919862747192,-200.0,176.6493423402017,0.2,6.163343344238062,9.282071043545004,1.1752981032418308,-0.02922324441685896,5.788034635822637,1781787687.4825048,None,None,None, None, 1781787687.5309005,0.9661964342664588,track,none,0.0,nan,nan,0.0,0.0,nan,nan,nan
1781787687.7290707,67.24851441383362,-200.0,175.06741111513534,0.2,6.159052976175557,9.345704995674424,1.1675584049192231,-0.03030696727900642,5.781951556463716,1781787687.6832204,None,None,None, None, 1781787687.7139845,0.929418910549094,track,none,0.0,nan,nan,0.0,0.0,nan,nan,nan
1781787687.9295118,67.44895553588867,-200.0,172.9054944500084,0.2,6.154796440206954,9.411275100777502,1.1593178670687294,-0.031860306502932485,5.774568940346887,1781787687.9149387,None,None,None, None, 1781787687.8985596,0.9724539848591189,track,none,0.0,nan,nan,0.0,0.0,nan,nan,nan
1781787688.129773,67.6492166519165,-200.0,169.99697365929543,0.2,6.1507012881428915,9.476966299824287,1.1507899373646922,-0.0313496876325562,5.768778861940211,1781787688.099632,None,None,None, None, 1781787688.099632,1.0432653108792382,track,none,0.0,nan,nan,0.0,0.0,nan,nan,nan
1781787688.3302999,67.84974360466003,-200.0,178.41898086023008,0.2,6.1379630049541465,9.391030764168113,1.16005239396955,-0.029308188960052464,5.763325215718521,1781787688.2857113,9.381182233693872,1.1612244426496119,6.111687217745955, 1781787688.205709, 1781787688.2857113,1.0339786719870239,track,none,0.0,nan,nan,0.0,0.0,nan,nan,nan
1781787688.5300632,68.0495069026947,-200.0,176.7907730516266,0.2,6.134225312035456,9.447131748935004,1.1518094061280237,-0.03167793380936661,5.756070271136042,1781787688.5147333,None,None,None, None, 1781787688.5147333,0.9502033959909897,track,none,0.0,nan,nan,0.0,0.0,nan,nan,nan
1781787688.7291496,68.2485933303833,-200.0,174.2304815013063,0.2,6.130477093139049,9.510837743218882,1.1422016712107492,-0.029410009396249926,5.750563123635569,1781787688.7019875,None,None,None, None, 1781787688.7170434,0.98465954260517,track,none,0.0,nan,nan,0.0,0.0,nan,nan,nan
1781787688.9303226,68.4497663974762,-200.0,170.61769774689333,0.2,6.126641002203484,9.576129498012378,1.1321146710735093,-0.03066203585375248,5.745302911399489,1781787688.873542,None,None,None, None, 1781787688.920768,0.9912089270669437,track,none,0.0,nan,nan,0.0,0.0,nan,nan,nan
1781787689.131048,68.65049171447754,0.0,0.0,0.2,6.123176627635329,9.641326335115794,1.121797168365788,-0.028086092734626745,5.739597193921918,1781787689.076693,None,None,None, None, 1781787689.1046357,0.9336630266462768,arrived,none,0.0,nan,nan,0.0,0.0,nan,nan,nan
1781787689.330187,68.84963083267212,0.0,0.0,0.2,6.103747204420609,9.552156961123718,1.130271022797893,-0.027058962855749463,5.733756526585249,1781787689.2925427,9.543855248686574,1.1312292125923367,6.059509632315987, 1781787689.214351, 1781787689.2636213,0.9503366903532792,arrived,none,0.0,nan,nan,0.0,0.0,nan,nan,nan
1781787689.5302143,69.04965806007385,0.0,0.0,0.2,6.100228777869465,9.565555512164169,1.1278139008067942,-0.01570901910333644,5.730326174916938,1781787689.510911,None,None,None, None, 1781787689.4644406,0.9707105609851695,arrived,none,0.0,nan,nan,0.0,0.0,nan,nan,nan
1781787689.7307465,69.25019025802612,0.0,0.0,0.2,6.0973715077968205,9.577811790425246,1.1255250356752264,-0.012070208780854448,5.7278459555696415,1781787689.7163937,None,None,None, None, 1781787689.7324386,0.9046573879598595,arrived,none,0.0,nan,nan,0.0,0.0,nan,nan,nan
1781787689.9296465,69.44909024238586,0.0,0.0,0.2,6.093758594121262,9.589112287027302,1.1233846208792504,-0.021720400538997375,5.723574783189824,1781787689.913037,None,None,None, None, 1781787689.8728569,1.0823321336046658,arrived,none,0.0,nan,nan,0.0,0.0,nan,nan,nan
1781787690.1292548,69.64869856834412,0.0,0.0,0.2,6.09119281935244,9.59959695889057,1.1213568928004989,-0.010141700438086095,5.721479832386339,1781787690.119605,None,None,None, None, 1781787690.0601697,0.964514025350987,arrived,none,0.0,nan,nan,0.0,0.0,nan,nan,nan
1781787690.330184,69.84962773323059,0.0,0.0,0.2,6.075386267751857,9.60871785978265,1.1178110502604823,-0.00812433893885286,5.7198548189366685,1781787690.319623,9.608674697465707,1.1177049027028128,6.035314017828462, 1781787690.227596, 1781787690.319623,1.0245329834977515,arrived,none,0.0,nan,nan,0.0,0.0,nan,nan,nan
1781787690.5300114,70.04945516586304,0.0,0.0,0.2,6.06340983928795,9.617816763091504,1.1158820479178946,-0.11250231734191957,5.702709088368449,1781787690.4720263,None,None,None, None, 1781787690.504031,1.0677770255687649,arrived,none,0.0,nan,nan,0.0,0.0,nan,nan,nan
1781787690.7297726,70.2492163181305,0.0,0.0,0.2,6.057834505875585,9.626361347846665,1.1139271378002031,-0.005998984168993576,5.701320083785869,1781787690.7035663,None,None,None, None, 1781787690.7045653,0.9350792169017793,arrived,none,0.0,nan,nan,0.0,0.0,nan,nan,nan
1781787690.929989,70.44943284988403,0.0,0.0,0.2,6.054464839415671,9.634434305484712,1.1120510756397692,-0.005766363140131227,5.700063311204203,1781787690.9215152,None,None,None, None, 1781787690.9215152,1.0956107285466514,arrived,none,0.0,nan,nan,0.0,0.0,nan,nan,nan
1781787691.1303303,70.64977407455444,0.0,0.0,0.2,6.052255790969503,9.642087319108915,1.1102547732944772,-0.005202571246971945,5.699005562733012,1781787691.1248279,None,None,None, None, 1781787691.1248279,0.9022460439752673,arrived,none,0.0,nan,nan,0.0,0.0,nan,nan,nan
1781787691.3303788,70.84982252120972,0.0,0.0,0.2,6.044221311276436,9.634245437369879,1.1123275985631813,-0.005052935356359447,5.698099085571268,1781787691.304224,9.633261553555288,1.1125744287175623,6.025530098148722, 1781787691.241373, 1781787691.3202965,1.029926328593043,arrived,none,0.0,nan,nan,0.0,0.0,nan,nan,nan
1781787691.530102,71.0495457649231,0.0,0.0,0.2,6.04287874162421,9.638563339345417,1.1112716303012822,-0.00441491421104252,5.697266582992949,1781787691.49279,None,None,None, None, 1781787691.521548,0.9317677164624991,arrived,none,0.0,nan,nan,0.0,0.0,nan,nan,nan
1781787691.7313197,71.25076341629028,0.0,0.0,0.2,6.041812241039361,9.642760666363246,1.110240215962687,-0.004244119365477113,5.696420254205935,1781787691.692202,None,None,None, None, 1781787691.6777632,0.9158010267588395,arrived,none,0.0,nan,nan,0.0,0.0,nan,nan,nan
1781787691.9293983,71.44884204864502,0.0,0.0,0.2,6.040849381035057,9.646844162391734,1.1092327252000689,-0.004497312928011464,5.695512601614171,1781787691.8940232,None,None,None, None, 1781787691.8940232,0.9698844221464306,arrived,none,0.0,nan,nan,0.0,0.0,nan,nan,nan
1781787692.1291938,71.64863753318787,0.0,0.0,0.2,6.04001178845071,9.650819892182543,1.1082480140538462,-0.0038650806139386784,5.694788803918959,1781787692.081289,None,None,None, None, 1781787692.0943446,0.9217462378609004,arrived,none,0.0,nan,nan,0.0,0.0,nan,nan,nan
1781787692.3292904,71.84873414039612,0.0,0.0,0.2,6.033894293981291,9.651347438526692,1.1087502284140824,-0.0036292926708997772,5.694003324944899,1781787692.2977166,9.651129674196104,1.1088455608656211,6.018309074959666, 1781787692.24886, 1781787692.3112712,1.030548649091214,arrived,none,0.0,nan,nan,0.0,0.0,nan,nan,nan
1781787692.5300152,72.0494589805603,0.0,0.0,0.2,6.03315319896425,9.654498224207966,1.1079467323786685,-0.003370603084259167,5.6932744555256125,1781787692.5139596,None,None,None, None, 1781787692.5285015,1.0669903749430547,arrived,none,0.0,nan,nan,0.0,0.0,nan,nan,nan
1781787692.7293015,72.24874520301819,0.0,0.0,0.2,6.032483778866782,9.657584539527315,1.1071574083692721,-0.0031993981193883638,5.692636822183259,1781787692.7132576,None,None,None, None, 1781787692.7287982,0.9766233881847096,arrived,none,0.0,nan,nan,0.0,0.0,nan,nan,nan
1781787692.9300015,72.44944524765015,0.0,0.0,0.2,6.031843844578648,9.660609019458652,1.1063818513364247,-0.003229473522710104,5.691940154194537,1781787692.9289794,None,None,None, None, 1781787692.9289794,0.9746898787989628,arrived,none,0.0,nan,nan,0.0,0.0,nan,nan,nan
1781787693.1297607,72.64920449256897,0.0,0.0,0.2,6.03124334582981,9.663574104779862,1.105619555786689,-0.003008673346489272,5.691477789623377,1781787693.0826566,None,None,None, None, 1781787693.1327748,1.036092607605367,arrived,none,0.0,nan,nan,0.0,0.0,nan,nan,nan
1781787693.3293877,72.84883141517639,0.0,0.0,0.2,6.026202466431641,9.66408942475456,1.1060947198326208,-0.002537536105091534,5.690962898308199,1781787693.2855666,9.663933708118954,1.1061744164454792,6.013087140417874, 1781787693.252437, 1781787693.330394,0.9995538776764267,arrived,none,0.0,nan,nan,0.0,0.0,nan,nan,nan
1781787693.529572,73.04901576042175,0.0,0.0,0.2,6.025670803140941,9.666481939631627,1.1054652479589393,-0.0024277371863761312,5.690481380483643,1781787693.4839067,None,None,None, None, 1781787693.4683664,1.065028928704373,arrived,none,0.0,nan,nan,0.0,0.0,nan,nan,nan
1781787693.730002,73.24944567680359,0.0,0.0,0.2,6.025076877757497,9.66883696625464,1.1048443903924028,-0.003392483818328702,5.6898493565708375,1781787693.670208,None,None,None, None, 1781787693.671209,1.0001552316592854,arrived,none,0.0,nan,nan,0.0,0.0,nan,nan,nan
1781787693.9303684,73.44981217384338,0.0,0.0,0.2,6.024566522779675,9.6711555670669,1.1042316132309358,-0.002413356309702618,5.689363467043242,1781787693.8715415,None,None,None, None, 1781787693.888622,0.9902046485473005,arrived,none,0.0,nan,nan,0.0,0.0,nan,nan,nan
1781787694.1297805,73.64922428131104,0.0,0.0,0.2,6.02412861826876,9.673438943631789,1.103626969357851,-0.001999109299725753,5.68886334511858,1781787694.1217139,None,None,None, None, 1781787694.1045563,1.0743494426074691,arrived,none,0.0,nan,nan,0.0,0.0,nan,nan,nan
1781787694.3300078,73.84945154190063,0.0,0.0,0.2,6.0198816240051665,9.674394305152394,1.103949447453406,-0.0023733710239560225,5.6885023744203185,1781787694.2738059,9.674310097862692,1.1040092603143707,6.0088391178157305, 1781787694.257406, 1781787694.2584178,1.0041617208226956,arrived,none,0.0,nan,nan,0.0,0.0,nan,nan,nan
1781787694.5310206,74.05046439170837,0.0,0.0,0.2,6.019238014367127,9.67634675352662,1.1034226446684263,-0.004131903373163245,5.68761072228511,1781787694.4896028,None,None,None, None, 1781787694.5207303,0.9745309314993158,arrived,none,0.0,nan,nan,0.0,0.0,nan,nan,nan
1781787694.7306082,74.25005197525024,0.0,0.0,0.2,6.018749499636555,9.678273648179454,1.1029012891409278,-0.001983956906058146,5.687239541108112,1781787694.6766942,None,None,None, None, 1781787694.726132,0.9470944033033682,arrived,none,0.0,nan,nan,0.0,0.0,nan,nan,nan
1781787694.9294953,74.44893908500671,0.0,0.0,0.2,6.018311457516986,9.680175828805627,1.1023857389076306,-0.002037981466282564,5.686828366604236,1781787694.87845,None,None,None, None, 1781787694.87845,0.9621248575850876,arrived,none,0.0,nan,nan,0.0,0.0,nan,nan,nan
1781787695.129899,74.64934277534485,0.0,0.0,0.2,6.017925441731006,9.682053942964421,1.1018758848187873,-0.0018018896818381874,5.6864389619595945,1781787695.094559,None,None,None, None, 1781787695.078527,1.0842152523116582,arrived,none,0.0,nan,nan,0.0,0.0,nan,nan,nan
1781787695.3308887,74.85033249855042,0.0,0.0,0.2,6.013462815811783,9.682059840606188,1.1023529637944482,-0.014617240870914178,5.683779935632372,1781787695.2764692,9.681939521338883,1.1024168264144407,6.005708185366965, 1781787695.263901, 1781787695.326146,1.0640778197189484,arrived,none,0.0,nan,nan,0.0,0.0,nan,nan,nan
1781787695.5296557,75.04909944534302,0.0,0.0,0.2,6.012547450359023,9.683529068851733,1.1019456576547344,-0.0018468862032526732,5.683369792368545,1781787695.498542,None,None,None, None, 1781787695.5296557,1.0002076300966847,arrived,none,0.0,nan,nan,0.0,0.0,nan,nan,nan
1781787695.7461855,75.26562929153442,0.0,0.0,0.2,6.011915074110985,9.684983140930113,1.1015415217048024,-0.001882240539728834,5.682986345741258,1781787695.7022603,None,None,None, None, 1781787695.7164598,1.0688693478132465,arrived,none,0.0,nan,nan,0.0,0.0,nan,nan,nan
1781787695.9302292,75.44967293739319,0.0,0.0,0.2,6.011418674699913,9.686422536006937,1.1011406947588205,-0.0018849855254105962,5.6825731598068865,1781787695.9214587,None,None,None, None, 1781787695.906916,1.07409328124631,arrived,none,0.0,nan,nan,0.0,0.0,nan,nan,nan
1781787696.1300855,75.6495292186737,0.0,0.0,0.2,6.010839728477161,9.687847623896124,1.1007432005432356,-0.003247740119828441,5.682055086787202,1781787696.0809767,None,None,None, None, 1781787696.0729442,1.0520446906636007,arrived,none,0.0,nan,nan,0.0,0.0,nan,nan,nan
1781787696.3294063,75.84885001182556,0.0,0.0,0.2,6.008464834116113,9.689146597622415,1.1008803240615175,-0.00157586263642532,5.6817229487770815,1781787696.2917426,9.689139309923279,1.100914919428963,6.002743111853633, 1781787696.273696, 1781787696.2917426,1.010472086353452,arrived,none,0.0,nan,nan,0.0,0.0,nan,nan,nan
1781787696.5292985,76.04874229431152,0.0,0.0,0.2,6.008090549602601,9.690497689940884,1.1004992037833576,-0.0015296188901218744,5.681436653247744,1781787696.4789104,None,None,None, None, 1781787696.495142,0.9433257768265078,arrived,none,0.0,nan,nan,0.0,0.0,nan,nan,nan
1781787696.7297187,76.24916243553162,0.0,0.0,0.2,6.0077542074079116,9.691835902188666,1.100121234044555,-0.0015845537658019306,5.681115946414674,1781787696.6813061,None,None,None, None, 1781787696.6813061,0.9006061278513113,arrived,none,0.0,nan,nan,0.0,0.0,nan,nan,nan
1781787696.9295113,76.44895505905151,0.0,0.0,0.2,6.0074161485624975,9.693161497444489,1.0997463739667728,-0.001772420996625917,5.680704896249536,1781787696.9132206,None,None,None, None, 1781787696.8806114,1.0960655116124915,arrived,none,0.0,nan,nan,0.0,0.0,nan,nan,nan
1781787697.132143,76.65158677101135,0.0,0.0,0.2,6.0071075257867435,9.694474699305943,1.0993745428376416,-0.0015233347744224952,5.680486969476775,1781787697.1341288,None,None,None, None, 1781787697.068863,0.9063099611554409,arrived,none,0.0,nan,nan,0.0,0.0,nan,nan,nan
1781787697.3298264,76.84927010536194,0.0,0.0,0.2,6.005099985434686,9.695486383999715,1.099558314413091,-0.0015445545045546724,5.68015527668563,1781787697.2710295,9.69546755131551,1.0995942765556417,6.000135409467954, 1781787697.285061, 1781787697.2710295,1.074974078169064,arrived,none,0.0,nan,nan,0.0,0.0,nan,nan,nan
1781787697.5293696,77.0488133430481,0.0,0.0,0.2,6.004801229682644,9.696698128016315,1.099212182233305,-0.0014547401590104623,5.679844440599361,1781787697.4847007,None,None,None, None, 1781787697.4547658,1.011535276168663,arrived,none,0.0,nan,nan,0.0,0.0,nan,nan,nan
1781787697.7470028,77.26644659042358,0.0,0.0,0.2,6.004391391100502,9.697899149654003,1.098868741023487,-0.0026478273484747427,5.679321869710281,1781787697.682059,None,None,None, None, 1781787697.6860595,1.0464013453166994,arrived,none,0.0,nan,nan,0.0,0.0,nan,nan,nan
1781787697.9299445,77.44938826560974,0.0,0.0,0.2,6.00409152525575,9.699089515728362,1.0985277654234116,-0.0012251044381916764,5.679047918942,1781787697.9056733,None,None,None, None, 1781787697.9056733,0.9602901666464941,arrived,none,0.0,nan,nan,0.0,0.0,nan,nan,nan
1781787698.1294827,77.64892649650574,0.0,0.0,0.2,6.003826995602106,9.700269530587958,1.0981894172059388,-0.0012056414516698653,5.678807153927591,1781787698.105372,None,None,None, None, 1781787698.1207817,1.0641206578099014,arrived,none,0.0,nan,nan,0.0,0.0,nan,nan,nan
1781787698.329475,77.84891867637634,0.0,0.0,0.2,6.002097831655297,9.701133277082047,1.0983815946818596,-0.0012671200072946023,5.678532067128045,1781787698.322468,9.701113354925852,1.0984159520988719,5.9978059914775175, 1781787698.288781, 1781787698.305848,1.0771510833532654,arrived,none,0.0,nan,nan,0.0,0.0,nan,nan,nan
1781787698.5295498,78.0489935874939,0.0,0.0,0.2,6.00184361038038,9.702213991788778,1.0980694051313908,-0.0012369552229475691,5.67828275908928,1781787698.5240178,None,None,None, None, 1781787698.5240178,1.0035502089980826,arrived,none,0.0,nan,nan,0.0,0.0,nan,nan,nan
1781787698.7299056,78.24934935569763,0.0,0.0,0.2,6.000747798398399,9.703285782539055,1.0977595107063096,-0.009458222052345465,5.676373403333223,1781787698.7258904,None,None,None, None, 1781787698.7248755,1.0977123066602137,arrived,none,0.0,nan,nan,0.0,0.0,nan,nan,nan
1781787698.9432933,78.46273708343506,0.0,0.0,0.2,6.000206951184682,9.7043479208233,1.09745076877026,-0.0012017344079637516,5.6762037521648345,1781787698.8670623,None,None,None, None, 1781787698.8831007,1.0707565302221818,arrived,none,0.0,nan,nan,0.0,0.0,nan,nan,nan
1781787699.1298146,78.64925837516785,0.0,0.0,0.2,5.9998189650107125,9.705401210041542,1.0971441639024697,-0.0011871307029133944,5.675924904788594,1781787699.1019542,None,None,None, None, 1781787699.1019542,1.0049960200427168,arrived,none,0.0,nan,nan,0.0,0.0,nan,nan,nan
1781787699.3299513,78.84939503669739,0.0,0.0,0.2,5.99846088071107,9.706100871045727,1.0973471928007292,-0.002235825866109811,5.675592721074072,1781787699.2505274,9.706078416250415,1.0973802192722086,5.995753065998439, 1781787699.299787, 1781787699.3178594,1.0518389028179556,arrived,none,0.0,nan,nan,0.0,0.0,nan,nan,nan
1781787699.5300832,79.04952692985535,0.0,0.0,0.2,5.9980798087236495,9.707052454169213,1.0970684753359516,-0.00175195677717166,5.675122907389506,1781787699.5186925,None,None,None, None, 1781787699.4570646,1.0881427709684242,arrived,none,0.0,nan,nan,0.0,0.0,nan,nan,nan
1781787699.7298143,79.24925804138184,0.0,0.0,0.2,5.997791389246806,9.707996540518025,1.0967915882557029,-0.0011085653632544787,5.674950655319976,1781787699.6740754,None,None,None, None, 1781787699.6899226,0.9524594485548262,arrived,none,0.0,nan,nan,0.0,0.0,nan,nan,nan
1781787699.9303966,79.44984030723572,0.0,0.0,0.2,5.9975603152016745,9.70893333194417,1.0965165871052758,-0.0009390396197317969,5.674731109485688,1781787699.9078736,None,None,None, None, 1781787699.906873,0.907002502649984,arrived,none,0.0,nan,nan,0.0,0.0,nan,nan,nan
1781787700.1301143,79.64955806732178,0.0,0.0,0.2,5.997340617140342,9.70986298633711,1.0962434757759576,-0.0010717551225120023,5.674498311964068,1781787700.125085,None,None,None, None, 1781787700.1085486,0.9137858624096714,arrived,none,0.0,nan,nan,0.0,0.0,nan,nan,nan
1781787700.330279,79.84972286224365,0.0,0.0,0.2,5.996297577803842,9.710597330136748,1.0964112685161216,-0.0011060778520638034,5.674275269361429,1781787700.326737,9.71058507658824,1.0964398419703139,5.993889382521613, 1781787700.310979, 1781787700.313982,0.9472826112545472,arrived,none,0.0,nan,nan,0.0,0.0,nan,nan,nan
1781787700.5415514,80.06099510192871,0.0,0.0,0.2,5.996090342407333,9.711458274655724,1.096157167489078,-0.001006195956858478,5.674132732147075,1781787700.4683964,None,None,None, None, 1781787700.4683964,0.9266296893312598,arrived,none,0.0,nan,nan,0.0,0.0,nan,nan,nan
1781787700.7300563,80.24950003623962,0.0,0.0,0.2,5.996085435972907,9.712312838522337,1.0959048559788382,-0.0010220067391329927,5.673909512715757,1781787700.6868093,None,None,None, None, 1781787700.7138968,0.9803003714432169,arrived,none,0.0,nan,nan,0.0,0.0,nan,nan,nan
1781787700.9304907,80.44993448257446,0.0,0.0,0.2,5.996079007189854,9.713161277834155,1.0956543482286512,-0.0009930052642219548,5.673712995970522,1781787700.8847103,None,None,None, None, 1781787700.9158988,1.037905478052971,arrived,none,0.0,nan,nan,0.0,0.0,nan,nan,nan
1781787701.129744,80.64918780326843,0.0,0.0,0.2,5.996053177896626,9.714003678570926,1.095405617523021,-0.0011336946699290612,5.673485037146231,1781787701.0857863,None,None,None, None, 1781787701.1185927,1.0538584446689048,arrived,none,0.0,nan,nan,0.0,0.0,nan,nan,nan
1781787701.3295517,80.84899544715881,0.0,0.0,0.2,5.9950960013930406,9.71437658082876,1.0956244617478732,-0.0010060803835266457,5.673297841321086,1781787701.3310583,9.714346414422533,1.0956547783568849,5.992333661248718, 1781787701.313481, 1781787701.3320594,0.9095998002375817,arrived,none,0.0,nan,nan,0.0,0.0,nan,nan,nan
1781787701.5301301,81.04957389831543,0.0,0.0,0.2,5.995104110484009,9.715104214341654,1.0954088398330248,-0.0008960076365675145,5.673115362531955,1781787701.4755085,None,None,None, None, 1781787701.45939,0.9536092938992722,arrived,none,0.0,nan,nan,0.0,0.0,nan,nan,nan
1781787701.7298608,81.24930453300476,0.0,0.0,0.2,5.995098298340013,9.715826969152376,1.095194670014784,-0.0009415363529140628,5.6729401877313625,1781787701.6615605,None,None,None, None, 1781787701.6756136,0.934359241420966,arrived,none,0.0,nan,nan,0.0,0.0,nan,nan,nan
1781787701.9300673,81.44951105117798,0.0,0.0,0.2,5.995084120775766,9.716544897497768,1.0949819258564286,-0.0009846337124013625,5.672683223297208,1781787701.9225352,None,None,None, None, 1781787701.8790884,0.9154014131247226,arrived,none,0.0,nan,nan,0.0,0.0,nan,nan,nan
1781787702.1292045,81.64864826202393,0.0,0.0,0.2,5.995032057620106,9.717258055749873,1.094770584224073,-0.0013251985493399913,5.672418150981098,1781787702.1225598,None,None,None, None, 1781787702.076455,0.908233538956919,arrived,none,0.0,nan,nan,0.0,0.0,nan,nan,nan
1781787702.329441,81.84888482093811,0.0,0.0,0.2,5.993941857148313,9.718159212333244,1.0948387232835624,-0.0009241960906980921,5.6722313369823505,1781787702.3246965,9.718171755904113,1.0948568230648328,5.990748713894493, 1781787702.324696, 1781787702.2785013,0.963605573588259,arrived,none,0.0,nan,nan,0.0,0.0,nan,nan,nan
1781787702.5294447,82.04888844490051,0.0,0.0,0.2,5.993943851249196,9.7188804211508,1.094624099435617,-0.0009659433729314955,5.672096409724482,1781787702.464381,None,None,None, None, 1781787702.482433,0.9222090579393653,arrived,none,0.0,nan,nan,0.0,0.0,nan,nan,nan
1781787702.7303488,82.24979257583618,0.0,0.0,0.2,5.993935326315734,9.719596695818124,1.0944109454915731,-0.0009993818105644434,5.671862081683171,1781787702.698854,None,None,None, None, 1781787702.6867905,1.0809202822634119,arrived,none,0.0,nan,nan,0.0,0.0,nan,nan,nan
1781787702.9298,82.4492437839508,0.0,0.0,0.2,5.993413035429973,9.720308093438062,1.094199236291144,-0.005731193813616649,5.6707035352744315,1781787702.9010015,None,None,None, None, 1781787702.8846688,1.0332488681917273,arrived,none,0.0,nan,nan,0.0,0.0,nan,nan,nan
1781787703.1301742,82.64961791038513,0.0,0.0,0.2,5.993061975272066,9.721014125868786,1.0939885071737339,-0.000909444412820382,5.670503391561744,1781787703.121074,None,None,None, None, 1781787703.0899706,1.0907153430909824,arrived,none,0.0,nan,nan,0.0,0.0,nan,nan,nan
1781787703.330005,82.84944868087769,0.0,0.0,0.2,5.992807056208922,9.721715107248805,1.0937790892422314,-0.0008131661652414476,5.670342539409639,1781787703.3188837,None,None,None, None, 1781787703.2597487,0.9926304559316192,arrived,none,0.0,nan,nan,0.0,0.0,nan,nan,nan
1781787703.5303042,83.04974794387817,0.0,0.0,0.2,5.991712067547494,9.721751020268652,1.0940924767244333,-0.0008792238631446705,5.670168180824312,1781787703.5171933,9.72172124806589,1.0941159950130521,5.989278941288352, 1781787703.333013, 1781787703.4717333,0.9584186309953998,arrived,none,0.0,nan,nan,0.0,0.0,nan,nan,nan
1781787703.7294245,83.248868227005,0.0,0.0,0.2,5.990986219984056,9.722317511864198,1.0939224496769444,-0.006348553171506863,5.668977096029563,1781787703.7048085,None,None,None, None, 1781787703.721906,1.032435664936022,arrived,none,0.0,nan,nan,0.0,0.0,nan,nan,nan
1781787703.9298537,83.4492974281311,0.0,0.0,0.2,5.990600106911083,9.722879702901759,1.0937531432053724,-0.0007778526687756546,5.6688196566334375,1781787703.907211,None,None,None, None, 1781787703.9220424,1.0659406333225778,arrived,none,0.0,nan,nan,0.0,0.0,nan,nan,nan
1781787704.1301677,83.6496114730835,0.0,0.0,0.2,5.990318162613096,9.723438023029534,1.0935848381980322,-0.000902482760235951,5.668626181925619,1781787704.1215916,None,None,None, None, 1781787704.1215916,1.0719615685586004,arrived,none,0.0,nan,nan,0.0,0.0,nan,nan,nan
1781787704.329811,83.84925484657288,0.0,0.0,0.2,5.990108789149136,9.723992608731882,1.093417522840406,-0.0007327857809581859,5.66847890999692,1781787704.322567,None,None,None, None, 1781787704.322567,0.9367533649246266,arrived,none,0.0,nan,nan,0.0,0.0,nan,nan,nan
1781787704.529621,84.04906463623047,0.0,0.0,0.2,5.989399619108835,9.725026392347097,1.0934095102824648,-0.0007520094407783118,5.668363677833582,1781787704.4757993,9.725057580703107,1.0934197366842717,5.987896598190392, 1781787704.335327, 1781787704.5209181,0.907885230242073,arrived,none,0.0,nan,nan,0.0,0.0,nan,nan,nan
1781787704.7313771,84.25082087516785,0.0,0.0,0.2,5.989416581279398,9.725647032607053,1.0932217416085241,-0.00073242179978247,5.668203918600916,1781787704.693924,None,None,None, None, 1781787704.7227957,0.9657705807160961,arrived,none,0.0,nan,nan,0.0,0.0,nan,nan,nan
1781787704.9301803,84.44962406158447,0.0,0.0,0.2,5.989419344461408,9.726263551188149,1.0930352313230485,-0.00075478643511919,5.6680757695082855,1781787704.8637059,None,None,None, None, 1781787704.8637059,0.9897822225201623,arrived,none,0.0,nan,nan,0.0,0.0,nan,nan,nan
1781787705.1298857,84.64932942390442,0.0,0.0,0.2,5.989359385483549,9.726875988802439,1.0928499574659796,-0.0012782049936239288,5.667818985034796,1781787705.0646005,None,None,None, None, 1781787705.07977,0.9388022524542775,arrived,none,0.0,nan,nan,0.0,0.0,nan,nan,nan
1781787705.3300767,84.84952044487,0.0,0.0,0.2,5.989380641818607,9.727484337570447,1.0926658807466618,-0.0007100513118751025,5.667665605260789,1781787705.2806127,None,None,None, None, 1781787705.326016,1.049460437782716,arrived,none,0.0,nan,nan,0.0,0.0,nan,nan,nan
1781787705.5301163,85.04956007003784,0.0,0.0,0.2,5.988657436597838,9.728222887046648,1.0927408918541364,-0.0007497121575888959,5.66751586477572,1781787705.4803433,9.728231593384612,1.0927576272599169,5.9865799135084705, 1781787705.340804, 1781787705.4507139,0.9587056836577525,arrived,none,0.0,nan,nan,0.0,0.0,nan,nan,nan
1781787705.7304292,85.24987292289734,0.0,0.0,0.2,5.988658189038761,9.728831938030432,1.0925561358907765,-0.0007600129415760102,5.66734940283856,1781787705.6993685,None,None,None, None, 1781787705.6851513,0.9861129816227272,arrived,none,0.0,nan,nan,0.0,0.0,nan,nan,nan
1781787705.9300294,85.4494731426239,0.0,0.0,0.2,5.988659117353178,9.729436878395763,1.092372627382937,-0.0007081474353603684,5.667206231849557,1781787705.9015453,None,None,None, None, 1781787705.9015453,1.0917990213202742,arrived,none,0.0,nan,nan,0.0,0.0,nan,nan,nan
1781787706.1295767,85.6490204334259,0.0,0.0,0.2,5.988143561201941,9.73003776363059,1.092190349607058,-0.0054471271147219225,5.666109132170396,1781787706.1029541,None,None,None, None, 1781787706.100956,1.062238765578469,arrived,none,0.0,nan,nan,0.0,0.0,nan,nan,nan
1781787706.3368661,85.85630989074707,0.0,0.0,0.2,5.98783196755605,9.730634082249619,1.0920089543704552,-0.0007418701451521772,5.665981020800817,1781787706.2756412,None,None,None, None, 1781787706.263048,1.0357135681375746,arrived,none,0.0,nan,nan,0.0,0.0,nan,nan,nan
1781787706.5295312,86.04897499084473,0.0,0.0,0.2,5.987060608047608,9.730946733320925,1.0921723780808907,-0.0006266912800716795,5.665853130957619,1781787706.4797127,9.73092854831757,1.0921947441368813,5.98546183576377, 1781787706.342899, 1781787706.4797127,0.9926453961288007,arrived,none,0.0,nan,nan,0.0,0.0,nan,nan,nan
1781787706.7299943,86.24943804740906,0.0,0.0,0.2,5.986870781186929,9.731469147608607,1.0920129243870162,-0.0006952518691501524,5.665714015075057,1781787706.679807,None,None,None, None, 1781787706.6656275,1.060016517755329,arrived,none,0.0,nan,nan,0.0,0.0,nan,nan,nan
1781787706.9454389,86.4648826122284,0.0,0.0,0.2,5.986893764137319,9.731987976691695,1.091854524468779,-0.0006911488841930704,5.665562462251579,1781787706.8990836,None,None,None, None, 1781787706.8784854,1.0452315651168655,arrived,none,0.0,nan,nan,0.0,0.0,nan,nan,nan
1781787707.1300743,86.64951801300049,0.0,0.0,0.2,5.986904876024268,9.732503462212211,1.0916971583007902,-0.0006636296161242686,5.66541768819424,1781787707.1172385,None,None,None, None, 1781787707.1026707,1.048796925963292,arrived,none,0.0,nan,nan,0.0,0.0,nan,nan,nan
1781787707.3301735,86.84961724281311,0.0,0.0,0.2,5.986907165446136,9.733015635583643,1.0915408094792123,-0.0006566515653553357,5.665285575686423,1781787707.3184297,None,None,None, None, 1781787707.3184297,0.9018922834849259,arrived,none,0.0,nan,nan,0.0,0.0,nan,nan,nan
1781787707.5300162,87.04945993423462,0.0,0.0,0.2,5.986251765437628,9.733577761574278,1.091625603159,-0.0006498506117121921,5.665164056387338,1781787707.5054255,9.73358122582826,1.0916412314298065,5.984361496204124, 1781787707.348523, 1781787707.5215402,1.0375072875571543,arrived,none,0.0,nan,nan,0.0,0.0,nan,nan,nan
1781787707.7293062,87.24874997138977,0.0,0.0,0.2,5.986250304439581,9.734079230125529,1.0914721640429503,-0.0006621746130543873,5.665029415133795,1781787707.7087574,None,None,None, None, 1781787707.6610599,0.9910678175145006,arrived,none,0.0,nan,nan,0.0,0.0,nan,nan,nan
1781787707.9296749,87.44911861419678,0.0,0.0,0.2,5.9858013746985375,9.734577410657462,1.0913197301975517,-0.00494423384556585,5.663954493535577,1781787707.9261665,None,None,None, None, 1781787707.8794134,0.976567309776066,arrived,none,0.0,nan,nan,0.0,0.0,nan,nan,nan
1781787708.1294067,87.648850440979,0.0,0.0,0.2,5.985516039844043,9.735071857213729,1.0911680701266218,-0.0006574641520192342,5.663822525873018,1781787708.1268888,None,None,None, None, 1781787708.0798023,1.034194129963214,arrived,none,0.0,nan,nan,0.0,0.0,nan,nan,nan
1781787708.3291757,87.84861946105957,0.0,0.0,0.2,5.985314023896174,9.735562830399644,1.091017366263804,-0.0006063319347106042,5.66370908496686,1781787708.3139825,None,None,None, None, 1781787708.3301837,0.9696302871513286,arrived,none,0.0,nan,nan,0.0,0.0,nan,nan,nan
1781787708.5303314,88.04977512359619,0.0,0.0,0.2,5.984668905167769,9.736201587212033,1.0910787942605733,-0.0006288271102324215,5.663582849952654,1781787708.5147293,9.73621142303968,1.0910925383042682,5.983269568556336, 1781787708.358799, 1781787708.5147293,0.9727440954444562,arrived,none,0.0,nan,nan,0.0,0.0,nan,nan,nan
1781787708.7294488,88.24889254570007,0.0,0.0,0.2,5.984687812756489,9.736699879229636,1.0909254641101702,-0.0006539029360317498,5.663461731710258,1781787708.6999528,None,None,None, None, 1781787708.6999528,1.0566926394604497,arrived,none,0.0,nan,nan,0.0,0.0,nan,nan,nan
1781787708.9302819,88.44972562789917,0.0,0.0,0.2,5.984699522778263,9.737194884191675,1.0907731556698355,-0.0006053535871384595,5.663338128448583,1781787708.9041364,None,None,None, None, 1781787708.9041364,0.9136998307378599,arrived,none,0.0,nan,nan,0.0,0.0,nan,nan,nan
1781787709.1311133,88.65055704116821,0.0,0.0,0.2,5.984704258226275,9.737686638174274,1.0906218538293524,-0.000584211025532509,5.663209646856589,1781787709.1240597,None,None,None, None, 1781787709.1106875,0.9305862815850499,arrived,none,0.0,nan,nan,0.0,0.0,nan,nan,nan
1781787709.3297708,88.84921455383301,0.0,0.0,0.2,5.9847087773510435,9.738175176768115,1.090471543825431,-0.0005304640112497323,5.663101071500816,1781787709.3287396,None,None,None, None, 1781787709.2883637,0.910678985127064,arrived,none,0.0,nan,nan,0.0,0.0,nan,nan,nan
1781787709.529741,89.04918479919434,0.0,0.0,0.2,5.984061346053207,9.73874725987939,1.0905474507511153,-0.000625778595148861,5.663016801466158,1781787709.463404,9.738752903504688,1.090562109266578,5.982215232861105, 1781787709.371897, 1781787709.5240574,1.0603572413005793,arrived,none,0.0,nan,nan,0.0,0.0,nan,nan,nan
1781787709.729996,89.24943971633911,0.0,0.0,0.2,5.984058469642898,9.739231625983866,1.0903980835576763,-0.0006086294794974228,5.662876145256885,1781787709.6945071,None,None,None, None, 1781787709.6650565,0.9565542977951905,arrived,none,0.0,nan,nan,0.0,0.0,nan,nan,nan
1781787709.9297283,89.4491720199585,0.0,0.0,0.2,5.984048469345444,9.739712757428144,1.0902497123423522,-0.000651422522912409,5.662745223479255,1781787709.8954854,None,None,None, None, 1781787709.8954854,1.0609148826161767,arrived,none,0.0,nan,nan,0.0,0.0,nan,nan,nan
1781787710.1296241,89.64906787872314,0.0,0.0,0.2,5.98314261260786,9.740190689833252,1.090102322412066,-0.008950316577547439,5.660801378665259,1781787710.112667,None,None,None, None, 1781787710.112667,1.0118278678985295,arrived,none,0.0,nan,nan,0.0,0.0,nan,nan,nan
1781787710.329326,89.8487696647644,0.0,0.0,0.2,5.982725479541846,9.740664483567727,1.0899555349600962,-0.0005941926939221912,5.660673853386924,1781787710.3272865,None,None,None, None, 1781787710.3272865,0.9215588348154101,arrived,none,0.0,nan,nan,0.0,0.0,nan,nan,nan
1781787710.529335,90.04877877235413,0.0,0.0,0.2,5.98215721560214,9.741027178462799,1.090071910971685,-0.0005263774516966122,5.660602026269673,1781787710.463742,9.741020176126627,1.090088975694646,5.981274356219208, 1781787710.374875, 1781787710.512833,0.9860569676371486,arrived,none,0.0,nan,nan,0.0,0.0,nan,nan,nan
1781787710.7306452,90.25008893013,0.0,0.0,0.2,5.981952012792864,9.741461906554346,1.0899368734497799,-0.0005370498024093016,5.660476927575503,1781787710.6966789,None,None,None, None, 1781787710.7296448,0.9148544950445916,arrived,none,0.0,nan,nan,0.0,0.0,nan,nan,nan
1781787710.9300869,90.44953060150146,0.0,0.0,0.2,5.981801338372158,9.741893564679458,1.0898027147775116,-0.0005182179564709944,5.660372234378556,1781787710.8987043,None,None,None, None, 1781787710.9320915,1.00097010514972,arrived,none,0.0,nan,nan,0.0,0.0,nan,nan,nan
1781787711.1297023,90.64914608001709,0.0,0.0,0.2,5.981811730480978,9.742322256610766,1.08966945447627,-0.0006501861550637023,5.660251833714729,1781787711.083883,None,None,None, None, 1781787711.0708256,1.0288161464035384,arrived,none,0.0,nan,nan,0.0,0.0,nan,nan,nan
1781787711.3296473,90.84909105300903,0.0,0.0,0.2,5.981830340876839,9.742748173138365,1.0895370617722833,-0.0004926458705035957,5.660142921530518,1781787711.304959,None,None,None, None, 1781787711.272869,0.9026713012862647,arrived,none,0.0,nan,nan,0.0,0.0,nan,nan,nan
1781787711.5301552,91.04959893226624,0.0,0.0,0.2,5.981426912654826,9.743145700792871,1.0896312352710273,-0.0009770461607664354,5.6599792516043586,1781787711.5371919,9.743144030979948,1.0896459244099643,5.980392081366432, 1781787711.380427, 1781787711.4734745,1.0171595443987589,arrived,none,0.0,nan,nan,0.0,0.0,nan,nan,nan
1781787711.730322,91.24976563453674,0.0,0.0,0.2,5.981445669309165,9.743549517175552,1.0895055417872528,-0.0005221132311182508,5.659873163495321,1781787711.675664,None,None,None, None, 1781787711.675664,0.932687205569463,arrived,none,0.0,nan,nan,0.0,0.0,nan,nan,nan
1781787711.929991,91.44943475723267,0.0,0.0,0.2,5.981458322124243,9.743950709424407,1.0893806733557876,-0.0004717851923111625,5.659778065963018,1781787711.8772335,None,None,None, None, 1781787711.893595,0.9410362878633669,arrived,none,0.0,nan,nan,0.0,0.0,nan,nan,nan
1781787712.1308885,91.65033221244812,0.0,0.0,0.2,5.981453502818651,9.744349305486814,1.0892566185020705,-0.0005522597457367065,5.659639123716144,1781787712.128822,None,None,None, None, 1781787712.1112373,0.9990405004328874,arrived,none,0.0,nan,nan,0.0,0.0,nan,nan,nan
1781787712.3303823,91.8498260974884,0.0,0.0,0.2,5.981453029019343,9.744745321108608,1.0891333646642083,-0.0004985444473708248,5.659547381308067,1781787712.3128426,None,None,None, None, 1781787712.3128426,0.9125021929026161,arrived,none,0.0,nan,nan,0.0,0.0,nan,nan,nan
1781787712.531172,92.0506157875061,0.0,0.0,0.2,5.980945269916331,9.745305832621701,1.0891813489295359,-0.0005326735573737609,5.659465105083264,1781787712.4673016,9.745316703513442,1.0891924416299417,5.979490517264461, 1781787712.390005, 1781787712.4542794,0.9050610815487886,arrived,none,0.0,nan,nan,0.0,0.0,nan,nan,nan
1781787712.7304063,92.24985003471375,0.0,0.0,0.2,5.980943314729213,9.74571536933858,1.0890536585184276,-0.0005222688815411439,5.659343832056048,1781787712.6995058,None,None,None, None, 1781787712.6995058,0.9899603708776855,arrived,none,0.0,nan,nan,0.0,0.0,nan,nan,nan
1781787712.9295297,92.4489734172821,0.0,0.0,0.2,5.980945387829143,9.746122196910846,1.0889268119251043,-0.00045907192265949137,5.659244696234905,1781787712.9154541,None,None,None, None, 1781787712.8988788,0.9420698034963598,arrived,none,0.0,nan,nan,0.0,0.0,nan,nan,nan
1781787713.1293514,92.64879512786865,0.0,0.0,0.2,5.9809405955540065,9.746526355231989,1.0888007985088735,-0.0004856788689831568,5.659153192700224,1781787713.1038575,None,None,None, None, 1781787713.1184895,1.000921744775388,arrived,none,0.0,nan,nan,0.0,0.0,nan,nan,nan
1781787713.330086,92.84952974319458,0.0,0.0,0.2,5.980933535118137,9.746927872136908,1.0886756065544048,-0.0004958803534998224,5.659077355106212,1781787713.2567928,None,None,None, None, 1781787713.2976604,1.0703363130523627,arrived,none,0.0,nan,nan,0.0,0.0,nan,nan,nan
1781787713.5295537,93.04899740219116,0.0,0.0,0.2,5.980338815457829,9.747373479234586,1.0887497336814573,-0.0005111246352492621,5.658943569094741,1781787713.518541,9.747376518448329,1.0887626526372751,5.978635139704581, 1781787713.393713, 1781787713.5040476,1.0638959860753756,arrived,none,0.0,nan,nan,0.0,0.0,nan,nan,nan
1781787713.729543,93.24898672103882,0.0,0.0,0.2,5.9803410192271285,9.747766545034922,1.0886269171763043,-0.00045855498416979705,5.658850025956952,1781787713.7225366,None,None,None, None, 1781787713.7225366,1.0847640975420167,arrived,none,0.0,nan,nan,0.0,0.0,nan,nan,nan
1781787713.929431,93.44887471199036,0.0,0.0,0.2,5.980333351044784,9.748157017241478,1.0885049120044767,-0.0005163285579477213,5.658770508751229,1781787713.8765416,None,None,None, None, 1781787713.8629673,0.9497411773456786,arrived,none,0.0,nan,nan,0.0,0.0,nan,nan,nan
1781787714.1303482,93.64979195594788,0.0,0.0,0.2,5.980325589569353,9.748544919704829,1.0883837064980266,-0.0005167976273745293,5.658665509220695,1781787714.079715,None,None,None, None, 1781787714.1208403,0.9567345630414689,arrived,none,0.0,nan,nan,0.0,0.0,nan,nan,nan
1781787714.3292887,93.84873247146606,0.0,0.0,0.2,5.980323793727646,9.748930285935678,1.0882632901895675,-0.0004627287632508364,5.658572302058791,1781787714.2811444,None,None,None, None, 1781787714.3272712,1.014013391989215,arrived,none,0.0,nan,nan,0.0,0.0,nan,nan,nan
1781787714.530126,94.04956984519958,0.0,0.0,0.2,5.979676827333364,9.749365859416606,1.088334507199723,-0.00046249539824649123,5.6584801021128035,1781787714.4804976,9.749369289423168,1.0883469279816416,5.977807127550996, 1781787714.394526, 1781787714.4646075,1.0717935184274556,arrived,none,0.0,nan,nan,0.0,0.0,nan,nan,nan
1781787714.730249,94.24969267845154,0.0,0.0,0.2,5.979643625304853,9.7497443335791,1.0882159749036748,-0.0008082264809124143,5.658318213980858,1781787714.680798,None,None,None, None, 1781787714.6970582,0.9143342400619575,arrived,none,0.0,nan,nan,0.0,0.0,nan,nan,nan
1781787714.9294574,94.44890117645264,0.0,0.0,0.2,5.979657831313707,9.750120275682852,1.0880982219030646,-0.0004369605473634624,5.658229146331445,1781787714.8846326,None,None,None, None, 1781787714.9147,0.9106151724184118,arrived,none,0.0,nan,nan,0.0,0.0,nan,nan,nan
1781787715.1292765,94.64872026443481,0.0,0.0,0.2,5.979662603347292,9.750493768486757,1.0879812419012136,-0.00043874007557014993,5.6581463445900075,1781787715.0733588,None,None,None, None, 1781787715.117244,1.0402305008213664,arrived,none,0.0,nan,nan,0.0,0.0,nan,nan,nan
1781787715.329285,94.8487286567688,0.0,0.0,0.2,5.979659761947908,9.750864834216491,1.0878650240167924,-0.00046085351578960216,5.658047628219519,1781787715.2875621,None,None,None, None, 1781787715.3171759,1.0090836452902296,arrived,none,0.0,nan,nan,0.0,0.0,nan,nan,nan
1781787715.5304635,95.04990720748901,0.0,0.0,0.2,5.978995770441496,9.751122048196947,1.087968338770542,-0.00047491598399591233,5.6579467618583905,1781787715.49995,9.751114795128698,1.087982577060736,5.977082745200983, 1781787715.407253, 1781787715.5304635,0.9809843066222704,arrived,none,0.0,nan,nan,0.0,0.0,nan,nan,nan
1781787715.7301412,95.24958491325378,0.0,0.0,0.2,5.978944862601383,9.751457291785938,1.0878630948581296,-0.0009948185563959412,5.657738919857134,1781787715.7088745,None,None,None, None, 1781787715.7331724,1.0340945402825696,arrived,none,0.0,nan,nan,0.0,0.0,nan,nan,nan
1781787715.9297717,95.44921541213989,0.0,0.0,0.2,5.978967213548749,9.751790302209788,1.0877585333852904,-0.00043521963614811594,5.6576475801648,1781787715.9187448,None,None,None, None, 1781787715.9177418,1.043111926310081,arrived,none,0.0,nan,nan,0.0,0.0,nan,nan,nan
1781787716.129426,95.64886975288391,0.0,0.0,0.2,5.978975566336073,9.752121183951,1.0876546484190865,-0.00044582404927240706,5.657558426600716,1781787716.1187196,None,None,None, None, 1781787716.103187,1.0005242544745636,arrived,none,0.0,nan,nan,0.0,0.0,nan,nan,nan
1781787716.3296783,95.84912204742432,0.0,0.0,0.2,5.978917991536374,9.752449950090607,1.087551430692496,-0.0009809206187198578,5.657420081447346,1781787716.2597556,None,None,None, None, 1781787716.320524,0.973322521628253,arrived,none,0.0,nan,nan,0.0,0.0,nan,nan,nan
1781787716.5304554,96.04989910125732,0.0,0.0,0.2,5.978270825822355,9.752936126274617,1.0875911625506773,-0.00043704954581832165,5.657326597656691,1781787716.473653,9.752946510823435,1.0876004230229268,5.976321674166743, 1781787716.409967, 1781787716.473653,1.0829445320638635,arrived,none,0.0,nan,nan,0.0,0.0,nan,nan,nan
1781787716.7313373,96.25078105926514,0.0,0.0,0.2,5.978285142991119,9.75327924761174,1.08748317223496,-0.0004215921865461302,5.657249325027978,1781787716.6569407,None,None,None, None, 1781787716.6559415,1.021177718529835,arrived,none,0.0,nan,nan,0.0,0.0,nan,nan,nan
1781787716.9300678,96.44951152801514,0.0,0.0,0.2,5.978289685986783,9.753620140695368,1.0873758885798066,-0.00043107887214594563,5.657149013543898,1781787716.8896394,None,None,None, None, 1781787716.8890254,1.0270279970668252,arrived,none,0.0,nan,nan,0.0,0.0,nan,nan,nan
1781787717.1297963,96.64924001693726,0.0,0.0,0.2,5.978280554673263,9.753958824439048,1.0872693019247892,-0.0005123093053193032,5.6570470899472625,1781787717.0885887,None,None,None, None, 1781787717.075028,1.0234654304107267,arrived,none,0.0,nan,nan,0.0,0.0,nan,nan,nan
1781787717.329622,96.84906578063965,0.0,0.0,0.2,5.978281463170226,9.754295313372426,1.0871634026183334,-0.00042726155839085457,5.656955048036656,1781787717.3040116,None,None,None, None, 1781787717.3040116,0.9819374208405209,arrived,none,0.0,nan,nan,0.0,0.0,nan,nan,nan
1781787717.5309794,97.05042314529419,0.0,0.0,0.2,5.97759113478453,9.754706679567748,1.0872215179637172,-0.0004208878608950356,5.656868929422991,1781787717.5086234,9.754711692919614,1.0872321478652702,5.975588243817938, 1781787717.413761, 1781787717.5086234,1.0790999699969381,arrived,none,0.0,nan,nan,0.0,0.0,nan,nan,nan
1781787717.7300148,97.24945855140686,0.0,0.0,0.2,5.977595336077302,9.755042402679784,1.087115605240982,-0.000395277699000153,5.656783576455666,1781787717.724555,None,None,None, None, 1781787717.724555,1.0477721994570854,arrived,none,0.0,nan,nan,0.0,0.0,nan,nan,nan
1781787717.9291303,97.44857406616211,0.0,0.0,0.2,5.977592963742579,9.755375937472005,1.0870103844222678,-0.0004169750009121889,5.6567243450457605,1781787717.8666053,None,None,None, None, 1781787717.9286127,0.9757932121352593,arrived,none,0.0,nan,nan,0.0,0.0,nan,nan,nan
1781787718.1295478,97.64899158477783,0.0,0.0,0.2,5.977588252941988,9.755707305629846,1.0869058462512322,-0.000422575567477681,5.656615140049115,1781787718.1250324,None,None,None, None, 1781787718.1098228,1.003306653204723,arrived,none,0.0,nan,nan,0.0,0.0,nan,nan,nan
1781787718.330231,97.84967470169067,0.0,0.0,0.2,5.977583802989208,9.756036532773214,1.0868019818101742,-0.0004134443451519929,5.656543998078294,1781787718.297104,None,None,None, None, 1781787718.2687018,0.9631752859600549,arrived,none,0.0,nan,nan,0.0,0.0,nan,nan,nan
1781787718.5294993,98.04894304275513,0.0,0.0,0.2,5.9768862714213995,9.756427653918102,1.0868624699812741,-0.00041810495774720493,5.656460881467797,1781787718.4958975,9.756431819514797,1.0868731227808166,5.97487413948772, 1781787718.417293, 1781787718.4958975,0.9432775786735841,arrived,none,0.0,nan,nan,0.0,0.0,nan,nan,nan
1781787718.7301276,98.24957132339478,0.0,0.0,0.2,5.976886006709624,9.756753971639865,1.0867592714798449,-0.0004201238531838244,5.6563766238928945,1781787718.6964517,None,None,None, None, 1781787718.6964517,1.084161402537383,arrived,none,0.0,nan,nan,0.0,0.0,nan,nan,nan
1781787718.9301045,98.44954824447632,0.0,0.0,0.2,5.97686802123193,9.757078162451553,1.0866567455227292,-0.0005660906984737512,5.656279170088008,1781787718.868604,None,None,None, None, 1781787718.9138806,1.069501901444454,arrived,none,0.0,nan,nan,0.0,0.0,nan,nan,nan
1781787719.1301837,98.6496274471283,0.0,0.0,0.2,5.976581951856791,9.757400235670636,1.0865548828862488,-0.0030881679064578937,5.655480738485343,1781787719.1271493,None,None,None, None, 1781787719.1155753,1.0219033647822873,arrived,none,0.0,nan,nan,0.0,0.0,nan,nan,nan
1781787719.3301334,98.84957718849182,0.0,0.0,0.2,5.976403554869805,9.757719928310097,1.0864536203286517,-0.00041111537583104704,5.655402724950025,1781787719.31691,None,None,None, None, 1781787719.31691,0.9508805949073307,arrived,none,0.0,nan,nan,0.0,0.0,nan,nan,nan
1781787719.5302994,99.04974317550659,0.0,0.0,0.2,5.975882657538508,9.758088599643964,1.0865161146697433,-0.0003948533054855641,5.6553236216263265,1781787719.517246,9.758091931030878,1.0865267271003236,5.974184431155904, 1781787719.42368, 1781787719.5323038,1.0817087395882419,arrived,none,0.0,nan,nan,0.0,0.0,nan,nan,nan
1781787719.7296746,99.24911832809448,0.0,0.0,0.2,5.975913688796507,9.758403383995956,1.086416215985596,-0.00039233686292671453,5.655250913891462,1781787719.7025657,None,None,None, None, 1781787719.6688433,0.9001360686362733,arrived,none,0.0,nan,nan,0.0,0.0,nan,nan,nan
1781787719.9293475,99.44879126548767,0.0,0.0,0.2,5.975663355371635,9.758716156004699,1.086316966613646,-0.0029545404105833306,5.654617958998237,1781787719.916797,None,None,None, None, 1781787719.8867426,0.9629476402979507,arrived,none,0.0,nan,nan,0.0,0.0,nan,nan,nan
1781787720.1301668,99.64961051940918,0.0,0.0,0.2,5.975482209432525,9.75902663719252,1.0862183078787357,-0.0004125857664653251,5.6545602831181165,1781787720.0565882,None,None,None, None, 1781787720.0871956,0.9019516942242672,arrived,none,0.0,nan,nan,0.0,0.0,nan,nan,nan
1781787720.3296514,99.84909510612488,0.0,0.0,0.2,5.975544088484341,9.759334956938034,1.0861203248576614,-0.0003977618038539397,5.654474699972275,1781787720.27175,None,None,None, None, 1781787720.2888873,0.9543553096700959,arrived,none,0.0,nan,nan,0.0,0.0,nan,nan,nan
1781787720.5293193,100.0487630367279,0.0,0.0,0.2,5.975066403434597,9.759558390929332,1.0862097708190794,-0.0003652951376223709,5.654382773503288,1781787720.5233998,9.759552990278767,1.08622192803741,5.973577238418257, 1781787720.426692, 1781787720.4717999,1.015042064309521,arrived,none,0.0,nan,nan,0.0,0.0,nan,nan,nan
1781787720.7292874,100.24873113632202,0.0,0.0,0.2,5.975083309634637,9.75983842746633,1.086120647892741,-0.0003693293487995571,5.654308600744317,1781787720.7242308,None,None,None, None, 1781787720.6945598,1.0972152688237473,arrived,none,0.0,nan,nan,0.0,0.0,nan,nan,nan
1781787720.9296262,100.44906997680664,0.0,0.0,0.2,5.975091302129814,9.760116686409113,1.0860320958747562,-0.0003631466186118622,5.654240189711347,1781787720.9126148,None,None,None, None, 1781787720.9126148,0.9173647542093799,arrived,none,0.0,nan,nan,0.0,0.0,nan,nan,nan
1781787721.130034,100.64947772026062,0.0,0.0,0.2,5.975095515380727,9.760393181408462,1.0859441076407894,-0.00034272346284410144,5.65417014395959,1781787721.1169946,None,None,None, None, 1781787721.1169946,0.9487633960278877,arrived,none,0.0,nan,nan,0.0,0.0,nan,nan,nan
1781787721.3303187,100.84976243972778,0.0,0.0,0.2,5.975092415328239,9.760667931041633,1.085856676104658,-0.000370369428451711,5.654117256495419,1781787721.3353233,None,None,None, None, 1781787721.3353233,1.0961467667793805,arrived,none,0.0,nan,nan,0.0,0.0,nan,nan,nan
1781787721.529562,101.04900574684143,0.0,0.0,0.2,5.974539314748553,9.76108886843632,1.0858914227581307,-0.0003481507541320142,5.65402669978413,1781787721.519899,9.761098494982733,1.0858993383440803,5.972935564306249, 1781787721.439676, 1781787721.530567,1.0560283805534505,arrived,none,0.0,nan,nan,0.0,0.0,nan,nan,nan
1781787721.7310653,101.25050902366638,0.0,0.0,0.2,5.974541818878308,9.761377895479024,1.0857992707604132,-0.00033423483804131157,5.653974381001273,1781787721.676432,None,None,None, None, 1781787721.676432,0.963610893570514,arrived,none,0.0,nan,nan,0.0,0.0,nan,nan,nan
1781787721.9296918,101.4491355419159,0.0,0.0,0.2,5.974538924162099,9.761665069622863,1.0857077103243173,-0.00035533746454827474,5.653892827221147,1781787721.9059427,None,None,None, None, 1781787721.8889036,0.9022365613126517,arrived,none,0.0,nan,nan,0.0,0.0,nan,nan,nan
1781787722.1293669,101.6488106250763,0.0,0.0,0.2,5.974501352226585,9.761950409082553,1.0856167339351237,-0.0006664369398921448,5.653771184601207,1781787722.0884695,None,None,None, None, 1781787722.0734282,1.007485916839709,arrived,none,0.0,nan,nan,0.0,0.0,nan,nan,nan
1781787722.3303785,101.84982228279114,0.0,0.0,0.2,5.974509979815307,9.762233902090909,1.0855263345261226,-0.0003615182306905109,5.653696667337862,1781787722.2945926,None,None,None, None, 1781787722.2619417,0.9573519000653473,arrived,none,0.0,nan,nan,0.0,0.0,nan,nan,nan
1781787722.5302367,102.04968047142029,0.0,0.0,0.2,5.97394689823387,9.762615489243364,1.0855726290341976,-0.00036053743582063665,5.653625227819521,1781787722.49274,9.762621988844291,1.0855814880424506,5.972302432645, 1781787722.445555, 1781787722.4771736,1.0603119758112933,arrived,none,0.0,nan,nan,0.0,0.0,nan,nan,nan
1781787722.730056,102.24949979782104,0.0,0.0,0.2,5.973949078747891,9.762904287433521,1.0854803614860973,-0.00036943044460428017,5.653551763876023,1781787722.6915972,None,None,None, None, 1781787722.6764946,1.0206332173841473,arrived,none,0.0,nan,nan,0.0,0.0,nan,nan,nan
1781787722.929897,102.4493408203125,0.0,0.0,0.2,5.9737573776107995,9.763191236134494,1.085388685517107,-0.0022075240153203927,5.65311213527974,1781787722.8907473,None,None,None, None, 1781787722.9253707,1.016421706262551,arrived,none,0.0,nan,nan,0.0,0.0,nan,nan,nan
1781787723.1301033,102.64954710006714,0.0,0.0,0.2,5.973618250111668,9.76347615185973,1.0852975647831302,-0.0003637295846766497,5.6530367977215255,1781787723.0978725,None,None,None, None, 1781787723.1129277,1.078652604342749,arrived,none,0.0,nan,nan,0.0,0.0,nan,nan,nan
1781787723.3296797,102.84912347793579,0.0,0.0,0.2,5.973658158911631,9.763759133214064,1.0852070531391729,-0.0003641689340825959,5.652957866570188,1781787723.3146157,None,None,None, None, 1781787723.3146157,0.9642755844072852,arrived,none,0.0,nan,nan,0.0,0.0,nan,nan,nan
1781787723.5300074,103.04945111274719,0.0,0.0,0.2,5.973171190869602,9.7640832672388,1.085266341642675,-0.00034763934047068036,5.652892215403769,1781787723.5034642,9.764086058689763,1.0852760536277675,5.971694015670542, 1781787723.45471, 1781787723.5034642,0.9241271552541372,arrived,none,0.0,nan,nan,0.0,0.0,nan,nan,nan
1781787723.7293875,103.24883127212524,0.0,0.0,0.2,5.97318341117437,9.764361392703764,1.085177246077403,-0.0003372566524694762,5.652824290532998,1781787723.7048683,None,None,None, None, 1781787723.7048683,1.0368680003070956,arrived,none,0.0,nan,nan,0.0,0.0,nan,nan,nan
1781787723.9302244,103.4496681690216,0.0,0.0,0.2,5.9731874885465475,9.764637756235617,1.0850887186589966,-0.0003448269604491892,5.652756134677393,1781787723.9025207,None,None,None, None, 1781787723.8562834,0.9634841685350337,arrived,none,0.0,nan,nan,0.0,0.0,nan,nan,nan
1781787724.129949,103.64939284324646,0.0,0.0,0.2,5.973186727682292,9.764912372002813,1.08500075233594,-0.0003514777518393216,5.652680091851571,1781787724.1188724,None,None,None, None, 1781787724.071633,0.9465336211166774,arrived,none,0.0,nan,nan,0.0,0.0,nan,nan,nan
1781787724.3302197,103.84966349601746,0.0,0.0,0.2,5.973185867953595,9.765185257227571,1.0849133401201294,-0.0003337333053611282,5.652613907164926,1781787724.3171885,None,None,None, None, 1781787724.3171885,0.9678173297977185,arrived,none,0.0,nan,nan,0.0,0.0,nan,nan,nan
1781787724.5301638,104.04960751533508,0.0,0.0,0.2,5.972664151572962,9.76538574535881,1.0849947468705476,-0.0003390707298625503,5.652545264708341,1781787724.5196314,9.765381144965263,1.0850056980157516,5.97115639601797, 1781787724.456023, 1781787724.5196314,1.018594613977242,arrived,none,0.0,nan,nan,0.0,0.0,nan,nan,nan
1781787724.7293224,104.24876618385315,0.0,0.0,0.2,5.972663343367097,9.765633773102639,1.0849151542138786,-0.00034991977999672706,5.652474869021552,1781787724.720808,None,None,None, None, 1781787724.7217937,1.0635924502100829,arrived,none,0.0,nan,nan,0.0,0.0,nan,nan,nan
1781787724.929164,104.44860768318176,0.0,0.0,0.2,5.972664051323211,9.765880238151587,1.0848360628097782,-0.0003169299080187457,5.652415715855739,1781787724.9074523,None,None,None, None, 1781787724.9236588,1.0306122537980762,arrived,none,0.0,nan,nan,0.0,0.0,nan,nan,nan
1781787725.129294,104.64873766899109,0.0,0.0,0.2,5.972665410828628,9.76612516163829,1.0847574662890689,-0.00028834357117242006,5.652361525630114,1781787725.0953887,None,None,None, None, 1781787725.124794,1.049514355554527,arrived,none,0.0,nan,nan,0.0,0.0,nan,nan,nan
1781787725.3296807,104.84912443161011,0.0,0.0,0.2,5.972648819141375,9.766368563441553,1.0846793584451224,-0.0004274695535773215,5.652275940789333,1781787725.2956014,None,None,None, None, 1781787725.28247,1.0092471749126972,arrived,none,0.0,nan,nan,0.0,0.0,nan,nan,nan
1781787725.52958,105.04902386665344,0.0,0.0,0.2,5.972119065044266,9.766744090481158,1.084712369147115,-0.0003459472480925397,5.6522117804740635,1781787725.481064,9.766752788158888,1.0847195692855574,5.970586267508141, 1781787725.463666, 1781787725.481064,0.984237160480331,arrived,none,0.0,nan,nan,0.0,0.0,nan,nan,nan
1781787725.72995,105.24939370155334,0.0,0.0,0.2,5.9721211984600435,9.767000364099458,1.0846299762674885,-0.0003291720797530762,5.652144974607823,1781787725.6840153,None,None,None, None, 1781787725.7284396,1.0290319306114837,arrived,none,0.0,nan,nan,0.0,0.0,nan,nan,nan
1781787725.930346,105.44978976249695,0.0,0.0,0.2,5.97211936024293,9.76725502707891,1.084548101813439,-0.0003383423785333984,5.652076769679707,1781787725.8856008,None,None,None, None, 1781787725.9363546,0.978039365205103,arrived,none,0.0,nan,nan,0.0,0.0,nan,nan,nan
1781787726.129943,105.6493866443634,0.0,0.0,0.2,5.972084423743964,9.767508095664502,1.0844667394456533,-0.0006315175030680096,5.651950500628481,1781787726.0855463,None,None,None, None, 1781787726.0725338,1.0833706296357568,arrived,none,0.0,nan,nan,0.0,0.0,nan,nan,nan
1781787726.3498557,105.86929941177368,0.0,0.0,0.2,5.972098182874684,9.767759556910388,1.0843858841494174,-0.00029529434508414933,5.651894781342909,1781787726.274237,None,None,None, None, 1781787726.274237,0.9711078080322031,arrived,none,0.0,nan,nan,0.0,0.0,nan,nan,nan
1781787726.5295188,106.04896259307861,0.0,0.0,0.2,5.971567804408157,9.76810527554057,1.0844280955374863,-0.0003334007034910989,5.651816643335141,1781787726.5086036,9.768111510006076,1.0844360722676023,5.970021785806158, 1781787726.476444, 1781787726.5086036,1.0757100915073132,arrived,none,0.0,nan,nan,0.0,0.0,nan,nan,nan
1781787726.7300353,106.24947905540466,0.0,0.0,0.2,5.971573393265545,9.76836253770601,1.084345228331177,-0.0003005210293880081,5.651755988056346,1781787726.7104373,None,None,None, None, 1781787726.7260036,0.9738785918393604,arrived,none,0.0,nan,nan,0.0,0.0,nan,nan,nan
1781787726.9293249,106.44876861572266,0.0,0.0,0.2,5.971572682547607,9.768618190530885,1.0842628810896744,-0.00031976024146317984,5.651710362705406,1781787726.8531234,None,None,None, None, 1781787726.8656769,1.0819778476872561,arrived,none,0.0,nan,nan,0.0,0.0,nan,nan,nan
1781787727.1292372,106.64868092536926,0.0,0.0,0.2,5.97156716755435,9.768872247885623,1.0841810475589593,-0.00034737647235125673,5.65163086174608,1781787727.0819845,None,None,None, None, 1781787727.0819845,1.0596006827334707,arrived,none,0.0,nan,nan,0.0,0.0,nan,nan,nan
1781787727.330038,106.84948182106018,0.0,0.0,0.2,5.971565986260254,9.769124724860099,1.084099721542155,-0.000309328230218662,5.651554629368768,1781787727.3284295,None,None,None, None, 1781787727.3135667,0.9156846320952798,arrived,none,0.0,nan,nan,0.0,0.0,nan,nan,nan
1781787727.5296137,107.0490574836731,0.0,0.0,0.2,5.97102842513583,9.769419453197473,1.0841536882499239,-0.0003237939902840951,5.651493993958916,1781787727.5156949,9.769422304222827,1.084162460503256,5.969477561876004, 1781787727.483653, 1781787727.5156949,0.9765396747374745,arrived,none,0.0,nan,nan,0.0,0.0,nan,nan,nan
1781787727.7298932,107.24933695793152,0.0,0.0,0.2,5.971029253906873,9.769668324180616,1.0840733757539367,-0.0003148168530610837,5.651435154195016,1781787727.7025964,None,None,None, None, 1781787727.7025964,1.0806628908897304,arrived,none,0.0,nan,nan,0.0,0.0,nan,nan,nan
1781787727.9299018,107.44934558868408,0.0,0.0,0.2,5.971027169725816,9.769915642614086,1.0839935645034593,-0.00032001154012058686,5.651365969266016,1781787727.9187915,None,None,None, None, 1781787727.9187915,0.929645313423586,arrived,none,0.0,nan,nan,0.0,0.0,nan,nan,nan
1781787728.1296897,107.6491334438324,0.0,0.0,0.2,5.971026188543962,9.770161424935912,1.083914248400496,-0.0002985565331559858,5.651310576806893,1781787728.1043258,None,None,None, None, 1781787728.0746868,0.9459949014094162,arrived,none,0.0,nan,nan,0.0,0.0,nan,nan,nan
1781787728.3296535,107.84909725189209,0.0,0.0,0.2,5.9707926845341355,9.770405691227854,1.0838354212689947,-0.002390162451252508,5.650981323595613,1781787728.2420793,None,None,None, None, 1781787728.2745376,0.9893883755956349,arrived,none,0.0,nan,nan,0.0,0.0,nan,nan,nan
1781787728.5295472,108.04899096488953,0.0,0.0,0.2,5.970229341972504,9.770575829729363,1.0839127109009201,-0.0003790819820949149,5.65087443754557,1781787728.5240395,9.770571118296358,1.0839228406023695,5.969000016396689, 1781787728.483974, 1781787728.5240395,1.0657527718533146,arrived,none,0.0,nan,nan,0.0,0.0,nan,nan,nan
1781787728.7293532,108.24879693984985,0.0,0.0,0.2,5.970275081815431,9.770795761706793,1.083841543138826,-0.0003045104947918262,5.650812534773067,1781787728.7273257,None,None,None, None, 1781787728.7117777,1.0962549889376865,arrived,none,0.0,nan,nan,0.0,0.0,nan,nan,nan
1781787728.9293451,108.44878888130188,0.0,0.0,0.2,5.970298436094882,9.771014384165062,1.0837708101705519,-0.0003141322942958701,5.650768784948166,1781787728.8665977,None,None,None, None, 1781787728.9288306,0.9874323335946203,arrived,none,0.0,nan,nan,0.0,0.0,nan,nan,nan
1781787729.1300523,108.64949607849121,0.0,0.0,0.2,5.970307176284417,9.77123169136492,1.083700508346386,-0.00033380935779634015,5.650695937967742,1781787729.084827,None,None,None, None, 1781787729.0722897,0.9118109897667648,arrived,none,0.0,nan,nan,0.0,0.0,nan,nan,nan
1781787729.330141,108.84958481788635,0.0,0.0,0.2,5.970089896709029,9.771447685199155,1.0836306334992007,-0.0023242725557894245,5.650226920572756,1781787729.286618,None,None,None, None, 1781787729.286618,0.936626451792849,arrived,none,0.0,nan,nan,0.0,0.0,nan,nan,nan
1781787729.530148,109.04959177970886,0.0,0.0,0.2,5.969578036500169,9.771808047830694,1.0836565204566204,-0.0003165221756707059,5.650164016236725,1781787729.485354,9.771817542478141,1.0836627256754137,5.9684823548219725, 1781787729.484338, 1781787729.5321558,1.0587942500460463,arrived,none,0.0,nan,nan,0.0,0.0,nan,nan,nan
1781787729.7319922,109.25143599510193,0.0,0.0,0.2,5.969624303849886,9.772039955285653,1.083581310657671,-0.00027897993432065557,5.650111693398072,1781787729.6729045,None,None,None, None, 1781787729.7168143,1.035255398557268,arrived,none,0.0,nan,nan,0.0,0.0,nan,nan,nan
1781787729.9309385,109.45038223266602,0.0,0.0,0.2,5.969647611063754,9.772270480998861,1.083506560758178,-0.0002935635704031329,5.65004417237146,1781787729.9029093,None,None,None, None, 1781787729.9195282,1.0309916731247422,arrived,none,0.0,nan,nan,0.0,0.0,nan,nan,nan
1781787730.1301386,109.64958238601685,0.0,0.0,0.2,5.969632361654235,9.77249961954129,1.0834322665625298,-0.0005364694097408369,5.649935679745071,1781787730.1051438,None,None,None, None, 1781787730.075329,1.0085427379640441,arrived,none,0.0,nan,nan,0.0,0.0,nan,nan,nan
1781787730.3296285,109.84907221794128,0.0,0.0,0.2,5.969648836372397,9.772727350467896,1.0833584249240207,-0.00027873080000219365,5.649874373115926,1781787730.325093,None,None,None, None, 1781787730.290175,0.9212803871768174,arrived,none,0.0,nan,nan,0.0,0.0,nan,nan,nan
1781787730.5323064,110.05175018310547,0.0,0.0,0.2,5.969222674304033,9.773038451309594,1.0833993075419928,-0.000310469514364006,5.649812858862186,1781787730.523226,9.773043965540275,1.0834067448399334,5.967973132217447, 1781787730.490583, 1781787730.508649,0.9770635617896296,arrived,none,0.0,nan,nan,0.0,0.0,nan,nan,nan
1781787730.7295687,110.24901247024536,0.0,0.0,0.2,5.969226192144275,9.773270988481707,1.0833238021830487,-0.00030369268258946167,5.649751720195753,1781787730.7245436,None,None,None, None, 1781787730.7093048,0.9002266143107812,arrived,none,0.0,nan,nan,0.0,0.0,nan,nan,nan
1781787730.9295657,110.44900941848755,0.0,0.0,0.2,5.969196001429671,9.773502103312644,1.0832487595603255,-0.0005955703708542124,5.649644048763609,1781787730.9053307,None,None,None, None, 1781787730.9088361,0.9721035903567992,arrived,none,0.0,nan,nan,0.0,0.0,nan,nan,nan
1781787731.1293793,110.64882302284241,0.0,0.0,0.2,5.969207570020031,9.773731780443214,1.0831741760914047,-0.0002962763005277546,5.649583022882918,1781787731.111307,None,None,None, None, 1781787731.111307,1.0608258429915836,arrived,none,0.0,nan,nan,0.0,0.0,nan,nan,nan
1781787731.3299773,110.84942102432251,0.0,0.0,0.2,5.969211161711889,9.773960077664379,1.0831000436425233,-0.0003025020290100508,5.649517290436783,1781787731.3286028,None,None,None, None, 1781787731.3286028,1.0128484483699731,arrived,none,0.0,nan,nan,0.0,0.0,nan,nan,nan
1781787731.5297754,111.04921913146973,0.0,0.0,0.2,5.9687604712757185,9.774235988444014,1.0831494077856438,-0.0003840037213994472,5.649467715798639,1781787731.5309558,9.774239176357103,1.0831574159256696,5.967476466222657, 1781787731.499655, 1781787731.5176818,0.9229077701593417,arrived,none,0.0,nan,nan,0.0,0.0,nan,nan,nan
1781787731.7303927,111.24983644485474,0.0,0.0,0.2,5.968770133671272,9.774462593142484,1.083075712917253,-0.0002492524897000312,5.649418356745343,1781787731.6557305,None,None,None, None, 1781787731.7176945,1.0124464544392828,arrived,none,0.0,nan,nan,0.0,0.0,nan,nan,nan
1781787731.9298398,111.44928359985352,0.0,0.0,0.2,5.968769964405327,9.774687825631114,1.083002466716243,-0.00028904277582643374,5.6493608363712635,1781787731.8547335,None,None,None, None, 1781787731.9006917,0.9885595744226242,arrived,none,0.0,nan,nan,0.0,0.0,nan,nan,nan
1781787732.1298833,111.64932703971863,0.0,0.0,0.2,5.968770084619175,9.774911693096891,1.0829296643823743,-0.0002691518655700097,5.6493054268701375,1781787732.0606005,None,None,None, None, 1781787732.1035929,1.0271278334876752,arrived,none,0.0,nan,nan,0.0,0.0,nan,nan,nan
1781787732.3306835,111.85012722015381,0.0,0.0,0.2,5.968765647356151,9.775134212311045,1.0828573005333308,-0.0002932607774913019,5.649247947588825,1781787732.256601,None,None,None, None, 1781787732.302745,1.0027670304808793,arrived,none,0.0,nan,nan,0.0,0.0,nan,nan,nan
1781787732.5294714,112.04891514778137,0.0,0.0,0.2,5.96831260586045,9.775363863857779,1.08291424798227,-0.0002974002137487244,5.649183543483031,1781787732.4731581,9.775364415004196,1.0829226353600119,5.967009022044766, 1781787732.501211, 1781787732.5072093,0.9439206544783513,arrived,none,0.0,nan,nan,0.0,0.0,nan,nan,nan
1781787732.7303116,112.24975538253784,0.0,0.0,0.2,5.968313029778484,9.775577666136595,1.082844610733952,-0.000285441026072028,5.649126207205757,1781787732.6740272,None,None,None, None, 1781787732.719731,0.9339594380869829,arrived,none,0.0,nan,nan,0.0,0.0,nan,nan,nan
1781787732.9295855,112.44902920722961,0.0,0.0,0.2,5.968313304302613,9.775790176167197,1.0827753944816794,-0.0002674609936616378,5.649059068202734,1781787732.9250507,None,None,None, None, 1781787732.9250507,1.0949028943006203,arrived,none,0.0,nan,nan,0.0,0.0,nan,nan,nan
1781787733.1300771,112.64952087402344,0.0,0.0,0.2,5.96830836090188,9.776001409385367,1.082706594161782,-0.0002980894067619609,5.649017350579228,1781787733.0650008,None,None,None, None, 1781787733.078571,0.9762955599499581,arrived,none,0.0,nan,nan,0.0,0.0,nan,nan,nan
1781787733.3296595,112.84910321235657,0.0,0.0,0.2,5.968309841286632,9.776211376127872,1.082638205194903,-0.00024180854399683614,5.64896568703363,1781787733.2786555,None,None,None, None, 1781787733.3091013,0.9420779420333577,arrived,none,0.0,nan,nan,0.0,0.0,nan,nan,nan
1781787733.5296166,113.04906034469604,0.0,0.0,0.2,5.967862440405982,9.7764144519972,1.0826953863706845,-0.0002716724503502534,5.648911316776593,1781787733.4787872,9.776414084583884,1.082703532067311,5.9665733033386825, 1781787733.506999, 1781787733.5230722,0.9145103327299237,arrived,none,0.0,nan,nan,0.0,0.0,nan,nan,nan
1781787733.7297852,113.24922895431519,0.0,0.0,0.2,5.967859451712901,9.776613722947468,1.0826303828656487,-0.00029961581128286016,5.648854855861999,1781787733.6672316,None,None,None, None, 1781787733.6827757,0.9324848283730881,arrived,none,0.0,nan,nan,0.0,0.0,nan,nan,nan
1781787733.9304116,113.4498553276062,0.0,0.0,0.2,5.967858263986374,9.776811798015395,1.082565768810381,-0.0002759298566029917,5.648794966186798,1781787733.8842783,None,None,None, None, 1781787733.8978002,1.0144178537787594,arrived,none,0.0,nan,nan,0.0,0.0,nan,nan,nan
1781787734.1302252,113.64966893196106,0.0,0.0,0.2,5.967436275049484,9.777008693182033,1.0825015393918935,-0.004161274247359423,5.6478143556973235,1781787734.1199298,None,None,None, None, 1781787734.0524936,1.0596784081719592,arrived,none,0.0,nan,nan,0.0,0.0,nan,nan,nan
1781787734.3301241,113.84956789016724,0.0,0.0,0.2,5.967241659863896,9.777204014939425,1.0824376926816748,-0.00028566824508150727,5.6477579915939495,1781787734.317236,None,None,None, None, 1781787734.2547119,0.997210354113025,arrived,none,0.0,nan,nan,0.0,0.0,nan,nan,nan
1781787734.5295424,114.04898619651794,0.0,0.0,0.2,5.966860369320922,9.777512535699687,1.08246682447393,-0.000257973860109206,5.647721729088783,1781787734.4578025,9.777519988996238,1.0824728490087567,5.966113745893569, 1781787734.518641, 1781787734.5206559,0.9351912165978099,arrived,none,0.0,nan,nan,0.0,0.0,nan,nan,nan
1781787734.7302969,114.24974060058594,0.0,0.0,0.2,5.966902559193418,9.777719096145589,1.0823992139981031,-0.0002641875801534631,5.647664616365077,1781787734.673985,None,None,None, None, 1781787734.720739,1.0390060251507194,arrived,none,0.0,nan,nan,0.0,0.0,nan,nan,nan
1781787734.929496,114.44893980026245,0.0,0.0,0.2,5.966899546248739,9.777924463459307,1.0823320036457216,-0.0005109168378153489,5.647571792403282,1781787734.8556662,None,None,None, None, 1781787734.9219048,0.914389322700617,arrived,none,0.0,nan,nan,0.0,0.0,nan,nan,nan
1781787735.13023,114.64967370033264,0.0,0.0,0.2,5.966803135885112,9.778128609151677,1.0822651924111606,-0.0013567431177788564,5.647207479906292,1781787735.124186,None,None,None, None, 1781787735.106147,0.9887356179889598,arrived,none,0.0,nan,nan,0.0,0.0,nan,nan,nan
1781787735.3296804,114.84912419319153,0.0,0.0,0.2,5.9668622879000575,9.778331459985065,1.0821987832958118,-0.00026095969271782245,5.647154511354733,1781787735.327162,None,None,None, None, 1781787735.3136046,1.0729629470274662,arrived,none,0.0,nan,nan,0.0,0.0,nan,nan,nan
1781787735.5298154,115.04925918579102,0.0,0.0,0.2,5.966888023161618,9.778533176395415,1.082132758777317,-0.00030013611888553613,5.647098206779884,1781787735.5147588,None,None,None, None, 1781787735.5002918,1.0647145489423908,arrived,none,0.0,nan,nan,0.0,0.0,nan,nan,nan
1781787735.7302577,115.24970149993896,0.0,0.0,0.2,5.966574203924895,9.778607615134854,1.0822393017141059,-0.0002671508438923449,5.647048816691318,1781787735.699636,9.778601927136522,1.0822470668828506,5.965664449001185, 1781787735.529815, 1781787735.699636,0.9312007186469979,arrived,none,0.0,nan,nan,0.0,0.0,nan,nan,nan
1781787735.930377,115.44982075691223,0.0,0.0,0.2,5.966584637559274,9.778607615134854,1.0822393017141059,-0.00023887546767003407,5.647003895069965,1781787735.8876905,None,None,None, None, 1781787735.9032516,0.9763026563088814,arrived,none,0.0,nan,nan,0.0,0.0,nan,nan,nan
1781787736.130144,115.64958763122559,0.0,0.0,0.2,5.966586348239781,9.778607615134854,1.0822393017141059,-0.00026560908522462086,5.64694603891465,1781787736.105515,None,None,None, None, 1781787736.0764406,0.9472529226959339,arrived,none,0.0,nan,nan,0.0,0.0,nan,nan,nan
1781787736.3313036,115.85074734687805,0.0,0.0,0.2,5.966587479971788,9.778607615134854,1.0822393017141059,-0.00024747316199949813,5.646895765441414,1781787736.3086622,None,None,None, None, 1781787736.276908,0.9108971338645895,arrived,none,0.0,nan,nan,0.0,0.0,nan,nan,nan
1781787736.5295222,116.04896593093872,0.0,0.0,0.2,5.966586297294422,9.778607615134854,1.0822393017141059,-0.00024845100849066613,5.6468426369127664,1781787736.5225012,None,None,None, None, 1781787736.473816,0.968772222881201,arrived,none,0.0,nan,nan,0.0,0.0,nan,nan,nan
1781787736.7296698,116.2491135597229,0.0,0.0,0.2,5.966227303687255,9.77959682155198,1.0820390129854955,-0.00026790817560452845,5.646792785714829,1781787736.708577,9.779660720387845,1.0820260751230097,5.965224966981108, 1781787736.53761, 1781787736.7206585,0.9109803274219394,arrived,none,0.0,nan,nan,0.0,0.0,nan,nan,nan
1781787736.9295623,116.44900608062744,0.0,0.0,0.2,5.966225986316632,9.779940311268797,1.0819263426119914,-0.00026970992831999447,5.6467424356011975,1781787736.8952594,None,None,None, None, 1781787736.9128568,1.0580549369883732,arrived,none,0.0,nan,nan,0.0,0.0,nan,nan,nan
1781787737.1300976,116.64954137802124,0.0,0.0,0.2,5.966224509767098,9.78028169132211,1.0818143637452982,-0.00025993429859911654,5.6466903502537225,1781787737.0956383,None,None,None, None, 1781787737.0956383,0.9018751193201301,arrived,none,0.0,nan,nan,0.0,0.0,nan,nan,nan
1781787737.3301964,116.8496401309967,0.0,0.0,0.2,5.966221401435508,9.780620987376176,1.0817030679133703,-0.0002650437334181138,5.646629168072384,1781787737.3264763,None,None,None, None, 1781787737.3128204,1.014123892821811,arrived,none,0.0,nan,nan,0.0,0.0,nan,nan,nan
1781787737.5292718,117.04871559143066,0.0,0.0,0.2,5.966216711217189,9.780958223202099,1.0815924467160865,-0.00027576820866843043,5.646585698081343,1781787737.4841087,None,None,None, None, 1781787737.51322,1.0096330936339404,arrived,none,0.0,nan,nan,0.0,0.0,nan,nan,nan
1781787737.729452,117.2488956451416,0.0,0.0,0.2,5.965852349964377,9.780697287951543,1.0817974821890206,-0.00024112061577721272,5.646537331837258,1781787737.684698,9.780658600693373,1.0818179240787356,5.964810360904489, 1781787737.541879, 1781787737.6676207,0.9387477211493984,arrived,none,0.0,nan,nan,0.0,0.0,nan,nan,nan
