epoch_s,elapsed_s,north_m,east_m,yaw_rad,target_index,target_north_m,target_east_m,distance_to_target_m,heading_error_rad,cmd_v_m_s,cmd_w_rad_s,right_rate_rad_s,left_rate_rad_s,obstacle_distance_m
1779563464.686351,0.05045771598815918,-5.138006787337461e-05,1.0000000006256309,-1.5309667096427611e-09,1,3.0,1.0,3.000051380067873,1.3224266126599105e-09,0.18,1.5207906045588968e-09,-72.47165678557266,72.47165638116245,5.200051380067873
1779563464.7877324,0.16917777061462402,0.0016799820582941163,1.0000000006090126,-1.5310599683768296e-09,1,3.0,1.0,2.998320017941706,1.3279422006462482e-09,0.18,1.5271335307431853e-09,-72.471656786416,72.4716563803191,5.198320017941706
1779563464.8886516,0.270097017288208,0.0026037749468077664,1.0000000005822773,-1.5309329588628125e-09,1,3.0,1.0,2.9973962250531923,1.3366721063334808e-09,0.18,1.5371729222835028e-09,-72.47165678775086,72.47165637898426,5.197396225053192
1779563464.99015,0.3709895610809326,0.004990387113360316,1.0000000005285556,-1.530504856864517e-09,1,3.0,1.0,2.9950096128866397,1.3540262244760015e-09,0.18,1.5571301581474017e-09,-72.4716567904044,72.47165637633073,5.19500961288664
1779563465.0911844,0.4721260070800781,0.01366853964917738,1.0000000005157428,-1.5352370714846793e-09,1,3.0,1.0,2.9863314603508226,1.3625358619151484e-09,0.18,1.5669162412024206e-09,-72.47165679170554,72.47165637502958,5.186331460350822
1779563465.194143,0.5735807418823242,0.015794023422223295,1.0000000005358327,-1.5375871915832059e-09,1,3.0,1.0,2.9842059765777766,1.3580310209704294e-09,0.18,1.5617356741159936e-09,-72.47165679101674,72.47165637571838,5.184205976577777
1779563465.295281,0.6762194633483887,0.020363654324606534,1.0000000005783622,-1.5423460515559591e-09,1,3.0,1.0,2.9796363456753934,1.3482410743392848e-09,0.18,1.5504772354901773e-09,-72.47165678951981,72.47165637721531,5.1796363456753935
1779563465.3965254,0.7774643898010254,0.02987464330534282,1.0000000005935108,-1.544902229047856e-09,1,3.0,1.0,2.9701253566946573,1.3450751623622637e-09,0.18,1.546836436716603e-09,-72.47165678903572,72.4716563776994,5.1701253566946574
1779563465.497347,0.8782691955566406,0.036028908991898256,1.0000000005451282,-1.539882244619711e-09,1,3.0,1.0,2.963971091008102,1.3559642297877872e-09,0.18,1.559358864255955e-09,-72.4716567907007,72.4716563760344,5.163971091008102
1779563465.5982745,0.9792153835296631,0.03884444806243329,1.0000000005164043,-1.536624406176251e-09,1,3.0,1.0,2.9611555519375665,1.3622316608064011e-09,0.18,1.5665664099273612e-09,-72.47165679165904,72.47165637507608,5.161155551937567
1779563465.7005997,1.0810153484344482,0.04898707274842968,1.0000000004385643,-1.5283465833046458e-09,1,3.0,1.0,2.95101292725157,1.3797318842989625e-09,0.18,1.5866916669438067e-09,-72.4716567943349,72.47165637240023,5.15101292725157
1779563465.8016064,1.1825413703918457,0.05568588803928133,1.0000000004388347,-1.5307908503156605e-09,1,3.0,1.0,2.944314111960719,1.3817458288656326e-09,0.18,1.5890077031954773e-09,-72.47165679464283,72.47165637209228,5.1443141119607185
1779563465.9021761,1.2836215496063232,0.07092771285768774,1.0000000005188547,-1.5482844124700742e-09,1,3.0,1.0,2.9290722871423123,1.3711449753373017e-09,0.18,1.5768167216378968e-09,-72.47165679302194,72.47165637371319,5.1290722871423124
1779563466.002997,1.3844423294067383,0.07402295699850434,1.0000000005241936,-1.5500776446994487e-09,1,3.0,1.0,2.9259770430014957,1.3709260393568456e-09,0.18,1.5765649452603725e-09,-72.47165679298844,72.47165637374668,5.1259770430014955
1779563466.10404,1.4849753379821777,0.08024769801475369,1.0000000005085916,-1.5494719070172132e-09,1,3.0,1.0,2.9197523019852465,1.375282110416265e-09,0.18,1.5815744269787044e-09,-72.47165679365452,72.47165637308059,5.119752301985247
1779563466.2044013,1.5858466625213623,0.09356910839074793,1.000000000401522,-1.535495531404812e-09,1,3.0,1.0,2.906430891609252,1.3973462387184554e-09,0.18,1.6069481745262236e-09,-72.4716567970282,72.47165636970689,5.106430891609253
1779563466.3054187,1.6863594055175781,0.10064473981571471,1.000000000361804,-1.5308965435476048e-09,1,3.0,1.0,2.899355260184285,1.4061090070072169e-09,0.18,1.6170253580582993e-09,-72.47165679836807,72.47165636836704,5.099355260184286
1779563466.4067676,1.7877073287963867,0.11245929632836417,1.0000000003840894,-1.5385863923053685e-09,1,3.0,1.0,2.8875407036716356,1.4055703267956687e-09,0.18,1.616405875815019e-09,-72.47165679828571,72.4716563684494,5.087540703671636
1779563466.5088103,1.8892481327056885,0.11877755416848268,1.0000000004189915,-1.5464973974896375e-09,1,3.0,1.0,2.881222445831517,1.401076143991986e-09,0.18,1.6112375655907839e-09,-72.47165679759854,72.47165636913658,5.081222445831518
1779563466.6130095,1.9924736022949219,0.12273395710422781,1.0000000004351488,-1.5504782131667335e-09,1,3.0,1.0,2.8772660428957724,1.3992411673768856e-09,0.18,1.6091273424834184e-09,-72.47165679731795,72.47165636941716,5.077266042895772
1779563466.7134092,2.0948545932769775,0.13701226632280966,1.0000000003970306,-1.5486174793774617e-09,1,3.0,1.0,2.8629877336771905,1.4099406087098032e-09,0.18,1.6214317000162735e-09,-72.47165679895396,72.47165636778116,5.062987733677191
1779563466.814403,2.1958484649658203,0.14177517544885007,1.0000000003575416,-1.54326176350667e-09,1,3.0,1.0,2.85822482455115,1.4181695817683249e-09,0.18,1.6308950190335734e-09,-72.47165680021219,72.47165636652292,5.05822482455115
1779563466.9152577,2.2967031002044678,0.15763086073973862,1.0000000002792957,-1.5346144584124695e-09,1,3.0,1.0,2.8423691392602612,1.4363528144656357e-09,0.18,1.6518057366354809e-09,-72.47165680299251,72.47165636374261,5.042369139260262
1779563467.0157957,2.3972411155700684,0.1607996129004001,1.0000000002857368,-1.5367594092960453e-09,1,3.0,1.0,2.8392003870996,1.4361196676304644e-09,0.18,1.6515376177750339e-09,-72.47165680295686,72.47165636377827,5.0392003870996005
1779563467.116997,2.4984424114227295,0.16713986317656826,1.000000000314449,-1.54370585271652e-09,1,3.0,1.0,2.832860136823432,1.4327055097851371e-09,0.18,1.6476113362529076e-09,-72.47165680243481,72.47165636430032,5.032860136823432
1779563467.219289,2.600226879119873,0.17984332259499394,1.0000000003572218,-1.5550390093518936e-09,1,3.0,1.0,2.820156677405006,1.4283716431862103e-09,0.18,1.6426273896641418e-09,-72.47165680177213,72.47165636496297,5.020156677405006
1779563467.3198295,2.701274871826172,0.18620431996203682,1.0000000003374692,-1.55374670975123e-09,1,3.0,1.0,2.813795680037963,1.4338130682745032e-09,0.18,1.6488850285156784e-09,-72.47165680260416,72.47165636413096,5.013795680037964
1779563467.420749,2.802194356918335,0.19733131950719285,1.000000000253076,-1.5425547734845887e-09,1,3.0,1.0,2.802668680492807,1.4522565372487861e-09,0.18,1.670095017836104e-09,-72.47165680542426,72.47165636131086,5.002668680492807
1779563467.5214477,2.90289306640625,0.20447366696332864,1.000000000209021,-1.5370835944192359e-09,1,3.0,1.0,2.7955263330366713,1.4623138255842605e-09,0.18,1.6816608994218994e-09,-72.47165680696206,72.47165635977306,4.995526333036672
1779563467.6230915,3.0040271282196045,0.2116097248393973,1.0000000002014655,-1.5380641433945848e-09,1,3.0,1.0,2.788390275160603,1.4658128044686691e-09,0.18,1.6856847251389694e-09,-72.47165680749707,72.47165635923805,4.988390275160603
1779563467.7251241,3.1055634021759033,0.21954024557077256,1.0000000002316174,-1.5457504394386697e-09,1,3.0,1.0,2.7804597544292275,1.462448828704055e-09,0.18,1.681816153009663e-09,-72.47165680698271,72.47165635975242,4.980459754429227
1779563467.8265603,3.206997871398926,0.22986484057853382,1.0000000002727591,-1.5560142292567244e-09,1,3.0,1.0,2.770135159421466,1.4575500806301989e-09,0.18,1.6761825927247287e-09,-72.47165680623365,72.47165636050146,4.970135159421466
1779563467.9271777,3.3086230754852295,0.23622611532750618,1.0000000002665008,-1.5570152063357264e-09,1,3.0,1.0,2.763773884672494,1.4605889830932028e-09,0.18,1.679677330557183e-09,-72.47165680669832,72.4716563600368,4.963773884672494
1779563468.0283537,3.409799098968506,0.24815056170553154,1.00000000018723,-1.5470001064751878e-09,1,3.0,1.0,2.7518494382944683,1.4789622859723295e-09,0.18,1.7008066288681788e-09,-72.47165680950769,72.47165635722743,4.951849438294468
1779563468.129434,3.510373830795288,0.2545015248270171,1.0000000001419445,-1.5410466465279378e-09,1,3.0,1.0,2.7454984751729827,1.4893459798770436e-09,0.18,1.7127478768586e-09,-72.4716568110954,72.47165635563971,4.945498475172983
1779563468.231741,3.6131863594055176,0.2703638774183896,1.000000000141386,-1.5459209696952521e-09,1,3.0,1.0,2.7296361225816104,1.4941243797750303e-09,0.18,1.7182430367412847e-09,-72.47165681182604,72.47165635490909,4.929636122581611
1779563468.3322234,3.7136688232421875,0.2735384719498709,1.0000000001567253,-1.5495251977223952e-09,1,3.0,1.0,2.726461528050129,1.4920420454700434e-09,0.18,1.7158483522905497e-09,-72.47165681150764,72.47165635522747,4.92646152805013
1779563468.4329002,3.814345598220825,0.2798928255152012,1.0000000001839016,-1.556136797878643e-09,1,3.0,1.0,2.7201071744847987,1.4885284116417097e-09,0.18,1.711807673387966e-09,-72.47165681097039,72.47165635576472,4.920107174484799
1779563468.5342512,3.9151926040649414,0.28307235660066377,1.0000000001904774,-1.5582746433348612e-09,1,3.0,1.0,2.716927643399336,1.4881669230248917e-09,0.18,1.7113919614786253e-09,-72.47165681091512,72.47165635582,4.916927643399337
1779563468.6344187,4.015864133834839,0.2989728106830445,1.0000000001207519,-1.5512233948608619e-09,1,3.0,1.0,2.7010271893169557,1.506517577354316e-09,0.18,1.7324952139574634e-09,-72.47165681372101,72.4716563530141,4.901027189316956
1779563468.7367368,4.118182182312012,0.30214961998177253,1.0000000000956926,-1.547817230621312e-09,1,3.0,1.0,2.6978503800182274,1.5123471364120178e-09,0.18,1.7391992068738203e-09,-72.47165681461237,72.47165635212274,4.897850380018228
1779563468.8399494,4.219881296157837,0.30770509928041867,1.0000000000587375,-1.5430859041795693e-09,1,3.0,1.0,2.692294900719581,1.5212688886379055e-09,0.18,1.7494592219335913e-09,-72.47165681597657,72.47165635075856,4.892294900719581
1779563468.9405887,4.322034120559692,0.3211885877495758,1.0000000000526483,-1.5462460429968624e-09,1,3.0,1.0,2.678811412250424,1.526592630085588e-09,0.18,1.7555815245984263e-09,-72.47165681679058,72.47165634994454,4.878811412250425
1779563469.0413296,4.422775030136108,0.3275389521301267,1.0000000000814044,-1.553112550359564e-09,1,3.0,1.0,2.672461047869873,1.5226522265265885e-09,0.18,1.7510500605055766e-09,-72.47165681618807,72.47165635054704,4.872461047869874
1779563469.143053,4.523993492126465,0.3426419029690085,1.0000000000967715,-1.5605030829898888e-09,1,3.0,1.0,2.6573580970309916,1.5240866346744042e-09,0.18,1.7526996298755647e-09,-72.4716568164074,72.47165635032772,4.857358097030992
1779563469.2459378,4.62685489654541,0.3458219767394313,1.0000000000805411,-1.5586938635489596e-09,1,3.0,1.0,2.6541780232605685,1.528349002910545e-09,0.18,1.7576013533471268e-09,-72.47165681705914,72.471656349676,4.854178023260569
1779563469.347209,4.728280305862427,0.3521785077115457,1.0000000000348246,-1.5526835601828489e-09,1,3.0,1.0,2.6478214922884544,1.5395316133037795e-09,0.18,1.7704613552993464e-09,-72.47165681876903,72.4716563479661,4.847821492288454
1779563469.447561,4.8290064334869385,0.3672539564091501,0.9999999999591617,-1.5441845808847384e-09,1,3.0,1.0,2.63274604359085,1.5596963720554413e-09,0.18,1.7936508278637573e-09,-72.47165682185229,72.47165634488282,4.83274604359085
1779563469.548052,4.929497480392456,0.3712199869297581,0.9999999999636381,-1.546190975934841e-09,1,3.0,1.0,2.6287800130702417,1.560023221713891e-09,0.18,1.7940267049709744e-09,-72.47165682190227,72.47165634483285,4.828780013070242
1779563469.6493373,5.030782699584961,0.38630887151779914,1.0000000000216687,-1.5607535493042442e-09,1,3.0,1.0,2.613691128482201,1.5524630470054035e-09,0.18,1.785332504056214e-09,-72.47165682074629,72.47165634598883,4.813691128482201
1779563469.778482,5.1579015254974365,0.38948900370421163,1.0000000000254943,-1.5624206601980214e-09,1,3.0,1.0,2.610510996295788,1.5526544494548489e-09,0.18,1.7855526168730761e-09,-72.47165682077555,72.47165634595957,4.810510996295789
1779563469.880001,5.260919094085693,0.39664459056454,1.0000000000079543,-1.5616639321844369e-09,1,3.0,1.0,2.60335540943546,1.5586083534913087e-09,0.18,1.7923996065150048e-09,-72.47165682168594,72.47165634504918,4.8033554094354605
1779563469.9804864,5.361931800842285,0.4125262843549212,0.9999999998998625,-1.5477088728541085e-09,1,3.0,1.0,2.587473715645079,1.5864096702955521e-09,0.18,1.8243711208398849e-09,-72.47165682593689,72.47165634079823,4.787473715645079
1779563470.0812383,5.46268367767334,0.4156991346329577,0.9999999998860458,-1.5462993337020444e-09,1,3.0,1.0,2.5843008653670423,1.5903940386863269e-09,0.18,1.8289531444892758e-09,-72.47165682654612,72.47165634018901,4.784300865367042
1779563470.18212,5.563565492630005,0.4220447027331887,0.9999999998796252,-1.547162643125993e-09,1,3.0,1.0,2.5779552972668114,1.5938566022555278e-09,0.18,1.832935092593857e-09,-72.47165682707555,72.47165633965956,4.777955297266812
1779563470.2829401,5.664385557174683,0.43713223096436193,0.9999999999343484,-1.5611292487757774e-09,1,3.0,1.0,2.562867769035638,1.5867458458274086e-09,0.18,1.8247577227015198e-09,-72.47165682598829,72.47165634074683,4.762867769035639
1779563470.383464,5.764909505844116,0.441107068412691,0.9999999999422696,-1.5637387169728563e-09,1,3.0,1.0,2.558892931587309,1.5862995361715093e-09,0.18,1.8242444665972355e-09,-72.47165682592005,72.47165634081507,4.758892931587309
1779563470.4842818,5.865727186203003,0.4562071203642237,0.999999999880602,-1.557721308179388e-09,1,3.0,1.0,2.5437928796357765,1.604658184106711e-09,0.18,1.8453569117227174e-09,-72.47165682872718,72.47165633800795,4.743792879635777
1779563470.5853298,5.966258525848389,0.45938268106332925,0.9999999998566828,-1.5545149840842705e-09,1,3.0,1.0,2.540617318936671,1.610925171036115e-09,0.18,1.8525639466915322e-09,-72.47165682968541,72.47165633704971,4.740617318936671
1779563470.6868536,6.067237854003906,0.46573027893617197,0.9999999998159453,-1.549375095569466e-09,1,3.0,1.0,2.534269721063828,1.6220012000189854e-09,0.18,1.865301380021833e-09,-72.47165683137901,72.47165633535612,4.7342697210638285
1779563470.7880018,6.168911695480347,0.4696963305052644,0.99999999980149,-1.548101447715616e-09,1,3.0,1.0,2.5303036694947356,1.626554446687578e-09,0.18,1.870537613690715e-09,-72.47165683207521,72.47165633465991,4.730303669494736
1779563470.889198,6.270127058029175,0.4847771550866939,0.9999999998328806,-1.558056151443615e-09,1,3.0,1.0,2.515222844913306,1.624499201824392e-09,0.18,1.8681740820980507e-09,-72.47165683176097,72.47165633497416,4.715222844913306
1779563470.9900908,6.371012210845947,0.4911351432549687,0.9999999998555597,-1.5638941481963039e-09,1,3.0,1.0,2.5088648567450313,1.621466072521116e-09,0.18,1.8646859833992834e-09,-72.47165683129717,72.47165633543794,4.7088648567450315
1779563471.090515,6.4719603061676025,0.49431513970693736,0.9999999998598026,-1.5656243197578797e-09,1,3.0,1.0,2.5056848602930626,1.6215762066451589e-09,0.18,1.8648126376419327e-09,-72.47165683131401,72.47165633542112,4.705684860293063
1779563471.1928308,6.573750257492065,0.508618470016099,0.9999999997999868,-1.5596513198853964e-09,1,3.0,1.0,2.491381529983901,1.639933522312731e-09,0.18,1.8859235506596405e-09,-72.47165683412094,72.4716563326142,4.691381529983901
1779563471.2939758,6.6749091148376465,0.5125873245838622,0.9999999997706723,-1.5557468875523946e-09,1,3.0,1.0,2.4874126754161376,1.647942227123167e-09,0.18,1.8951335611916418e-09,-72.4716568353455,72.47165633138962,4.687412675416138
1779563471.394411,6.7758564949035645,0.5276611743465007,0.9999999997184312,-1.5513015545617955e-09,1,3.0,1.0,2.472338825653499,1.6651893197661138e-09,0.18,1.9149677177310306e-09,-72.47165683798265,72.47165632875247,4.672338825653499
1779563471.4958327,6.876737356185913,0.5308361318633392,0.9999999997254608,-1.5534633808353456e-09,1,3.0,1.0,2.4691638681366608,1.6646506395545657e-09,0.18,1.9143482354877506e-09,-72.4716568379003,72.47165632883483,4.6691638681366605
1779563471.5960448,6.977490186691284,0.5371899328427573,0.9999999997501621,-1.5595935882881159e-09,1,3.0,1.0,2.4628100671572426,1.6610379738324355e-09,0.18,1.9101936699073008e-09,-72.4716568373479,72.47165632938723,4.662810067157243
1779563471.6974194,7.0783326625823975,0.5522921908877086,0.9999999997686033,-1.5674308746635498e-09,1,3.0,1.0,2.4477078091122912,1.6619670084594418e-09,0.18,1.911262059728358e-09,-72.47165683748995,72.47165632924516,4.647707809112291
1779563471.8002396,7.179153919219971,0.5554705664960594,0.9999999997547835,-1.5660080128351902e-09,1,3.0,1.0,2.4445294335039405,1.666320414983602e-09,0.18,1.9162684772311422e-09,-72.47165683815561,72.4716563285795,4.644529433503941
1779563471.9051166,7.286039352416992,0.5618236245441502,0.9999999997133949,-1.5607242394163941e-09,1,3.0,1.0,2.43817637545585,1.6782730760667164e-09,0.18,1.930014037476724e-09,-72.47165683998323,72.47165632675188,4.63817637545585
1779563472.006027,7.38747239112854,0.5768986368795717,0.999999999636701,-1.5520085445838768e-09,1,3.0,1.0,2.4231013631204283,1.7019399223272558e-09,0.18,1.957230910676344e-09,-72.47165684360198,72.47165632313315,4.623101363120428
1779563472.1071002,7.488545656204224,0.5808666307915241,0.9999999996383468,-1.5534882498310972e-09,1,3.0,1.0,2.4191333692084758,1.7029853083272428e-09,0.18,1.958433104576329e-09,-72.47165684376183,72.47165632297329,4.619133369208476
1779563472.208755,7.589171648025513,0.5959611226135479,0.9999999996893651,-1.5667825044171687e-09,1,3.0,1.0,2.4040388773864523,1.6959962323426225e-09,0.18,1.9503956671940157e-09,-72.47165684269318,72.47165632404194,4.6040388773864525
1779563472.3093123,7.690757751464844,0.5991408606551313,0.9999999996938356,-1.5685446504018537e-09,1,3.0,1.0,2.4008591393448686,1.6960677307054084e-09,0.18,1.9504778903112197e-09,-72.47165684270409,72.47165632403102,4.600859139344869
1779563472.4104416,7.791887044906616,0.6054990681294905,0.9999999996834168,-1.5687160688368559e-09,1,3.0,1.0,2.3945009318705095,1.7009287311964272e-09,0.18,1.956068040875891e-09,-72.47165684344738,72.47165632328775,4.59450093187051
1779563472.51147,7.892915487289429,0.6205829711028928,0.9999999995887268,-1.556811813477615e-09,1,3.0,1.0,2.379417028897107,1.7296581944492573e-09,0.18,1.9891069236166457e-09,-72.47165684784024,72.47165631889487,4.579417028897107
1779563472.612304,7.993749380111694,0.6237562831585161,0.9999999995716439,-1.5548205174606474e-09,1,3.0,1.0,2.376243716841484,1.7350867409504644e-09,0.18,1.9953497520930338e-09,-72.47165684867028,72.47165631806483,4.576243716841484
1779563472.71298,8.094425439834595,0.630103667907325,0.9999999995553566,-1.5539376681114655e-09,1,3.0,1.0,2.369896332092675,1.7415593411840291e-09,0.18,2.002793242361633e-09,-72.47165684965998,72.47165631707513,4.569896332092675
1779563472.8136349,8.195080280303955,0.6451944976930301,0.9999999995968385,-1.5655550418411431e-09,1,3.0,1.0,2.35480550230697,1.7367631777176484e-09,0.18,1.9972776543752954e-09,-72.47165684892663,72.4716563178085,4.55480550230697
1779563472.9141128,8.295558214187622,0.6483740022671018,0.9999999996061737,-1.568137864685631e-09,1,3.0,1.0,2.3516259977328984,1.7356076575936186e-09,0.18,1.995948806232661e-09,-72.47165684874994,72.47165631798518,4.5516259977328986
1779563473.0150616,8.396507024765015,0.6642646353182176,0.999999999567651,-1.5663117698547276e-09,1,3.0,1.0,2.3357353646817822,1.751413680750602e-09,0.18,2.014125732863192e-09,-72.47165685116674,72.47165631556838,4.535735364681782
1779563473.1156683,8.497113704681396,0.6674396534565821,0.9999999995458317,-1.5634678225548478e-09,1,3.0,1.0,2.332560346543418,1.758175827148989e-09,0.18,2.0219022012213372e-09,-72.47165685220072,72.4716563145344,4.532560346543418
1779563473.2197068,8.599058389663696,0.6737873155937719,0.999999999503603,-1.5580534869083558e-09,1,3.0,1.0,2.326212684406228,1.7714461009177285e-09,0.18,2.0371630160553877e-09,-72.4716568542298,72.47165631250532,4.526212684406229
1779563473.3203437,8.701789140701294,0.6856905718261023,0.9999999994756322,-1.5568055962286772e-09,1,3.0,1.0,2.314309428173898,1.7833818866108686e-09,0.18,2.0508891696024987e-09,-72.47165685605485,72.47165631068027,4.514309428173898
1779563473.421846,8.803291320800781,0.692839034597186,0.9999999994958337,-1.5623806921691349e-09,1,3.0,1.0,2.3071609654028142,1.7809029806414856e-09,0.18,2.0480384277377083e-09,-72.4716568556758,72.47165631105933,4.507160965402814
1779563473.52276,8.904205322265625,0.696017757811773,0.9999999995080219,-1.5654227032566078e-09,1,3.0,1.0,2.3039822421882272,1.7789565376347127e-09,0.18,2.0458000182799195e-09,-72.47165685537819,72.47165631135691,4.503982242188227
1779563473.6238658,9.005311250686646,0.7111174896993897,0.9999999995154523,-1.5713255370339348e-09,1,3.0,1.0,2.2888825103006103,1.7830217302616802e-09,0.18,2.050474989800932e-09,-72.47165685599977,72.47165631073536,4.488882510300611
1779563473.7244787,9.105924129486084,0.7174697601371786,0.9999999994809285,-1.5672310345191172e-09,1,3.0,1.0,2.2825302398628216,1.794641768526617e-09,0.18,2.0638380338056093e-09,-72.47165685777652,72.4716563089586,4.482530239862822
1779563473.825637,9.207082509994507,0.7214378567683493,0.9999999994537644,-1.5636978607655501e-09,1,3.0,1.0,2.2785621432316505,1.8034258530974512e-09,0.18,2.0739397310620687e-09,-72.47165685911965,72.47165630761545,4.478562143231651
1779563473.9268885,9.307828664779663,0.7373086676832834,0.9999999993934956,-1.5580374996968012e-09,1,3.0,1.0,2.2626913323167166,1.8260832845840014e-09,0.18,2.0999957772716014e-09,-72.47165686258408,72.47165630415104,4.462691332316717
1779563474.0272818,9.408727169036865,0.7404850906962251,0.9999999993984044,-1.5598147447146212e-09,1,3.0,1.0,2.2595149093037747,1.8260646328371877e-09,0.18,2.0999743277627657e-09,-72.47165686258124,72.47165630415388,4.459514909303775
1779563474.128159,9.509604454040527,0.7555839620202275,0.9999999994434864,-1.572107134043271e-09,1,3.0,1.0,2.2444160379797724,1.8200618789876444e-09,0.18,2.093071160835791e-09,-72.47165686166338,72.47165630507175,4.444416037979773
1779563474.2286475,9.610092878341675,0.7619407040759856,0.9999999994380747,-1.5731214337985685e-09,1,3.0,1.0,2.2380592959240144,1.8241985699773977e-09,0.18,2.0978283554740074e-09,-72.4716568622959,72.47165630443921,4.438059295924015
1779563474.3296027,9.711048126220703,0.7651176362077874,0.9999999994262052,-1.572018316201301e-09,1,3.0,1.0,2.2348823637922126,1.8287633629654465e-09,0.18,2.1030778674102633e-09,-72.4716568629939,72.47165630374123,4.434882363792212
1779563474.430468,9.81191349029541,0.7809898321774663,0.9999999993302638,-1.560129159875195e-09,1,3.0,1.0,2.2190101678225336,1.8619465969038629e-09,0.18,2.141238586439442e-09,-72.47165686806775,72.47165629866737,4.419010167822534
1779563474.531067,9.912512302398682,0.7841639888944261,0.9999999993183989,-1.5590358122405442e-09,1,3.0,1.0,2.2158360111055737,1.866640175762768e-09,0.18,2.1466362021271834e-09,-72.47165686878543,72.4716562979497,4.415836011105574
1779563474.6319227,10.013368129730225,0.7905148369692855,0.9999999993127754,-1.559948859655996e-09,1,3.0,1.0,2.2094851630307146,1.870982480056682e-09,0.18,2.151629852065184e-09,-72.47165686944938,72.47165629728575,4.409485163030714
1779563474.7335749,10.115020275115967,0.8000485864511007,0.9999999993390764,-1.5672736670832628e-09,1,3.0,1.0,2.1999514135488996,1.8677002167066803e-09,0.18,2.1478552492126823e-09,-72.4716568689475,72.47165629778762,4.3999514135489
1779563474.8389635,10.220408916473389,0.8103804085118866,0.9999999993609997,-1.5742094523627011e-09,1,3.0,1.0,2.189619591488113,1.8660410994186805e-09,0.18,2.1459472643314823e-09,-72.47165686869381,72.47165629804131,4.389619591488113
1779563474.9402363,10.32168173789978,0.8262600377279359,0.9999999992917648,-1.5669539228521708e-09,1,3.0,1.0,2.173739962272064,1.8927681644242966e-09,0.18,2.176683389087941e-09,-72.47165687278053,72.47165629395461,4.373739962272064
1779563475.0413613,10.422299861907959,0.8294338367936035,0.9999999992712901,-1.5643568891529676e-09,1,3.0,1.0,2.1705661632063964,1.900080093264478e-09,0.18,2.1850921072541496e-09,-72.47165687389854,72.47165629283657,4.370566163206397
1779563475.1420672,10.523512601852417,0.8326076715345561,0.9999999992534864,-1.5622314781946252e-09,1,3.0,1.0,2.1673923284654437,1.906661051265246e-09,0.18,2.1926602089550327e-09,-72.4716568749048,72.47165629183033,4.367392328465444
1779563475.2429652,10.624410629272461,0.8500771637991102,0.99999999924783,-1.5664014758751173e-09,1,3.0,1.0,2.14992283620089,1.916260483625365e-09,0.18,2.2036995561691697e-09,-72.47165687637259,72.47165629036253,4.34992283620089
1779563475.3436592,10.725104570388794,0.8540508875956285,0.9999999992613555,-1.569915109703451e-09,1,3.0,1.0,2.1459491124043715,1.914119085455468e-09,0.18,2.201236948273788e-09,-72.47165687604517,72.47165629068996,4.345949112404371
1779563475.4444547,10.825900077819824,0.8604088775454563,0.9999999992764703,-1.574464359569155e-09,1,3.0,1.0,2.1395911224545436,1.9126269457103717e-09,0.18,2.199520987566927e-09,-72.471656875817,72.47165629091812,4.339591122454544
1779563475.545265,10.926710367202759,0.8762906344639341,0.9999999992261103,-1.5704950902115152e-09,1,3.0,1.0,2.123709365536066,1.9348997959411918e-09,0.18,2.2251347653323705e-09,-72.47165687922264,72.4716562875125,4.323709365536066
1779563475.6458917,11.027337074279785,0.8794646477214232,0.9999999992055058,-1.5678669702676225e-09,1,3.0,1.0,2.120535352278577,1.9425336894585143e-09,0.18,2.2339137428772914e-09,-72.47165688038987,72.47165628634524,4.320535352278577
1779563475.7468135,11.12825894355774,0.8858126144032363,0.999999999169027,-1.5634571644138114e-09,1,3.0,1.0,2.1141873855967637,1.9565034037327678e-09,0.18,2.2499789142926828e-09,-72.47165688252592,72.4716562842092,4.314187385596764
1779563475.8484776,11.22941255569458,0.8977224019044735,0.9999999991526267,-1.5641375090833017e-09,1,3.0,1.0,2.1022775980955264,1.9672112827606725e-09,0.18,2.262292975174773e-09,-72.4716568841632,72.47165628257191,4.302277598095527
1779563475.949743,11.330661296844482,0.904079299673326,0.999999999170172,-1.5690224903916524e-09,1,3.0,1.0,2.095920700326674,1.9649477600580667e-09,0.18,2.2596899240667765e-09,-72.4716568838171,72.47165628291802,4.295920700326674
1779563476.0517533,11.432179927825928,0.9199702953429671,0.9999999991869495,-1.57673010271781e-09,1,3.0,1.0,2.080029704657033,1.9676140716740065e-09,0.18,2.262756182425107e-09,-72.47165688422479,72.47165628251032,4.280029704657033
1779563476.1522396,11.533684968948364,0.9239399214154441,0.9999999991715128,-1.575231745723776e-09,1,3.0,1.0,2.0760600785845558,1.9742989465498795e-09,0.18,2.270443788532361e-09,-72.47165688524693,72.47165628148818,4.276060078584556
1779563476.253631,11.634570598602295,0.9302888510529174,0.9999999991345705,-1.570702923961725e-09,1,3.0,1.0,2.0697111489470825,1.988843312261679e-09,0.18,2.2871698091009306e-09,-72.47165688747083,72.4716562792643,4.269711148947083
1779563476.356238,11.737683296203613,0.9374304983942743,0.9999999990921238,-1.565490204816505e-09,1,3.0,1.0,2.0625695016057257,2.005657862014232e-09,0.18,2.3065065413163666e-09,-72.47165689004187,72.47165627669325,4.262569501605726
1779563476.4573102,11.83875560760498,0.9485460526851818,0.9999999990685409,-1.5646979496661325e-09,1,3.0,1.0,2.051453947314818,2.018746059206933e-09,0.18,2.3215579680879727e-09,-72.47165689204309,72.47165627469202,4.251453947314818
1779563476.5580413,11.939486742019653,0.9549025414600515,0.9999999990820765,-1.5688839345581792e-09,1,3.0,1.0,2.0450974585399484,2.0177250981134875e-09,0.18,2.3203838628305103e-09,-72.471656891887,72.47165627484812,4.245097458539949
1779563476.6589675,12.040412902832031,0.9668224000091062,0.9999999991103263,-1.5773607093957972e-09,1,3.0,1.0,2.0331775999908936,2.0149384383216784e-09,0.18,2.31717920406993e-09,-72.47165689146091,72.47165627527421,4.233177599990894
1779563476.759845,12.141290426254272,0.9739698251330452,0.9999999990989528,-1.577535680544478e-09,1,3.0,1.0,2.0260301748669547,2.0222712393547226e-09,0.18,2.325611925257931e-09,-72.47165689258213,72.47165627415299,4.226030174866955
1779563476.8606117,12.242057085037231,0.9771449859162016,0.99999999908531,-1.57610837782402e-09,1,3.0,1.0,2.0228550140837984,2.028285983612932e-09,0.18,2.3325288811548715e-09,-72.47165689350182,72.4716562732333,4.222855014083798
1779563476.9617007,12.342637062072754,0.9922232289890118,0.9999999990007014,-1.5659422876321324e-09,1,3.0,1.0,2.007776771010988,2.06365635690986e-09,0.18,2.3732048104463385e-09,-72.4716568989101,72.47165626782503,4.207776771010988
1779563477.0630076,12.44394302368164,0.9961929381207162,0.9999999989891707,-1.5651251634860082e-09,1,3.0,1.0,2.003807061879284,2.06957961879084e-09,0.18,2.3800165616094658e-09,-72.47165689981578,72.47165626691933,4.203807061879284
1779563477.1646593,12.545584440231323,1.0128781845347843,0.9999999990155563,-1.5745815991205555e-09,1,3.0,1.0,1.9871218154652157,2.0699935099344202e-09,0.18,2.380492536424583e-09,-72.47165689987908,72.47165626685604,4.187121815465216
1779563477.2659173,12.646841526031494,1.0168511634116884,0.9999999990242793,-1.5772967605495788e-09,1,3.0,1.0,1.9831488365883116,2.0693025071238935e-09,0.18,2.3796978831924775e-09,-72.47165689977342,72.4716562669617,4.183148836588312
1779563477.3667076,12.7481529712677,1.0232054819599061,0.9999999990242002,-1.5792027914382552e-09,1,3.0,1.0,1.9767945180400939,2.0728299077177326e-09,0.18,2.383754393875392e-09,-72.47165690031278,72.47165626642234,4.176794518040094
1779563477.467863,12.849308490753174,1.0359048173995637,0.999999998967013,-1.5730468268113137e-09,1,3.0,1.0,1.9640951826004363,2.0989823212858028e-09,0.18,2.413829669478673e-09,-72.47165690431162,72.47165626242352,4.164095182600437
1779563477.5697963,12.950234174728394,1.0422536306560957,0.9999999989304748,-1.5686183692106888e-09,1,3.0,1.0,1.9577463693439043,2.114922459384161e-09,0.18,2.432160828291785e-09,-72.47165690674892,72.4716562599862,4.157746369343904
1779563477.6707032,13.051626205444336,1.046222875931566,0.9999999989140583,-1.5669610282795284e-09,1,3.0,1.0,1.953777124068434,2.122777509327989e-09,0.18,2.441194135727187e-09,-72.47165690795,72.47165625878512,4.1537771240684345
1779563477.7757728,13.156689405441284,1.050987774928227,0.9999999989047627,-1.5667531945293186e-09,1,3.0,1.0,1.949012225071773,2.12869810667371e-09,0.18,2.4480028226747662e-09,-72.47165690885528,72.47165625787986,4.149012225071774
1779563477.8772085,13.25814962387085,1.0517821193073538,0.9999999989043943,-1.566921060250642e-09,1,3.0,1.0,1.9482178806926462,2.129284304430712e-09,0.18,2.4486769500953186e-09,-72.47165690894492,72.47165625779022,4.148217880692647
1779563477.9782426,13.359170198440552,1.0573437970905382,0.9999999989101375,-1.5695260875556224e-09,1,3.0,1.0,1.9426562029094618,2.130542853251427e-09,0.18,2.450124281239141e-09,-72.47165690913737,72.47165625759777,4.142656202909462
1779563478.0787694,13.460214853286743,1.0724406647155036,0.9999999989431223,-1.57975168570163e-09,1,3.0,1.0,1.9275593352844964,2.1280501805165386e-09,0.18,2.447257707594019e-09,-72.47165690875622,72.47165625797892,4.127559335284497
1779563478.1796122,13.561057567596436,1.0772050251760767,0.999999998937726,-1.580240183832465e-09,1,3.0,1.0,1.9227949748239233,2.1327037913465574e-09,0.18,2.452609360048541e-09,-72.47165690946778,72.47165625726734,4.122794974823924
1779563478.285345,13.665783405303955,1.0899032585449562,0.9999999988761317,-1.573318609407742e-09,1,3.0,1.0,1.9100967414550438,2.161701484482137e-09,0.18,2.4859567071544573e-09,-72.47165691390164,72.47165625283348,4.110096741455044
1779563478.3864033,13.767335653305054,1.097840856670928,0.999999998835692,-1.5686885353058451e-09,1,3.0,1.0,1.902159143329072,2.1807866623646532e-09,0.18,2.5079046617193512e-09,-72.47165691681987,72.47165624991526,4.1021591433290725
1779563478.4877214,13.868641376495361,1.1049889669398039,0.9999999988223734,-1.5684798133772156e-09,1,3.0,1.0,1.8950110330601961,2.1899149160731213e-09,0.18,2.5184021534840895e-09,-72.47165691821561,72.47165624851951,4.095011033060196
1779563478.5892856,13.969719648361206,1.1145244787784947,0.9999999988392229,-1.574177477939592e-09,1,3.0,1.0,1.8854755212215053,2.1898189928037937e-09,0.18,2.5182918417243625e-09,-72.47165691820094,72.47165624853417,4.085475521221506
1779563478.6903403,14.071265459060669,1.1208810251589327,0.999999998855209,-1.5788572900329919e-09,1,3.0,1.0,1.8791189748410673,2.1880741662982928e-09,0.18,2.5162852912430367e-09,-72.47165691793414,72.47165624880098,4.079118974841068
1779563478.7905319,14.171977281570435,1.136759644714269,0.9999999988267512,-1.578646791747523e-09,1,3.0,1.0,1.863240355285731,2.2083286310703443e-09,0.18,2.5395779257308957e-09,-72.47165692103115,72.47165624570397,4.063240355285731
1779563478.8915808,14.272500038146973,1.136759644714269,0.9999999988267512,-1.578646791747523e-09,1,3.0,1.0,1.863240355285731,2.2083286310703443e-09,0.18,2.5395779257308957e-09,-72.47165692103115,72.47165624570397,4.063240355285731
1779563478.9926815,14.373609066009521,1.1446957026386173,0.9999999987811359,-1.5731036702301745e-09,1,3.0,1.0,1.8553042973613827,2.2300654656248753e-09,0.18,2.5645752854686063e-09,-72.47165692435483,72.47165624238029,4.055304297361383
1779563479.0938306,14.474757432937622,1.1558125262787466,0.9999999987412089,-1.5694816786346374e-09,1,3.0,1.0,1.8441874737212534,2.2520536546721814e-09,0.18,2.5898617028730085e-09,-72.47165692771691,72.47165623901819,4.044187473721253
1779563479.1965687,14.575954675674438,1.1637583189426066,0.9999999987476491,-1.572903830085742e-09,1,3.0,1.0,1.8362416810573934,2.254922470967813e-09,0.18,2.5931608416129846e-09,-72.47165692815558,72.47165623857956,4.036241681057394
1779563479.298787,14.680232524871826,1.1669369632716973,0.9999999987556439,-1.575225528474838e-09,1,3.0,1.0,1.8330630367283027,2.2540653787928022e-09,0.18,2.5921751856117224e-09,-72.47165692802452,72.47165623871061,4.0330630367283025
1779563479.400967,14.78140115737915,1.183615506162176,0.9999999987674717,-1.5822634542725419e-09,1,3.0,1.0,1.816384493837824,2.26082486065593e-09,0.18,2.5999485897543195e-09,-72.47165692905807,72.47165623767705,4.016384493837824
1779563479.5013657,14.882811069488525,1.186790163916021,0.9999999987559953,-1.5812074101315184e-09,1,3.0,1.0,1.813209836083979,2.2672859145700386e-09,0.18,2.6073788017555442e-09,-72.47165693004601,72.47165623668913,4.013209836083979
1779563479.602808,14.983744382858276,1.2018708274870933,0.9999999986763888,-1.571896635757802e-09,1,3.0,1.0,1.7981291725129067,2.308001345596722e-09,0.18,2.65420154743623e-09,-72.47165693627157,72.47165623046355,3.9981291725129067
1779563479.7033234,15.084768772125244,1.2082249478318945,0.9999999986592667,-1.5707997354094723e-09,1,3.0,1.0,1.7917750521681055,2.3190707132414445e-09,0.18,2.666931320227661e-09,-72.47165693796413,72.471656228771,3.991775052168106
1779563479.804083,15.18552851676941,1.2121976478079126,0.999999998658588,-1.571834463268423e-09,1,3.0,1.0,1.7878023521920874,2.3221478073764956e-09,0.18,2.67046997848297e-09,-72.47165693843463,72.47165622830047,3.9878023521920873
1779563479.9092906,15.290735960006714,1.2241164363961996,0.9999999986840644,-1.579769449270024e-09,1,3.0,1.0,1.7758835636038004,2.3207729071828e-09,0.18,2.6688888432602196e-09,-72.47165693822441,72.47165622851072,3.9758835636038006
1779563480.0098827,15.39132809638977,1.23126399073878,0.9999999986919175,-1.5832742013141606e-09,1,3.0,1.0,1.76873600926122,2.3228321488488746e-09,0.18,2.6712569711762054e-09,-72.47165693853928,72.47165622819584,3.96873600926122
1779563480.1119227,15.493368148803711,1.2344394102087275,0.9999999986882485,-1.5835788465121177e-09,1,3.0,1.0,1.7655605897912725,2.326544734643221e-09,0.18,2.675526444839704e-09,-72.47165693910695,72.47165622762819,3.9655605897912727
1779563480.2129886,15.594434022903442,1.2503129056818967,0.99999999861434,-1.5754680011834162e-09,1,3.0,1.0,1.7496870943181033,2.367415152804142e-09,0.18,2.722527425724763e-09,-72.47165694535623,72.4716562213789,3.9496870943181035
1779563480.3136394,15.695084810256958,1.2542828862098374,0.9999999985950352,-1.5733079512667055e-09,1,3.0,1.0,1.7457171137901626,2.3781145941370596e-09,0.18,2.7348317832576182e-09,-72.47165694699221,72.47165621974291,3.9457171137901628
1779563480.4147556,15.79620099067688,1.26937798875305,0.9999999985827576,-1.5755923461621742e-09,1,3.0,1.0,1.73062201124695,2.394513032299983e-09,0.18,2.7536899871449803e-09,-72.47165694949962,72.4716562172355,3.93062201124695
1779563480.5155582,15.897003650665283,1.2757341500802282,0.9999999985982756,-1.5801726822725678e-09,1,3.0,1.0,1.7242658499197718,2.393112374932116e-09,0.18,2.752079231171933e-09,-72.47165694928545,72.47165621744968,3.924265849919772
1779563480.6165037,15.997949123382568,1.2789113015139906,0.9999999986047566,-1.582251019774666e-09,1,3.0,1.0,1.7210886984860094,2.392925857463979e-09,0.18,2.7518647360835753e-09,-72.47165694925692,72.47165621747821,3.9210886984860096
1779563480.717533,16.098978519439697,1.2947872517402517,0.9999999985766739,-1.5820778249828245e-09,1,3.0,1.0,1.7052127482597483,2.4167690071408288e-09,0.18,2.7792843582119527e-09,-72.47165695290265,72.47165621383246,3.9052127482597485
1779563480.8181744,16.19961977005005,1.2979618767899859,0.9999999985596386,-1.5800669890406235e-09,1,3.0,1.0,1.7020381232100141,2.4263240305799627e-09,0.18,2.790272635166957e-09,-72.47165695436365,72.47165621237147,3.9020381232100143
1779563480.9202306,16.30066752433777,1.3051067470742188,0.9999999985207833,-1.5754680011834162e-09,1,3.0,1.0,1.6948932529257812,2.448217184536361e-09,0.18,2.8154497622168147e-09,-72.47165695771123,72.47165620902389,3.8948932529257814
1779563481.0209093,16.40235471725464,1.3162281079507294,0.9999999984929563,-1.5739083598784228e-09,1,3.0,1.0,1.6837718920492706,2.4689486011197914e-09,0.18,2.83929089128776e-09,-72.47165696088113,72.47165620585398,3.8837718920492708
1779563481.1218877,16.50333309173584,1.3225849991396832,0.9999999985009731,-1.577153763824007e-09,1,3.0,1.0,1.6774150008603168,2.470806670373804e-09,0.18,2.8414276709298746e-09,-72.47165696116527,72.47165620556986,3.877415000860317
1779563481.2226768,16.604122161865234,1.338468497655396,0.999999998522994,-1.5857024811136207e-09,1,3.0,1.0,1.661531502344604,2.474644933414538e-09,0.18,2.8458416734267185e-09,-72.47165696175215,72.47165620498298,3.8615315023446044
1779563481.323217,16.704662322998047,1.3416432673077119,0.9999999985164962,-1.5855088582181261e-09,1,3.0,1.0,1.6583567326922881,2.480071259469696e-09,0.18,2.8520819483901503e-09,-72.47165696258186,72.47165620415326,3.8583567326922883
1779563481.423702,16.805147409439087,1.3479923402909024,0.9999999984906155,-1.5828922845936896e-09,1,3.0,1.0,1.6520076597090976,2.4965589595637994e-09,0.18,2.871042803498369e-09,-72.47165696510291,72.47165620163221,3.8520076597090975
1779563481.525339,16.906267642974854,1.3638733084602974,0.9999999984158903,-1.5746588706430694e-09,1,3.0,1.0,1.6361266915397026,2.5428659178317048e-09,0.18,2.92429580550646e-09,-72.47165697218342,72.47165619455168,3.836126691539703
1779563481.6259584,17.00740385055542,1.367846019569035,0.9999999984104456,-1.574870257106958e-09,1,3.0,1.0,1.632153980430965,2.5487700838766614e-09,0.18,2.93108559645816e-09,-72.47165697308623,72.4716561936489,3.8321539804309652
1779563481.7311814,17.11161732673645,1.3718190571505418,0.9999999984121033,-1.576312658860551e-09,1,3.0,1.0,1.6281809428494582,2.5515709545231857e-09,0.18,2.9343065977016635e-09,-72.47165697351448,72.47165619322064,3.8281809428494586
1779563481.8340185,17.213939905166626,1.3869108842367814,0.9999999984406209,-1.5857415609640876e-09,1,3.0,1.0,1.6130891157632186,2.5524453661773805e-09,0.18,2.9353121711039873e-09,-72.47165697364818,72.47165619308694,3.8130891157632187
1779563481.935487,17.315922498703003,1.3916736251755326,0.9999999984385712,-1.586791387856173e-09,1,3.0,1.0,1.6083263748244674,2.5576323281484292e-09,0.18,2.9412771773706934e-09,-72.47165697444129,72.4716561922938,3.8083263748244676
1779563482.055677,17.43458127975464,1.3956419111495162,0.9999999984287892,-1.5862602571611924e-09,1,3.0,1.0,1.6043580888504838,2.5655992885731393e-09,0.18,2.95043918185911e-09,-72.47165697565949,72.47165619107565,3.804358088850484
1779563482.1632507,17.53821349143982,1.4123136680079993,0.9999999983468766,-1.5770160961689535e-09,1,3.0,1.0,1.5876863319920007,2.6182314094569392e-09,0.18,3.0109661208754798e-09,-72.47165698370718,72.47165618302795,3.787686331992001
1779563482.2651224,17.64604139328003,1.4162857407352376,0.9999999983337461,-1.5759076495011678e-09,1,3.0,1.0,1.5837142592647624,2.6280253528909725e-09,0.18,3.0222291558246183e-09,-72.4716569852047,72.4716561815304,3.7837142592647623
1779563482.3667252,17.74715828895569,1.4234369016351376,0.9999999983281551,-1.577017872525793e-09,1,3.0,1.0,1.5765630983648624,2.637454254994509e-09,0.18,3.0330723932436852e-09,-72.47165698664642,72.47165618008869,3.7765630983648624
1779563482.467652,17.84909749031067,1.4361466588401364,0.999999998352899,-1.5850772035061519e-09,1,3.0,1.0,1.5638533411598636,2.6383095708126802e-09,0.18,3.034056006434582e-09,-72.4716569867772,72.47165617995789,3.763853341159864
1779563482.5691457,17.950071573257446,1.4424976067403052,0.9999999983569317,-1.587656473636961e-09,1,3.0,1.0,1.5575023932596948,2.6425945875985235e-09,0.18,3.038983775738302e-09,-72.47165698743243,72.4716561793027,3.7575023932596947
1779563482.6702528,18.051193714141846,1.4456723614895468,0.9999999983524523,-1.5878119048604085e-09,1,3.0,1.0,1.5543276385104532,2.6477864345508806e-09,0.18,3.0449543997335123e-09,-72.47165698822626,72.47165617850884,3.7543276385104534
1779563482.7715344,18.152467966079712,1.4607546946123617,0.9999999982839309,-1.580406273196949e-09,1,3.0,1.0,1.5392453053876383,2.6952831078119743e-09,0.18,3.09957557398377e-09,-72.47165699548874,72.47165617124638,3.739245305387638
1779563482.872142,18.25358748435974,1.4679036762301934,0.9999999982536744,-1.5772772206243454e-09,1,3.0,1.0,1.5320963237698066,2.7171047634055867e-09,0.18,3.1246704779164245e-09,-72.47165699882535,72.47165616790976,3.732096323769807
1779563482.9733112,18.354250192642212,1.4798218739465194,0.9999999982501805,-1.5801504778120753e-09,1,3.0,1.0,1.5201781260534806,2.7312125894241035e-09,0.18,3.140894477837719e-09,-72.47165700098252,72.47165616575259,3.7201781260534807
1779563483.0749483,18.455381631851196,1.4861761937021236,0.9999999982641946,-1.5844705776454967e-09,1,3.0,1.0,1.5138238062978764,2.731106896192159e-09,0.18,3.140772930620983e-09,-72.47165700096635,72.47165616576876,3.7138238062978766
1779563483.175825,18.556766271591187,1.5004647393164807,0.9999999982631951,-1.5885135658119716e-09,1,3.0,1.0,1.4995352606835193,2.74674238909256e-09,0.18,3.158753747456444e-09,-72.4716570033571,72.47165616337801,3.6995352606835192
1779563483.277344,18.657781839370728,1.5044332558018116,0.9999999982478216,-1.5870187615316163e-09,1,3.0,1.0,1.4955667441981884,2.7586004591739766e-09,0.18,3.172390528050073e-09,-72.47165700517026,72.47165616156487,3.6955667441981888
1779563483.3798685,18.75980567932129,1.508402446442471,0.9999999982278495,-1.5847379193498264e-09,1,3.0,1.0,1.491597553557529,2.7728268570115233e-09,0.18,3.1887508855632516e-09,-72.47165700734553,72.4716561593896,3.6915975535575294
1779563483.4809823,18.861921548843384,1.524288866543567,0.9999999981630648,-1.5782035907160926e-09,1,3.0,1.0,1.475711133456433,2.822983180550409e-09,0.18,3.24643065763297e-09,-72.47165701501466,72.47165615172047,3.675711133456433
1779563483.5813744,18.962819814682007,1.529056211821826,0.9999999981623457,-1.5794674686073259e-09,1,3.0,1.0,1.470943788178174,2.8287701070439653e-09,0.18,3.25308562310056e-09,-72.47165701589952,72.4716561508356,3.670943788178174
1779563483.6827543,19.064199686050415,1.5330284388657696,0.9999999981680262,-1.5816221894535184e-09,1,3.0,1.0,1.4669715611342304,2.830435441580903e-09,0.18,3.2550007578180383e-09,-72.47165701615414,72.47165615058097,3.666971561134231
1779563483.7844427,19.165354013442993,1.5489078309768747,0.9999999981885741,-1.589886689648828e-09,1,3.0,1.0,1.4510921690231253,2.8382056704856495e-09,0.18,3.2639365210584967e-09,-72.47165701734225,72.47165614939286,3.6510921690231255
1779563483.8848739,19.266319274902344,1.5552573421924452,0.9999999981720341,-1.5888839362129866e-09,1,3.0,1.0,1.4447426578075548,2.8541373708890205e-09,0.18,3.2822579765223734e-09,-72.47165701977828,72.47165614695683,3.644742657807555
1779563483.986781,19.367222547531128,1.5584325405313477,0.9999999981579304,-1.5873793619700146e-09,1,3.0,1.0,1.4415674594686523,2.8652036299092742e-09,0.18,3.294984174395665e-09,-72.47165702147036,72.47165614526475,3.6415674594686527
1779563484.0876133,19.469058752059937,1.5743176191140398,0.9999999980847514,-1.5794052961179469e-09,1,3.0,1.0,1.4256823808859602,2.9227962272670993e-09,0.18,3.361215661357164e-09,-72.47165703027653,72.47165613645856,3.6256823808859604
1779563484.1883323,19.569777727127075,1.5774958682108613,0.9999999980794287,-1.5794070724747863e-09,1,3.0,1.0,1.4225041317891387,2.929541054186302e-09,0.18,3.368972212314247e-09,-72.47165703130784,72.47165613542728,3.622504131789139
1779563484.2896452,19.670566082000732,1.5838518147673588,0.9999999980816764,-1.581655940233467e-09,1,3.0,1.0,1.4161481852326412,2.9362623443773828e-09,0.18,3.3767016960339898e-09,-72.47165703233557,72.47165613439957,3.6161481852326416
1779563484.3905408,19.77198624610901,1.5965569545075795,0.9999999981053974,-1.5895358591730465e-09,1,3.0,1.0,1.4034430454924205,2.9395033074308685e-09,0.18,3.3804288035454985e-09,-72.47165703283113,72.47165613390399,3.603443045492421
1779563484.4918506,19.87329602241516,1.6037003033584567,0.9999999981012779,-1.5909169766156802e-09,1,3.0,1.0,1.3962996966415433,2.9507409848861244e-09,0.18,3.3933521326190427e-09,-72.47165703454942,72.4716561321857,3.5962996966415437
1779563484.5937207,19.97415828704834,1.6171968825674,0.9999999980422313,-1.5846881813583232e-09,1,3.0,1.0,1.3828031174326,3.0004851936382693e-09,0.18,3.4505579726840096e-09,-72.47165704215554,72.47165612457957,3.5828031174326003
1779563484.6944418,20.075887203216553,1.622757449723752,0.9999999980154072,-1.5816879146565762e-09,1,3.0,1.0,1.377242550276248,3.0226781078113163e-09,0.18,3.4760798239830135e-09,-72.47165704554894,72.47165612118619,3.577242550276248
1779563484.7957747,20.176698207855225,1.6291137173860075,0.9999999979975481,-1.5804480175826748e-09,1,3.0,1.0,1.3708862826139925,3.0411468898705607e-09,0.18,3.4973189233511446e-09,-72.47165704837289,72.47165611836222,3.5708862826139924
1779563484.896834,20.27774977684021,1.6449993069759181,0.9999999980155508,-1.5882515531781601e-09,1,3.0,1.0,1.3550006930240819,3.05278913259599e-09,0.18,3.510707502485388e-09,-72.47165705015306,72.47165611658207,3.5550006930240823
1779563485.0021653,20.383610725402832,1.64817466220251,0.9999999980206793,-1.590079424365903e-09,1,3.0,1.0,1.35182533779749,3.0542630646834823e-09,0.18,3.5124025243860045e-09,-72.47165705037843,72.47165611635668,3.5518253377974904
1779563485.103102,20.48454737663269,1.6537306997053107,0.9999999980216342,-1.5918753211305366e-09,1,3.0,1.0,1.3462693002946893,3.061392472858415e-09,0.18,3.520601343787177e-09,-72.47165705146854,72.47165611526658,3.5462693002946892
1779563485.2041938,20.585639238357544,1.6696090700838013,0.9999999979600382,-1.585903209436473e-09,1,3.0,1.0,1.3303909299161987,3.119258185080298e-09,0.18,3.5871469128423424e-09,-72.47165706031647,72.47165610641864,3.530390929916199
1779563485.3052373,20.686175107955933,1.6727864751133537,0.9999999979438201,-1.584037146576683e-09,1,3.0,1.0,1.3272135248866463,3.133282966416573e-09,0.18,3.6032754113790586e-09,-72.47165706246093,72.47165610427419,3.5272135248866467
1779563485.4111912,20.78762674331665,1.677553395265396,0.9999999979242767,-1.5820502914518138e-09,1,3.0,1.0,1.322446604734604,3.1516584897417488e-09,0.18,3.624407263203011e-09,-72.47165706527063,72.47165610146449,3.522446604734604
1779563485.5121388,20.89358425140381,1.6934410861369966,0.9999999979231472,-1.5865151643676464e-09,1,3.0,1.0,1.3065589138630034,3.1760745144993052e-09,0.18,3.652485691674201e-09,-72.47165706900395,72.47165609773114,3.5065589138630036
1779563485.6133957,20.994319200515747,1.6966170079295808,0.9999999979299551,-1.5886379107907297e-09,1,3.0,1.0,1.3033829920704192,3.1768472297244443e-09,0.18,3.653374314183111e-09,-72.47165706912212,72.471656097613,3.5033829920704194
1779563485.7140195,21.095464944839478,1.7037610621658554,0.9999999979389675,-1.5923043113072518e-09,1,3.0,1.0,1.2962389378341446,3.1823139678976986e-09,0.18,3.6596610630823532e-09,-72.471657069958,72.47165609677714,3.4962389378341445
1779563485.8150723,21.19651770591736,1.7196385098456506,0.999999997890404,-1.58857751465819e-09,1,3.0,1.0,1.2803614901543494,3.2362339474900637e-09,0.18,3.721669039613573e-09,-72.47165707820263,72.4716560885325,3.4803614901543494
1779563485.9160137,21.2974591255188,1.7236099950191222,0.9999999978694554,-1.586131471290336e-09,1,3.0,1.0,1.2763900049808778,3.2553271189783572e-09,0.18,3.743626186825111e-09,-72.47165708112203,72.47165608561308,3.4763900049808782
1779563486.016728,21.398173332214355,1.7339384478618989,0.9999999978318933,-1.5826489237066917e-09,1,3.0,1.0,1.2660615521381011,3.2951303907680085e-09,0.18,3.78939994938321e-09,-72.47165708720814,72.47165607952697,3.4660615521381013
1779563486.1175704,21.49901580810547,1.7426764508963888,0.9999999978332396,-1.5854449093719077e-09,1,3.0,1.0,1.2573235491036112,3.308756824083048e-09,0.18,3.805070347695505e-09,-72.4716570892917,72.47165607744343,3.457323549103611
1779563486.2184389,21.599884271621704,1.7482347135028202,0.9999999978442938,-1.5890082811917446e-09,1,3.0,1.0,1.2517652864971798,3.311141139050733e-09,0.18,3.807812309908342e-09,-72.47165708965625,72.47165607707886,3.4517652864971797
1779563486.3192315,21.700676918029785,1.760141127121643,0.9999999978525724,-1.5939421123131788e-09,1,3.0,1.0,1.239858872878357,3.325935526987678e-09,0.18,3.824825856035829e-09,-72.47165709191839,72.47165607481672,3.4398588728783572
1779563486.4197266,21.801172018051147,1.7680799166014038,0.9999999978275981,-1.5919579217235687e-09,1,3.0,1.0,1.2319200833985962,3.3553857470280946e-09,0.18,3.858693609082308e-09,-72.47165709642147,72.47165607031366,3.4319200833985963
1779563486.522617,21.903056621551514,1.7744335462636953,0.9999999977953581,-1.5882675403897147e-09,1,3.0,1.0,1.2255664537363047,3.3871434546028922e-09,0.18,3.895214972793326e-09,-72.47165710127737,72.47165606545774,3.425566453736305
1779563486.641223,22.021658420562744,1.7776111813353623,0.9999999977791661,-1.5864041420651838e-09,1,3.0,1.0,1.2223888186646377,3.4032021645202803e-09,0.18,3.913682489198322e-09,-72.4716571037328,72.4716560630023,3.422388818664638
1779563486.7434638,22.123889684677124,1.7919114991451146,0.9999999977460955,-1.5848524943659677e-09,1,3.0,1.0,1.2080885008548854,3.4505309720600508e-09,0.18,3.968110617869058e-09,-72.4716571109696,72.47165605576552,3.408088500854886
1779563486.8449695,22.225884675979614,1.7966765113580745,0.9999999977522317,-1.5873242949079932e-09,1,3.0,1.0,1.2033234886419255,3.4552911643004336e-09,0.18,3.9735848389454985e-09,-72.47165711169747,72.47165605503764,3.4033234886419255
1779563486.9470167,22.32742190361023,1.810965186458742,0.9999999977706775,-1.5947290383930331e-09,1,3.0,1.0,1.189034813541258,3.4696299167080724e-09,0.18,3.990074404214283e-09,-72.47165711388992,72.47165605284519,3.389034813541258
1779563487.0489552,22.42987871170044,1.8149341308770048,0.9999999977643558,-1.59479742813135e-09,1,3.0,1.0,1.1850658691229952,3.481312127462388e-09,0.18,4.003508946581746e-09,-72.4716571156762,72.47165605105894,3.3850658691229953
1779563487.1498492,22.531294584274292,1.831612528366521,0.9999999976893102,-1.5867434262215093e-09,1,3.0,1.0,1.168387471633479,3.5644176499260993e-09,0.18,4.099080297415014e-09,-72.47165712838341,72.47165603835171,3.368387471633479
1779563487.2520132,22.632176637649536,1.8347905843555108,0.9999999976766375,-1.585476883795017e-09,1,3.0,1.0,1.1652094156444892,3.5794212038808837e-09,0.18,4.116334384463016e-09,-72.47165713067751,72.4716560360576,3.3652094156444896
1779563487.3523526,22.733798027038574,1.8411462743155864,0.9999999976630856,-1.5849795038799848e-09,1,3.0,1.0,1.1588537256844136,3.601553721921391e-09,0.18,4.1417867802095995e-09,-72.47165713406167,72.47165603267345,3.3588537256844138
1779563487.4546273,22.834545373916626,1.853851726180141,0.9999999976778348,-1.5912837943030163e-09,1,3.0,1.0,1.146148273819859,3.61734375786682e-09,0.18,4.159945321546843e-09,-72.47165713647605,72.47165603025906,3.346148273819859
1779563487.5554829,22.93642544746399,1.860995504796483,0.9999999976872769,-1.5950185845578554e-09,1,3.0,1.0,1.139004495203517,3.6254963475812474e-09,0.18,4.169320799718434e-09,-72.47165713772262,72.4716560290125,3.3390044952035174
1779563487.655743,23.037188291549683,1.864170520220222,0.9999999976862078,-1.595762878073564e-09,1,3.0,1.0,1.135829479779778,3.632857570323722e-09,0.18,4.17778620587228e-09,-72.47165713884819,72.47165602788694,3.335829479779778
1779563487.7564173,23.13786268234253,1.879258126082594,0.9999999976303391,-1.5905554879988622e-09,1,3.0,1.0,1.120741873917406,3.7049234791197705e-09,0.18,4.260662000987735e-09,-72.4716571498674,72.47165601686773,3.320741873917406
1779563487.8577688,23.23869824409485,1.883230410074884,0.9999999976104531,-1.588284415779689e-09,1,3.0,1.0,1.116769589925116,3.727980146805976e-09,0.18,4.287177168826872e-09,-72.47165715339288,72.47165601334224,3.316769589925116
1779563487.9587233,23.339651346206665,1.8983237838822447,0.9999999975802988,-1.5874717325256634e-09,1,3.0,1.0,1.1016762161177553,3.7838532307432615e-09,0.18,4.351431215354751e-09,-72.47165716193611,72.47165600479899,3.3016762161177553
1779563488.0751767,23.455618619918823,1.9014999725584198,0.9999999975845572,-1.5891486133820572e-09,1,3.0,1.0,1.0985000274415802,3.78800413258773e-09,0.18,4.356204752475889e-09,-72.4716571625708,72.47165600416432,3.2985000274415803
1779563488.17588,23.55732536315918,1.9189637037945968,0.9999999975989777,-1.5967816187209601e-09,1,3.0,1.0,1.0810362962054032,3.8178193939586436e-09,0.18,4.39049230305244e-09,-72.47165716712969,72.47165599960543,3.2810362962054036
1779563488.2776043,23.65853214263916,1.9221395453192287,0.9999999975907532,-1.5962940087685447e-09,1,3.0,1.0,1.0778604546807713,3.8315062234062225e-09,0.18,4.406232156917156e-09,-72.47165716922247,72.47165599751266,3.2778604546807717
1779563488.378815,23.759737014770508,1.9284929483193896,0.9999999975639347,-1.593538879310635e-09,1,3.0,1.0,1.0715070516806104,3.8670333601942275e-09,0.18,4.447088364223362e-09,-72.47165717465474,72.47165599208037,3.2715070516806106
1779563488.4791548,23.860600233078003,1.9435874591855449,0.999999997500332,-1.5869539245069782e-09,1,3.0,1.0,1.0564125408144551,3.9531395934488955e-09,0.18,4.54611053246623e-09,-72.47165718782078,72.47165597891431,3.2564125408144555
1779563488.579914,23.96135950088501,1.9467647576297595,0.9999999974962084,-1.5871670873277063e-09,1,3.0,1.0,1.0532352423702405,3.964405692613582e-09,0.18,4.559066546505619e-09,-72.47165718954342,72.47165597719169,3.2532352423702404
1779563488.6812513,24.06269669532776,1.9531176940718413,0.9999999974994668,-1.5896033607329437e-09,1,3.0,1.0,1.0468823059281587,3.9781555827289594e-09,0.18,4.574878920138303e-09,-72.47165719164583,72.47165597508929,3.2468823059281586
1779563488.7818892,24.163334608078003,1.9689938069718105,0.9999999975184405,-1.597557886659778e-09,1,3.0,1.0,1.0310061930281895,4.004487852427019e-09,0.18,4.605161030291072e-09,-72.47165719567217,72.47165597106296,3.2310061930281897
1779563488.8826914,24.264136791229248,1.9729634086474357,0.9999999975117944,-1.5975747620497523e-09,1,3.0,1.0,1.0270365913525643,4.020278776550867e-09,0.18,4.623320593033497e-09,-72.47165719808666,72.47165596864846,3.2270365913525643
1779563488.9850829,24.365521669387817,1.976933856156254,0.9999999974988485,-1.5965089479461122e-09,1,3.0,1.0,1.023066143843746,4.0412690971436405e-09,0.18,4.647459461715186e-09,-72.4716572012962,72.47165596543893,3.223066143843746
1779563489.0868142,24.466742515563965,1.9936164462549506,0.9999999974234367,-1.5883652400158817e-09,1,3.0,1.0,1.0063835537450494,4.1485850310607475e-09,0.18,4.770872785719859e-09,-72.4716572177053,72.47165594902982,3.2063835537450496
1779563489.188084,24.56952929496765,1.9967939413046278,0.9999999974159,-1.58798509965225e-09,1,3.0,1.0,1.0032060586953722,4.163827060921221e-09,0.18,4.7884011200594045e-09,-72.47165722003587,72.47165594669926,3.2032060586953723
1779563489.288788,24.670233488082886,2.01267384627986,0.9999999974282882,-1.5948071980939667e-09,1,3.0,1.0,0.9873261537201401,4.199530945214747e-09,0.18,4.829460586996958e-09,-72.47165722549515,72.47165594123997,3.1873261537201403
1779563489.3896332,24.77107858657837,2.0158488562506656,0.9999999974330154,-1.596556909580776e-09,1,3.0,1.0,0.9841511437493344,4.2048804438366005e-09,0.18,4.8356125104120904e-09,-72.47165722631311,72.471655940422,3.1841511437493346
1779563489.4918528,24.87228298187256,2.0229933345253803,0.9999999974326903,-1.5985935026971484e-09,1,3.0,1.0,0.9770066654746197,4.226323291334211e-09,0.18,4.860271785034342e-09,-72.47165722959181,72.47165593714331,3.17700666547462
1779563489.5949328,24.975282907485962,2.0357006611368376,0.9999999973863268,-1.5943320226394272e-09,1,3.0,1.0,0.9642993388631624,4.304769429808175e-09,0.18,4.950484844279401e-09,-72.47165724158661,72.47165592514851,3.1642993388631626
1779563489.6956377,25.077083110809326,2.0428509246890534,0.9999999973521461,-1.590511967256297e-09,1,3.0,1.0,0.9571490753109466,4.3569086116690414e-09,0.18,5.010444903419397e-09,-72.47165724955893,72.4716559171762,3.157149075310947
1779563489.797432,25.178877353668213,2.0460286541201205,0.9999999973406469,-1.589445264974237e-09,1,3.0,1.0,0.9539713458798795,4.377110673914331e-09,0.18,5.03367727500148e-09,-72.47165725264792,72.47165591408721,3.1539713458798797
1779563489.899296,25.280213117599487,2.061116466022917,0.9999999973367529,-1.5932022596895686e-09,1,3.0,1.0,0.9388835339770831,4.429812960893287e-09,0.18,5.094284905027279e-09,-72.47165726070632,72.4716559060288,3.1388835339770833
1779563490.0041847,25.385120391845703,2.0674666427041712,0.9999999973476927,-1.5969645834754183e-09,1,3.0,1.0,0.9325333572958288,4.441160328383376e-09,0.18,5.107334377640882e-09,-72.4716572624414,72.47165590429373,3.132533357295829
1779563490.1047032,25.486148595809937,2.0738172593064865,0.9999999973503434,-1.5992827291508357e-09,1,3.0,1.0,0.9261827406935135,4.460118496751875e-09,0.18,5.129136271264656e-09,-72.47165726534018,72.47165590139494,3.1261827406935137
1779563490.2056594,25.58710479736328,2.0873185480577083,0.9999999973074388,-1.5958508077371144e-09,1,3.0,1.0,0.9126814519422917,4.546016008077913e-09,0.18,5.2279184092896e-09,-72.47165727847431,72.4716558882608,3.112681451942292
1779563490.3070645,25.688509941101074,2.0904963850644154,0.9999999972915757,-1.5940415882961852e-09,1,3.0,1.0,0.9095036149355846,4.571956591092885e-09,0.18,5.257750079756817e-09,-72.47165728244073,72.47165588429438,3.109503614935585
1779563490.4084888,25.789934158325195,2.106382870238362,0.9999999972453804,-1.5906824975128793e-09,1,3.0,1.0,0.8936171297616382,4.673232467666821e-09,0.18,5.374217337816844e-09,-72.47165729792628,72.47165586880881,3.0936171297616384
1779563490.509514,25.89095950126648,2.1127342058887852,0.9999999972512637,-1.593577070982682e-09,1,3.0,1.0,0.8872657941112148,4.691562249803383e-09,0.18,5.39529658727389e-09,-72.471657300729,72.4716558660061,3.087265794111215
1779563490.6103861,25.9918315410614,2.11590936380991,0.9999999972568219,-1.5954751082655812e-09,1,3.0,1.0,0.88409063619009,4.698299527206018e-09,0.18,5.40304445628692e-09,-72.47165730175917,72.47165586497596,3.08409063619009
1779563490.7114093,26.092854738235474,2.1309933656510003,0.9999999972586663,-1.6002224219188784e-09,1,3.0,1.0,0.8690066343489997,4.7547827897176376e-09,0.18,5.468000208175283e-09,-72.47165731039571,72.4716558563394,3.069006634349
1779563490.8129141,26.19385600090027,2.1349645482917525,0.9999999972457722,-1.5991681541346943e-09,1,3.0,1.0,0.8650354517082475,4.7831161253952814e-09,0.18,5.500583544204573e-09,-72.471657314728,72.4716558520071,3.0650354517082476
1779563490.9136808,26.2946138381958,2.146086580959489,0.9999999971936596,-1.593426080651333e-09,1,3.0,1.0,0.8539134190405111,4.879872061991364e-09,0.18,5.6118528712900676e-09,-72.47165732952244,72.47165583721267,3.0539134190405113
1779563491.0143297,26.395775079727173,2.1564124711407398,0.9999999971631864,-1.5911585611458386e-09,1,3.0,1.0,0.8435875288592602,4.953955468067761e-09,0.18,5.697048788277925e-09,-72.47165734085011,72.47165582588498,3.0435875288592604
1779563491.115384,26.496318101882935,2.159588611173509,0.9999999971618575,-1.5918628866326608e-09,1,3.0,1.0,0.840411388826491,4.9689501402383485e-09,0.18,5.7142926612741e-09,-72.47165734314288,72.47165582359224,3.040411388826491
1779563491.215776,26.59722137451172,2.175465147394647,0.9999999971819201,-1.6000057063844716e-09,1,3.0,1.0,0.8245348526053529,5.01778707473477e-09,0.18,5.770455135944985e-09,-72.47165735061029,72.47165581612484,3.024534852605353
1779563491.318769,26.698689937591553,2.178640881439037,0.9999999971819539,-1.6009418464388355e-09,1,3.0,1.0,0.821359118560963,5.031896677110126e-09,0.18,5.786681178676645e-09,-72.4716573527677,72.4716558139674,3.021359118560963
1779563491.4196515,26.80109691619873,2.18499387136686,0.9999999971705263,-1.6008388177421503e-09,1,3.0,1.0,0.81500612863314,5.072559705610047e-09,0.18,5.833443661451554e-09,-72.47165735898528,72.47165580774984,3.01500612863314
1779563491.520779,26.90222430229187,2.20008766334981,0.9999999971039811,-1.5937644766292388e-09,1,3.0,1.0,0.7999123366501899,5.21418463961254e-09,0.18,5.99631233555442e-09,-72.47165738064038,72.47165578609474,2.99991233665019
1779563491.621725,27.003170490264893,2.2040593133999833,0.9999999970896412,-1.592436649891787e-09,1,3.0,1.0,0.7959406866000167,5.248938617086196e-09,0.18,6.0362794096491255e-09,-72.4716573859544,72.47165578078071,2.995940686600017
1779563491.7231987,27.10413694381714,2.215175859230051,0.9999999970799388,-1.5940202720141124e-09,1,3.0,1.0,0.784824140769949,5.314677142820301e-09,0.18,6.111878714243346e-09,-72.47165739600615,72.47165577072897,2.984824140769949
1779563491.8236656,27.205111026763916,2.223907603499887,0.9999999970931966,-1.59888482521881e-09,1,3.0,1.0,0.776092396500113,5.344319653488583e-09,0.18,6.14596760151187e-09,-72.4716574005386,72.4716557661965,2.976092396500113
1779563491.9260092,27.305896520614624,2.2278768804042763,0.999999997097455,-1.6007837506801289e-09,1,3.0,1.0,0.7721231195957237,5.359957366835033e-09,0.18,6.163950971860287e-09,-72.47165740292968,72.47165576380543,2.972123119595724
1779563492.026206,27.40765142440796,2.2342291345163634,0.9999999970941925,-1.6020840438865699e-09,1,3.0,1.0,0.7657708654836366,5.396701308058027e-09,0.18,6.206206504266731e-09,-72.47165740854801,72.47165575818711,2.9657708654836368
1779563492.1275985,27.50904393196106,2.249322234328736,0.9999999970355209,-1.5963846029673542e-09,1,3.0,1.0,0.7506777656712642,5.545454762057034e-09,0.18,6.377272976365589e-09,-72.4716574312931,72.47165573544201,2.9506777656712644
1779563492.2285228,27.609968185424805,2.252499841022937,0.9999999970211846,-1.5948285143760395e-09,1,3.0,1.0,0.7475001589770631,5.579865014482266e-09,0.18,6.416844766654606e-09,-72.47165743655458,72.47165573018053,2.9475001589770633
1779563492.3295536,27.710999011993408,2.267587440535604,0.9999999969959033,-1.5948702587617654e-09,1,3.0,1.0,0.7324125594643962,5.696515703590421e-09,0.18,6.550993059128984e-09,-72.47165745439102,72.4716557123441,2.9324125594643964
1779563492.4316664,27.812105417251587,2.272350223572001,0.999999997002282,-1.5973784746189986e-09,1,3.0,1.0,0.7276497764279992,5.7171050116267e-09,0.18,6.574670763370704e-09,-72.4716574575392,72.4716557091959,2.9276497764279994
1779563492.5322733,27.913718700408936,2.2794947208377967,0.9999999970123598,-1.6012162935705228e-09,1,3.0,1.0,0.7205052791622033,5.747806675060474e-09,0.18,6.609977676319544e-09,-72.47165746223364,72.47165570450149,2.9205052791622035
1779563492.633217,28.014662504196167,2.2922012681987045,0.9999999969954012,-1.6020254241108696e-09,1,3.0,1.0,0.7077987318012955,5.847015760451768e-09,0.18,6.724068124519533e-09,-72.47165747740317,72.47165568933195,2.9077987318012957
1779563492.7341826,28.115628004074097,2.299351184295928,0.9999999969640988,-1.5987178476759064e-09,1,3.0,1.0,0.700648815704072,5.931703572770175e-09,0.18,6.821459108685701e-09,-72.47165749035233,72.4716556763828,2.900648815704072
1779563492.8351603,28.21660566329956,2.302528885321555,0.9999999969489552,-1.597024979607958e-09,1,3.0,1.0,0.6974711146784451,5.971463767906471e-09,0.18,6.867183333092441e-09,-72.47165749643185,72.47165567030329,2.8974711146784453
1779563492.9375505,28.317671298980713,2.3192051899950905,0.9999999969112697,-1.5953800731746733e-09,1,3.0,1.0,0.6807948100049095,6.1323275346580886e-09,0.18,7.052176664856802e-09,-72.47165752102865,72.47165564570648,2.8807948100049097
1779563493.038631,28.420076370239258,2.32238042218206,0.9999999969143558,-1.596850008459277e-09,1,3.0,1.0,0.6776195778179401,6.150502773749622e-09,0.18,7.073078189812065e-09,-72.47165752380774,72.47165564292739,2.8776195778179403
1779563493.1400986,28.521543979644775,2.332700464503374,0.9999999969283643,-1.6023007594209767e-09,1,3.0,1.0,0.667299535496626,6.205384650570522e-09,0.18,7.1361923481561005e-09,-72.47165753219942,72.4716556345357,2.867299535496626
1779563493.2413998,28.62233328819275,2.342230429653411,0.999999996919257,-1.6035299983538417e-09,1,3.0,1.0,0.6577695703465891,6.287150355888116e-09,0.18,7.230222909271333e-09,-72.47165754470178,72.47165562203334,2.8577695703465893
1779563493.3421614,28.723606824874878,2.3485856848884694,0.9999999968958807,-1.6013646193666128e-09,1,3.0,1.0,0.6514143151115306,6.3665641647503435e-09,0.18,7.321548789462895e-09,-72.4716575568445,72.47165560989062,2.8514143151115308
1779563493.4436827,28.825128078460693,2.361295222126283,0.9999999968406025,-1.5955061945102707e-09,1,3.0,1.0,0.6387047778737172,6.542075769999656e-09,0.18,7.523387135499604e-09,-72.47165758368104,72.47165558305407,2.8387047778737173
1779563493.5445747,28.92602014541626,2.367647452692922,0.9999999968278036,-1.5951518113208104e-09,1,3.0,1.0,0.6323525473070779,6.611651670596075e-09,0.18,7.603399421185485e-09,-72.47165759431952,72.4716555724156,2.832352547307078
1779563493.6452947,29.026740074157715,2.371616769603811,0.9999999968272185,-1.5962202899597096e-09,1,3.0,1.0,0.6283832303961892,6.645338945787671e-09,0.18,7.642139787655821e-09,-72.47165759947045,72.47165556726466,2.8283832303961893
1779563493.7462244,29.12766981124878,2.388288618754294,0.9999999968444807,-1.6041002088992891e-09,1,3.0,1.0,0.6117113812457058,6.762610027521987e-09,0.18,7.777001531650284e-09,-72.47165761740173,72.47165554933336,2.811711381245706
1779563493.848641,29.22855806350708,2.3914654158732516,0.9999999968418133,-1.6045736079969893e-09,1,3.0,1.0,0.6085345841267484,6.794396600895425e-09,0.18,7.813556091029738e-09,-72.47165762226204,72.47165554447308,2.8085345841267486
1779563493.9496803,29.330610752105713,2.397820236362224,0.9999999968254509,-1.6036223689094905e-09,1,3.0,1.0,0.6021797636377761,6.875385594184991e-09,0.18,7.906693433312738e-09,-72.47165763464565,72.47165553208946,2.8021797636377763
1779563494.0504212,29.43186664581299,2.4137071135050037,0.9999999967574905,-1.596506283410853e-09,1,3.0,1.0,0.5862928864949963,7.127034518106257e-09,0.18,8.196089695822195e-09,-72.47165767312393,72.47165549361118,2.7862928864949965
1779563494.1511035,29.532548904418945,2.4168833340168616,0.9999999967489707,-1.5959600536827375e-09,1,3.0,1.0,0.5831166659831384,7.171224059021597e-09,0.18,8.246907667874836e-09,-72.4716576798807,72.4716554868544,2.7831166659831386
1779563494.2521105,29.63355588912964,2.4208529857328074,0.9999999967434922,-1.5961785455739837e-09,1,3.0,1.0,0.5791470142671926,7.219116859857877e-09,0.18,8.301984388836558e-09,-72.47165768720375,72.47165547953139,2.779147014267193
1779563494.3536215,29.734548807144165,2.43831827053321,0.9999999967595927,-1.6040922152935118e-09,1,3.0,1.0,0.5616817294667902,7.373208710248491e-09,0.18,8.479190016785765e-09,-72.4716577107651,72.47165545597002,2.7616817294667904
1779563494.454099,29.83554434776306,2.4414948347092555,0.9999999967597342,-1.6050487834515289e-09,1,3.0,1.0,0.5585051652907445,7.406724567005085e-09,0.18,8.517733252055847e-09,-72.4716577158898,72.4716554508453,2.7585051652907446
1779563494.5577672,29.9371976852417,2.4581766856844807,0.9999999967075676,-1.6009356291898976e-09,1,3.0,1.0,0.5418233143155193,7.677515068138518e-09,0.18,8.829142328359295e-09,-72.47165775729493,72.47165540944019,2.7418233143155195
1779563494.658624,30.039543390274048,2.461353930514528,0.9999999966929779,-1.599335131677598e-09,1,3.0,1.0,0.538646069485472,7.738843788018812e-09,0.18,8.899670356221633e-09,-72.47165776667238,72.47165540006274,2.738646069485472
1779563494.759254,30.14069938659668,2.4685010821065605,0.9999999966674185,-1.5969938933632684e-09,1,3.0,1.0,0.5314989178934395,7.867150486617902e-09,0.18,9.047223059610587e-09,-72.47165778629105,72.47165538044405,2.7314989178934397
1779563494.8607655,30.241686820983887,2.48040897238557,0.999999996662077,-1.5995731634940776e-09,1,3.0,1.0,0.51959102761443,8.023708364390814e-09,0.18,9.227264619049436e-09,-72.47165781022949,72.47165535650564,2.71959102761443
1779563494.961359,30.342804431915283,2.4875540157029348,0.9999999966719998,-1.6033825607361714e-09,1,3.0,1.0,0.5124459842970652,8.097726045264153e-09,0.18,9.312384952053776e-09,-72.47165782154713,72.471655345188,2.7124459842970654
1779563495.0678854,30.44781470298767,2.4907302332326857,0.9999999966749383,-1.604820521597666e-09,1,3.0,1.0,0.5092697667673143,8.13389799958486e-09,0.18,9.35398269952259e-09,-72.47165782707798,72.47165533965715,2.7092697667673145
1779563495.1686711,30.550116539001465,2.5066169497445574,0.9999999966426206,-1.603911026895893e-09,1,3.0,1.0,0.4933830502554426,8.408723939368201e-09,0.18,9.670032530273431e-09,-72.47165786910014,72.47165529763498,2.693383050255443
1779563495.269654,30.65109944343567,2.509794490245998,0.9999999966281954,-1.602344280163542e-09,1,3.0,1.0,0.4902055097540021,8.480693480805712e-09,0.18,9.752797502926568e-09,-72.4716578801046,72.47165528663051,2.6902055097540023
1779563495.3705246,30.751970052719116,2.5161485049194483,0.9999999965998683,-1.5992898345781933e-09,1,3.0,1.0,0.4838514950805517,8.62651150512761e-09,0.18,9.92048823089675e-09,-72.47165790240086,72.47165526433425,2.683851495080552
1779563495.4714544,30.85289978981018,2.529645318204447,0.9999999965750337,-1.5989523267787072e-09,1,3.0,1.0,0.47035468179555284,8.880619795093025e-09,0.18,1.0212712764356979e-08,-72.47165794125519,72.47165522547994,2.670354681795553
1779563495.572287,30.95373249053955,2.536789977787853,0.9999999965828612,-1.602403788117662e-09,1,3.0,1.0,0.4632100222121469,8.979486931792735e-09,0.18,1.0326409971561644e-08,-72.47165795637241,72.4716552103627,2.663210022212147
1779563495.6732569,31.054702281951904,2.539965879856802,0.9999999965872294,-1.6040877744014133e-09,1,3.0,1.0,0.4600341201431979,9.022603997266287e-09,0.18,1.037599459685623e-08,-72.47165796296522,72.4716552037699,2.660034120143198
1779563495.774152,31.155597448349,2.5558515234796317,0.9999999965718448,-1.6061021630572932e-09,1,3.0,1.0,0.44414847652036826,9.324591321302478e-09,0.18,1.0723280019497849e-08,-72.47165800914048,72.47165515759463,2.6441484765203684
1779563495.8750918,31.256537199020386,2.5614122948321136,0.9999999965486829,-1.6037253976061757e-09,1,3.0,1.0,0.43858770516788637,9.47288603114771e-09,0.18,1.0893818935819865e-08,-72.47165803181542,72.4716551349197,2.6385877051678865
1779563495.9755518,31.35699725151062,2.56458949323247,0.9999999965340091,-1.6021115774175806e-09,1,3.0,1.0,0.4354105067675298,9.562394875928248e-09,0.18,1.0996754107317485e-08,-72.47165804550173,72.47165512123338,2.63541050676753
1779563496.0764036,31.45784902572632,2.581263097712032,0.9999999964905765,-1.5994763520463303e-09,1,3.0,1.0,0.4187369022879679,9.9804515762969e-09,0.18,1.1477519312741434e-08,-72.47165810942452,72.47165505731058,2.618736902287968
1779563496.1772838,31.55872917175293,2.585232248684683,0.9999999964929945,-1.601061750525495e-09,1,3.0,1.0,0.41476775131531696,1.0056409038838865e-08,0.18,1.1564870394664693e-08,-72.47165812103876,72.47165504569632,2.614767751315317
1779563496.2782638,31.659709215164185,2.6003198222796997,0.9999999965054538,-1.6076387117233744e-09,1,3.0,1.0,0.3996801777203003,1.0350995172103694e-08,0.18,1.1903644447919247e-08,-72.47165816608234,72.47165500065277,2.5996801777203005
1779563496.379571,31.761016368865967,2.607469368285933,0.9999999964908637,-1.6072248205797942e-09,1,3.0,1.0,0.3925306317140671,1.0547001938476797e-08,0.17999999999999997,1.2129052229248315e-08,-72.47165819605267,72.47165497068242,2.5925306317140673
1779563496.4802644,31.86170983314514,2.610647002150154,0.9999999964791718,-1.6061368020156615e-09,1,3.0,1.0,0.389352997849846,1.0648903092658202e-08,0.17999999999999997,1.2246238556556932e-08,-72.47165821163382,72.47165495510126,2.589352997849846
1779563496.5811083,31.96255373954773,2.6257361997480246,0.9999999964170444,-1.599788102671645e-09,1,3.0,1.0,0.37426380025197536,1.1173130864960967e-08,0.17999999999999997,1.2849100494705111e-08,-72.47165829179066,72.47165487494443,2.5742638002519755
1779563496.6825378,32.06398320198059,2.6289117272256632,0.9999999964100968,-1.5995180964320562e-09,1,3.0,1.0,0.37108827277433676,1.1273505240438908e-08,0.17999999999999997,1.2964531026504743e-08,-72.47165830713836,72.47165485959673,2.571088272774337
1779563496.7830677,32.1645131111145,2.636056202585435,0.9999999964071163,-1.6011052712680603e-09,1,3.0,1.0,0.36394379741456495,1.1473189065469569e-08,0.17999999999999997,1.3194167425290003e-08,-72.47165833767096,72.47165482906415,2.563943797414565
1779563496.8838103,32.26525568962097,2.648760552130389,0.9999999964212853,-1.6072745585712974e-09,1,3.0,1.0,0.3512394478696108,1.1796092103111278e-08,0.17999999999999997,1.3565505918577969e-08,-72.47165838704431,72.4716547796908,2.551239447869611
1779563496.9852068,32.36613893508911,2.655115158632595,0.9999999964183636,-1.6086396888023765e-09,2,4.5,2.2,2.200818049385992,0.5766894670961862,0.1581667624197672,0.45,-114.76500361228779,-26.036573750207015,2.5448848413674052
1779563497.0855708,32.46701622009277,2.67071164248179,0.9999988891534068,-0.004146658914680823,2,4.5,2.2,2.1877610840731054,0.5847236423634072,0.15757172890621438,0.45,-114.447871829599,-26.884572519467547,2.529288357518454
1779563497.187742,32.56918740272522,2.67375717279179,0.9999975334408447,-0.0060774419587919185,2,4.5,2.2,2.1852159581326265,0.5874193963992687,0.1573704438213919,0.45,-114.34077282096366,-27.17032185177482,2.5262428272094146
1779563497.2885244,32.6699697971344,2.6797958558862467,0.9999917311634807,-0.01066563166345016,2,4.5,2.2,2.1801749864460196,0.5935308439674158,0.1569110957481049,0.45,-114.0967045439014,-27.820332641547786,2.5202041441273186
1779563497.3896852,32.7706196308136,2.694666520453688,0.9999442432691154,-0.02449959048899444,2,4.5,2.2,2.1678013727354566,0.6111588557312064,0.15556278557920644,0.45,-113.38304624377102,-29.711567475871757,2.505333480166751
1779563497.4908392,32.87228465080261,2.698345690523669,0.9999215772036991,-0.028206137793339605,2,4.5,2.2,2.164750902925298,0.6158149805154616,0.155200900376425,0.45,-113.19220358109935,-30.214947291202527,2.5016543107055447
1779563497.591579,32.97302436828613,2.7041996859635815,0.9998738765466079,-0.03422067852451718,2,4.5,2.2,2.1599077480504962,0.6233504173408382,0.15461016957242096,0.45,-112.88132106907723,-31.03282675202433,2.495800317223197
1779563497.6922004,33.07364583015442,2.7165121594392874,0.9997179492862549,-0.04715969678497814,2,4.5,2.2,2.149768796567088,0.6395320764553456,0.15332064010264673,0.45,-112.20547524714675,-32.801817055979264,2.4834878565770193
1779563497.7931604,33.17460584640503,2.722257017239995,0.999615042614777,-0.053278055735013014,2,4.5,2.2,2.145062740030968,0.64718554453711,0.15270082832719664,0.45,-111.88200338607909,-33.64412529100026,2.477743012664678
1779563497.8950164,33.27545356750488,2.7251187776553736,0.9995558307352447,-0.05634073495246053,2,4.5,2.2,2.142724797297428,0.6510185159651845,0.15238804415231935,0.45,-111.71910606431278,-34.067239410451236,2.4748812622023646
1779563497.9955225,33.376967906951904,2.7393196144530085,0.999176768992752,-0.07165171001875971,2,4.5,2.2,2.1311902430746508,0.6702099105047243,0.15079832511272567,0.45,-110.8947435958415,-36.19758626977798,2.4606805232546916
1779563498.0965178,33.47796320915222,2.7449551233406266,0.9989839680449089,-0.07777858907980686,2,4.5,2.2,2.1266457222822677,0.6779048090569777,0.15014994109188856,0.45,-110.56023941483906,-37.05687067809687,2.455045086904184
1779563498.1974516,33.57889699935913,2.747761349999156,0.9988785133928201,-0.08084168519128655,2,4.5,2.2,2.1243900564976816,0.6817548770408748,0.14982318912227002,0.45,-110.39204733110168,-37.4878094397156,2.45223890644655
1779563498.2985315,33.67997694015503,2.7582261622370257,0.9984270953182507,-0.09233457840576101,2,4.5,2.2,2.116023049775426,0.6962199070560233,0.14858170916910743,0.45,-109.7553499137429,-39.112397167296294,2.441774344367813
1779563498.4000454,33.780980587005615,2.7644689176528585,0.9981121282797157,-0.09923215067766769,2,4.5,2.2,2.1110666957681268,0.7049194969933472,0.14782460192538227,0.45,-109.36889636119447,-40.093284727963656,2.4355318140272098
1779563498.5004,33.881845474243164,2.778223347512247,0.9972926771459627,-0.11455917581859179,2,4.5,2.2,2.1002427825131686,0.7242958040996585,0.14611043883603844,0.45,-108.49910996755283,-42.28674245592197,2.4217781657558612
1779563498.602374,33.98281121253967,2.7809569670238825,0.997108483341554,-0.11762539261958185,2,4.5,2.2,2.0981079452860825,0.7281800977624138,0.1457622187007761,0.45,-108.32330426364278,-42.72771734599079,2.419044761111063
1779563498.7041361,34.08457660675049,2.784363392000795,0.9968689345085197,-0.12145683005218746,2,4.5,2.2,2.0954553995391274,0.733037206488611,0.14532464893982633,0.45,-108.10281540249444,-43.27964646420922,2.415638637188315
1779563498.8053813,34.186304330825806,2.7992346572056888,0.9956887274650135,-0.13831518608868112,2,4.5,2.2,2.083978980797333,0.7544564695734644,0.1433669279622926,0.45,-107.1221941109473,-45.71926047205169,2.400769213863165
1779563498.9200838,34.299015045166016,2.8019207734941984,0.9954516075859707,-0.14138195157046263,2,4.5,2.2,2.081924563752915,0.7583617850125912,0.14300509126960542,0.45,-106.9420073796698,-46.164869072885054,2.39808353992771
1779563499.0222464,34.402681827545166,2.80793645819173,0.9948938390428197,-0.14827783622346782,2,4.5,2.2,2.077344431887428,0.7671521347184411,0.14218518443335207,0.45,-106.53494213035216,-47.16852984356477,2.3920689916739537
1779563499.1226428,34.504088163375854,2.811922291364934,0.9945038443051252,-0.15286978181006572,2,4.5,2.2,2.0743257535367334,0.7730119235512225,0.14163444589512708,0.45,-106.26247571494379,-47.83798667903648,2.388084033321929
1779563499.2234943,34.604939699172974,2.822467631967415,0.9933914058743967,-0.1651107846351876,2,4.5,2.2,2.066402464481394,0.7886567864902876,0.14014784293165852,0.45,-105.53090131903382,-49.62626208882993,2.3775415526461257
1779563499.3251412,34.706071853637695,2.8283527928283276,0.9927185361986284,-0.1719937150455782,2,4.5,2.2,2.062021561013181,0.7974711687378777,0.13930000454811128,0.45,-105.11623184700264,-50.63395344072024,2.3716583849703743
1779563499.4357078,34.81464982032776,2.8283527928283276,0.9927185361986284,-0.1719937150455782,2,4.5,2.2,2.062021561013181,0.7974711687378777,0.13930000454811128,0.45,-105.11623184700264,-50.63395344072024,2.3716583849703743
1779563499.5510821,34.93152356147766,2.831604742993873,0.9923306783298176,-0.17581669469985986,2,4.5,2.2,2.0596135375608355,0.8023712419984181,0.1388255031901343,0.45,-104.88497560599998,-51.194075370335554,2.3684076743466274
1779563499.6524956,35.03394103050232,2.8444910966489445,0.9906793561573474,-0.19110471033613788,2,4.5,2.2,2.050162468854267,0.8219973004256502,0.1369025364987772,0.45,-103.95384159286859,-53.43599375662549,2.3555273439651967
1779563499.7537692,35.13521456718445,2.8495903326958087,0.9899747722599503,-0.19721116535477037,2,4.5,2.2,2.046463564713159,0.8298515603209196,0.13612301427575998,0.45,-103.57917197800505,-54.332089494533214,2.3504310475630295
1779563499.8625839,35.24201941490173,2.8565436220284504,0.9889668426713447,-0.20560287883920153,2,4.5,2.2,2.041457855172322,0.8406553654573314,0.13504158033638955,0.45,-103.0620794985899,-55.56319379944798,2.34348235026769
1779563499.9637818,35.344722747802734,2.864062597283331,0.9878142573326553,-0.2147622154824858,2,4.5,2.2,2.036095641253952,0.8524610851547401,0.1338478448347567,0.45,-102.49494299000837,-56.90598531317677,2.3359691868119863
1779563500.0903437,35.469783306121826,2.8665542421526093,0.9874177555772821,-0.2178167903059525,2,4.5,2.2,2.0343305393467586,0.8564014416850982,0.1334466511014856,0.45,-102.30520434166297,-57.3534898706529,2.3334796801538036
1779563500.190941,35.572386503219604,2.8770481821546148,0.9856680246535813,-0.23080028221637178,2,4.5,2.2,2.0269619506533356,0.8731639691027127,0.13172467642475688,0.45,-101.49580758228579,-59.25277039029827,2.322996029602399
1779563500.2924397,35.673885107040405,2.880720225166184,0.9850246456095294,-0.23538452637139276,2,4.5,2.2,2.024409074510906,0.879089358127656,0.13111012084670592,0.45,-101.20891212584348,-59.92222399479605,2.3193281215025006
1779563500.3963845,35.77527117729187,2.886797863296697,0.9839242340315477,-0.243023034990187,2,4.5,2.2,2.020213207173901,0.8889691014029513,0.13007872451048585,0.45,-100.72976779172608,-61.03591911591327,2.313257995879448
1779563500.5006766,35.87910747528076,2.891621375155968,0.9830190634547487,-0.24913164867415397,2,4.5,2.2,2.0169096164106453,0.8968756843375338,0.1292473292780344,0.45,-100.345688023674,-61.924729922515326,2.3084410817351997
1779563500.6036577,35.98309636116028,2.895810197055751,0.9822101281864534,-0.25447428876921246,2,4.5,2.2,2.014059854066399,0.9037935373618158,0.12851557956904877,0.45,-100.00923998327897,-62.700459620745015,2.3042584767190077
1779563500.704295,36.08574032783508,2.9082296408805175,0.9796829713005096,-0.27050552506134573,2,4.5,2.2,2.005718456490172,0.9245723250183762,0.12629377180607143,0.45,-98.99692868232204,-65.0185100386358,2.291860414727262
1779563500.805833,36.187278509140015,2.911156371896986,0.9790588988804381,-0.2743243776254858,2,4.5,2.2,2.0037767457894597,0.9295270091395329,0.12575876503116865,0.45,-98.75525898161067,-65.5683730910822,2.2889394233189893
1779563500.906552,36.28799748420715,2.918685920282791,0.9774041807932066,-0.2842395037302821,2,4.5,2.2,1.9988233428329316,0.9423938612873837,0.12436017591056502,0.45,-98.12736750427685,-66.9906828972649,2.281425979812101
1779563501.0084834,36.38942527770996,2.92555123430912,0.9758317413181529,-0.29338373314442406,2,4.5,2.2,1.9943612614944368,0.9542673964274258,0.12305789601769165,0.45,-97.54777972898258,-68.29552703387745,2.274577167844714
1779563501.108909,36.49035429954529,2.9306508701308274,0.9746235647128105,-0.300245280584756,2,4.5,2.2,1.9910811383713798,0.9631801056202924,0.12207311658868711,0.45,-97.11276515629505,-69.26984338649154,2.2694910082892723
1779563501.2099957,36.59144115447998,2.939039967715641,0.9725615459973503,-0.3116932529616545,2,4.5,2.2,1.9857495765462476,0.9780465350039398,0.12041691711361104,0.45,-96.3875533950918,-70.88456423506663,2.2611265193140664
1779563501.3112063,36.69265174865723,2.9440141800508344,0.9712940068456576,-0.31856609715292294,2,4.5,2.2,1.9826271181178463,0.9869727500773209,0.11941445728804392,0.45,-95.9525227824932,-71.84747965119983,2.256168445363663
1779563501.4121423,36.79358768463135,2.946208733051346,0.9707241691630641,-0.32161766063068353,2,4.5,2.2,1.9812587840879705,0.9909364906005855,0.11896740309879708,0.45,-95.75947728239635,-72.27341155535943,2.2539813994896263
1779563501.5129752,36.8944206237793,2.955954967725719,0.9681141736094315,-0.335325669282293,2,4.5,2.2,1.9752513133656842,1.008742189146771,0.11694493637819547,0.45,-94.89358535156008,-74.17364308079866,2.244271555048428
1779563501.6142375,36.99568295478821,2.9580944631232087,0.9675235260249458,-0.3383715486539052,2,4.5,2.2,1.9739480599938006,1.0126979329545538,0.11649250254710054,0.45,-94.70155946846074,-74.59278860452693,2.2421407533071305
1779563501.7149842,37.09642958641052,2.9696773299968737,0.9642138804979336,-0.3551224845193419,2,4.5,2.2,1.9669913084402466,1.0344398954515084,0.11398600782543991,0.45,-93.6489419943372,-76.87591191967229,2.2306097504222677
1779563501.8158698,37.19731521606445,2.9717538140953397,0.9635999975141684,-0.35816784062099344,2,4.5,2.2,1.9657622874801282,1.0383918609531406,0.11352687317679028,0.45,-93.45819621191819,-77.28703002733054,2.228543476169948
1779563501.9167168,37.29816222190857,2.975875102782461,0.9623631318113371,-0.36425889220819063,2,4.5,2.2,1.9633394306176952,1.046292959273802,0.11260573131240931,0.45,-93.07745765901954,-78.10526328237346,2.2244433218830233
1779563502.0181623,37.39960765838623,2.9834948330071214,0.9600103298261807,-0.3757000716650085,2,4.5,2.2,1.9589186567220898,1.0611185310121707,0.11086596264419239,0.45,-92.36547797180997,-79.62688420596557,2.216865879801198
1779563502.1196003,37.50054216384888,2.9875073861644874,0.9587359186868152,-0.38180994171839555,2,4.5,2.2,1.9566221981939298,1.0690307555905143,0.10993152038276387,0.45,-91.98693745887672,-80.43141652081667,2.2128773781399005
1779563502.219858,37.60130333900452,2.994917132123406,0.9563185018631654,-0.3932470444784147,2,4.5,2.2,1.9524390151765343,1.0838325642776887,0.10817254137189736,0.45,-91.281767402182,-81.921922653187,2.205515478858025
1779563502.321101,37.7020378112793,2.999777791898493,0.9546865514253815,-0.40086101117493844,2,4.5,2.2,1.9497364588276465,1.093679763851263,0.10699465482810555,0.45,-90.81498425126796,-82.90269450423882,2.2006887725539013
1779563502.421438,37.80288338661194,3.001705478041598,0.9540289682710124,-0.40390727526640213,2,4.5,2.2,1.9486739815675567,1.0976175092681375,0.10652194691924478,0.45,-90.62888645163662,-83.29241459731128,2.1987751456277986
1779563502.5222747,37.90372014045715,3.0111864533516273,0.9507088216895198,-0.4191375249976075,2,4.5,2.2,1.9435262346796596,1.1172803725773441,0.10414738393254992,0.45,-89.7047914345376,-85.21674436414138,2.189368484803475
1779563502.6236613,38.005106687545776,3.0149110877451983,0.9493642876536325,-0.42523322575119793,2,4.5,2.2,1.9415403066375565,1.1251396965735232,0.1031918133015737,0.45,-89.3379988421224,-85.97555429714706,2.1856755316889322
1779563502.730537,38.11147665977478,3.016757123789159,0.948689506734503,-0.42828134210633473,2,4.5,2.2,1.9405636759422633,1.1290665569860927,0.10271301828791134,0.45,-89.15531788999381,-86.35242533541411,2.183845741632072
1779563502.831199,38.21264433860779,3.0253946617657523,0.9454556365521255,-0.44276705823415635,2,4.5,2.2,1.9360636516932423,1.1477057663496275,0.10042836179702083,0.45,-88.29381762304398,-88.1202999934923,2.1752892829830293
1779563502.9326217,38.31356120109558,3.027187053815423,0.9447683963790143,-0.44582006120206263,2,4.5,2.2,1.9351445303071824,1.151629445666856,0.09994494600121509,0.45,-88.11370167579308,-88.48796107451312,2.1735148099669916
1779563503.0331318,38.41457724571228,3.0359951943937893,0.9413101370939131,-0.461093072853606,2,4.5,2.2,1.9307020075145265,1.171224958816067,0.097518173892152,0.45,-87.22105259958181,-90.30017486796784,2.1648005216866313
1779563503.134534,38.515979290008545,3.038593126874905,0.9402634939881329,-0.4656762165872215,2,4.5,2.2,1.929416003197925,1.177097262004695,0.09678695914623976,0.45,-86.95588007407444,-90.83535450032603,2.1622322080070187
1779563503.2352922,38.616737604141235,3.0424442701620835,0.9386899028353022,-0.4725477558603946,2,4.5,2.2,1.9275299911526569,1.185891649692735,0.09568855664042444,0.45,-86.56086845338864,-91.6299083529459,2.158426662032039
1779563503.335913,38.717358350753784,3.0491524757166775,0.9358851467144221,-0.48474660499085626,2,4.5,2.2,1.9243037444790945,1.2014738154695035,0.0937328005538793,0.45,-85.86745081822492,-93.01700047695807,2.1518029154937794
1779563503.4367619,38.81820726394653,3.0524449214505536,0.9344779092477432,-0.4908450416704222,2,4.5,2.2,1.9227485190779001,1.2092489547559895,0.09275246885760542,0.45,-85.52467698578215,-93.69907021337147,2.1485543883690883
1779563503.5375848,38.91903018951416,3.0544793992146753,0.9335983448588798,-0.49465661172665,2,4.5,2.2,1.9217968049299425,1.2141018665526655,0.0921391204732514,0.45,-85.31185841914925,-94.12135282473061,2.146547886304823
1779563503.6385133,39.01995873451233,3.06246110553746,0.9300701354461847,-0.5099050543288526,2,4.5,2.2,1.9181344931933875,1.2334759457278057,0.08967955607580556,0.45,-84.47118276208163,-95.78054172964349,2.1386824708910517
1779563503.7411466,39.1215877532959,3.0640290408012985,0.9293621433814366,-0.5129569880718947,2,4.5,2.2,1.9174287883345906,1.2373459945619176,0.08918620921971757,0.45,-84.30502397459946,-96.10680228829486,2.1371386584234275
1779563503.841577,39.2230224609375,3.0698138270542064,0.9267079207935667,-0.5244057496974092,2,4.5,2.2,1.9148642793303077,1.2518347724833854,0.0873333893371334,0.45,-83.68839878802652,-97.31276268084495,2.1314466590285224
1779563503.9423964,39.32384181022644,3.0747149618430387,0.9244053508977266,-0.5343357181335133,2,4.5,2.2,1.912741265517227,1.2643676969004538,0.08572350094698328,0.45,-83.16216021068003,-98.33597972175878,2.1266290330912754
1779563504.0432377,39.42468309402466,3.0762009700542414,0.9236974165453357,-0.537390241907014,2,4.5,2.2,1.9121066817015033,1.268216385978004,0.08522783082332015,0.45,-83.00193007706693,-98.64644348708812,2.1251692647505522
1779563504.1440873,39.525532722473145,3.0831245426108187,0.9203368902736498,-0.5519104506234005,2,4.5,2.2,1.9092076199686392,1.2864678407715164,0.08286924983487767,0.45,-82.25112694469301,-100.09447787758764,2.1183738841734074
1779563504.2452712,39.62621283531189,3.084556246796801,0.9196287214197802,-0.5549685919581118,2,4.5,2.2,1.908620347134313,1.2903041169413125,0.0823718685633986,0.45,-82.09525982083113,-100.39370477706025,2.1169699609080563
1779563504.346646,39.72708606719971,3.0873874020180625,0.9182153661486888,-0.5610862198896085,2,4.5,2.2,1.9074711530072006,1.2979669291415536,0.08137672962826459,0.45,-81.78599428831016,-100.98601413075306,2.1141950514288377
1779563504.4471087,39.82855415344238,3.093946221592302,0.9148729327517884,-0.5755935079496785,2,4.5,2.2,1.9048723859483483,1.3160874346300044,0.035,0.45,-71.36991642145081,-119.88023936242617,2.1077735018553634
1779563504.5508003,39.931241512298584,3.093946221592302,0.9148729327517884,-0.5755935079496785,2,4.5,2.2,1.9048723859483483,1.3160874346300044,0.035,0.45,-71.36991642145081,-119.88023936242617,2.1077735018553634
1779563504.6639497,40.04539513587952,3.093946221592302,0.9148729327517884,-0.5755935079496785,2,4.5,2.2,1.9048723859483483,1.3160874346300044,0.035,0.45,-71.36991642145081,-119.88023936242617,2.1077735018553634
1779563504.8215954,40.20304083824158,3.0959525158292998,0.913833343774271,-0.5801694727937454,2,4.5,2.2,1.904094011700301,1.321777267514486,0.035,0.45,-71.36991642145081,-119.88023936242617,2.105811128351775
1779563504.9230764,40.304521799087524,3.1031861144174093,0.9100823121243004,-0.5985172615262642,2,4.5,2.2,1.9013091995914095,1.34414969344604,0.035,0.45,-71.36991642145081,-119.88023936242617,2.098740970526109
1779563505.0239782,40.405423641204834,3.1053601025364936,0.9089539672854582,-0.6046394211047164,2,4.5,2.2,1.9004789665200132,1.3514841065228786,0.035,0.45,-71.36991642145081,-119.88023936242617,2.096617676191581
1779563505.1257963,40.50724172592163,3.1064091316801,0.9084092881869392,-0.6077009094166749,2,4.5,2.2,1.900079491786168,1.3551310117450441,0.035,0.45,-71.36991642145081,-119.88023936242617,2.0955933723895237
1779563505.2276242,40.60806155204773,3.111084793314925,0.9059797646242209,-0.6222447371743514,2,4.5,2.2,1.8983081469885315,1.3722878087166226,0.035,0.45,-71.36991642145081,-119.88023936242617,2.0910300202006353
1779563505.3287528,40.70969319343567,3.1124664835099023,0.9052611959818739,-0.6268378156786041,2,4.5,2.2,1.8977876145695716,1.3776542113006176,0.035,0.45,-71.36991642145081,-119.88023936242617,2.0896821824038936
1779563505.4294293,40.810874700546265,3.1135866735217035,0.9046783820068907,-0.6306654267124288,2,4.5,2.2,1.8973665976497274,1.3821091907756111,0.035,0.45,-71.36991642145081,-119.88023936242617,2.0885896628498033
1779563505.5305843,40.911526918411255,3.1178115281769703,0.9024779475395894,-0.6459760693102369,2,4.5,2.2,1.8957870260821914,1.3997893797045782,0.035,0.45,-71.36991642145081,-119.88023936242617,2.084471007931944
1779563505.6318302,41.01277232170105,3.119398377105093,0.9016503436867075,-0.652100365491233,2,4.5,2.2,1.8951972644526733,1.4068051242914894,0.035,0.45,-71.36991642145081,-119.88023936242617,2.082924810954506
1779563505.7329,41.11384153366089,3.120363161634158,0.9011468221283612,-0.6559280551586808,2,4.5,2.2,1.8948396722264795,1.4111752085371112,0.035,0.45,-71.36991642145081,-119.88023936242617,2.081984949576629
1779563505.8332472,41.21469259262085,3.1238565495549966,0.8993211176553021,-0.670473290552777,2,4.5,2.2,1.8935512539089436,1.427687071251074,0.035,0.45,-71.36991642145081,-119.88023936242617,2.0785831386249294
1779563505.9342792,41.31572461128235,3.1245597492288137,0.8989530859249416,-0.6735354466625456,2,4.5,2.2,1.893293151116788,1.4311456241758425,0.035,0.45,-71.36991642145081,-119.88023936242617,2.0778986292322488
1779563506.035225,41.41667032241821,3.1280877647625016,0.8971034971851102,-0.6896117674432232,2,4.5,2.2,1.89200488324994,1.4492135358199185,0.035,0.45,-71.36991642145081,-119.88023936242617,2.07446571454396
1779563506.135858,41.517303466796875,3.1288901825010544,0.8966820093565065,-0.6934394630034142,2,4.5,2.2,1.89171348686237,1.4534948922156214,0.035,0.45,-71.36991642145081,-119.88023936242617,2.0736852421067007
1779563506.2367485,41.61819386482239,3.129835457172879,0.8961850501237445,-0.6980326978116633,2,4.5,2.2,1.8913710101250565,1.4586228994102877,0.035,0.45,-71.36991642145081,-119.88023936242617,2.07276597284798
1779563506.3385844,41.71901535987854,3.132857158567953,0.8945929768489267,-0.7133434818701991,2,4.5,2.2,1.8902822659515797,1.4756457840105526,0.035,0.45,-71.36991642145081,-119.88023936242617,2.0698285357520145
1779563506.4390984,41.82054376602173,3.13343922121595,0.894285631526674,-0.7164056388414235,2,4.5,2.2,1.8900736425199327,1.47903822050145,0.035,0.45,-71.36991642145081,-119.88023936242617,2.069262907440776
1779563506.5406246,41.922070026397705,3.134582598007644,0.8936812038387313,-0.7225299527244327,2,4.5,2.2,1.8896649117946236,1.4858117971929312,0.035,0.45,-71.36991642145081,-119.88023936242617,2.0681520086468588
1779563506.6417677,42.023213148117065,3.136791122411543,0.8925108816877902,-0.7347785796714207,2,4.5,2.2,1.8888796251854751,1.499316399853945,0.035,0.45,-71.36991642145081,-119.88023936242617,2.066006965892264
1779563506.7430975,42.12454295158386,3.137858774826778,0.8919436607446322,-0.7409028927361219,2,4.5,2.2,1.8885020794223555,1.5060488126029714,0.035,0.45,-71.36991642145081,-119.88023936242617,2.0649703641970723
1779563506.8439455,42.225390911102295,3.140430067484887,0.8905731864145701,-0.7562136756335376,2,4.5,2.2,1.8875987342482623,1.5228267952755523,0.035,0.45,-71.36991642145081,-119.88023936242617,2.062474856683535
1779563506.946224,42.326663970947266,3.140928556718085,0.8903067137962576,-0.7592758324032974,2,4.5,2.2,1.887424618858074,1.5261738548578005,0.035,0.45,-71.36991642145081,-119.88023936242617,2.0619912282978423
1779563507.0468855,42.42833089828491,3.141910687010297,0.8897808993059705,-0.765400146117335,2,4.5,2.2,1.8870825826869144,1.5328599492768875,0.035,0.45,-71.36991642145081,-119.88023936242617,2.0610385417066395
1779563507.1474042,42.528849601745605,3.142394541648875,0.8895214432240648,-0.768462303018998,2,4.5,2.2,1.8869145789659654,1.5361991029788484,0.035,0.45,-71.36991642145081,-119.88023936242617,2.060569274191877
1779563507.2484405,42.62988591194153,3.1447456853173277,0.8882565438162972,-0.7837730869910369,2,4.5,2.2,1.8861031658705116,1.5528581513513817,0.035,0.45,-71.36991642145081,-119.88023936242617,2.0582897993289526
1779563507.3493237,42.73076915740967,3.1456560641879205,0.887764773568837,-0.7898974001151358,2,4.5,2.2,1.8857912890767632,1.5595055917167322,0.035,0.45,-71.36991642145081,-119.88023936242617,2.0574075319828884
1779563507.4503388,42.83178424835205,3.147428947803396,0.8868035692097959,-0.8021460261107418,2,4.5,2.2,1.885187873152265,1.572774799970868,0.035,0.45,-71.36991642145081,-119.88023936242617,2.0556899951741547
1779563507.5518212,42.932255029678345,3.1482926693256226,0.8863334767203864,-0.8082703393474573,2,4.5,2.2,1.88489587038234,1.5793972496785509,0.035,0.45,-71.36991642145081,-119.88023936242617,2.0548535347458357
1779563507.6523716,43.03381705284119,3.150287287567797,0.8852429230889637,-0.8228155841697115,2,4.5,2.2,1.8842267850205152,1.5950953288737697,0.035,0.45,-71.36991642145081,-119.88023936242617,2.0529226459385517
1779563507.7542236,43.13516426086426,3.150799556387736,0.8849616501426909,-0.8266432802074023,2,4.5,2.2,1.8840561824528919,1.5992196868747417,0.035,0.45,-71.36991642145081,-119.88023936242617,2.052426924408904
1779563507.8550858,43.236531257629395,3.151608755248616,0.8845162844309699,-0.8327675937052794,2,4.5,2.2,1.8837877679955053,1.605813129484214,0.035,0.45,-71.36991642145081,-119.88023936242617,2.0516440188628615
1779563507.9561884,43.33763384819031,3.1535782064394557,0.8834265812527803,-0.8480783764261857,2,4.5,2.2,1.8831402531746104,1.6222684367079063,0.035,0.45,-71.36991642145081,-119.88023936242617,2.049739378340078
1779563508.0578272,43.438766956329346,3.153963327582871,0.8832124793252276,-0.8511405329075832,2,4.5,2.2,1.8830146303458695,1.6255548786119833,0.035,0.45,-71.36991642145081,-119.88023936242617,2.0493670705515687
1779563508.1584773,43.5399227142334,3.154725185229004,0.8827879015635308,-0.8572648459824566,2,4.5,2.2,1.8827671230198768,1.632123360497685,0.035,0.45,-71.36991642145081,-119.88023936242617,2.04863069974957
1779563508.2593746,43.640820026397705,3.1565829845842264,0.8817464615474465,-0.8725756296488253,2,4.5,2.2,1.8821694049557025,1.6485200583321102,0.035,0.45,-71.36991642145081,-119.88023936242617,2.0468358503424886
1779563508.3600962,43.741541624069214,3.1569468488490995,0.8815414161269395,-0.8756377864701314,2,4.5,2.2,1.8820533478636892,1.651795386723264,0.035,0.45,-71.36991642145081,-119.88023936242617,2.0464844525480363
1779563508.4610467,43.84249210357666,3.157667196807566,0.8811343915325145,-0.8817621000335517,2,4.5,2.2,1.8818246059940786,1.6583422112464703,0.035,0.45,-71.36991642145081,-119.88023936242617,2.0457889216319978
1779563508.5631855,43.94463086128235,3.159079396460604,0.8803320302723353,-0.8940107264936129,2,4.5,2.2,1.8813802420886625,1.6714211152991973,0.035,0.45,-71.36991642145081,-119.88023936242617,2.0444259176918966
1779563508.6639132,44.045358657836914,3.1598577328850244,0.8798871715680022,-0.9009005785734437,2,4.5,2.2,1.8811377344306282,1.6787697421192505,0.035,0.45,-71.36991642145081,-119.88023936242617,2.0436750137003115
1779563508.764998,44.146443367004395,3.16020008558988,0.879690878561096,-0.903962735054938,2,4.5,2.2,1.8810316283380606,1.682033964132673,0.035,0.45,-71.36991642145081,-119.88023936242617,2.043344800940099
1779563508.8658748,44.2473201751709,3.16188011811031,0.8787218186098431,-0.9192735181562315,2,4.5,2.2,1.8805161129131966,1.6983388667755648,0.035,0.45,-71.36991642145081,-119.88023936242617,2.0417250182714
1779563508.9710708,44.352516174316406,3.162537863952297,0.8783396742870648,-0.9253978317252954,2,4.5,2.2,1.8803167238326914,1.7048535744325326,0.035,0.45,-71.36991642145081,-119.88023936242617,2.041091176474154
1779563509.0728397,44.45376443862915,3.1628637898353658,0.8781497130145051,-0.9284599885225424,2,4.5,2.2,1.8802184515999933,1.7081094372097638,0.035,0.45,-71.36991642145081,-119.88023936242617,2.0407771635341225
1779563509.1732364,44.5546817779541,3.1644649755783796,0.8772104221269866,-0.9437707719217258,2,4.5,2.2,1.879740957894551,1.724374430962392,0.035,0.45,-71.36991642145081,-119.88023936242617,2.0392351791986525
1779563509.274083,44.65552830696106,3.165092630339975,0.8768393492694689,-0.9498950849299129,2,4.5,2.2,1.8795562756178092,1.7308740075971158,0.035,0.45,-71.36991642145081,-119.88023936242617,2.0386310477830585
1779563509.374942,44.75638747215271,3.1654038034630108,0.8766547537683628,-0.9529572414026463,2,4.5,2.2,1.8794652560063119,1.7341224736575338,0.035,0.45,-71.36991642145081,-119.88023936242617,2.038331605193504
1779563509.475669,44.85711431503296,3.167009407993792,0.8756953456465273,-0.9690335633700367,2,4.5,2.2,1.8790015263217144,1.7511630246050531,0.035,0.45,-71.36991642145081,-119.88023936242617,2.036787272711534
1779563509.5765224,44.95796775817871,3.167384957346118,0.8754691981277785,-0.972861259279145,2,4.5,2.2,1.8788945412171696,1.7552169792764776,0.035,0.45,-71.36991642145081,-119.88023936242617,2.0364262403135993
1779563509.6770513,45.058496713638306,3.1687894473239164,0.8746172314132401,-0.987406503887062,2,4.5,2.2,1.8784996722977807,1.7706109650364956,0.035,0.45,-71.36991642145081,-119.88023936242617,2.0350766933855744
1779563509.7775779,45.15902328491211,3.169080692451486,0.8744392888060788,-0.9904686605574071,2,4.5,2.2,1.8784188569822096,1.773849647447319,0.035,0.45,-71.36991642145081,-119.88023936242617,2.034796974139892
1779563509.8782208,45.259666204452515,3.1697305209440256,0.8740406205501322,-0.9973585128667131,2,4.5,2.2,1.8782399108896959,1.7811340390393822,0.035,0.45,-71.36991642145081,-119.88023936242617,2.0341730316906705
1779563509.9787428,45.360188245773315,3.170867555872366,0.873337398783585,-1.00960713881942,2,4.5,2.2,1.8779314980847952,1.7940753199866801,0.035,0.45,-71.36991642145081,-119.88023936242617,2.0330818700579414
1779563510.079435,45.460880517959595,3.17142758862515,0.8729882813760697,-1.0157314519020268,2,4.5,2.2,1.877781870620659,1.80054191312367,0.035,0.45,-71.36991642145081,-119.88023936242617,2.032544711650639
1779563510.1938956,45.57434129714966,3.1717055363356637,0.8728143140334599,-1.0187936085176885,2,4.5,2.2,1.8777081847922492,1.8037742287324043,0.035,0.45,-71.36991642145081,-119.88023936242617,2.032278187169802
1779563510.2941413,45.67558670043945,3.1732103132556815,0.8718641012554087,-1.0356354705523894,2,4.5,2.2,1.8773161263850024,1.8215406959527254,0.035,0.45,-71.36991642145081,-119.88023936242617,2.03083609452861
1779563510.3952982,45.776100158691406,3.1735468060994494,0.8716496124818922,-1.0394631664528113,2,4.5,2.2,1.8772300944818883,1.8255759564643999,0.035,0.45,-71.36991642145081,-119.88023936242617,2.0305138189743484
1779563510.495438,45.8768835067749,3.174873179116655,0.8707966129088562,-1.0547739493236519,2,4.5,2.2,1.8768971031143316,1.8417079287964242,0.035,0.45,-71.36991642145081,-119.88023936242617,2.0292442326878515
1779563510.5967343,45.978179693222046,3.1751347778368832,0.8706269100141876,-1.0578361058021308,2,4.5,2.2,1.8768326162116196,1.8449326334601786,0.035,0.45,-71.36991642145081,-119.88023936242617,2.028993978388838
1779563510.6977167,46.07916212081909,3.175589698817959,0.8703306044115363,-1.0631948796621056,2,4.5,2.2,1.876721435760165,1.8505745538369975,0.035,0.45,-71.36991642145081,-119.88023936242617,2.02855890219738
1779563510.7992504,46.18018293380737,3.176105190622463,0.8699929791843998,-1.06931919277384,2,4.5,2.2,1.876596957717766,1.8570204559173247,0.035,0.45,-71.36991642145081,-119.88023936242617,2.028066080009891
1779563510.9006119,46.281508922576904,3.1771223653219574,0.8693207512413463,-1.0815678195428158,2,4.5,2.2,1.8763561760519425,1.869906033575889,0.035,0.45,-71.36991642145081,-119.88023936242617,2.0270942234974574
1779563511.0009427,46.3823881149292,3.177624210445767,0.8689860448397271,-1.0876921330437892,2,4.5,2.2,1.8762398241244576,1.8763458057784854,0.035,0.45,-71.36991642145081,-119.88023936242617,2.026615032664528
1779563511.1018167,46.483262062072754,3.1785533923214344,0.8683607825826855,-1.09917522052411,2,4.5,2.2,1.8760288223556127,1.888415159222319,0.035,0.45,-71.36991642145081,-119.88023936242617,2.0257283310595784
1779563511.202826,46.58427143096924,3.179042810240009,0.8680284546536757,-1.1052995335867417,2,4.5,2.2,1.8759200662050846,1.8948494452598377,0.035,0.45,-71.36991642145081,-119.88023936242617,2.025261576099171
1779563511.303683,46.68512845039368,3.1792859456302858,0.867862570135442,-1.1083616900751487,2,4.5,2.2,1.8758666651592908,1.8980659011192111,0.035,0.45,-71.36991642145081,-119.88023936242617,2.025029775064678
1779563511.405187,46.78663229942322,3.1804268076649023,0.8670769694237931,-1.122906933575518,2,4.5,2.2,1.875621820988949,1.9133379884087738,0.035,0.45,-71.36991642145081,-119.88023936242617,2.023942788533347
1779563511.50725,46.8881561756134,3.1806640873059844,0.8669120403837474,-1.125969090216652,2,4.5,2.2,1.875572115008638,1.9165519165346439,0.035,0.45,-71.36991642145081,-119.88023936242617,2.0237168609493255
1779563511.607481,46.98892641067505,3.1811943516005,0.8665414857811449,-1.1328589428055154,2,4.5,2.2,1.8754625955729383,1.9237817130467416,0.035,0.45,-71.36991642145081,-119.88023936242617,2.0232121542307993
1779563511.7084312,47.089876651763916,3.182182559263477,0.8658434039928011,-1.1458731088720215,2,4.5,2.2,1.8752644159634866,1.9374323237378714,0.035,0.45,-71.36991642145081,-119.88023936242617,2.0222722903686168
1779563511.808869,47.190314292907715,3.1826416584872663,0.8655156503518977,-1.151997422099922,2,4.5,2.2,1.875175053004092,1.9438536495833914,0.035,0.45,-71.36991642145081,-119.88023936242617,2.0218359771186387
1779563511.9097743,47.29121971130371,3.183717175676352,0.8647389082296643,-1.1665426655036397,2,4.5,2.2,1.8749727082827496,1.9590981470441289,0.035,0.45,-71.36991642145081,-119.88023936242617,2.020814684875744
1779563512.0106163,47.392061710357666,3.183940985398559,0.8645756515333465,-1.1696048220194382,2,4.5,2.2,1.874931870866593,1.9623064404621422,0.035,0.45,-71.36991642145081,-119.88023936242617,2.020602312310206
1779563512.111093,47.49253845214844,3.184385923294642,0.8642493854998502,-1.1757291351668269,2,4.5,2.2,1.8748520216173914,1.9687219349082135,0.035,0.45,-71.36991642145081,-119.88023936242617,2.0201802730325733
1779563512.2225971,47.604042530059814,3.18488225344634,0.863882696868198,-1.182618987666798,2,4.5,2.2,1.8747650879586426,1.9759376549242873,0.035,0.45,-71.36991642145081,-119.88023936242617,2.019709744663172
1779563512.3236556,47.705101013183594,3.1858077794985635,0.863190952963903,-1.1956331537411844,2,4.5,2.2,1.8746091914487282,1.989562538195246,0.035,0.45,-71.36991642145081,-119.88023936242617,2.0188330828672867
1779563512.4242349,47.80568027496338,3.1865584485369474,0.8626219877698793,-1.2063507019039623,2,4.5,2.2,1.874488905463636,2.0007784539427718,0.035,0.45,-71.36991642145081,-119.88023936242617,2.0181227909624937
1779563512.5246997,47.906145095825195,3.187088394705738,0.8622158837126102,-1.2140060931741739,2,4.5,2.2,1.8744074330590959,2.008787370913094,0.035,0.45,-71.36991642145081,-119.88023936242617,2.017621766692018
1779563512.625261,48.00670647621155,3.187508661605081,0.861891139542361,-1.2201304061645448,2,4.5,2.2,1.8743449084405268,2.0151930691301283,0.035,0.45,-71.36991642145081,-119.88023936242617,2.017224688638199
1779563512.7262728,48.10771822929382,3.1877175777456364,0.8617288047854141,-1.2231925626930198,2,4.5,2.2,1.8743145274203197,2.0183954476378743,0.035,0.45,-71.36991642145081,-119.88023936242617,2.017027384628171
1779563512.827113,48.208558320999146,3.1887501622053196,0.8609173778348563,-1.2385033459237518,2,4.5,2.2,1.8741713918692848,2.0344027432939784,0.035,0.45,-71.36991642145081,-119.88023936242617,2.016053046379847
1779563512.936893,48.31733322143555,3.188954309653955,0.8607551203957979,-1.2415655026507963,2,4.5,2.2,1.874144511429418,2.0376033013784767,0.035,0.45,-71.36991642145081,-119.88023936242617,2.015860586735945
1779563513.0375,48.4189453125,3.190063279632351,0.8598626707046269,-1.2584073642547833,2,4.5,2.2,1.8740070097890478,2.0552011720982364,0.035,0.45,-71.36991642145081,-119.88023936242617,2.0148161432111618
1779563513.1386847,48.5196259021759,3.1902624251538008,0.8597003782952668,-1.2614695207872055,2,4.5,2.2,1.8739838822428156,2.058399858925454,0.035,0.45,-71.36991642145081,-119.88023936242617,2.01462877563068
1779563513.2395835,48.621028900146484,3.1906584533213804,0.8593757439447903,-1.2675938337852772,2,4.5,2.2,1.8739393484801863,2.0647963971915857,0.035,0.45,-71.36991642145081,-119.88023936242617,2.0142563472904604
1779563513.3406267,48.7220721244812,3.1916838542047357,0.8585231304257925,-1.2836701556961272,2,4.5,2.2,1.8738333247520151,2.0815821239947763,0.035,0.45,-71.36991642145081,-119.88023936242617,2.0132931843341804
1779563513.4411688,48.82261419296265,3.191876870147043,0.8583606329494027,-1.2867323123662013,2,4.5,2.2,1.8738149092362948,2.084778571572956,0.035,0.45,-71.36991642145081,-119.88023936242617,2.013112072128358
1779563513.5419936,48.923439025878906,3.192260721896283,0.8580355272316418,-1.2928566257831577,2,4.5,2.2,1.8737797804618581,2.091170682695018,0.035,0.45,-71.36991642145081,-119.88023936242617,2.012752076230164
1779563513.6428647,49.02431011199951,3.1930197900411996,0.8573848090281936,-1.3051052525387892,2,4.5,2.2,1.8737163126397258,2.1039518211776844,0.035,0.45,-71.36991642145081,-119.88023936242617,2.0120409180387453
1779563513.7436347,49.12508010864258,3.1933950532964563,0.8570591613609382,-1.3112295657104698,2,4.5,2.2,1.8736879630383383,2.1103408773946377,0.035,0.45,-71.36991642145081,-119.88023936242617,2.011689711532564
1779563513.845079,49.226019620895386,3.194275051816509,0.8562848568469904,-1.325774809126827,2,4.5,2.2,1.8736296395626042,2.1255109421767635,0.035,0.45,-71.36991642145081,-119.88023936242617,2.010867128911594
1779563513.946199,49.32712912559509,3.1944583164064153,0.8561216706682876,-1.3288369656643166,2,4.5,2.2,1.8736189718423986,2.1287039449904803,0.035,0.45,-71.36991642145081,-119.88023936242617,2.0106960034482277
1779563514.0470808,49.428526163101196,3.1948227800558184,0.8557951010918362,-1.3349612788504832,2,4.5,2.2,1.8735993130095692,2.1350892375742996,0.035,0.45,-71.36991642145081,-119.88023936242617,2.010355873036461
1779563514.1480985,49.52954387664795,3.1957220019943233,0.8549774412991541,-1.3502720623142965,2,4.5,2.2,1.8735599215119507,2.15104837851532,0.035,0.45,-71.36991642145081,-119.88023936242617,2.009517811770223
1779563514.2486963,49.630141735076904,3.195899818430041,0.8548136833604506,-1.3533342190028377,2,4.5,2.2,1.873553711545276,2.1542395167552426,0.035,0.45,-71.36991642145081,-119.88023936242617,2.009352284769424
1779563514.349612,49.7310574054718,3.1962534409842713,0.8544859279483985,-1.3594585322813428,2,4.5,2.2,1.8735429560685912,2.1606211140645666,0.035,0.45,-71.36991642145081,-119.88023936242617,2.009023299499638
1779563514.450565,49.83201050758362,3.1969960561144055,0.8537883355709311,-1.3724726975505246,2,4.5,2.2,1.8735274546230427,2.1741790428406222,0.035,0.45,-71.36991642145081,-119.88023936242617,2.008333301530492
1779563514.5513942,49.9328396320343,3.197384383568611,0.8534183775781291,-1.3793625496984376,2,4.5,2.2,1.873523287823038,2.1813551627455947,0.035,0.45,-71.36991642145081,-119.88023936242617,2.007972977708291
1779563514.6523108,50.033756256103516,3.197555909852397,0.8532538025728619,-1.3824247062483188,2,4.5,2.2,1.8735223319311873,2.1845441970689894,0.035,0.45,-71.36991642145081,-119.88023936242617,2.007813930778046
1779563514.7530077,50.1344530582428,3.1984037974241035,0.8524294920099149,-1.3977354895113214,2,4.5,2.2,1.8735258067517113,2.2004861625501775,0.035,0.45,-71.36991642145081,-119.88023936242617,2.00702875240857
1779563514.853586,50.23503136634827,3.1985714383556125,0.8522643333415282,-1.4007976462193545,2,4.5,2.2,1.873528149841132,2.2036739217916637,0.035,0.45,-71.36991642145081,-119.88023936242617,2.0068737166471005
1779563514.9541647,50.335610151290894,3.1989047970031703,0.8519337090831987,-1.4069219595917546,2,4.5,2.2,1.8735344811258596,2.2100488144331445,0.035,0.45,-71.36991642145081,-119.88023936242617,2.0065656326078107
1779563515.055072,50.43651747703552,3.1996863118648364,0.8511467857830118,-1.4214672033308349,2,4.5,2.2,1.873558294010403,2.225185879224484,0.035,0.45,-71.36991642145081,-119.88023936242617,2.0058444930561365
1779563515.1575687,50.53845810890198,3.1998490211679234,0.8509808058165613,-1.4245293598340187,2,4.5,2.2,1.8735648785225831,2.2283720437316177,0.035,0.45,-71.36991642145081,-119.88023936242617,2.005694557592954
1779563515.2631617,50.644099712371826,3.2002932284084586,0.8505237852571772,-1.4329502902515725,2,4.5,2.2,1.8735857990168276,2.237132957938895,0.035,0.45,-71.36991642145081,-119.88023936242617,2.0052855934063127
1779563515.3651009,50.74553561210632,3.2009704277293465,0.8498157786785924,-1.4459644558842728,2,4.5,2.2,1.8736262330408842,2.2506695898614373,0.035,0.45,-71.36991642145081,-119.88023936242617,2.004663196436377
1779563515.4655697,50.847015142440796,3.2011281361675454,0.8496488815537261,-1.4490266125787408,2,4.5,2.2,1.873637174520376,2.253854162241847,0.035,0.45,-71.36991642145081,-119.88023936242617,2.0045184426288216
1779563515.567924,50.948665142059326,3.201324400901234,0.8494400926103788,-1.4528543084573828,2,4.5,2.2,1.8736516152003289,2.257834602678839,0.035,0.45,-71.36991642145081,-119.88023936242617,2.0043384036000464
1779563515.6694324,51.050355434417725,3.202214819077477,0.8484772182394512,-1.4704617090664185,2,4.5,2.2,1.8737289573040914,2.2761407283450277,0.035,0.45,-71.36991642145081,-119.88023936242617,2.0035230925811893
1779563515.7696893,51.151134729385376,3.20236760503393,0.8483093441755675,-1.473523865589531,2,4.5,2.2,1.8737442358839864,2.2793237540253326,0.035,0.45,-71.36991642145081,-119.88023936242617,2.003383448190167
1779563515.8702319,51.25167727470398,3.2030850198618306,0.8475102115380617,-1.488069109072164,2,4.5,2.2,1.8738241896188146,2.294440534100679,0.035,0.45,-71.36991642145081,-119.88023936242617,2.002728781808808
1779563515.9710093,51.352454662323,3.2032715375747878,0.8472994318775384,-1.4918968048174597,2,4.5,2.2,1.8738472542505928,2.2984179272641496,0.035,0.45,-71.36991642145081,-119.88023936242617,2.0025588670907717
1779563516.0722172,51.453662633895874,3.203825429811652,0.8466658684165543,-1.5033798923294026,2,4.5,2.2,1.8739214999865035,2.310348355177668,0.035,0.45,-71.36991642145081,-119.88023936242617,2.0020550118753193
1779563516.1733308,51.55426740646362,3.2041899908476723,0.8462424603130524,-1.511035284046333,2,4.5,2.2,1.8739752015644748,2.3183005230833658,0.035,0.45,-71.36991642145081,-119.88023936242617,2.0017240003664836
1779563516.2741127,51.65555810928345,3.2044789424209594,0.8459031320005627,-1.517159597308435,2,4.5,2.2,1.8740205811454156,2.324661427065741,0.035,0.45,-71.36991642145081,-119.88023936242617,2.0014619996314216
1779563516.3749347,51.75638008117676,3.2049433922351307,0.8453505709049901,-1.527111606087364,2,4.5,2.2,1.8740989016225602,2.3349963305913723,0.035,0.45,-71.36991642145081,-119.88023936242617,2.0010415573160096
1779563516.4753797,51.85682511329651,3.205296381134567,0.8449245438680757,-1.5347669973627875,2,4.5,2.2,1.8741630005190026,2.3429449444735635,0.035,0.45,-71.36991642145081,-119.88023936242617,2.000722600514469
1779563516.5776203,51.9580557346344,3.205436537295521,0.8447538926681893,-1.53782915389614,2,4.5,2.2,1.8741895769658512,2.346124071996452,0.035,0.45,-71.36991642145081,-119.88023936242617,2.000596101315146
1779563516.678024,52.05946946144104,3.206128436508471,0.8438985591576585,-1.553139937019391,2,4.5,2.2,1.874330477975186,2.3620169969606133,0.035,0.45,-71.36991642145081,-119.88023936242617,1.9999728676992623
1779563516.779869,52.16030716896057,3.20640106280554,0.8435554495210247,-1.5592642504040104,2,4.5,2.2,1.874390575316347,2.36837290615013,0.035,0.45,-71.36991642145081,-119.88023936242617,1.9997278864279135
1779563516.8804996,52.26194500923157,3.2065364925296493,0.8433836842072417,-1.5623264070836014,2,4.5,2.2,1.87442142364854,2.3715505915448727,0.035,0.45,-71.36991642145081,-119.88023936242617,1.9996063177506944
1779563516.9812222,52.36266756057739,3.2072048281014687,0.8425227416164822,-1.577637190054832,2,4.5,2.2,1.8745836507108946,2.3874363349619854,0.035,0.45,-71.36991642145081,-119.88023936242617,1.9990076748352135
1779563517.1013575,52.482802867889404,3.2073696216393928,0.8423069526315973,-1.581464885698358,2,4.5,2.2,1.874626284338611,2.3914070738247153,0.035,0.45,-71.36991642145081,-119.88023936242617,1.9988604058197437
1779563517.202265,52.58371043205261,3.2080838627450885,0.8413548373480538,-1.5983067467357446,2,4.5,2.2,1.8748237206994114,2.4088750252656252,0.035,0.45,-71.36991642145081,-119.88023936242617,1.9982237576130932
1779563517.3029912,52.684436559677124,3.2082118285382033,0.8411812613275301,-1.6013689033801335,2,4.5,2.2,1.8748613400718612,2.4120504399070803,0.035,0.45,-71.36991642145081,-119.88023936242617,1.9981099848928843
1779563517.4041078,52.785553216934204,3.208497622474643,0.8407901918650275,-1.6082587559071142,2,4.5,2.2,1.8749479175923687,2.419194475396229,0.035,0.45,-71.36991642145081,-119.88023936242617,1.997856221727561
1779563517.5049458,52.886391162872314,3.208874101159821,0.8402676372933369,-1.617445225932443,2,4.5,2.2,1.8750675147438571,2.4287184627195106,0.035,0.45,-71.36991642145081,-119.88023936242617,1.9975226588772312
1779563517.6057532,52.9871985912323,3.2092453538939445,0.8397437917229303,-1.6266316957262188,2,4.5,2.2,1.8751918591441996,2.4382408590095244,0.035,0.45,-71.36991642145081,-119.88023936242617,1.9971945606986292
1779563517.7066689,53.0881142616272,3.2094899564843717,0.8393938439507284,-1.63275600878593,2,4.5,2.2,1.875277388626516,2.444588239841206,0.035,0.45,-71.36991642145081,-119.88023936242617,1.996978860853943
1779563517.8077188,53.18916416168213,3.209972213443346,0.8386922275885602,-1.6450046348977676,2,4.5,2.2,1.8754547558701746,2.4572808823688232,0.035,0.45,-71.36991642145081,-119.88023936242617,1.996554729705128
1779563517.909343,53.290268421173096,3.2102098718140164,0.838340559961327,-1.6511289480963909,2,4.5,2.2,1.8755465884409401,2.46362614413672,0.035,0.45,-71.36991642145081,-119.88023936242617,1.9963462948045891
1779563518.0105996,53.39204502105713,3.210765051482428,0.8375030587213895,-1.6656741922861242,2,4.5,2.2,1.8757730852831525,2.4786933082974993,0.035,0.45,-71.36991642145081,-119.88023936242617,1.9958609511508092
1779563518.1115062,53.49295163154602,3.2109089875177834,0.8372821291948028,-1.6695018881129846,2,4.5,2.2,1.875834649929006,2.4826576883136795,0.035,0.45,-71.36991642145081,-119.88023936242617,1.9957354938510532
1779563518.2129018,53.59383773803711,3.211108984449347,0.8369724548477891,-1.6748606622002076,2,4.5,2.2,1.875922210223776,2.4882073555831257,0.035,0.45,-71.36991642145081,-119.88023936242617,1.9955614378456168
1779563518.3135116,53.69495701789856,3.211250758738207,0.8367509929562802,-1.6786883579191927,2,4.5,2.2,1.8759857307715684,2.4921710714362284,0.035,0.45,-71.36991642145081,-119.88023936242617,1.9954382433240367
1779563518.4140651,53.7955105304718,3.2118088562801512,0.8358629383533089,-1.6939991405497354,2,4.5,2.2,1.8762479435608506,2.5080231626440703,0.035,0.45,-71.36991642145081,-119.88023936242617,1.9949548864503304
1779563518.5153327,53.89627408981323,3.211918748773805,0.8356849054385157,-1.6970612971005201,2,4.5,2.2,1.876301944519792,2.511193047868449,0.035,0.45,-71.36991642145081,-119.88023936242617,1.9948600231038425
1779563518.6165457,53.99799108505249,3.2122988417645226,0.8350606892877436,-1.7077788452551124,2,4.5,2.2,1.8764950292629714,2.522286243882311,0.035,0.45,-71.36991642145081,-119.88023936242617,1.9945327449477719
1779563518.7176502,54.098588943481445,3.21267188976157,0.8344347705935004,-1.7184963936237576,2,4.5,2.2,1.8766944501367486,2.5333772535237884,0.035,0.45,-71.36991642145081,-119.88023936242617,1.9942128429363493
1779563518.8182325,54.19967794418335,3.212777181360307,0.8342556259577347,-1.7215585502833206,2,4.5,2.2,1.8767525889298289,2.5365457108026304,0.035,0.45,-71.36991642145081,-119.88023936242617,1.9941227967326758
1779563518.918801,54.300246477127075,3.2132950182824693,0.8333578486544081,-1.7368693331800478,2,4.5,2.2,1.8770510061826289,2.5523853041217164,0.035,0.45,-71.36991642145081,-119.88023936242617,1.9936815921772317
1779563519.0195217,54.40096712112427,3.2134981305944454,0.8329977865157704,-1.7429936462166478,2,4.5,2.2,1.8771739694697374,2.5587198810481775,0.035,0.45,-71.36991642145081,-119.88023936242617,1.9935093218895155
1779563519.1200223,54.50146770477295,3.213623908704329,0.832772473993256,-1.7468213418800942,2,4.5,2.2,1.877251862731171,2.562678624761981,0.035,0.45,-71.36991642145081,-119.88023936242617,1.9934028748663442
1779563519.2208352,54.602280616760254,3.214044839366531,0.8320048498001542,-1.759835507428957,2,4.5,2.2,1.877522677926994,2.576136236095171,0.035,0.45,-71.36991642145081,-119.88023936242617,1.993047985006226
1779563519.321996,54.70344138145447,3.2142393335218107,0.8316427871792708,-1.765959820770939,2,4.5,2.2,1.8776533102095692,2.58246809368908,0.035,0.45,-71.36991642145081,-119.88023936242617,1.992884737168878
1779563519.4228282,54.80427360534668,3.214407630616693,0.8313255521685072,-1.7713185949513532,2,4.5,2.2,1.877769284114379,2.5880078704499407,0.035,0.45,-71.36991642145081,-119.88023936242617,1.9927438688161794
1779563519.524162,54.90560746192932,3.2148090256625363,0.8305534703833248,-1.7843327605535564,2,4.5,2.2,1.8780574107299368,2.6014592786598687,0.035,0.45,-71.36991642145081,-119.88023936242617,1.9924094285537959
1779563519.628525,55.00696349143982,3.214994325506763,0.8301893361531504,-1.7904570736233423,2,4.5,2.2,1.878196166077539,2.6077882037377744,0.035,0.45,-71.36991642145081,-119.88023936242617,1.9922558041894267
1779563519.730078,55.111523389816284,3.2151317914988127,0.8299159026514366,-1.7950503084031335,2,4.5,2.2,1.8783015591284802,2.6125344129240755,0.035,0.45,-71.36991642145081,-119.88023936242617,1.992142164929398
1779563519.8310356,55.2124810218811,3.215514253349242,0.8291396439407277,-1.8080644738003189,2,4.5,2.2,1.878606331609662,2.625979740748586,0.035,0.45,-71.36991642145081,-119.88023936242617,1.9918275376981611
1779563519.931631,55.31307649612427,3.215712527718637,0.8287277795544262,-1.8149543262550172,2,4.5,2.2,1.8787713575697782,2.6330964941295143,0.035,0.45,-71.36991642145081,-119.88023936242617,1.9916653700230664
1779563520.0334272,55.41487264633179,3.215799714856212,0.8285445304370685,-1.8180164829274432,2,4.5,2.2,1.8788455171613945,2.636259191814527,0.035,0.45,-71.36991642145081,-119.88023936242617,1.9915942733417706
1779563520.1343389,55.51578426361084,3.216227018561251,0.8276264819367438,-1.833327266147312,2,4.5,2.2,1.8792238134276218,2.6520698619157788,0.035,0.45,-71.36991642145081,-119.88023936242617,1.9912478177303514
1779563520.2351527,55.61659812927246,3.2163107523538215,0.827442516431107,-1.8363894227192947,2,4.5,2.2,1.8793009685048812,2.6552314298844175,0.035,0.45,-71.36991642145081,-119.88023936242617,1.9911803324567796
1779563520.3366766,55.71812200546265,3.2167207818735513,0.8265209487615747,-1.8517002053788698,2,4.5,2.2,1.879694192113716,2.6710364206605473,0.035,0.45,-71.36991642145081,-119.88023936242617,1.99085193780724
1779563520.4372787,55.818724155426025,3.2168010592483793,0.826336292317716,-1.854762361933659,2,4.5,2.2,1.8797743224519057,2.6741968465830688,0.035,0.45,-71.36991642145081,-119.88023936242617,1.9907880655570318
1779563520.5378022,55.9192476272583,3.2169795757351256,0.8259204049332792,-1.8616522142771486,2,4.5,2.2,1.87995642041499,2.6813071039299956,0.035,0.45,-71.36991642145081,-119.88023936242617,1.9906465553860224
1779563520.6386461,56.02009153366089,3.2173658260443485,0.8249942149938986,-1.8769629975806335,2,4.5,2.2,1.880369998962742,2.697104182199867,0.035,0.45,-71.36991642145081,-119.88023936242617,1.9903430087606535
1779563520.7423775,56.12281537055969,3.217441345096291,0.8248086532156108,-1.8800251542272584,2,4.5,2.2,1.880454185440069,2.7002630164147146,0.035,0.45,-71.36991642145081,-119.88023936242617,1.9902841073881217
1779563520.8437262,56.22517156600952,3.21759065133203,0.8244372123652497,-1.8861494674471306,2,4.5,2.2,1.880624024167641,2.706580100265465,0.035,0.45,-71.36991642145081,-119.88023936242617,1.9901681130216737
1779563520.9450228,56.32646822929382,3.2179538091959277,0.8235067983708707,-1.901460250146537,2,4.5,2.2,1.881057141472965,2.7223693815667573,0.035,0.45,-71.36991642145081,-119.88023936242617,1.9898886784697867
1779563521.045923,56.42736840248108,3.2180247071159416,0.8233204117835521,-1.904522406684886,2,4.5,2.2,1.8811452203849062,2.725526646981278,0.035,0.45,-71.36991642145081,-119.88023936242617,1.9898346007885137
1779563521.1474278,56.528289794921875,3.21838743322879,0.8223402747300084,-1.920598728888072,2,4.5,2.2,1.8816155531714969,2.7420990345903498,0.035,0.45,-71.36991642145081,-119.88023936242617,1.9895605903738123
1779563521.2481196,56.62956500053406,3.2184547158081434,0.8221532825468472,-1.9236608855558652,2,4.5,2.2,1.8817066435103043,2.7452550565580536,0.035,0.45,-71.36991642145081,-119.88023936242617,1.989510283514978
1779563521.348712,56.73015737533569,3.218603984913921,0.8217322092832292,-1.9305507380466573,2,4.5,2.2,1.8819133482723829,2.752355372322768,0.035,0.45,-71.36991642145081,-119.88023936242617,1.9893992997400076
1779563521.4495888,56.8310341835022,3.2188621120960583,0.8209824975036916,-1.9427993644474175,2,4.5,2.2,1.8822867900546212,2.764975634627305,0.035,0.45,-71.36991642145081,-119.88023936242617,1.9892095407695258
1779563521.550131,56.93157649040222,3.2190032337345604,0.8205601639329504,-1.9496892166511997,2,4.5,2.2,1.882500192964453,2.7720731054077383,0.035,0.45,-71.36991642145081,-119.88023936242617,1.9891070465718779
1779563521.6509514,57.03239679336548,3.219080366258529,0.8203253463454523,-1.9535169123101437,2,4.5,2.2,1.8826197858413103,2.7760156985153257,0.035,0.45,-71.36991642145081,-119.88023936242617,1.9890514263106238
1779563521.7517238,57.133169174194336,3.219306325259724,0.819620110888372,-1.9649999994329201,2,4.5,2.2,1.8829829863234513,2.78784155576173,0.035,0.45,-71.36991642145081,-119.88023936242617,1.9888902276274731
1779563521.8527467,57.23419213294983,3.2194234995266817,0.8192435186418335,-1.9711243127004334,2,4.5,2.2,1.8831793951658125,2.794147494879428,0.035,0.45,-71.36991642145081,-119.88023936242617,1.9888077282080643
1779563521.953362,57.33480739593506,3.219692477790426,0.818347867937293,-1.9856695568201561,2,4.5,2.2,1.8836533559707431,2.8091207718966658,0.035,0.45,-71.36991642145081,-119.88023936242617,1.988621477205441
1779563522.0542674,57.435712814331055,3.219747434225574,0.8181590944470977,-1.9887317134365727,2,4.5,2.2,1.8837544745617105,2.812272440441623,0.035,0.45,-71.36991642145081,-119.88023936242617,1.9885840035534073
1779563522.156381,57.536821126937866,3.219842209136746,0.8178285668154749,-1.9940904874552148,2,4.5,2.2,1.8839325466213621,2.8177873552226558,0.035,0.45,-71.36991642145081,-119.88023936242617,1.9885198786496823
1779563522.257833,57.638269901275635,3.220115846535748,0.8168357071939006,-2.0101668092790135,2,4.5,2.2,1.8844752339000646,2.834328219771045,0.035,0.45,-71.36991642145081,-119.88023936242617,1.9883386078075376
1779563522.3589838,57.740429162979126,3.2201786342934025,0.8165990418192456,-2.013994504987373,2,4.5,2.2,1.884606308812143,2.838265658043312,0.035,0.45,-71.36991642145081,-119.88023936242617,1.9882979031246693
1779563522.4598086,57.841253995895386,3.2202405124119298,0.81636227691558,-2.0178222007333155,2,4.5,2.2,1.8847380971407988,2.8422027626297277,0.035,0.45,-71.36991642145081,-119.88023936242617,1.988258142705471
1779563522.5607858,57.94223117828369,3.2203971370472178,0.8157462378731903,-2.0277742098254325,2,4.5,2.2,1.8850840736792571,2.8524376663910997,0.035,0.45,-71.36991642145081,-119.88023936242617,1.9881591847406825
1779563522.6620932,58.04353857040405,3.2205362518495817,0.8151770353491175,-2.036960679792655,2,4.5,2.2,1.8854076817111936,2.861883248343408,0.035,0.45,-71.36991642145081,-119.88023936242617,1.988073504301097
1779563522.7628388,58.14428424835205,3.2206260808569636,0.8147972886205568,-2.0430849930186867,2,4.5,2.2,1.8856256724483718,2.8681792183147135,0.035,0.45,-71.36991642145081,-119.88023936242617,1.9880194053595055
1779563522.863626,58.24507141113281,3.2207987417332555,0.8140371683087194,-2.055333619221392,2,4.5,2.2,1.8860670269057078,2.8807685381543617,0.035,0.45,-71.36991642145081,-119.88023936242617,1.9879184579593059
1779563522.9642394,58.34568476676941,3.2208815723140565,0.8136568132819747,-2.0614579322926243,2,4.5,2.2,1.8862903762160403,2.88706188059711,0.035,0.45,-71.36991642145081,-119.88023936242617,1.9878716090437811
1779563523.0650754,58.44652080535889,3.220922112372941,0.8134665661489302,-2.0645200888489494,2,4.5,2.2,1.886402715700796,2.8902082208286863,0.035,0.45,-71.36991642145081,-119.88023936242617,1.9878490906602175
1779563523.1657314,58.54717683792114,3.2211067069088175,0.8125623002444582,-2.079065332788857,2,4.5,2.2,1.8869423483022896,2.9051503069914855,0.035,0.45,-71.36991642145081,-119.88023936242617,1.9877503758598347
1779563523.267237,58.64815664291382,3.2211804900078693,0.8121812849462299,-2.085189646109248,2,4.5,2.2,1.8871725212576647,2.911440205744386,0.035,0.45,-71.36991642145081,-119.88023936242617,1.9877128874286514
1779563523.367914,58.749359369277954,3.2212254181918656,0.8119430751432366,-2.0890173419183182,2,4.5,2.2,1.8873172647229677,2.915370936680243,0.035,0.45,-71.36991642145081,-119.88023936242617,1.987690683329914
1779563523.4684582,58.84990358352661,3.2213878212328706,0.8110373964577572,-2.103562585698738,2,4.5,2.2,1.8878734644383537,2.930304498534916,0.035,0.45,-71.36991642145081,-119.88023936242617,1.987614907245131
1779563523.5691886,58.95063400268555,3.2214283678965687,0.8107989444303435,-2.1073902813668846,2,4.5,2.2,1.8880214488229419,2.9342335327116382,0.035,0.45,-71.36991642145081,-119.88023936242617,1.9875972285131385
1779563523.671906,59.051835775375366,3.2215445291745857,0.8100833374095502,-2.1188733684225363,2,4.5,2.2,1.888469411939205,2.946018494693999,0.035,0.45,-71.36991642145081,-119.88023936242617,1.9875498456060183
1779563523.7766182,59.15705847740173,3.221610280712725,0.809653813013757,-2.125763220786061,2,4.5,2.2,1.8887410606132813,2.953087923046798,0.035,0.45,-71.36991642145081,-119.88023936242617,1.9875254846873749
1779563523.8770597,59.25850510597229,3.221666242173826,0.809271927040365,-2.1318875340785794,2,4.5,2.2,1.8889843221466949,2.9593708787944646,0.035,0.45,-71.36991642145081,-119.88023936242617,1.987506391227341
1779563523.9786704,59.36011576652527,3.221693346016885,0.809080956867259,-2.134949690737468,2,4.5,2.2,1.8891065841203367,2.9625120093274315,0.035,0.45,-71.36991642145081,-119.88023936242617,1.987497747979753
1779563524.0794055,59.460850954055786,3.221826049566621,0.8080781240968474,-2.151026013003835,2,4.5,2.2,1.8897553164852376,2.9789991239194986,0.035,0.45,-71.36991642145081,-119.88023936242617,1.9874622473454397
1779563524.180107,59.56155252456665,3.221872364562835,0.8076960126134397,-2.157150326105987,2,4.5,2.2,1.8900054618335669,2.985278231621523,0.035,0.45,-71.36991642145081,-119.88023936242617,1.987453085143144
1779563524.2818432,59.663288593292236,3.2219529019298796,0.8069794863350324,-2.1686334131342346,2,4.5,2.2,1.8904789171997838,2.9970490152901705,0.035,0.45,-71.36991642145081,-119.88023936242617,1.9874423868075053
1779563524.3831198,59.764565229415894,3.2219972781644723,0.8065495522003029,-2.175523265451719,2,4.5,2.2,1.8907657463292997,3.0041098848566783,0.035,0.45,-71.36991642145081,-119.88023936242617,1.9874400225774511
1779563524.4836762,59.865121603012085,3.2220160509954403,0.8063584709708834,-2.178585422072782,2,4.5,2.2,1.890893885269055,3.0072476620063693,0.035,0.45,-71.36991642145081,-119.88023936242617,1.987439947340399
1779563524.5843925,59.96583795547485,3.222097239778124,0.8054508889249925,-2.193130666157711,2,4.5,2.2,1.8915080459207103,3.02214883316754,0.035,0.45,-71.36991642145081,-119.88023936242617,1.987447781833121
1779563524.6852493,60.06669473648071,3.222127479722152,0.805068799163258,-2.1992549793986886,2,4.5,2.2,1.8917693393088635,3.0284213858255082,0.035,0.45,-71.36991642145081,-119.88023936242617,1.9874551264191855
1779563524.8079896,60.188435077667236,3.222141723233864,0.8048777706447733,-2.2023171359870646,2,4.5,2.2,1.891900581516063,3.0315572993010402,0.035,0.45,-71.36991642145081,-119.88023936242617,1.9874596970406375
1779563524.9086156,60.29006099700928,3.2222096207559328,0.803827377811192,-2.2191589969934036,2,4.5,2.2,1.892629452438662,3.0488004762222136,0.035,0.45,-71.36991642145081,-119.88023936242617,1.9874955300394577
1779563525.009459,60.39090442657471,3.222220067749684,0.8036364564338928,-2.2222211535532916,2,4.5,2.2,1.8927632448518534,3.0519348052256987,0.035,0.45,-71.36991642145081,-119.88023936242617,1.987503987833459
1779563525.1113966,60.49183416366577,3.222261719353919,0.8027298990363682,-2.2367663974818606,2,4.5,2.2,1.8934040374086354,3.066819508204083,0.035,0.45,-71.36991642145081,-119.88023936242617,1.987552313642868
1779563525.211701,60.593146324157715,3.2222753181228128,0.8023483726306445,-2.2428907107886786,2,4.5,2.2,1.8936764333344722,3.0730850829279213,0.035,0.45,-71.36991642145081,-119.88023936242617,1.987576686094898
1779563525.3126266,60.694072008132935,3.2222812425834637,0.8021576552734524,-2.245952867431873,2,4.5,2.2,1.8938132019195215,3.0762174977075354,0.035,0.45,-71.36991642145081,-119.88023936242617,1.98758976572232
1779563525.4175918,60.79903721809387,3.2223014219400334,0.801252214744464,-2.2604981112340843,2,4.5,2.2,1.894468005307487,3.091093059901798,0.035,0.45,-71.36991642145081,-119.88023936242617,1.9876600181631654
1779563525.5192504,60.90016412734985,3.2223059850901086,0.8008712320087211,-2.2666224243135056,2,4.5,2.2,1.8947462376680821,3.097354762264988,0.035,0.45,-71.36991642145081,-119.88023936242617,1.9876936088975412
1779563525.6197557,61.001201152801514,3.222308462313083,0.8003000762082925,-2.275808893971617,2,4.5,2.2,1.895166362655076,3.1067454249137807,0.035,0.45,-71.36991642145081,-119.88023936242617,1.987748444295922
1779563525.7210035,61.1024489402771,3.2223061317526094,0.7997768813732733,-2.284229824634881,2,4.5,2.2,1.8955543787751743,3.1153515301726777,0.035,0.45,-71.36991642145081,-119.88023936242617,1.9878033941353306
1779563525.8221889,61.20363426208496,3.222301674106442,0.7993966126727514,-2.290354137922853,2,4.5,2.2,1.8958383002207135,3.1216093075825633,0.035,0.45,-71.36991642145081,-119.88023936242617,1.9878461679036807
1779563525.922888,61.304333448410034,3.222285784779633,0.7986367233959873,-2.3026027644806217,2,4.5,2.2,1.8964104642166826,3.134121794707486,0.035,0.45,-71.36991642145081,-119.88023936242617,1.9879388034467802
1779563526.0237002,61.4051456451416,3.2222774306529813,0.7983520025922614,-2.3071959993731785,2,4.5,2.2,1.896626497984216,3.1388129183849394,0.035,0.45,-71.36991642145081,-119.88023936242617,1.9879759747449477
1779563526.1251874,61.50612831115723,3.2222660338325944,0.7980200021245819,-2.3125547733597673,2,4.5,2.2,1.8968795435505774,-3.138900144163614,0.035,-0.45,119.88023936242612,71.36991642145085,1.988021016104712
1779563526.2254019,61.606847286224365,3.2222309670989406,0.7972145364773934,-2.3202612169500156,2,4.5,2.2,1.8974985528614359,-3.1309214251758295,0.035,-0.45,119.88023936242612,71.36991642145085,1.988137895549117
1779563526.326574,61.708019495010376,3.2222081861886167,0.7967885973617641,-2.3204411891751597,2,4.5,2.2,1.8978288015354152,-3.130599193311914,0.035,-0.45,119.88023936242612,71.36991642145085,1.98820404710923
1779563526.4272153,61.80866074562073,3.2221971321083864,0.7965993981340523,-2.3197853728585627,2,4.5,2.2,1.8979761374974493,-3.1311921989979083,0.035,-0.45,119.88023936242612,71.36991642145085,1.9882343898745243
1779563526.5278447,61.909290075302124,3.2221333990949246,0.7956543516349783,-2.311072233195788,2,4.5,2.2,1.8987179226495083,-3.13959506489104,0.035,-0.45,119.88023936242612,71.36991642145085,1.9883946879283094
1779563526.6285636,62.01000905036926,3.2221040185165832,0.7952767498174129,-2.3059600901376194,2,4.5,2.2,1.8990169954729201,3.1386004789508215,0.035,0.45,-71.36991642145081,-119.88023936242617,1.988462753670174
1779563526.7290823,62.110527753829956,3.222084547967107,0.7950408601499295,-2.303062865040558,2,4.5,2.2,1.8992045932949626,3.1357792506563165,0.035,0.45,-71.36991642145081,-119.88023936242617,1.9885064205072522
1779563526.8299842,62.211429595947266,3.2219982849078006,0.7940981026540157,-2.300263714939125,2,4.5,2.2,1.8999601387238738,3.1332803899916692,0.035,0.45,-71.36991642145081,-119.88023936242617,1.9886896128451919
1779563526.930522,62.31196737289429,3.2219794407145774,0.7939097010508592,-2.301095062643122,2,4.5,2.2,1.9001122279368416,3.134171094018117,0.035,0.45,-71.36991642145081,-119.88023936242617,1.9887278708452705
1779563527.0311475,62.41259288787842,3.2218773442258746,0.7929684586086706,-2.31040735189431,2,4.5,2.2,1.9008775030688232,-3.139408622318596,0.035,-0.45,119.88023936242612,71.36991642145085,1.9889271732312748
1779563527.132426,62.513365268707275,3.2218553552412788,0.7927803697282411,-2.3127863083945486,2,4.5,2.2,1.90103151492751,-3.1369717015059484,0.035,-0.45,119.88023936242612,71.36991642145085,1.9889686299078657
1779563527.2342257,62.61466455459595,3.221809811954702,0.7924043605865394,-2.315711734881041,2,4.5,2.2,1.9013404852658724,-3.133931043667424,0.035,-0.45,119.88023936242612,71.36991642145085,1.989053133926335
1779563527.3358917,62.71663689613342,3.221706144332505,0.791606101690999,-2.3153731326030558,2,4.5,2.2,1.9020011972213098,-3.134027854042256,0.035,-0.45,119.88023936242612,71.36991642145085,1.9892397030584794
1779563527.4370444,62.81848978996277,3.221647511583593,0.791183907493663,-2.31211264200162,2,4.5,2.2,1.9023532445750562,-3.137162011005157,0.035,-0.45,119.88023936242612,71.36991642145085,1.9893422855087066
1779563527.537782,62.91922736167908,3.2216138314357607,0.7909494740260076,-2.3096061439489017,2,4.5,2.2,1.9025494949472248,-3.139598816577318,0.035,-0.45,119.88023936242612,71.36991642145085,1.9894004007178379
1779563527.638656,63.02010130882263,3.221471355069354,0.7900125274465764,-2.29672617173186,2,4.5,2.2,1.9033392153438613,3.130981848101918,0.035,0.45,-71.36991642145081,-119.88023936242617,1.9896407558754101
1779563527.739883,63.120824575424194,3.2214338321903133,0.7897784717519168,-2.293452516579286,2,4.5,2.2,1.903537812653562,3.1277761848914443,0.035,0.45,-71.36991642145081,-119.88023936242617,1.9897027846741506
1779563527.8408208,63.22176241874695,3.2213087649588474,0.7890299278873054,-2.289335366820768,2,4.5,2.2,1.904176414875673,3.1238744174918214,0.035,0.45,-71.36991642145081,-119.88023936242617,1.9899063734145679
1779563527.9451566,63.32560110092163,3.2212516841871506,0.7887026412474706,-2.289962439150437,2,4.5,2.2,1.9044572691494197,3.1245946833991596,0.035,0.45,-71.36991642145081,-119.88023936242617,1.989997857071204
1779563528.0455685,63.427013874053955,3.221176200883866,0.7882820254285056,-2.292673958832531,2,4.5,2.2,1.9048196630951881,3.127425104481204,0.035,0.45,-71.36991642145081,-119.88023936242617,1.990117616801848
1779563528.1461694,63.52761483192444,3.221141899531078,0.788095152353973,-2.2944566175526884,2,4.5,2.2,1.9049811914928008,3.129260276981512,0.035,0.45,-71.36991642145081,-119.88023936242617,1.9901716122604496
1779563528.2471044,63.62854981422424,3.22095423605215,0.7871148011055792,-2.3073470462018237,2,4.5,2.2,1.9058338467788494,-3.140762257235698,0.035,-0.45,119.88023936242612,71.36991642145085,1.990462821483548
1779563528.3478801,63.72932553291321,3.2208793978378125,0.7867416865608853,-2.311991859212293,2,4.5,2.2,1.9061606898109427,-3.136015184216589,0.035,-0.45,119.88023936242612,71.36991642145085,1.9905771691029002
1779563528.4494288,63.83017635345459,3.2207341120900685,0.7860426713793172,-2.314539965574947,2,4.5,2.2,1.9067764785443844,-3.1332775675379825,0.035,-0.45,119.88023936242612,71.36991642145085,1.9907966228408136
1779563528.5503316,63.931777000427246,3.220653998837525,0.7856701750190733,-2.313227830255924,2,4.5,2.2,1.9071064586228514,-3.13448981214197,0.035,-0.45,119.88023936242612,71.36991642145085,1.9909163383211852
1779563528.6516445,64.03257966041565,3.220613263644259,0.7854840072437385,-2.3119485727512683,2,4.5,2.2,1.9072718513432287,-3.135719429390864,0.035,-0.45,119.88023936242612,71.36991642145085,1.9909768866587167
1779563528.751898,64.13334345817566,3.220402912406956,0.784553934884063,-2.3012082662162907,2,4.5,2.2,1.9081027933077372,3.1369707789127794,0.035,0.45,-71.36991642145081,-119.88023936242617,1.991286427458592
1779563528.8528917,64.23433709144592,3.2203157160865543,0.7841822391156137,-2.296531126767008,2,4.5,2.2,1.908437004077092,3.132390357771097,0.035,0.45,-71.36991642145081,-119.88023936242617,1.9914133598746
1779563528.9543877,64.33531498908997,3.220271476260502,0.7839964570307668,-2.295102675203032,2,4.5,2.2,1.9086044975777188,3.131009980117028,0.035,0.45,-71.36991642145081,-119.88023936242617,1.9914774812392517
1779563529.0556178,64.43656015396118,3.2200439560433347,0.7830681814631332,-2.295282936332866,2,4.5,2.2,1.909445797304388,3.131427804851051,0.035,0.45,-71.36991642145081,-119.88023936242617,1.991804546107434
1779563529.156985,64.5384304523468,3.2199500273046358,0.7826971704731679,-2.298303227384655,2,4.5,2.2,1.9097840828696233,3.1345418227730697,0.035,0.45,-71.36991642145081,-119.88023936242617,1.9919383559968116
1779563529.257717,64.63916230201721,3.2198664790551423,0.7823726833332078,-2.30193888874883,2,4.5,2.2,1.9100808989167366,3.1382588874920527,0.035,0.45,-71.36991642145081,-119.88023936242617,1.9920568289406475
1779563529.358616,64.74006152153015,3.219645817546191,0.781538971323575,-2.3137310170841303,2,4.5,2.2,1.9108475926668627,-3.1329275864032873,0.035,-0.45,119.88023936242612,71.36991642145085,1.9923674131576878
1779563529.4595306,64.84097599983215,3.21959564247266,0.7813538461011309,-2.316280038488423,2,4.5,2.2,1.9110186364206536,-3.1303331461420942,0.035,-0.45,119.88023936242612,71.36991642145085,1.9924375924801372
1779563529.5679755,64.94842219352722,3.219532340849697,0.7811225182868671,-2.3184807182081215,2,4.5,2.2,1.911232778664718,-3.1280759582482807,0.035,-0.45,119.88023936242612,71.36991642145085,1.9925259097289965
1779563529.6683927,65.04983806610107,3.2192328620915602,0.7800595727507397,-2.3184578232663418,2,4.5,2.2,1.91222260170802,-3.1278427054674234,0.035,-0.45,119.88023936242612,71.36991642145085,1.992940602766821
1779563529.770027,65.15096426010132,3.219165975626957,0.7798287499447737,-2.3165875966769875,2,4.5,2.2,1.9124388035895608,-3.129658063314113,0.035,-0.45,119.88023936242612,71.36991642145085,1.9930325665840958
1779563529.8719084,65.25234508514404,3.2189477563001563,0.779090692502051,-2.307727121665273,2,4.5,2.2,1.9131330615570643,-3.138344866910609,0.035,-0.45,119.88023936242612,71.36991642145085,1.9933311100786566
1779563529.9723527,65.35379815101624,3.21883630100494,0.7787219733907746,-2.3023154439698623,2,4.5,2.2,1.9134815527056743,3.1395145321625924,0.035,0.45,-71.36991642145081,-119.88023936242617,1.9934827732578633
1779563530.0733793,65.45482468605042,3.2187658635246152,0.7784916212974979,-2.29908958726013,2,4.5,2.2,1.9136998153292595,3.136341929572943,0.035,0.45,-71.36991642145081,-119.88023936242617,1.9935783569678858
1779563530.1745403,65.55598568916321,3.2184489842961828,0.7774789019514013,-2.2955553049460327,2,4.5,2.2,1.914664273507206,3.133038832494387,0.035,0.45,-71.36991642145081,-119.88023936242617,1.9940060348237627
1779563530.276119,65.65692520141602,3.2183606236493723,0.7772029365919499,-2.2970214186845643,2,4.5,2.2,1.9149284515759322,3.134567123300016,0.035,0.45,-71.36991642145081,-119.88023936242617,1.9941246574290576
1779563530.3766797,65.7581250667572,3.2182863605297953,0.7769730429116759,-2.2989057440665372,2,4.5,2.2,1.915148969193784,3.136502978600477,0.035,0.45,-71.36991642145081,-119.88023936242617,1.994224153010469
1779563530.4784694,65.85991477966309,3.2179836015412158,0.7760542170980541,-2.3104524387565313,2,4.5,2.2,1.9160343521350207,-3.134932107749692,0.035,-0.45,119.88023936242612,71.36991642145085,1.9946279646688743
1779563530.5795162,65.96041440963745,3.2178909930377446,0.7757788210536886,-2.3140862362080274,2,4.5,2.2,1.9163009868736598,-3.1312380676731806,0.035,-0.45,119.88023936242612,71.36991642145085,1.99475092494501
1779563530.6797264,66.06117177009583,3.217828796998229,0.7755952929952613,-2.315693772279322,2,4.5,2.2,1.9164790014879538,-3.129590580604347,0.035,-0.45,119.88023936242612,71.36991642145085,1.9948333641022176
1779563530.7811294,66.1625747680664,3.217480220535457,0.7745869119837892,-2.3156662103653285,2,4.5,2.2,1.9174617222269887,-3.129401420917973,0.035,-0.45,119.88023936242612,71.36991642145085,1.9952933960240393
1779563530.8827107,66.26364398002625,3.21741567385675,0.7744037559997732,-2.3142601066612203,2,4.5,2.2,1.9176410520678497,-3.1307686626795066,0.035,-0.45,119.88023936242612,71.36991642145085,1.99537822870149
1779563530.9839053,66.3653507232666,3.217334492380988,0.7741748894320147,-2.312029227923346,2,4.5,2.2,1.9178654932924117,-3.1329511946479585,0.035,-0.45,119.88023936242612,71.36991642145085,1.9954847771068558
1779563531.0854244,66.46635413169861,3.2170043369642825,0.7732602498465686,-2.2997230071515746,2,4.5,2.2,1.9187663187674358,3.138118773564263,0.035,0.45,-71.36991642145081,-119.88023936242617,1.9959165097563842
1779563531.1856284,66.56707382202148,3.216920470618288,0.7730317827498593,-2.2963472753445036,2,4.5,2.2,1.9189922802764063,3.1347901526315836,0.035,0.45,-71.36991642145081,-119.88023936242617,1.9960257993058357
1779563531.2867491,66.66819453239441,3.2165970898745835,0.772164243178616,-2.291794230469876,2,4.5,2.2,1.9198536345711574,3.130413990391233,0.035,0.45,-71.36991642145081,-119.88023936242617,1.996445901090321
1779563531.3877954,66.76924085617065,3.2165107741444787,0.7719361062685732,-2.292404149168887,2,4.5,2.2,1.9200810080479858,3.1310699031930715,0.035,0.45,-71.36991642145081,-119.88023936242617,1.9965576998195858
1779563531.4886403,66.87008571624756,3.216178209382168,0.7710698246742603,-2.300141108872721,2,4.5,2.2,1.92094764010413,3.138979551235975,0.035,0.45,-71.36991642145081,-119.88023936242617,1.99698721130227
1779563531.591105,66.97153949737549,3.2160894935429645,0.7708420333773516,-2.3031664978092423,2,4.5,2.2,1.9211763797610424,-3.1411354745471636,0.035,-0.45,119.88023936242612,71.36991642145085,1.9971014674515761
1779563531.6915112,67.07295656204224,3.2160002777812253,0.7706143212538646,-2.3063720890358863,2,4.5,2.2,1.9214053984681216,-3.137885222645126,0.035,-0.45,119.88023936242612,71.36991642145085,1.9972162345069202
1779563531.7925785,67.17402386665344,3.2157296290591733,0.7699316864012097,-2.3109528462008773,2,4.5,2.2,1.9220941098801008,-3.133171883465388,0.035,-0.45,119.88023936242612,71.36991642145085,1.9975635994670704
1779563531.8931525,67.27459788322449,3.2155283076117374,0.7694315805515606,-2.309959318408625,2,4.5,2.2,1.922600720708794,-3.1340695174894897,0.035,-0.45,119.88023936242612,71.36991642145085,1.9978212367319774
1779563531.993752,67.3751974105835,3.2153618234748453,0.7690227117955828,-2.3068128466950353,2,4.5,2.2,1.9230161840043736,-3.1371383591067055,0.035,-0.45,119.88023936242612,71.36991642145085,1.998033833394059
1779563532.0948265,67.47571921348572,3.215043114070681,0.7682511260442285,-2.297078831787671,2,4.5,2.2,1.9238032739266229,3.13645758565825,0.035,0.45,-71.36991642145081,-119.88023936242617,1.998439736288785
1779563532.19533,67.5767753124237,3.21491030967112,0.7679336701696989,-2.2928146546487866,2,4.5,2.2,1.9241282403268254,3.1322522403655135,0.035,0.45,-71.36991642145081,-119.88023936242617,1.9986084809414062
1779563532.2963915,67.67783689498901,3.214834019323836,0.7677523293764291,-2.2912260017808093,2,4.5,2.2,1.9243141603942875,3.1306970195280712,0.035,0.45,-71.36991642145081,-119.88023936242617,1.9987053187861463
1779563532.3977542,67.77919960021973,3.2144677169580365,0.7668915604982945,-2.2905231479556,2,4.5,2.2,1.9251994832001427,3.130151154651239,0.035,0.45,-71.36991642145081,-119.88023936242617,1.9991693253871101
1779563532.4991875,67.88012218475342,3.214370255788632,0.7666652073734096,-2.291997196451915,2,4.5,2.2,1.925433059588128,3.131666022744181,0.035,0.45,-71.36991642145081,-119.88023936242617,1.9992925265070638
1779563532.5996945,67.98113989830017,3.2140950166657256,0.7660318024011198,-2.2988297705866847,2,4.5,2.2,1.9260883722947144,3.13861179853018,0.035,0.45,-71.36991642145081,-119.88023936242617,1.99963989766147
