epoch [s],elapsed [s],x [m],y [m],z [m],roll [deg],pitch [deg],yaw [deg],broadcast
1764338833.4122279,0.08463621139526367,3.6433321188131067e-20,-9.755254167539415e-20,0.07330880833333334,0.0,0.0,0.0,False
1764338833.4934125,0.16582083702087402,6.853392641808798e-20,9.039793796145795e-21,0.07330880833333334,0.0,0.0,0.0,False
1764338833.5566592,0.22906756401062012,-6.508471529511206e-20,3.537056545722498e-20,0.07330880833333334,0.0,0.0,0.0,False
1764338833.634839,0.3072474002838135,8.843566563309169e-20,2.1937524750968984e-20,0.07330880833333334,0.0,0.0,0.0,False
1764338833.7126656,0.3850739002227783,1.701032270549769e-20,8.682766425276461e-20,0.07330880833333334,0.0,0.0,0.0,False
1764338833.7876246,0.46003293991088867,-6.308246749981454e-20,-1.1295544275094935e-19,0.07330880833333334,0.0,0.0,0.0,False
1764338833.8492305,0.5216388702392578,4.1723493222072374e-20,-3.922456884066662e-20,0.07330880833333334,0.0,0.0,0.0,False
1764338833.915562,0.5879702568054199,-1.2834125722002916e-20,6.578097263202635e-20,0.07330880833333334,0.0,0.0,0.0,False
1764338833.9869373,0.6593456268310547,5.647028890922438e-20,1.1591868778656879e-20,0.07330880833333334,0.0,0.0,0.0,False
1764338834.0475957,0.7200040817260742,3.692409166591854e-20,6.122680616766499e-20,0.07330880833333334,0.0,0.0,0.0,False
1764338834.1178968,0.7903051376342773,4.172349322207258e-20,-3.9224568840665825e-20,0.07330880833333334,0.0,0.0,0.0,False
1764338834.2218082,0.8942165374755859,3.6433321188130995e-20,-9.755254167539388e-20,0.07330880833333334,0.0,0.0,0.0,False
1764338834.3157659,0.9881742000579834,9.940156522622944e-20,-3.7041663085127564e-20,0.07330880833333334,0.0,0.0,0.0,False
1764338834.3807483,1.0531566143035889,4.172349322207234e-20,-3.9224568840668004e-20,0.07330880833333334,0.0,0.0,0.0,False
1764338834.463083,1.1354913711547852,2.4894280574810792e-20,1.6073143478135634e-20,0.07330880833333334,0.0,0.0,0.0,False
1764338834.5323296,1.204737901687622,8.845814464630154e-20,2.1349606320900416e-20,0.07330880833333334,0.0,0.0,0.0,False
1764338834.5961769,1.268585205078125,-5.45931645091103e-20,-9.493080778574123e-20,0.07330880833333334,0.0,0.0,0.0,False
1764338834.6841059,1.3565142154693604,-1.0619189749917016e-19,5.103045074987549e-20,0.07330880833333334,0.0,0.0,0.0,False
1764338834.752021,1.4244294166564941,2.5945534928273275e-20,-6.636059441965916e-20,0.07330880833333334,0.0,0.0,0.0,False
1764338834.848694,1.5211024284362793,3.6924091665918786e-20,6.122680616766523e-20,0.07330880833333334,0.0,0.0,0.0,False
1764338834.9071524,1.5795607566833496,-6.508471529511192e-20,3.537056545722497e-20,0.07330880833333334,0.0,0.0,0.0,False
1764338834.964304,1.6367123126983643,-1.0619189749917057e-19,5.103045074987522e-20,0.07330880833333334,0.0,0.0,0.0,False
1764338835.0257566,1.698164939880371,3.643332118813084e-20,-9.755254167539469e-20,0.07330880833333334,0.0,0.0,0.0,False
1764338835.112603,1.7850112915039062,3.6924091665919256e-20,6.122680616766444e-20,0.07330880833333334,0.0,0.0,0.0,False
1764338835.1776845,1.850092887878418,-6.50847152951113e-20,3.5370565457224715e-20,0.07330880833333334,0.0,0.0,0.0,False
1764338835.2411222,1.9135305881500244,-1.0619189749917116e-19,5.10304507498755e-20,0.07330880833333334,0.0,0.0,0.0,False
1764338835.3271801,1.9995884895324707,6.939348986515666e-20,-3.6907870354636925e-20,0.07330880833333334,0.0,0.0,0.0,False
1764338835.530945,2.2033534049987793,4.4891469799424227e-20,9.775599382298065e-20,0.07330880833333334,0.0,0.0,0.0,False
1764338835.6636963,2.33610463142395,9.940156522622884e-20,-3.7041663085127294e-20,0.07330880833333334,0.0,0.0,0.0,False
1764338835.749481,2.421889305114746,4.172349322207233e-20,-3.922456884066773e-20,0.07330880833333334,0.0,0.0,0.0,False
1764338835.815024,2.4874322414398193,1.5928041785629655e-05,1.462084467609787e-12,0.07330880833332878,0.0,0.0,4.600873973548232e-05,False
1764338835.9003959,2.5728042125701904,7.736204212568016e-05,4.5550992079801636e-10,0.07330880833331091,0.0,0.0,0.0007934584564040864,False
1764338836.0264964,2.6989047527313232,0.00019256651563832417,3.2734736672737594e-09,0.07330880833325705,0.0,0.0,0.001895436688566937,False
1764338836.090144,2.762552261352539,0.00036668683025659516,1.0528303015668959e-08,0.07330880833316168,0.0,0.0,0.002802927781017033,False
1764338836.1841023,2.856510639190674,0.0007854119373876128,3.597031110238114e-08,0.07330880833286874,0.0,0.0,0.004022340226300837,False
1764338836.266353,2.9387612342834473,0.001129973663535481,6.207789144056019e-08,0.07330880833258929,0.0,0.0,0.0046270989141825505,False
1764338836.3346672,3.007075548171997,0.0015545360450598224,9.84837884255396e-08,0.07330880833224485,0.0,0.0,0.005173004426641849,False
1764338836.4173353,3.0897436141967773,0.0022953867029566056,1.6831165470884433e-07,0.07330880833142689,0.0,0.0,0.005454763766277906,False
1764338836.5012405,3.1736488342285156,0.0030571877326110285,2.40837844499412e-07,0.07330880833057152,0.0,0.0,0.005454763645213272,False
1764338836.5783415,3.2507498264312744,0.0038591326360184605,3.171426833693133e-07,0.07330880832949943,0.0,0.0,0.005408875107493867,False
1764338836.6430824,3.31549072265625,0.005059314995320296,4.2299191677842065e-07,0.0733088083277706,0.0,0.0,0.004626801935461501,False
1764338836.7099638,3.3823721408843994,0.006178622090335638,5.037726181448665e-07,0.07330880832616302,0.0,0.0,0.003610764583946275,False
1764338836.7853227,3.457731008529663,0.007278753999711868,5.624006483732712e-07,0.07330880832436389,0.0,0.0,0.0024980776420770985,False
1764338836.8554916,3.527899980545044,0.008325918111336776,5.987121948536364e-07,0.07330880832252264,0.0,0.0,0.0014832535395564433,False
1764338836.9329069,3.6053152084350586,0.010497513697255365,6.170271697878111e-07,0.07330880831872201,0.0,0.0,359.999508893061,False
1764338837.01642,3.688828229904175,0.013282668157179586,5.360714384314627e-07,0.07330880831278246,0.0,0.0,359.9971987203346,False
1764338837.0791667,3.751574993133545,0.015123717814833057,4.23103912620559e-07,0.07330880830889461,0.0,0.0,359.99578209201906,False
1764338837.1578498,3.8302581310272217,0.017423383125367224,2.1987556070829752e-07,0.07330880830380646,0.0,0.0,359.9941073017032,False
1764338837.2328079,3.9052162170410156,0.020630327284538,-1.7161369521287436e-07,0.07330880829584968,0.0,0.0,359.99193195700735,False
1764338837.3454065,4.017814874649048,0.02536459293313554,-9.619741610128186e-07,0.07330880828424999,0.0,0.0,359.9889818758052,False
1764338837.412489,4.08489727973938,0.02819545962306926,-1.5454181415123966e-06,0.0733088082760415,0.0,0.0,359.98744249198734,False
1764338837.4784179,4.1508262157440186,0.03169495548274534,-2.362678678426734e-06,0.07330880826604036,0.0,0.0,359.98584404762494,False
1764338837.574176,4.246584415435791,0.03746805494369777,-3.8999139834564476e-06,0.07330880824925072,0.0,0.0,359.98374483562304,False
1764338837.6652353,4.337643623352051,0.04280310960021312,-5.4768405551543875e-06,0.07330880823194207,0.0,0.0,359.98249433812526,False
1764338837.740501,4.412909269332886,0.0474263736670563,-6.916987726901515e-06,0.07330880821718172,0.0,0.0,359.98186878083135,False
1764338837.8442235,4.516631841659546,0.0570193518186405,-9.959928775385089e-06,0.07330880818247835,0.0,0.0,359.9819271735859,False
1764338837.906903,4.579311370849609,0.061917854553788995,-1.1481072103159281e-05,0.07330880816519625,0.0,0.0,359.9825383813424,False
1764338838.0126443,4.6850526332855225,0.06938973766066944,-1.3662814620928575e-05,0.07330880813689251,0.0,0.0,359.9841963352319,False
1764338838.1111,4.78350830078125,0.08083837473835165,-1.640180579923485e-05,0.07330880809344482,0.0,0.0,359.9887153320461,False
1764338838.2138352,4.886243581771851,0.09251489149008398,-1.8076762818185172e-05,0.07330880804594847,0.0,0.0,359.99515313768916,False
1764338838.2938972,4.966305494308472,0.10022861871790925,-1.8390374761303186e-05,0.07330880801472058,0.0,0.0,0.00028110398476638665,False
1764338838.3829024,5.0553107261657715,0.11043268758122111,-1.767459634584017e-05,0.07330880797167753,0.0,0.0,0.007993784742966135,False
1764338838.4703844,5.142792701721191,0.12355495806649881,-1.4491880146492711e-05,0.07330880791510151,0.0,0.0,0.020174464573775076,False
1764338838.5657308,5.2381391525268555,0.1352021230024543,-9.151072881161375e-06,0.0733088078668653,0.0,0.0,0.03257333901590273,False
1764338838.6533701,5.325778484344482,0.14751330447752994,-6.134618262998312e-07,0.07330880781087674,0.0,0.0,0.04718799305552347,False
1764338838.740135,5.412543296813965,0.16319372923599398,1.5095549639185313e-05,0.07330880774200971,0.0,0.0,0.06794219546004704,False
1764338838.8325624,5.5049707889556885,0.1770197533982462,3.382358151171568e-05,0.07330880767802461,0.0,0.0,0.08738299788088813,False
1764338838.907285,5.57969331741333,0.18857929131489415,5.312941821868508e-05,0.07330880762679269,0.0,0.0,0.1040487285612847,False
1764338838.9734626,5.645870923995972,0.20210487598747975,8.001565922686222e-05,0.07330880756471522,0.0,0.0,0.12366054597677639,False
1764338839.0350866,5.7074949741363525,0.2146152399360508,0.00010893999242657074,0.07330880750675008,0.0,0.0,0.14117548414767855,False
1764338839.1108708,5.783279180526733,0.227569721768172,0.00014285153396648552,0.07330880744916687,0.0,0.0,0.1587002796165461,False
1764338839.2022057,5.874614000320435,0.2443846401829192,0.00019263724442762295,0.0733088073708126,0.0,0.0,0.18024603393142416,False
1764338839.2668514,5.939259767532349,0.26013022394738394,0.0002447312323772387,0.07330880729875835,0.0,0.0,0.19861222520311353,False
1764338839.3409202,6.013328552246094,0.2764285566852964,0.0003037469339788491,0.07330880722688209,0.0,0.0,0.21607094887036743,False
1764338839.4196258,6.092034101486206,0.29138708896167786,0.0003620587463962911,0.07330880715827418,0.0,0.0,0.2303215483479908,False
1764338839.4797637,6.152172088623047,0.3048357527386224,0.0004174750221508763,0.07330880709935345,0.0,0.0,0.2416484455900497,False
1764338839.5493171,6.2217254638671875,0.32259715580886833,0.0004944716233228648,0.07330880702401264,0.0,0.0,0.2547872677850528,False
1764338839.6317859,6.304194211959839,0.3429708485712485,0.0005873494615165097,0.07330880693344588,0.0,0.0,0.2671060400487206,False
1764338839.6983807,6.370789051055908,0.3576260354862218,0.0006566138981277728,0.07330880687189442,0.0,0.0,0.2742709995456143,False
1764338839.7724428,6.4448511600494385,0.37258807509476793,0.0007290554389789386,0.07330880681202384,0.0,0.0,0.28035232556096695,True
1764338839.8320036,6.504411935806274,0.39228596317754183,0.0008265015335218123,0.07330880672780325,0.0,0.0,0.28605784621633173,False
1764338839.8975677,6.569976091384888,0.4124946011923277,0.0009280222732407447,0.07330880664706795,0.0,0.0,0.2891909555890899,False
1764338839.9843009,6.65670919418335,0.4331832514317317,0.0010326577007262778,0.0733088065681703,0.0,0.0,0.2899900753908437,False
1764338840.0455558,6.717964172363281,0.4495991049140438,0.001115630375451753,0.07330880650706222,0.0,0.0,0.2889702768745426,False
1764338840.1391468,6.8115551471710205,0.4783632396984633,0.0012596354363707204,0.07330880640759384,0.0,0.0,0.28412671967226233,False
1764338840.2380428,6.910451173782349,0.5004307348525373,0.0013679515349968876,0.0733088063326228,0.0,0.0,0.27798237261830927,False
1764338840.2977014,6.970109701156616,0.5178755377123465,0.001451666379405447,0.07330880627715526,0.0,0.0,0.2717354114679509,False
1764338840.3801343,7.052542686462402,0.548315959047568,0.001592613043125588,0.0733088061853898,0.0,0.0,0.25836959799035775,False
1764338840.4873893,7.159797668457031,0.5820157548347491,0.0017394805697675342,0.07330880609174316,0.0,0.0,0.24056370189605106,False
1764338840.5606556,7.2330639362335205,0.6004475324571842,0.0018151443438564196,0.07330880604473568,0.0,0.0,0.22972565312811769,False
1764338840.6523125,7.324720859527588,0.6351605295150108,0.0019477222061020291,0.07330880596356164,0.0,0.0,0.20758087560226185,False
1764338840.7301521,7.402560472488403,0.6595302693206203,0.0020324939976167126,0.07330880591185149,0.0,0.0,0.19089223921751095,False
1764338840.7923822,7.46479058265686,0.6759146912015802,0.0020854213029334956,0.0733088058813711,0.0,0.0,0.1792220236054321,False
1764338840.87072,7.543128252029419,0.7006742525890753,0.0021589539869417604,0.07330880583875975,0.0,0.0,0.16098723133217388,False
1764338840.9346902,7.607098579406738,0.7256380493429907,0.0022249730505512215,0.07330880579916318,0.0,0.0,0.14196200387978175,False
1764338841.0071611,7.679569482803345,0.7479742716571974,0.002276952978751297,0.07330880577208257,0.0,0.0,0.12474496178057379,False
1764338841.0854182,7.757826566696167,0.770421869499682,0.0023224699903250257,0.07330880574740395,0.0,0.0,0.10764370713370089,False
1764338841.1848001,7.857208490371704,0.8071015064727127,0.0023825527977718365,0.07330880571788233,0.0,0.0,0.08021870731830594,False
1764338841.2768312,7.949239492416382,0.8382673989011223,0.0024200496158184896,0.0733088057000352,0.0,0.0,0.057780280696033456,False
1764338841.364795,8.037203311920166,0.8638361562403969,0.002441837731846386,0.07330880569241131,0.0,0.0,0.04000770987863488,False
1764338841.4314773,8.103885650634766,0.8894052392349578,0.002455971937339246,0.073308805695291,0.0,0.0,0.02358089303269,False
1764338841.5383472,8.210755586624146,0.9234767637798523,0.0024640124086548905,0.07330880569877515,0.0,0.0,0.0038429930022757177,False
1764338841.6561468,8.3285551071167,0.9602848037686547,0.002460569649995451,0.07330880572457657,0.0,0.0,359.9863111909177,False
1764338841.7222,8.39460825920105,0.9856603368068317,0.002452390033031871,0.07330880574159981,0.0,0.0,359.9771130815151,False
1764338841.7880151,8.460423469543457,1.0081121177349395,0.0024421765101234143,0.07330880577557575,0.0,0.0,359.97125906282275,False
1764338841.8826845,8.555092811584473,1.0359447858068263,0.0024272929082581854,0.07330880582125215,0.0,0.0,359.96820263419033,False
1764338841.9526372,8.625045537948608,1.0580360434946159,0.0024150752483252515,0.07330880585847781,0.0,0.0,359.9688591761969,False
1764338842.0256238,8.698032140731812,1.085345944918005,0.0024013552412376978,0.07330880592532943,0.0,0.0,359.97453986667307,False
1764338842.1118839,8.784292221069336,1.109618162689399,0.002392492099790269,0.07330880598002294,0.0,0.0,359.9843180503647,False
1764338842.2083173,8.880725622177124,1.1388698775525077,0.0023887583407712944,0.07330880606121706,0.0,0.0,0.0024377545903564186,False
1764338842.3004186,8.972826957702637,1.1701792679606127,0.0023974930499350675,0.07330880614716474,0.0,0.0,0.031055505619822548,False
1764338842.3766866,9.049094915390015,1.1907215042325403,0.0024127570944497273,0.0733088062069363,0.0,0.0,0.05477761006756762,False
1764338842.4647963,9.137204647064209,1.2159544391909247,0.0024444336578613125,0.07330880628923384,0.0,0.0,0.090238447628232,False
1764338842.528784,9.201192378997803,1.2382549486144403,0.002486596669468218,0.07330880635649802,0.0,0.0,0.1272671623243149,False
1764338842.6191921,9.291600465774536,1.2625581715875753,0.002550254793627596,0.073308806442059,0.0,0.0,0.17413224715616368,False
1764338842.698103,9.370511293411255,1.281620349670426,0.0026150422099223583,0.07330880650571653,0.0,0.0,0.21605930068953885,False
1764338842.7936301,9.466038465499878,1.31188859102546,0.0027487097631263596,0.07330880661347103,0.0,0.0,0.2920931341246916,False
1764338842.8584247,9.530833005905151,1.3300462856747375,0.0028493785519349214,0.07330880667816794,0.0,0.0,0.34397704502403853,False
1764338842.9509404,9.623348712921143,1.3500705281764824,0.002980365327990703,0.07330880674621368,0.0,0.0,0.4064982826239057,False
1764338843.0135388,9.685947179794312,1.3653476749313662,0.003095518928875089,0.07330880679998403,0.0,0.0,0.45771428447129503,False
1764338843.0969117,9.769320011138916,1.3909465687441953,0.0033203454396982346,0.07330880688430833,0.0,0.0,0.5499960461631823,False
1764338843.1627564,9.835164785385132,1.4076205452358495,0.0034896878092326557,0.07330880693757004,0.0,0.0,0.6142692093211812,False
1764338843.250006,9.922414302825928,1.4260007186567956,0.0036985544183668648,0.07330880699627271,0.0,0.0,0.6884042339705664,False
1764338843.3122842,9.984692573547363,1.4400303874306657,0.003874290356533275,0.07330880703875742,0.0,0.0,0.7472057299577779,False
1764338843.390702,10.0631103515625,1.4616171506307654,0.004173401807331914,0.07330880710519691,0.0,0.0,0.8411218954029634,False
1764338843.4526515,10.125059843063354,1.475059572591443,0.004377808212013315,0.07330880714525727,0.0,0.0,0.90146011523762,False
1764338843.5331814,10.205589771270752,1.4901558830421564,0.00462445633017793,0.07330880718818916,0.0,0.0,0.9708932039778113,False
1764338843.633892,10.306300401687622,1.5140885805001871,0.0050535957394928326,0.07330880725695149,0.0,0.0,1.0842577626099388,False
1764338843.7108386,10.383246898651123,1.5284567762894676,0.005334265505920267,0.07330880729590356,0.0,0.0,1.1541227976229569,False
1764338843.798347,10.470755338668823,1.5512431943022278,0.005815789913012968,0.07330880735755727,0.0,0.0,1.2675644063555627,False
1764338843.8704908,10.542899131774902,1.5649209758203229,0.006126714138386207,0.07330880739327751,0.0,0.0,1.3370631778744626,False
1764338843.9670227,10.63943099975586,1.5833212368576444,0.006571424906532567,0.07330880743965709,0.0,0.0,1.43224409952605,False
1764338844.0585248,10.73093318939209,1.60286457051942,0.00707759268607125,0.073308807487937,0.0,0.0,1.5353213551469476,False
1764338844.1374435,10.809851884841919,1.6171748905406185,0.007470723376171689,0.0733088075213776,0.0,0.0,1.6121135109975693,False
1764338844.2028246,10.875232934951782,1.6280990895735616,0.00778380421511131,0.07330880754851815,0.0,0.0,1.6711080150890627,False
1764338844.2673633,10.93977165222168,1.6388411917981152,0.00810264416802517,0.07330880757420075,0.0,0.0,1.7291294057129651,False
1764338844.3303025,11.002710819244385,1.6523949997237921,0.00852048423109109,0.07330880760534006,0.0,0.0,1.8024318201461853,False
1764338844.397665,11.070073366165161,1.6642031878803978,0.008898658526928751,0.07330880763281902,0.0,0.0,1.8662155786351644,False
1764338844.4781916,11.150599956512451,1.6757869452426413,0.00928239963465702,0.07330880765891643,0.0,0.0,1.9284882536646124,False
1764338844.541946,11.214354276657104,1.6857452224885021,0.009622351372664378,0.07330880768057188,0.0,0.0,1.9818532474974861,False
1764338844.611091,11.283499240875244,1.6996820529446803,0.010113634923900132,0.07330880771187466,0.0,0.0,2.05568338205818,False
1764338844.6810849,11.353493213653564,1.7105897904315999,0.010510589142416983,0.0733088077353597,0.0,0.0,2.1125719465584507,False
1764338844.7773566,11.449764966964722,1.723933070043665,0.011010820222100811,0.07330880776355536,0.0,0.0,2.1811601140044363,False
1764338844.8574297,11.52983808517456,1.7369537948897267,0.01151420260636357,0.07330880779068653,0.0,0.0,2.246486137637166,False
1764338844.9706647,11.643073081970215,1.7534165741181906,0.01217164519386078,0.07330880782371943,0.0,0.0,2.3269222403555347,False
1764338845.0452204,11.717628717422485,1.763288374785499,0.012576844473299943,0.07330880784372333,0.0,0.0,2.373790227708407,False
1764338845.135486,11.807894229888916,1.776545414224743,0.013133536403579168,0.07330880786958333,0.0,0.0,2.4350287482748865,False
1764338845.2003508,11.872759103775024,1.7871212806850365,0.013587665924098989,0.07330880789081258,0.0,0.0,2.482197620081713,False
1764338845.2778203,11.950228691101074,1.7963157904118563,0.01398943287009468,0.07330880790879495,0.0,0.0,2.5216263383589212,False
1764338845.3470993,12.019507646560669,1.804206446218249,0.014339201270802137,0.07330880792385769,0.0,0.0,2.5543786554743084,False
1764338845.4135227,12.085931062698364,1.8119546620067344,0.014686980780168217,0.07330880793853348,0.0,0.0,2.585438541272463,False
1764338845.4856079,12.158016204833984,1.823849355142843,0.015228867132102092,0.07330880796035011,0.0,0.0,2.6309905995603433,False
1764338845.5607526,12.233160972595215,1.8322905307111368,0.015619047605472622,0.07330880797547516,0.0,0.0,2.661857253328205,False
1764338845.6237237,12.29613208770752,1.8395323994824349,0.01595734892366727,0.07330880798846738,0.0,0.0,2.6871722709678387,False
1764338845.732572,12.404980421066284,1.8536218973800598,0.01662439987487416,0.07330880801287228,0.0,0.0,2.733335192526878,False
1764338845.793227,12.465635299682617,1.8604740630547252,0.016952805593715644,0.07330880802461909,0.0,0.0,2.7543667120861373,False
1764338845.888679,12.561087369918823,1.8700432502174276,0.017415527648958862,0.07330880804063634,0.0,0.0,2.782147980837514,False
1764338845.9971507,12.669559001922607,1.882107901006161,0.01800530006067797,0.07330880806027493,0.0,0.0,2.8146188847345077,False
1764338846.077787,12.750195264816284,1.8902174239254408,0.018405434147332336,0.07330880807312529,0.0,0.0,2.834659497326544,False
1764338846.146294,12.818702459335327,1.8981339052468855,0.018798693483303697,0.07330880808536883,0.0,0.0,2.8529085363693754,True
1764338846.208875,12.881283283233643,1.9050112310632135,0.019142311123514538,0.07330880809588772,0.0,0.0,2.8675748769942904,False
1764338846.2700877,12.942496061325073,1.9100722609022796,0.01939626999011783,0.0733088081034784,0.0,0.0,2.877630137579566,False
1764338846.3432732,13.015681505203247,1.9166936300162702,0.01972982197598333,0.07330880811322012,0.0,0.0,2.8898906414674954,False
1764338846.4162774,13.088685750961304,1.924771140183178,0.02013855699029057,0.07330880812482127,0.0,0.0,2.9034033475393812,False
1764338846.4941235,13.166531801223755,1.9318561340782128,0.020498552054820613,0.07330880813474591,0.0,0.0,2.9138935469640814,False
1764338846.575126,13.247534275054932,1.9380101400902612,0.020812242553875253,0.07330880814324028,0.0,0.0,2.9220236065963108,False
1764338846.654232,13.326640367507935,1.9455140959476664,0.021195850620434102,0.07330880815347662,0.0,0.0,2.930662595908921,False
1764338846.7152197,13.387628078460693,1.9513692564907585,0.021495905912577943,0.07330880816128992,0.0,0.0,2.9364669937788554,False
1764338846.7890801,13.461488485336304,1.95709556593811,0.02178989309114331,0.07330880816878997,0.0,0.0,2.9413204463821465,False
1764338846.8558693,13.52827763557434,1.9620022514342073,0.022042154655164764,0.07330880817510567,0.0,0.0,2.944747832753627,False
1764338846.9200225,13.592430830001831,1.967493308664684,0.022324772837366644,0.07330880818205354,0.0,0.0,2.9478127710486097,False
1764338846.9852498,13.657658100128174,1.9735247686804327,0.02263549795430241,0.07330880818954173,0.0,0.0,2.950279942349477,False
1764338847.0599885,13.732396841049194,1.9787586755653648,0.022905310790956118,0.0733088081959203,0.0,0.0,2.951689286019096,False
1764338847.1351228,13.807531118392944,1.9838748232485797,0.02316914914557164,0.07330880820204999,0.0,0.0,2.9524357232557983,False
1764338847.1987324,13.871140718460083,1.9888764802754733,0.023427115477852433,0.07330880820782226,0.0,0.0,2.952484020971478,False
1764338847.2569733,13.929381608963013,1.993766522356734,0.02367931219975756,0.07330880821337753,0.0,0.0,2.9520157967126863,False
1764338847.3411076,14.013515949249268,1.9991366252054115,0.023956182268421777,0.07330880821937596,0.0,0.0,2.9507144743530076,False
1764338847.406925,14.079333305358887,2.003217778784437,0.024166495229826265,0.07330880822396807,0.0,0.0,2.9492019677366264,False
1764338847.4792302,14.151638507843018,2.0083426736076895,0.024430413377998707,0.07330880822964415,0.0,0.0,2.9466197972308237,False
1764338847.568705,14.241113424301147,2.014422700272321,0.0247431692313902,0.07330880823625507,0.0,0.0,2.9425953637496844,False
1764338847.6390588,14.311467170715332,2.0181882920788867,0.024936635727130705,0.07330880824028362,0.0,0.0,2.939591196728458,False
1764338847.7191901,14.391598463058472,2.023430336443877,0.025205602324125234,0.07330880824580922,0.0,0.0,2.9347690006108427,False
1764338847.8106496,14.483057975769043,2.0299650452115556,0.025540199610938133,0.07330880825514423,0.0,0.0,2.92704752113742,False
1764338847.896668,14.569076299667358,2.0342604703353557,0.025759580937496297,0.07330880826164637,0.0,0.0,2.920194940480529,False
1764338847.9710743,14.643482685089111,2.037914656897143,0.025945765566281167,0.07330880826814491,0.0,0.0,2.9130461373951335,False
1764338848.0509427,14.723351001739502,2.0426237021135556,0.02618490975680012,0.07330880827763446,0.0,0.0,2.9007520963301916,False
1764338848.1298919,14.802300214767456,2.0462025625381393,0.026365890248284674,0.07330880828474905,0.0,0.0,2.8887232409867982,False
1764338848.2154274,14.88783574104309,2.0495074198010803,0.026532264481401596,0.07330880829292036,0.0,0.0,2.8745403387731563,False
1764338848.2739706,14.946378946304321,2.051864030742918,0.02665033875280068,0.07330880829881481,0.0,0.0,2.8616780421525725,False
1764338848.3391004,15.011508703231812,2.054621570668336,0.02678774786275296,0.07330880830565566,0.0,0.0,2.8430246379063715,False
1764338848.4307885,15.103196859359741,2.057277189141789,0.026919100147347226,0.0733088083138849,0.0,0.0,2.818927127278556,False
1764338848.498563,15.170971393585205,2.0588586906993345,0.0269967175501193,0.07330880831873315,0.0,0.0,2.799784196414304,False
1764338848.5679004,15.24030876159668,2.0605442577631297,0.02707877170905185,0.0733088083244632,0.0,0.0,2.7724816802395233,False
1764338848.6309052,15.303313493728638,2.0616696371797874,0.027133020032539742,0.07330880832860362,0.0,0.0,2.7452098179413587,False
1764338848.7075722,15.379980564117432,2.062440672228598,0.0271698072788988,0.07330880833144592,0.0,0.0,2.7153269321036606,False
1764338848.788342,15.460750341415405,2.0628658202813606,0.02718986342116679,0.07330880833319861,0.0,0.0,2.6786179977570397,False
1764338848.8568316,15.529239892959595,2.0628070769453917,0.027187154413620355,0.07330880833301484,0.0,0.0,2.6429060581636725,False
1764338848.950201,15.622609376907349,2.0619437079388585,0.027147814508476052,0.07330880832938086,0.0,0.0,2.584457267094873,False
1764338849.018365,15.690773248672485,2.0608101636966354,0.02709709355851963,0.07330880832396164,0.0,0.0,2.541995062494612,False
1764338849.1006064,15.773014783859253,2.0589689660382735,0.027016212270424198,0.07330880831515349,0.0,0.0,2.4907906510706543,False
1764338849.1689134,15.84132170677185,2.056210744063708,0.026897749557510422,0.07330880830110914,0.0,0.0,2.4298731086700203,False
1764338849.2507021,15.923110485076904,2.053034619873668,0.026764646876708095,0.07330880828422698,0.0,0.0,2.370936689116729,False
1764338849.3419125,16.014320850372314,2.049200379860987,0.026608028246090976,0.07330880826405185,0.0,0.0,2.3084281234700503,False
1764338849.4007802,16.073188543319702,2.0452123225584193,0.026449337418928433,0.07330880824082932,0.0,0.0,2.2498196992872193,False
1764338849.4613569,16.13376522064209,2.0406575846718598,0.02627287472559691,0.07330880821471823,0.0,0.0,2.1883430783564544,False
1764338849.5297792,16.202187538146973,2.0362138279586,0.02610526194407871,0.07330880818960013,0.0,0.0,2.1324183290546546,False
1764338849.6227596,16.295167922973633,2.028343558592126,0.025818624403676785,0.07330880814229929,0.0,0.0,2.040497106127814,False
1764338849.707815,16.380223274230957,2.0193584408343384,0.025506198944006596,0.07330880808898016,0.0,0.0,1.9436060058841689,False
1764338849.7796006,16.452008962631226,2.012139469621444,0.025265875678695513,0.07330880804679961,0.0,0.0,1.87040706529968,False
1764338849.8749816,16.54738998413086,2.0023156230721018,0.024953230366842234,0.07330880799043886,0.0,0.0,1.7761740895718265,False
1764338849.9647975,16.637205839157104,1.9893892781664921,0.02456568539645718,0.07330880791914675,0.0,0.0,1.659635185990752,False
1764338850.0505874,16.72299575805664,1.977710078260834,0.02423748021261524,0.07330880785769482,0.0,0.0,1.560635831736928,False
1764338850.1187358,16.791144132614136,1.9690628057063193,0.02400720751727457,0.07330880781367599,0.0,0.0,1.490569042983537,False
1764338850.1867566,16.85916495323181,1.9573957376578819,0.023712929168700155,0.07330880775670082,0.0,0.0,1.3998930393503046,False
1764338850.2479987,16.92040705680847,1.9465268648205303,0.023455036015917606,0.07330880770564535,0.0,0.0,1.3191269144038975,False
1764338850.315386,16.987794399261475,1.9366454498952113,0.02323363455348246,0.073308807660773,0.0,0.0,1.2483469571991754,False
1764338850.406742,17.079150438308716,1.9219537530796469,0.02292654455304755,0.0733088075972891,0.0,0.0,1.1473801064023792,False
1764338850.4655254,17.1379337310791,1.9097352913110848,0.02269045161341144,0.07330880754687008,0.0,0.0,1.067054244942495,False
1764338850.5632524,17.235660791397095,1.8939074910904887,0.022409548850443314,0.07330880748459498,0.0,0.0,0.9671657310642355,False
1764338850.6454406,17.317848920822144,1.8791640309293196,0.022172161889930774,0.07330880743013242,0.0,0.0,0.8784281172304509,False
1764338850.7090156,17.381423950195312,1.8639740339544606,0.02195092372816315,0.0733088073767037,0.0,0.0,0.7910765916633532,False
1764338850.798507,17.4709153175354,1.8430688119475833,0.021683300562627142,0.07330880730875802,0.0,0.0,0.6771122321908107,False
1764338850.8637223,17.536130666732788,1.830554304275269,0.021542498812761438,0.07330880727061903,0.0,0.0,0.6125249889789427,False
1764338850.9210842,17.59349250793457,1.8196492592969706,0.02143111058568625,0.07330880723863453,0.0,0.0,0.5581938212679914,False
1764338851.0097697,17.682178020477295,1.797377447688516,0.021234803182824974,0.07330880717857355,0.0,0.0,0.4533026080583937,False
1764338851.0782883,17.750696659088135,1.7822107587619203,0.021123701541220643,0.07330880714031655,0.0,0.0,0.3866947719564292,False
1764338851.141882,17.814290285110474,1.7706771907250023,0.021050759827889818,0.07330880711246811,0.0,0.0,0.33830485313503195,False
1764338851.2135987,17.886007070541382,1.7551043406690503,0.020967316213624847,0.07330880707853482,0.0,0.0,0.2763822012670037,False
1764338851.2958362,17.968244552612305,1.7333542250149236,0.0208778174681261,0.07330880703387342,0.0,0.0,0.19628644433494827,False
1764338851.3893533,18.061761617660522,1.711237879635927,0.020816706830760576,0.07330880699160233,0.0,0.0,0.12133558838165398,False
1764338851.4586434,18.131051778793335,1.696984932318328,0.020792205298658842,0.07330880696593654,0.0,0.0,0.07600538001353822,False
1764338851.5239387,18.19634699821472,1.6805350392381915,0.020777591556198793,0.07330880693776429,0.0,0.0,0.026215289700460498,False
1764338851.5911176,18.26352596282959,1.6618346317709547,0.020777875636193516,0.07330880690752585,0.0,0.0,359.9725220415085,False
1764338851.6537988,18.326207160949707,1.6471551967308395,0.02079010212840632,0.07330880688505181,0.0,0.0,359.9322938879406,False
1764338851.7222826,18.394690990447998,1.6323639750052155,0.02081264706331376,0.07330880686347238,0.0,0.0,359.89328169828707,False
1764338851.8001962,18.472604513168335,1.611050186610267,0.02086243926274684,0.07330880683415737,0.0,0.0,359.839454669294,False
1764338851.8821354,18.5545437335968,1.589533692864462,0.020932534179595126,0.07330880680656625,0.0,0.0,359.7876253809382,False
1764338851.9482691,18.62067747116089,1.5743589654559291,0.02099346826096404,0.0733088067882431,0.0,0.0,359.752403826077,False
1764338852.0375688,18.70997714996338,1.5525291166403987,0.021097192026455845,0.07330880676343014,0.0,0.0,359.7034355090199,False
1764338852.1003356,18.772743940353394,1.5327388659163663,0.02120706845601556,0.07330880674241746,0.0,0.0,359.66057806172,True
1764338852.1746066,18.847014904022217,1.515040667559231,0.02131769003163854,0.07330880672474502,0.0,0.0,359.6233428440387,False
1764338852.266632,18.939040422439575,1.4994768970254682,0.02142436525616144,0.07330880671002783,0.0,0.0,359.59136145523007,False
1764338852.3274734,18.999881744384766,1.4748817302487591,0.021610406452311166,0.07330880668824666,0.0,0.0,359.5421170182833,False
1764338852.3918893,19.064297676086426,1.4568950570541317,0.02175968214088829,0.07330880667339226,0.0,0.0,359.50699831711717,False
1764338852.4513183,19.12372660636902,1.443353468022618,0.02187928266462815,0.07330880666277208,0.0,0.0,359.4810045357461,False
1764338852.5159345,19.188342809677124,1.4275018912834483,0.022027031523508173,0.07330880665092396,0.0,0.0,359.45102038964944,False
1764338852.5959902,19.26839852333069,1.4025110627157147,0.022276591118581237,0.07330880664270392,0.0,0.0,359.4050944098666,False
1764338852.693423,19.36583137512207,1.3774830319146496,0.02254607694192927,0.07330880663814263,0.0,0.0,359.36147682761214,False
1764338852.7875466,19.459954977035522,1.3547259605860718,0.022807245961389867,0.07330880664642345,0.0,0.0,359.3239351549474,False
1764338852.8521597,19.5245680809021,1.334340286576653,0.023053375878030757,0.07330880666301569,0.0,0.0,359.2930168306283,False
1764338852.9400485,19.612456798553467,1.3118034674436228,0.023337731395478765,0.07330880668010568,0.0,0.0,359.261682390001,False
1764338853.0003605,19.67276883125305,1.2983611269241522,0.023512992983332367,0.07330880670268057,0.0,0.0,359.244641577114,False
1764338853.0646098,19.73701810836792,1.2828024076812825,0.02372056012619198,0.07330880672983517,0.0,0.0,359.2270600727468,False
1764338853.143354,19.815762281417847,1.258607522042669,0.02405203016660397,0.07330880676939124,0.0,0.0,359.20395073557734,False
1764338853.220978,19.893386363983154,1.2412451717679218,0.024295328135157883,0.07330880681417315,0.0,0.0,359.19105581314176,False
1764338853.3281841,20.000592470169067,1.2156774223141213,0.024659284993410795,0.07330880687849545,0.0,0.0,359.17920133674954,False
1764338853.4097161,20.08212447166443,1.194838043026086,0.024958606973200525,0.07330880694566856,0.0,0.0,359.17616172997543,False
1764338853.4695458,20.14195418357849,1.180551840867008,0.025163851060591158,0.07330880699188336,0.0,0.0,359.17819441508897,False
1764338853.564006,20.236414432525635,1.1546493507595017,0.025533114318276633,0.0733088070777625,0.0,0.0,359.1901225039343,False
1764338853.6365116,20.30891990661621,1.137278538558125,0.025776513224817492,0.07330880714643473,0.0,0.0,359.2053773826804,False
1764338853.7423108,20.414719104766846,1.1166909823004398,0.026057607924464918,0.07330880722547242,0.0,0.0,359.2315866494771,False
1764338853.8042386,20.476646900177002,1.102209363624023,0.026248832210935477,0.07330880729188036,0.0,0.0,359.25633913705406,False
1764338853.868106,20.54051423072815,1.088165200626526,0.02642760026281375,0.07330880735341169,0.0,0.0,359.28602021363133,False
1764338853.9709456,20.643353939056396,1.0695395790407767,0.02665217623472403,0.07330880743622749,0.0,0.0,359.33403568494214,False
1764338854.0379753,20.710383653640747,1.0581671554274654,0.026780985298463317,0.07330880749785214,0.0,0.0,359.3688423963724,False
1764338854.1249828,20.797391176223755,1.0395874153853675,0.02697516768282845,0.07330880759365646,0.0,0.0,359.435656096055,False
1764338854.1979487,20.870357036590576,1.0264756577134773,0.027098209865537737,0.0733088076819002,0.0,0.0,359.4897618413208,False
1764338854.2768018,20.949210166931152,1.015550051226054,0.027190929017590015,0.07330880775764798,0.0,0.0,359.538349434183,False
1764338854.35554,21.0279483795166,1.0040733080474427,0.027277972015361033,0.07330880784391755,0.0,0.0,359.5931081487171,False
1764338854.436042,21.108450412750244,0.9914729886805038,0.027360639384723842,0.07330880795436169,0.0,0.0,359.65543722551797,False
1764338854.52996,21.20236825942993,0.9813923978010829,0.02741673495122426,0.07330880803949835,0.0,0.0,359.70728417165714,False
1764338854.5944116,21.266819953918457,0.9751705269173055,0.0274467444925342,0.07330880810438384,0.0,0.0,359.7399346255562,False
1764338854.6518853,21.324293613433838,0.9697397068842183,0.027470059011429095,0.07330880816159056,0.0,0.0,359.7680877169552,False
1764338854.7277818,21.400190114974976,0.963897187221822,0.027492168771141242,0.07330880822205323,0.0,0.0,359.79829254030926,False
1764338854.7949305,21.467338800430298,0.9598597455329747,0.02750566032283752,0.07330880827153999,0.0,0.0,359.81844651257154,False
1764338854.8684194,21.540827751159668,0.9565037462554193,0.027515856241746683,0.07330880831325479,0.0,0.0,359.8328673884956,False
1764338854.929434,21.601842403411865,0.9552617597531727,0.027519435077614705,0.0733088083287887,0.0,0.0,359.8365618650947,False
1764338855.0078638,21.680272102355957,0.9549228111424204,0.02752040171861358,0.07330880833333556,0.0,0.0,359.8358872567809,False
1764338855.0900316,21.762439966201782,0.9556780183898989,0.027518184825831255,0.0733088083247075,0.0,0.0,359.8289067381705,False
1764338855.1808906,21.853298902511597,0.9590361586016046,0.02750756770710602,0.07330880828468701,0.0,0.0,359.8095793954032,False
1764338855.267113,21.939521312713623,0.9638682869388812,0.027490488007824436,0.07330880822734734,0.0,0.0,359.785808145389,False
1764338855.355299,22.02770733833313,0.9705195117914017,0.027463867815535843,0.07330880814960006,0.0,0.0,359.75595956537217,False
1764338855.4283836,22.100791931152344,0.9789512393332713,0.027425336175991143,0.07330880805321818,0.0,0.0,359.72076371938397,False
1764338855.495662,22.168070316314697,0.986946665386273,0.02738414962904831,0.07330880796411383,0.0,0.0,359.6891913494759,False
1764338855.584881,22.25728940963745,0.9972316455106678,0.02732485148804139,0.07330880785274463,0.0,0.0,359.6504385054404,False
1764338855.6638308,22.336239099502563,1.0102085048217126,0.027240355694114107,0.07330880771733284,0.0,0.0,359.60379984648813,False
1764338855.7460935,22.41850185394287,1.0262881387374525,0.027121366650910434,0.07330880755718044,0.0,0.0,359.5486666765113,False
1764338855.8083515,22.480759859085083,1.0341971919483997,0.027057246329843142,0.0733088074814003,0.0,0.0,359.52241948728033,False
1764338855.89408,22.56648826599121,1.0510914113826544,0.026908341649834768,0.07330880732587707,0.0,0.0,359.46793396915297,False
1764338855.9651916,22.63759994506836,1.0712541635253403,0.026710002023670968,0.07330880715107535,0.0,0.0,359.40525351539316,False
1764338856.0344565,22.706864833831787,1.086898747250788,0.026541132785416772,0.07330880702311668,0.0,0.0,359.35807129357255,False
1764338856.1032827,22.775691032409668,1.1012288764950524,0.026375270455200824,0.07330880691148943,0.0,0.0,359.3158002956042,False
1764338856.1959596,22.868367910385132,1.1248882289446958,0.026078599936871522,0.07330880673822252,0.0,0.0,359.2477088112299,False
1764338856.2795105,22.951918840408325,1.1498496051836886,0.02573554629364348,0.07330880656935156,0.0,0.0,359.1778174977964,False
1764338856.348856,23.02126431465149,1.1663651024870236,0.025491988899096776,0.07330880646495135,0.0,0.0,359.13251358816444,False
1764338856.4107978,23.083206176757812,1.183340762145176,0.025228134789828088,0.07330880636335596,0.0,0.0,359.08663135693615,False
1764338856.4933436,23.165751934051514,1.2108867892644533,0.02477132900751342,0.07330880621004168,0.0,0.0,359.01347998804755,False
1764338856.5593605,23.23176884651184,1.2315421900449324,0.024405903969776765,0.07330880610381267,0.0,0.0,358.959556972129,False
1764338856.6181715,23.290579795837402,1.247353987376459,0.024113102896224748,0.07330880602721246,0.0,0.0,358.91875626743723,False
1764338856.6798146,23.35222291946411,1.2634248762374245,0.023804016600686397,0.07330880595331768,0.0,0.0,358.8776735040674,False
1764338856.7589598,23.431368112564087,1.2907494429264683,0.023252198468466934,0.07330880583627503,0.0,0.0,358.8086313579914,False
1764338856.8223612,23.49476957321167,1.315876792486302,0.022715864433233195,0.073308805737516,0.0,0.0,358.7459448356166,False
1764338856.8835316,23.55593991279602,1.3357439947486847,0.02227242917737892,0.07330880566499273,0.0,0.0,358.6968671771535,False
1764338856.954901,23.627309322357178,1.3558748394225046,0.021805813002846907,0.07330880559617349,0.0,0.0,358.6475345711703,False
1764338857.0357754,23.708183765411377,1.3850571640690967,0.021098747041111327,0.07330880550414726,0.0,0.0,358.5766600731947,False
1764338857.1179347,23.790343046188354,1.4176844144511884,0.020265668557128493,0.07330880541117593,0.0,0.0,358.49821633388484,False
1764338857.194068,23.86647629737854,1.4387093839360077,0.019705238298931237,0.07330880535633313,0.0,0.0,358.4480644713203,False
1764338857.2701771,23.942585468292236,1.462967011860518,0.01903582924329197,0.07330880529758993,0.0,0.0,358.39054941873934,False
1764338857.3352294,24.00763773918152,1.4874509407532146,0.01833553804509864,0.07330880524286157,0.0,0.0,358.3328422671419,False
1764338857.3951294,24.067537784576416,1.5121435669460592,0.01760435016362244,0.07330880519195179,0.0,0.0,358.27496171106526,False
1764338857.4581482,24.13055658340454,1.5339079063574441,0.01693922080860285,0.07330880515038118,0.0,0.0,358.2241872860716,False
1764338857.5372705,24.209678888320923,1.5589486050525754,0.01615013477618985,0.07330880510609229,0.0,0.0,358.1660257855881,False
1764338857.5988748,24.27128314971924,1.5841539858702018,0.015330219078130975,0.07330880506504772,0.0,0.0,358.10773509658134,False
1764338857.6631348,24.335543155670166,1.6126904681831453,0.014371028160373493,0.07330880502250706,0.0,0.0,358.04201925629087,False
1764338857.7276766,24.400084972381592,1.6350069054620346,0.013598118021609155,0.07330880499191358,0.0,0.0,357.9908152185562,False
1764338857.804847,24.47725534439087,1.6606308836095682,0.012686067450730157,0.07330880495944843,0.0,0.0,357.9322076226398,False
1764338857.878769,24.551177263259888,1.6895977476983393,0.011623481177047158,0.07330880492589922,0.0,0.0,357.86617197331725,False
1764338857.963397,24.635805368423462,1.7251758552752956,0.010272718207790722,0.07330880489768986,0.0,0.0,357.7854425665977,False
1764338858.0318563,24.704264640808105,1.7478537228695583,0.009385690073258238,0.07330880489453578,0.0,0.0,357.73481037735564,False
1764338858.0981727,24.770581007003784,1.77054077769397,0.00847837561033106,0.07330880489161395,0.0,0.0,357.6849378517812,True
1764338858.1624274,24.83483576774597,1.7964701447912232,0.007417372003727231,0.07330880489870999,0.0,0.0,357.6289578837713,False
1764338858.25241,24.92481827735901,1.8352324709936705,0.005785103597024084,0.07330880492960404,0.0,0.0,357.54931123772354,False
1764338858.3200893,24.99249768257141,1.8577657662183888,0.004811969766746917,0.07330880494583493,0.0,0.0,357.50520311369,False
1764338858.385409,25.057817459106445,1.8802266471365479,0.003824984616053494,0.07330880497527459,0.0,0.0,357.46296669760454,False
1764338858.4520955,25.12450385093689,1.9089440919174625,0.0025396552647528408,0.07330880501595283,0.0,0.0,357.4121599886195,False
1764338858.534738,25.207146406173706,1.9406564511091466,0.0010916755544252029,0.0733088050566178,0.0,0.0,357.35987304967375,False
1764338858.614066,25.286474227905273,1.9658525424726911,-7.873008234953655e-05,0.07330880510632279,0.0,0.0,357.32155181431233,False
1764338858.7076402,25.380048513412476,2.0032884089782788,-0.0018470077518424593,0.07330880517609031,0.0,0.0,357.27094759055694,False
1764338858.7959657,25.468374013900757,2.034162762872612,-0.0033287299293375612,0.07330880524278996,0.0,0.0,357.2347184623773,False
1764338858.8584878,25.530896186828613,2.055564112518535,-0.00436658181171861,0.07330880529149018,0.0,0.0,357.2129926460117,False
1764338858.9189975,25.591405868530273,2.079822572262923,-0.005552171503816464,0.07330880534268942,0.0,0.0,357.19153093511505,False
1764338858.9822028,25.654611110687256,2.106854749920914,-0.006883174628223925,0.0733088054083274,0.0,0.0,357.1715371458706,False
1764338859.0608368,25.733245134353638,2.1276640767048765,-0.007913603453463643,0.07330880545946511,0.0,0.0,357.159213313798,False
1764338859.1425753,25.8149836063385,2.1600101219247585,-0.0095229670463019,0.07330880553464841,0.0,0.0,357.1449904379507,False
1764338859.2173438,25.88975214958191,2.186130123089666,-0.010827352248189636,0.07330880560394117,0.0,0.0,357.1379285337576,False
1764338859.2817554,25.954163789749146,2.2062275579512947,-0.011832659820979877,0.0733088056533988,0.0,0.0,357.1351447030509,False
1764338859.344965,26.01737332344055,2.226146886183757,-0.012829649485998795,0.07330880570086461,0.0,0.0,357.1344825197379,False
1764338859.4112659,26.08367419242859,2.251480081479095,-0.014097490059847227,0.07330880576572874,0.0,0.0,357.1357522606689,False
1764338859.4872563,26.159664630889893,2.2765105063963227,-0.015349181342624273,0.07330880582476437,0.0,0.0,357.13896084648627,False
1764338859.559675,26.232083320617676,2.2957847389568564,-0.016311840846141446,0.07330880586701785,0.0,0.0,357.1426325732608,False
1764338859.6466508,26.319059133529663,2.3230118645625373,-0.017669361031237608,0.07330880593390587,0.0,0.0,357.1487612854184,False
1764338859.7144842,26.386892557144165,2.344535840775846,-0.018740375520975915,0.07330880598251802,0.0,0.0,357.1540178847449,False
1764338859.7759912,26.448399543762207,2.368486018442416,-0.019929725474075302,0.073308806038573,0.0,0.0,357.16008726533687,False
1764338859.8390725,26.511480808258057,2.3869130539811936,-0.020843094957633933,0.07330880608077332,0.0,0.0,357.1645937557379,False
1764338859.8977437,26.570152044296265,2.402575540127333,-0.02161830933023218,0.07330880611468302,0.0,0.0,357.1683076243355,False
1764338859.9679859,26.64039421081543,2.4232757166836034,-0.022641336824552945,0.07330880616008204,0.0,0.0,357.1729397542377,False
1764338860.0417595,26.714167833328247,2.448846866523341,-0.02390301622468874,0.07330880621547858,0.0,0.0,357.1774744475854,False
1764338860.1043355,26.77674388885498,2.4665571347087494,-0.024775789725336343,0.0733088062512017,0.0,0.0,357.17984547250956,False
1764338860.1641023,26.83651065826416,2.4816187079867054,-0.02551752323396161,0.07330880628184672,0.0,0.0,357.1813522518617,False
1764338860.248327,26.920735359191895,2.5064711848455956,-0.026740831695690227,0.07330880633178335,0.0,0.0,357.18233275516786,False
1764338860.3295279,27.001936197280884,2.5334708056449884,-0.028069768247184233,0.07330880638160109,0.0,0.0,357.18161360258654,False
1764338860.415563,27.087971448898315,2.555309033576295,-0.029145217425217456,0.07330880642213222,0.0,0.0,357.1795081990841,False
1764338860.495012,27.167420387268066,2.57692468336397,-0.0302107600739162,0.07330880645979432,0.0,0.0,357.17605989216605,False
1764338860.5685668,27.24097514152527,2.598331965318767,-0.031267551617988956,0.07330880649572229,0.0,0.0,357.17139147562705,False
1764338860.6471498,27.319558143615723,2.621867639130471,-0.03243178334873638,0.07330880653629494,0.0,0.0,357.16442666370745,False
1764338860.7094052,27.381813526153564,2.635866615051984,-0.03312576800725431,0.07330880655897624,0.0,0.0,357.15935517134557,False
1764338860.7789462,27.451354503631592,2.654395072725796,-0.03404636439177633,0.07330880658874683,0.0,0.0,357.15153790364894,False
1764338860.8495324,27.5219407081604,2.6773384997894603,-0.03519022503270918,0.07330880662402808,0.0,0.0,357.13977614477113,False
1764338860.9120955,27.584503889083862,2.693263670281343,-0.03598716737310207,0.0733088066469982,0.0,0.0,357.13034267137436,False
1764338860.971159,27.643567323684692,2.7068284097110724,-0.03666815649573411,0.0733088066666974,0.0,0.0,357.1215462546388,False
1764338861.051166,27.72357439994812,2.727027359296902,-0.03768626306624395,0.07330880669510441,0.0,0.0,357.1072425387941,False
1764338861.1328466,27.80525493621826,2.751487968426161,-0.03892630603288521,0.07330880672707249,0.0,0.0,357.08814212663395,False
1764338861.203369,27.87577724456787,2.7691286944857842,-0.03982589184705143,0.07330880674942913,0.0,0.0,357.07315386787064,False
1764338861.2624002,27.934808492660522,2.7822796846166384,-0.040499626583052784,0.07330880676534074,0.0,0.0,357.0612710316566,False
1764338861.3279798,28.000388145446777,2.799713702304065,-0.04139712263091446,0.07330880678540162,0.0,0.0,357.04464836887104,False
1764338861.3909152,28.063323497772217,2.819190756399859,-0.042405972183114836,0.0733088068084309,0.0,0.0,357.0249920744684,False
1764338861.4736407,28.14604902267456,2.8385251209580433,-0.04341423619004185,0.07330880683006007,0.0,0.0,357.00444029826156,False
1764338861.5404294,28.21283769607544,2.8534699335589835,-0.04419845075182183,0.07330880684586193,0.0,0.0,356.9878992385288,False
1764338861.6032028,28.27561116218567,2.870452568315426,-0.04509495675236167,0.07330880686381418,0.0,0.0,356.9683244243578,False
1764338861.6645865,28.336994886398315,2.887334916808696,-0.045992063815726264,0.07330880688067257,0.0,0.0,356.9480097282725,False
1764338861.7280173,28.400425672531128,2.9020289469077762,-0.04677786043388612,0.07330880689460359,0.0,0.0,356.92968421496226,False
1764338861.7894154,28.46182370185852,2.9145673810870854,-0.04745216422976574,0.07330880690654262,0.0,0.0,356.91354741445963,False
1764338861.8519073,28.52431559562683,2.929130405520432,-0.048239873062521366,0.07330880691990543,0.0,0.0,356.89416055829656,False
1764338861.9466257,28.61903405189514,2.9539413049498684,-0.049593547306904566,0.07330880694124986,0.0,0.0,356.8596626238331,False
1764338862.0102913,28.68269968032837,2.970374046488406,-0.05049851978420322,0.07330880695627531,0.0,0.0,356.835884691215,False
1764338862.0796857,28.75209403038025,2.984681365245358,-0.05129208622068377,0.07330880696867435,0.0,0.0,356.8146319721257,False
1764338862.1508818,28.8232901096344,3.002983747095511,-0.052315106578946495,0.07330880698370942,0.0,0.0,356.7867535832686,False
1764338862.2210674,28.893475770950317,3.0211874000876273,-0.05334158474011477,0.07330880699779327,0.0,0.0,356.7583154058258,False
1764338862.2927592,28.96516752243042,3.0372901515554753,-0.05425723237728281,0.0733088070095689,0.0,0.0,356.7326164670958,False
1764338862.3637195,29.03612780570984,3.0513227229965105,-0.055061122581701614,0.07330880701933502,0.0,0.0,356.7098368621462,False
1764338862.4283895,29.10079789161682,3.065304286250977,-0.055867698782111314,0.07330880702862821,0.0,0.0,356.6868082849354,False
1764338862.5012293,29.173637628555298,3.087177682762388,-0.05714095863503822,0.07330880704233755,0.0,0.0,356.6501681771188,False
1764338862.562786,29.235194444656372,3.103013085573437,-0.058071571207951936,0.07330880705256834,0.0,0.0,356.6232130653568,False
1764338862.657085,29.329493284225464,3.1187827748649375,-0.05900579717119537,0.07330880706303398,0.0,0.0,356.596041807246,False
1764338862.7173202,29.389728546142578,3.136448070822527,-0.06006128918251449,0.07330880707413165,0.0,0.0,356.5652439404613,False
1764338862.7791445,29.451552867889404,3.1559875331153773,-0.061239930329454066,0.07330880708567972,0.0,0.0,356.53076925657234,False
1764338862.8383756,29.510783910751343,3.1696126192268888,-0.06206882555970753,0.07330880709330495,0.0,0.0,356.5064941622149,False
1764338862.9290595,29.601467847824097,3.187070409984909,-0.06313939291652303,0.0733088071025896,0.0,0.0,356.47512867019,False
1764338862.9903657,29.662774085998535,3.200602303323374,-0.0639758305471116,0.07330880711009768,0.0,0.0,356.45070658919605,False
1764338863.0573328,29.729741096496582,3.2179400859469984,-0.06505597646177794,0.07330880711934937,0.0,0.0,356.4194457682631,False
1764338863.141957,29.81436538696289,3.2371287629906447,-0.06626249982919986,0.07330880712912766,0.0,0.0,356.38487970538205,False
1764338863.1991334,29.871541738510132,3.24860355602907,-0.06698954241974796,0.07330880713523719,0.0,0.0,356.3643168777696,False
1764338863.2761433,29.948551654815674,3.2657619408756933,-0.0680843786386905,0.07330880714396071,0.0,0.0,356.33380949609716,False
1764338863.3572185,30.029626846313477,3.286650206508882,-0.06942953081060338,0.07330880715393767,0.0,0.0,356.2970143105145,False
1764338863.4434874,30.115895748138428,3.3036765701670614,-0.07053591122122452,0.07330880716157843,0.0,0.0,356.2672645836668,False
1764338863.518382,30.19079041481018,3.318765443443624,-0.07152379063373056,0.07330880716800153,0.0,0.0,356.2410585986964,False
1764338863.5758138,30.24822211265564,3.3338117069407227,-0.07251575897008525,0.07330880717473959,0.0,0.0,356.2151353952927,False
1764338863.6633968,30.3358051776886,3.3525578235065785,-0.07376114410185483,0.07330880718290636,0.0,0.0,356.1833071101875,False
1764338863.7321985,30.404606819152832,3.3656412686191834,-0.07463649391249039,0.0733088071883152,0.0,0.0,356.16137235860583,False
1764338863.7977803,30.4701886177063,3.380551892648813,-0.07564017697561054,0.07330880719566252,0.0,0.0,356.1368304633579,True
1764338863.8737311,30.54613947868347,3.3991226207195235,-0.07689905819879936,0.07330880720451854,0.0,0.0,356.1072142376835,False
1764338863.9543884,30.62679672241211,3.415775360407481,-0.07803599906392099,0.07330880721225999,0.0,0.0,356.08145833958383,False
1764338864.0168686,30.689276933670044,3.426842552314607,-0.0787957116694185,0.07330880721816892,0.0,0.0,356.06471727263477,False
1764338864.077126,30.749534368515015,3.439717779921569,-0.07968358884267969,0.07330880722478794,0.0,0.0,356.04558459021564,False
1764338864.1595595,30.83196783065796,3.4598707952782464,-0.08108190830981919,0.07330880723794117,0.0,0.0,356.0163704002097,False
1764338864.2474282,30.91983652114868,3.478026104696156,-0.08235016485764876,0.0733088072608325,0.0,0.0,355.99212008348985,False
1764338864.310428,30.98283624649048,3.490623357073223,-0.08323451516741821,0.0733088072759207,0.0,0.0,355.9766970517151,False
1764338864.369596,31.042004346847534,3.5048955574155,-0.08424039624293644,0.07330880729943548,0.0,0.0,355.9607773572994,False
1764338864.4463854,31.118793725967407,3.5207375404672674,-0.08536121061786171,0.07330880732845665,0.0,0.0,355.94587221065376,False
1764338864.5085173,31.180925607681274,3.5311760763315903,-0.0861018314116322,0.07330880734676756,0.0,0.0,355.93757454010455,False
1764338864.578951,31.251359224319458,3.5449303854055256,-0.08707982341270114,0.07330880737678953,0.0,0.0,355.9285748691857,False
1764338864.643033,31.315441370010376,3.56012929778861,-0.08816265883176218,0.073308807412408,0.0,0.0,355.92173310348505,False
1764338864.7079582,31.380366563796997,3.573402988306285,-0.08910951037392416,0.07330880744208762,0.0,0.0,355.9183144253566,False
1764338864.7667341,31.43914246559143,3.5832138361124453,-0.08980971735371922,0.07330880746572721,0.0,0.0,355.9172542950373,False
1764338864.8475602,31.519968509674072,3.5976688145368163,-0.09084145140844835,0.07330880750237546,0.0,0.0,355.917974438095,False
1764338864.9125142,31.584922552108765,3.6118193911719616,-0.09185096495847439,0.07330880753660057,0.0,0.0,355.92119888704076,False
1764338864.9967237,31.669131994247437,3.6271881553202063,-0.09294613582115736,0.0733088075756091,0.0,0.0,355.92719357496514,False
1764338865.0783699,31.750778198242188,3.639202974500527,-0.09380101598127026,0.07330880760584252,0.0,0.0,355.93328437988856,False
1764338865.139476,31.81188440322876,3.6495190704353027,-0.09453391419063084,0.0733088076308629,0.0,0.0,355.9394506134074,False
1764338865.203982,31.87639045715332,3.6624990816555245,-0.09545439531941056,0.07330880766575681,0.0,0.0,355.94791009885114,False
1764338865.2970097,31.969418048858643,3.6779269262848313,-0.09654588738731221,0.073308807705216,0.0,0.0,355.95853203771816,False
1764338865.382696,32.05510425567627,3.6902011583844345,-0.09741216745116599,0.0733088077373421,0.0,0.0,355.96731149495963,False
1764338865.458315,32.13072323799133,3.7021470612253227,-0.09825347281641268,0.07330880776889101,0.0,0.0,355.97570565045646,False
1764338865.5248225,32.19723081588745,3.7137745893892418,-0.09907068421659256,0.07330880779842941,0.0,0.0,355.983713638307,False
1764338865.5914724,32.26388072967529,3.722599053141959,-0.09968981350880728,0.07330880782203052,0.0,0.0,355.98954853183614,False
1764338865.6532853,32.32569360733032,3.731222249265074,-0.10029398896249227,0.07330880784508773,0.0,0.0,355.9947246234909,False
1764338865.7196841,32.39209246635437,3.7408375407652104,-0.1009668007782113,0.07330880787003714,0.0,0.0,355.99989389050404,False
1764338865.8099775,32.482385873794556,3.754776151583406,-0.10194072775093024,0.07330880790783877,0.0,0.0,356.0059189335414,False
1764338865.8684728,32.54088115692139,3.7615235124578454,-0.10241171871040186,0.07330880792578257,0.0,0.0,356.0080326449035,False
1764338865.9359546,32.608362913131714,3.7692139658682984,-0.10294827665352935,0.0733088079457541,0.0,0.0,356.00981543290175,False
1764338866.0158257,32.688234090805054,3.779852731721134,-0.10369025962460941,0.07330880797486326,0.0,0.0,356.0107534035916,False
1764338866.080951,32.75335931777954,3.7890787163482194,-0.10433369944474108,0.07330880799925432,0.0,0.0,356.0100316331632,False
1764338866.1549811,32.82738947868347,3.79700952182002,-0.10488699586356395,0.07330880802005293,0.0,0.0,356.0081723209829,False
1764338866.2286222,32.90103054046631,3.8046795095724506,-0.1054224296410165,0.07330880804072647,0.0,0.0,356.0050368608803,False
1764338866.3055918,32.97800016403198,3.8139039868630746,-0.10606708240907267,0.0733088080649065,0.0,0.0,355.9993892767325,False
1764338866.3772168,33.04962515830994,3.8218665214332437,-0.10662440488707746,0.07330880808597755,0.0,0.0,355.99271926477877,False
1764338866.4630358,33.13544416427612,3.8295003592339265,-0.10715973438762097,0.07330880810621762,0.0,0.0,355.98423216811557,False
1764338866.5347836,33.207191944122314,3.836015351655251,-0.10761760505786669,0.07330880812309391,0.0,0.0,355.975284289103,False
1764338866.5980234,33.27043175697327,3.8430354793576966,-0.10811223904665147,0.07330880814211024,0.0,0.0,355.96360167633594,False
1764338866.6663198,33.338728189468384,3.848999262093259,-0.10853367658455844,0.07330880815790046,0.0,0.0,355.9518038710311,False
1764338866.7567306,33.42913889884949,3.8554037621605937,-0.10898774250691531,0.07330880817465688,0.0,0.0,355.9370890674585,False
1764338866.820183,33.492591381073,3.8608245446217597,-0.10937345636707524,0.0733088081889416,0.0,0.0,355.92256702118505,False
1764338866.8953354,33.56774377822876,3.867244133623506,-0.10983217363945137,0.07330880820553229,0.0,0.0,355.90256605658936,False
1764338866.988819,33.661227226257324,3.873273419425491,-0.11026521439996653,0.07330880822107351,0.0,0.0,355.88070578701746,False
1764338867.0495331,33.72194147109985,3.8772599807529677,-0.11055288782950087,0.07330880823135344,0.0,0.0,355.86431570849936,False
1764338867.1297321,33.80214047431946,3.883140527065378,-0.11097947033597373,0.07330880824627459,0.0,0.0,355.8369272776407,False
1764338867.2122738,33.884682178497314,3.8876065193131106,-0.11130545246208126,0.07330880825754277,0.0,0.0,355.81311861571385,False
1764338867.297316,33.96972441673279,3.8917642991741705,-0.11161071846546963,0.07330880826789854,0.0,0.0,355.7880969977324,False
1764338867.3554537,34.02786207199097,3.895204476313001,-0.1118647547918757,0.07330880827640417,0.0,0.0,355.7649311233883,False
1764338867.4331348,34.10554313659668,3.89916735904102,-0.11215923546022012,0.07330880828616053,0.0,0.0,355.7347369223097,False
1764338867.512965,34.185373306274414,3.9020703697239756,-0.11237637079177781,0.07330880829322878,0.0,0.0,355.7096756336269,False
1764338867.6022096,34.27461791038513,3.905371923382958,-0.11262497003616224,0.073308808301031,0.0,0.0,355.67735493490164,False
1764338867.6776175,34.35002589225769,3.908318786314314,-0.11284855709007596,0.07330880830789395,0.0,0.0,355.64407080018236,False
1764338867.7388382,34.41124653816223,3.910423299664239,-0.1130093552215087,0.07330880831275643,0.0,0.0,355.61682827508145,False
1764338867.8247414,34.49714970588684,3.9125263345645815,-0.11317111463573241,0.07330880831751664,0.0,0.0,355.58569369134256,False
1764338867.8901687,34.56257700920105,3.9137745540958764,-0.11326769932860094,0.07330880832032878,0.0,0.0,355.56471620584875,False
1764338867.9643855,34.63679385185242,3.9154178632827326,-0.11339560804101233,0.07330880832398212,0.0,0.0,355.5329579961461,False
1764338868.029052,34.70146036148071,3.916932116184761,-0.11351436090529507,0.07330880832723001,0.0,0.0,355.49746078672695,False
1764338868.113039,34.78544735908508,3.918018616657959,-0.11360021246772828,0.07330880832955416,0.0,0.0,355.46539302209766,False
1764338868.1971154,34.869523763656616,3.9188479833121295,-0.11366621168015821,0.07330880833126341,0.0,0.0,355.4332358653968,False
1764338868.276057,34.94846534729004,3.919526993922588,-0.11372066090870127,0.07330880833263874,0.0,0.0,355.393866805134,False
1764338868.3431706,35.01557898521423,3.9197906906410265,-0.11374196428111621,0.07330880833317507,0.0,0.0,355.3652002079835,False
1764338868.4126956,35.08510398864746,3.9198685630914034,-0.11374828945280988,0.07330880833333234,0.0,0.0,355.34024245003945,False
1764338868.49894,35.171348333358765,3.919737719449387,-0.11373756937956542,0.07330880833310285,0.0,0.0,355.3048964526403,False
1764338868.581076,35.25348424911499,3.919269543151992,-0.11369894169318157,0.07330880833228472,0.0,0.0,355.2664407621593,False
1764338868.6468928,35.31930112838745,3.918878929355274,-0.11366652304425082,0.07330880833161704,0.0,0.0,355.24572193977383,False
1764338868.7106464,35.38305473327637,3.9180179999602136,-0.11359464868856992,0.073308808330144,0.0,0.0,355.21157012513123,False
1764338868.7901754,35.462583780288696,3.9169015030305476,-0.11350077780963283,0.07330880832837272,0.0,0.0,355.1779001014453,False
1764338868.8496609,35.522069215774536,3.9161193453671586,-0.11343465493366929,0.07330880832718706,0.0,0.0,355.1579956912482,False
1764338868.915919,35.588327407836914,3.9151017605043457,-0.11334824517850546,0.07330880832564811,0.0,0.0,355.135038288879,False
1764338869.0136163,35.68602466583252,3.9129290025376973,-0.11316249123961988,0.07330880832270545,0.0,0.0,355.09341888853834,False
1764338869.0899858,35.762394189834595,3.911226390350227,-0.11301590431830504,0.07330880832047777,0.0,0.0,355.0656157274972,False
1764338869.159387,35.83179545402527,3.909790920976462,-0.11289170307594827,0.07330880831860868,0.0,0.0,355.04450236728076,False
1764338869.239928,35.912336349487305,3.908044694052823,-0.1127399279929518,0.07330880831676383,0.0,0.0,355.0209615086818,False
1764338869.3171196,35.98952794075012,3.905232403232338,-0.11249405996892697,0.07330880831379805,0.0,0.0,354.9868195742095,False
1764338869.3768055,36.049213886260986,3.9034903614254093,-0.11234094870938723,0.07330880831223875,0.0,0.0,354.96754360864804,False
1764338869.4455976,36.118005990982056,3.9016854475931835,-0.11218170890135533,0.07330880831072496,0.0,0.0,354.9488395025455,False
1764338869.53105,36.203458309173584,3.8992735173175714,-0.11196802185789692,0.0733088083087158,0.0,0.0,354.9255590148643,False
1764338869.6134992,36.28590750694275,3.895921694785323,-0.1116695006859364,0.07330880830672049,0.0,0.0,354.89602606928867,False
1764338869.6772447,36.349653005599976,3.8939104587614897,-0.11148957059489106,0.07330880830561327,0.0,0.0,354.87970936099373,True
1764338869.7504947,36.422903060913086,3.8918588620166394,-0.11130545194697893,0.07330880830458707,0.0,0.0,354.86400083247383,False
1764338869.8126493,36.48505759239197,3.8897801620516774,-0.11111833974336582,0.07330880830399208,0.0,0.0,354.8490257414352,False
1764338869.8751493,36.54755759239197,3.8870766674446244,-0.1108741972374081,0.07330880830322886,0.0,0.0,354.83086325353446,False
1764338869.9396603,36.61206865310669,3.884644626190586,-0.11065385593848717,0.07330880830254805,0.0,0.0,354.8156492089155,False
1764338870.0145404,36.68694877624512,3.882210754894436,-0.1104327100391755,0.07330880830302168,0.0,0.0,354.8008749526707,False
1764338870.096394,36.76880240440369,3.8794938167012094,-0.1101850975374744,0.07330880830351406,0.0,0.0,354.78441583147094,False
1764338870.1899545,36.8623628616333,3.8756085264482962,-0.10982963906661598,0.07330880830421063,0.0,0.0,354.7609080350105,False
1764338870.2508285,36.92323684692383,3.873535442342929,-0.10963931858760227,0.0733088083045787,0.0,0.0,354.748365231226,False
1764338870.32041,36.9928183555603,3.8714755384396784,-0.10944975469328809,0.07330880830494196,0.0,0.0,354.7358942659114,False
1764338870.4042747,37.076683044433594,3.8685555057022207,-0.10918026160036166,0.07330880830545272,0.0,0.0,354.7181911280468,False
1764338870.4791472,37.15155553817749,3.8656619338111082,-0.10891231198196206,0.07330880830595407,0.0,0.0,354.70060601558407,False
1764338870.5423918,37.214800119400024,3.863652043067576,-0.10872566492043444,0.07330880830629952,0.0,0.0,354.68835899885744,False
1764338870.6108775,37.28328585624695,3.8616549102749147,-0.1085397728666183,0.07330880830664054,0.0,0.0,354.67615847448667,False
1764338870.7127244,37.385132789611816,3.857979512414003,-0.10819654511150507,0.07330880830726233,0.0,0.0,354.65361036545846,False
1764338870.7897928,37.46220111846924,3.8554603368054505,-0.10796044660580978,0.07330880830768421,0.0,0.0,354.63807418295625,False
1764338870.8763402,37.54874849319458,3.852961689464738,-0.10772558971245248,0.07330880830809923,0.0,0.0,354.62259104920383,False
1764338870.9661732,37.63858151435852,3.8499354198284323,-0.1074402248796382,0.07330880830859736,0.0,0.0,354.6037308939286,False
1764338871.0317945,37.70420289039612,3.8480253092237544,-0.1072595905994195,0.07330880830890923,0.0,0.0,354.59176146987085,False
1764338871.0942645,37.76667284965515,3.8455872479188455,-0.10702844291011802,0.0733088083093045,0.0,0.0,354.5764052967299,False
1764338871.1778903,37.85029864311218,3.8429015899415377,-0.10677305546639254,0.07330880830973625,0.0,0.0,354.55938196839315,False
1764338871.2627454,37.93515372276306,3.8405052944453724,-0.10654450247370058,0.0733088083101183,0.0,0.0,354.5440921899471,False
1764338871.327328,37.999736309051514,3.838391663919519,-0.10634237219142736,0.0733088083104528,0.0,0.0,354.5305233967886,False
1764338871.387109,38.05951738357544,3.8362942459223395,-0.10614129000220518,0.07330880831082158,0.0,0.0,354.5168470253338,False
1764338871.4734669,38.145875215530396,3.83395523934857,-0.1059164417335827,0.07330880831123467,0.0,0.0,354.50115870215893,False
1764338871.5584047,38.23081302642822,3.831637871949776,-0.10569302727807431,0.0733088083116408,0.0,0.0,354.48518376692203,False
1764338871.61927,38.2916784286499,3.83035973535867,-0.10556952217619911,0.0733088083118635,0.0,0.0,354.4761965791986,False
1764338871.6786127,38.35102105140686,3.827571029084506,-0.10529934131965181,0.07330880831234615,0.0,0.0,354.45617109125936,False
1764338871.7462735,38.41868185997009,3.8250633176326594,-0.10505553337517408,0.07330880831277639,0.0,0.0,354.43769503734444,False
1764338871.8118405,38.484248876571655,3.823323369849917,-0.1048858858207587,0.07330880831307285,0.0,0.0,354.42462555962334,False
1764338871.90149,38.57389831542969,3.8208596400812898,-0.10464497641879242,0.07330880831348974,0.0,0.0,354.40578142432247,False
1764338872.0054622,38.67787051200867,3.817936923979644,-0.10435811316318452,0.07330880831397994,0.0,0.0,354.3829302879382,False
1764338872.0834253,38.75583362579346,3.8155292206671225,-0.10412090511658957,0.07330880831438025,0.0,0.0,354.3637145216301,False
1764338872.1629333,38.835341691970825,3.8133837914209994,-0.10390884374849609,0.07330880831473431,0.0,0.0,354.3463024670843,False
1764338872.2285724,38.900980710983276,3.811493725076392,-0.10372147393912315,0.07330880831504416,0.0,0.0,354.33074156392087,False
1764338872.2872605,38.9596688747406,3.8098529465877324,-0.10355839417772371,0.07330880831531161,0.0,0.0,354.31706757832376,False
1764338872.3672426,39.03965091705322,3.8077611333166907,-0.10334990806509732,0.07330880831565048,0.0,0.0,354.2994146882057,False
1764338872.459712,39.13212037086487,3.805231418384804,-0.103096900898463,0.07330880831605721,0.0,0.0,354.277740782957,False
1764338872.519298,39.19170641899109,3.8036369273326582,-0.10293692965150264,0.07330880831631184,0.0,0.0,354.2638982120546,False
1764338872.5913956,39.26380395889282,3.801829154692828,-0.10275508715252474,0.07330880831659894,0.0,0.0,354.2480354535608,False
1764338872.6544738,39.326882123947144,3.800259974459716,-0.10259683249464059,0.07330880831684677,0.0,0.0,354.2341215423155,False
1764338872.7314067,39.403815031051636,3.7980385966856534,-0.10237214028188371,0.07330880831719544,0.0,0.0,354.21419503968866,False
1764338872.799142,39.47155022621155,3.796059655166521,-0.10217130900054885,0.07330880831750394,0.0,0.0,354.1962166249304,False
1764338872.8928301,39.56523847579956,3.794099813950905,-0.10197179412384393,0.07330880831780748,0.0,0.0,354.17820075118595,False
1764338872.9761424,39.64855074882507,3.7919444644688287,-0.10175165279557484,0.07330880831813907,0.0,0.0,354.1581441218426,False
1764338873.0610464,39.73345470428467,3.7900245440618825,-0.10155491170390715,0.07330880831843248,0.0,0.0,354.1400620137837,False
1764338873.1359046,39.80831289291382,3.7877033898688968,-0.1013162318571053,0.07330880831878475,0.0,0.0,354.1179264025221,False
1764338873.2027225,39.87513089179993,3.786240756653329,-0.10116536422491976,0.07330880831900537,0.0,0.0,354.1038221130094,False
1764338873.2628257,39.93523406982422,3.7845828697009867,-0.1009939145004136,0.07330880831925415,0.0,0.0,354.08768759470695,False
1764338873.3272061,39.99961447715759,3.7829395130961982,-0.10082349947623653,0.07330880831949944,0.0,0.0,354.0715382507921,False
1764338873.3874245,40.05983281135559,3.7815134336094363,-0.10067523483886735,0.07330880831971122,0.0,0.0,354.05739655098125,False
1764338873.4640145,40.136422872543335,3.779897110193181,-0.10050675904152606,0.07330880831995007,0.0,0.0,354.04122318708227,False
1764338873.5232794,40.195687770843506,3.7782950938595325,-0.10033931722947369,0.07330880832018556,0.0,0.0,354.0250387779152,False
1764338873.6044974,40.27690577507019,3.776312577757845,-0.10013146890357065,0.07330880832047527,0.0,0.0,354.00479436147293,False
1764338873.681582,40.35399031639099,3.774742477674894,-0.09996635341871242,0.0733088083207034,0.0,0.0,353.98858887215914,False
1764338873.7458358,40.41824412345886,3.7733801805375733,-0.09982272560447528,0.07330880832090039,0.0,0.0,353.9744025459334,False
1764338873.8264332,40.498841524124146,3.7712610689178123,-0.09959862459018057,0.07330880832120507,0.0,0.0,353.9520987344609,False
1764338873.8824155,40.554823875427246,3.7699262419617057,-0.09945703319419291,0.07330880832139591,0.0,0.0,353.9378991004555,False
1764338873.9467156,40.61912393569946,3.768790541904511,-0.09933629973733192,0.07330880832155762,0.0,0.0,353.9257244673812,False
1764338874.0243719,40.69678020477295,3.7671015280199276,-0.09915629134423937,0.07330880832179702,0.0,0.0,353.9074569729459,False
1764338874.0877771,40.7601854801178,3.7654298712052823,-0.0989775936678108,0.07330880832203265,0.0,0.0,353.88918347027123,False
1764338874.1560776,40.82848596572876,3.7639584479405555,-0.09881985222673335,0.07330880832223902,0.0,0.0,353.8729358429041,False
1764338874.2424905,40.91489887237549,3.7623193165826643,-0.09864363239810148,0.07330880832246772,0.0,0.0,353.8546527171408,False
1764338874.3001804,40.972588777542114,3.761056252799657,-0.09850748027415977,0.07330880832264311,0.0,0.0,353.8404295052728,False
1764338874.3846517,41.05706000328064,3.759092215594425,-0.09829513288816462,0.07330880832291442,0.0,0.0,353.8180740114313,False
1764338874.477621,41.15002942085266,3.757328642575232,-0.0981037945177299,0.07330880832315656,0.0,0.0,353.7977463794491,False
1764338874.5580425,41.23045086860657,3.7557591681685216,-0.09793297944419889,0.07330880832337089,0.0,0.0,353.7794483191329,False
1764338874.6508474,41.32325577735901,3.753692525145147,-0.09770727584184905,0.07330880832365144,0.0,0.0,353.75504678354645,False
1764338874.717024,41.389432430267334,3.7525006271283963,-0.09757669838001645,0.07330880832381237,0.0,0.0,353.74081062444645,False
1764338874.7801745,41.45258283615112,3.751150705638063,-0.0974284451414054,0.07330880832399389,0.0,0.0,353.72453917719673,False
1764338874.8419356,41.51434397697449,3.749813792421857,-0.0972812362402029,0.07330880832417289,0.0,0.0,353.70826622987494,False
1764338874.9069161,41.57932448387146,3.7486546189403054,-0.0971532859722297,0.07330880832432744,0.0,0.0,353.6940262855591,False
1764338874.9925313,41.664939641952515,3.747178102187406,-0.09698988335292934,0.07330880832450236,0.0,0.0,353.6758115209986,False
1764338875.0582993,41.73070764541626,3.745715390958774,-0.09682754204696237,0.07330880832466535,0.0,0.0,353.65792864287886,False
1764338875.1320248,41.8044331073761,3.7442663240971004,-0.09666626123791362,0.07330880832482606,0.0,0.0,353.6403541248832,False
1764338875.192071,41.864479303359985,3.7433078271650464,-0.09655933412859499,0.07330880832493195,0.0,0.0,353.6287923688743,False
1764338875.278005,41.9504132270813,3.74172369084771,-0.0963821843271527,0.07330880832510625,0.0,0.0,353.6097698265681,False
1764338875.3438282,42.016236543655396,3.7403121824618952,-0.09622389132445179,0.07330880832526078,0.0,0.0,353.5928869464067,False
1764338875.4123118,42.08472013473511,3.739068760169024,-0.09608409976533647,0.07330880832539632,0.0,0.0,353.57804817369686,False
1764338875.4806924,42.15310072898865,3.737989416786003,-0.095962490512095,0.07330880832551355,0.0,0.0,353.5651814668285,False
1764338875.5503726,42.22278094291687,3.736765729622095,-0.09582432125072446,0.07330880832564596,0.0,0.0,353.5505981035768,True
1764338875.6274772,42.299885511398315,3.735100236451701,-0.09563575970202738,0.07330880832582531,0.0,0.0,353.53073537797616,False
1764338875.7032418,42.37565016746521,3.733901331861841,-0.0954996614845308,0.07330880832595382,0.0,0.0,353.5164125186805,False
1764338875.7830067,42.45541501045227,3.7327127916687184,-0.09536443985461612,0.07330880832608073,0.0,0.0,353.50218175449174,False
1764338875.8423376,42.51474595069885,3.7315345749438493,-0.09523009718386273,0.07330880832620605,0.0,0.0,353.48803412297246,False
1764338875.9007087,42.57311701774597,3.7303666412784486,-0.09509663564927066,0.0733088083263298,0.0,0.0,353.47396153388576,False
1764338875.963752,42.636160373687744,3.729352916647681,-0.0949805598933337,0.07330880832642728,0.0,0.0,353.46173111204934,False
1764338876.0251713,42.69757962226868,3.7284891799424087,-0.09488148629393338,0.07330880832650044,0.0,0.0,353.4514347000459,False
1764338876.0953991,42.767807483673096,3.7273447005136124,-0.09474997009183692,0.07330880832659704,0.0,0.0,353.43798307220663,False
1764338876.1832027,42.855611085891724,3.7256432808659885,-0.09455395552137927,0.07330880832674,0.0,0.0,353.4183371097088,False
1764338876.2495549,42.92196321487427,3.724659228311882,-0.09444031830060118,0.07330880832682234,0.0,0.0,353.4071394198464,False
1764338876.3280845,43.000492811203,3.72354218161591,-0.09431108810489174,0.07330880832691547,0.0,0.0,353.3945529934768,False
1764338876.4134245,43.085832834243774,3.722019399234786,-0.0941345204008682,0.0733088083270419,0.0,0.0,353.3775756184257,False
1764338876.5080168,43.18042516708374,3.7205117807444386,-0.09395926278439987,0.07330880832716645,0.0,0.0,353.3609335266401,False
1764338876.5950284,43.26743674278259,3.7192895003403845,-0.09381685051775417,0.07330880832726698,0.0,0.0,353.34753570049685,False
1764338876.6569767,43.32938504219055,3.718211474598769,-0.09369100600619604,0.07330880832735531,0.0,0.0,353.33577292066974,False
1764338876.7218287,43.39423704147339,3.717008160115747,-0.09355027129025126,0.07330880832745354,0.0,0.0,353.3226872008616,False
1764338876.8051367,43.47754502296448,3.7158148281849823,-0.09341042931505548,0.07330880832755059,0.0,0.0,353.30974119014104,False
1764338876.871291,43.54369926452637,3.7148935572458224,-0.09330228227248001,0.07330880832762525,0.0,0.0,353.299758869149,False
1764338876.9696164,43.642024755477905,3.713198428014275,-0.09310286778747599,0.07330880832775621,0.0,0.0,353.28141200486385,False
1764338877.0345235,43.706931829452515,3.7122929487778253,-0.09299612327423898,0.07330880832781048,0.0,0.0,353.2717954393432,False
1764338877.119297,43.79170536994934,3.711135284173865,-0.0928594277432275,0.07330880832787967,0.0,0.0,353.25979863462527,False
1764338877.1943843,43.86679267883301,3.7098575645536322,-0.09270827479507161,0.07330880832795574,0.0,0.0,353.24690281822654,False
1764338877.2734513,43.94585967063904,3.7085888330971337,-0.09255790019804469,0.07330880832803094,0.0,0.0,353.23441070497125,False
1764338877.3346112,44.00701951980591,3.7078318925887794,-0.09246805239473889,0.07330880832807568,0.0,0.0,353.2270887890658,False
1764338877.4281096,44.100517988204956,3.706577462739939,-0.09231893915663826,0.07330880832814957,0.0,0.0,353.2151441818407,False
1764338877.4950411,44.16744947433472,3.705456077554101,-0.09218541819702325,0.07330880832821535,0.0,0.0,353.2046425279195,False
1764338877.5784996,44.25090789794922,3.704218506288243,-0.09203782303262155,0.07330880832828768,0.0,0.0,353.19321799651004,False
1764338877.6514993,44.32390761375427,3.703480199278097,-0.0919496524923407,0.0733088083283307,0.0,0.0,353.18647404082907,False
1764338877.7318215,44.40422987937927,3.702256722035748,-0.09180334857581555,0.07330880832840175,0.0,0.0,353.175399338,False
1764338877.8200197,44.49242806434631,3.700800112016575,-0.09162885549162912,0.07330880832848598,0.0,0.0,353.16235180394733,False
1764338877.8799214,44.552329778671265,3.700076519312414,-0.09154204877220869,0.07330880832852767,0.0,0.0,353.1559158861907,False
1764338877.9437451,44.61615347862244,3.6992362545576527,-0.09144114211052404,0.07330880832857292,0.0,0.0,353.14847832157045,False
1764338878.0069187,44.6793270111084,3.6981605514056985,-0.09131180251037717,0.07330880832861292,0.0,0.0,353.1392401366907,False
1764338878.065992,44.73840045928955,3.697208181741502,-0.0911971482095589,0.07330880832864813,0.0,0.0,353.1313814456201,False
1764338878.1447957,44.817203998565674,3.6962593866825024,-0.09108279477386717,0.07330880832868308,0.0,0.0,353.12382137114696,False
1764338878.2265165,44.898924827575684,3.695196250654167,-0.09095451215872875,0.07330880832872214,0.0,0.0,353.11563715572896,False
1764338878.314085,44.98649334907532,3.6937857226789714,-0.0907840787446396,0.07330880832877376,0.0,0.0,353.1051921036701,False
1764338878.4131098,45.08551812171936,3.6924997234515846,-0.09062846902357355,0.0733088083288206,0.0,0.0,353.09602682546534,False
1764338878.4732578,45.14566612243652,3.6916848251613557,-0.0905297572337018,0.07330880832885019,0.0,0.0,353.0903736307774,False
1764338878.567162,45.2395703792572,3.690294101865064,-0.09036110772188284,0.0733088083289005,0.0,0.0,353.08096787677755,False
1764338878.6490018,45.321410179138184,3.6893713202591485,-0.09024907792456353,0.07330880832893374,0.0,0.0,353.0748759118064,False
1764338878.731275,45.40368342399597,3.6882227374282013,-0.0901094971659537,0.07330880832897502,0.0,0.0,353.0674376326087,False
1764338878.813661,45.486069440841675,3.6868515886036755,-0.08994267322643056,0.07330880832902406,0.0,0.0,353.0587398195256,False
1764338878.8894935,45.561901807785034,3.6858283259606566,-0.08981803915728645,0.07330880832906052,0.0,0.0,353.0523595245426,False
1764338878.9668348,45.63924312591553,3.6849222203624974,-0.08970757904857635,0.0733088083290849,0.0,0.0,353.0468243692476,False
1764338879.0320563,45.70446467399597,3.6840177964696195,-0.08959723869801756,0.07330880832909753,0.0,0.0,353.0417573589072,False
1764338879.1166182,45.789026498794556,3.682776421395767,-0.08944566586745037,0.0733088083291148,0.0,0.0,353.0355854230542,False
1764338879.2006094,45.87301778793335,3.6817626448659806,-0.08932178821525269,0.07330880832912884,0.0,0.0,353.0311434934455,False
1764338879.2624543,45.93486261367798,3.680975326092564,-0.08922552994449875,0.07330880832913972,0.0,0.0,353.0280255549175,False
1764338879.3283687,46.00077700614929,3.6799645634833844,-0.08910189271878734,0.07330880832915367,0.0,0.0,353.0244061096199,False
1764338879.391471,46.0638792514801,3.6790675240339956,-0.08899211466886688,0.073308808329166,0.0,0.0,353.0215207812886,False
1764338879.457105,46.12951326370239,3.6782837043962324,-0.08889615640129407,0.07330880832917674,0.0,0.0,353.01922741688924,False
1764338879.5448816,46.21728992462158,3.677277426227127,-0.08877291957124782,0.0733088083291905,0.0,0.0,353.01656517486083,False
1764338879.6393838,46.31179213523865,3.6758268612289338,-0.08859519416259241,0.07330880832921025,0.0,0.0,353.01322268597966,False
1764338879.7168627,46.38927102088928,3.6748246565518357,-0.08847235550254375,0.07330880832922385,0.0,0.0,353.011213735368,False
1764338879.7793047,46.45171308517456,3.67415744068173,-0.08839055696870596,0.07330880832923287,0.0,0.0,353.00999738449,False
1764338879.8610318,46.53344011306763,3.6731579934996783,-0.08826800234846596,0.07330880832924636,0.0,0.0,353.00833933416214,False
1764338879.942907,46.615315437316895,3.671938682901726,-0.08811845026854338,0.07330880832926276,0.0,0.0,353.0065557838203,False
1764338880.0071163,46.679524660110474,3.6710534509244024,-0.08800985111030678,0.07330880832927461,0.0,0.0,353.0054075990182,False
1764338880.0852678,46.757676124572754,3.6701695108488366,-0.08790139334989543,0.07330880832928642,0.0,0.0,353.0043711523334,False
1764338880.1487947,46.821202993392944,3.6693971199916446,-0.08780660977423344,0.07330880832929672,0.0,0.0,353.0035473466326,False
1764338880.229882,46.90229034423828,3.6681853491219107,-0.08765788650064907,0.07330880832931282,0.0,0.0,353.00239307012737,False
1764338880.2941673,46.966575622558594,3.6673055810482804,-0.08754989597624328,0.07330880832932446,0.0,0.0,353.0016499889205,False
1764338880.3835928,47.05600118637085,3.666317366500841,-0.08742858068719549,0.0733088083293375,0.0,0.0,353.0009001028319,False
1764338880.465052,47.137460231781006,3.665221237259492,-0.08729400310494928,0.07330880832935194,0.0,0.0,353.00016218653093,False
1764338880.5362234,47.20863175392151,3.664236413342219,-0.08717307953685267,0.07330880832936484,0.0,0.0,352.9995741675677,False
1764338880.598556,47.27096438407898,3.663471544134637,-0.08707915679981086,0.07330880832937484,0.0,0.0,352.9991614174474,False
1764338880.6655974,47.338005781173706,3.6627076390489592,-0.08698534710963604,0.0733088083293848,0.0,0.0,352.9987840360531,False
1764338880.7266471,47.39905548095703,3.6618357820668948,-0.08687827467437012,0.07330880832939614,0.0,0.0,352.9983921758972,False
1764338880.802357,47.47476530075073,3.6607477213181268,-0.08674464577330224,0.07330880832941024,0.0,0.0,352.9983459545129,False
1764338880.8706293,47.54303765296936,3.6599872389791575,-0.08665124799816407,0.07330880832942008,0.0,0.0,352.9983459545129,False
1764338880.9352157,47.60762405395508,3.659227709349815,-0.08655796722897717,0.07330880832942986,0.0,0.0,352.9983459545129,False
1764338880.9995723,47.67198061943054,3.6582525673187436,-0.08643820626744161,0.07330880832944241,0.0,0.0,352.9983459545129,False
1764338881.0731986,47.745606899261475,3.6572789911886967,-0.08631863762026276,0.07330880832945488,0.0,0.0,352.9983459545129,False
1764338881.184064,47.85647225379944,3.6560911840172987,-0.08617275843094191,0.07330880832947005,0.0,0.0,352.9983459545129,False
1764338881.2577934,47.93020176887512,3.655013375005019,-0.0860403885406599,0.07330880832948376,0.0,0.0,352.9983459545129,False
1764338881.33311,48.005518436431885,3.6540449824139203,-0.08592145650393243,0.07330880832949604,0.0,0.0,352.9983459545129,False
1764338881.416748,48.08915638923645,3.6531854856143267,-0.08581589838021689,0.0733088083295069,0.0,0.0,352.9983459545129,False
1764338881.4833093,48.155717611312866,3.6524344241425424,-0.08572365761818725,0.07330880832951638,0.0,0.0,352.9983459545129,False
1764338881.5687273,48.241135597229004,3.65114905087901,-0.08556579596002074,0.07330880832953252,0.0,0.0,352.9983459545129,True
1764338881.6478052,48.32021355628967,3.650186806131244,-0.085447618963693,0.07330880832954456,0.0,0.0,352.9983459545129,False
1764338881.7082136,48.380621910095215,3.649546157032354,-0.08536893837189677,0.07330880832955257,0.0,0.0,352.9983459545129,False
1764338881.7708118,48.443220138549805,3.6487995876879933,-0.08527724930539712,0.07330880832956187,0.0,0.0,352.9983459545129,False
1764338881.8492055,48.52161383628845,3.647628261533648,-0.08513339421347572,0.07330880832957641,0.0,0.0,352.9983459545129,False
1764338881.9277318,48.60014009475708,3.6466715841268864,-0.08501590096381323,0.07330880832958825,0.0,0.0,352.9983459545129,False
1764338882.006064,48.67847228050232,3.645822469662396,-0.08491161793479698,0.07330880832959873,0.0,0.0,352.9983459545129,False
1764338882.0836174,48.75602579116821,3.6448686352102397,-0.08479447383937681,0.07330880832961045,0.0,0.0,352.9983459545129,False
1764338882.1811125,48.85352087020874,3.6434935181867893,-0.08462559040321586,0.07330880832962731,0.0,0.0,352.9983459545129,False
1764338882.2482173,48.92062568664551,3.642754360392918,-0.08453481157787562,0.07330880832963634,0.0,0.0,352.9983459545129,False
1764338882.3295867,49.00199508666992,3.641805336883076,-0.08441825833287428,0.0733088083296479,0.0,0.0,352.9983459545129,False
1764338882.3914888,49.063897132873535,3.64085779657113,-0.08430188724513879,0.07330880832965939,0.0,0.0,352.9983459545129,False
1764338882.4511588,49.1235671043396,3.6401218432295486,-0.08421150197096886,0.0733088083296683,0.0,0.0,352.9983459545129,False
1764338882.5219843,49.194392681121826,3.639386782161257,-0.08412122628033004,0.07330880832967718,0.0,0.0,352.9983459545129,False
1764338882.586186,49.258594274520874,3.6386526112050963,-0.08403105990780199,0.07330880832968603,0.0,0.0,352.9983459545129,False
1764338882.6442657,49.31667399406433,3.6379193282077478,-0.08394100258892752,0.07330880832969483,0.0,0.0,352.9983459545129,False
1764338882.7346582,49.40706658363342,3.636664331328147,-0.08378687157186938,0.07330880832970987,0.0,0.0,352.9983459545129,False
1764338882.837831,49.510239362716675,3.635516195182178,-0.08364586453450085,0.07330880832972357,0.0,0.0,352.99834595451284,False
1764338882.9142468,49.586655139923096,3.634578425590204,-0.08353069342664664,0.07330880832973471,0.0,0.0,352.99834595451284,False
1764338883.003718,49.67612624168396,3.6333303182004846,-0.0833774085344672,0.07330880832974951,0.0,0.0,352.99834595451284,False
1764338883.0905066,49.76291489601135,3.6323959209221335,-0.08326265159348231,0.07330880832976053,0.0,0.0,352.998345954513,False
1764338883.156788,49.82919645309448,3.6316701617883296,-0.08317351830936763,0.07330880832976908,0.0,0.0,352.998345954513,False
1764338883.2267656,49.899173974990845,3.6306348677715925,-0.08304636984999886,0.07330880832978123,0.0,0.0,352.998345954513,False
1764338883.3095279,49.98193621635437,3.629601338611812,-0.08291943813953372,0.07330880832979332,0.0,0.0,352.998345954513,False
1764338883.3707852,50.04319357872009,3.628982065746951,-0.08284338284565294,0.07330880832980055,0.0,0.0,352.998345954513,False
1764338883.4597464,50.13215470314026,3.627951347875771,-0.08271679640040576,0.07330880832981254,0.0,0.0,352.998345954513,False
1764338883.5418956,50.214303970336914,3.626819578432171,-0.08257779942100853,0.07330880832982566,0.0,0.0,352.998345954513,False
1764338883.6110773,50.283485651016235,3.6259977983458214,-0.08247687343261285,0.07330880832983516,0.0,0.0,352.998345954513,False
1764338883.6980085,50.37041687965393,3.625074625216791,-0.08236349497278489,0.07330880832984579,0.0,0.0,352.998345954513,False
1764338883.7865112,50.458919525146484,3.623948208130063,-0.0822251553370207,0.07330880832985873,0.0,0.0,352.998345954513,False
1764338883.846949,50.519357442855835,3.6231303081729207,-0.08212470588228879,0.0733088083298681,0.0,0.0,352.998345954513,False
1764338883.9294724,50.6018807888031,3.622313510102654,-0.08202439175454257,0.0733088083298774,0.0,0.0,352.998345954513,False
1764338883.9914072,50.66381549835205,3.621599713351403,-0.08193672761686122,0.07330880832988554,0.0,0.0,352.998345954513,False
1764338884.0701463,50.742554664611816,3.6204797278789145,-0.08179917787249863,0.07330880832989825,0.0,0.0,352.998345954513,False
1764338884.1375585,50.809966802597046,3.6196664905243128,-0.08169930105000466,0.07330880832990747,0.0,0.0,352.998345954513,False
1764338884.20278,50.87518835067749,3.618955801560104,-0.08161201859166078,0.07330880832991549,0.0,0.0,352.998345954513,False
1764338884.2839885,50.95639681816101,3.6180432810011123,-0.08149994841512893,0.07330880832992576,0.0,0.0,352.998345954513,False
1764338884.357777,51.03018546104431,3.6170309774832603,-0.08137562350778134,0.07330880832993712,0.0,0.0,352.998345954513,False
1764338884.4243207,51.096729040145874,3.616222349867943,-0.08127631282518444,0.07330880832994617,0.0,0.0,352.998345954513,False
1764338884.4836926,51.15610098838806,3.6156165861334726,-0.08120191663981667,0.07330880832995293,0.0,0.0,352.998345954513,False
1764338884.5520813,51.22448968887329,3.614910625884631,-0.08111521493328246,0.07330880832996078,0.0,0.0,352.998345954513,False
1764338884.620464,51.29287242889404,3.6139035350625046,-0.08099153021724274,0.07330880832997197,0.0,0.0,352.998345954513,False
1764338884.6875355,51.359943866729736,3.613099065128958,-0.08089273015561264,0.07330880832998088,0.0,0.0,352.998345954513,False
1764338884.7855577,51.45796608924866,3.6121953105381186,-0.08078173656150801,0.07330880832999087,0.0,0.0,352.998345954513,False
1764338884.8665054,51.53891372680664,3.611092547955962,-0.08064630202686962,0.073308808330003,0.0,0.0,352.998345954513,False
1764338884.9476285,51.62003684043884,3.6100917741074916,-0.08052339312277812,0.07330880833001398,0.0,0.0,352.998345954513,False
1764338885.025513,51.69792127609253,3.6093922140175168,-0.08043747744448945,0.07330880833002162,0.0,0.0,352.998345954513,False
1764338885.1046429,51.77705121040344,3.6083942405969722,-0.08031491247177461,0.07330880833003252,0.0,0.0,352.998345954513,False
1764338885.169617,51.84202527999878,3.6073979071772624,-0.08019254891390039,0.07330880833004334,0.0,0.0,352.998345954513,False
1764338885.2329173,51.90532565116882,3.606602017624682,-0.08009480264201803,0.07330880833005197,0.0,0.0,352.998345954513,False
1764338885.3218787,51.99428701400757,3.6057078889457927,-0.07998499124336189,0.07330880833006165,0.0,0.0,352.998345954513,False
1764338885.4079435,52.08035182952881,3.6049142133790903,-0.07988751687964163,0.0733088083300702,0.0,0.0,352.998345954513,False
1764338885.4776752,52.15008354187012,3.60372564471703,-0.07974154416870953,0.07330880833008296,0.0,0.0,352.998345954513,False
1764338885.5572598,52.22966814041138,3.6029345581197885,-0.07964438776633462,0.07330880833009143,0.0,0.0,352.998345954513,False
1764338885.6456869,52.318095207214355,3.6019471492113904,-0.07952312026218586,0.07330880833010198,0.0,0.0,352.998345954513,False
1764338885.7326972,52.40510559082031,3.6008628535496054,-0.07938995372140872,0.07330880833011352,0.0,0.0,352.998345954513,False
1764338885.8046257,52.47703409194946,3.5999771426450224,-0.07928117614214794,0.0733088083301229,0.0,0.0,352.998345954513,False
1764338885.8833597,52.55576801300049,3.599190928839501,-0.07918461818615631,0.07330880833013123,0.0,0.0,352.998345954513,False
1764338885.9764655,52.648873805999756,3.5980148368377165,-0.07904017820229584,0.07330880833016896,0.0,0.0,352.998523070132,False
1764338886.0725498,52.74495816230774,3.596849122826294,-0.07889703079575497,0.07330880833022974,0.0,0.0,353.0002049314894,False
1764338886.1517773,52.824185609817505,3.596078247739815,-0.07880239438102218,0.0733088083302698,0.0,0.0,353.0021109703127,False
1764338886.2206564,52.893064737319946,3.5953123712069415,-0.07870840131258876,0.0733088083303095,0.0,0.0,353.00457387286724,False
1764338886.2844641,52.95687246322632,3.5944567186549397,-0.0786034344809714,0.07330880833035375,0.0,0.0,353.00794299732524,False
1764338886.3571591,53.02956748008728,3.5937014208249956,-0.07851082459611931,0.0733088083303927,0.0,0.0,353.01141584580637,False
1764338886.4165094,53.08891773223877,3.593138201994401,-0.07844179806734904,0.07330880833042168,0.0,0.0,353.01428808125866,False
1764338886.482608,53.15501642227173,3.592391572864498,-0.07835033958828247,0.07330880833046002,0.0,0.0,353.0184425636327,False
1764338886.5737636,53.246171951293945,3.591280881085075,-0.07821439285722709,0.07330880833051688,0.0,0.0,353.02529772424066,False
1764338886.6576428,53.33005118370056,3.5904551263155517,-0.07811341330098054,0.07330880833055903,0.0,0.0,353.03087298086,False
1764338886.7400787,53.4124870300293,3.5896355788173393,-0.07801327617198278,0.07330880833060074,0.0,0.0,353.03677532842636,False
1764338886.8249037,53.49731206893921,3.58855247536584,-0.07788107230013139,0.0733088083306557,0.0,0.0,353.0450929922532,False
1764338886.8883853,53.56079363822937,3.5879257314982107,-0.07780464641641478,0.07330880833068741,0.0,0.0,353.0501546722264,False
1764338886.9717731,53.64418148994446,3.587125388292161,-0.07770713494918406,0.07330880833072781,0.0,0.0,353.0568639579854,False
1764338887.0610368,53.733445167541504,3.586243317523018,-0.077599778493561,0.07330880833077223,0.0,0.0,353.06455665554734,False
1764338887.1286933,53.80110168457031,3.585368803853141,-0.0774934627087656,0.07330880833081611,0.0,0.0,353.0724706958296,False
1764338887.225406,53.89781427383423,3.584415541342682,-0.07737771546773772,0.07330880833086383,0.0,0.0,353.08140015362943,False
1764338887.3026528,53.9750611782074,3.5837279701017253,-0.07729432390609597,0.07330880833089815,0.0,0.0,353.0880245208903,False
1764338887.3787627,54.05117106437683,3.5828752501664476,-0.07719101589427733,0.0733088083309406,0.0,0.0,353.0964412203666,False
1764338887.4642491,54.13665747642517,3.582030004181048,-0.07708874037113674,0.07330880833098255,0.0,0.0,353.10499228888136,False
1764338887.5330608,54.20546913146973,3.581442767921059,-0.07701776030568394,0.07330880833101164,0.0,0.0,353.11104926214813,False
1764338887.598373,54.27078127861023,3.580859176763086,-0.07694728370024176,0.07330880833104049,0.0,0.0,353.11715916582756,False
1764338887.683887,54.356295347213745,3.579867195242692,-0.0768276347711807,0.07330880833108941,0.0,0.0,353.127743566832,True
1764338887.756977,54.42938542366028,3.5792117969940844,-0.07674868609794792,0.07330880833112163,0.0,0.0,353.1348688133747,False
1764338887.8158321,54.488240480422974,3.5787233505524663,-0.07668990238106432,0.0733088083311456,0.0,0.0,353.14024513728396,False
1764338887.8762002,54.54860854148865,3.5781568508945174,-0.07662178365587409,0.07330880833117336,0.0,0.0,353.1465495934344,False
1764338887.9551795,54.62758779525757,3.577273920634281,-0.07651574282314577,0.0733088083312165,0.0,0.0,353.1565196343855,False
1764338888.048293,54.720701456069946,3.5764789628584337,-0.07642040198167227,0.07330880833125526,0.0,0.0,353.1656426622478,False
1764338888.112298,54.784706354141235,3.575926848657206,-0.0763542618480509,0.0733088083312821,0.0,0.0,353.1720586138148,False
1764338888.186888,54.8592963218689,3.575144322928226,-0.07626062784591942,0.07330880833132009,0.0,0.0,353.1812622393634,False
1764338888.252475,54.9248833656311,3.5745235504610045,-0.076186439845454,0.07330880833135013,0.0,0.0,353.18865406041425,False
1764338888.3130038,54.98541212081909,3.5740610263325037,-0.07613121701599701,0.07330880833137249,0.0,0.0,353.1942131481235,False
1764338888.3869026,55.05931091308594,3.5734483936459025,-0.07605814245800531,0.07330880833140202,0.0,0.0,353.2016437427641,False
1764338888.466772,55.139180421829224,3.5726135957347744,-0.07595869866836698,0.07330880833144221,0.0,0.0,353.21189182059726,False
1764338888.53377,55.206178426742554,3.5720119647110558,-0.0758871248819453,0.07330880833147109,0.0,0.0,353.21936506744737,False
1764338888.5936308,55.2660391330719,3.571563771823698,-0.07583385699117622,0.07330880833149256,0.0,0.0,353.22497998078165,False
1764338888.6677454,55.34015369415283,3.570970214636245,-0.07576338135622927,0.07330880833152097,0.0,0.0,353.23247864429885,False
1764338888.734743,55.40715146064758,3.5703079624625094,-0.07568484272323016,0.07330880833155258,0.0,0.0,353.240929645483,False
1764338888.8075614,55.47996973991394,3.569651521428014,-0.07560709151931122,0.07330880833158386,0.0,0.0,353.249394867767,False
1764338888.888577,55.56098532676697,3.5690728867787835,-0.07553863792345569,0.07330880833161137,0.0,0.0,353.2569301938457,False
1764338888.9588282,55.63123655319214,3.5684988252908694,-0.07547080194157679,0.07330880833163861,0.0,0.0,353.26447455724394,False
1764338889.031777,55.704185247421265,3.567787666493569,-0.07538687222419414,0.07330880833167228,0.0,0.0,353.27391638865123,False
1764338889.1000586,55.77246689796448,3.5672238636595264,-0.07532041805459404,0.07330880833169892,0.0,0.0,353.28147799998055,False
1764338889.1796274,55.85203576087952,3.5666646066626604,-0.0752545745570054,0.0733088083317253,0.0,0.0,353.28904609062204,False
1764338889.2444654,55.91687369346619,3.5661098872744605,-0.07518933960485552,0.07330880833175141,0.0,0.0,353.2966200300281,False
1764338889.3035586,55.975966930389404,3.5655596973495776,-0.07512471107736801,0.07330880833177728,0.0,0.0,353.3041992490129,False
1764338889.383122,56.055530309677124,3.564946137772314,-0.07505272621863521,0.07330880833180603,0.0,0.0,353.31273154336407,False
1764338889.4704893,56.142897605895996,3.564405546288194,-0.07498937933216727,0.07330880833183134,0.0,0.0,353.3203203375627,False
1764338889.5335827,56.20599102973938,3.563869459342927,-0.0749266322871194,0.07330880833185639,0.0,0.0,353.3279129657137,False
1764338889.5965867,56.2689950466156,3.5632717361420614,-0.0748567562564945,0.07330880833188427,0.0,0.0,353.3364587920274,False
1764338889.6619067,56.334315061569214,3.5628107679163605,-0.07480292936673229,0.07330880833190573,0.0,0.0,353.34310826774487,False
1764338889.7461874,56.41859579086304,3.5622881480591295,-0.07474196933547572,0.07330880833193001,0.0,0.0,353.3507103008021,False
1764338889.8291528,56.50156116485596,3.5615126042783096,-0.07465163776506817,0.07330880833196599,0.0,0.0,353.36211804497214,False
1764338889.9012005,56.57360887527466,3.561001154866957,-0.07459215270860849,0.07330880833198966,0.0,0.0,353.36972598512546,False
1764338889.9594142,56.63182258605957,3.560620491938956,-0.07454792385897464,0.07330880833200724,0.0,0.0,353.3754332443482,False
1764338890.0177257,56.690134048461914,3.5601795484522074,-0.0744967392911519,0.0733088083320276,0.0,0.0,353.3820930050379,False
1764338890.1018565,56.77426481246948,3.559493508778384,-0.07441720788330505,0.07330880833205919,0.0,0.0,353.392560881439,False
1764338890.165882,56.83829045295715,3.5590613035249934,-0.07436716859501533,0.07330880833207906,0.0,0.0,353.3992237091495,False
1764338890.227049,56.8994574546814,3.558693539984244,-0.07432463040798426,0.07330880833209596,0.0,0.0,353.4049355151665,False
1764338890.2937355,56.96614384651184,3.558207057435036,-0.07426841764187331,0.07330880833211825,0.0,0.0,353.41255232113303,False
1764338890.358845,57.03125333786011,3.5576650417329985,-0.07420586562325715,0.07330880833214307,0.0,0.0,353.4211225466745,False
1764338890.4189098,57.091318130493164,3.5573663328446323,-0.07417142798268506,0.07330880833215672,0.0,0.0,353.4258843322556,False
1764338890.483069,57.15547728538513,3.5568919755364186,-0.07411679203731389,0.07330880833217839,0.0,0.0,353.4335039319271,False
1764338890.570486,57.242894411087036,3.5560724252337463,-0.07402254882696192,0.07330880833221572,0.0,0.0,353.44684019384863,False
1764338890.6519258,57.324334144592285,3.5556101422209414,-0.07396947490845056,0.07330880833223673,0.0,0.0,353.45446190167326,False
1764338890.7141273,57.38653564453125,3.5552092363980146,-0.07392349826660699,0.07330880833225492,0.0,0.0,353.46113141570623,False
1764338890.795176,57.46758437156677,3.5546423201716673,-0.07385856437582712,0.07330880833228062,0.0,0.0,353.4706600493464,False
1764338890.855107,57.52751541137695,3.55424953733809,-0.07381363179766706,0.07330880833229839,0.0,0.0,353.47733057088135,False
1764338890.9304256,57.60283398628235,3.553804729132507,-0.07376280395231427,0.07330880833231848,0.0,0.0,353.48495445720835,False
1764338890.9946322,57.66704058647156,3.553307256585389,-0.07370602831505706,0.073308808332322,0.0,0.0,353.4931080200876,False
1764338891.094317,57.766725301742554,3.552699787140577,-0.07363679008111487,0.07330880833232407,0.0,0.0,353.5018787368846,False
1764338891.159834,57.832242250442505,3.5523135317716745,-0.07359281189254224,0.07330880833232536,0.0,0.0,353.50685042828695,False
1764338891.2255738,57.897982120513916,3.551872397752995,-0.07354262491340482,0.07330880833232686,0.0,0.0,353.5120128655401,False
1764338891.3109307,57.983339071273804,3.5512663615331705,-0.07347373898251292,0.07330880833232889,0.0,0.0,353.518301037348,False
1764338891.3870986,58.05950689315796,3.550825987822191,-0.07342372323829469,0.07330880833233036,0.0,0.0,353.52234913351555,False
1764338891.4651554,58.137563705444336,3.550330949263241,-0.0733675345266402,0.07330880833233203,0.0,0.0,353.52643430075227,False
1764338891.52364,58.19604825973511,3.5498912539892546,-0.07331765592874273,0.07330880833233348,0.0,0.0,353.52969089058774,False
1764338891.5890005,58.26140880584717,3.5494518773574844,-0.0732678375205739,0.07330880833233494,0.0,0.0,353.53263055825516,False
1764338891.656777,58.329185247421265,3.5490676838714936,-0.07322429388006678,0.07330880833233622,0.0,0.0,353.53496711354404,False
1764338891.737775,58.41018342971802,3.5485740783898945,-0.07316837182816566,0.07330880833233785,0.0,0.0,353.53767949352783,False
1764338891.8017495,58.47415781021118,3.5481356552269734,-0.07311872037866611,0.0733088083323393,0.0,0.0,353.53984173281304,False
1764338891.878464,58.55087232589722,3.5476428080488844,-0.07306292435189451,0.07330880833234092,0.0,0.0,353.5420237731402,False
1764338891.9449046,58.61731290817261,3.547314465849408,-0.07302576229460468,0.073308808332342,0.0,0.0,353.5433449239204,False
1764338892.011909,58.68431735038757,3.5468222859803964,-0.07297007060425816,0.07330880833234361,0.0,0.0,353.5451458306521,False
1764338892.07461,58.747018337249756,3.5463305056861576,-0.07291443891476247,0.07330880833234524,0.0,0.0,353.5467508057211,False
1764338892.1437995,58.81620788574219,3.5458937025975747,-0.07286503751608013,0.07330880833234667,0.0,0.0,353.54803025040314,False
1764338892.213673,58.88608145713806,3.545511758142723,-0.0728218482292332,0.07330880833234792,0.0,0.0,353.5490471997924,False
1764338892.2782195,58.95062780380249,3.5451300544151794,-0.0727786927264663,0.07330880833234915,0.0,0.0,353.5499770063738,False
1764338892.3639128,59.03632116317749,3.5444762643896417,-0.07270478875213272,0.07330880833235129,0.0,0.0,353.55138939864395,False
1764338892.442928,59.115336418151855,3.543986384686218,-0.07264942313195587,0.07330880833235287,0.0,0.0,353.55231509774876,False
1764338892.5023003,59.17470860481262,3.5436600182609,-0.07261254184410762,0.07330880833235393,0.0,0.0,353.5528755768926,False
1764338892.5630882,59.235496520996094,3.5432794796354714,-0.07256954270024425,0.07330880833235517,0.0,0.0,353.5534773282792,False
1764338892.628223,59.300631284713745,3.54279056685767,-0.0725143034049085,0.07330880833235676,0.0,0.0,353.55417586874324,False
1764338892.7064843,59.37889266014099,3.5423020485689545,-0.07245911437813082,0.07330880833235832,0.0,0.0,353.55479841071644,False
1764338892.7641943,59.43660259246826,3.5419765885629952,-0.0724223492725433,0.07330880833235937,0.0,0.0,353.5551753385866,False
1764338892.8275523,59.49996066093445,3.5415971062226417,-0.07237948423979848,0.07330880833236059,0.0,0.0,353.555580022456,False
1764338892.8983002,59.57070851325989,3.541055400894146,-0.07231829949556261,0.07330880833236234,0.0,0.0,353.5560987330294,False
1764338892.9675155,59.63992381095886,3.5406223853721364,-0.07226939427820997,0.07330880833236372,0.0,0.0,353.55633423095054,False
1764338893.0350456,59.70745396614075,3.5402437507464146,-0.07222663138268401,0.07330880833236494,0.0,0.0,353.55633423095054,False
1764338893.0957983,59.76820659637451,3.5398653528379236,-0.07218389522194013,0.07330880833236615,0.0,0.0,353.55633423095054,False
1764338893.1605592,59.83296751976013,3.5393791885946957,-0.07212898795955766,0.07330880833236769,0.0,0.0,353.55633423095054,False
1764338893.224551,59.89695930480957,3.539055295911077,-0.07209240760464476,0.07330880833236873,0.0,0.0,353.55633423095054,False
1764338893.2992814,59.97168970108032,3.538515859642498,-0.0720314838136623,0.07330880833237045,0.0,0.0,353.55633423095054,True
1764338893.373381,60.04578924179077,3.537976903719846,-0.07197061427282317,0.07330880833237216,0.0,0.0,353.55633423095054,False
1764338893.4388258,60.111234188079834,3.5375999199220147,-0.0719280378213671,0.07330880833237335,0.0,0.0,353.55633423095054,False
1764338893.516798,60.18920636177063,3.5371693686153756,-0.07187941146948687,0.07330880833237473,0.0,0.0,353.55633423095054,False
1764338893.5913496,60.263757944107056,3.5366316098230675,-0.07181867713223535,0.07330880833237644,0.0,0.0,353.55633423095054,False
1764338893.6522546,60.324662923812866,3.536201746532205,-0.07177012848467687,0.07330880833237778,0.0,0.0,353.55633423095054,False
1764338893.7278874,60.40029573440552,3.535772188320788,-0.0717216142927111,0.07330880833237914,0.0,0.0,353.55633423095054,False
1764338893.8044684,60.476876735687256,3.5353429347560668,-0.07167313450746343,0.07330880833238049,0.0,0.0,353.55633423095054,False
1764338893.9026432,60.5750515460968,3.534646046355157,-0.07159442811386676,0.07330880833238268,0.0,0.0,353.55633423095054,False
1764338893.9776382,60.650046586990356,3.5342175904358126,-0.07154603841447918,0.07330880833238403,0.0,0.0,353.55633423095054,False
1764338894.0682383,60.74064660072327,3.5336824467006225,-0.07148559942109423,0.0733088083323857,0.0,0.0,353.55633423095054,False
1764338894.1561341,60.82854247093201,3.533094334568353,-0.07141917819080695,0.07330880833238755,0.0,0.0,353.55633423095054,False
1764338894.2245798,60.89698815345764,3.532666975298114,-0.07137091234668236,0.07330880833238888,0.0,0.0,353.55633423095054,False
1764338894.2896178,60.96202611923218,3.532293283305456,-0.07132870767084082,0.07330880833239005,0.0,0.0,353.55633423095054,False
1764338894.3597727,61.03218102455139,3.5317598375152257,-0.07126846044291522,0.0733088083323917,0.0,0.0,353.55633423095054,False
1764338894.4372458,61.10965418815613,3.53122686146579,-0.07120826626739189,0.07330880833239337,0.0,0.0,353.55633423095054,False
1764338894.496633,61.16904139518738,3.5309073009677547,-0.07117217518838487,0.07330880833239437,0.0,0.0,353.55633423095054,False
1764338894.5828586,61.25526690483093,3.530428276348041,-0.0711180742732134,0.07330880833239584,0.0,0.0,353.55633423095054,False
1764338894.6453846,61.317792892456055,3.529949630547796,-0.07106401614181349,0.07330880833239732,0.0,0.0,353.55633423095054,False
1764338894.7092073,61.38161563873291,3.529524485151495,-0.07101600033203181,0.07330880833239864,0.0,0.0,353.55633423095054,False
1764338894.7773125,61.44972085952759,3.529152727742959,-0.07097401414761485,0.07330880833239978,0.0,0.0,353.55633423095054,False
1764338894.8420525,61.51446080207825,3.5287811985328834,-0.0709320537358722,0.07330880833240093,0.0,0.0,353.55633423095054,False
1764338894.9109285,61.58333683013916,3.5283038529814097,-0.07087814245422812,0.0733088083324024,0.0,0.0,353.55633423095054,False
1764338894.9850752,61.65748357772827,3.5278268835993223,-0.07082427365705612,0.07330880833240387,0.0,0.0,353.55633423095054,False
1764338895.0514345,61.72384285926819,3.527456167101683,-0.07078240503284339,0.07330880833240501,0.0,0.0,353.55633423095054,False
1764338895.1137855,61.78619384765625,3.5270856775267285,-0.07074056203721917,0.07330880833240613,0.0,0.0,353.55633423095054,False
1764338895.1790824,61.85149073600769,3.5266625383780035,-0.07069277281251368,0.07330880833240744,0.0,0.0,353.55633423095054,False
1764338895.269489,61.94189739227295,3.5260283837994173,-0.07062115156039053,0.07330880833240938,0.0,0.0,353.55633423095054,False
1764338895.3270264,61.99943470954895,3.525711555498001,-0.07058536905495458,0.07330880833241034,0.0,0.0,353.55633423095054,False
1764338895.41121,62.08361840248108,3.5251838765996,-0.07052577313828265,0.07330880833241195,0.0,0.0,353.55633423095054,False
1764338895.491874,62.16428232192993,3.524603960668468,-0.07046027758480654,0.07330880833241371,0.0,0.0,353.55633423095054,False
1764338895.5931973,62.26560568809509,3.5240772460968177,-0.07040079057894559,0.07330880833241532,0.0,0.0,353.55633423095054,False
1764338895.6545503,62.326958656311035,3.523708818433484,-0.0703591804550801,0.07330880833241643,0.0,0.0,353.55633423095054,False
1764338895.7326305,62.405038833618164,3.523182881929499,-0.07029978132397749,0.07330880833241801,0.0,0.0,353.55633423095054,False
1764338895.8103633,62.48277163505554,3.522657402039456,-0.07024043376273402,0.07330880833241961,0.0,0.0,353.55633423095054,False
1764338895.879778,62.552186250686646,3.522289837377414,-0.07019892110600853,0.07330880833242072,0.0,0.0,353.55633423095054,False
1764338895.9502604,62.622668743133545,3.5219224957968542,-0.07015743364404745,0.07330880833242183,0.0,0.0,353.55633423095054,False
1764338896.0367222,62.70913052558899,3.521293285599648,-0.07008637080906319,0.07330880833242372,0.0,0.0,353.55633423095054,False
1764338896.1191144,62.79152274131775,3.5207694429751104,-0.07002720816015737,0.07330880833242528,0.0,0.0,353.55633423095054,False
1764338896.1807823,62.853190660476685,3.5204553548842,-0.06999173513337872,0.07330880833242623,0.0,0.0,353.55633423095054,False
1764338896.253063,62.92547130584717,3.5200368241431845,-0.06994446638103381,0.07330880833242749,0.0,0.0,353.55633423095054,False
1764338896.3153927,62.98780107498169,3.519566322736572,-0.06989132807531902,0.07330880833242889,0.0,0.0,353.55633423095054,False
1764338896.4010882,63.0734965801239,3.519148406090468,-0.06984412867869272,0.07330880833243014,0.0,0.0,353.55633423095054,False
1764338896.4639323,63.136340618133545,3.518730777807053,-0.0697969618496729,0.07330880833243139,0.0,0.0,353.55633423095054,False
1764338896.5439656,63.216373920440674,3.5181048751922614,-0.06972627257218077,0.07330880833243325,0.0,0.0,353.55633423095054,False
1764338896.6045842,63.27699255943298,3.517687966077498,-0.0696791869658803,0.0733088083324345,0.0,0.0,353.55633423095054,False
1764338896.6713269,63.343735218048096,3.517323406024259,-0.0696380136488867,0.07330880833243557,0.0,0.0,353.55633423095054,False
1764338896.7441492,63.4165575504303,3.516959065421243,-0.0695968651165439,0.07330880833243665,0.0,0.0,353.55633423095054,False
1764338896.8104634,63.482871770858765,3.5164389590010803,-0.06953812443358226,0.07330880833243819,0.0,0.0,353.55633423095054,False
1764338896.888751,63.56115937232971,3.5159712450455936,-0.06948530094186801,0.07330880833243958,0.0,0.0,353.55633423095054,False
1764338896.9819825,63.654390811920166,3.51545198641654,-0.0694266560082123,0.0733088083324411,0.0,0.0,353.55633423095054,False
1764338897.0521445,63.72455286979675,3.5149850342297406,-0.06937391855045434,0.07330880833244248,0.0,0.0,353.55633423095054,False
1764338897.1375077,63.8099160194397,3.514466620632318,-0.06931536905444995,0.073308808332444,0.0,0.0,353.55633423095054,False
1764338897.2227564,63.89516472816467,3.514000427736742,-0.06926271735084391,0.07330880833244538,0.0,0.0,353.55633423095054,False
1764338897.2824576,63.9548659324646,3.5136380813520405,-0.06922179404499557,0.07330880833244643,0.0,0.0,353.55633423095054,False
1764338897.3720748,64.04448318481445,3.5130174203551716,-0.06915169675445978,0.07330880833244825,0.0,0.0,353.55633423095054,False
1764338897.477272,64.14968037605286,3.5124490396755528,-0.06908750398927042,0.07330880833244992,0.0,0.0,353.55633423095054,False
1764338897.5430326,64.21544098854065,3.5120360068989593,-0.06904085617558825,0.07330880833245113,0.0,0.0,353.55633423095054,False
1764338897.6095169,64.28192520141602,3.511571681683035,-0.06898841540723322,0.07330880833245247,0.0,0.0,353.55633423095054,False
1764338897.6942697,64.36667799949646,3.5111077124019716,-0.06893601483806826,0.07330880833245382,0.0,0.0,353.55633423095054,False
1764338897.78629,64.45869827270508,3.5105411214092763,-0.0688720241996516,0.07330880833245547,0.0,0.0,353.55633423095054,False
1764338897.861345,64.53375339508057,3.510026498543199,-0.06881390282785307,0.07330880833245695,0.0,0.0,353.55633423095054,False
1764338897.9431937,64.61560201644897,3.509615115061178,-0.06876744128506825,0.07330880833245815,0.0,0.0,353.55633423095054,False
1764338898.0266519,64.6990602016449,3.5091526426192488,-0.06871520976852333,0.07330880833245948,0.0,0.0,353.55633423095054,False
1764338898.1049006,64.77730894088745,3.508587877989143,-0.06865142539901939,0.07330880833246112,0.0,0.0,353.55633423095054,False
1764338898.1708176,64.84322595596313,3.508177470819303,-0.06860507412067675,0.0733088083324623,0.0,0.0,353.55633423095054,False
1764338898.2394333,64.91184163093567,3.5078185926839742,-0.06856454251800474,0.07330880833246334,0.0,0.0,353.55633423095054,False
1764338898.3198833,64.99229168891907,3.507357490390161,-0.06851246574562939,0.07330880833246466,0.0,0.0,353.55633423095054,False
1764338898.3840792,65.05648756027222,3.5068967391088663,-0.06846042861651616,0.07330880833246597,0.0,0.0,353.55633423095054,False
1764338898.460375,65.13278341293335,3.5064363383060626,-0.0684084310703518,0.07330880833246729,0.0,0.0,353.55633423095054,False
1764338898.5564861,65.22889447212219,3.505976287448935,-0.06835647304696063,0.07330880833246861,0.0,0.0,353.55633423095054,False
1764338898.61785,65.29025840759277,3.505516586005887,-0.06830455448630408,0.07330880833246993,0.0,0.0,353.55633423095054,False
1764338898.703445,65.3758533000946,3.504955202426017,-0.06824115197172889,0.07330880833247153,0.0,0.0,353.55633423095054,False
1764338898.7794144,65.45182275772095,3.5045472502548964,-0.06819507796029912,0.07330880833247269,0.0,0.0,353.55633423095054,False
1764338898.8580568,65.5304651260376,3.504088632491435,-0.06814328179013145,0.073308808332474,0.0,0.0,353.55633423095054,False
1764338898.9321735,65.60458183288574,3.503579464434175,-0.06808577648301305,0.07330880833247544,0.0,0.0,353.55633423095054,False
1764338899.012891,65.68529939651489,3.503121579119455,-0.06803406303541464,0.07330880833247673,0.0,0.0,353.55633423095054,False
1764338899.088298,65.76070642471313,3.5027148605482217,-0.06798812834643313,0.07330880833247788,0.0,0.0,353.55633423095054,False
1764338899.1796768,65.85208511352539,3.5021052946782616,-0.06791928413662641,0.0733088083324796,0.0,0.0,353.55633423095054,False
1764338899.2454622,65.91787052154541,3.5016992582218864,-0.06787342648551843,0.07330880833248074,0.0,0.0,353.55633423095054,False
1764338899.3244672,65.99687552452087,3.501293493971224,-0.06782759957725246,0.07330880833248189,0.0,0.0,353.55633423095054,True
1764338899.3894818,66.06189012527466,3.5009386732588883,-0.06778752621887138,0.07330880833248289,0.0,0.0,353.55633423095054,False
1764338899.4488277,66.12123608589172,3.5005840604308958,-0.06774747633889362,0.07330880833248388,0.0,0.0,353.55633423095054,False
1764338899.5101569,66.18256521224976,3.5001790428674426,-0.06770173376128566,0.07330880833248501,0.0,0.0,353.55633423095054,False
1764338899.5990334,66.27144169807434,3.499673151741828,-0.06764459854996967,0.07330880833248643,0.0,0.0,353.55633423095054,False
1764338899.660438,66.33284640312195,3.4993192793734758,-0.06760463229730976,0.07330880833248743,0.0,0.0,353.55633423095054,False
1764338899.7343178,66.40672612190247,3.498814106049912,-0.06754757815436936,0.07330880833248885,0.0,0.0,353.55633423095054,False
1764338899.7938073,66.46621561050415,3.4984607354302364,-0.06750766856907373,0.07330880833248982,0.0,0.0,353.55633423095054,False
1764338899.8521562,66.52456450462341,3.4982084540969858,-0.06747917598132798,0.07330880833249052,0.0,0.0,353.55633423095054,False
1764338899.939575,66.61198329925537,3.4977042066754156,-0.06742222640951645,0.07330880833249193,0.0,0.0,353.55633423095054,False
1764338900.023387,66.69579529762268,3.497099663769378,-0.06735394949194032,0.0733088083324936,0.0,0.0,353.55633423095054,False
1764338900.107544,66.77995228767395,3.4966466525216617,-0.06730278652019357,0.07330880833249487,0.0,0.0,353.55633423095054,False
1764338900.1802316,66.85263991355896,3.49624426030256,-0.06725734044828946,0.07330880833249598,0.0,0.0,353.55633423095054,False
1764338900.258476,66.93088436126709,3.495691407449599,-0.06719490139177874,0.0733088083324975,0.0,0.0,353.55633423095054,False
1764338900.3378632,67.01027154922485,3.4952394486034772,-0.0671438572779925,0.07330880833249875,0.0,0.0,353.55633423095054,False
1764338900.399441,67.07184934616089,3.49493833008948,-0.06710984903183578,0.07330880833249959,0.0,0.0,353.55633423095054,False
1764338900.4865096,67.15891790390015,3.4943866682624303,-0.06704754448947955,0.0733088083325011,0.0,0.0,353.55633423095054,False
1764338900.5557184,67.22812676429749,3.4939356822773076,-0.06699661025035997,0.07330880833250233,0.0,0.0,353.55633423095054,False
1764338900.6395361,67.3119444847107,3.4934850320766357,-0.06694571393464832,0.07330880833250358,0.0,0.0,353.55633423095054,False
1764338900.7092738,67.38168215751648,3.493084735609637,-0.06690050455643823,0.07330880833250467,0.0,0.0,353.55633423095054,False
1764338900.776312,67.44872045516968,3.492634718306087,-0.06684967971996186,0.0733088083325059,0.0,0.0,353.55633423095054,False
1764338900.862217,67.53462529182434,3.4921350911901943,-0.06679325196426432,0.07330880833250727,0.0,0.0,353.55633423095054,False
1764338900.9289782,67.60138654708862,3.4917855974427496,-0.06675378023190366,0.07330880833250822,0.0,0.0,353.55633423095054,False
1764338900.9927683,67.66517663002014,3.491386422971775,-0.06670869757163086,0.07330880833250931,0.0,0.0,353.55633423095054,False
1764338901.0857675,67.75817584991455,3.490788154442395,-0.06664112928051223,0.07330880833251094,0.0,0.0,353.55633423095054,False
1764338901.154309,67.82671737670898,3.490439437364275,-0.06660174526498179,0.07330880833251188,0.0,0.0,353.55633423095054,False
1764338901.2348027,67.90721106529236,3.4899913818494035,-0.06655114199240533,0.0733088083325131,0.0,0.0,353.55633423095054,False
1764338901.3146565,67.98706483840942,3.489444208491641,-0.06648934437659568,0.07330880833251459,0.0,0.0,353.55633423095054,False
1764338901.3742518,68.04666018486023,3.4890965890713304,-0.06645008433025097,0.07330880833252001,0.0,0.0,353.55633423095054,False
1764338901.4543042,68.12671256065369,3.488701388781829,-0.06640544954277276,0.07330880833252956,0.0,0.0,353.5559237021627,False
1764338901.536026,68.20843434333801,3.488210669572799,-0.06635001953093513,0.0733088083325414,0.0,0.0,353.5547254530242,False
1764338901.59612,68.2685284614563,3.4877721349220128,-0.06630047326459952,0.07330880833255196,0.0,0.0,353.5531530585846,False
1764338901.670363,68.34277129173279,3.487384798362991,-0.06625669999264328,0.07330880833256129,0.0,0.0,353.5514053377101,False
1764338901.7338996,68.40630793571472,3.487095820931307,-0.06622403400125344,0.07330880833256823,0.0,0.0,353.54989861480226,False
1764338901.8259654,68.49837374687195,3.4865217821210277,-0.06615911983588484,0.07330880833258199,0.0,0.0,353.5464340275674,False
1764338901.9036932,68.57610154151917,3.4860473991909626,-0.06610544657554149,0.07330880833259336,0.0,0.0,353.54313889904074,False
1764338901.9910545,68.66346287727356,3.4856235452496196,-0.06605746577616328,0.07330880833260349,0.0,0.0,353.5398955768256,False
1764338902.0555441,68.72795248031616,3.485295902669126,-0.06602035899742217,0.07330880833261132,0.0,0.0,353.5372102567845,False
1764338902.1319258,68.80433416366577,3.484830906233871,-0.06596766874481381,0.0733088083326224,0.0,0.0,353.5331529825244,False
1764338902.1992705,68.87167882919312,3.4844615014898013,-0.06592578583839172,0.0733088083326312,0.0,0.0,353.5297388021041,False
1764338902.2681463,68.94055461883545,3.484140160229233,-0.06588933382527763,0.07330880833263885,0.0,0.0,353.52664108748166,False
1764338902.3300712,69.00247955322266,3.483820579037735,-0.06585306370020864,0.07330880833264644,0.0,0.0,353.52344965211864,False
1764338902.391666,69.06407427787781,3.4834122721632435,-0.0658066971161783,0.07330880833265613,0.0,0.0,353.51922151034574,False
1764338902.4498477,69.12225604057312,3.4830967070126926,-0.06577084086744542,0.07330880833266362,0.0,0.0,353.51584491261383,False
1764338902.518194,69.19060230255127,3.482782895854291,-0.06573516498800082,0.07330880833267105,0.0,0.0,353.5123984917487,False
1764338902.602135,69.27454328536987,3.482381998721863,-0.06568956044988672,0.07330880833268053,0.0,0.0,353.5078743511713,False
1764338902.6841598,69.35656809806824,3.4818959411531516,-0.06563422467763097,0.07330880833269202,0.0,0.0,353.5022181204964,False
1764338902.7533274,69.42573571205139,3.4815451547842646,-0.06559425842374456,0.07330880833270029,0.0,0.0,353.49802680974085,False
1764338902.819498,69.49190640449524,3.4812400864150037,-0.06555947963920361,0.07330880833270746,0.0,0.0,353.49431140352846,False
1764338902.883178,69.55558633804321,3.4809367612469253,-0.06552487954919381,0.07330880833271461,0.0,0.0,353.4905552068196,False
1764338902.9456813,69.61808967590332,3.480592236187451,-0.06548555517037806,0.0733088083327227,0.0,0.0,353.4862169329416,False
1764338903.014242,69.68665027618408,3.4802073610301876,-0.06544159366102698,0.07330880833273173,0.0,0.0,353.48128402225734,False
1764338903.1082423,69.78065061569214,3.4798676607232903,-0.065402764029156,0.0733088083327397,0.0,0.0,353.47685738460655,False
1764338903.1844008,69.85680913925171,3.479530226864641,-0.06536416694698745,0.07330880833274761,0.0,0.0,353.4723953657625,False
1764338903.261948,69.93435645103455,3.4790283200968872,-0.06530670706532801,0.07330880833275935,0.0,0.0,353.465643437217,False
1764338903.350723,70.02313137054443,3.478613949386922,-0.06525922303842524,0.07330880833276904,0.0,0.0,353.45996931085267,False
1764338903.4167314,70.08913969993591,3.478367020013583,-0.06523090675304882,0.07330880833277478,0.0,0.0,353.45654644804455,False
1764338903.5010207,70.17342901229858,3.477958289454588,-0.065184003086396,0.07330880833278432,0.0,0.0,353.4508142491755,False
1764338903.5599866,70.23239493370056,3.4775934406911047,-0.06514209982451602,0.07330880833279281,0.0,0.0,353.44562891324756,False
1764338903.6464381,70.3188464641571,3.4771913918471262,-0.06509588509539795,0.07330880833280215,0.0,0.0,353.4398415513233,False
1764338903.7297125,70.40212082862854,3.476872280075105,-0.06505917436447169,0.07330880833280956,0.0,0.0,353.4351941851727,False
1764338903.8145826,70.4869909286499,3.4764371647653634,-0.06500907601920321,0.07330880833281966,0.0,0.0,353.42878164021636,False
1764338903.8849125,70.55732083320618,3.4760843125007774,-0.06496841283709477,0.07330880833282784,0.0,0.0,353.4235178778424,False
1764338903.9520726,70.6244809627533,3.4758118302647305,-0.064936989028687,0.07330880833283414,0.0,0.0,353.41941434347314,False
1764338904.0158584,70.68826675415039,3.475579636655543,-0.06491019581286388,0.07330880833283951,0.0,0.0,353.4158910086493,False
1764338904.0798616,70.75226998329163,3.475271999948818,-0.06487467471166425,0.07330880833284661,0.0,0.0,353.4111853252152,False
1764338904.146451,70.81885933876038,3.4748905924345723,-0.06483059996880336,0.07330880833285541,0.0,0.0,353.4052917497521,False
1764338904.2350633,70.90747165679932,3.474512667847319,-0.06478688827441864,0.07330880833286413,0.0,0.0,353.3993868606835,False
1764338904.319738,70.99214625358582,3.474212832924334,-0.06475218041128052,0.07330880833287103,0.0,0.0,353.3946557225946,False
1764338904.3859134,71.05832171440125,3.4738411665392137,-0.06470912258106137,0.07330880833287957,0.0,0.0,353.3887337835566,False
1764338904.4484708,71.12087917327881,3.4735463325486444,-0.06467493802215514,0.07330880833288635,0.0,0.0,353.38399049245396,False
1764338904.5258212,71.19822955131531,3.473253717619255,-0.06464098619031404,0.07330880833289306,0.0,0.0,353.3792426359818,False
1764338904.6154473,71.28785562515259,3.472927175588515,-0.06460306868237511,0.07330880833290054,0.0,0.0,353.3738963918875,False
1764338904.6822248,71.35463309288025,3.472567638070456,-0.0645612838932681,0.07330880833290879,0.0,0.0,353.3679506902355,False
1764338904.7756343,71.44804263114929,3.472176138241823,-0.06451574125578007,0.07330880833291774,0.0,0.0,353.36140460769104,False
1764338904.8637514,71.53615975379944,3.4718589267040643,-0.0644788070571113,0.07330880833292498,0.0,0.0,353.3560447385879,False
1764338904.9357767,71.6081850528717,3.4715445078254135,-0.06444216819790718,0.07330880833293216,0.0,0.0,353.35068170246456,False
1764338905.0157063,71.68811464309692,3.471164006293216,-0.06439778869557472,0.07330880833294083,0.0,0.0,353.3441230791343,False
1764338905.0802884,71.75269675254822,3.470924036298535,-0.06436977717973237,0.0733088083329463,0.0,0.0,353.33994746990777,False
1764338905.1514518,71.82386016845703,3.470685750398787,-0.06434194464158179,0.07330880833295171,0.0,0.0,353.3357705051689,False
1764338905.217782,71.8901903629303,3.470381855236108,-0.06430642307548357,0.07330880833295862,0.0,0.0,353.3303983159323,True
1764338905.2792034,71.95161175727844,3.47011405915226,-0.06427509699656095,0.07330880833296471,0.0,0.0,353.3256214967622,False
1764338905.3434932,72.01590156555176,3.46988153713333,-0.06424787875631237,0.07330880833296999,0.0,0.0,353.32144070706516,False
1764338905.4136622,72.08607053756714,3.4696506933245046,-0.06422083988454654,0.07330880833297522,0.0,0.0,353.3172590057724,False
1764338905.487797,72.1602053642273,3.4693563579905673,-0.0641863393308952,0.0733088083329819,0.0,0.0,353.31188131812763,False
1764338905.5539522,72.2263605594635,3.4690647919506734,-0.06415213563515175,0.07330880833298849,0.0,0.0,353.30650240205074,False
1764338905.635038,72.30744624137878,3.468839931200337,-0.0641257381250038,0.07330880833299358,0.0,0.0,353.30231803745727,False
1764338905.6962845,72.36869287490845,3.4685849951827237,-0.06409578971009199,0.07330880833299934,0.0,0.0,353.29753516843834,False
1764338905.755352,72.42776036262512,3.4682693939669194,-0.06405868465755558,0.07330880833300646,0.0,0.0,353.2915555867366,False
1764338905.839826,72.5122344493866,3.467957199161014,-0.0640219470597113,0.07330880833301351,0.0,0.0,353.2855750232796,False
1764338905.90853,72.5809383392334,3.467740687694053,-0.06399644953394079,0.0733088083330184,0.0,0.0,353.2813881084583,False
1764338905.9716916,72.6440999507904,3.4675258424002524,-0.06397113230699464,0.07330880833302322,0.0,0.0,353.27720080690557,False
1764338906.0301101,72.70251846313477,3.4672823435889315,-0.06394241923985117,0.0733088083330287,0.0,0.0,353.27241488824717,False
1764338906.1113422,72.78375053405762,3.466981025467508,-0.06390685949408646,0.07330880833303548,0.0,0.0,353.26643190839746,False
1764338906.1884012,72.86080956459045,3.4668018628142963,-0.06388570061188285,0.07330880833303952,0.0,0.0,353.26284184058244,False
1764338906.2514083,72.9238166809082,3.4665354065992258,-0.0638542113211543,0.07330880833304548,0.0,0.0,353.2574563851037,False
1764338906.3352735,73.00768184661865,3.4662134628837338,-0.06381613054167407,0.0733088083330527,0.0,0.0,353.2508736454674,False
1764338906.4240243,73.09643268585205,3.4659243389476972,-0.06378189965709744,0.0733088083330592,0.0,0.0,353.2448889030404,False
1764338906.497413,73.16982126235962,3.465695473275433,-0.06375478123536676,0.07330880833306432,0.0,0.0,353.24010084643567,False
1764338906.5820436,73.25445199012756,3.4653843116048693,-0.06371788022029311,0.07330880833307128,0.0,0.0,353.23351693169724,False
1764338906.6509461,73.32335448265076,3.4651327610887153,-0.063688021900573,0.0733088083330769,0.0,0.0,353.22812983484175,False
1764338906.710887,73.38329529762268,3.4649665776545735,-0.06366828319441707,0.07330880833308061,0.0,0.0,353.22453832176205,False
1764338906.7975447,73.46995306015015,3.4647195761666985,-0.06363892557808218,0.07330880833308612,0.0,0.0,353.21915089619273,False
1764338906.8605032,73.53291153907776,3.4644753010543017,-0.06360986871424888,0.07330880833309156,0.0,0.0,353.2137633016395,False
1764338906.9407842,73.61319255828857,3.4642337500683125,-0.06358111285394487,0.07330880833309696,0.0,0.0,353.2083755564873,False
1764338907.006027,73.67843532562256,3.4640742283823838,-0.06356210962972528,0.07330880833310051,0.0,0.0,353.2047836508863,False
1764338907.0787098,73.75111818313599,3.4638634134835513,-0.06353698040493777,0.0733088083331052,0.0,0.0,353.1999943582538,False
1764338907.1556678,73.82807612419128,3.463576855345256,-0.06350279373916615,0.07330880833310979,0.0,0.0,353.19345423770073,False
1764338907.2189343,73.8913426399231,3.463369194509472,-0.06347799948702151,0.07330880833310993,0.0,0.0,353.1891012881095,False
1764338907.2959108,73.96831917762756,3.4631616049530285,-0.06345319854063113,0.07330880833311008,0.0,0.0,353.18517195533644,False
1764338907.3683877,74.04079604148865,3.4629540866838324,-0.06342839239034187,0.07330880833311024,0.0,0.0,353.1816250141831,False
1764338907.4596336,74.13204193115234,3.4626429429464984,-0.06339117631180055,0.07330880833311046,0.0,0.0,353.176941182828,False
1764338907.5484345,74.22084283828735,3.4623837790160295,-0.06336015915533398,0.07330880833311065,0.0,0.0,353.17355156683936,False
1764338907.6373582,74.3097665309906,3.462150626690281,-0.06333224258157084,0.07330880833311082,0.0,0.0,353.17085050375726,False
1764338907.7183313,74.39073967933655,3.461865785198137,-0.06329812281035482,0.07330880833311103,0.0,0.0,353.16794499365164,False
1764338907.7930248,74.46543312072754,3.4616328332309374,-0.06327020838602052,0.0733088083331112,0.0,0.0,353.16585390397154,False
1764338907.8551276,74.52753591537476,3.4614775819835364,-0.06325160018794701,0.07330880833311132,0.0,0.0,353.1645878206972,False
1764338907.9189992,74.59140753746033,3.461296506131995,-0.06322989247400862,0.07330880833311144,0.0,0.0,353.1632285063063,False
1764338907.985458,74.65786623954773,3.461063774370578,-0.06320198608050896,0.07330880833311161,0.0,0.0,353.1616505521434,False
1764338908.0496461,74.72205448150635,3.460856977262836,-0.06317718428345097,0.07330880833311176,0.0,0.0,353.16039264783007,False
1764338908.1442473,74.81665563583374,3.4606244154908743,-0.0631492872439865,0.07330880833311193,0.0,0.0,353.1591232240625,False
1764338908.2291424,74.90155076980591,3.46034029544302,-0.06311519886470124,0.07330880833311214,0.0,0.0,353.15775771593735,False
1764338908.3027005,74.97510886192322,3.460082120985055,-0.06308421782528917,0.07330880833311233,0.0,0.0,353.15667259212154,False
1764338908.3772738,75.04968214035034,3.459875661250611,-0.06305943919484684,0.07330880833311249,0.0,0.0,353.15589912888436,False
1764338908.4616191,75.1340274810791,3.459643478819395,-0.06303157021167252,0.07330880833311265,0.0,0.0,353.15511858253745,False
1764338908.5431564,75.2155647277832,3.459359822104921,-0.06299751866218253,0.07330880833311286,0.0,0.0,353.154278955609,False
1764338908.6291077,75.30151605606079,3.4591020685572147,-0.0629665732305851,0.07330880833311304,0.0,0.0,353.15361173206094,False
1764338908.6953597,75.36776804924011,3.458921706871551,-0.062944917606749,0.07330880833311318,0.0,0.0,353.15319296318097,False
1764338908.7764752,75.44888353347778,3.4586641412544314,-0.06291399008917938,0.07330880833311337,0.0,0.0,353.1526561989009,False
1764338908.8449416,75.5173499584198,3.4584581682768714,-0.06288925596611859,0.07330880833311351,0.0,0.0,353.15231931004706,False
1764338908.911316,75.5837242603302,3.458277999878765,-0.0628676201048878,0.07330880833311365,0.0,0.0,353.15231931004706,False
1764338908.9953508,75.66775918006897,3.458020710264404,-0.0628367229972322,0.07330880833311383,0.0,0.0,353.15231931004706,False
1764338909.0780694,75.75047779083252,3.4577378190598957,-0.06280275147443214,0.07330880833311404,0.0,0.0,353.15231931004706,False
1764338909.1434598,75.81586813926697,3.4575578668039815,-0.06278114156904337,0.07330880833311418,0.0,0.0,353.15231931004706,False
1764338909.2127666,75.88517498970032,3.457403664957833,-0.0627626239500832,0.07330880833311429,0.0,0.0,353.15231931004706,False
1764338909.2964134,75.96882176399231,3.457146749914643,-0.06273177182351171,0.07330880833311448,0.0,0.0,353.15231931004706,False
1764338909.3631215,76.03552985191345,3.4568899448319694,-0.06270093290175588,0.07330880833311466,0.0,0.0,353.15231931004706,False
1764338909.4444394,76.11684775352478,3.456633249615724,-0.0626701071735169,0.07330880833311484,0.0,0.0,353.15231931004706,False
1764338909.504833,76.17724132537842,3.4564792851827675,-0.0626516180647667,0.07330880833311496,0.0,0.0,353.15231931004706,False
1764338909.5665932,76.23900151252747,3.4562997099304007,-0.06263005343255858,0.0733088083331151,0.0,0.0,353.15231931004706,False
1764338909.6304543,76.30286264419556,3.4560689064069163,-0.06260233695698261,0.07330880833311526,0.0,0.0,353.15231931004706,False
1764338909.7047784,76.37718677520752,3.4558381916320156,-0.0625746311389474,0.07330880833311543,0.0,0.0,353.15231931004706,False
1764338909.7846105,76.45701885223389,3.45563318628193,-0.06255001268558591,0.07330880833311558,0.0,0.0,353.15231931004706,False
1764338909.860173,76.5325813293457,3.4554026389571577,-0.06252232697611458,0.07330880833311575,0.0,0.0,353.15231931004706,False
1764338909.9402423,76.61265063285828,3.4551209791421003,-0.0624885033270345,0.07330880833311595,0.0,0.0,353.15231931004706,False
1764338910.0256174,76.69802570343018,3.4548906285065453,-0.062460841237358046,0.07330880833311612,0.0,0.0,353.15231931004706,False
1764338910.097527,76.76993536949158,3.4546859466010917,-0.06243626162545389,0.07330880833311626,0.0,0.0,353.15231931004706,False
1764338910.16861,76.84101843833923,3.454430192369697,-0.06240554889715199,0.07330880833311645,0.0,0.0,353.15231931004706,False
1764338910.248858,76.92126631736755,3.45420010673283,-0.0623779186303418,0.07330880833311662,0.0,0.0,353.15231931004706,False
1764338910.336092,77.00850033760071,3.453970109293415,-0.06235029895488869,0.07330880833311679,0.0,0.0,353.15231931004706,False
1764338910.4268203,77.09922862052917,3.4536635831200857,-0.06231348918236769,0.07330880833311701,0.0,0.0,353.15231931004706,False
1764338910.5097318,77.18214011192322,3.4534082642094015,-0.06228282873037276,0.07330880833311718,0.0,0.0,353.15231931004706,False
1764338910.5686066,77.24101495742798,3.45325512499629,-0.06226443871970112,0.0733088083331173,0.0,0.0,353.15231931004706,False
1764338910.6492093,77.321617603302,3.4530254894371133,-0.062236862501317686,0.07330880833311745,0.0,0.0,353.15231931004706,False
1764338910.7302408,77.40264916419983,3.4527449430531822,-0.062203172560710375,0.07330880833311766,0.0,0.0,353.15231931004706,False
1764338910.8091316,77.4815399646759,3.452515502631198,-0.06217561977574384,0.07330880833311783,0.0,0.0,353.15231931004706,False
1764338910.8685024,77.5409107208252,3.4523625910782223,-0.06215725710406822,0.07330880833311794,0.0,0.0,353.15231931004706,False
1764338910.9493456,77.62175393104553,3.4521078250568014,-0.062126663046821115,0.07330880833311812,0.0,0.0,353.15231931004706,False
1764338911.0092409,77.68164920806885,3.451904090096937,-0.06210219715066057,0.07330880833311826,0.0,0.0,353.15231931004706,False
1764338911.0752094,77.74761772155762,3.4517258787378347,-0.062080796304142476,0.0733088083331184,0.0,0.0,353.15231931004706,False
1764338911.1513474,77.82375574111938,3.4515222734061526,-0.062056345974626274,0.07330880833311854,0.0,0.0,353.15231931004706,True
1764338911.2315786,77.90398693084717,3.4512424288399752,-0.062022740313125005,0.07330880833311874,0.0,0.0,353.15231931004706,False
1764338911.315714,77.98812222480774,3.450988137900495,-0.0619922033069871,0.07330880833311892,0.0,0.0,353.15231931004706,False
1764338911.3957675,78.06817579269409,3.4507847827161275,-0.06196778301688207,0.07330880833311906,0.0,0.0,353.15231931004706,False
1764338911.461088,78.13349628448486,3.450581496429783,-0.061943371000525736,0.07330880833311922,0.0,0.0,353.15231931004706,False
1764338911.5523086,78.22471690177917,3.450276696081979,-0.06190676847701152,0.07330880833311942,0.0,0.0,353.15231931004706,False
1764338911.619673,78.29208135604858,3.4500989673573845,-0.061885425588566904,0.07330880833311956,0.0,0.0,353.15231931004706,False
1764338911.7072942,78.3797025680542,3.449845160467907,-0.06185494671048468,0.07330880833311973,0.0,0.0,353.15231931004706,False
1764338911.7811208,78.45352911949158,3.449591460894938,-0.06182448071970757,0.07330880833311992,0.0,0.0,353.15231931004706,False
1764338911.86519,78.53759837150574,3.4493632229599043,-0.061797072337650034,0.07330880833312008,0.0,0.0,353.15231931004706,False
1764338911.9442446,78.61665296554565,3.449160417655568,-0.06177271808092363,0.07330880833312023,0.0,0.0,353.15231931004706,False
1764338912.0256608,78.69806909561157,3.4489576808772076,-0.06174837205326796,0.07330880833312037,0.0,0.0,353.15231931004706,False
1764338912.086992,78.75940036773682,3.4486790296120007,-0.06171490969156003,0.07330880833312056,0.0,0.0,353.15231931004706,False
1764338912.1464632,78.81887149810791,3.4484764553973806,-0.06169058318567714,0.0733088083331207,0.0,0.0,353.15231931004706,False
1764338912.2102444,78.882652759552,3.448299259045866,-0.061669304228255936,0.07330880833312084,0.0,0.0,353.15231931004706,False
1764338912.2704334,78.94284176826477,3.448147418098344,-0.061651070122251406,0.07330880833312095,0.0,0.0,353.15231931004706,False
1764338912.3302395,79.0026478767395,3.4479703188783266,-0.06162980282904885,0.07330880833312106,0.0,0.0,353.15231931004706,False
1764338912.4093285,79.08173680305481,3.4476921256735884,-0.061596395474394376,0.07330880833312127,0.0,0.0,353.15231931004706,False
1764338912.5002015,79.17260980606079,3.4474393346398604,-0.06156603858726213,0.07330880833312145,0.0,0.0,353.15231931004706,False
1764338912.5628426,79.23525094985962,3.4472877111258406,-0.061547830592169,0.07330880833312155,0.0,0.0,353.15231931004706,False
1764338912.6492975,79.32170581817627,3.447009834158679,-0.06151446121349932,0.07330880833312176,0.0,0.0,353.15231931004706,False
1764338912.7122805,79.38468885421753,3.446807822619063,-0.06149020227750347,0.0733088083331219,0.0,0.0,353.15231931004706,False
1764338912.7776322,79.45004057884216,3.4466311182970784,-0.0614689824063745,0.073308808333122,0.0,0.0,353.15231931004706,False
1764338912.842905,79.51531338691711,3.4465049327778883,-0.061453829180774355,0.0733088083331221,0.0,0.0,353.15231931004706,False
1764338912.9295723,79.60198068618774,3.4462274180128225,-0.06142050329782515,0.0733088083331223,0.0,0.0,353.15231931004706,False
1764338912.9987745,79.67118287086487,3.4459752431975166,-0.06139022041044201,0.07330880833312248,0.0,0.0,353.15231931004706,False
1764338913.070087,79.74249529838562,3.4457735796270894,-0.061366003260981225,0.07330880833312262,0.0,0.0,353.15231931004706,False
1764338913.1481535,79.82056188583374,3.4455467890985196,-0.06133876869345357,0.07330880833312278,0.0,0.0,353.15231931004706,False
1764338913.2124908,79.8848991394043,3.445320084259719,-0.06131154441614304,0.07330880833312294,0.0,0.0,353.15231931004706,False
1764338913.2998388,79.97224712371826,3.4450682904160024,-0.061281307278450374,0.07330880833312312,0.0,0.0,353.15231931004706,False
1764338913.3794732,80.05188155174255,3.4448669313925735,-0.06125712670108913,0.07330880833312325,0.0,0.0,353.15231931004706,False
1764338913.468565,80.14097332954407,3.4445901730262416,-0.06122389165170563,0.07330880833312345,0.0,0.0,353.15231931004706,False
1764338913.5442386,80.21664690971375,3.4443386852401816,-0.06119369126752276,0.07330880833312362,0.0,0.0,353.15231931004706,False
1764338913.6070318,80.27944016456604,3.444162706487175,-0.06117255852771022,0.07330880833312375,0.0,0.0,353.15231931004706,False
1764338913.6676888,80.34009718894958,3.4440119086252965,-0.061154449682608726,0.07330880833312385,0.0,0.0,353.15231931004706,False
1764338913.7543273,80.42673563957214,3.4437606630460675,-0.061124278384289105,0.07330880833312403,0.0,0.0,353.15231931004706,False
1764338913.8199656,80.49237394332886,3.4435597423034485,-0.06110015043870388,0.07330880833312417,0.0,0.0,353.15231931004706,False
1764338913.9016092,80.57401752471924,3.4433086859522,-0.06107000186418263,0.07330880833312434,0.0,0.0,353.15231931004706,False
1764338913.9696908,80.64209914207458,3.4431079164779677,-0.06104589208394636,0.07330880833312448,0.0,0.0,353.15231931004706,False
1764338914.0276659,80.70007419586182,3.4429322982795263,-0.06102480264200757,0.0733088083331246,0.0,0.0,353.15231931004706,False
1764338914.1079037,80.78031206130981,3.4426815042725405,-0.060994685571590795,0.07330880833312478,0.0,0.0,353.15231931004706,False
1764338914.1841424,80.85655069351196,3.442480944515812,-0.06097060097567586,0.07330880833312492,0.0,0.0,353.15231931004706,False
1764338914.2683778,80.94078612327576,3.442230339057449,-0.06094050654747527,0.07330880833312509,0.0,0.0,353.15231931004706,False
1764338914.3528366,81.02524495124817,3.441954793893818,-0.060907417187821854,0.07330880833312528,0.0,0.0,353.15231931004706,False
1764338914.43663,81.10903835296631,3.4417294419337376,-0.06088035537349907,0.07330880833312545,0.0,0.0,353.15231931004706,False
1764338914.5268407,81.19924902915955,3.4414541266513714,-0.0608472936195701,0.07330880833312563,0.0,0.0,353.15231931004706,False
1764338914.6023839,81.27479219436646,3.4412039496083278,-0.06081725063842966,0.07330880833312581,0.0,0.0,353.15231931004706,False
1764338914.6609995,81.33340787887573,3.441053893437391,-0.060799230860681015,0.0733088083331259,0.0,0.0,353.15231931004706,False
1764338914.72768,81.4000883102417,3.440903874784676,-0.060781215588378686,0.073308808333126,0.0,0.0,353.15231931004706,False
1764338914.8010519,81.47346019744873,3.440703908243651,-0.06075720222988804,0.07330880833312614,0.0,0.0,353.15231931004706,False
1764338914.862127,81.53453540802002,3.4404540437483644,-0.06072719678163337,0.07330880833312632,0.0,0.0,353.15231931004706,False
1764338914.9442444,81.61665272712708,3.4402042832621915,-0.060697203823508815,0.07330880833312649,0.0,0.0,353.15231931004706,False
1764338915.0246203,81.69702863693237,3.4400295127609377,-0.060676216178882435,0.07330880833312661,0.0,0.0,353.15231931004706,False
1764338915.0902598,81.76266813278198,3.4398547931520778,-0.060655234645764944,0.07330880833312674,0.0,0.0,353.15231931004706,False
1764338915.156628,81.82903623580933,3.4396302283879474,-0.06062826736334975,0.07330880833312689,0.0,0.0,353.15231931004706,False
1764338915.25384,81.92624831199646,3.4393309393836744,-0.060592326679898036,0.07330880833312708,0.0,0.0,353.15231931004706,False
1764338915.3123915,81.98479986190796,3.439181350845889,-0.0605743630587566,0.0733088083331272,0.0,0.0,353.15231931004706,False
1764338915.4056022,82.07801055908203,3.438981957457491,-0.06055041852837801,0.07330880833312733,0.0,0.0,353.15231931004706,False
1764338915.4931946,82.16560292243958,3.438658084459275,-0.06051152562973752,0.07330880833312756,0.0,0.0,353.15231931004706,False
1764338915.5712166,82.2436249256134,3.438359279855386,-0.06047564311641775,0.07330880833312776,0.0,0.0,353.15231931004706,False
1764338915.654734,82.32714223861694,3.4381352740152624,-0.060448742953443935,0.07330880833312792,0.0,0.0,353.15231931004706,False
1764338915.7389565,82.41136479377747,3.4379362278965098,-0.060424840125594466,0.07330880833312806,0.0,0.0,353.15231931004706,False
1764338915.8071492,82.47955751419067,3.4376875130687923,-0.060394972737333893,0.07330880833312822,0.0,0.0,353.15231931004706,False
1764338915.8774486,82.54985690116882,3.437463757837763,-0.060368102669224995,0.07330880833312838,0.0,0.0,353.15231931004706,False
1764338915.9441862,82.61659455299377,3.4372897836620093,-0.06034721065284525,0.0733088083331285,0.0,0.0,353.15231931004706,False
1764338916.0068433,82.6792516708374,3.43711585991599,-0.060326324692415126,0.07330880833312861,0.0,0.0,353.15231931004706,False
1764338916.0732725,82.745680809021,3.436892317724907,-0.06029948020760918,0.07330880833312876,0.0,0.0,353.15231931004706,False
1764338916.1348622,82.80727052688599,3.4366936834484467,-0.0602756268366167,0.0733088083331289,0.0,0.0,353.15231931004706,False
1764338916.2213445,82.89375281333923,3.4364702984611135,-0.0602488012299189,0.07330880833312906,0.0,0.0,353.15231931004706,False
1764338916.2863889,82.9587972164154,3.4362966120620095,-0.060227943771739886,0.07330880833312917,0.0,0.0,353.15231931004706,False
1764338916.3749554,83.04736375808716,3.4359989808716915,-0.06019220216999765,0.07330880833312937,0.0,0.0,353.15231931004706,False
1764338916.4586892,83.13109755516052,3.4357758543267374,-0.06016540759883944,0.07330880833312953,0.0,0.0,353.15231931004706,False
1764338916.5182803,83.1906886100769,3.4356023688054673,-0.06014457426345313,0.07330880833312964,0.0,0.0,353.15231931004706,False
1764338916.5857785,83.25818681716919,3.435404161040948,-0.06012077211094987,0.07330880833312978,0.0,0.0,353.15231931004706,False
1764338916.6733503,83.34575867652893,3.435156493375906,-0.060091030473190456,0.07330880833312994,0.0,0.0,353.15231931004706,False
1764338916.7527971,83.42520546913147,3.4349089278994405,-0.06006130110693848,0.07330880833313011,0.0,0.0,353.15231931004706,False
1764338916.8230712,83.49547958374023,3.4347109490373926,-0.06003752644261948,0.07330880833313025,0.0,0.0,353.15231931004706,False
1764338916.9051187,83.57752704620361,3.4344883008736864,-0.06001078931877398,0.07330880833313039,0.0,0.0,353.15231931004706,False
1764338916.9671412,83.63954949378967,3.434290460730372,-0.05998703131275505,0.07330880833313053,0.0,0.0,353.15231931004706,False
1764338917.0705602,83.74296855926514,3.4339691095636975,-0.059948441253002124,0.07330880833313075,0.0,0.0,353.15231931004706,False
1764338917.1611857,83.83359408378601,3.4337467364572136,-0.059921737159920774,0.0733088083331309,0.0,0.0,353.15231931004706,True
1764338917.2265384,83.89894676208496,3.433573836557056,-0.05990097414994834,0.07330880833313101,0.0,0.0,353.15231931004706,False
1764338917.3022768,83.97468519210815,3.43330223733729,-0.05986835864639169,0.07330880833313119,0.0,0.0,353.15231931004706,False
1764338917.3819149,84.05432319641113,3.433080111201875,-0.05984168421129611,0.07330880833313135,0.0,0.0,353.15231931004706,False
1764338917.461707,84.13411545753479,3.432882734759004,-0.05981798188961792,0.07330880833313148,0.0,0.0,353.15231931004706,False
1764338917.527939,84.20034742355347,3.4326854232230057,-0.05979428736240361,0.07330880833313161,0.0,0.0,353.15231931004706,False
1764338917.5927176,84.26512598991394,3.4324635252758666,-0.05976764032972684,0.07330880833313176,0.0,0.0,353.15231931004706,False
1764338917.6615877,84.33399605751038,3.4322909947009617,-0.05974692167087246,0.07330880833313187,0.0,0.0,353.15231931004706,False
1764338917.7222652,84.39467358589172,3.4321185137224552,-0.05972620896789498,0.073308808333132,0.0,0.0,353.15231931004706,False
1764338917.786379,84.45878744125366,3.4319214532978792,-0.059702544595868504,0.07330880833313212,0.0,0.0,353.15231931004706,False
1764338917.847765,84.52017331123352,3.431724457572527,-0.05967888799337014,0.07330880833313226,0.0,0.0,353.15231931004706,False
1764338917.909984,84.58239245414734,3.431552139353037,-0.059658194835615505,0.07330880833313237,0.0,0.0,353.15231931004706,False
1764338918.009038,84.68144631385803,3.4313798706079464,-0.05963750761908727,0.07330880833313248,0.0,0.0,353.15231931004706,False
1764338918.0905976,84.76300597190857,3.431109262470123,-0.05960501113147128,0.07330880833313266,0.0,0.0,353.15231931004706,False
1764338918.1593714,84.83177971839905,3.4308141927192244,-0.05956957712500319,0.07330880833313286,0.0,0.0,353.15231931004706,False
1764338918.2285347,84.90094304084778,3.4305929855943504,-0.059543013051018466,0.07330880833313301,0.0,0.0,353.15231931004706,False
1764338918.2972865,84.96969485282898,3.4304209919731,-0.05952235887325442,0.07330880833313314,0.0,0.0,353.15231931004706,False
1764338918.3901956,85.06260395050049,3.430175372292836,-0.059492863171601996,0.07330880833313329,0.0,0.0,353.15231931004706,False
1764338918.4630756,85.13548398017883,3.4299298531184315,-0.059463379539384915,0.07330880833313345,0.0,0.0,353.15231931004706,False
1764338918.5577495,85.23015785217285,3.4296844343676653,-0.059433907966729566,0.07330880833313362,0.0,0.0,353.15231931004706,False
1764338918.6260293,85.29843759536743,3.429488171616885,-0.05941033938486238,0.07330880833313375,0.0,0.0,353.15231931004706,False
1764338918.7134883,85.38589668273926,3.429193897808672,-0.059375000960670075,0.07330880833313394,0.0,0.0,353.15231931004706,False
1764338918.784693,85.45710134506226,3.4289977954206625,-0.059351451636268066,0.07330880833313408,0.0,0.0,353.15231931004706,False
1764338918.8699493,85.54235768318176,3.4287772568178347,-0.05932496784301161,0.07330880833313422,0.0,0.0,353.15231931004706,False
1764338918.9467216,85.61912989616394,3.4285323089598396,-0.05929555281840099,0.07330880833313438,0.0,0.0,353.15231931004706,False
1764338919.0067663,85.67917466163635,3.4283364226463284,-0.05927202944171189,0.07330880833313452,0.0,0.0,353.15231931004706,False
1764338919.0946448,85.76705312728882,3.428116126958664,-0.059245574819380135,0.07330880833313466,0.0,0.0,353.15231931004706,False
1764338919.160228,85.83263635635376,3.4279448417695626,-0.05922500571502422,0.07330880833313477,0.0,0.0,353.15231931004706,False
1764338919.2390413,85.91144967079163,3.4276757780825466,-0.05919269469569064,0.07330880833313495,0.0,0.0,353.15231931004706,False
1764338919.3157346,85.98814296722412,3.4274557247754993,-0.059166269180091574,0.0733088083331351,0.0,0.0,353.15231931004706,False
1764338919.3924618,86.06487011909485,3.4272601895649495,-0.059142787966262454,0.07330880833313523,0.0,0.0,353.15231931004706,False
1764338919.4524424,86.12485074996948,3.427089148512454,-0.05912224817951041,0.07330880833313534,0.0,0.0,353.15231931004706,False
1764338919.5178764,86.1902847290039,3.4268693102075165,-0.05909584848284415,0.07330880833313548,0.0,0.0,353.15231931004706,False
1764338919.5979886,86.27039694786072,3.4266739659776855,-0.05907239020329433,0.0733088083331356,0.0,0.0,353.15231931004706,False
1764338919.677192,86.349600315094,3.4264542797118818,-0.05904600876453376,0.07330880833313576,0.0,0.0,353.15231931004706,False
1764338919.7437844,86.41619277000427,3.4262346738522758,-0.0590196369815028,0.07330880833313591,0.0,0.0,353.15231931004706,False
1764338919.8085036,86.48091197013855,3.4260639248466074,-0.05899913226574378,0.07330880833313602,0.0,0.0,353.15231931004706,False
1764338919.8719997,86.54440808296204,3.4258932244184734,-0.05897863338350949,0.07330880833313613,0.0,0.0,353.15231931004706,False
1764338919.935098,86.607506275177,3.4256981976621423,-0.05895521322836233,0.07330880833313626,0.0,0.0,353.15231931004706,False
1764338920.0122333,86.68464159965515,3.425454503327241,-0.058925948735432075,0.07330880833313641,0.0,0.0,353.15231931004706,False
1764338920.0713856,86.74379396438599,3.4253083342210315,-0.058908395743168133,0.07330880833313651,0.0,0.0,353.15231931004706,False
1764338920.1386595,86.81106781959534,3.425137848590146,-0.0588879226552657,0.07330880833313663,0.0,0.0,353.15231931004706,False
1764338920.2179835,86.89039182662964,3.424870040432112,-0.05885576240849332,0.0733088083331368,0.0,0.0,353.15231931004706,False
1764338920.3011453,86.97355365753174,3.4246266821543547,-0.058826538271617705,0.07330880833313697,0.0,0.0,353.15231931004706,False
1764338920.3805408,87.05294919013977,3.4244320665740777,-0.058803167493321075,0.07330880833313709,0.0,0.0,353.15231931004706,False
1764338920.4579449,87.13035321235657,3.4242131994732485,-0.05877688442552845,0.07330880833313723,0.0,0.0,353.15231931004706,False
1764338920.5217419,87.19415020942688,3.4239944121801944,-0.05875061094160285,0.07330880833313737,0.0,0.0,353.15231931004706,False
1764338920.606823,87.27923130989075,3.4238000015384533,-0.05872726477373601,0.07330880833313749,0.0,0.0,353.15231931004706,False
1764338920.681936,87.35434436798096,3.4235813648347286,-0.05870100937361341,0.07330880833313765,0.0,0.0,353.15231931004706,False
1764338920.7534144,87.42582273483276,3.4232899731039743,-0.05866601704911785,0.07330880833313783,0.0,0.0,353.15231931004706,False
1764338920.8122797,87.48468804359436,3.4230957905389157,-0.05864269827026869,0.07330880833313796,0.0,0.0,353.15231931004706,False
1764338920.8986602,87.57106852531433,3.4228774102449844,-0.05861647366159878,0.0733088083331381,0.0,0.0,353.15231931004706,False
1764338920.9618478,87.63425612449646,3.42270799141163,-0.058596128682085954,0.07330880833314145,0.0,0.0,353.15231931004706,False
1764338921.0341241,87.70653247833252,3.4224708558376764,-0.058567653473002954,0.07330880833315151,0.0,0.0,353.15329637549155,False
1764338921.1099665,87.7823748588562,3.422262893031087,-0.05854268645801735,0.07330880833316031,0.0,0.0,353.15505838978817,False
1764338921.1888826,87.86129093170166,3.4220823761861534,-0.058521020850541956,0.07330880833316797,0.0,0.0,353.15725009154716,False
1764338921.2555828,87.92799115180969,3.421905940682579,-0.058499852768161865,0.07330880833317543,0.0,0.0,353.159970857123,False
1764338921.3200927,87.99250102043152,3.4217123264230906,-0.05847663449617253,0.07330880833318362,0.0,0.0,353.1636002060235,False
1764338921.3819327,88.05434107780457,3.421565304769139,-0.05845901256979553,0.07330880833318984,0.0,0.0,353.16679864228365,False
1764338921.4435205,88.11592888832092,3.4214417693292316,-0.058444212463299054,0.07330880833319507,0.0,0.0,353.16977823896644,False
1764338921.533769,88.20617723464966,3.4212409680296707,-0.05842017033761639,0.07330880833320355,0.0,0.0,353.17518709785196,False
1764338921.6278598,88.30026817321777,3.4209894346734604,-0.058390083194105366,0.07330880833321418,0.0,0.0,353.18295058551456,False
1764338921.6914907,88.36389899253845,3.4208584430442994,-0.05837442899246855,0.0733088083332197,0.0,0.0,353.1874323623199,False
1764338921.7783377,88.45074605941772,3.420694599225708,-0.0583548639878,0.07330880833322662,0.0,0.0,353.19346847002447,False
1764338921.8415434,88.51395177841187,3.4205532782358534,-0.05833800306818505,0.07330880833323258,0.0,0.0,353.1990673686841,False
1764338921.926025,88.59843325614929,3.4203655942374622,-0.05831563313957038,0.0733088083332405,0.0,0.0,353.207084326125,False
1764338922.0015624,88.6739706993103,3.42025015562629,-0.05830188773797811,0.07330880833324535,0.0,0.0,353.2123578474652,False
1764338922.0867796,88.75918793678284,3.4201220304759015,-0.058286644701749754,0.07330880833325075,0.0,0.0,353.21853113574286,False
1764338922.1671908,88.83959913253784,3.4199524821314236,-0.05826649581982287,0.0733088083332579,0.0,0.0,353.2272477357028,False
1764338922.2347674,88.90717577934265,3.419819462944935,-0.05825070691469774,0.07330880833326349,0.0,0.0,353.2345540286857,False
1764338922.3320234,89.00443172454834,3.4196776801516,-0.05823389733563607,0.07330880833326946,0.0,0.0,353.2428342039581,False
1764338922.39276,89.0651683807373,3.4195821989143926,-0.058222589215453806,0.07330880833327347,0.0,0.0,353.2487211567571,False
1764338922.4599113,89.132319688797,3.4194639937621827,-0.05820860398295126,0.07330880833327844,0.0,0.0,353.2563884568658,False
1764338922.5267048,89.19911313056946,3.4193632244784338,-0.05819669464563883,0.07330880833328267,0.0,0.0,353.2632876999899,False
1764338922.5907986,89.26320695877075,3.41927837173111,-0.05818667615760575,0.07330880833328624,0.0,0.0,353.26938297267685,False
1764338922.655183,89.32759141921997,3.4191966171887427,-0.05817703232548139,0.07330880833328968,0.0,0.0,353.27552789388335,False
1764338922.7437031,89.4161114692688,3.4190636724884307,-0.0581613696897936,0.07330880833329526,0.0,0.0,353.286165487117,False
1764338922.821269,89.4936773777008,3.4189699355146463,-0.058150341791082104,0.0733088083332992,0.0,0.0,353.2942197961703,False
1764338922.8801656,89.55257391929626,3.418910287014374,-0.05814333143304852,0.0733088083333017,0.0,0.0,353.2996216132116,False
1764338922.9604766,89.63288497924805,3.418815925536932,-0.058132253342329805,0.07330880833330565,0.0,0.0,353.3086762249481,False
1764338923.0386817,89.71109008789062,3.418727878453412,-0.05812193071069235,0.07330880833330934,0.0,0.0,353.317788573912,True
1764338923.0988574,89.77126574516296,3.418678080450538,-0.05811609886373073,0.07330880833331144,0.0,0.0,353.3232807759303,False
1764338923.179899,89.85230731964111,3.418607643899732,-0.05810785857201702,0.07330880833331439,0.0,0.0,353.33155041298767,False
1764338923.2423134,89.91472172737122,3.418549324929051,-0.05810104398392039,0.07330880833331684,0.0,0.0,353.3389298235739,False
1764338923.3012235,89.97363185882568,3.4184950441464057,-0.05809470835436315,0.07330880833331911,0.0,0.0,353.3463334447372,False
1764338923.3954287,90.06783699989319,3.418432870962994,-0.058087460668397276,0.07330880833332172,0.0,0.0,353.3556184500956,False
1764338923.4889958,90.16140413284302,3.4183717657965524,-0.05808034801059943,0.07330880833332429,0.0,0.0,353.36586653261617,False
1764338923.5594923,90.23190069198608,3.418327446710115,-0.05807519659152067,0.07330880833332615,0.0,0.0,353.3742750304653,False
1764338923.6356509,90.30805921554565,3.418292340022959,-0.05807112091606257,0.07330880833332762,0.0,0.0,353.3817651372894,False
1764338923.6963055,90.36871385574341,3.4182649320072533,-0.058067942422175146,0.07330880833332877,0.0,0.0,353.3883300500375,False
1764338923.7684293,90.44083762168884,3.418230507226535,-0.05806395503226555,0.07330880833332962,0.0,0.0,353.397604886839,False
1764338923.849579,90.5219874382019,3.418200381856525,-0.0580604701786569,0.07330880833332963,0.0,0.0,353.40514501814016,False
1764338923.9201646,90.59257292747498,3.4181769552557,-0.05805776287273495,0.07330880833332963,0.0,0.0,353.4104376877591,False
1764338923.9809008,90.65330910682678,3.4181535321474605,-0.058055058067695904,0.07330880833332963,0.0,0.0,353.4152768263598,False
1764338924.0679886,90.74039697647095,3.4181167310295018,-0.05805081223421396,0.07330880833332963,0.0,0.0,353.4220571921501,False
1764338924.1455574,90.8179657459259,3.4180832820325375,-0.05804695672920004,0.07330880833332963,0.0,0.0,353.42744532295904,False
1764338924.2396097,90.9120180606842,3.418049838857776,-0.05804310488660798,0.07330880833332963,0.0,0.0,353.43218618258686,False
1764338924.3035955,90.97600388526917,3.418026431902329,-0.058040410558440336,0.07330880833332964,0.0,0.0,353.43516168379745,False
1764338924.3657653,91.03817367553711,3.4179963409935774,-0.05803694857023983,0.07330880833332964,0.0,0.0,353.43861578135864,False
1764338924.4312687,91.10367703437805,3.4179695968988497,-0.05803387309963258,0.07330880833332964,0.0,0.0,353.4413692987441,False
1764338924.5224023,91.19481062889099,3.417939513418591,-0.05803041508548786,0.07330880833332964,0.0,0.0,353.44414803189295,False
1764338924.5956566,91.26806497573853,3.4179127756357723,-0.058027342827116316,0.07330880833332963,0.0,0.0,353.4463631662077,False
1764338924.6526957,91.3251039981842,3.4178860406455542,-0.058024271885064455,0.07330880833332964,0.0,0.0,353.44836272987754,False
1764338924.7406423,91.4130506515503,3.417849284414143,-0.05802005129174183,0.07330880833332964,0.0,0.0,353.45079832362535,False
1764338924.8060358,91.47844409942627,3.41782589663214,-0.05801736653371012,0.07330880833332964,0.0,0.0,353.45217894288106,False
1764338924.8880012,91.56040954589844,3.4177958294383233,-0.058013915820505725,0.07330880833332964,0.0,0.0,353.45378162870287,False
1764338924.9759805,91.64838886260986,3.417755744607671,-0.05800931665245548,0.07330880833332964,0.0,0.0,353.45565064768243,False
1764338925.0632727,91.73568105697632,3.4177256844417525,-0.05800586848893582,0.07330880833332964,0.0,0.0,353.4568756254968,False
1764338925.1415648,91.81397318840027,3.4176856086839713,-0.058001272394418005,0.07330880833332964,0.0,0.0,353.45830416922814,False
1764338925.228582,91.90099024772644,3.4176522160114193,-0.05799744347328347,0.07330880833332964,0.0,0.0,353.4593379841342,False
1764338925.2978954,91.97030377388,3.4176288431451116,-0.05799476380350294,0.07330880833332964,0.0,0.0,353.4599868363985,False
1764338925.3716283,92.0440366268158,3.417598794697626,-0.05799131916047568,0.07330880833332964,0.0,0.0,353.4607400537103,False
1764338925.4569476,92.12935590744019,3.417562072390993,-0.05798710995997942,0.07330880833332964,0.0,0.0,353.46155028303315,False
1764338925.5259926,92.19840097427368,3.4175387056645077,-0.057984431868473976,0.07330880833332964,0.0,0.0,353.46200956250283,False
1764338925.5875576,92.25996589660645,3.4175153404834635,-0.057981754135598466,0.07330880833332964,0.0,0.0,353.46242948612735,False
1764338925.6713269,92.3437352180481,3.4174786268548236,-0.05797754695287255,0.07330880833332964,0.0,0.0,353.4630178626985,False
1764338925.7441988,92.41660714149475,3.417448591194204,-0.0579741052841706,0.07330880833332964,0.0,0.0,353.4633055483379,False
1764338925.8313973,92.50380563735962,3.417418557842443,-0.057970663930324476,0.07330880833332966,0.0,0.0,353.4633055483379,False
1764338925.9016044,92.57401275634766,3.4173918634171567,-0.05796760516539341,0.07330880833332966,0.0,0.0,353.4633055483379,False
1764338925.9891908,92.66159915924072,3.41735182510938,-0.0579630173995804,0.07330880833332966,0.0,0.0,353.4633055483379,False
1764338926.060808,92.73321628570557,3.417328471275026,-0.05796034141428539,0.07330880833332966,0.0,0.0,353.4633055483379,False
1764338926.1280975,92.80050587654114,3.4173017828431997,-0.0579572833361115,0.07330880833332966,0.0,0.0,353.4633055483379,False
1764338926.1879618,92.86037015914917,3.417268424799939,-0.057953461024456504,0.07330880833332966,0.0,0.0,353.4633055483379,False
1764338926.2632525,92.93566083908081,3.4172384049323448,-0.057950021215685585,0.07330880833332966,0.0,0.0,353.4633055483379,False
1764338926.3277287,93.00013709068298,3.417218392935182,-0.05794772815282828,0.07330880833332966,0.0,0.0,353.4633055483379,False
1764338926.3956285,93.06803679466248,3.417191711825043,-0.0579446709136056,0.07330880833332966,0.0,0.0,353.4633055483379,False
1764338926.4773555,93.14976382255554,3.4171550281957352,-0.05794046754164055,0.07330880833332966,0.0,0.0,353.4633055483379,False
1764338926.5726285,93.24503684043884,3.4171183479204434,-0.05793626455399346,0.07330880833332966,0.0,0.0,353.4633055483379,False
1764338926.6394093,93.31181764602661,3.4170950076731006,-0.05793359012555806,0.07330880833332966,0.0,0.0,353.4633055483379,False
1764338926.7245018,93.39691019058228,3.417058332884877,-0.05792938776664331,0.07330880833332966,0.0,0.0,353.4633055483379,False
1764338926.7965167,93.46892499923706,3.4170283287335135,-0.05792594975870753,0.07330880833332966,0.0,0.0,353.4633055483379,False
1764338926.855048,93.52745628356934,3.4170083272125327,-0.05792365789625732,0.07330880833332966,0.0,0.0,353.4633055483379,False
1764338926.9463036,93.61871194839478,3.4169749935600917,-0.05791983837941008,0.07330880833332966,0.0,0.0,353.4633055483379,False
1764338927.023661,93.69606924057007,3.4169383297410785,-0.057915637277395925,0.07330880833332966,0.0,0.0,353.4633055483379,False
1764338927.107282,93.77969026565552,3.416908334563033,-0.05791220029766248,0.07330880833332966,0.0,0.0,353.4633055483379,False
1764338927.1719415,93.84434986114502,3.4168850065304905,-0.05790952726885265,0.07330880833332966,0.0,0.0,353.4633055483379,False
1764338927.2597678,93.93217611312866,3.4168450187732042,-0.05790494529533768,0.07330880833332967,0.0,0.0,353.4633055483379,False
1764338927.3224564,93.99486470222473,3.4168216944219814,-0.05790227268834966,0.07330880833332967,0.0,0.0,353.4633055483379,False
1764338927.3818243,94.05423259735107,3.4168017032001905,-0.057899982006026016,0.07330880833332967,0.0,0.0,353.4633055483379,False
1764338927.444609,94.11701726913452,3.4167783813670956,-0.057897309687576226,0.07330880833332967,0.0,0.0,353.4633055483379,False
1764338927.5045342,94.1769425868988,3.416751729503578,-0.05789425579956024,0.07330880833332967,0.0,0.0,353.4633055483379,False
1764338927.5669346,94.23934292793274,3.4167250794105217,-0.057891202114411566,0.07330880833332967,0.0,0.0,353.4633055483379,False
1764338927.6439178,94.31632614135742,3.4166984310876924,-0.057888148632103266,0.07330880833332967,0.0,0.0,353.4633055483379,False
1764338927.7181678,94.39057612419128,3.4166717845348544,-0.05788509535260841,0.07330880833332967,0.0,0.0,353.4633055483379,False
1764338927.784803,94.45721125602722,3.416641809278312,-0.05788166065556857,0.07330880833332967,0.0,0.0,353.4633055483379,False
1764338927.8666525,94.53906083106995,3.4166085060642843,-0.057877844626488845,0.07330880833332967,0.0,0.0,353.4633055483379,False
1764338927.9266586,94.59906697273254,3.4165885254627963,-0.05787555516108628,0.07330880833332967,0.0,0.0,353.4633055483379,False
1764338927.9988308,94.67123913764954,3.4165618862086884,-0.05787250271791209,0.07330880833332967,0.0,0.0,353.4633055483379,False
1764338928.088208,94.76061630249023,3.4165252601223393,-0.05786830593947307,0.07330880833332967,0.0,0.0,353.4633055483379,False
1764338928.159542,94.83195042610168,3.4164986250687175,-0.05786525397760906,0.07330880833332967,0.0,0.0,353.4633055483379,False
1764338928.2214768,94.89388513565063,3.4164753208473075,-0.05786258367718374,0.07330880833332967,0.0,0.0,353.4633055483379,False
1764338928.2918918,94.96430015563965,3.4164453602659277,-0.05785915066168868,0.07330880833332967,0.0,0.0,353.4633055483379,False
1764338928.3788283,95.05123662948608,3.416408744815878,-0.057854955102003634,0.07330880833332967,0.0,0.0,353.4633055483379,False
1764338928.4604805,95.13288879394531,3.4163821174965263,-0.0578519040263664,0.07330880833332967,0.0,0.0,353.4633055483379,False
1764338928.539596,95.21200442314148,3.4163521638746035,-0.05784847180831662,0.07330880833332967,0.0,0.0,353.4633055483379,False
1764338928.627944,95.3003523349762,3.416322212488962,-0.05784503984650986,0.07330880833332967,0.0,0.0,353.4633055483379,False
1764338928.7267742,95.39918255805969,3.416272298481503,-0.05783932047949034,0.07330880833332967,0.0,0.0,353.4633055483379,False
1764338928.8059213,95.4783296585083,3.416242353057647,-0.05783588920081129,0.07330880833332967,0.0,0.0,353.4633055483379,False
1764338928.881061,95.55346941947937,3.4162157367794648,-0.05783283939031987,0.07330880833332967,0.0,0.0,353.4633055483379,False
1764338928.9482791,95.62068748474121,3.4161891222670193,-0.05782978978215443,0.07330880833332967,0.0,0.0,353.4633055483379,False
1764338929.0228164,95.69522476196289,3.416155856609174,-0.05782597805642761,0.07330880833332967,0.0,0.0,353.4633055483379,True
1764338929.0923367,95.76474499702454,3.4161325722898033,-0.05782331003646575,0.07330880833332967,0.0,0.0,353.4633055483379,False
1764338929.1658118,95.83822011947632,3.416105963293777,-0.05782026106039597,0.07330880833332967,0.0,0.0,353.4633055483379,False
1764338929.245895,95.91830325126648,3.4160693788057346,-0.05781606904847417,0.07330880833332967,0.0,0.0,353.4633055483379,False
1764338929.3275113,95.99991965293884,3.4160394485240753,-0.057812639504854664,0.07330880833332967,0.0,0.0,353.4633055483379,False
1764338929.394008,96.06641626358032,3.416016170959798,-0.05780997225892115,0.07330880833332967,0.0,0.0,353.4633055483379,False
1764338929.4756656,96.14807391166687,3.4159829196392937,-0.05780616217603008,0.07330880833332967,0.0,0.0,353.4633055483379,False
1764338929.5421693,96.21457767486572,3.4159529958070314,-0.05780273337141091,0.07330880833332967,0.0,0.0,353.4633055483379,False
1764338929.6046882,96.27709650993347,3.415929723258287,-0.05780006670017923,0.07330880833332967,0.0,0.0,353.4633055483379,False
1764338929.695818,96.36822628974915,3.415896479101819,-0.05779625743817511,0.07330880833332967,0.0,0.0,353.4633055483379,False
1764338929.7572122,96.42962050437927,3.415869885759962,-0.05779321025582906,0.07330880833332969,0.0,0.0,353.4633055483379,False
1764338929.8246715,96.49707984924316,3.415846618031807,-0.05779054413696179,0.07330880833332967,0.0,0.0,353.4633055483379,False
1764338929.884857,96.55726528167725,3.4158200279948137,-0.057787497333301435,0.07330880833332969,0.0,0.0,353.4633055483379,False
1764338929.9499161,96.62232446670532,3.4157934397200767,-0.057784450731568314,0.07330880833332969,0.0,0.0,353.4633055483379,False
1764338930.0096624,96.6820707321167,3.4157768229431595,-0.05778254670801439,0.07330880833332969,0.0,0.0,353.4633055483379,False
1764338930.089806,96.76221442222595,3.4157469144790173,-0.05777911966434225,0.07330880833332969,0.0,0.0,353.4633055483379,False
1764338930.1564546,96.82886290550232,3.415710362717254,-0.057774931402341745,0.07330880833332969,0.0,0.0,353.4633055483379,False
1764338930.2189765,96.8913848400116,3.4156837817093613,-0.05777188563327559,0.07330880833332969,0.0,0.0,353.4633055483379,False
1764338930.29414,96.96654844284058,3.415657202462529,-0.057768840065999555,0.07330880833332969,0.0,0.0,353.4633055483379,False
1764338930.3734546,97.04586291313171,3.4156273029145696,-0.057765414043982985,0.07330880833332969,0.0,0.0,353.4633055483379,False
1764338930.4361842,97.10859251022339,3.415597405594826,-0.05776198827728514,0.07330880833332969,0.0,0.0,353.4633055483379,False
1764338930.5250542,97.19746255874634,3.415564188963603,-0.05775818216924469,0.07330880833332969,0.0,0.0,353.4633055483379,False
1764338930.584563,97.25697135925293,3.4155442603049058,-0.05775589865567614,0.07330880833332969,0.0,0.0,353.4633055483379,False
1764338930.6657321,97.3381404876709,3.415511048073491,-0.057752093051785254,0.07330880833332969,0.0,0.0,353.4633055483379,False
1764338930.7492776,97.42168593406677,3.4154778385913653,-0.05774828776292003,0.07330880833332969,0.0,0.0,353.4633055483379,False
1764338930.8185928,97.49100112915039,3.415451272984847,-0.0577452437586113,0.07330880833332969,0.0,0.0,353.4633055483379,False
1764338930.8935535,97.56596183776855,3.4154247091373495,-0.05774219995585891,0.07330880833332969,0.0,0.0,353.4633055483379,False
1764338930.959413,97.63182139396667,3.415394826911204,-0.05773877591865208,0.07330880833332969,0.0,0.0,353.4633055483379,False
1764338931.0244858,97.69689416885376,3.4153749066635917,-0.057736493368862635,0.07330880833332969,0.0,0.0,353.4633055483379,False
1764338931.082361,97.75476932525635,3.415348347871981,-0.05773345014543614,0.07330880833332969,0.0,0.0,353.4633055483379,False
1764338931.1557407,97.82814908027649,3.4153151518547946,-0.0577296463994431,0.0733088083333297,0.0,0.0,353.4633055483379,False
1764338931.2370172,97.90942549705505,3.4152852777876883,-0.05772622329713487,0.0733088083333297,0.0,0.0,353.4633055483379,False
1764338931.3148124,97.98722076416016,3.4152554059450004,-0.057722800449710385,0.0733088083333297,0.0,0.0,353.4633055483379,False
1764338931.373478,98.04588627815247,3.4152288550630905,-0.05771975813261221,0.0733088083333297,0.0,0.0,353.4633055483379,False
1764338931.4339457,98.1063539981842,3.4152056244827746,-0.057717096270308174,0.0733088083333297,0.0,0.0,353.4633055483379,False
1764338931.517549,98.1899573802948,3.415179076895183,-0.05771405433068749,0.0733088083333297,0.0,0.0,353.4633055483379,False
1764338931.628303,98.30071139335632,3.415129304902946,-0.05770835123639843,0.0733088083333297,0.0,0.0,353.4633055483379,False
1764338931.6944501,98.36685848236084,3.415102762365055,-0.05770530987539468,0.0733088083333297,0.0,0.0,353.4633055483379,False
1764338931.792731,98.46513938903809,3.4150695866619927,-0.05770150845708344,0.0733088083333297,0.0,0.0,353.4633055483379,False
1764338931.879708,98.55211639404297,3.415033096557054,-0.05769732725999383,0.0733088083333297,0.0,0.0,353.4633055483379,False
1764338931.9570444,98.6294527053833,3.4149999266142834,-0.05769352650172211,0.0733088083333297,0.0,0.0,353.4633055483379,False
1764338932.029127,98.70153522491455,3.414980025964949,-0.05769124619758992,0.0733088083333297,0.0,0.0,353.4633055483379,False
1764338932.0964293,98.7688376903534,3.414960126302743,-0.05768896600656712,0.0733088083333297,0.0,0.0,353.4633055483379,False
1764338932.198548,98.87095642089844,3.4149103814652664,-0.05768326602379016,0.0733088083333297,0.0,0.0,353.4633055483379,False
1764338932.2669675,98.93937587738037,3.4148838534071597,-0.05768022632194397,0.0733088083333297,0.0,0.0,353.4633055483379,False
1764338932.327394,98.99980235099792,3.4148639585146894,-0.0576779466774585,0.0733088083333297,0.0,0.0,353.4633055483379,False
1764338932.4180832,99.09049153327942,3.414830802552869,-0.057674147521186034,0.0733088083333297,0.0,0.0,353.4633055483379,False
1764338932.4960515,99.16845989227295,3.41479433415953,-0.05766996881190714,0.0733088083333297,0.0,0.0,353.4633055483379,False
1764338932.5727882,99.24519658088684,3.4147678137736883,-0.057666929989182915,0.0733088083333297,0.0,0.0,353.4633055483379,False
1764338932.6526756,99.32508397102356,3.4147379804350324,-0.05766351155372019,0.0733088083333297,0.0,0.0,353.4633055483379,False
1764338932.733113,99.40552139282227,3.414701520478117,-0.05765933381112387,0.0733088083333297,0.0,0.0,353.4633055483379,False
1764338932.795979,99.46838736534119,3.4146783204124658,-0.05765667544532467,0.0733088083333297,0.0,0.0,353.4633055483379,False
1764338932.872564,99.54497241973877,3.4146518076944523,-0.05765363750121404,0.0733088083333297,0.0,0.0,353.4633055483379,False
1764338932.9378903,99.61029863357544,3.4146252967284636,-0.05765059975785805,0.0733088083333297,0.0,0.0,353.4633055483379,False
1764338933.0122826,99.68469095230103,3.4145921604844083,-0.05764680286093385,0.0733088083333297,0.0,0.0,353.4633055483379,False
1764338933.1002667,99.77267503738403,3.4145623402046703,-0.05764338592181945,0.0733088083333297,0.0,0.0,353.4633055483379,False
1764338933.2079787,99.8803870677948,3.414532522141349,-0.05763996923667184,0.0733088083333297,0.0,0.0,353.4633055483379,False
1764338933.2719882,99.94439649581909,3.414499393558981,-0.05763617321765751,0.0733088083333297,0.0,0.0,353.4633055483379,False
1764338933.3674934,100.03990173339844,3.4144563304913453,-0.057631238861525255,0.0733088083333297,0.0,0.0,353.4633055483379,False
1764338933.428349,100.10075736045837,3.414429832439386,-0.05762820259791568,0.0733088083333297,0.0,0.0,353.4633055483379,False
1764338933.488171,100.1605794429779,3.414409960048923,-0.057625925531809466,0.0733088083333297,0.0,0.0,353.4633055483379,False
1764338933.5674422,100.23985052108765,3.414376841585494,-0.057622130672267846,0.0733088083333297,0.0,0.0,353.4633055483379,False
1764338933.6440003,100.31640863418579,3.4143470373058094,-0.05761871556651012,0.07330880833332971,0.0,0.0,353.4633055483379,False
1764338933.7199652,100.39237356185913,3.414320546471466,-0.05761568012992682,0.07330880833332971,0.0,0.0,353.4633055483379,False
1764338933.7772465,100.44965481758118,3.4142973684262587,-0.05761302428732714,0.07330880833332971,0.0,0.0,353.4633055483379,False
1764338933.8413494,100.51375770568848,3.4142675700499474,-0.057609609858003875,0.07330880833332971,0.0,0.0,353.4633055483379,False
1764338933.901183,100.5735912322998,3.414244395065142,-0.05760695436607853,0.07330880833332971,0.0,0.0,353.4633055483379,False
1764338933.961098,100.63350629806519,3.4142245318579314,-0.05760467835222982,0.07330880833332971,0.0,0.0,353.4633055483379,False
1764338934.0293014,100.70170974731445,3.4142013593591076,-0.05760202314515917,0.07330880833332971,0.0,0.0,353.4633055483379,False
1764338934.0900588,100.7624671459198,3.414178188198668,-0.05759936809144653,0.07330880833332971,0.0,0.0,353.4633055483379,False
1764338934.183706,100.8561143875122,3.4141351595938554,-0.05759443768421649,0.07330880833332971,0.0,0.0,353.4633055483379,False
1764338934.266335,100.93874335289001,3.4141053732630047,-0.057591024635115236,0.07330880833332971,0.0,0.0,353.4633055483379,False
1764338934.3457174,101.0181257724762,3.4140788983809425,-0.057587991026414605,0.07330880833332971,0.0,0.0,353.4633055483379,False
1764338934.4145458,101.08695411682129,3.414045807235095,-0.05758419929704175,0.07330880833332971,0.0,0.0,353.4633055483379,False
1764338934.4744117,101.14682006835938,3.414022645056949,-0.05758154527255989,0.07330880833332971,0.0,0.0,353.4633055483379,False
1764338934.5441232,101.21653151512146,3.4139994842159957,-0.05757889140129945,0.07330880833332971,0.0,0.0,353.4633055483379,False
1764338934.6049263,101.277334690094,3.4139763247120807,-0.057576237683242756,0.07330880833332971,0.0,0.0,353.4633055483379,False
1764338934.676088,101.34849643707275,3.4139432420255345,-0.05757244692317397,0.07330880833332971,0.0,0.0,353.4633055483379,False
1764338934.7413757,101.41378402709961,3.4139167778403956,-0.057569414540174,0.07330880833332971,0.0,0.0,353.4633055483379,False
1764338934.8194022,101.49181056022644,3.413890315400872,-0.057566382357194384,0.07330880833332971,0.0,0.0,353.4633055483379,False
1764338934.8850608,101.55746912956238,3.4138671621980587,-0.057563729361145656,0.07330880833332971,0.0,0.0,353.4633055483379,True
1764338934.9734488,101.64585709571838,3.4138274741017587,-0.057559181724107615,0.07330880833332971,0.0,0.0,353.4633055483379,False
1764338935.0346646,101.70707297325134,3.413804324525298,-0.057556529143582266,0.07330880833332971,0.0,0.0,353.4633055483379,False
1764338935.112155,101.78456330299377,3.413777869502072,-0.05755349781039481,0.07330880833332971,0.0,0.0,353.4633055483379,False
1764338935.191022,101.86343026161194,3.4137481096860447,-0.05755008779947891,0.07330880833332973,0.0,0.0,353.4633055483379,False
1764338935.2579095,101.93031787872314,3.413718352077455,-0.057546678041500994,0.07330880833332973,0.0,0.0,353.4633055483379,False
1764338935.3152409,101.9876492023468,3.4136952087966943,-0.057544026182364844,0.07330880833332973,0.0,0.0,353.4633055483379,False
1764338935.3824344,102.054842710495,3.413672066850946,-0.057541374476200204,0.07330880833332973,0.0,0.0,353.4633055483379,False
1764338935.4670575,102.13946580886841,3.4136456205474577,-0.0575383441421586,0.07330880833332973,0.0,0.0,353.4633055483379,False
1764338935.545722,102.21813035011292,3.4136059543607606,-0.0575337990156195,0.07330880833332973,0.0,0.0,353.4633055483379,False
1764338935.6048138,102.27722215652466,3.413579512414986,-0.057530769180903885,0.07330880833332973,0.0,0.0,353.4633055483379,False
1764338935.6695168,102.34192514419556,3.413556377141985,-0.057528118239332154,0.07330880833332973,0.0,0.0,353.4633055483379,False
1764338935.7300236,102.40243196487427,3.413536547969815,-0.05752584612536852,0.07330880833332973,0.0,0.0,353.4633055483379,False
1764338935.8105223,102.4829306602478,3.413503501527373,-0.05752205951830892,0.07330880833332973,0.0,0.0,353.4633055483379,False
1764338935.8957043,102.56811261177063,3.413467153584475,-0.05751789461077264,0.07330880833332973,0.0,0.0,353.4633055483379,False
1764338935.9814525,102.65386080741882,3.413437416807771,-0.05751448723980396,0.07330880833332973,0.0,0.0,353.4633055483379,False
1764338936.057407,102.72981524467468,3.413407682235088,-0.05751108012138177,0.07330880833332973,0.0,0.0,353.4633055483379,False
1764338936.1153023,102.7877106666565,3.41338125335384,-0.057508051783657255,0.07330880833332973,0.0,0.0,353.4633055483379,False
1764338936.205695,102.87810325622559,3.41334821970048,-0.057504266642027194,0.07330880833332973,0.0,0.0,353.4633055483379,False
1764338936.2799568,102.9523651599884,3.413321794736073,-0.057501238753111576,0.07330880833332973,0.0,0.0,353.4633055483379,False
1764338936.3464227,103.01883101463318,3.4132953715121115,-0.05749821106362388,0.07330880833332973,0.0,0.0,353.4633055483379,False
1764338936.4176798,103.09008812904358,3.4132623449293122,-0.057494426732169784,0.07330880833332973,0.0,0.0,353.4633055483379,False
1764338936.4820402,103.15444850921631,3.4132392279389703,-0.05749177788550568,0.07330880833332973,0.0,0.0,353.4633055483379,False
1764338936.566572,103.23898029327393,3.413209508051419,-0.0574883724497706,0.07330880833332973,0.0,0.0,353.4633055483379,False
1764338936.6476462,103.32005453109741,3.4131731867340958,-0.05748421059311,0.07330880833332973,0.0,0.0,353.4633055483379,False
1764338936.7313411,103.40374946594238,3.4131401702080306,-0.05748042741400084,0.07330880833332973,0.0,0.0,353.4633055483379,False
1764338936.799676,103.47208428382874,3.413117060256417,-0.05747777937386533,0.07330880833332973,0.0,0.0,353.4633055483379,False
1764338936.876502,103.54891037940979,3.413087349417467,-0.05747437497495904,0.07330880833332973,0.0,0.0,353.4633055483379,False
1764338936.9422245,103.61463284492493,3.4130576407786966,-0.05747097082815892,0.07330880833332973,0.0,0.0,353.4633055483379,False
1764338937.0245185,103.6969268321991,3.4130279343397785,-0.05746756693342758,0.07330880833332973,0.0,0.0,353.4633055483379,False
1764338937.1118436,103.78425192832947,3.4129982301003876,-0.05746416329072773,0.07330880833332973,0.0,0.0,353.4633055483379,False
1764338937.200832,103.87324023246765,3.4129586278687896,-0.05745962549244572,0.07330880833332973,0.0,0.0,353.4633055483379,False
1764338937.2659771,103.93838548660278,3.412932228552727,-0.057456600542430514,0.07330880833332973,0.0,0.0,353.4633055483379,False
1764338937.3452058,104.01761412620544,3.4129058309737332,-0.05745357579145629,0.07330880833332973,0.0,0.0,353.4633055483379,False
1764338937.4317942,104.10420250892639,3.4128695371385045,-0.05744941708381524,0.07330880833332973,0.0,0.0,353.4633055483379,False
1764338937.5101848,104.18259310722351,3.412836545591845,-0.057445636766956576,0.07330880833332973,0.0,0.0,353.4633055483379,False
1764338937.6159885,104.28839683532715,3.412800258023873,-0.057441478777445557,0.07330880833332973,0.0,0.0,353.4633055483379,False
1764338937.6982455,104.37065386772156,3.412767272173738,-0.05743769911331965,0.07330880833332974,0.0,0.0,353.4633055483379,False
1764338937.794115,104.46652340888977,3.4127276927332946,-0.05743316392654867,0.07330880833332974,0.0,0.0,353.4633055483379,False
1764338937.8773384,104.54974675178528,3.4126980107152805,-0.057429762830072194,0.07330880833332974,0.0,0.0,353.4633055483379,False
1764338937.9562354,104.62864375114441,3.4126683308931796,-0.05742636198521302,0.07330880833332974,0.0,0.0,353.4633055483379,False
1764338938.0276384,104.70004677772522,3.412635355888124,-0.05742258356376422,0.07330880833332974,0.0,0.0,353.4633055483379,False
1764338938.1065817,104.7789900302887,3.4126056807007705,-0.057419183249974845,0.07330880833332974,0.0,0.0,353.4633055483379,False
1764338938.166684,104.83909225463867,3.412585898461944,-0.05741691651384061,0.07330880833332974,0.0,0.0,353.4633055483379,False
1764338938.2260575,104.89846587181091,3.4125628204161234,-0.0574142721296115,0.07330880833332974,0.0,0.0,353.4633055483379,False
1764338938.2891383,104.9615466594696,3.4125331505935113,-0.05741087243053788,0.07330880833332974,0.0,0.0,353.4633055483379,False
1764338938.3792543,105.05166268348694,3.412500186697265,-0.05740709528198538,0.07330880833332974,0.0,0.0,353.4633055483379,False
1764338938.4396563,105.11206459999084,3.4124804096595436,-0.05740482914181671,0.07330880833332974,0.0,0.0,353.4633055483379,False
1764338938.505944,105.17835235595703,3.4124540417924147,-0.057401807795358924,0.07330880833332974,0.0,0.0,353.4633055483379,False
1764338938.575365,105.24777340888977,3.412421084395413,-0.057398031391518584,0.07330880833332974,0.0,0.0,353.4633055483379,False
1764338938.6401858,105.31259417533875,3.4123980158283596,-0.05739538809340836,0.07330880833332974,0.0,0.0,353.4633055483379,False
1764338938.7094467,105.38185501098633,3.412374948587712,-0.057392744947283594,0.07330880833332974,0.0,0.0,353.4633055483379,False
1764338938.7739286,105.4463369846344,3.412351882673319,-0.0573901019531268,0.07330880833332974,0.0,0.0,353.4633055483379,False
1764338938.8554807,105.5278890132904,3.412315638915621,-0.05738594898359001,0.07330880833332974,0.0,0.0,353.4633055483379,False
1764338938.9220612,105.59446954727173,3.4122892818755846,-0.057382928877748304,0.07330880833332974,0.0,0.0,353.4633055483379,False
1764338938.9906986,105.66310691833496,3.412266220885941,-0.05738028644789102,0.07330880833332974,0.0,0.0,353.4633055483379,False
1764338939.070181,105.74258923530579,3.412236572989816,-0.05737688926125095,0.07330880833332976,0.0,0.0,353.4633055483379,False
1764338939.15107,105.82347846031189,3.4122003396475478,-0.05737273748516002,0.07330880833332974,0.0,0.0,353.4633055483379,False
1764338939.243918,105.91632628440857,3.412167403085,-0.05736896346862328,0.07330880833332976,0.0,0.0,353.4633055483379,False
1764338939.336892,106.0093002319336,3.412134469226294,-0.05736518976190453,0.07330880833332976,0.0,0.0,353.4633055483379,False
1764338939.4124856,106.08489394187927,3.4120982451041226,-0.05736103904229298,0.07330880833332976,0.0,0.0,353.4633055483379,False
1764338939.4785185,106.1509268283844,3.412071902342243,-0.05735802057250532,0.07330880833332976,0.0,0.0,353.4633055483379,False
1764338939.564258,106.23666644096375,3.4120455613099976,-0.0573550023009068,0.07330880833332976,0.0,0.0,353.4633055483379,False
1764338939.6298738,106.30228209495544,3.4120192220071592,-0.0573519842274714,0.07330880833332976,0.0,0.0,353.4633055483379,False
1764338939.695284,106.36769223213196,3.4119895923583656,-0.05734858913169101,0.07330880833332976,0.0,0.0,353.4633055483379,False
1764338939.761792,106.43420028686523,3.411963256729764,-0.05734557147926583,0.07330880833332976,0.0,0.0,353.4633055483379,False
1764338939.8506675,106.5230758190155,3.41193363121391,-0.05734217685705588,0.07330880833332976,0.0,0.0,353.4633055483379,False
1764338939.9154756,106.58788394927979,3.4119072992585204,-0.057339159625523495,0.07330880833332976,0.0,0.0,353.4633055483379,False
1764338939.9824097,106.65481805801392,3.411877677874453,-0.057335765476751885,0.07330880833332976,0.0,0.0,353.4633055483379,False
1764338940.0659986,106.73840689659119,3.4118480586773354,-0.05733237157857066,0.07330880833332976,0.0,0.0,353.4633055483379,False
1764338940.1295347,106.80194306373596,3.4118283137607373,-0.05733010911898177,0.07330880833332976,0.0,0.0,353.4633055483379,False
1764338940.2052963,106.87770462036133,3.4117954077257777,-0.05732633860043064,0.07330880833332976,0.0,0.0,353.4633055483379,False
1764338940.2819312,106.95433950424194,3.411762504389649,-0.05732256839112349,0.07330880833332976,0.0,0.0,353.4633055483379,False
1764338940.3513596,107.02376794815063,3.4117394736599276,-0.05731992942858148,0.07330880833332976,0.0,0.0,353.4633055483379,False
1764338940.4180026,107.09041094779968,3.4117164442522636,-0.057317290617526766,0.07330880833332976,0.0,0.0,353.4633055483379,False
1764338940.4791992,107.15160751342773,3.411690126547872,-0.05731427501893657,0.07330880833332976,0.0,0.0,353.4633055483379,False
1764338940.5512018,107.22361016273499,3.411660521193942,-0.05731088270696881,0.07330880833332976,0.0,0.0,353.4633055483379,False
1764338940.6250098,107.2974181175232,3.411634207157764,-0.05730786752869871,0.07330880833332976,0.0,0.0,353.4633055483379,False
1764338940.711128,107.38353633880615,3.411601317039511,-0.05730409883395405,0.07330880833332976,0.0,0.0,353.4633055483379,False
1764338940.787345,107.4597532749176,3.4115684296174797,-0.05730033044815425,0.07330880833332976,0.0,0.0,353.4633055483379,False
1764338940.880817,107.55322527885437,3.411538833242555,-0.05729693916504048,0.07330880833332976,0.0,0.0,353.4633055483379,True
1764338940.9568498,107.62925815582275,3.41150923905089,-0.05729354813209412,0.07330880833332976,0.0,0.0,353.4633055483379,False
1764338941.0173028,107.68971109390259,3.4114862228554683,-0.057290910834956355,0.07330880833332976,0.0,0.0,353.4633055483379,False
1764338941.0832973,107.75570559501648,3.4114533448667306,-0.05728714353006492,0.07330880833332976,0.0,0.0,353.4633055483379,False
1764338941.1610188,107.83342719078064,3.4114237569804478,-0.057283753219617144,0.07330880833332976,0.0,0.0,353.4633055483379,False
1764338941.2212045,107.8936128616333,3.411404032935172,-0.057281493151556444,0.07330880833332976,0.0,0.0,353.4633055483379,False
1764338941.2911181,107.96352648735046,3.411377735716521,-0.057278479900312665,0.07330880833332976,0.0,0.0,353.4633055483379,False
1764338941.3570044,108.02941274642944,3.4113481534058376,-0.05727509022874167,0.07330880833332976,0.0,0.0,353.4633055483379,False
1764338941.4245121,108.09692049026489,3.4113218598496915,-0.05727207739716394,0.07330880833332976,0.0,0.0,353.4633055483379,False
1764338941.4931412,108.16554951667786,3.411298854401617,-0.05726944133150456,0.07330880833332976,0.0,0.0,353.4633055483379,False
1764338941.5557942,108.22820258140564,3.4112758502727,-0.05726680541700006,0.07330880833332976,0.0,0.0,353.4633055483379,False
1764338941.6187084,108.29111671447754,3.4112462754736312,-0.05726341660614299,0.07330880833332977,0.0,0.0,353.4633055483379,False
1764338941.6847405,108.35714888572693,3.411219988593546,-0.05726040453953774,0.07330880833332976,0.0,0.0,353.4633055483379,False
1764338941.77318,108.44558835029602,3.4111904179121306,-0.05725701620049953,0.07330880833332977,0.0,0.0,353.4633055483379,False
1764338941.8389404,108.51134872436523,3.4111641346916723,-0.057254004553230424,0.07330880833332977,0.0,0.0,353.4633055483379,False
1764338941.9253824,108.59779071807861,3.411127998074913,-0.05724986386037468,0.07330880833332977,0.0,0.0,353.4633055483379,False
1764338942.0079498,108.68035817146301,3.4110984341730157,-0.05724647629816354,0.07330880833332977,0.0,0.0,353.4633055483379,False
1764338942.0686927,108.74110102653503,3.4110754415332147,-0.05724384170013269,0.07330880833332977,0.0,0.0,353.4633055483379,False
1764338942.127902,108.80031037330627,3.4110524502111037,-0.05724120725308848,0.07330880833332977,0.0,0.0,353.4633055483379,False
1764338942.208276,108.88068437576294,3.411016323652551,-0.05723706771274632,0.07330880833332977,0.0,0.0,353.4633055483379,False
1764338942.2734394,108.94584774971008,3.41099333571809,-0.057234433653874026,0.07330880833332977,0.0,0.0,353.4633055483379,False
1764338942.3644915,109.03689980506897,3.410960498096532,-0.05723067097443201,0.07330880833332977,0.0,0.0,353.4633055483379,False
1764338942.4516194,109.12402772903442,3.4109210964982837,-0.05722615616560369,0.07330880833332977,0.0,0.0,353.4633055483379,False
1764338942.5146937,109.18710207939148,3.4108981140196053,-0.057223522731878924,0.07330880833332977,0.0,0.0,353.4633055483379,False
1764338942.5894444,109.26185274124146,3.4108751328574516,-0.05722088944900738,0.07330880833332977,0.0,0.0,353.4633055483379,False
1764338942.6650655,109.33747386932373,3.410852153011671,-0.05721825631697177,0.07330880833332977,0.0,0.0,353.4633055483379,False
1764338942.7486618,109.42107009887695,3.4108127620524837,-0.05721374272721397,0.07330880833332977,0.0,0.0,353.4633055483379,False
1764338942.8270378,109.49944615364075,3.410776657070585,-0.057209605659220036,0.07330880833332977,0.0,0.0,353.4633055483379,False
1764338942.8926775,109.56508588790894,3.4107536828647,-0.0572069731734285,0.07330880833332977,0.0,0.0,353.4633055483379,False
1764338942.9595735,109.63198184967041,3.410730709974393,-0.05720434083838161,0.07330880833332977,0.0,0.0,353.4633055483379,False
1764338943.0317886,109.70419692993164,3.410697893841493,-0.057200580621204776,0.07330880833332977,0.0,0.0,353.4633055483379,False
1764338943.093102,109.76551032066345,3.4106716428677495,-0.05719757266890646,0.07330880833332978,0.0,0.0,353.4633055483379,False
1764338943.1878934,109.86030173301697,3.4106388315659224,-0.05719381300529524,0.07330880833332978,0.0,0.0,353.4633055483379,False
1764338943.274027,109.94643545150757,3.41060602294741,-0.05719005364915005,0.07330880833332978,0.0,0.0,353.4633055483379,False
1764338943.3658333,110.03824162483215,3.4105666561465524,-0.057185542827560186,0.07330880833332978,0.0,0.0,353.4633055483379,False
1764338943.4525163,110.124924659729,3.4105436939631963,-0.057182911719363023,0.07330880833332978,0.0,0.0,353.4633055483379,False
1764338943.5127177,110.18512606620789,3.4105174530771496,-0.05717990492295741,0.07330880833332978,0.0,0.0,353.4633055483379,False
1764338943.5804331,110.25284147262573,3.4104813746611566,-0.057175770899002075,0.07330880833332978,0.0,0.0,353.4633055483379,False
1764338943.6657295,110.33813786506653,3.410448578916448,-0.057172013017994086,0.07330880833332978,0.0,0.0,353.4633055483379,False
1764338943.7264845,110.39889287948608,3.4104289027564207,-0.0571697584368363,0.07330880833332978,0.0,0.0,353.4633055483379,False
1764338943.8081968,110.48060512542725,3.4103993903256926,-0.057166376772418696,0.07330880833332978,0.0,0.0,353.4633055483379,False
1764338943.9035358,110.57594418525696,3.4103567650915667,-0.05716149258518005,0.07330880833332978,0.0,0.0,353.4633055483379,False
1764338943.965222,110.6376302242279,3.4103338149181646,-0.05715886285313621,0.07330880833332978,0.0,0.0,353.4633055483379,False
1764338944.0540698,110.726478099823,3.4103043094813903,-0.057155481990116615,0.07330880833332978,0.0,0.0,353.4633055483379,False
1764338944.113788,110.78619623184204,3.4102813623085124,-0.05715285260188621,0.07330880833332978,0.0,0.0,353.4633055483379,False
1764338944.1932428,110.86565113067627,3.410245305117112,-0.05714872100993835,0.07330880833332978,0.0,0.0,353.4633055483379,False
1764338944.2575517,110.92996001243591,3.4102223613188873,-0.0571460920083906,0.07330880833332978,0.0,0.0,353.4633055483379,False
1764338944.3284283,111.00083661079407,3.4101994188327605,-0.05714346315718874,0.07330880833332978,0.0,0.0,353.4633055483379,False
1764338944.394513,111.06692123413086,3.410173200455072,-0.057140458939890115,0.07330880833332978,0.0,0.0,353.4633055483379,False
1764338944.457457,111.12986540794373,3.410143706828138,-0.05713707943009404,0.07330880833332978,0.0,0.0,353.4633055483379,False
1764338944.519912,111.19232034683228,3.41012076883949,-0.057134451094233235,0.07330880833332978,0.0,0.0,353.4633055483379,False
1764338944.5976589,111.27006721496582,3.410094555601148,-0.05713144746582366,0.07330880833332978,0.0,0.0,353.4633055483379,False
1764338944.670992,111.34340023994446,3.410068344075475,-0.05712844403365913,0.07330880833332978,0.0,0.0,353.4633055483379,False
1764338944.75169,111.42409825325012,3.4100290299977285,-0.05712393925331573,0.07330880833332978,0.0,0.0,353.4633055483379,False
1764338944.8145351,111.48694348335266,3.410006098564746,-0.05712131166863189,0.07330880833332978,0.0,0.0,353.4633055483379,False
1764338944.895342,111.56775045394897,3.409979892817675,-0.05711830889860513,0.07330880833332978,0.0,0.0,353.4633055483379,False
1764338944.9819922,111.65440058708191,3.4099438627102754,-0.05711418041006134,0.07330880833332978,0.0,0.0,353.4633055483379,False
1764338945.0430768,111.71548509597778,3.409917661028102,-0.057111178105808395,0.07330880833332978,0.0,0.0,353.4633055483379,False
1764338945.1096704,111.78207874298096,3.4098947359598926,-0.057108551250428304,0.07330880833332978,0.0,0.0,353.4633055483379,False
1764338945.2001915,111.87259984016418,3.409861988134786,-0.057104798860259515,0.07330880833332978,0.0,0.0,353.4633055483379,False
1764338945.2676868,111.94009518623352,3.4098325173775677,-0.057101421970976354,0.07330880833332978,0.0,0.0,353.4633055483379,False
1764338945.3571854,112.02959370613098,3.4097997746306796,-0.05709767016269222,0.07330880833332978,0.0,0.0,353.4633055483379,False
1764338945.4209316,112.09333992004395,3.409780130265189,-0.05709541922469258,0.07330880833332978,0.0,0.0,353.4633055483379,False
1764338945.501911,112.17431926727295,3.409747391793474,-0.05709166790627661,0.07330880833332978,0.0,0.0,353.4633055483379,False
1764338945.5750027,112.24741101264954,3.409714655993174,-0.05708791689396328,0.0733088083333298,0.0,0.0,353.4633055483379,False
1764338945.6394358,112.31184411048889,3.4096917425222237,-0.0570852913674483,0.0733088083333298,0.0,0.0,353.4633055483379,False
1764338945.7203038,112.39271211624146,3.409665557300677,-0.057082290949326535,0.0733088083333298,0.0,0.0,353.4633055483379,False
1764338945.8009908,112.47339916229248,3.4096328281770107,-0.05707854070205135,0.0733088083333298,0.0,0.0,353.4633055483379,False
1764338945.8766167,112.54902505874634,3.409600101723236,-0.05707479076070405,0.0733088083333298,0.0,0.0,353.4633055483379,False
1764338945.9452004,112.61760878562927,3.4095771947939455,-0.057072165983761296,0.0733088083333298,0.0,0.0,353.4633055483379,False
1764338946.023512,112.69592022895813,3.4095477449494815,-0.05706879149075378,0.0733088083333298,0.0,0.0,353.4633055483379,False
1764338946.08847,112.76087832450867,3.4095182972667133,-0.05706541724544275,0.0733088083333298,0.0,0.0,353.4633055483379,False
1764338946.171935,112.84434342384338,3.4094855801541275,-0.05706166837445007,0.0733088083333298,0.0,0.0,353.4633055483379,False
1764338946.2295773,112.90198564529419,3.4094659511672107,-0.05705941919859527,0.0733088083333298,0.0,0.0,353.4633055483379,False
1764338946.3124833,112.98489165306091,3.409436509487485,-0.05705604564113932,0.0733088083333298,0.0,0.0,353.4633055483379,False
1764338946.3909469,113.06335520744324,3.4094005281462394,-0.05705192274043651,0.0733088083333298,0.0,0.0,353.4633055483379,False
1764338946.4667637,113.13917207717896,3.4093710912671846,-0.057048549733062705,0.0733088083333298,0.0,0.0,353.4633055483379,False
1764338946.5453706,113.21777892112732,3.4093449269656384,-0.05704555171204681,0.0733088083333298,0.0,0.0,353.4633055483379,False
1764338946.610151,113.28255939483643,3.4093187643703713,-0.05704255388654394,0.0733088083333298,0.0,0.0,353.4633055483379,False
1764338946.6824274,113.35483574867249,3.4092860635254043,-0.057038806879566695,0.0733088083333298,0.0,0.0,353.4633055483379,False
1764338946.7481477,113.42055606842041,3.4092631745197943,-0.057036184156398266,0.0733088083333298,0.0,0.0,353.4633055483379,True
1764338946.8143067,113.48671507835388,3.4092402868200233,-0.057033561582858515,0.0733088083333298,0.0,0.0,353.4633055483379,False
1764338946.9006338,113.57304215431213,3.4092043230726348,-0.05702944069813738,0.0733088083333298,0.0,0.0,353.4633055483379,False
1764338946.9634595,113.63586783409119,3.409178169644809,-0.057026443923080275,0.0733088083333298,0.0,0.0,353.4633055483379,False
1764338947.0396116,113.71201992034912,3.409152017921844,-0.05702344734337374,0.0733088083333298,0.0,0.0,353.4633055483379,False
1764338947.1055126,113.77792096138,3.409129136562594,-0.057020825496358986,0.0733088083333298,0.0,0.0,353.4633055483379,False
1764338947.181576,113.85398435592651,3.409096451170203,-0.05701708026000595,0.0733088083333298,0.0,0.0,353.4633055483379,False
1764338947.2565992,113.9290075302124,3.409063768440573,-0.05701333532876384,0.07330880833332981,0.0,0.0,353.4633055483379,False
1764338947.32565,113.9980583190918,3.4090408921139423,-0.05701071405840873,0.07330880833332981,0.0,0.0,353.4633055483379,False
1764338947.392361,114.06476926803589,3.409018017091703,-0.05700809293751657,0.07330880833332981,0.0,0.0,353.4633055483379,False
1764338947.483301,114.1557092666626,3.408978805802143,-0.057003599935096745,0.07330880833332981,0.0,0.0,353.4633055483379,False
1764338947.5483475,114.22075581550598,3.408952667071443,-0.05700060484410111,0.07330880833332981,0.0,0.0,353.4633055483379,False
1764338947.619927,114.29233527183533,3.4089297970790358,-0.05699798429954925,0.07330880833332981,0.0,0.0,353.4633055483379,False
1764338947.6815357,114.35394406318665,3.408906928390298,-0.05699536390437757,0.07330880833332981,0.0,0.0,353.4633055483379,False
1764338947.7475169,114.41992521286011,3.408877527705849,-0.05699199504434116,0.07330880833332981,0.0,0.0,353.4633055483379,False
1764338947.8116848,114.4840931892395,3.408854661996369,-0.056989374990545974,0.07330880833332981,0.0,0.0,353.4633055483379,False
1764338947.8950796,114.56748795509338,3.4088252651418953,-0.05698600656936501,0.07330880833332981,0.0,0.0,353.4633055483379,False
1764338947.96975,114.6421582698822,3.4087926044964494,-0.05698226416862615,0.07330880833332981,0.0,0.0,353.4633055483379,False
1764338948.0483372,114.72074556350708,3.4087632121887754,-0.05697889626843755,0.07330880833332981,0.0,0.0,353.4633055483379,False
1764338948.1275194,114.79992771148682,3.4087403529937164,-0.05697627696109345,0.07330880833332981,0.0,0.0,353.4633055483379,False
1764338948.2067795,114.87918782234192,3.4087109645138356,-0.05697290949951029,0.07330880833332981,0.0,0.0,353.4633055483379,False
1764338948.2678592,114.94026756286621,3.4086815781866506,-0.05696954228459248,0.07330880833332981,0.0,0.0,353.4633055483379,False
1764338948.3309703,115.00337862968445,3.4086554588138767,-0.05696654941171342,0.07330880833332981,0.0,0.0,353.4633055483379,False
1764338948.3955846,115.06799292564392,3.4086326057575866,-0.056963930807776564,0.07330880833332981,0.0,0.0,353.4633055483379,False
1764338948.4618914,115.13429975509644,3.4086097540030362,-0.05696131235299875,0.07330880833332981,0.0,0.0,353.4633055483379,False
1764338948.524326,115.19673442840576,3.408583639305898,-0.05695832001587459,0.07330880833332981,0.0,0.0,353.4633055483379,False
1764338948.5882645,115.26067280769348,3.4085575263085763,-0.05695532787352283,0.07330880833332981,0.0,0.0,353.4633055483379,False
1764338948.6503897,115.32279801368713,3.4085346788301254,-0.05695270990871937,0.07330880833332981,0.0,0.0,353.4633055483379,False
1764338948.716545,115.38895344734192,3.408511832652778,-0.05695009209300213,0.07330880833332981,0.0,0.0,353.4633055483379,False
1764338948.7821476,115.45455598831177,3.408485724328809,-0.05694710048614378,0.07330880833332981,0.0,0.0,353.4633055483379,False
1764338948.8481164,115.52052474021912,3.408456354495152,-0.05694373516112715,0.07330880833332981,0.0,0.0,353.4633055483379,False
1764338948.9329891,115.60539746284485,3.40842698681146,-0.056940370082462985,0.07330880833332981,0.0,0.0,353.4633055483379,False
1764338948.9931986,115.66560697555542,3.4084074095499353,-0.056938126833531534,0.07330880833332981,0.0,0.0,353.4633055483379,False
1764338949.072754,115.74516224861145,3.408374782903585,-0.0569343883285589,0.07330880833332981,0.0,0.0,353.4633055483379,False
1764338949.1369932,115.809401512146,3.4083454211903663,-0.05693102393401791,0.07330880833332981,0.0,0.0,353.4633055483379,False
1764338949.2101674,115.88257575035095,3.4083193236936484,-0.056928033567793766,0.07330880833332981,0.0,0.0,353.4633055483379,False
1764338949.269065,115.94147324562073,3.408299751685157,-0.056925790920778124,0.07330880833332981,0.0,0.0,353.4633055483379,False
1764338949.3297322,116.00214052200317,3.408276918881998,-0.056923174637534296,0.07330880833332981,0.0,0.0,353.4633055483379,False
1764338949.3925612,116.06496953964233,3.40825082584095,-0.056920184781860506,0.07330880833332981,0.0,0.0,353.4633055483379,False
1764338949.476081,116.14848923683167,3.4082182119260196,-0.05691644773570994,0.07330880833332981,0.0,0.0,353.4633055483379,False
1764338949.5407455,116.21315383911133,3.4081953837630143,-0.05691383198415537,0.07330880833332981,0.0,0.0,353.4633055483379,False
1764338949.620337,116.29274535179138,3.408159513559696,-0.0569097218181262,0.07330880833332981,0.0,0.0,353.4633055483379,False
1764338949.6853786,116.3577868938446,3.4081334281534015,-0.05690673283727609,0.07330880833332981,0.0,0.0,353.4633055483379,False
1764338949.7477272,116.42013549804688,3.4081138652116967,-0.056904491229172724,0.07330880833332981,0.0,0.0,353.4633055483379,False
1764338949.8141572,116.48656558990479,3.4080910429853373,-0.05690187615786515,0.07330880833332981,0.0,0.0,353.4633055483379,False
1764338949.8758395,116.54824781417847,3.408064962030586,-0.05689888768709249,0.07330880833332983,0.0,0.0,353.4633055483379,False
1764338949.9423249,116.61473321914673,3.408035622983044,-0.05689552588968465,0.07330880833332983,0.0,0.0,353.4633055483379,False
1764338950.0058818,116.67829012870789,3.4080128052071426,-0.05689291132833017,0.07330880833332983,0.0,0.0,353.4633055483379,False
1764338950.09042,116.76282835006714,3.407983469973536,-0.056889549967939754,0.07330880833332983,0.0,0.0,353.4633055483379,False
1764338950.1556363,116.82804465293884,3.407960655163641,-0.05688693574644353,0.07330880833332983,0.0,0.0,353.4633055483379,False
1764338950.24209,116.9144983291626,3.407921547079292,-0.05688245456973173,0.07330880833332983,0.0,0.0,353.4633055483379,False
1764338950.3038895,116.9762978553772,3.407895477140873,-0.05687946736125901,0.07330880833332983,0.0,0.0,353.4633055483379,False
1764338950.3670707,117.03947901725769,3.407872667334369,-0.05687685371307327,0.07330880833332983,0.0,0.0,353.4633055483379,False
1764338950.4300227,117.10243105888367,3.4078563754094158,-0.05687498691248956,0.07330880833332983,0.0,0.0,353.4633055483379,False
1764338950.4911268,117.16353511810303,3.4078335678259366,-0.0568723735190278,0.07330880833332983,0.0,0.0,353.4633055483379,False
1764338950.559864,117.2322723865509,3.4078042456951696,-0.056869013660018564,0.07330880833332983,0.0,0.0,353.4633055483379,False
1764338950.63931,117.31171822547913,3.407784698798559,-0.056866773890432896,0.07330880833332983,0.0,0.0,353.4633055483379,False
1764338950.7017097,117.3741180896759,3.407748865294826,-0.056862667929604045,0.07330880833332983,0.0,0.0,353.4633055483379,False
1764338950.782939,117.4553472995758,3.407713034991462,-0.05685856233548751,0.07330880833332983,0.0,0.0,353.4633055483379,False
1764338950.848682,117.52109026908875,3.4076902355553664,-0.056855949875588944,0.07330880833332983,0.0,0.0,353.4633055483379,False
1764338950.909309,117.58171725273132,3.4076706942127983,-0.05685371074240995,0.07330880833332983,0.0,0.0,353.4633055483379,False
1764338950.982379,117.65478730201721,3.407641383983551,-0.056850352247129324,0.07330880833332983,0.0,0.0,353.4633055483379,False
1764338951.0587811,117.73118948936462,3.407608819573491,-0.05684662087346524,0.07330880833332983,0.0,0.0,353.4633055483379,False
1764338951.1287048,117.80111312866211,3.407586026059111,-0.056844009092102916,0.07330880833332983,0.0,0.0,353.4633055483379,False
1764338951.1941059,117.86651420593262,3.407563233839696,-0.056841397459123415,0.07330880833332983,0.0,0.0,353.4633055483379,False
1764338951.2770658,117.94947409629822,3.4075274201109065,-0.056837293764194656,0.07330880833332983,0.0,0.0,353.4633055483379,False
1764338951.3487952,118.02120351791382,3.407501375770657,-0.056834309488873205,0.07330880833332984,0.0,0.0,353.4633055483379,False
1764338951.4159348,118.08834314346313,3.4074785883598255,-0.056831698406882306,0.07330880833332984,0.0,0.0,353.4633055483379,False
1764338951.4746747,118.14708304405212,3.4074558022432657,-0.056829087473194775,0.07330880833332984,0.0,0.0,353.4633055483379,False
1764338951.5342288,118.20663714408875,3.407429762551831,-0.05682610373055479,0.07330880833332984,0.0,0.0,353.4633055483379,False
1764338951.6140854,118.28649377822876,3.407400469919113,-0.05682274725156206,0.07330880833332984,0.0,0.0,353.4633055483379,False
1764338951.6730053,118.34541368484497,3.4073809426854744,-0.0568205097350464,0.07330880833332984,0.0,0.0,353.4633055483379,False
1764338951.740951,118.41335940361023,3.4073549078523886,-0.05681752654909741,0.07330880833332984,0.0,0.0,353.4633055483379,False
1764338951.8036351,118.4760434627533,3.407325620684558,-0.056814170696295685,0.07330880833332984,0.0,0.0,353.4633055483379,False
1764338951.8662162,118.53862452507019,3.407302843254302,-0.056811560757923193,0.07330880833332984,0.0,0.0,353.4633055483379,False
1764338951.935955,118.60836338996887,3.407280067117185,-0.05680895096772419,0.07330880833332984,0.0,0.0,353.4633055483379,False
1764338952.0244877,118.69689607620239,3.4072442786568846,-0.0568048501681705,0.07330880833332984,0.0,0.0,353.4633055483379,False
1764338952.0888615,118.76126980781555,3.4072149995638514,-0.05680149524061455,0.07330880833332984,0.0,0.0,353.4633055483379,False
1764338952.1722429,118.844651222229,3.407185722607518,-0.05679814055789121,0.07330880833332984,0.0,0.0,353.4633055483379,False
1764338952.2600598,118.93246817588806,3.407156447787575,-0.05679478611996473,0.07330880833332984,0.0,0.0,353.4633055483379,False
1764338952.3265183,118.99892663955688,3.407130427518663,-0.05679180460284303,0.07330880833332984,0.0,0.0,353.4633055483379,True
1764338952.3903902,119.06279850006104,3.407101156733271,-0.05678845062721318,0.07330880833332984,0.0,0.0,353.4633055483379,False
1764338952.4660215,119.13842988014221,3.4070751400501322,-0.05678546952096518,0.07330880833332984,0.0,0.0,353.4633055483379,False
1764338952.5354733,119.20788168907166,3.4070523768363254,-0.05678286121157624,0.07330880833332984,0.0,0.0,353.4633055483379,False
1764338952.6162486,119.28865694999695,3.4070198601998243,-0.05677913531201704,0.07330880833332984,0.0,0.0,353.4633055483379,False
1764338952.6748965,119.3473048210144,3.4069938487880864,-0.05677615480978941,0.07330880833332984,0.0,0.0,353.4633055483379,False
1764338952.758821,119.43122935295105,3.406964587965642,-0.056772801975758076,0.07330880833332984,0.0,0.0,353.4633055483379,False
1764338952.8261032,119.49851155281067,3.4069418310235835,-0.05677019438501356,0.07330880833332984,0.0,0.0,353.4633055483379,False
1764338952.8898845,119.56229281425476,3.406915824670381,-0.05676721446241524,0.07330880833332984,0.0,0.0,353.4633055483379,False
1764338952.9584434,119.63085174560547,3.4068865695380044,-0.056763862280377046,0.07330880833332984,0.0,0.0,353.4633055483379,False
1764338953.0197084,119.69211673736572,3.406863817020982,-0.05676125519667258,0.07330880833332984,0.0,0.0,353.4633055483379,False
1764338953.106281,119.77868938446045,3.406834565680756,-0.056757903449155635,0.07330880833332984,0.0,0.0,353.4633055483379,False
1764338953.1625843,119.83499264717102,3.4068118161128003,-0.05675529670336832,0.07330880833332984,0.0,0.0,353.4633055483379,False
1764338953.2354624,119.90787076950073,3.406779318967685,-0.05675157303721806,0.07330880833332984,0.0,0.0,353.4633055483379,False
1764338953.316733,119.98914122581482,3.406750073787606,-0.056748221995557936,0.07330880833332984,0.0,0.0,353.4633055483379,False
1764338953.3763978,120.04880619049072,3.406730578185214,-0.056745988103489936,0.07330880833332984,0.0,0.0,353.4633055483379,False
1764338953.455637,120.12804532051086,3.406701336557887,-0.05674263746891967,0.07330880833332984,0.0,0.0,353.4633055483379,False
1764338953.5155919,120.18800020217896,3.406672097061795,-0.056739287078555856,0.07330880833332984,0.0,0.0,353.4633055483379,False
1764338953.5918038,120.26421213150024,3.4066428596966296,-0.056735936932362896,0.07330880833332984,0.0,0.0,353.4633055483379,False
1764338953.6522188,120.324627161026,3.406623369303546,-0.05673370363720049,0.07330880833332984,0.0,0.0,353.4633055483379,False
1764338953.7156546,120.38806295394897,3.40660063170832,-0.05673109826330133,0.07330880833332984,0.0,0.0,353.4633055483379,False
1764338953.801643,120.47405123710632,3.4065616559715775,-0.056726632251561805,0.07330880833332984,0.0,0.0,353.4633055483379,False
1764338953.862148,120.53455638885498,3.406538921873693,-0.0567240272784034,0.07330880833332984,0.0,0.0,353.4633055483379,False
1764338953.922354,120.59476232528687,3.406519436529403,-0.05672179456175398,0.07330880833332985,0.0,0.0,353.4633055483379,False
1764338954.007309,120.67971730232239,3.406496704823816,-0.0567191898627156,0.07330880833332985,0.0,0.0,353.4633055483379,False
1764338954.0735333,120.74594163894653,3.4064674802376844,-0.056715841180800676,0.07330880833332985,0.0,0.0,353.4633055483379,False
1764338954.1650305,120.8374388217926,3.4064285174341817,-0.056711376651008734,0.07330880833332985,0.0,0.0,353.4633055483379,False
1764338954.2412505,120.91365885734558,3.4063992978146573,-0.056708028538189674,0.07330880833332985,0.0,0.0,353.4633055483379,False
1764338954.3165562,120.9889645576477,3.406370080323163,-0.05670468066920961,0.07330880833332985,0.0,0.0,353.4633055483379,False
1764338954.4108884,121.08329677581787,3.4063343729452455,-0.05670058916043271,0.07330880833332985,0.0,0.0,353.4633055483379,False
1764338954.4760818,121.14849019050598,3.4063116517230227,-0.056697985662624496,0.07330880833332985,0.0,0.0,353.4633055483379,False
1764338954.5562606,121.22866892814636,3.4062759495449773,-0.05669389474967185,0.07330880833332985,0.0,0.0,353.4633055483379,False
1764338954.6348662,121.30727458000183,3.406246741035081,-0.056690547909842834,0.07330880833332985,0.0,0.0,353.4633055483379,False
1764338954.6976795,121.37008786201477,3.4062272698765086,-0.056688316818655465,0.07330880833332985,0.0,0.0,353.4633055483379,False
1764338954.7571402,121.42954850196838,3.4062045547191846,-0.05668571401579001,0.07330880833332985,0.0,0.0,353.4633055483379,False
1764338954.814049,121.48645734786987,3.4061785961141653,-0.05668273956438903,0.07330880833332985,0.0,0.0,353.4633055483379,False
1764338954.9044106,121.57681894302368,3.406142905774621,-0.05667865000794409,0.07330880833332985,0.0,0.0,353.4633055483379,False
1764338954.96264,121.63504838943481,3.4061234396548827,-0.056676419494128584,0.07330880833332985,0.0,0.0,353.4633055483379,False
1764338955.026849,121.69925737380981,3.4061007303755804,-0.056673817364792795,0.07330880833332985,0.0,0.0,353.4633055483379,False
1764338955.099465,121.77187323570251,3.4060682907777666,-0.05667010029266601,0.07330880833332985,0.0,0.0,353.4633055483379,False
1764338955.1777143,121.8501226902008,3.4060390973822945,-0.05666675518471453,0.07330880833332985,0.0,0.0,353.4633055483379,False
1764338955.241177,121.91358542442322,3.4060196362987845,-0.056664525247972136,0.07330880833332985,0.0,0.0,353.4633055483379,False
1764338955.3174074,121.9898157119751,3.405990446443494,-0.056661180545670174,0.07330880833332985,0.0,0.0,353.4633055483379,False
1764338955.3899903,122.06239867210388,3.4059580157616915,-0.0566574644951793,0.07330880833332987,0.0,0.0,353.4633055483379,False
1764338955.4692552,122.14166355133057,3.405928830389399,-0.05665412030655892,0.07330880833332985,0.0,0.0,353.4633055483379,False
1764338955.5335495,122.20595788955688,3.4059093746540245,-0.05665189098262962,0.07330880833332987,0.0,0.0,353.4633055483379,False
1764338955.5927618,122.26517009735107,3.40588667748854,-0.056649290241348536,0.07330880833332987,0.0,0.0,353.4633055483379,False
1764338955.676268,122.34867644309998,3.405851013108439,-0.056645203659450895,0.07330880833332987,0.0,0.0,353.4633055483379,False
1764338955.744083,122.41649127006531,3.4058250773687075,-0.05664223182805538,0.07330880833332987,0.0,0.0,353.4633055483379,False
1764338955.81315,122.48555827140808,3.4058023849717856,-0.05663963163317719,0.07330880833332987,0.0,0.0,353.4633055483379,False
1764338955.896821,122.56922936439514,3.405769969488344,-0.05663591732418146,0.07330880833332987,0.0,0.0,353.4633055483379,False
1764338955.9543023,122.62671065330505,3.405744038987268,-0.05663294609305405,0.07330880833332987,0.0,0.0,353.4633055483379,False
1764338956.0344777,122.70688605308533,3.405714869176796,-0.0566296036875758,0.07330880833332987,0.0,0.0,353.4633055483379,False
1764338956.1134844,122.78589272499084,3.4056889422367953,-0.0566266328644922,0.07330880833332987,0.0,0.0,353.4633055483379,False
1764338956.190449,122.86285734176636,3.4056565359178874,-0.056622919605609265,0.07330880833332987,0.0,0.0,353.4633055483379,False
1764338956.2671795,122.93958783149719,3.405627372468833,-0.05661957792905033,0.07330880833332987,0.0,0.0,353.4633055483379,False
1764338956.3342745,123.00668287277222,3.405604691251831,-0.056616979015216624,0.07330880833332987,0.0,0.0,353.4633055483379,False
1764338956.392198,123.06460642814636,3.405585251229248,-0.05661475149172817,0.07330880833332987,0.0,0.0,353.4633055483379,False
1764338956.4509258,123.12333416938782,3.4055625723934275,-0.05661215285074078,0.07330880833332987,0.0,0.0,353.4633055483379,False
1764338956.5284646,123.2008728981018,3.405523697371621,-0.05660769837936266,0.07330880833332987,0.0,0.0,353.4633055483379,False
1764338956.5954547,123.26786303520203,3.405497782783066,-0.056604728971562095,0.07330880833332987,0.0,0.0,353.4633055483379,False
1764338956.6676059,123.34001421928406,3.405475108891181,-0.05660213089707254,0.07330880833332987,0.0,0.0,353.4633055483379,False
1764338956.7396812,123.41208958625793,3.4054491974409475,-0.05659916184887472,0.07330880833332987,0.0,0.0,353.4633055483379,False
1764338956.8048582,123.47726655006409,3.4054297649514926,-0.0565969351885653,0.07330880833332987,0.0,0.0,353.4633055483379,False
1764338956.866348,123.53875637054443,3.4053973795606467,-0.056593224327711876,0.07330880833332987,0.0,0.0,353.4633055483379,False
1764338956.9406207,123.61302900314331,3.4053649967839066,-0.05658951376639438,0.07330880833332987,0.0,0.0,353.4633055483379,False
1764338957.0252056,123.69761395454407,3.405335854519554,-0.05658617451727188,0.07330880833332987,0.0,0.0,353.4633055483379,False
1764338957.0885842,123.76099252700806,3.405313189777414,-0.05658357749120044,0.07330880833332987,0.0,0.0,353.4633055483379,False
1764338957.1556365,123.82804489135742,3.4052840512760083,-0.056580238673253055,0.07330880833332987,0.0,0.0,353.4633055483379,False
1764338957.2174587,123.88986706733704,3.4052581521624687,-0.05657727103864807,0.07330880833332987,0.0,0.0,353.4633055483379,False
1764338957.2813358,123.95374417304993,3.4052354918095835,-0.05657467451551681,0.07330880833332987,0.0,0.0,353.4633055483379,False
1764338957.3541865,124.02659487724304,3.4052128327365776,-0.056572078139039736,0.07330880833332987,0.0,0.0,353.4633055483379,False
1764338957.4414625,124.11387085914612,3.4051739915886854,-0.05656762754908397,0.07330880833332987,0.0,0.0,353.4633055483379,False
1764338957.5083785,124.18078684806824,3.405148099579094,-0.05656466072848063,0.07330880833332987,0.0,0.0,353.4633055483379,False
1764338957.6090095,124.28141784667969,3.405118973065601,-0.05656132328416103,0.07330880833332987,0.0,0.0,353.4633055483379,False
1764338957.6736336,124.3460419178009,3.4050930846065226,-0.05655835687039107,0.07330880833332987,0.0,0.0,353.4633055483379,False
1764338957.7373369,124.40974521636963,3.4050639620868086,-0.056555019883696274,0.07330880833332987,0.0,0.0,353.4633055483379,False
1764338957.8207448,124.49315309524536,3.4050283707667583,-0.056550941673341404,0.07330880833332987,0.0,0.0,353.4633055483379,False
1764338957.8912983,124.56370663642883,3.405005723388804,-0.056548346636934976,0.07330880833332987,0.0,0.0,353.4633055483379,False
1764338957.9892697,124.6616780757904,3.404970137234881,-0.05654426901853778,0.07330880833332987,0.0,0.0,353.4633055483379,False
1764338958.053127,124.72553539276123,3.4049410236384783,-0.056540933054315345,0.07330880833332988,0.0,0.0,353.4633055483379,True
1764338958.1205719,124.7929801940918,3.404915146659683,-0.05653796795600697,0.07330880833332987,0.0,0.0,353.4633055483379,False
1764338958.1985445,124.87095284461975,3.4048989743954943,-0.05653611486668121,0.07330880833332988,0.0,0.0,353.4633055483379,False
1764338958.2813172,124.95372557640076,3.40486663182278,-0.05653240891211811,0.07330880833332988,0.0,0.0,353.4633055483379,False
1764338958.3528094,125.02521777153015,3.4048342918572647,-0.05652870325629944,0.07330880833332988,0.0,0.0,353.4633055483379,False
1764338958.4342742,125.1066825389862,3.40480518811711,-0.05652536842144932,0.07330880833332988,0.0,0.0,353.4633055483379,False
1764338958.531355,125.20376324653625,3.4047696197461526,-0.05652129284070273,0.07330880833332988,0.0,0.0,353.4633055483379,False
1764338958.6166854,125.28909373283386,3.4047340545283813,-0.05651721762126212,0.07330880833332988,0.0,0.0,353.4633055483379,False
1764338958.6845186,125.35692691802979,3.4047114237585583,-0.05651462448788858,0.07330880833332988,0.0,0.0,353.4633055483379,False
1764338958.7497845,125.42219281196594,3.404688794265275,-0.05651203150078658,0.07330880833332988,0.0,0.0,353.4633055483379,False
1764338958.8386514,125.51105976104736,3.4046500038177125,-0.05650758672029799,0.07330880833332988,0.0,0.0,353.4633055483379,False
1764338958.9232087,125.59561705589294,3.4046176813095976,-0.05650388306482519,0.07330880833332988,0.0,0.0,353.4633055483379,False
1764338958.9911935,125.66360187530518,3.4045950571033017,-0.056501290683529555,0.07330880833332988,0.0,0.0,353.4633055483379,False
1764338959.0855942,125.75800251960754,3.404556275717758,-0.05649684694140719,0.07330880833332988,0.0,0.0,353.4633055483379,False
1764338959.1835341,125.85594248771667,3.4045174980807786,-0.0564924036288117,0.07330880833332988,0.0,0.0,353.4633055483379,False
1764338959.2511516,125.92355990409851,3.4044948795233587,-0.05648981189478922,0.07330880833332988,0.0,0.0,353.4633055483379,False
1764338959.3252263,125.99763464927673,3.40446580039465,-0.05648647988002715,0.07330880833332988,0.0,0.0,353.4633055483379,False
1764338959.3907845,126.06319284439087,3.4044367233735584,-0.05648314810676499,0.07330880833332988,0.0,0.0,353.4633055483379,False
1764338959.452992,126.12540030479431,3.4044141093696303,-0.05648055689450158,0.07330880833332988,0.0,0.0,353.4633055483379,False
1764338959.5217166,126.1941249370575,3.40439149664035,-0.05647796582829307,0.07330880833332988,0.0,0.0,353.4633055483379,False
1764338959.5802953,126.25270366668701,3.4043688851855762,-0.056475374908123,0.07330880833332988,0.0,0.0,353.4633055483379,False
1764338959.6371508,126.30955910682678,3.4043495049529207,-0.05647315423562799,0.07330880833332988,0.0,0.0,353.4633055483379,False
1764338959.6952825,126.36769080162048,3.404320436359237,-0.05646982342801553,0.0733088083333299,0.0,0.0,353.4633055483379,False
1764338959.797716,126.47012424468994,3.404288140391902,-0.05646612281370227,0.0733088083333299,0.0,0.0,353.4633055483379,False
1764338959.8807857,126.55319404602051,3.4042558470242583,-0.05646242249727314,0.0733088083333299,0.0,0.0,353.4633055483379,False
1764338959.9561892,126.62859749794006,3.404220327321995,-0.05645835249319996,0.0733088083333299,0.0,0.0,353.4633055483379,False
1764338960.03962,126.71202826499939,3.4041880394123414,-0.056454652802171344,0.0733088083333299,0.0,0.0,353.4633055483379,False
1764338960.099162,126.77157044410706,3.4041686679138055,-0.05645243313047027,0.0733088083333299,0.0,0.0,353.4633055483379,False
1764338960.177994,126.85040235519409,3.404139612419719,-0.05644910382386747,0.0733088083333299,0.0,0.0,353.4633055483379,False
1764338960.2585387,126.9309470653534,3.404104103006684,-0.05644503499877936,0.0733088083333299,0.0,0.0,353.4633055483379,False
1764338960.3343325,127.00674080848694,3.4040782799530067,-0.05644207607944869,0.0733088083333299,0.0,0.0,353.4633055483379,False
1764338960.399549,127.07195734977722,3.404055686144457,-0.05643948718126081,0.0733088083333299,0.0,0.0,353.4633055483379,False
1764338960.469413,127.14182138442993,3.4040266388316263,-0.05643615881210224,0.0733088083333299,0.0,0.0,353.4633055483379,False
1764338960.5530193,127.22542762756348,3.403991139416292,-0.05643209113259497,0.0733088083333299,0.0,0.0,353.4633055483379,False
1764338960.6103616,127.28276991844177,3.4039717774227536,-0.05642987255001846,0.0733088083333299,0.0,0.0,353.4633055483379,False
1764338960.6880398,127.36044812202454,3.4039459628848863,-0.05642691460646687,0.0733088083333299,0.0,0.0,353.4633055483379,False
1764338960.7547934,127.42720174789429,3.4039169235151494,-0.05642358714746303,0.0733088083333299,0.0,0.0,353.4633055483379,False
1764338960.815719,127.4881272315979,3.403891112506582,-0.056420629608314045,0.0733088083333299,0.0,0.0,353.4633055483379,False
1764338960.88011,127.55251836776733,3.4038685292362314,-0.05641804191763943,0.0733088083333299,0.0,0.0,353.4633055483379,False
1764338960.942227,127.61463522911072,3.403849173159126,-0.05641582401299384,0.0733088083333299,0.0,0.0,353.4633055483379,False
1764338961.0178707,127.69027900695801,3.4038201407943944,-0.05641249735665443,0.0733088083333299,0.0,0.0,353.4633055483379,False
1764338961.0778584,127.75026679039001,3.403791110530506,-0.05640917094103886,0.0733088083333299,0.0,0.0,353.4633055483379,False
1764338961.1642656,127.83667397499084,3.403758857145323,-0.05640547520597626,0.0733088083333299,0.0,0.0,353.4633055483379,False
1764338961.2367337,127.9091420173645,3.40373628131846,-0.05640288836820926,0.0733088083333299,0.0,0.0,353.4633055483379,False
1764338961.3131337,127.9855420589447,3.4037072571219653,-0.05639956264782241,0.0733088083333299,0.0,0.0,353.4633055483379,False
1764338961.4069483,128.07935667037964,3.403671785955388,-0.056395498205182186,0.0733088083333299,0.0,0.0,353.4633055483379,False
1764338961.4714947,128.14390301704407,3.4036459907130676,-0.056392542472599345,0.0733088083333299,0.0,0.0,353.4633055483379,False
1764338961.534136,128.20654439926147,3.403613748992385,-0.056388848074106754,0.0733088083333299,0.0,0.0,353.4633055483379,False
1764338961.5996022,128.27201056480408,3.403587957481355,-0.05638589276907163,0.0733088083333299,0.0,0.0,353.4633055483379,False
1764338961.689845,128.3622534275055,3.4035589440132705,-0.05638256827799318,0.0733088083333299,0.0,0.0,353.4633055483379,False
1764338961.7793577,128.45176601409912,3.4035234859570855,-0.056378505337599506,0.0733088083333299,0.0,0.0,353.4633055483379,False
1764338961.8437326,128.51614093780518,3.4034944771510522,-0.05637518138071955,0.0733088083333299,0.0,0.0,353.4633055483379,False
1764338961.909181,128.58158946037292,3.403471916196453,-0.05637259624708218,0.0733088083333299,0.0,0.0,353.4633055483379,False
1764338961.9759068,128.64831519126892,3.40344935651053,-0.05637001125881528,0.0733088083333299,0.0,0.0,353.4633055483379,False
1764338962.0421174,128.71452569961548,3.4034235755656304,-0.056367057164493924,0.0733088083333299,0.0,0.0,353.4633055483379,False
1764338962.10547,128.77787828445435,3.4033945739828173,-0.056363734035282456,0.0733088083333299,0.0,0.0,353.4633055483379,False
1764338962.1862104,128.8586187362671,3.4033655744963958,-0.05636041114628462,0.0733088083333299,0.0,0.0,353.4633055483379,False
1764338962.266252,128.9386603832245,3.403339798934819,-0.05635745766880821,0.07330880833332991,0.0,0.0,353.4633055483379,False
1764338962.326382,128.99879026412964,3.4033172466768478,-0.0563548735316687,0.0733088083333299,0.0,0.0,353.4633055483379,False
1764338962.3905141,129.06292247772217,3.4032882527793182,-0.05635155128307088,0.07330880833332991,0.0,0.0,353.4633055483379,False
1764338962.4490557,129.12146401405334,3.4032657034187324,-0.056348967477926636,0.07330880833332991,0.0,0.0,353.4633055483379,False
1764338962.5312698,129.20367813110352,3.4032399342727957,-0.05634601473558258,0.07330880833332991,0.0,0.0,353.4633055483379,False
1764338962.5957446,129.2681529521942,3.40321416678199,-0.0563430621828907,0.07330880833332991,0.0,0.0,353.4633055483379,False
1764338962.6559045,129.32831287384033,3.4031884009461026,-0.056340109819826636,0.07330880833332991,0.0,0.0,353.4633055483379,False
1764338962.7206519,129.39306020736694,3.403162636764921,-0.056337157646366036,0.07330880833332991,0.0,0.0,353.4633055483379,False
1764338962.7796416,129.45204997062683,3.403143314714807,-0.0563349436406832,0.07330880833332991,0.0,0.0,353.4633055483379,False
1764338962.857954,129.53036236763,3.403114333384414,-0.0563316228320832,0.07330880833332991,0.0,0.0,353.4633055483379,False
1764338962.9440303,129.61643862724304,3.4030789146013225,-0.056327564391773687,0.07330880833332991,0.0,0.0,353.4633055483379,False
1764338963.0101092,129.68251752853394,3.4030531574502687,-0.05632461302385616,0.07330880833332991,0.0,0.0,353.4633055483379,False
1764338963.0796652,129.75207352638245,3.403030621299565,-0.05632203073235842,0.07330880833332991,0.0,0.0,353.4633055483379,False
1764338963.1486664,129.8210747241974,3.403004867248819,-0.05631907971968782,0.07330880833332991,0.0,0.0,353.4633055483379,False
1764338963.214899,129.8873074054718,3.4029726770101636,-0.056315391220232734,0.07330880833332991,0.0,0.0,353.4633055483379,False
1764338963.2805293,129.95293760299683,3.402946926678802,-0.056312440633745554,0.07330880833332991,0.0,0.0,353.4633055483379,False
1764338963.3512428,130.02365112304688,3.4029243964946105,-0.056309859025917064,0.07330880833332991,0.0,0.0,353.4633055483379,False
1764338963.4235075,130.09591579437256,3.402898649261915,-0.05630690879448872,0.07330880833332991,0.0,0.0,353.4633055483379,False
1764338963.489432,130.16184043884277,3.402869685600157,-0.05630359001043886,0.07330880833332991,0.0,0.0,353.4633055483379,False
1764338963.553222,130.2256302833557,3.4028439418783814,-0.056300640181307246,0.07330880833332991,0.0,0.0,353.4633055483379,False
1764338963.6153755,130.28778386116028,3.402821417476882,-0.05629805923608514,0.07330880833332991,0.0,0.0,353.4633055483379,False
1764338963.6977398,130.37014818191528,3.4027924593902186,-0.05629474109085416,0.07330880833332991,0.0,0.0,353.4633055483379,False
1764338963.7720072,130.44441556930542,3.4027602861897166,-0.05629105454370588,0.07330880833332991,0.0,0.0,353.4633055483379,False
1764338963.8333657,130.50577402114868,3.402737766484469,-0.05628847413660105,0.07330880833332992,0.0,0.0,353.4633055483379,True
1764338963.900428,130.57283639907837,3.402715248043263,-0.05628589387433561,0.07330880833332992,0.0,0.0,353.4633055483379,False
1764338963.9880261,130.6604344844818,3.402683081033982,-0.056282208036604754,0.07330880833332992,0.0,0.0,353.4633055483379,False
1764338964.0664175,130.73882579803467,3.402647700302471,-0.05627815395641308,0.07330880833332992,0.0,0.0,353.4633055483379,False
1764338964.1473556,130.8197638988495,3.402618754751925,-0.056274837247625734,0.07330880833332992,0.0,0.0,353.4633055483379,False
1764338964.2202754,130.89268374443054,3.4025962429897216,-0.05627225775066992,0.07330880833332992,0.0,0.0,353.4633055483379,False
1764338964.2861416,130.95854997634888,3.402570516808195,-0.056269309931377305,0.07330880833332992,0.0,0.0,353.4633055483379,False
1764338964.3502715,131.02267980575562,3.4025415768257736,-0.05626599386061025,0.07330880833332992,0.0,0.0,353.4633055483379,False
1764338964.4337077,131.10611605644226,3.402509423738034,-0.056262309618070785,0.07330880833332992,0.0,0.0,353.4633055483379,False
1764338964.5084126,131.18082094192505,3.402483703123114,-0.056259362436624605,0.07330880833332992,0.0,0.0,353.4633055483379,False
1764338964.5667784,131.23918676376343,3.402461198937683,-0.05625678380784864,0.07330880833332992,0.0,0.0,353.4633055483379,False
1764338964.6504858,131.3228940963745,3.402425837768024,-0.056252731969140234,0.07330880833332992,0.0,0.0,353.4633055483379,False
1764338964.7175827,131.38999104499817,3.4024033368282183,-0.056250153712262496,0.07330880833332992,0.0,0.0,353.4633055483379,False
1764338964.7811558,131.4535641670227,3.402380837150348,-0.05624757559998285,0.07330880833332992,0.0,0.0,353.4633055483379,False
1764338964.847868,131.5202763080597,3.402355124777828,-0.05624462936298708,0.07330880833332992,0.0,0.0,353.4633055483379,False
1764338964.9061646,131.57857298851013,3.402329414053153,-0.05624168331480876,0.07330880833332992,0.0,0.0,353.4633055483379,False
1764338964.9923313,131.66473960876465,3.402297277964272,-0.05623800102007355,0.07330880833332992,0.0,0.0,353.4633055483379,False
1764338965.0598514,131.7322597503662,3.40227478423362,-0.05623542358925232,0.07330880833332992,0.0,0.0,353.4633055483379,False
1764338965.1181226,131.7905309200287,3.402252291764094,-0.05623284630293657,0.07330880833332992,0.0,0.0,353.4633055483379,False
1764338965.1911347,131.86354303359985,3.4022201618521604,-0.056229164715983264,0.07330880833332992,0.0,0.0,353.4633055483379,False
1764338965.2551978,131.92760610580444,3.402197672444783,-0.05622658778054192,0.07330880833332992,0.0,0.0,353.4633055483379,False
1764338965.3243654,131.9967737197876,3.4021751842980477,-0.056224010989550516,0.07330880833332992,0.0,0.0,353.4633055483379,False
1764338965.3867316,132.05913996696472,3.402152697411813,-0.05622143434299283,0.07330880833332992,0.0,0.0,353.4633055483379,False
1764338965.4737747,132.14618301391602,3.4021141513961686,-0.05621701757059114,0.07330880833332992,0.0,0.0,353.4633055483379,False
1764338965.5389142,132.21132254600525,3.4020916679305806,-0.05621444131598629,0.07330880833332992,0.0,0.0,353.4633055483379,False
1764338965.621587,132.2939953804016,3.402062762469056,-0.056211129200775756,0.07330880833332992,0.0,0.0,353.4633055483379,False
1764338965.684708,132.35711646080017,3.4020338590900483,-0.05620781732418927,0.07330880833332992,0.0,0.0,353.4633055483379,False
1764338965.7698777,132.44228601455688,3.4020017466665786,-0.05620413774114128,0.07330880833332992,0.0,0.0,353.4633055483379,False
1764338965.8389683,132.511376619339,3.40197926949946,-0.056201562208242725,0.07330880833332992,0.0,0.0,353.4633055483379,False
1764338965.9223154,132.59472370147705,3.401947161445133,-0.05619788312583024,0.07330880833332992,0.0,0.0,353.4633055483379,False
1764338966.004968,132.6773762702942,3.4019118455531614,-0.05619383647523885,0.07330880833332992,0.0,0.0,353.4633055483379,False
1764338966.0907288,132.76313710212708,3.4018829530446495,-0.0561905258442417,0.07330880833332992,0.0,0.0,353.4633055483379,False
1764338966.1616771,132.83408546447754,3.401857272561591,-0.05618758326128104,0.07330880833332992,0.0,0.0,353.4633055483379,False
1764338966.2391286,132.91153693199158,3.401825174269283,-0.056183905297443715,0.07330880833332992,0.0,0.0,353.4633055483379,False
1764338966.3062677,132.97867608070374,3.401799497484391,-0.056180963138235306,0.07330880833332992,0.0,0.0,353.4633055483379,False
1764338966.367145,133.03955340385437,3.4017770316456275,-0.05617838890338963,0.07330880833332992,0.0,0.0,353.4633055483379,False
1764338966.4456859,133.11809420585632,3.4017513579417273,-0.05617544709721486,0.07330880833332992,0.0,0.0,353.4633055483379,False
1764338966.5146356,133.18704390525818,3.4017224769886005,-0.05617213779028459,0.07330880833332992,0.0,0.0,353.4633055483379,False
1764338966.5770042,133.2494125366211,3.4016949205046627,-0.05616898025916846,0.07330880833333071,0.0,0.0,353.4634827162201,False
1764338966.6409736,133.3133819103241,3.4016768685561303,-0.05616691195426295,0.07330880833333148,0.0,0.0,353.46428261378696,False
1764338966.7101305,133.3825387954712,3.4016619034612097,-0.056165197602501285,0.07330880833333209,0.0,0.0,353.4655859227269,False
1764338966.797403,133.46981143951416,3.4016471984544423,-0.056163513503193735,0.07330880833333273,0.0,0.0,353.4679323199173,False
1764338966.8770187,133.5494270324707,3.4016355296217964,-0.056162177747372775,0.07330880833333321,0.0,0.0,353.47210310813557,False
1764338966.9529066,133.625314950943,3.4016327315174224,-0.056161857627326534,0.07330880833333334,0.0,0.0,353.47591899438,False
1764338967.016511,133.6889193058014,3.4016333820685167,-0.05616193200665436,0.07330880833333331,0.0,0.0,353.47826673702093,False
1764338967.085375,133.75778341293335,3.401637699081864,-0.056162425350428445,0.07330880833333314,0.0,0.0,353.4823312280426,False
1764338967.160618,133.83302640914917,3.4016487656457106,-0.05616368909589862,0.07330880833333268,0.0,0.0,353.48789551242066,False
1764338967.2242644,133.8966727256775,3.4016621551643595,-0.056165216914017276,0.07330880833333214,0.0,0.0,353.4926932547482,False
1764338967.298464,133.97087240219116,3.4016771786778146,-0.05616692996493391,0.0733088083333315,0.0,0.0,353.49711817780457,False
1764338967.37608,134.04848837852478,3.401703996057426,-0.056169985162186714,0.0733088083333304,0.0,0.0,353.5037697680019,False
1764338967.4617987,134.13420701026917,3.4017407717331043,-0.05617417019703415,0.07330880833332887,0.0,0.0,353.5114849732146,False
1764338967.546849,134.21925735473633,3.401776530664695,-0.05617823503328655,0.0733088083333274,0.0,0.0,353.51807056444625,False
1764338967.6273062,134.2997145652771,3.401817392000704,-0.05618287504496378,0.0733088083333257,0.0,0.0,353.5248733261403,False
1764338967.713078,134.38548636436462,3.4018798100959047,-0.05618995397766608,0.0733088083333231,0.0,0.0,353.5342410342562,False
1764338967.7946215,134.46702980995178,3.401932575206752,-0.056195930452322025,0.0733088083333209,0.0,0.0,353.54146304512915,False
1764338967.878931,134.55133938789368,3.4019904409317516,-0.056202477191042904,0.0733088083333185,0.0,0.0,353.5488329864778,False
1764338967.9468708,134.61927914619446,3.4020534065379,-0.05620959263991698,0.07330880833331588,0.0,0.0,353.55633476404086,False
1764338968.0076737,134.6800820827484,3.4021136566835417,-0.056216393639693815,0.07330880833331338,0.0,0.0,353.56310205686515,False
1764338968.0755923,134.74800062179565,3.4021696800062737,-0.056222711209595766,0.07330880833331105,0.0,0.0,353.56909245063207,False
1764338968.1421185,134.81452679634094,3.402228724006479,-0.05622936313392453,0.07330880833330904,0.0,0.0,353.5751293545883,False
1764338968.228601,134.90100932121277,3.402314416875675,-0.056239006626984625,0.07330880833330902,0.0,0.0,353.583107488475,False
1764338968.2878666,134.96027493476868,3.4023915344246047,-0.056247675354817346,0.07330880833330902,0.0,0.0,353.58946497645553,False
1764338968.3732493,135.0456576347351,3.40247721321568,-0.05625729688692754,0.07330880833330904,0.0,0.0,353.5957209853179,False
1764338968.433491,135.10589933395386,3.4025286165036053,-0.05626306501923444,0.07330880833330904,0.0,0.0,353.5991078209987,False
1764338968.512053,135.18446135520935,3.402605715500871,-0.05627171106819146,0.07330880833330905,0.0,0.0,353.60372453490277,False
1764338968.5878296,135.2602379322052,3.4026913722884493,-0.05628130986708018,0.07330880833330905,0.0,0.0,353.60826755616966,False
1764338968.6513257,135.3237340450287,3.402759890772169,-0.05628898344182131,0.07330880833330905,0.0,0.0,353.6115057672235,False
1764338968.749349,135.4217574596405,3.4028369663990343,-0.05629761091865712,0.07330880833330905,0.0,0.0,353.61477363269813,False
1764338968.8349175,135.50732588768005,3.4029311585399733,-0.05630814867430388,0.07330880833330906,0.0,0.0,353.6182888472167,False
1764338968.8988225,135.5712308883667,3.40300821522322,-0.05631676530596027,0.07330880833330908,0.0,0.0,353.62081873991525,False
1764338968.9668689,135.63927721977234,3.403068142070737,-0.056323464177067385,0.07330880833330908,0.0,0.0,353.62259455597086,False
1764338969.0410888,135.71349716186523,3.4031366232060662,-0.056331117088628084,0.07330880833330908,0.0,0.0,353.62443850367765,False
1764338969.125208,135.79761624336243,3.4032307729053812,-0.056341635096432946,0.07330880833330909,0.0,0.0,353.6266845474386,False
1764338969.2058384,135.8782467842102,3.4033163514139737,-0.056351192530031916,0.07330880833330909,0.0,0.0,353.62846940358986,False
1764338969.273398,135.94580626487732,3.4033762493965027,-0.05635788042856202,0.0733088083333091,0.0,0.0,353.6295896311552,False
1764338969.340726,136.01313424110413,3.4034361415723677,-0.0563645665447019,0.0733088083333091,0.0,0.0,353.63061386596405,False
1764338969.4003072,136.07271552085876,3.403513137185658,-0.056373160507487335,0.0733088083333091,0.0,0.0,353.6318028444597,False
1764338969.4871297,136.1595380306244,3.4035986763951254,-0.05638270629009488,0.07330880833330912,0.0,0.0,353.6329728443136,False
1764338969.5567338,136.22914218902588,3.4036585465961324,-0.0563893865293856,0.07330880833330912,0.0,0.0,353.6337071702071,False
1764338969.6309044,136.3033127784729,3.4037355137358256,-0.05639797334017189,0.07330880833330913,0.0,0.0,353.63455960920754,False
1764338969.7208567,136.3932650089264,3.4038381210226443,-0.056409419002362286,0.07330880833330913,0.0,0.0,353.63555370589717,True
1764338969.7886202,136.46102857589722,3.4038979670070035,-0.0564160939289518,0.07330880833330913,0.0,0.0,353.63606687670926,False
1764338969.8568962,136.52930450439453,3.403957806869513,-0.056422767653707344,0.07330880833330915,0.0,0.0,353.6365360737051,False
1764338969.926406,136.5988142490387,3.4040347348045716,-0.05643134645831984,0.07330880833330916,0.0,0.0,353.6370807389846,False
1764338969.9916704,136.66407871246338,3.4041031066303673,-0.05643897051825361,0.07330880833330916,0.0,0.0,353.6375149320812,False
1764338970.0569477,136.72935605049133,3.404162925346459,-0.05644564042054651,0.07330880833330916,0.0,0.0,353.6378600446218,False
1764338970.120591,136.79299926757812,3.40422273781853,-0.05645230936256219,0.07330880833330916,0.0,0.0,353.6379531013688,False
1764338970.210023,136.88243126869202,3.4043252586367316,-0.05646374015504365,0.07330880833330918,0.0,0.0,353.6379531013688,False
1764338970.2872982,136.9597065448761,3.4044021369308286,-0.05647231187580791,0.07330880833330919,0.0,0.0,353.6379531013688,False
1764338970.3648238,137.03723216056824,3.404470464329997,-0.05647993019503718,0.07330880833330919,0.0,0.0,353.6379531013688,False
1764338970.4445846,137.11699295043945,3.404555861852731,-0.056489451786631326,0.0733088083333092,0.0,0.0,353.6379531013688,False
1764338970.505239,137.17764735221863,3.4046241704924176,-0.05649706801422921,0.0733088083333092,0.0,0.0,353.6379531013688,False
1764338970.5701258,137.242534160614,3.40468393371539,-0.056503731451098056,0.07330880833330922,0.0,0.0,353.6379531013688,False
1764338970.6456985,137.31810688972473,3.40475222673004,-0.05651134593654692,0.07330880833330922,0.0,0.0,353.6379531013688,False
1764338970.7259114,137.39831972122192,3.404846116023569,-0.056521814337495986,0.07330880833330922,0.0,0.0,353.6379531013688,False
1764338970.8144982,137.4869065284729,3.404922922825479,-0.05653037808707593,0.07330880833330923,0.0,0.0,353.6379531013688,False
1764338970.8815384,137.55394673347473,3.404991186692513,-0.05653798932264486,0.07330880833330924,0.0,0.0,353.6379531013688,False
1764338970.9632764,137.63568472862244,3.405076504821873,-0.056547502062093635,0.07330880833330924,0.0,0.0,353.6379531013688,False
1764338971.0393572,137.71176552772522,3.405144749964289,-0.05655511120991853,0.07330880833330924,0.0,0.0,353.6379531013688,False
1764338971.1217752,137.79418349266052,3.405247102080879,-0.05656652319262909,0.07330880833330926,0.0,0.0,353.6379531013688,False
1764338971.2054536,137.87786197662354,3.405323853889276,-0.05657508081058175,0.07330880833330927,0.0,0.0,353.6379531013688,False
1764338971.2692363,137.9416446685791,3.405383542465848,-0.056581735924579914,0.07330880833330927,0.0,0.0,353.6379531013688,False
1764338971.3308468,138.00325512886047,3.4054517501898274,-0.056589340900350886,0.07330880833330927,0.0,0.0,353.6379531013688,False
1764338971.3928702,138.06527853012085,3.40551994960417,-0.05659694494961999,0.07330880833330929,0.0,0.0,353.6379531013688,False
1764338971.4594674,138.1318757534027,3.4055796172768127,-0.05660359773288683,0.07330880833330929,0.0,0.0,353.6379531013688,False
1764338971.5227306,138.1951389312744,3.4056392785902956,-0.05661024980712467,0.0733088083333093,0.0,0.0,353.6379531013688,False
1764338971.5828304,138.2552387714386,3.4057074551635744,-0.05661785130967727,0.0733088083333093,0.0,0.0,353.6379531013688,False
1764338971.671,138.34340834617615,3.4058011843965565,-0.05662830186431068,0.0733088083333093,0.0,0.0,353.6379531013688,False
1764338971.7428677,138.41527605056763,3.4058608221021665,-0.05663495130633486,0.07330880833330931,0.0,0.0,353.6379531013688,False
1764338971.802762,138.47517037391663,3.4059204534550025,-0.05664160004004203,0.07330880833330931,0.0,0.0,353.6379531013688,False
1764338971.889225,138.56163334846497,3.4060226638552678,-0.05665299622176767,0.07330880833330933,0.0,0.0,353.6379531013688,False
1764338971.9805295,138.65293788909912,3.4061078249354475,-0.05666249145065984,0.07330880833330933,0.0,0.0,353.6379531013688,False
1764338972.0400076,138.712415933609,3.406158915365667,-0.05666818789471749,0.07330880833330933,0.0,0.0,353.6379531013688,False
1764338972.0966797,138.76908802986145,3.406218514974924,-0.0566748330891019,0.07330880833330934,0.0,0.0,353.6379531013688,False
1764338972.1619353,138.8343436717987,3.406295133721391,-0.056683375871011216,0.07330880833330936,0.0,0.0,353.6379531013688,False
1764338972.2571955,138.92960381507874,3.4063802533645284,-0.05669286647978587,0.07330880833330936,0.0,0.0,353.6379531013688,False
1764338972.3183982,138.99080657958984,3.40643982941471,-0.05669950904739748,0.07330880833330936,0.0,0.0,353.6379531013688,False
1764338972.3817546,139.05416297912598,3.4065164178783065,-0.056708048452849026,0.07330880833330937,0.0,0.0,353.6379531013688,False
1764338972.4562416,139.12864995002747,3.4065929958649463,-0.0567165866901485,0.07330880833330937,0.0,0.0,353.6379531013688,False
1764338972.5224783,139.19488668441772,3.40665254927973,-0.056723226733974674,0.07330880833330938,0.0,0.0,353.6379531013688,False
1764338972.6090748,139.28148317337036,3.406737614597907,-0.05673271128566391,0.07330880833330938,0.0,0.0,353.6379531013688,False
1764338972.6735067,139.34591507911682,3.4068141623338826,-0.05674124615009638,0.0733088083333094,0.0,0.0,353.6379531013688,False
1764338972.7353868,139.40779519081116,3.40687369222609,-0.05674788357121931,0.0733088083333094,0.0,0.0,353.6379531013688,False
1764338972.8142602,139.48666858673096,3.406941718637883,-0.056755468331174515,0.07330880833330941,0.0,0.0,353.6379531013688,False
1764338972.8715932,139.54400157928467,3.4070012349678245,-0.05676210424014165,0.07330880833330941,0.0,0.0,353.6379531013688,False
1764338972.9396677,139.61207604408264,3.4070777466669195,-0.056770635086560016,0.07330880833330941,0.0,0.0,353.6379531013688,False
1764338973.0222652,139.694673538208,3.407162747402869,-0.056780112437506434,0.07330880833330942,0.0,0.0,353.6379531013688,False
1764338973.1067066,139.77911496162415,3.40723073870007,-0.056787693282280165,0.07330880833330942,0.0,0.0,353.6379531013688,False
1764338973.187648,139.86005640029907,3.4073242132520174,-0.05679811544067053,0.07330880833330944,0.0,0.0,353.6379531013688,False
1764338973.2568836,139.92929196357727,3.407400680823134,-0.05680664136693932,0.07330880833330944,0.0,0.0,353.6379531013688,False
1764338973.3189597,139.99136805534363,3.4074601483800437,-0.05681327183784596,0.07330880833330945,0.0,0.0,353.6379531013688,False
1764338973.3782098,140.0506181716919,3.407511115544149,-0.05681895453806702,0.07330880833330945,0.0,0.0,353.6379531013688,False
1764338973.4397655,140.11217379570007,3.407562078068348,-0.05682463672095116,0.07330880833330945,0.0,0.0,353.6379531013688,False
1764338973.4993763,140.17178463935852,3.4076385131566695,-0.05683315902547668,0.07330880833330947,0.0,0.0,353.6379531013688,False
1764338973.580512,140.25292038917542,3.4077319196494216,-0.05684357359545188,0.07330880833330947,0.0,0.0,353.6379531013688,False
1764338973.6402535,140.3126618862152,3.4077828620771196,-0.056849253537630755,0.07330880833330947,0.0,0.0,353.6379531013688,False
1764338973.7058742,140.37828254699707,3.407842289050857,-0.05685587948362417,0.07330880833330948,0.0,0.0,353.6379531013688,False
1764338973.7702165,140.4426248073578,3.4079101978683175,-0.056863451132131024,0.0733088083333095,0.0,0.0,353.6379531013688,False
1764338973.8299131,140.5023214817047,3.4079780984488086,-0.0568710218622382,0.0733088083333095,0.0,0.0,353.6379531013688,False
1764338973.890819,140.56322741508484,3.4080375047014204,-0.056877645497882365,0.0733088083333095,0.0,0.0,353.6379531013688,False
1764338973.9866788,140.6590871810913,3.408122359842161,-0.05688710661535895,0.07330880833330951,0.0,0.0,353.6379531013688,False
1764338974.0475082,140.71991658210754,3.408190234694997,-0.05689467447690258,0.07330880833330951,0.0,0.0,353.6379531013688,False
1764338974.106854,140.77926230430603,3.408258101319101,-0.05690224142096493,0.07330880833330952,0.0,0.0,353.6379531013688,False
1764338974.1901386,140.86254692077637,3.4083344414377956,-0.05691075313663518,0.07330880833330952,0.0,0.0,353.6379531013688,False
1764338974.2688825,140.94129085540771,3.408393809889092,-0.05691737255753545,0.07330880833330952,0.0,0.0,353.6379531013688,False
1764338974.336295,141.00870323181152,3.4084786110418634,-0.05692682765550026,0.07330880833330954,0.0,0.0,353.6379531013688,False
1764338974.413405,141.0858132839203,3.4085633993504807,-0.05693628132137679,0.07330880833330955,0.0,0.0,353.6379531013688,False
1764338974.4911206,141.16352891921997,3.4086312207521985,-0.05694384322326595,0.07330880833330955,0.0,0.0,353.6379531013688,False
1764338974.5600786,141.2324869632721,3.4086905577391278,-0.05695045913597485,0.07330880833330955,0.0,0.0,353.6379531013688,False
1764338974.6477506,141.32015895843506,3.4087922636576358,-0.05696179906935618,0.07330880833330956,0.0,0.0,353.6379531013688,False
1764338974.7357945,141.40820288658142,3.4088770044766954,-0.056971247440276034,0.07330880833330956,0.0,0.0,353.6379531013688,False
1764338974.8202844,141.49269270896912,3.4089447878971173,-0.056978805107354175,0.07330880833330958,0.0,0.0,353.6379531013688,False
1764338974.8881848,141.56059312820435,3.4090210344357654,-0.05698730638910373,0.07330880833330958,0.0,0.0,353.6379531013688,False
1764338974.9644814,141.63688969612122,3.4091142105487373,-0.0569976952723599,0.07330880833330959,0.0,0.0,353.6379531013688,False
1764338975.0272408,141.69964909553528,3.409173496365021,-0.05700430547968107,0.07330880833330959,0.0,0.0,353.6379531013688,False
1764338975.0856242,141.7580325603485,3.4092243077821305,-0.05700997081453549,0.0733088083333096,0.0,0.0,353.6379531013688,False
1764338975.175988,141.84839630126953,3.409317450070102,-0.057020355926395976,0.0733088083333096,0.0,0.0,353.6379531013688,False
1764338975.2436178,141.91602611541748,3.4093936458712446,-0.05702885155105157,0.0733088083333096,0.0,0.0,353.6379531013688,False
1764338975.3319628,142.00437116622925,3.4094698313025784,-0.05703734601950169,0.07330880833330962,0.0,0.0,353.6379531013688,False
1764338975.4121163,142.08452463150024,3.4095460063669263,-0.05704583933206102,0.07330880833330963,0.0,0.0,353.6379531013688,False
1764338975.4775498,142.1499581336975,3.4096221710671086,-0.05705433148904407,0.07330880833330963,0.0,0.0,353.6379531013688,True
1764338975.5408885,142.2132968902588,3.409689864324325,-0.05706187910316977,0.07330880833330963,0.0,0.0,353.6379531013688,False
1764338975.6064181,142.27882647514343,3.4097490892102584,-0.057068482516922446,0.07330880833330963,0.0,0.0,353.6379531013688,False
1764338975.6659136,142.3383219242096,3.4097998484116165,-0.05707414202986268,0.07330880833330965,0.0,0.0,353.6379531013688,False
1764338975.7271268,142.39953517913818,3.409859061663359,-0.05708074414643459,0.07330880833330965,0.0,0.0,353.6379531013688,False
1764338975.789424,142.46183228492737,3.4099267262825625,-0.05708828856749982,0.07330880833330966,0.0,0.0,353.6379531013688,False
1764338975.8553197,142.5277280807495,3.4099943827239274,-0.05709583207675823,0.07330880833330966,0.0,0.0,353.6379531013688,False
1764338975.9152174,142.58762574195862,3.4100451196894332,-0.05710148911046138,0.07330880833330966,0.0,0.0,353.6379531013688,False
1764338975.9742925,142.64670085906982,3.4101043070044414,-0.05710808833515807,0.07330880833330967,0.0,0.0,353.6379531013688,False
1764338976.0602446,142.73265290260315,3.410205756416224,-0.05711939966873689,0.07330880833330969,0.0,0.0,353.6379531013688,False
1764338976.1371436,142.8095519542694,3.4102733791448867,-0.05712693941912072,0.07330880833330969,0.0,0.0,353.6379531013688,False
1764338976.2179463,142.8903546333313,3.4103494449517564,-0.05713542054976839,0.07330880833330969,0.0,0.0,353.6379531013688,False
1764338976.2775693,142.94997763633728,3.4104170503263793,-0.05714295836522386,0.0733088083333097,0.0,0.0,353.6379531013688,False
1764338976.3568323,143.02924060821533,3.4105015455649306,-0.05715237935458485,0.0733088083333097,0.0,0.0,353.6379531013688,False
1764338976.437351,143.1097593307495,3.410569132574392,-0.057159915122374845,0.07330880833330972,0.0,0.0,353.6379531013688,False
1764338976.4976315,143.17003989219666,3.410628264514599,-0.05716650817293178,0.07330880833330972,0.0,0.0,353.6379531013688,False
1764338976.575472,143.2478804588318,3.410721173517005,-0.05717686727408598,0.07330880833330972,0.0,0.0,353.6379531013688,False
1764338976.6362789,143.308687210083,3.41078028940006,-0.057183458534314065,0.07330880833330973,0.0,0.0,353.6379531013688,False
1764338976.6982398,143.37064814567566,3.4108309551887173,-0.05718910763199213,0.07330880833330973,0.0,0.0,353.6379531013688,False
1764338976.7763946,143.44880294799805,3.4109069452747174,-0.057197580319968626,0.07330880833330974,0.0,0.0,353.6379531013688,False
1764338976.8343875,143.5067958831787,3.4109744833591633,-0.057205110632752354,0.07330880833330974,0.0,0.0,353.6379531013688,False
1764338976.8959394,143.56834769248962,3.4110335724996674,-0.057211698911258775,0.07330880833330974,0.0,0.0,353.6379531013688,False
1764338976.9817824,143.6541907787323,3.4111095350881695,-0.057220168533339014,0.07330880833330976,0.0,0.0,353.6379531013688,False
1764338977.0580027,143.73041105270386,3.4111770487366604,-0.05722769612158016,0.07330880833330976,0.0,0.0,353.6379531013688,False
1764338977.1404738,143.8128821849823,3.411278303944904,-0.05723898580199253,0.07330880833330977,0.0,0.0,353.6379531013688,False
1764338977.2016845,143.87409281730652,3.4113373610262685,-0.05724557050599202,0.07330880833330977,0.0,0.0,353.6379531013688,False
1764338977.2627003,143.9351086616516,3.4113879764233555,-0.057251213985147,0.07330880833330977,0.0,0.0,353.6379531013688,False
1764338977.3266833,143.99909162521362,3.411447021936357,-0.05725779739930538,0.07330880833330979,0.0,0.0,353.6379531013688,False
1764338977.4051845,144.07759284973145,3.4115144948975256,-0.05726532045102076,0.07330880833330979,0.0,0.0,353.6379531013688,False
1764338977.4899914,144.16239976882935,3.4116241211171587,-0.05727754347644289,0.0733088083333098,0.0,0.0,353.6379531013688,False
1764338977.5521357,144.22454404830933,3.4116831417290707,-0.057284124114197504,0.0733088083333098,0.0,0.0,353.6379531013688,False
1764338977.6426547,144.31506299972534,3.411759016230623,-0.05729258391482238,0.07330880833330981,0.0,0.0,353.6379531013688,False
1764338977.7079132,144.38032150268555,3.411826451599657,-0.05730010277511692,0.07330880833330981,0.0,0.0,353.6379531013688,False
1764338977.7794175,144.45182585716248,3.4119107343888806,-0.057309500076955615,0.07330880833330983,0.0,0.0,353.6379531013688,False
1764338977.8439443,144.51635265350342,3.4119697247919762,-0.05731607734650947,0.07330880833330983,0.0,0.0,353.6379531013688,False
1764338977.931524,144.60393238067627,3.4120455604629782,-0.05732453281763363,0.07330880833330983,0.0,0.0,353.6379531013688,False
1764338977.9948595,144.66726779937744,3.4121129613248002,-0.057332047830467955,0.07330880833330984,0.0,0.0,353.6379531013688,False
1764338978.0605233,144.73293161392212,3.412188777595429,-0.05734050113850316,0.07330880833330986,0.0,0.0,353.6379531013688,False
1764338978.1229825,144.7953908443451,3.4122477387077623,-0.05734707514221666,0.07330880833330986,0.0,0.0,353.6379531013688,False
1764338978.1838605,144.85626888275146,3.4122982718617823,-0.057352709451493164,0.07330880833330986,0.0,0.0,353.6379531013688,False
1764338978.2448454,144.91725373268127,3.4123572214433158,-0.057359282169553806,0.07330880833330986,0.0,0.0,353.6379531013688,False
1764338978.3069837,144.97939205169678,3.412424584793278,-0.05736679299991769,0.07330880833330987,0.0,0.0,353.6379531013688,False
1764338978.3721774,145.04458570480347,3.412491940038057,-0.05737430292657571,0.07330880833330987,0.0,0.0,353.6379531013688,False
1764338978.4561987,145.12860703468323,3.4125677050026346,-0.05738275051412579,0.07330880833330988,0.0,0.0,353.6379531013688,False
1764338978.5499954,145.22240376472473,3.4126518762717493,-0.057392135381775504,0.07330880833330988,0.0,0.0,353.6379531013688,False
1764338978.6413238,145.3137321472168,3.412761280004335,-0.05740433360049663,0.0733088083333099,0.0,0.0,353.6379531013688,False
1764338978.703467,145.37587523460388,3.4128201808515772,-0.05741090088481632,0.0733088083333099,0.0,0.0,353.6379531013688,False
1764338978.7637532,145.43616151809692,3.412870662359901,-0.057416529435738266,0.07330880833330991,0.0,0.0,353.6379531013688,False
1764338978.8236148,145.4960231781006,3.4129295516999005,-0.05742309543703168,0.07330880833330991,0.0,0.0,353.6379531013688,False
1764338978.926115,145.5985233783722,3.413038901184054,-0.057435287607200035,0.07330880833330991,0.0,0.0,353.6379531013688,False
1764338979.0083718,145.68078017234802,3.413114592162364,-0.057443726945482346,0.07330880833330992,0.0,0.0,353.6379531013688,False
1764338979.0724957,145.74490404129028,3.413173455848556,-0.05745029008644598,0.07330880833330994,0.0,0.0,353.6379531013688,False
1764338979.1612031,145.83361148834229,3.413274350626826,-0.05746153957989616,0.07330880833330994,0.0,0.0,353.6379531013688,False
1764338979.2241085,145.89651679992676,3.413333197517467,-0.05746810084820148,0.07330880833330994,0.0,0.0,353.6379531013688,False
1764338979.292428,145.96483635902405,3.4133920382226894,-0.05747466142684943,0.07330880833330995,0.0,0.0,353.6379531013688,False
1764338979.3718193,146.04422760009766,3.413467681471289,-0.0574830954433988,0.07330880833330995,0.0,0.0,353.6379531013688,False
1764338979.4499671,146.12237548828125,3.413560120452003,-0.05749340213841225,0.07330880833330997,0.0,0.0,353.6379531013688,False
1764338979.5126727,146.18508100509644,3.4136189373113566,-0.057499960058310665,0.07330880833330997,0.0,0.0,353.6379531013688,False
1764338979.5854104,146.25781869888306,3.4136777479916027,-0.057506517289255384,0.07330880833330997,0.0,0.0,353.6379531013688,False
1764338979.6538863,146.32629466056824,3.4137449526330084,-0.05751401042404682,0.07330880833330998,0.0,0.0,353.6379531013688,False
1764338979.7336164,146.40602469444275,3.4138373458433766,-0.05752431201579127,0.07330880833331,0.0,0.0,353.6379531013688,False
1764338979.8016577,146.47406601905823,3.413887735713321,-0.05752993034928294,0.07330880833331,0.0,0.0,353.6379531013688,False
1764338979.8598688,146.53227710723877,3.4139381210478685,-0.05753554817709041,0.07330880833331,0.0,0.0,353.6379531013688,False
1764338979.9219048,146.59431314468384,3.4140136905476117,-0.057543973970842856,0.07330880833331,0.0,0.0,353.6379531013688,False
1764338979.9861026,146.65851092338562,3.4140892498473074,-0.057552398627317744,0.07330880833331001,0.0,0.0,353.6379531013688,False
1764338980.0694168,146.74182510375977,3.4141647989497086,-0.057560822146822045,0.07330880833331001,0.0,0.0,353.6379531013688,False
1764338980.1341736,146.80658197402954,3.4142235523144677,-0.05756737298724588,0.07330880833331002,0.0,0.0,353.6379531013688,False
1764338980.1977196,146.87012791633606,3.414299083295141,-0.05757579448622671,0.07330880833331002,0.0,0.0,353.6379531013688,False
1764338980.2621024,146.93451070785522,3.4143662133902666,-0.057583279309310516,0.07330880833331002,0.0,0.0,353.6379531013688,False
1764338980.3474755,147.0198838710785,3.4144417251261263,-0.057591698662546986,0.07330880833331004,0.0,0.0,353.6379531013688,False
1764338980.4190476,147.09145593643188,3.4144920606251623,-0.05759731093383035,0.07330880833331004,0.0,0.0,353.6379531013688,False
1764338980.4820366,147.15444493293762,3.4145591675841755,-0.05760479317730054,0.07330880833331005,0.0,0.0,353.6379531013688,False
1764338980.5738857,147.24629402160645,3.4146681992379255,-0.057616949910243194,0.07330880833331005,0.0,0.0,353.6379531013688,False
1764338980.6525755,147.32498383522034,3.4147520552926527,-0.05762629963234569,0.07330880833331006,0.0,0.0,353.6379531013688,False
1764338980.7187002,147.39110851287842,3.41481074705785,-0.05763284360458577,0.07330880833331006,0.0,0.0,353.6379531013688,False
1764338980.7926087,147.465017080307,3.414877815826902,-0.05764032158997916,0.07330880833331008,0.0,0.0,353.6379531013688,False
1764338980.8603332,147.53274154663086,3.4149616404899925,-0.057649667811999504,0.07330880833331008,0.0,0.0,353.6379531013688,False
1764338980.9196754,147.59208369255066,3.4150203102866374,-0.05765620933480578,0.07330880833331008,0.0,0.0,353.6379531013688,False
1764338980.9970841,147.66949248313904,3.4150705937902104,-0.05766181580873627,0.07330880833331009,0.0,0.0,353.6379531013688,False
1764338981.0625732,147.73498153686523,3.4151124932598926,-0.05766648748568365,0.07330880833331009,0.0,0.0,353.6379531013688,False
1764338981.1280968,147.8005051612854,3.4151879044033477,-0.057674895623140585,0.0733088083333101,0.0,0.0,353.6379531013688,True
1764338981.2126188,147.88502717018127,3.4152968136791717,-0.05768703871127721,0.0733088083333101,0.0,0.0,353.6379531013688,False
1764338981.2771792,147.94958758354187,3.415355448360321,-0.05769357631880116,0.0733088083333101,0.0,0.0,353.6379531013688,False
1764338981.3569582,148.0293664932251,3.4154224519051084,-0.057701047031866376,0.07330880833331012,0.0,0.0,353.6379531013688,False
1764338981.4175987,148.09000706672668,3.4154810734287815,-0.05770758317236751,0.07330880833331012,0.0,0.0,353.6379531013688,False
1764338981.5048985,148.17730689048767,3.4155815531895177,-0.057718786392491075,0.07330880833331013,0.0,0.0,353.6379531013688,False
1764338981.5927086,148.26511693000793,3.415656901176132,-0.057727187488131965,0.07330880833331013,0.0,0.0,353.6379531013688,False
1764338981.6593494,148.33175778388977,3.4157238686512708,-0.057734654179529374,0.07330880833331015,0.0,0.0,353.6379531013688,False
1764338981.740344,148.41275238990784,3.4158159358508144,-0.05774491942195341,0.07330880833331015,0.0,0.0,353.6379531013688,False
1764338981.8021386,148.47454690933228,3.4158745161859407,-0.05775145097004356,0.07330880833331016,0.0,0.0,353.6379531013688,False
1764338981.861709,148.53411746025085,3.4159247230231227,-0.057757048895879966,0.07330880833331016,0.0,0.0,353.6379531013688,False
1764338981.9350238,148.6074321269989,3.416000024836945,-0.05776544484338012,0.07330880833331016,0.0,0.0,353.6379531013688,False
1764338981.9989192,148.67132759094238,3.4160753165228512,-0.057773839661645,0.07330880833331017,0.0,0.0,353.6379531013688,False
1764338982.0713863,148.74379467964172,3.4161338697227266,-0.057780368184228485,0.07330880833331017,0.0,0.0,353.6379531013688,False
1764338982.1302574,148.80266571044922,3.4161924167987667,-0.05778689602402092,0.07330880833331019,0.0,0.0,353.6379531013688,False
1764338982.1985567,148.87096500396729,3.416259320245881,-0.057794355576467664,0.07330880833331019,0.0,0.0,353.6379531013688,False
1764338982.2625408,148.9349491596222,3.4163345770675813,-0.057802746507468424,0.07330880833331019,0.0,0.0,353.6379531013688,False
1764338982.3212483,148.99365663528442,3.41638474266198,-0.057808339834846706,0.0733088083333102,0.0,0.0,353.6379531013688,False
1764338982.3821921,149.05460047721863,3.4164265438901777,-0.057813000558135715,0.0733088083333102,0.0,0.0,353.6379531013688,False
1764338982.4713383,149.14374661445618,3.4164934193635146,-0.05782045699158245,0.0733088083333102,0.0,0.0,353.6379531013688,False
1764338982.5451288,149.2175371646881,3.416577002471988,-0.05782977628091976,0.07330880833331022,0.0,0.0,353.6379531013688,False
1764338982.6094725,149.2818808555603,3.416660573102607,-0.05783909417901031,0.07330880833331022,0.0,0.0,353.6379531013688,False
1764338982.6708798,149.34328818321228,3.4167190651217134,-0.057845615880104305,0.07330880833331022,0.0,0.0,353.6379531013688,False
1764338982.7382958,149.41070413589478,3.4167775510297735,-0.057852136899833304,0.07330880833331023,0.0,0.0,353.6379531013688,False
1764338982.7980852,149.47049355506897,3.4168360308280645,-0.05785865723833968,0.07330880833331023,0.0,0.0,353.6379531013688,False
1764338982.8625636,149.53497195243835,3.4169112101645873,-0.05786703952995386,0.07330880833331024,0.0,0.0,353.6379531013688,False
1764338982.9465806,149.6189889907837,3.4169529721004452,-0.057871695872253756,0.07330880833331024,0.0,0.0,353.6379531013688,False
1764338983.0055447,149.67795300483704,3.4170364866267957,-0.05788100751487096,0.07330880833331024,0.0,0.0,353.6379531013688,False
