epoch [s],elapsed [s],x [m],y [m],z [m],roll [deg],pitch [deg],yaw [deg],broadcast
1776222941.827795,0.1019134521484375,0.2,1.0,0.07330880833333334,0.0,0.0,0.0,True
1776222941.891318,0.1654365062713623,0.2,1.0,0.07330880833333334,0.0,0.0,0.0,True
1776222941.957914,0.23203253746032715,0.2,1.0,0.07330880833333334,0.0,0.0,0.0,True
1776222942.030656,0.30477452278137207,0.2,1.0,0.07330880833333334,0.0,0.0,0.0,True
1776222942.096488,0.3706064224243164,0.2,1.0,0.07330880833333334,0.0,0.0,0.0,True
1776222942.159348,0.43346643447875977,0.2,1.0,0.07330880833333334,0.0,0.0,0.0,True
1776222942.24993,0.5240483283996582,0.2,1.0,0.07330880833333334,0.0,0.0,0.0,True
1776222942.320078,0.5941963195800781,0.2,1.0,0.07330880833333334,0.0,0.0,0.0,True
1776222942.39729,0.6714084148406982,0.2,1.0,0.07330880833333334,0.0,0.0,0.0,True
1776222942.461587,0.7357053756713867,0.2,1.0,0.07330880833333334,0.0,0.0,0.0,True
1776222942.532812,0.8069305419921875,0.2,1.0,0.07330880833333334,0.0,0.0,0.0,True
1776222942.610091,0.884209394454956,0.2,1.0,0.07330880833333334,0.0,0.0,0.0,True
1776222942.69724,0.9713585376739502,0.2,1.0,0.07330880833333334,0.0,0.0,0.0,True
1776222942.773816,1.0479345321655273,0.2,1.0,0.07330880833333334,0.0,0.0,0.0,True
1776222942.834985,1.1091034412384033,0.2,1.0,0.07330880833333334,0.0,0.0,0.0,True
1776222942.901706,1.1758244037628174,0.2,1.0,0.07330880833333334,0.0,0.0,0.0,True
1776222942.97223,1.2463483810424805,0.2,1.0,0.07330880833333334,0.0,0.0,0.0,True
1776222943.077134,1.3512523174285889,0.2,1.0,0.07330880833333334,0.0,0.0,0.0,True
1776222943.143398,1.4175164699554443,0.2,1.0,0.07330880833333334,0.0,0.0,0.0,True
1776222943.207676,1.4817943572998047,0.2,1.0,0.07330880833333334,0.0,0.0,0.0,True
1776222943.269625,1.543743371963501,0.2,1.0,0.07330880833333334,0.0,0.0,0.0,True
1776222943.336999,1.6111173629760742,0.2,1.0,0.07330880833333334,0.0,0.0,0.0,True
1776222943.405968,1.680086374282837,0.2,1.0,0.07330880833333334,0.0,0.0,0.0,True
1776222943.469578,1.7436964511871338,0.2,1.0,0.07330880833333334,0.0,0.0,0.0,True
1776222943.538934,1.8130524158477783,0.2,1.0,0.07330880833333334,0.0,0.0,0.0,True
1776222943.603914,1.8780324459075928,0.2,1.0,0.07330880833333334,0.0,0.0,0.0,True
1776222943.690025,1.9641435146331787,0.2,1.0,0.07330880833333334,0.0,0.0,0.0,True
1776222943.75757,2.0316884517669678,0.2,1.0,0.07330880833333334,0.0,0.0,0.0,True
1776222943.93573,2.209848403930664,0.2,1.0,0.07330880833333334,0.0,0.0,0.0,True
1776222944.007045,2.281163454055786,0.2,1.0,0.07330880833333334,0.0,0.0,0.0,True
1776222944.084164,2.3582823276519775,0.2,1.0,0.07330880833333334,0.0,0.0,0.0,True
1776222944.150728,2.4248464107513428,0.2,1.0,0.07330880833333334,0.0,0.0,0.0,True
1776222944.26691,2.5410284996032715,0.20003317521578,0.9999999999999466,0.07330880833332637,0.0,0.0,0.0,True
1776222944.347665,2.621783494949341,0.20010472550454128,0.9999999999998315,0.07330880833331138,0.0,0.0,0.0,True
1776222944.425237,2.699355363845825,0.2002198315038875,0.9999999999996462,0.07330880833320859,0.0,0.0,0.0,True
1776222944.493118,2.7672364711761475,0.20039353650642905,0.9999999999993666,0.0733088083330533,0.0,0.0,0.0,True
1776222944.564897,2.839015483856201,0.20076275015197953,0.9999999999987723,0.0733088083326616,0.0,0.0,0.0,True
1776222944.630335,2.9044535160064697,0.20120719113078986,0.9999999999980569,0.07330880833197911,0.0,0.0,359.9999998911717,True
1776222944.700803,2.974921464920044,0.20172079043381208,0.9999999999972301,0.07330880833118945,0.0,0.0,359.9999999134724,True
1776222944.77305,3.047168493270874,0.20245003302143627,0.9999999999960562,0.07330880833006834,0.0,0.0,359.99999990082483,True
1776222944.837208,3.1113264560699463,0.20345139564086556,0.9999999999944442,0.07330880832853096,0.0,0.0,359.999999899841,True
1776222944.919835,3.193953514099121,0.2045018714408015,0.9999999999927532,0.07330880832692192,0.0,0.0,359.9999998999042,True
1776222944.983981,3.258099317550659,0.2057027571179326,0.9999999999908199,0.0733088083250879,0.0,0.0,359.9999999117359,True
1776222945.066532,3.3406503200531006,0.20778480514823797,0.9999999999874684,0.07330880832192295,0.0,0.0,359.9999999081083,True
1776222945.130068,3.404186487197876,0.20935900164197743,0.9999999999849343,0.07330880831954294,0.0,0.0,359.9999999097174,True
1776222945.200822,3.474940538406372,0.21085790278796998,0.9999999999825214,0.07330880831728734,0.0,0.0,359.9999999050982,True
1776222945.266426,3.5405445098876953,0.21246960835000595,0.9999999999799271,0.07330880831487363,0.0,0.0,359.99999990673524,True
1776222945.338744,3.6128623485565186,0.21496654792533038,0.9999999999759076,0.07330880831115809,0.0,0.0,359.99999990678685,True
1776222945.404299,3.678417444229126,0.21712774021148293,0.9999999999724286,0.0733088083079657,0.0,0.0,359.9999999058679,True
1776222945.483601,3.7577195167541504,0.2194332902347317,0.9999999999687172,0.0733088083045841,0.0,0.0,359.99999990847493,True
1776222945.55406,3.8281784057617188,0.22188211759190077,0.9999999999647753,0.07330880830101949,0.0,0.0,359.99999990809664,True
1776222945.640703,3.9148213863372803,0.22582149650571637,0.9999999999584337,0.07330880829534345,0.0,0.0,359.99999990806646,True
1776222945.728755,4.002873420715332,0.2293456666790584,0.9999999999527607,0.0733088082903262,0.0,0.0,359.99999990734256,True
1776222945.806252,4.0803704261779785,0.23232118550987677,0.9999999999479708,0.07330880828613415,0.0,0.0,359.9999999077886,True
1776222945.890324,4.164442539215088,0.2366365591701735,0.9999999999410243,0.07330880828012555,0.0,0.0,359.999999908089,True
1776222945.963018,4.237136363983154,0.24035797426626074,0.9999999999350337,0.07330880827501085,0.0,0.0,359.99999990762933,True
1776222946.04195,4.316068410873413,0.24380815256393576,0.9999999999294797,0.07330880827032367,0.0,0.0,359.9999999069313,True
1776222946.117618,4.3917365074157715,0.24784769810810545,0.9999999999229771,0.073308808264902,0.0,0.0,359.99999990810596,True
1776222946.199,4.473118305206299,0.25252983193636735,0.99999999991544,0.07330880825870614,0.0,0.0,359.9999999072442,True
1776222946.27219,4.546308517456055,0.2564203764659249,0.999999999909177,0.07330880825362894,0.0,0.0,359.9999999080313,True
1776222946.338935,4.613053321838379,0.26043790876882555,0.9999999999027098,0.07330880824845293,0.0,0.0,359.9999999077522,True
1776222946.406158,4.680276393890381,0.2651073604778789,0.9999999998951932,0.07330880824252135,0.0,0.0,359.9999999078916,True
1776222946.473842,4.747960329055786,0.2688472862367073,0.9999999998891728,0.07330880823783507,0.0,0.0,359.99999990741617,True
1776222946.538358,4.812476396560669,0.2726805700649011,0.999999999883002,0.07330880823309063,0.0,0.0,359.9999999078793,True
1776222946.603171,4.877289533615112,0.2771742908259815,0.9999999998757683,0.0733088082276036,0.0,0.0,359.9999999077984,True
1776222946.66642,4.94053840637207,0.2823714790712429,0.9999999998674021,0.07330880822135694,0.0,0.0,359.99999990803906,True
1776222946.727424,5.001542329788208,0.2865159494339752,0.9999999998607305,0.07330880821645078,0.0,0.0,359.99999990773017,True
1776222946.797582,5.07170033454895,0.2907485407665423,0.9999999998539172,0.07330880821150823,0.0,0.0,359.9999999074609,True
1776222946.863934,5.138052463531494,0.295068042508573,0.9999999998469639,0.07330880820653397,0.0,0.0,359.99999990790974,True
1776222946.925923,5.2000415325164795,0.30074743117058794,0.9999999998378214,0.07330880820009938,0.0,0.0,359.9999999075186,True
1776222947.009027,5.283145427703857,0.3072208307360205,0.9999999998274006,0.07330880819290905,0.0,0.0,359.99999990741514,True
1776222947.073683,5.347801446914673,0.31118577486694177,0.999999999821018,0.07330880818857936,0.0,0.0,359.99999990760267,True
1776222947.152188,5.426306486129761,0.3172449339499204,0.9999999998112641,0.07330880818207004,0.0,0.0,359.99999990786904,True
1776222947.244161,5.518279314041138,0.32622895445753575,0.999999999796802,0.07330880817265234,0.0,0.0,359.9999999078592,True
1776222947.309949,5.584067344665527,0.33117757171982276,0.9999999997888359,0.07330880816758159,0.0,0.0,359.99999990769277,True
1776222947.408968,5.683086395263672,0.33765180001591255,0.9999999997784139,0.07330880816107002,0.0,0.0,359.9999999079241,True
1776222947.477437,5.751555442810059,0.3449898181007603,0.9999999997666016,0.07330880815385418,0.0,0.0,359.9999999078331,True
1776222947.550952,5.825070381164551,0.35247638175922114,0.99999999975455,0.0733088081466683,0.0,0.0,359.99999990774194,True
1776222947.620817,5.894935369491577,0.35703812645528255,0.9999999997472067,0.07330880814237514,0.0,0.0,359.99999990786836,True
1776222947.688716,5.962834358215332,0.36320029035273116,0.999999999737287,0.07330880813667642,0.0,0.0,359.99999990787484,True
1776222947.761036,6.035154342651367,0.37102874290866045,0.999999999724685,0.0733088081296002,0.0,0.0,359.999999907765,True
1776222947.843047,6.1171653270721436,0.37979746876537973,0.9999999997105696,0.073308808121886,0.0,0.0,359.99999990780213,True
1776222947.903879,6.177997350692749,0.384648312733339,0.9999999997027609,0.07330880811771252,0.0,0.0,359.99999990788734,True
1776222947.971716,6.2458343505859375,0.39036694307609165,0.9999999996935552,0.07330880811287666,0.0,0.0,359.99999990771255,True
1776222948.046366,6.320484399795532,0.3986449694775006,0.9999999996802296,0.07330880810603463,0.0,0.0,359.99999990757186,True
1776222948.115954,6.390072345733643,0.40620185238055284,0.9999999996680647,0.07330880809994823,0.0,0.0,359.99999990766145,True
1776222948.184688,6.45880651473999,0.41214764364869466,0.9999999996584935,0.073308808095264,0.0,0.0,359.9999999078402,True
1776222948.269907,6.544025421142578,0.42074270837380967,0.9999999996446575,0.07330880808865152,0.0,0.0,359.9999999076626,True
1776222948.341689,6.61580753326416,0.42945371438519336,0.9999999996306349,0.07330880808213676,0.0,0.0,359.99999990782254,True
1776222948.423379,6.697497367858887,0.4373900556975795,0.9999999996178593,0.07330880807636074,0.0,0.0,359.99999990784244,True
1776222948.491606,6.765724420547485,0.44362436860725774,0.9999999996078235,0.0733088080719274,0.0,0.0,359.9999999076251,True
1776222948.57509,6.849208354949951,0.4535272314377125,0.9999999995918822,0.07330880806506847,0.0,0.0,359.9999999078351,True
1776222948.644164,6.918282508850098,0.46172349114780387,0.9999999995786881,0.0733088080595572,0.0,0.0,359.999999907809,True
1776222948.711662,6.985780477523804,0.46815525079602727,0.9999999995683344,0.07330880805533467,0.0,0.0,359.99999990788314,True
1776222948.780142,7.054260492324829,0.474635655535455,0.9999999995579025,0.0733088080511691,0.0,0.0,359.9999999076375,True
1776222948.842345,7.1164634227752686,0.4821000887884175,0.9999999995458865,0.07330880804647916,0.0,0.0,359.9999999077871,True
1776222948.919823,7.193941354751587,0.49246249744481957,0.9999999995292055,0.07330880804015533,0.0,0.0,359.9999999075949,True
1776222948.986573,7.260691404342651,0.49911475804389616,0.999999999518497,0.07330880803620723,0.0,0.0,359.99999990762444,True
1776222949.046425,7.320543527603149,0.5048517182132687,0.999999999509262,0.07330880803287067,0.0,0.0,359.99999990784863,True
1776222949.11209,7.386208534240723,0.5125501973780751,0.9999999994968694,0.0733088080284906,0.0,0.0,359.99999990765417,True
1776222949.204007,7.478125333786011,0.5242005037495292,0.9999999994781151,0.0733088080220684,0.0,0.0,359.9999999077697,True
1776222949.266259,7.540377378463745,0.531051763274903,0.9999999994670861,0.07330880801840443,0.0,0.0,359.99999990775376,True
1776222949.326976,7.601094484329224,0.5369558182388925,0.9999999994575819,0.07330880801531223,0.0,0.0,359.9999999076554,True
1776222949.388654,7.6627724170684814,0.5438799049568689,0.9999999994464358,0.07330880801176108,0.0,0.0,359.999999907625,True
1776222949.450027,7.724145412445068,0.5528379674801934,0.9999999994320155,0.07330880800728456,0.0,0.0,359.99999990772653,True
1776222949.515574,7.789692401885986,0.5608519097994338,0.9999999994191149,0.07330880800338956,0.0,0.0,359.9999999077442,True
1776222949.59796,7.8720784187316895,0.5689127594387029,0.9999999994061388,0.07330880799957346,0.0,0.0,359.9999999077506,True
1776222949.662795,7.93691349029541,0.5760035204366523,0.9999999993947243,0.07330880799629882,0.0,0.0,359.9999999076827,True
1776222949.746643,8.020761489868164,0.5882381826173891,0.9999999993750296,0.07330880799082432,0.0,0.0,359.9999999076594,True
1776222949.820548,8.094666481018066,0.5964484709892903,0.9999999993618129,0.07330880798727156,0.0,0.0,359.9999999076313,True
1776222949.886539,8.160657405853271,0.6036667570408033,0.9999999993501932,0.07330880798422597,0.0,0.0,359.99999990778565,True
1776222949.955576,8.229694366455078,0.612993175336959,0.9999999993351799,0.07330880798039595,0.0,0.0,359.99999990779304,True
1776222950.024036,8.298154354095459,0.6223696439696554,0.9999999993200861,0.07330880797666146,0.0,0.0,359.9999999077879,True
1776222950.092713,8.366831541061401,0.6296960854824052,0.9999999993082923,0.0733088079738222,0.0,0.0,359.99999990766815,True
1776222950.179799,8.453917503356934,0.6402119861415705,0.9999999992913642,0.07330880796986408,0.0,0.0,359.9999999076928,True
1776222950.250902,8.525020360946655,0.6507844092147581,0.999999999274345,0.07330880796601973,0.0,0.0,359.9999999077027,True
1776222950.325788,8.59990644454956,0.6603463258220519,0.9999999992589527,0.07330880796265556,0.0,0.0,359.99999990765264,True
1776222950.397288,8.671406507492065,0.6678130730202938,0.9999999992469331,0.07330880796010078,0.0,0.0,359.99999990773597,True
1776222950.463398,8.737516403198242,0.6763774437115484,0.9999999992331465,0.07330880795724634,0.0,0.0,359.9999999076238,True
1776222950.525207,8.799325466156006,0.6860507251681643,0.9999999992175749,0.0733088079541171,0.0,0.0,359.9999999077761,True
1776222950.605657,8.879775524139404,0.6957634075368779,0.9999999992019396,0.07330880795107325,0.0,0.0,359.9999999076882,True
1776222950.665967,8.940085411071777,0.7022598079430379,0.999999999191482,0.07330880794909073,0.0,0.0,359.9999999077002,True
1776222950.746586,9.020704507827759,0.7131238697050513,0.9999999991739934,0.07330880794586808,0.0,0.0,359.99999990763547,True
1776222950.811247,9.085365533828735,0.7229396319642811,0.9999999991581924,0.07330880794305335,0.0,0.0,359.9999999077461,True
1776222950.876589,9.150707483291626,0.730598311232183,0.9999999991458638,0.07330880794091915,0.0,0.0,359.9999999077754,True
1776222950.964587,9.238705396652222,0.7404753803894437,0.9999999991299643,0.07330880793824462,0.0,0.0,359.99999990764735,True
1776222951.061066,9.335184335708618,0.7548001848283592,0.9999999991069048,0.07330880793451625,0.0,0.0,359.9999999076434,True
1776222951.155532,9.42965030670166,0.7669725638126044,0.9999999990873103,0.07330880793148267,0.0,0.0,359.99999990777604,True
1776222951.226429,9.500547409057617,0.7747422477726176,0.999999999074803,0.07330880792960862,0.0,0.0,359.9999999077746,True
1776222951.303413,9.577531337738037,0.785872607142212,0.9999999990568859,0.07330880792700567,0.0,0.0,359.999999907642,True
1776222951.397607,9.671725511550903,0.7992752308536916,0.9999999990353106,0.07330880792399469,0.0,0.0,359.99999990776956,True
1776222951.464934,9.739052534103394,0.8071158901320846,0.999999999022689,0.07330880792229355,0.0,0.0,359.9999999077489,True
1776222951.527519,9.801637411117554,0.8149725818698152,0.9999999990100416,0.07330880792063219,0.0,0.0,359.9999999077238,True
1776222951.60033,9.874448537826538,0.8262234331345762,0.9999999989919305,0.07330880791832631,0.0,0.0,359.99999990777076,True
1776222951.666045,9.940163373947144,0.8352462980830194,0.9999999989774058,0.07330880791653749,0.0,0.0,359.99999990776,True
1776222951.734762,10.008880376815796,0.8431569899500286,0.9999999989646714,0.07330880791501204,0.0,0.0,359.9999999077202,True
1776222951.801633,10.075751304626465,0.8522152048335566,0.9999999989500898,0.07330880791331319,0.0,0.0,359.99999990769993,True
1776222951.866105,10.140223503112793,0.8624272632378387,0.999999998933651,0.07330880791145741,0.0,0.0,359.9999999076969,True
1776222951.935265,10.209383487701416,0.871523234191364,0.9999999989190086,0.07330880790985592,0.0,0.0,359.9999999076663,True
1776222952.016269,10.290387392044067,0.8806361628749402,0.999999998904339,0.07330880790829858,0.0,0.0,359.9999999078356,True
1776222952.080526,10.354644536972046,0.8886234937078277,0.9999999988914813,0.07330880790697131,0.0,0.0,359.9999999077749,True
1776222952.165359,10.439477443695068,0.9023444446844493,0.9999999988693938,0.07330880790477076,0.0,0.0,359.99999990780873,True
1776222952.236534,10.510652542114258,0.9115110037403277,0.9999999988546379,0.07330880790335478,0.0,0.0,359.9999999077582,True
1776222952.304253,10.578371524810791,0.9195439609034602,0.9999999988417068,0.07330880790214842,0.0,0.0,359.9999999076856,True
1776222952.380679,10.654797315597534,0.9310387857402551,0.9999999988232028,0.0733088079004764,0.0,0.0,359.99999990766315,True
1776222952.44957,10.72368836402893,0.9414027937685999,0.9999999988065192,0.07330880789902192,0.0,0.0,359.9999999078179,True
1776222952.515963,10.79008150100708,0.9494755208382576,0.9999999987935244,0.07330880789792271,0.0,0.0,359.99999990773443,True
1776222952.584225,10.858343362808228,0.9575583051387712,0.9999999987805133,0.07330880789685086,0.0,0.0,359.99999990764854,True
1776222952.65102,10.925138473510742,0.9679648121772828,0.9999999987637612,0.07330880789551202,0.0,0.0,359.9999999077899,True
1776222952.71883,10.992948532104492,0.978386967932818,0.999999998746984,0.07330880789421612,0.0,0.0,359.9999999077279,True
1776222952.785234,11.059352397918701,0.9865035710958937,0.9999999987339182,0.0733088078932371,0.0,0.0,359.99999990783056,True
1776222952.854856,11.128974437713623,0.9946290826383456,0.999999998720838,0.07330880789228274,0.0,0.0,359.999999907733,True
1776222952.925695,11.19981336593628,1.005088882868748,0.9999999987040002,0.07330880789109101,0.0,0.0,359.99999990766077,True
1776222953.000578,11.274696350097656,1.0167271144453673,0.9999999986852655,0.07330880788981213,0.0,0.0,359.999999907794,True
1776222953.085434,11.359552383422852,1.027215620369736,0.9999999986683814,0.07330880788870064,0.0,0.0,359.99999990771363,True
1776222953.152245,11.426363468170166,1.0353822798907741,0.999999998655235,0.07330880788786125,0.0,0.0,359.9999999078006,True
1776222953.222734,11.496852397918701,1.0458933955634826,0.9999999986383146,0.07330880788681342,0.0,0.0,359.99999990771397,True
1776222953.304852,11.578970432281494,1.05875673638497,0.9999999986176077,0.07330880788557924,0.0,0.0,359.99999990764707,True
1776222953.382853,11.656971454620361,1.0681228406027024,0.9999999986025306,0.07330880788471278,0.0,0.0,359.9999999077363,True
1776222953.462449,11.736567497253418,1.0786703394186572,0.9999999985855514,0.07330880788376831,0.0,0.0,359.9999999078333,True
1776222953.5289,11.80301833152771,1.0892287268938163,0.999999998568555,0.073308807882855,0.0,0.0,359.9999999077336,True
1776222953.594921,11.869039535522461,1.0986228017523192,0.9999999985534328,0.07330880788206853,0.0,0.0,359.999999907814,True
1776222953.655754,11.929872512817383,1.1056736600043282,0.9999999985420827,0.07330880788149394,0.0,0.0,359.99999990768015,True
1776222953.716765,11.990883350372314,1.1139052524770883,0.9999999985288317,0.0733088078808397,0.0,0.0,359.99999990774694,True
1776222953.785803,12.059921503067017,1.1256748117159396,0.9999999985098856,0.07330880787993439,0.0,0.0,359.9999999078391,True
1776222953.865406,12.139524459838867,1.1362772810451507,0.9999999984928183,0.0733088078791482,0.0,0.0,359.9999999077272,True
1776222953.935171,12.209289312362671,1.144529895276239,0.9999999984795336,0.0733088078785549,0.0,0.0,359.99999990778747,True
1776222954.001482,12.27560043334961,1.153967946183074,0.9999999984643406,0.07330880787789572,0.0,0.0,359.99999990766327,True
1776222954.065164,12.339282512664795,1.1645937786161826,0.9999999984472355,0.07330880787717757,0.0,0.0,359.99999990773597,True
1776222954.141993,12.416111469268799,1.175227828237194,0.9999999984301172,0.07330880787648347,0.0,0.0,359.9999999078061,True
1776222954.212801,12.486919403076172,1.1835042562973825,0.9999999984167941,0.07330880787595975,0.0,0.0,359.9999999076688,True
1776222954.278683,12.552801370620728,1.192968744815642,0.9999999984015586,0.073308807875378,0.0,0.0,359.99999990772744,True
1776222954.339318,12.613436460494995,1.2036233569446795,0.9999999983844073,0.07330880787474431,0.0,0.0,359.99999990779116,True
1776222954.429889,12.704007387161255,1.2154702846629348,0.9999999983653366,0.07330880787406518,0.0,0.0,359.99999990767003,True
1776222954.506916,12.781034469604492,1.2249540256250466,0.99999999835007,0.07330880787354022,0.0,0.0,359.9999999077227,True
1776222954.580015,12.854133367538452,1.2368161744659594,0.9999999983309749,0.07330880787290614,0.0,0.0,359.99999990778633,True
1776222954.643269,12.91738748550415,1.2463116736533122,0.9999999983156893,0.07330880787241603,0.0,0.0,359.9999999078354,True
1776222954.712034,12.986152410507202,1.254624315597767,0.999999998302308,0.07330880787199934,0.0,0.0,359.99999990768845,True
1776222954.78101,13.055128335952759,1.262940658540006,0.9999999982889207,0.07330880787159363,0.0,0.0,359.999999907729,True
1776222954.846261,13.120379447937012,1.2736383778787883,0.9999999982716998,0.07330880787108776,0.0,0.0,359.9999999077795,True
1776222954.917946,13.1920645236969,1.284341845933655,0.9999999982544696,0.07330880787059904,0.0,0.0,359.9999999078282,True
1776222954.986796,13.260914325714111,1.2926706129002543,0.9999999982410621,0.07330880787023043,0.0,0.0,359.9999999076771,True
1776222955.067019,13.341137409210205,1.303383816080333,0.9999999982238164,0.07330880786977086,0.0,0.0,359.9999999077229,True
1776222955.134468,13.408586502075195,1.3152934835526333,0.9999999982046446,0.07330880786927854,0.0,0.0,359.99999990777184,True
1776222955.224024,13.49814248085022,1.3272093429664624,0.9999999981854629,0.07330880786880481,0.0,0.0,359.9999999078189,True
1776222955.293597,13.567715406417847,1.3355540014453213,0.99999999817203,0.0733088078684839,0.0,0.0,359.9999999076636,True
1776222955.370198,13.64431643486023,1.3474798478916281,0.9999999981528322,0.07330880786804023,0.0,0.0,359.99999990770766,True
1776222955.443028,13.717146396636963,1.3594112665793445,0.9999999981336255,0.07330880786761337,0.0,0.0,359.99999990774995,True
1776222955.511985,13.78610348701477,1.367766460422165,0.9999999981201756,0.07330880786732423,0.0,0.0,359.9999999077786,True
1776222955.578007,13.852125406265259,1.376124208923168,0.9999999981067216,0.0733088078670428,0.0,0.0,359.99999990780645,True
1776222955.643836,13.917954444885254,1.385678961215375,0.9999999980913407,0.0733088078667304,0.0,0.0,359.9999999078373,True
1776222955.733514,14.007632493972778,1.4000169590433127,0.9999999980682599,0.07330880786627954,0.0,0.0,359.99999990769555,True
1776222955.813609,14.087727308273315,1.4095793968043584,0.9999999980528665,0.07330880786599041,0.0,0.0,359.99999990772415,True
1776222955.887217,14.161335468292236,1.4203406126393279,0.9999999980355436,0.07330880786567569,0.0,0.0,359.9999999077552,True
1776222955.960483,14.234601497650146,1.4323016831052517,0.9999999980162891,0.07330880786533865,0.0,0.0,359.9999999077884,True
1776222956.02672,14.300838470458984,1.4406769532576087,0.9999999980028069,0.0733088078651104,0.0,0.0,359.9999999078109,True
1776222956.09593,14.370048522949219,1.449054235231516,0.9999999979893215,0.07330880786488828,0.0,0.0,359.9999999078328,True
1776222956.164623,14.438741445541382,1.4598278949999854,0.9999999979719785,0.07330880786461141,0.0,0.0,359.9999999076744,True
1776222956.23977,14.513888359069824,1.4718022867370406,0.9999999979527026,0.07330880786431496,0.0,0.0,359.9999999077036,True
1776222956.308969,14.58308744430542,1.4801865757789872,0.9999999979392059,0.0733088078641142,0.0,0.0,359.99999990772335,True
1776222956.380586,14.654704332351685,1.4897707819341175,0.9999999979237778,0.07330880786389135,0.0,0.0,359.99999990774523,True
1776222956.44993,14.724048376083374,1.4993572253994123,0.9999999979083458,0.07330880786367536,0.0,0.0,359.99999990776644,True
1776222956.541798,14.815916538238525,1.5149397903674264,0.9999999978832618,0.0733088078633384,0.0,0.0,359.9999999077995,True
1776222956.637484,14.91160249710083,1.526930095655829,0.9999999978639602,0.0733088078630906,0.0,0.0,359.99999990782385,True
1776222956.703323,14.977441310882568,1.535325158202423,0.9999999978504461,0.07330880786292282,0.0,0.0,359.9999999076554,True
1776222956.802263,15.07638144493103,1.5485203648375463,0.999999997829205,0.07330880786266822,0.0,0.0,359.99999990768043,True
1776222956.867962,15.142080307006836,1.5605190392757013,0.99999999780989,0.07330880786244609,0.0,0.0,359.9999999077022,True
1776222956.928087,15.202205419540405,1.5701199803404118,0.9999999977944348,0.07330880786227452,0.0,0.0,359.999999907719,True
1776222956.996425,15.270543336868286,1.578522216118443,0.9999999977809092,0.07330880786212873,0.0,0.0,359.9999999077333,True
1776222957.062962,15.337080478668213,1.586925732601203,0.9999999977673816,0.07330880786198689,0.0,0.0,359.99999990774717,True
1776222957.125922,15.4000403881073,1.5965312750750695,0.999999997751919,0.07330880786182947,0.0,0.0,359.9999999077625,True
1776222957.193807,15.467925310134888,1.6073393928474,0.9999999977345205,0.07330880786165817,0.0,0.0,359.99999990777934,True
1776222957.274912,15.549030542373657,1.6181494370418392,0.9999999977171189,0.0733088078614928,0.0,0.0,359.9999999077955,True
1776222957.362255,15.636373519897461,1.630162775186901,0.9999999976977803,0.07330880786131574,0.0,0.0,359.99999990781276,True
1776222957.433172,15.707290410995483,1.6421783203267675,0.9999999976784382,0.07330880786114552,0.0,0.0,359.9999999078294,True
1776222957.496106,15.770224332809448,1.6505904693312865,0.9999999976648967,0.07330880786103025,0.0,0.0,359.99999990765656,True
1776222957.565881,15.839999437332153,1.6590036296870168,0.9999999976513535,0.07330880786091812,0.0,0.0,359.9999999076675,True
1776222957.632873,15.906991481781006,1.6686198732439674,0.9999999976358737,0.07330880786079366,0.0,0.0,359.99999990767964,True
1776222957.697138,15.971256494522095,1.6794396337144573,0.9999999976184565,0.07330880786065826,0.0,0.0,359.9999999076929,True
1776222957.781037,16.055155515670776,1.6902609152885406,0.9999999976010367,0.07330880786052754,0.0,0.0,359.99999990770567,True
1776222957.848848,16.122966527938843,1.6986784852666392,0.9999999975874866,0.07330880786042902,0.0,0.0,359.9999999077153,True
1776222957.912759,16.186877489089966,1.7082996217317656,0.9999999975719988,0.0733088078603197,0.0,0.0,359.9999999077259,True
1776222957.983555,16.257673501968384,1.7203275759059045,0.9999999975526367,0.07330880786018779,0.0,0.0,359.99999990773875,True
1776222958.055144,16.329262495040894,1.7299511249244264,0.9999999975371451,0.0733088078600859,0.0,0.0,359.9999999077487,True
1776222958.12428,16.398398399353027,1.7383725669119443,0.9999999975235886,0.07330880785999935,0.0,0.0,359.99999990775717,True
1776222958.206983,16.481101512908936,1.7504045090707974,0.99999999750422,0.07330880785987978,0.0,0.0,359.9999999077688,True
1776222958.278015,16.552133321762085,1.7624379395858942,0.999999997484849,0.0733088078597648,0.0,0.0,359.99999990778,True
1776222958.348902,16.62302041053772,1.772065716873167,0.9999999974693506,0.07330880785967603,0.0,0.0,359.99999990778866,True
1776222958.418918,16.693036317825317,1.7804907507691572,0.9999999974557883,0.07330880785960059,0.0,0.0,359.999999907796,True
1776222958.50002,16.77413845062256,1.7925276552709588,0.9999999974364117,0.0733088078594964,0.0,0.0,359.99999990780617,True
1776222958.569503,16.843621492385864,1.803361979264933,0.999999997418971,0.07330880785940604,0.0,0.0,359.9999999078149,True
1776222958.660472,16.934590339660645,1.8141973167656946,0.9999999974015287,0.07330880785931884,0.0,0.0,359.9999999078234,True
1776222958.737099,17.01121735572815,1.8250336324238716,0.9999999973840848,0.07330880785923466,0.0,0.0,359.9999999078316,True
1776222958.807336,17.081454515457153,1.8370750889184226,0.9999999973647009,0.07330880785914456,0.0,0.0,359.99999990765696,True
1776222958.877745,17.15186333656311,1.8467090629218343,0.9999999973491925,0.07330880785907501,0.0,0.0,359.9999999076637,True
1776222958.949974,17.224092483520508,1.8551393608361721,0.9999999973356217,0.0733088078590159,0.0,0.0,359.99999990766946,True
1776222959.032798,17.30691647529602,1.865979073607317,0.9999999973181724,0.07330880785894228,0.0,0.0,359.9999999076766,True
1776222959.099813,17.373931407928467,1.8780241658484693,0.9999999972987828,0.07330880785886348,0.0,0.0,359.9999999076843,True
1776222959.196645,17.470763444900513,1.8900702378351006,0.9999999972793915,0.07330880785878771,0.0,0.0,359.99999990769163,True
1776222959.259698,17.53381633758545,1.8985030508111618,0.9999999972658167,0.07330880785873643,0.0,0.0,359.99999990769663,True
1776222959.322186,17.596304416656494,1.9081411002997677,0.9999999972503018,0.07330880785867952,0.0,0.0,359.9999999077022,True
1776222959.412514,17.68663239479065,1.9225992341646652,0.9999999972270276,0.07330880785859745,0.0,0.0,359.99999990771016,True
1776222959.481042,17.755160331726074,1.931033712295782,0.99999999721345,0.07330880785855134,0.0,0.0,359.99999990771465,True
1776222959.552717,17.82683539390564,1.9406736093199286,0.9999999971979321,0.07330880785850019,0.0,0.0,359.99999990771965,True
1776222959.626498,17.90061640739441,1.9527241968361886,0.9999999971785335,0.07330880785843846,0.0,0.0,359.9999999077256,True
1776222959.688842,17.962960481643677,1.9623652205629691,0.9999999971630137,0.0733088078583908,0.0,0.0,359.9999999077303,True
1776222959.768854,18.042972326278687,1.972006719911042,0.9999999971474932,0.07330880785834462,0.0,0.0,359.9999999077348,True
1776222959.84,18.114118337631226,1.981648680090514,0.999999997131972,0.07330880785829988,0.0,0.0,359.9999999077391,True
1776222959.903306,18.177424430847168,1.9924964183040048,0.9999999971145097,0.0733088078582512,0.0,0.0,359.9999999077438,True
1776222959.986619,18.260737419128418,2.004550099575784,0.9999999970951062,0.0733088078581991,0.0,0.0,359.99999990774893,True
1776222960.053991,18.32810950279236,2.0129880630930748,0.9999999970815231,0.07330880785816384,0.0,0.0,359.99999990775234,True
1776222960.113648,18.387766361236572,2.021426335096676,0.9999999970679394,0.07330880785812953,0.0,0.0,359.99999990775564,True
1776222960.186099,18.460217475891113,2.0334696170660105,0.9999999914484292,0.07330880786084233,0.0,0.0,359.99980475258775,True
1776222960.280424,18.554542541503906,2.046657375622358,0.9999997798761477,0.07330880786550514,0.0,0.0,359.99809989651726,True
1776222960.349732,18.623850345611572,2.0550166929892812,0.9999993727760542,0.07330880786780143,0.0,0.0,359.99622938287126,True
1776222960.421821,18.695939540863037,2.066950854153812,0.9999982837907413,0.07330880786740321,0.0,0.0,359.99332359249854,True
1776222960.505938,18.780056476593018,2.0800844911798633,0.9999963930388467,0.07330880786696109,0.0,0.0,359.9901906544538,True
1776222960.578742,18.85286045074463,2.0884407657947466,0.9999948178179812,0.07330880786863819,0.0,0.0,359.98817295010696,True
1776222960.666127,18.940245389938354,2.1003237322074884,0.9999920104241985,0.07330880787416379,0.0,0.0,359.9846022680881,True
1776222960.730762,19.00488042831421,2.110958769236099,0.9999887945225655,0.07330880787893082,0.0,0.0,359.98062536745766,True
1776222960.800801,19.07491946220398,2.120384203170436,0.9999852744885489,0.07330880787896522,0.0,0.0,359.9764838521214,True
1776222960.873706,19.14782452583313,2.1286404101835243,0.9999815955116302,0.0733088078779807,0.0,0.0,359.97238246059845,True
1776222960.939843,19.213961362838745,2.1369054214513916,0.9999772891766905,0.07330880787702149,0.0,0.0,359.9678411626034,True
1776222961.007249,19.281367540359497,2.147544423290175,0.9999707272476698,0.07330880787582436,0.0,0.0,359.96136534765293,True
1776222961.081279,19.35539746284485,2.1581971049093673,0.9999628871057769,0.0733088078746668,0.0,0.0,359.9541842123574,True
1776222961.152842,19.426960468292236,2.1676762642141534,0.9999547383468097,0.07330880787463373,0.0,0.0,359.9472191240389,True
1776222961.236022,19.510140419006348,2.180652395923909,0.9999416244691788,0.07330880788153071,0.0,0.0,359.93680383846555,True
1776222961.317336,19.59145450592041,2.1911971661153373,0.9999291558164457,0.07330880788695085,0.0,0.0,359.92758640216135,True
1776222961.397128,19.67124652862549,2.200532617226058,0.999916653715519,0.07330880788767416,0.0,0.0,359.91886851583513,True
1776222961.482042,19.756160497665405,2.2133884863580504,0.9998970285797185,0.07330880788579378,0.0,0.0,359.9060477107674,True
1776222961.559074,19.833192348480225,2.2250948319028607,0.9998765709479812,0.07330880788627656,0.0,0.0,359.8935699249602,True
1776222961.631719,19.905837535858154,2.233251765425737,0.9998607711536988,0.07330880789181664,0.0,0.0,359.88440425749934,True
1776222961.706592,19.98071050643921,2.2436658759408368,0.9998386539834979,0.07330880789866637,0.0,0.0,359.87212302509494,True
1776222961.785282,20.0594003200531,2.256285884134098,0.9998087698405346,0.07330880790665964,0.0,0.0,359.85636654848423,True
1776222961.861128,20.135246515274048,2.265391794169441,0.9997849980776763,0.0733088079122252,0.0,0.0,359.8444009241645,True
1776222961.947627,20.221745491027832,2.2755656803075293,0.9997561381561398,0.07330880791825015,0.0,0.0,359.8304389020891,True
1776222962.01892,20.293038368225098,2.2867782327078494,0.9997213907805836,0.07330880792565872,0.0,0.0,359.8143186142997,True
1776222962.08745,20.361568450927734,2.296784953606742,0.9996876566988651,0.07330880793202689,0.0,0.0,359.7992765372353,True
1776222962.15938,20.43349838256836,2.304514287296053,0.9996597702560543,0.07330880793680478,0.0,0.0,359.78723324934845,True
1776222962.232609,20.50672745704651,2.312197943750704,0.9996304135989227,0.07330880794143595,0.0,0.0,359.7748934276208,True
1776222962.299741,20.573859453201294,2.3220116353788107,0.9995904697894367,0.07330880794718389,0.0,0.0,359.75859854897953,True
1776222962.367655,20.641773462295532,2.3328320058922634,0.9995431295774236,0.07330880795341332,0.0,0.0,359.739926654168,True
1776222962.441033,20.71515130996704,2.341423729144934,0.9995029759998844,0.07330880795849182,0.0,0.0,359.72442262465364,True
1776222962.500705,20.774823427200317,2.3478300490011836,0.9994714959180417,0.07330880796218624,0.0,0.0,359.7124294047562,True
1776222962.591395,20.86551332473755,2.360590107398186,0.9994047027993985,0.07330880796202406,0.0,0.0,359.687583223561,True
1776222962.660786,20.93490433692932,2.3702059199099192,0.9993506616944459,0.07330880795830655,0.0,0.0,359.668351026428,True
1776222962.730585,21.004703521728516,2.3777175050839285,0.9993061812023311,0.07330880795548292,0.0,0.0,359.65305484556797,True
1776222962.823707,21.097825527191162,2.389577292459985,0.999231826532124,0.07330880795116393,0.0,0.0,359.6284309694239,True
1776222962.887977,21.162095308303833,2.3993299511922945,0.9991668245182732,0.07330880794773595,0.0,0.0,359.6077595955743,True
1776222962.957456,21.231574535369873,2.408033331419786,0.9991058198539927,0.07330880794619568,0.0,0.0,359.58899351736994,True
1776222963.03544,21.309558391571045,2.4167012285640395,0.999042194454108,0.07330880795221986,0.0,0.0,359.5697731902304,True
1776222963.107821,21.38193941116333,2.4263719460920594,0.9989677135370943,0.07330880795879867,0.0,0.0,359.5475615813193,True
1776222963.183969,21.45808744430542,2.4370191232316993,0.9988812928050422,0.07330880796604688,0.0,0.0,359.52221007360606,True
1776222963.253582,21.527700424194336,2.4444096861015034,0.9988185022509384,0.07330880797108531,0.0,0.0,359.5041837463822,True
1776222963.342877,21.616995334625244,2.4548804762918066,0.9987255134502657,0.07330880797801798,0.0,0.0,359.4780690960968,True
1776222963.408597,21.68271541595459,2.4642161724612794,0.9986385238497659,0.0733088079844035,0.0,0.0,359.4540718469351,True
1776222963.478043,21.752161502838135,2.4734686324830397,0.9985483877644389,0.07330880799053359,0.0,0.0,359.4295002205844,True
1776222963.547393,21.8215115070343,2.480609035865861,0.9984760771557193,0.07330880799513899,0.0,0.0,359.4099981254996,True
1776222963.639773,21.913891315460205,2.4907234582906868,0.9983694341629814,0.07330880800192591,0.0,0.0,359.38172385064087,True
1776222963.700869,21.974987506866455,2.499740246074424,0.9982701099246708,0.07330880800778175,0.0,0.0,359.35595964840616,True
1776222963.775952,22.0500705242157,2.508677194334809,0.9981676221647535,0.07330880801359281,0.0,0.0,359.3298702327244,True
1776222963.846047,22.12016534805298,2.515571790003425,0.9980857422954885,0.07330880801811432,0.0,0.0,359.30923432506563,True
1776222963.916306,22.19042444229126,2.52339194601633,0.9979898274415246,0.07330880802312074,0.0,0.0,359.285262642164,True
1776222963.978731,22.252849340438843,2.532115818381249,0.9978789146180825,0.07330880802855652,0.0,0.0,359.2578075609805,True
1776222964.05061,22.32472848892212,2.539806477900253,0.9977776262568477,0.07330880803322144,0.0,0.0,359.23297704288126,True
1776222964.116807,22.390925407409668,2.5464877006403928,0.997686897226641,0.07330880803717982,0.0,0.0,359.21092642843087,True
1776222964.1998,22.473918437957764,2.5559545717598158,0.9975538823611372,0.07330880804293516,0.0,0.0,359.17899505412845,True
1776222964.287906,22.562024354934692,2.5671921221142573,0.9973890623889717,0.0733088080496725,0.0,0.0,359.14027888662457,True
1776222964.378844,22.65296244621277,2.5755346323126993,0.997261745186335,0.07330880805464014,0.0,0.0,359.1109520327443,True
1776222964.461351,22.735469341278076,2.584716060812835,0.9971166277469289,0.07330880806019648,0.0,0.0,359.077868180986,True
1776222964.526627,22.800745487213135,2.592901367508265,0.996982726552652,0.07330880806501121,0.0,0.0,359.04760811093803,True
1776222964.598856,22.872974395751953,2.6001168147088225,0.9968610654669752,0.07330880806914983,0.0,0.0,359.02033142360057,True
1776222964.666299,22.940417528152466,2.6063847997646707,0.9967525644155649,0.07330880807266651,0.0,0.0,358.9961762648611,True
1776222964.731206,23.005324363708496,2.6134973286470693,0.996626211447441,0.07330880807657068,0.0,0.0,358.9682459446145,True
1776222964.804224,23.07834243774414,2.622311135698497,0.9964647724588828,0.07330880808159207,0.0,0.0,358.9329632138715,True
1776222964.86708,23.14119839668274,2.628428925669697,0.996349502000767,0.07330880808503981,0.0,0.0,358.90813028869167,True
1776222964.928765,23.20288348197937,2.633639451387911,0.996249223816577,0.07330880808792233,0.0,0.0,358.8867590940565,True
1776222965.000016,23.274134397506714,2.640539951098584,0.9961134117971336,0.07330880809166487,0.0,0.0,358.85814256044983,True
1776222965.06589,23.34000849723816,2.6482403540750563,0.9959577585085877,0.0733088080957427,0.0,0.0,358.82578524857195,True
1776222965.140709,23.414827346801758,2.6558759981475197,0.995799088824268,0.07330880809968604,0.0,0.0,358.7932574392962,True
1776222965.226318,23.500436305999756,2.6634440758296876,0.995637504483476,0.0733088081039922,0.0,0.0,358.760357736086,True
1776222965.291868,23.565986394882202,2.670112932235459,0.9954914733547585,0.0733088081076898,0.0,0.0,358.7306699603426,True
1776222965.376728,23.650846481323242,2.6800159584377834,0.9952681499433959,0.07330880811303395,0.0,0.0,358.6853697905547,True
1776222965.45698,23.731098413467407,2.6865527946002365,0.9951163919353563,0.07330880811646792,0.0,0.0,358.65466638890973,True
1776222965.520649,23.794767379760742,2.6922307665373926,0.9949817017049033,0.07330880811939175,0.0,0.0,358.6274762608372,True
1776222965.583699,23.85781741142273,2.699473580810424,0.9948059382632255,0.07330880812325478,0.0,0.0,358.5921422320532,True
1776222965.656515,23.930633306503296,2.7066496755972316,0.9946273494599258,0.07330880812708675,0.0,0.0,358.55655536005037,True
1776222965.740627,24.014745473861694,2.712973503177353,0.9944662465323492,0.07330880813038987,0.0,0.0,358.5247213029476,True
1776222965.81492,24.089038372039795,2.7200434654524304,0.9942819417844735,0.07330880813231733,0.0,0.0,358.48861342958554,True
1776222965.878872,24.152990341186523,2.727079329250571,0.9940940666637946,0.07330880813422873,0.0,0.0,358.4521458508326,True
1776222965.948027,24.222145318984985,2.7333054259781178,0.9939240517784187,0.07330880813588397,0.0,0.0,358.4194332068793,True
1776222966.028833,24.302951335906982,2.739503341028802,0.9937512545725158,0.07330880813777205,0.0,0.0,358.3865554882352,True
1776222966.097124,24.37124252319336,2.745671802700632,0.9935757319025053,0.07330880813960691,0.0,0.0,358.3536003635203,True
1776222966.173597,24.447715520858765,2.7541051215880885,0.9933299918331141,0.0733088081423286,0.0,0.0,358.3081636068421,True
1776222966.245751,24.519869327545166,2.760197210181065,0.9931482911207266,0.07330880814456449,0.0,0.0,358.27503456649305,True
1776222966.307586,24.58170437812805,2.764742875796834,0.9930104090761634,0.07330880814620404,0.0,0.0,358.2501426798564,True
1776222966.377295,24.651413440704346,2.77077148844526,0.9928244847000031,0.07330880814867896,0.0,0.0,358.21687877892776,True
1776222966.444538,24.718656539916992,2.7775013175892225,0.992612769926507,0.07330880815172267,0.0,0.0,358.1792703436653,True
1776222966.503754,24.777872323989868,2.7826972438632773,0.9924462677616516,0.07330880815402724,0.0,0.0,358.14987731296947,True
1776222966.574003,24.848121404647827,2.7878602003648996,0.9922781651734665,0.07330880815627877,0.0,0.0,358.12036181637524,True
1776222966.656117,24.930235385894775,2.795908123159083,0.9920107818745931,0.07330880815971354,0.0,0.0,358.0737367938246,True
1776222966.715916,24.990034341812134,2.8017120566064473,0.9918138567104716,0.07330880816213514,0.0,0.0,358.03964380336816,True
1776222966.796463,25.070581436157227,2.807474546371088,0.9916148983054007,0.07330880816465213,0.0,0.0,358.00544338360567,True
1776222966.868782,25.142900466918945,2.8131934196866752,0.9914140292386084,0.07330880816718721,0.0,0.0,357.97127379244233,True
1776222966.971945,25.246063470840454,2.8230976737916778,0.9910580363023744,0.07330880817165855,0.0,0.0,357.91157053463473,True
1776222967.041766,25.315884351730347,2.828692451041744,0.9908523530472126,0.07330880817448439,0.0,0.0,357.8775023771658,True
1776222967.112091,25.38620948791504,2.8335476666713153,0.9906711490906679,0.07330880817689522,0.0,0.0,357.8477192848477,True
1776222967.184154,25.458272457122803,2.8397354270017825,0.9904365340786286,0.0733088081799904,0.0,0.0,357.8094394876844,True
1776222967.250574,25.52469253540039,2.8458609151032634,0.9902001780689139,0.07330880818304912,0.0,0.0,357.7710847931524,True
1776222967.314441,25.58855938911438,2.8505827853629415,0.9900151639934934,0.07330880818536552,0.0,0.0,357.74119607648333,True
1776222967.401243,25.675361394882202,2.8566002402522472,0.9897757905349216,0.07330880818826611,0.0,0.0,357.7026952336503,True
1776222967.468798,25.742916345596313,2.8625585676947547,0.9895347547003326,0.07330880819108256,0.0,0.0,357.66411412330035,True
1776222967.537544,25.811662435531616,2.8684589061204635,0.9892920809187893,0.07330880819381806,0.0,0.0,357.6254541129377,True
1776222967.612925,25.887043476104736,2.8736558637884024,0.9890750151374539,0.07330880819618416,0.0,0.0,357.5910245094227,True
1776222967.682043,25.956161499023438,2.87880863258708,0.9888566904606396,0.0733088081984908,0.0,0.0,357.5565345564346,True
1776222967.746667,26.020785331726074,2.884553594352731,0.988609590446041,0.07330880820101715,0.0,0.0,357.51766236132664,True
1776222967.813085,26.08720350265503,2.8896148845166714,0.9883886436454982,0.0733088082032039,0.0,0.0,357.48304718584876,True
1776222967.883246,26.15736436843872,2.894009079955971,0.9881943223837494,0.07330880820507332,0.0,0.0,357.4527116794374,True
1776222967.951967,26.226085424423218,2.8989922779222304,0.9879711199156479,0.07330880820716111,0.0,0.0,357.4179893388681,True
1776222968.016868,26.29098653793335,2.9045497780455345,0.9877186056016586,0.07330880820944977,0.0,0.0,357.37885991566145,True
1776222968.104889,26.37900733947754,2.9106655111381095,0.987436305584456,0.07330880821192076,0.0,0.0,357.3353012494737,True
1776222968.173627,26.447745323181152,2.9149100409325652,0.9872376273352519,0.07330880821360693,0.0,0.0,357.3047599583212,True
1776222968.240039,26.51415753364563,2.9197247437860097,0.9870095029407346,0.0733088082154915,0.0,0.0,357.2698057784031,True
1776222968.303248,26.5773663520813,2.925095862328806,0.9867515234005482,0.07330880821755921,0.0,0.0,357.230419733933,True
1776222968.377149,26.651267528533936,2.9298304639288046,0.9865210324260856,0.07330880821935204,0.0,0.0,357.1953551574633,True
1776222968.44597,26.720088481903076,2.933943039591183,0.9863184558791515,0.07330880822088699,0.0,0.0,357.16463201681114,True
1776222968.509052,26.783170461654663,2.938609113926008,0.9860859264337268,0.07330880822260374,0.0,0.0,357.1294729632506,True
1776222968.582667,26.856785535812378,2.9443914894599246,0.9857937632497015,0.07330880822469524,0.0,0.0,357.0854549168458,True
1776222968.681369,26.955487489700317,2.950119039857828,0.9854999547101458,0.07330880822672835,0.0,0.0,357.04136130700107,True
1776222968.750254,27.024372339248657,2.9546622882422406,0.9852637393495958,0.07330880822831425,0.0,0.0,357.0060329746758,True
1776222968.815906,27.09002447128296,2.9597329071968597,0.9849967717040895,0.07330880823005667,0.0,0.0,356.9662327836663,True
1776222968.875992,27.150110483169556,2.9636474816062996,0.9847882435526861,0.07330880823138225,0.0,0.0,356.9352368393979,True
1776222968.946023,27.220141410827637,2.9675368258512425,0.9845789481207062,0.07330880823268263,0.0,0.0,356.90420619680816,True
1776222969.012003,27.286121368408203,2.971401257555998,0.9843688930815949,0.07330880823395841,0.0,0.0,356.8731413165564,True
1776222969.102198,27.37631630897522,2.9785130234314217,0.9839768012983495,0.07330880823626464,0.0,0.0,356.8153601075449,True
1776222969.196333,27.47045135498047,2.9839270956732777,0.9836734570319688,0.07330880823798479,0.0,0.0,356.77083553072856,True
1776222969.261985,27.53610348701477,2.987688217072694,0.9834602308579046,0.073308808239162,0.0,0.0,356.7396289917423,True
1776222969.324629,27.598747491836548,2.9919580905710346,0.9832156615546074,0.07330880824048105,0.0,0.0,356.70392533631195,True
1776222969.42375,27.69786834716797,2.997253221075543,0.9829086418522222,0.07330880824209153,0.0,0.0,356.65923813176397,True
1776222969.491544,27.76566243171692,3.001979354892427,0.9826310968828377,0.07330880824350564,0.0,0.0,356.6189658268521,True
1776222969.569258,27.843376398086548,3.0087411476634154,0.9822281760156344,0.07330880824549127,0.0,0.0,356.5607065175008,True
1776222969.640746,27.914864540100098,3.0138913116778707,0.9819166339701074,0.07330880824697456,0.0,0.0,356.51582216201234,True
1776222969.71093,27.985048532485962,3.0174703696858973,0.9816977364515092,0.07330880824799074,0.0,0.0,356.484367834075,True
1776222969.806839,28.080957412719727,3.0230519165855236,0.981352410578681,0.07330880824955203,0.0,0.0,356.4348819413903,True
1776222969.87512,28.149238348007202,3.027580402355445,0.9810686641111745,0.07330880825079805,0.0,0.0,356.3943419555712,True
1776222969.945096,28.21921443939209,3.031577273355078,0.9808155443562383,0.0733088082518826,0.0,0.0,356.35826816818553,True
1776222970.011418,28.285536527633667,3.035052854635435,0.9805933766013096,0.07330880825281427,0.0,0.0,356.32667452498805,True
1776222970.084243,28.35836148262024,3.039492107053489,0.9803067988425962,0.07330880825398903,0.0,0.0,356.2860148509136,True
1776222970.147521,28.421639442443848,3.043898776696416,0.9800191824340867,0.07330880825513844,0.0,0.0,356.2453116889386,True
1776222970.221177,28.495295524597168,3.047788838048078,0.979762661376349,0.0733088082561395,0.0,0.0,356.20909519138985,True
1776222970.291661,28.565779447555542,3.051172074935978,0.9795375468825887,0.07330880825699984,0.0,0.0,356.17737845245597,True
1776222970.372019,28.646137475967407,3.0564503312131346,0.9791825676758303,0.07330880825832331,0.0,0.0,356.127487220506,True
1776222970.456939,28.7310574054718,3.0612087546095847,0.9788585727800244,0.07330880825949707,0.0,0.0,356.08207879188905,True
1776222970.526235,28.800353527069092,3.064517314554179,0.9786310561084782,0.07330880826030252,0.0,0.0,356.05026352112384,True
1776222970.597265,28.87138342857361,3.0682762894180544,0.9783703253289043,0.07330880826120711,0.0,0.0,356.01425749611275,True
1776222970.66561,28.939728498458862,3.0729420860805177,0.9780434405981141,0.07330880826231435,0.0,0.0,355.9708117001343,True
1776222970.737888,29.012006521224976,3.0766487423908524,0.9777812542509771,0.07330880826318184,0.0,0.0,355.93730199857595,True
1776222970.809461,29.083579540252686,3.0798733675407144,0.9775514132033702,0.07330880826392788,0.0,0.0,355.9088758745584,True
1776222970.877623,29.15174150466919,3.0835375362665576,0.9772883164881535,0.07330880826476598,0.0,0.0,355.87739671717827,True
1776222970.939068,29.213186502456665,3.0871794455425516,0.9770248406352482,0.07330880826558893,0.0,0.0,355.8469769716215,True
1776222971.007357,29.28147530555725,3.0912492632927258,0.976728478040583,0.07330779432186395,0.0,0.0,355.8140117148369,True
1776222971.074837,29.348955392837524,3.0943964450878116,0.9764973825970223,0.07330807165250702,0.0,0.0,355.7892630160685,True
1776222971.134684,29.40880250930786,3.0970809732240276,0.9762992187242202,0.07330820655256459,0.0,0.0,355.76866721094996,True
1776222971.206604,29.480722427368164,3.1010852745155786,0.9760018880344145,0.07330831674899282,0.0,0.0,355.73904526025154,True
1776222971.272611,29.54672932624817,3.1050627721626918,0.9757045564110651,0.07330837262426548,0.0,0.0,355.711154085082,True
1776222971.358073,29.63219141960144,3.108744390345947,0.9754067912858779,0.07330706785732852,0.0,0.0,355.68494745087247,True
1776222971.431831,29.705949306488037,3.111907004432574,0.9751430222800935,0.07330692818390361,0.0,0.0,355.66307573938644,True
1776222971.49514,29.769258499145508,3.115445420518663,0.9748463742827683,0.07330688507568371,0.0,0.0,355.64002171336523,True
1776222971.570023,29.844141483306885,3.118960473293634,0.974550116033614,0.07330685908689932,0.0,0.0,355.61858605104015,True
1776222971.640552,29.91467046737671,3.121678188323668,0.97432004648014,0.07330684139288036,0.0,0.0,355.6030152984289,True
1776222971.709711,29.983829498291016,3.1247669661415056,0.974057556557551,0.07330682274326147,0.0,0.0,355.5863823961462,True
1776222971.780234,30.054352521896362,3.1286024607115137,0.9737302147384667,0.0733068018075653,0.0,0.0,355.56730711416225,True
1776222971.86253,30.136648416519165,3.1320305859254667,0.9734364384531019,0.07330678903861367,0.0,0.0,355.55174166222093,True
1776222971.922943,30.19706153869629,3.134303490569181,0.9732410772629929,0.07330677845802004,0.0,0.0,355.54219471032343,True
1776222971.990535,30.26465344429016,3.137318896522868,0.9729812455425911,0.07330676516176977,0.0,0.0,355.5304833153378,True
1776222972.062626,30.33674430847168,3.141064162006293,0.9726575826908954,0.07330674965511874,0.0,0.0,355.5174551651834,True
1776222972.135164,30.409282445907593,3.1440414600365387,0.9723996224926814,0.07330673817979735,0.0,0.0,355.50830036887083,True
1776222972.212942,30.48706030845642,3.147002187875557,0.9721425833491244,0.07330672759363384,0.0,0.0,355.5002539392619,True
1776222972.276259,30.550377368927002,3.149946564502296,0.9718865175226304,0.07330671795269354,0.0,0.0,355.4932990753403,True
1776222972.342517,30.6166353225708,3.153239710304631,0.9715996696552479,0.0733067082987474,0.0,0.0,355.4867590232007,True
1776222972.418657,30.69277548789978,3.1561500518990093,0.9713458361420001,0.07330670076756308,0.0,0.0,355.4820689245653,True
1776222972.484345,30.758463382720947,3.1586837121426607,0.9711246520707694,0.0733066951303839,0.0,0.0,355.47881917734094,True
1776222972.552273,30.826391458511353,3.1615647700418297,0.9708729638593568,0.07330668994953136,0.0,0.0,355.4760671537148,True
1776222972.624004,30.898122310638428,3.165144510384362,0.9705600477327236,0.07330668618215094,0.0,0.0,355.4740462557718,True
1776222972.710031,30.98414945602417,3.168345979945672,0.970280098483439,0.0733066866375923,0.0,0.0,355.4736183864744,True
1776222972.79072,31.064838409423828,3.171528421693823,0.9700017907976627,0.07330669115781556,0.0,0.0,355.47378911573855,True
1776222972.853046,31.127164363861084,3.181827100158642,0.9697192750930141,0.07330508948328074,0.0,0.0,355.47302864514637,True
1776222972.912428,31.186546325683594,3.1845284438931456,0.9695101618352416,0.07330226800708738,0.0,0.0,355.47160503033285,True
1776222972.997551,31.271669387817383,3.1876068184487645,0.9692694959436294,0.07329747978160885,0.0,0.0,355.4691143470537,True
1776222973.061801,31.33591938018799,3.1906685926409177,0.9690274210606395,0.07329448456149759,0.0,0.0,355.46565192270117,True
1776222973.13902,31.413138389587402,3.1948512270310707,0.9686955102617681,0.07329383127321447,0.0,0.0,355.45940342891305,True
1776222973.20242,31.47653841972351,3.197497709593548,0.9684852788163026,0.0732933849149057,0.0,0.0,355.4545407358842,True
1776222973.27409,31.548208475112915,3.2001325094107194,0.9682759763152899,0.07329291089749765,0.0,0.0,355.44899934263043,True
1776222973.351698,31.625816345214844,3.203503115754157,0.96800854734214,0.07329228716575313,0.0,0.0,355.44089161350706,True
1776222973.420233,31.69435143470764,3.206854829494585,0.9677429349697585,0.07329155728679664,0.0,0.0,355.4316954159244,True
1776222973.481086,31.755204439163208,3.2094487032042003,0.9675368924993738,0.07329097614065187,0.0,0.0,355.42380274071627,True
1776222973.544473,31.818591356277466,3.2120313059615904,0.967331360213444,0.07329036092148007,0.0,0.0,355.4152718395942,True
1776222973.616295,31.890413522720337,3.2153352702920426,0.9670676200563362,0.0732896722744242,0.0,0.0,355.4033743772087,True
1776222973.683501,31.957619428634644,3.218621037656897,0.9668027354934747,0.07328849554709665,0.0,0.0,355.3904522150604,True
1776222973.750008,32.0241265296936,3.2211640095296152,0.9665974778263878,0.07328781434659404,0.0,0.0,355.37970837289294,True
1776222973.818971,32.09308934211731,3.223696125703223,0.9663926897904097,0.07328709982991038,0.0,0.0,355.36836451788076,True
1776222973.88994,32.164058446884155,3.226935851981254,0.9661296131000866,0.07328616062176815,0.0,0.0,355.3529080080146,True
1776222973.963582,32.23770046234131,3.230514742442398,0.9658378318424731,0.07328643307351305,0.0,0.0,355.33469780877755,True
1776222974.040258,32.31437635421753,3.233362441747444,0.9656043596955577,0.07328686089504076,0.0,0.0,355.32078758019964,True
1776222974.111374,32.3854923248291,3.2361964021469025,0.9653711969530616,0.07328810046857741,0.0,0.0,355.3080574758076,True
1776222974.177297,32.45141553878784,3.239360669635619,0.9651044689137053,0.07329860722044321,0.0,0.0,355.29515117525244,True
1776222974.246137,32.52025532722473,3.2421702144921087,0.9648784618474797,0.07329131872218196,0.0,0.0,355.2848880938222,True
1776222974.315195,32.58931350708008,3.244613741250585,0.9646766114960476,0.0732914982330676,0.0,0.0,355.2768247049831,True
1776222974.389261,32.663379430770874,3.247740455365121,0.9644175737123379,0.0732920614002064,0.0,0.0,355.2677039863935,True
1776222974.461351,32.735469341278076,3.2508507384503535,0.9641594231154976,0.07329263676546435,0.0,0.0,355.2599646709119,True
1776222974.523741,32.79785943031311,3.2532586240893875,0.9639593175348723,0.07329305861655863,0.0,0.0,355.2548850777729,True
1776222974.591308,32.865426540374756,3.2559985853713393,0.9637313942427023,0.07329351266645664,0.0,0.0,355.25007157191476,True
1776222974.656457,32.930575370788574,3.259066003520576,0.9634760098501411,0.07329399067183258,0.0,0.0,355.2459016945578,True
1776222974.728862,33.00298047065735,3.261779361806019,0.9632499603721512,0.07329438913425981,0.0,0.0,355.24328461670416,True
1776222974.809924,33.08404231071472,3.2644803853397444,0.9630248534612067,0.07329476499532848,0.0,0.0,355.241676747214,True
1776222974.873862,33.14798045158386,3.267169190049157,0.9628007269198101,0.07329512005537198,0.0,0.0,355.241123917007,True
1776222974.961985,33.236103534698486,3.2711797361784845,0.9624664537553937,0.07329561787797609,0.0,0.0,355.2419726327853,True
1776222975.030543,33.30466151237488,3.2735067948151504,0.962272563156432,0.07329589050983651,0.0,0.0,355.2435005585805,True
1776222975.102784,33.37690234184265,3.276155195323911,0.9620520044074456,0.07329618751284646,0.0,0.0,355.2461311783241,True
1776222975.180782,33.45490050315857,3.27977761486667,0.9617505883909884,0.07329657256840862,0.0,0.0,355.2512633833497,True
1776222975.246851,33.52096939086914,3.2823983317217618,0.9615327657984527,0.07329683704095664,0.0,0.0,355.25607901839203,True
1776222975.317382,33.59150052070618,3.2846820408021866,0.9613431575435487,0.07329705853384696,0.0,0.0,355.2610286230632,True
1776222975.388618,33.66273641586304,3.2872813238735965,0.9611276168237478,0.07329730061088348,0.0,0.0,355.2675140669551,True
1776222975.453934,33.728052377700806,3.2901920360944814,0.9608866385604874,0.07329756042332232,0.0,0.0,355.27585092589663,True
1776222975.527585,33.801703453063965,3.2930886132661032,0.9606472913050379,0.07329780794652695,0.0,0.0,355.2852716812835,True
1776222975.63562,33.909738540649414,3.2966098858092354,0.9603570254881021,0.07329809508115734,0.0,0.0,355.2982309882467,True
1776222975.724465,33.99858331680298,3.3004277233872084,0.9600432789252356,0.07329840261311833,0.0,0.0,355.3141446356552,True
1776222975.801862,34.07598042488098,3.3032751867379178,0.9598100423415742,0.0732985951983035,0.0,0.0,355.32727084127976,True
1776222975.881912,34.15603041648865,3.305794916979578,0.9596042159983932,0.07329877101931702,0.0,0.0,355.3397808403476,True
1776222975.946283,34.22040152549744,3.3083030668959097,0.9586559222794744,0.07330809856418764,0.0,0.0,355.3530524230182,True
1776222976.013469,34.2875874042511,3.311223512909094,0.9591592277682124,0.07330880828823241,0.0,0.0,355.36779977765696,True
1776222976.077859,34.35197734832764,3.313621916082868,0.9589642630392704,0.07330880780678627,0.0,0.0,355.37851574039894,True
1776222976.160789,34.43490743637085,3.3168676648254136,0.9587048439249534,0.07330880828827413,0.0,0.0,355.3913744033193,True
1776222976.233053,34.507171392440796,3.3206851141451006,0.9583975700369055,0.07330880828272685,0.0,0.0,355.4044383463555,True
1776222976.296202,34.57032036781311,3.3238974207410794,0.958139639419442,0.07330880827811191,0.0,0.0,355.41398614132976,True
1776222976.38463,34.658748388290405,3.3276775310822813,0.9578367608402779,0.07330880827274264,0.0,0.0,355.4237839461122,True
1776222976.444867,34.71898531913757,3.330737995611685,0.9575919904972072,0.07330880826844369,0.0,0.0,355.4307242907787,True
1776222976.507492,34.7816104888916,3.334825812774241,0.9572655958121075,0.07330880826276812,0.0,0.0,355.4387868904947,True
1776222976.597538,34.87165641784668,3.339567022779259,0.95688769419337,0.07330880825627939,0.0,0.0,355.4466283163478,True
1776222976.66072,34.93483853340149,3.3425110998262766,0.9566533401234686,0.0733088082523004,0.0,0.0,355.45077769666966,True
1776222976.722138,34.99625635147095,3.346038880209525,0.9563727854493421,0.07330880824758262,0.0,0.0,355.45509975118154,True
1776222976.791789,35.06590747833252,3.351250148892852,0.9559587890976002,0.07330880824071215,0.0,0.0,355.4603188383792,True
1776222976.857693,35.13181138038635,3.3555624443490433,0.9556165317981631,0.07330880823511464,0.0,0.0,355.4636977035217,True
1776222976.927888,35.202006340026855,3.3594386514097287,0.9553090808591579,0.07330880823015005,0.0,0.0,355.46608266961067,True
1776222976.993002,35.267120361328125,3.3634096711313934,0.9549942574883733,0.07330880822512884,0.0,0.0,355.46794161556056,True
1776222977.065789,35.33990740776062,3.369244587476384,0.9545318538465392,0.07330880821786805,0.0,0.0,355.4696985938426,True
1776222977.140213,35.41433143615723,3.374656305964001,0.9541031018609036,0.0733088082112566,0.0,0.0,355.4703549733963,True
1776222977.21756,35.49167847633362,3.379591961460892,0.9537120877019242,0.07330880820532792,0.0,0.0,355.47035497339635,True
1776222977.2804,35.55451846122742,3.384005798063477,0.953362393085576,0.07330880820010655,0.0,0.0,355.46975662157575,True
1776222977.358734,35.63285231590271,3.3911180275162818,0.9527987626385224,0.07330880819185018,0.0,0.0,355.46783608983037,True
1776222977.430084,35.70420241355896,3.3964233509025314,0.952378132644885,0.07330880818581531,0.0,0.0,355.46569916088026,True
1776222977.497753,35.77187132835388,3.40115552534028,0.9520027560584139,0.07330880818052013,0.0,0.0,355.4633264368545,True
1776222977.585335,35.859453439712524,3.4087582984402536,0.9513992080104384,0.07330880817218277,0.0,0.0,355.4586650797026,True
1776222977.656663,35.93078136444092,3.4151270411173544,0.9508930997930897,0.07330880816535668,0.0,0.0,355.454017692878,True
1776222977.72356,35.99767851829529,3.4201708661648795,0.9504918889845984,0.07330880816005077,0.0,0.0,355.4498932476441,True
1776222977.790297,36.0644154548645,3.4260302302119614,0.9500253245795668,0.07330880815399599,0.0,0.0,355.44464165098753,True
1776222977.852655,36.12677335739136,3.432740813238027,0.9494902836242322,0.07330880814720289,0.0,0.0,355.4380581183878,True
1776222977.923816,36.19793438911438,3.4388092345057735,0.9490057473554571,0.07330880814118713,0.0,0.0,355.4316151348188,True
1776222977.995869,36.26998734474182,3.44419739843294,0.9485749327598645,0.07330880813594506,0.0,0.0,355.42552819065645,True
1776222978.06891,36.34302830696106,3.451230255870574,0.9480117207369202,0.07330880812924066,0.0,0.0,355.4170952302258,True
1776222978.134444,36.408562421798706,3.4583789679236467,0.9474381294398959,0.07330880812258234,0.0,0.0,355.4079902929666,True
1776222978.22033,36.49444842338562,3.4656408350666745,0.9468542551842056,0.07330880811597648,0.0,0.0,355.3982248272262,True
1776222978.300952,36.57507038116455,3.473013178754408,0.9462601914257058,0.07330880810942907,0.0,0.0,355.38781008630775,True
1776222978.397461,36.671579360961914,3.4838517822964707,0.9453842935400093,0.07330880810008605,0.0,0.0,355.37164269946567,True
1776222978.490514,36.7646324634552,3.492337282597108,0.9446963532625965,0.0733088080929997,0.0,0.0,355.3583206525363,True
1776222978.563841,36.83795952796936,3.4992157700279094,0.9441372135765513,0.07330880808739831,0.0,0.0,355.3471193956496,True
1776222978.655074,36.929192304611206,3.509679441376801,0.9432839914884193,0.07330880807911608,0.0,0.0,355.32942860739115,True
1776222978.72232,36.99643850326538,3.516749934364928,0.9427055817670021,0.07330880807367837,0.0,0.0,355.31705261323947,True
1776222978.799772,37.07389044761658,3.5238941598612272,0.942119557964221,0.07330880806831058,0.0,0.0,355.3042191414693,True
1776222978.870136,37.14425444602966,3.532017404708478,0.9414512437747169,0.0733088080623581,0.0,0.0,355.2892432872582,True
1776222978.937781,37.211899518966675,3.54022937354972,0.9407734285435776,0.0733088080564997,0.0,0.0,355.2737069263112,True
1776222979.010581,37.28469944000244,3.5476014624345975,0.9401630051341592,0.07330880805137324,0.0,0.0,355.2594340022367,True
1776222979.080911,37.355029344558716,3.554106711410377,0.9396228072567747,0.07330880804695143,0.0,0.0,355.24659328338504,True
1776222979.16922,37.44333839416504,3.56537403904207,0.9386836468058909,0.07330880803951252,0.0,0.0,355.22382948489746,True
1776222979.242731,37.516849517822266,3.5739175169132893,0.9379684857985583,0.0733088080340525,0.0,0.0,355.20614497644436,True
1776222979.311789,37.58590745925903,3.5806159506989395,0.937405897441399,0.07330880802987741,0.0,0.0,355.19203430079887,True
1776222979.388883,37.663001537323,3.5883271956532523,0.936756171113442,0.07330880802518336,0.0,0.0,355.1755321073279,True
1776222979.457901,37.73201942443848,3.5970718096599437,0.93601664571385,0.07330880802000207,0.0,0.0,355.1564953721401,True
1776222979.527244,37.80136251449585,3.6058879472350602,0.935268083235967,0.07330880801492683,0.0,0.0,355.1369673147078,True
1776222979.607555,37.88167333602905,3.613782890314638,0.934595148999042,0.07330880801050492,0.0,0.0,355.11920334347127,True
1776222979.686827,37.96094536781311,3.621731295907318,0.9339151492268797,0.07330880800616738,0.0,0.0,355.10106356699146,True
1776222979.782977,38.057095527648926,3.634757901396217,0.9327951653909874,0.07330880799929891,0.0,0.0,355.07079955414576,True
1776222979.845318,38.119436502456665,3.641827133102862,0.9321844534478501,0.07330880799569275,0.0,0.0,355.05410714931105,True
1776222979.93074,38.20485854148865,3.650970815264806,0.9313914315453813,0.07330880799115086,0.0,0.0,355.0322452232139,True
1776222980.012212,38.286330461502075,3.661200514102281,0.9305000235409471,0.07330880798622862,0.0,0.0,355.00743473273417,True
1776222980.095705,38.36982345581055,3.6725355002388516,0.9295070479438285,0.0733088079809643,0.0,0.0,354.9795235774893,True
1776222980.170949,38.445067405700684,3.6808315238338087,0.9287767448353472,0.07330880797723376,0.0,0.0,354.95882430125164,True
1776222980.238614,38.51273250579834,3.6881256712099666,0.928132129675689,0.0733088079740367,0.0,0.0,354.94044048350173,True
1776222980.313505,38.58762335777283,3.697550713650085,0.92729568596675,0.07330880797001754,0.0,0.0,354.9164368375236,True
1776222980.398588,38.67270636558533,3.710196799719801,0.9261670881311641,0.07330880796481676,0.0,0.0,354.88380052984746,True
1776222980.471069,38.745187520980835,3.718676226984571,0.9254062531134214,0.07330880796144867,0.0,0.0,354.86164940588293,True
1776222980.540688,38.81480646133423,3.7261266835649858,0.9247350052958708,0.07330880795856581,0.0,0.0,354.8420132858425,True
1776222980.609529,38.883647441864014,3.7357471063400722,0.9238644282888949,0.07330880795494625,0.0,0.0,354.8164239355767,True
1776222980.67674,38.95085835456848,3.745412588131998,0.9229853891215535,0.07330880795142325,0.0,0.0,354.7904548987792,True
1776222980.743948,39.01806640625,3.7529604166286843,0.9222958580755884,0.07330880794874892,0.0,0.0,354.7699984045358,True
1776222980.821307,39.09542536735535,3.7616179738376103,0.9215015880993086,0.07330880794576206,0.0,0.0,354.7463469421654,True
1776222980.90117,39.175288438797,3.773575224262853,0.9203986373327961,0.07330880794177419,0.0,0.0,354.71335916953535,True
1776222980.986793,39.26091146469116,3.784496965677046,0.9193851040481985,0.07330880793826626,0.0,0.0,354.68290961743725,True
1776222981.056541,39.33065938949585,3.7921703917012834,0.918669497789418,0.07330880793587595,0.0,0.0,354.6613384993723,True
1776222981.124679,39.39879751205444,3.800967604129454,0.917845490991616,0.07330880793320883,0.0,0.0,354.63643128956755,True
1776222981.186953,39.461071491241455,3.810898609668489,0.9169106307485093,0.07330880793028932,0.0,0.0,354.6080911038258,True
1776222981.257308,39.531426429748535,3.819755591782947,0.9160726773874485,0.07330880792776487,0.0,0.0,354.58262024514386,True
1776222981.327417,39.60153532028198,3.8275274971516096,0.9153340991984786,0.07330880792560948,0.0,0.0,354.5601206626937,True
1776222981.394814,39.66893243789673,3.8353194204356935,0.9145905176564698,0.07330880792350324,0.0,0.0,354.5374254303086,True
1776222981.458635,39.73275351524353,3.8464844348841503,0.9135195927774372,0.07330880792057784,0.0,0.0,354.50466941918535,True
1776222981.526935,39.801053524017334,3.8554441036311196,0.9126555240725965,0.07330880791830685,0.0,0.0,354.47818594884166,True
1776222981.605592,39.87971043586731,3.8644275605150336,0.911784950764527,0.07330880791609612,0.0,0.0,354.45145884571735,True
1776222981.672072,39.94619035720825,3.87343409120416,0.9109078813670382,0.07330880791394445,0.0,0.0,354.42449180286224,True
1776222981.735584,40.00970244407654,3.883593153397735,0.9099134233229027,0.07330880791159283,0.0,0.0,354.39387160311804,True
1776222981.80585,40.07996845245361,3.8926464296565175,0.9090225754794563,0.0733088079095625,0.0,0.0,354.36640669593004,True
1776222981.866509,40.14062738418579,3.8994501778846113,0.9083501913363753,0.07330880790807603,0.0,0.0,354.3456577039424,True
1776222981.974043,40.24816131591797,3.9142307982798967,0.9068808808130693,0.07330880790495943,0.0,0.0,354.30026709110115,True
1776222982.040173,40.31429147720337,3.924493814066683,0.9058536734555194,0.07330880790288302,0.0,0.0,354.2685006946304,True
1776222982.109818,40.383936405181885,3.9324926516273924,0.9050490876939545,0.07330880790131275,0.0,0.0,354.2436035139284,True
1776222982.196233,40.470351457595825,3.942797393852458,0.904007365758097,0.07330880789934989,0.0,0.0,354.2113524442732,True
1776222982.271687,40.54580545425415,3.9554223428335815,0.9027230749201312,0.07330880789703428,0.0,0.0,354.17157343262534,True
1776222982.368812,40.64293050765991,3.9680792507247125,0.9014266105384384,0.07330880789480768,0.0,0.0,354.1314050356914,True
1776222982.437304,40.71142244338989,3.9761496591207806,0.9005952533297091,0.07330880789343572,0.0,0.0,354.10564430059907,True
1776222982.520364,40.794482469558716,3.988855940272568,0.8992788859565893,0.0733088078913484,0.0,0.0,354.06485610672223,True
1776222982.587329,40.86144733428955,3.9992732194866494,0.8981928173496669,0.07330880788970126,0.0,0.0,354.0312095758908,True
1776222982.67478,40.94889831542969,4.009708877404992,0.897098615033791,0.07330880788810706,0.0,0.0,353.9973206272493,True
1776222982.74044,41.0145583152771,4.017837785630772,0.8962419469072508,0.07330880788690278,0.0,0.0,353.9707976049206,True
1776222982.807239,41.08135747909546,4.02821720645639,0.8951425363141186,0.07330880790051027,0.0,0.0,353.9363049121123,True
1776222982.877385,41.15150332450867,4.038420972913059,0.8940554616816406,0.07330880791486975,0.0,0.0,353.9011739267077,True
1776222982.945548,41.219666481018066,4.0462395141572856,0.8932181553376501,0.07330880792555086,0.0,0.0,353.8734155061111,True
1776222983.012775,41.286893367767334,4.055052511986044,0.8922696900465512,0.0733088079372656,0.0,0.0,353.84123330802436,True
1776222983.081913,41.35603141784668,4.0637384394919165,0.8913299276175917,0.07330880794848377,0.0,0.0,353.8085693708836,True
1776222983.148752,41.42287039756775,4.074422587786981,0.8901669826284722,0.07330880796185019,0.0,0.0,353.76707311798884,True
1776222983.21863,41.492748498916626,4.082835450080229,0.889245667257696,0.07330880797204944,0.0,0.0,353.73335179864097,True
1776222983.289103,41.56322145462036,4.090101451173126,0.8884458637889133,0.07330880798063404,0.0,0.0,353.70346936734455,True
1776222983.371143,41.64526152610779,4.100331546125347,0.8873131873291713,0.07330880799237809,0.0,0.0,353.6601805828716,True
1776222983.453033,41.72715139389038,4.1113872239322085,0.886080149882047,0.0733088080046335,0.0,0.0,353.61176255470536,True
1776222983.531868,41.805986404418945,4.119301892548063,0.8851915342526668,0.07330880801313742,0.0,0.0,353.5760324299817,True
1776222983.613291,41.88740944862366,4.128083029252726,0.884199707607606,0.07330880802231698,0.0,0.0,353.53532481951214,True
1776222983.689387,41.9635055065155,4.137691598875318,0.8831070747106614,0.07330880803206255,0.0,0.0,353.48947010504156,True
1776222983.766416,42.04053449630737,4.14714879906699,0.8820239332777857,0.0733088080413587,0.0,0.0,353.4429705209923,True
1776222983.84882,42.12293839454651,4.154608688609582,0.8811639892612941,0.07330880804849044,0.0,0.0,353.40531475090995,True
1776222983.924767,42.198885440826416,4.162891633799336,0.8802032734751698,0.07330880805620688,0.0,0.0,353.3624756578036,True
1776222984.014015,42.28813338279724,4.17376049337457,0.878932954463447,0.07330880806601903,0.0,0.0,353.3045866263374,True
1776222984.080163,42.354281425476074,4.180010794623704,0.8781973364619681,0.07330880807150501,0.0,0.0,353.2704186909668,True
1776222984.158787,42.432905435562134,4.187075027300612,0.8773613276365869,0.07330880807757133,0.0,0.0,353.231015463169,True
1776222984.24602,42.52013850212097,4.195789683796581,0.8763231293823884,0.07330880808486359,0.0,0.0,353.1812385717623,True
1776222984.324789,42.598907470703125,4.205231443845684,0.8751895219664741,0.07330880809253233,0.0,0.0,353.12582525672923,True
1776222984.400504,42.674622535705566,4.212847153138424,0.8742683229672182,0.07330880809854703,0.0,0.0,353.079983499223,True
1776222984.467097,42.741215467453,4.21870411338431,0.8735556166441044,0.07330880810307153,0.0,0.0,353.0440207954159,True
1776222984.55692,42.83103847503662,4.228612915801971,0.8723412571007418,0.07330880811053075,0.0,0.0,352.9817545079634,True
1776222984.640451,42.91456937789917,4.236746446290615,0.8713361895103962,0.07330880811647489,0.0,0.0,352.9292824722843,True
1776222984.70917,42.983288526535034,4.242374658071781,0.8706362371092392,0.0733088081204962,0.0,0.0,352.89224222297,True
1776222984.80889,43.08300852775574,4.251901125492047,0.8694429568477772,0.07330880812713587,0.0,0.0,352.8281618918083,True
1776222984.904488,43.17860651016235,4.262052447382632,0.8681593248133151,0.07330880813398641,0.0,0.0,352.7579275738536,True
1776222984.984255,43.258373498916626,4.268214473724513,0.8673739048775053,0.07330880813803492,0.0,0.0,352.7142944509301,True
1776222985.071094,43.34521245956421,4.275828342901912,0.8663967768405892,0.07330880814292565,0.0,0.0,352.6593202421405,True
1776222985.150687,43.42480540275574,4.284092517968005,0.8653276904582786,0.07330880814809773,0.0,0.0,352.5983033317286,True
1776222985.255563,43.52968144416809,4.292243333087463,0.8642644014329379,0.07330880815306345,0.0,0.0,352.53672668921354,True
1776222985.345841,43.619959354400635,4.299557307419626,0.8633026143508477,0.07330880815740784,0.0,0.0,352.4802719988581,True
1776222985.420489,43.6946074962616,4.306782219371502,0.8623452674413907,0.0733088081615983,0.0,0.0,352.4233729034432,True
1776222985.50169,43.775808334350586,4.313210212377189,0.8614873223968234,0.07330880816524407,0.0,0.0,352.3717907008572,True
1776222985.57552,43.84963846206665,4.318866022442492,0.8607275292632607,0.07330880816838903,0.0,0.0,352.32564824172937,True
1776222985.652776,43.926894426345825,4.326555587362554,0.859687013970028,0.07330880817257247,0.0,0.0,352.2617621334523,True
1776222985.720117,43.99423551559448,4.332085889613018,0.8589332354158068,0.07330880817551674,0.0,0.0,352.21498479876465,True
1776222985.792542,44.06666040420532,4.336882833685886,0.8582756629157888,0.07330880817802773,0.0,0.0,352.17384080221194,True
1776222985.861779,44.135897397994995,4.342317793493033,0.8575263592192829,0.07330880818082548,0.0,0.0,352.12657826730083,True
1776222985.927049,44.201167345047,4.348372923928654,0.8566861310026634,0.07330880818388441,0.0,0.0,352.0731055170999,True
1776222985.995772,44.26989030838013,4.3537035955490095,0.8559416272100415,0.07330880818652763,0.0,0.0,352.0253096279303,True
1776222986.064423,44.33854150772095,4.3583287328213824,0.8552919638079742,0.07330880818878398,0.0,0.0,351.9832870694688,True
1776222986.125251,44.39936947822571,4.362917857765443,0.854643918668832,0.07330880819098926,0.0,0.0,351.941079376733,True
1776222986.237924,44.51204252243042,4.3726329058251885,0.8532605259956022,0.07330880819554991,0.0,0.0,351.8500222956296,True
1776222986.307538,44.58165645599365,4.3771122807651865,0.8526173264687027,0.07330880819760442,0.0,0.0,351.8072486023537,True
1776222986.387402,44.66152048110962,4.382821777292415,0.8517925094024702,0.07330880820017988,0.0,0.0,351.751996798988,True
1776222986.451254,44.725372314453125,4.388476317134518,0.8509700498059135,0.0733088082026836,0.0,0.0,351.6964603722213,True
1776222986.522613,44.79673147201538,4.3934572512132,0.8502408983923893,0.07330880820485104,0.0,0.0,351.6468596383585,True
1776222986.58892,44.863038539886475,4.397781140658612,0.8496043380302507,0.07330880820670418,0.0,0.0,351.6032802973902,True
1776222986.656749,44.930867433547974,4.402683985651845,0.84887845385833,0.073308808208774,0.0,0.0,351.55327407672405,True
1776222986.728776,45.00289440155029,4.408755386337158,0.8479734548557898,0.07330880821129164,0.0,0.0,351.49046917457326,True
1776222986.790002,45.06412053108215,4.412968199284942,0.8473414723631923,0.07330880821300943,0.0,0.0,351.44631241071716,True
1776222986.879248,45.15336632728577,4.418340456035877,0.8465307091200767,0.07330880821516599,0.0,0.0,351.38930932016945,True
1776222986.953984,45.22810244560242,4.423663768181536,0.8457219027173888,0.0733088082172659,0.0,0.0,351.3320514425817,True
1776222987.033384,45.30750250816345,4.429522178645014,0.8448254579234196,0.07330880821953509,0.0,0.0,351.2681380313557,True
1776222987.096856,45.37097454071045,4.433588333787507,0.8441993054760633,0.07330880822108476,0.0,0.0,351.2232178083977,True
1776222987.175498,45.44961643218994,4.438774902826584,0.8433958532764246,0.07330880822303179,0.0,0.0,351.16524800208094,True
1776222987.244755,45.51887345314026,4.444484084728711,0.8425051856011214,0.07330880822513727,0.0,0.0,351.100557775294,True
1776222987.308617,45.582735538482666,4.448447434000913,0.8418829729577985,0.073308808226576,0.0,0.0,351.05510253920585,True
1776222987.389264,45.6633825302124,4.4529441290983565,0.8411731065359074,0.07330880822818597,0.0,0.0,351.0029829145034,True
1776222987.457324,45.73144245147705,4.45685037947948,0.8405530293928949,0.0733088082295655,0.0,0.0,350.95723088509794,True
1776222987.517258,45.79137635231018,4.461834371687902,0.8397572013414478,0.07330880823130032,0.0,0.0,350.89820781946787,True
1776222987.581936,45.85605430603027,4.466775885497048,0.8389629251784202,0.07330880823299271,0.0,0.0,350.83896438074686,True
1776222987.646552,45.92067050933838,4.470590351842325,0.8383462016821817,0.07330880823428061,0.0,0.0,350.79273619961145,True
1776222987.7062,45.98031830787659,4.47384000513386,0.8378182950922218,0.07330880823536523,0.0,0.0,350.75300906685356,True
1776222987.774636,46.04875445365906,4.478144667266193,0.837115423559101,0.07330880823678441,0.0,0.0,350.6998936541488,True
1776222987.865727,46.13984537124634,4.484542121023227,0.8360632143649528,0.0733088082388571,0.0,0.0,350.619913013195,True
1776222987.930693,46.204811334609985,4.488241485506818,0.8354505587115167,0.07330880824003608,0.0,0.0,350.57309012476077,True
1776222987.996549,46.27066731452942,4.491917269361491,0.8348387175477808,0.07330880824119354,0.0,0.0,350.52614583179974,True
1776222988.055749,46.329867362976074,4.496089650191796,0.8341404473777635,0.0733088082424907,0.0,0.0,350.47234861927683,True
1776222988.120108,46.39422631263733,4.500232007806474,0.8334431970189954,0.07330880824376121,0.0,0.0,350.4183973137798,True
1776222988.193095,46.46721339225769,4.5043447438664135,0.8327469439759966,0.07330880824500577,0.0,0.0,350.36429425109003,True
1776222988.261897,46.53601551055908,4.507919398463677,0.8321385234908785,0.07330880824607407,0.0,0.0,350.31683139217483,True
1776222988.330049,46.604167461395264,4.512482916971722,0.8313573431240147,0.07330880824741993,0.0,0.0,350.25564202076555,True
1776222988.402311,46.67642951011658,4.517010409068571,0.830577344482137,0.07330880824873556,0.0,0.0,350.1942691832231,True
1776222988.474156,46.74827432632446,4.5210050277169245,0.8298849814401799,0.07330880824988036,0.0,0.0,350.1395640569422,True
1776222988.541306,46.81542444229126,4.524477594269731,0.829279896081134,0.07330880825086353,0.0,0.0,350.0915818835007,True
1776222988.619299,46.89341735839844,4.529402101635937,0.8284166480890903,0.07330880825223886,0.0,0.0,350.0228523695363,True
1776222988.686798,46.96091651916504,4.5337981451069265,0.8276408650496809,0.07330880825344814,0.0,0.0,349.96081420438315,True
1776222988.766921,47.04103946685791,4.537677503564284,0.8269521658344944,0.073308808254501,0.0,0.0,349.90552719767214,True
1776222988.836654,47.110772371292114,4.5415306337698,0.826264282437443,0.07330880825553371,0.0,0.0,349.8501086806793,True
1776222988.900998,47.175116539001465,4.545834460061322,0.8254913681603501,0.07330880825667199,0.0,0.0,349.7876081341003,True
1776222988.96908,47.24319839477539,4.54963293015754,0.8248051639534849,0.07330880825766348,0.0,0.0,349.7319167390871,True
1776222989.055829,47.32994747161865,4.553876066893883,0.8240340986011756,0.07330880825875666,0.0,0.0,349.6691141458413,True
1776222989.118682,47.39280033111572,4.557621290463452,0.8233495032523631,0.07330880825970912,0.0,0.0,349.6131585876675,True
1776222989.195379,47.46949744224548,4.562268283192477,0.822494789564807,0.07330880826087491,0.0,0.0,349.54304367088906,True
1776222989.259971,47.53408932685852,4.565498630668691,0.8218971575308376,0.07330880826167499,0.0,0.0,349.4938523093691,True
1776222989.327635,47.60175347328186,4.5687106309548104,0.8213000647019025,0.07330880826246226,0.0,0.0,349.44457098745073,True
1776222989.388949,47.66306734085083,4.572359266284703,0.8206183216584833,0.07330880826334665,0.0,0.0,349.38814085244763,True
1776222989.47021,47.74432849884033,4.57688713522059,0.8197670969733212,0.07330880826442968,0.0,0.0,349.3174428180429,True
1776222989.551848,47.825966358184814,4.5804834232705165,0.8190868651627031,0.07330880826527861,0.0,0.0,349.2607582034096,True
1776222989.624317,47.89843535423279,4.584501975041746,0.8183223826464217,0.07330880826621555,0.0,0.0,349.19685622269566,True
1776222989.703189,47.97730731964111,4.58937484904955,0.8173891105677557,0.07330880826733545,0.0,0.0,349.11856764636013,True
1776222989.781948,48.05606651306152,4.592892382648237,0.8167111082823811,0.07330880826813292,0.0,0.0,349.06150415543976,True
1776222989.8465,48.12061834335327,4.5959522290669295,0.8161183583691055,0.07330880826881925,0.0,0.0,349.0114877566552,True
1776222989.905387,48.179505348205566,4.5994288523036655,0.8154414940865999,0.07330880826959087,0.0,0.0,348.9542294759846,True
1776222989.974981,48.24909949302673,4.603314405129536,0.8146807286768598,0.073308808270443,0.0,0.0,348.88969250856763,True
1776222990.044325,48.31844353675842,4.606317935543365,0.8140895308749725,0.07330880827109437,0.0,0.0,348.83940956758926,True
1776222990.119162,48.39328050613403,4.609730869411629,0.8134144119974984,0.0733088082718269,0.0,0.0,348.78185099755666,True
1776222990.187084,48.46120238304138,4.613545613426384,0.812655574959115,0.07330880827263613,0.0,0.0,348.716981642061,True
1776222990.255396,48.52951431274414,4.616914697542633,0.8119816399749988,0.07330880827334253,0.0,0.0,348.6592185405248,True
1776222990.337607,48.61172533035278,4.620680680991248,0.8112241116897863,0.07330880827412309,0.0,0.0,348.594122790617,True
1776222990.400473,48.67459154129028,4.6235922290640445,0.8106353901856135,0.07330880827472006,0.0,0.0,348.5434118310266,True
1776222990.467857,48.7419753074646,4.6277252538596345,0.8097950564246712,0.07330880827555787,0.0,0.0,348.47084677566625,True
1776222990.53439,48.80850839614868,4.631009618238871,0.8091233702109095,0.07330880827621569,0.0,0.0,348.4126939987738,True
1776222990.602252,48.876370429992676,4.633867532269754,0.8085360614957481,0.07330880827678243,0.0,0.0,348.36173802809566,True
1776222990.671929,48.94604730606079,4.637115726070717,0.8078653208815161,0.07330880827742026,0.0,0.0,348.30342121541497,True
1776222990.734447,49.0085654258728,4.6407472419874605,0.8071113271862597,0.07330880827812543,0.0,0.0,348.23771256672717,True
1776222990.804811,49.07892942428589,4.643955294911988,0.8064416265479928,0.07330880827874153,0.0,0.0,348.1792154384114,True
1776222990.883637,49.15775537490845,4.6471447629472955,0.8057724042223751,0.07330880827934776,0.0,0.0,348.1206354596822,True
1776222990.949841,49.22395944595337,4.650315836927326,0.8051036534010333,0.07330880827994429,0.0,0.0,348.06197388640817,True
1776222991.028618,49.30273652076721,4.65464637401683,0.8041848787987124,0.07330880828074916,0.0,0.0,347.98118326328176,True
1776222991.095267,49.36938548088074,4.657384467895527,0.8036006540904642,0.07330880828125227,0.0,0.0,347.9296933925635,True
1776222991.178799,49.4529173374176,4.660884872182744,0.8028500145568,0.07330880828188899,0.0,0.0,347.863404892987,True
1776222991.252188,49.52630639076233,4.664748104559286,0.8020166293755762,0.0733088082825834,0.0,0.0,347.789637787989,True
1776222991.345266,49.61938452720642,4.668966315048641,0.8011006935997743,0.07330880828333178,0.0,0.0,347.70835892730696,True
1776222991.407454,49.68157243728638,4.671253470242393,0.8006014352022236,0.07330880828373332,0.0,0.0,347.6639663895085,True
1776222991.48387,49.75798845291138,4.6746662806581165,0.7998529953605182,0.07330880828432697,0.0,0.0,347.59730127925883,True
1776222991.554878,49.828996419906616,4.678433324324497,0.7990220176994183,0.0733088082849747,0.0,0.0,347.52312323842,True
1776222991.62921,49.90332841873169,4.6814282425973355,0.7983577007556673,0.07330880828548408,0.0,0.0,347.4637020641929,True
1776222991.699351,49.973469495773315,4.684035285612413,0.7977767584814847,0.07330880828592348,0.0,0.0,347.41165202775414,True
1776222991.768916,50.04303431510925,4.68773797696645,0.796947376926726,0.07330880828654124,0.0,0.0,347.33720478580807,True
1776222991.83393,50.10804843902588,4.690681968343371,0.7962843203731921,0.07330880828702718,0.0,0.0,347.2775719209172,True
1776222991.914335,50.18845343589783,4.693609981671754,0.7956216579000875,0.07330880828750591,0.0,0.0,347.2178734214069,True
1776222992.007105,50.28122353553772,4.697610186963254,0.7947111326896611,0.07330880828815269,0.0,0.0,347.1356826405096,True
1776222992.070939,50.34505748748779,4.700861093399206,0.7939666983105206,0.0733088082886722,0.0,0.0,347.0683465131905,True
1776222992.135948,50.41006636619568,4.703376037433581,0.7933880264126998,0.07330880828907038,0.0,0.0,347.0159194596893,True
1776222992.206082,50.48020052909851,4.705879240120068,0.7928096427681551,0.07330880828946351,0.0,0.0,346.9634454032189,True
1776222992.265141,50.53925943374634,4.708370796071155,0.7922315449085002,0.07330880828985166,0.0,0.0,346.9109249677958,True
1776222992.328827,50.60294532775879,4.711557261775655,0.7914886923101458,0.07330880829034356,0.0,0.0,346.84333153499034,True
1776222992.395346,50.669464349746704,4.714022545492593,0.7909112387813012,0.07330880829072069,0.0,0.0,346.7907073895281,True
1776222992.459612,50.73373031616211,4.716476485000619,0.7903340634172384,0.0733088082910931,0.0,0.0,346.7380388577124,True
1776222992.522198,50.796316385269165,4.718919169908787,0.789757164042223,0.07330880829146089,0.0,0.0,346.685326528822,True
1776222992.605572,50.879690408706665,4.722735148348828,0.7888511604351957,0.07330880829202971,0.0,0.0,346.6024057770573,True
1776222992.700627,50.97474551200867,4.72652389095327,0.7879458252758734,0.07330880829258758,0.0,0.0,346.5193805247859,True
1776222992.78517,51.0592885017395,4.729603744983016,0.7872055884421097,0.07330880829303608,0.0,0.0,346.45137456424163,True
1776222992.873724,51.14784240722656,4.733682508903859,0.7862192874559465,0.07330880829362325,0.0,0.0,346.360595408577,True
1776222992.93991,51.21402835845947,4.736384278234583,0.7855621821506412,0.07330880829400797,0.0,0.0,346.3000108098582,True
1776222993.000738,51.27485632896423,4.738401552909824,0.7850695764282826,0.07330880829429304,0.0,0.0,346.25453871292524,True
1776222993.064691,51.33880949020386,4.740745307660384,0.7844951100945757,0.07330880829462193,0.0,0.0,346.20145196530115,True
1776222993.133416,51.40753436088562,4.744075497412984,0.7836748898971085,0.07330880829508502,0.0,0.0,346.1255475374672,True
1776222993.21202,51.486138343811035,4.747054699081167,0.7829371370538493,0.0733088082954951,0.0,0.0,346.0571680386979,True
1776222993.279669,51.55378746986389,4.749360195369198,0.7823636189010288,0.07330880829580977,0.0,0.0,346.0039417790529,True
1776222993.340006,51.61412453651428,4.751655571611573,0.7817903526234657,0.07330880829612073,0.0,0.0,345.95067912679355,True
1776222993.402816,51.676934480667114,4.754592019613608,0.781053663911717,0.07330880829651523,0.0,0.0,345.8821458758398,True
1776222993.468693,51.74281144142151,4.757188382007548,0.7803991749324435,0.07330880829686094,0.0,0.0,345.8211784144811,True
1776222993.537775,51.811893463134766,4.759449623327844,0.7798267622401571,0.07330880829715969,0.0,0.0,345.76779461632515,True
1776222993.600345,51.87446331977844,4.761701069213146,0.7792545957780617,0.073308808297455,0.0,0.0,345.71437651705475,True
1776222993.663939,51.93805742263794,4.764581506236771,0.7785193131374838,0.07330880829782971,0.0,0.0,345.64564643423876,True
1776222993.723634,51.99775242805481,4.767128519963282,0.7778660667705838,0.07330880829815817,0.0,0.0,345.5845068282,True
1776222993.793687,52.06780552864075,4.7693469155713855,0.7772947360133607,0.07330880829844205,0.0,0.0,345.5309745453421,True
1776222993.867311,52.14142942428589,4.771870611917815,0.7766420821457761,0.07330880829876257,0.0,0.0,345.4697552310757,True
1776222993.936701,52.210819482803345,4.774695084044992,0.7759082216644541,0.07330880829911822,0.0,0.0,345.40083382480236,True
1776222994.000007,52.27412533760071,4.777504142067056,0.7751747564746653,0.07330880829946873,0.0,0.0,345.33186068166947,True
1776222994.065874,52.33999252319336,4.779678397555357,0.774604555637557,0.07330880829973789,0.0,0.0,345.2781796997656,True
1776222994.125012,52.39913034439087,4.781534739683213,0.7741160008510968,0.0733088082999662,0.0,0.0,345.23214325359606,True
1776222994.197296,52.47141432762146,4.784306701195132,0.7733834942618545,0.07330880830030459,0.0,0.0,345.1630473229208,True
1776222994.25903,52.533148527145386,4.787063720088519,0.772651376936757,0.07330880830063821,0.0,0.0,345.0939026287266,True
1776222994.322922,52.59704041481018,4.789197822351873,0.7720822204819173,0.07330880830089442,0.0,0.0,345.040090241404,True
1776222994.384161,52.65827941894531,4.791019968838386,0.7715945582502878,0.07330880830111179,0.0,0.0,344.993942551422,True
1776222994.460033,52.7341513633728,4.793741015670051,0.7708633861539468,0.07330880830143405,0.0,0.0,344.92468212634054,True
1776222994.532965,52.80708336830139,4.796747407664282,0.7700514234145611,0.07330880830178683,0.0,0.0,344.84767222767124,True
1776222994.617968,52.89208650588989,4.7994380045425515,0.7693210612245615,0.07330880830209971,0.0,0.0,344.77831569147713,True
1776222994.685513,52.95963144302368,4.801520847189962,0.7687532657603053,0.07330880830234004,0.0,0.0,344.7243410365097,True
1776222994.748839,53.02295732498169,4.8038907727317,0.7681046388194813,0.07330880830261159,0.0,0.0,344.6626233409683,True
1776222994.818816,53.092934370040894,4.80683760532085,0.7672942773444739,0.07330880830294637,0.0,0.0,344.5854284243758,True
1776222994.880089,53.15420746803284,4.808890173231047,0.766727302791158,0.07330880830317767,0.0,0.0,344.5313608823913,True
1776222994.950467,53.22458553314209,4.810934392493151,0.7661605571007086,0.07330880830340655,0.0,0.0,344.477268116756,True
1776222995.01737,53.29148840904236,4.8132604907961465,0.7655131274880299,0.07330880830366515,0.0,0.0,344.4154173564394,True
1776222995.079807,53.353925466537476,4.815864504215346,0.7647851252178783,0.07330880830395238,0.0,0.0,344.3457970071931,True
1776222995.141976,53.41609454154968,4.817880513694072,0.7642191614353354,0.07330880830417312,0.0,0.0,344.29162027557106,True
1776222995.214038,53.48815631866455,4.819888413830645,0.7636534250029848,0.07330880830439156,0.0,0.0,344.2374197699129,True
1776222995.280747,53.55486536026001,4.82217329437624,0.7630071471162408,0.07330880830463843,0.0,0.0,344.1754476285036,True
1776222995.365029,53.63914752006531,4.825297964911332,0.7621189986156065,0.0733088083049731,0.0,0.0,344.0901867571197,True
1776222995.441054,53.71517252922058,4.827558161800805,0.7614734237000551,0.07330880830521314,0.0,0.0,344.02814369492876,True
1776222995.504487,53.778605461120605,4.829527410821129,0.7609087880447519,0.07330880830542084,0.0,0.0,343.97383212910074,True
1776222995.585852,53.85997033119202,4.832606185921793,0.7600219601220367,0.07330880830574296,0.0,0.0,343.8884410787048,True
1776222995.679969,53.95408749580383,4.835665867760205,0.7591356898961488,0.07330880830605996,0.0,0.0,343.80299686847644,True
1776222995.750852,54.02497053146362,4.837603083146128,0.7585719899274465,0.07330880830625908,0.0,0.0,343.7485961083661,True
1776222995.817428,54.09154653549194,4.839807730652845,0.7579280376213,0.07330880830648417,0.0,0.0,343.6863983580927,True
1776222995.880069,54.15418744087219,4.842276169550789,0.7572039433622461,0.07330880830673434,0.0,0.0,343.61639392822366,True
1776222995.9408,54.21491837501526,4.844187497346264,0.7566410166228824,0.07330880830692668,0.0,0.0,343.56192299687694,True
1776222996.018037,54.292155504226685,4.846362755517321,0.7559979478426042,0.07330880830714417,0.0,0.0,343.49964619091816,True
1776222996.078979,54.353097438812256,4.848258180888478,0.7554355042181787,0.07330880830733245,0.0,0.0,343.44513300762657,True
1776222996.14172,54.41583847999573,4.850684363080205,0.7547126937303993,0.0733088083075718,0.0,0.0,343.3750162952076,True
1776222996.207923,54.482041358947754,4.852563054935289,0.7541507655347855,0.07330880830775587,0.0,0.0,343.320459357191,True
1776222996.274,54.548118352890015,4.8544344989134345,0.7535890629243043,0.07330880830793812,0.0,0.0,343.2658836928032,True
1776222996.342597,54.61671543121338,4.856564473293803,0.7529473934076931,0.07330880830814424,0.0,0.0,343.20348889345064,True
1776222996.410003,54.68412137031555,4.859213807917733,0.7521457212034115,0.07330880830839867,0.0,0.0,343.1254620121634,True
1776222996.476185,54.750303506851196,4.861322846872098,0.751504715397557,0.07330880830859968,0.0,0.0,343.06301423972366,True
1776222996.548595,54.82271337509155,4.863160705685786,0.7509440775359486,0.07330880830877373,0.0,0.0,343.00835358799463,True
1776222996.623674,54.89779233932495,4.865513382653636,0.7502235898624423,0.07330880830899507,0.0,0.0,342.9380501464327,True
1776222996.696318,54.970436334609985,4.868113997837946,0.7494234870293108,0.0733088083092378,0.0,0.0,342.85990216834745,True
1776222996.780881,55.054999351501465,4.870700548895628,0.7486238468470019,0.07330880830947724,0.0,0.0,342.781720044107,True
1776222996.881879,55.15599751472473,4.873273153400343,0.7478246699066453,0.07330880830971342,0.0,0.0,342.70350441947625,True
1776222996.961156,55.23527431488037,4.876087048474867,0.746946111089681,0.07330880830996957,0.0,0.0,342.6174292952177,True
1776222997.03103,55.3051483631134,4.878376985158006,0.7462277083905492,0.07330880831017632,0.0,0.0,342.5469751912717,True
1776222997.098932,55.37305045127869,4.880150425057058,0.7456692112962019,0.0733088083103354,0.0,0.0,342.4921598166444,True
1776222997.180746,55.454864501953125,4.882420829379661,0.7449514790867224,0.07330880831053777,0.0,0.0,342.42166046011414,True
1776222997.264987,55.53910541534424,4.885431132608967,0.7439950908911573,0.07330880831080382,0.0,0.0,342.3276227303001,True
1776222997.34509,55.619208335876465,4.887676286063553,0.743278241643004,0.07330880831100059,0.0,0.0,342.2570660394312,True
1776222997.414954,55.689072370529175,4.889415121528283,0.7427209545782645,0.07330880831115202,0.0,0.0,342.2021720848322,True
1776222997.495185,55.76930332183838,4.891888025921946,0.7419252291254095,0.07330880831136595,0.0,0.0,342.1237274736403,True
1776222997.571085,55.8452033996582,4.894347911577618,0.7411299739052897,0.07330880831157709,0.0,0.0,342.04525432615617,True
1776222997.64242,55.91653847694397,4.896062141008192,0.7405735755998755,0.07330880831172325,0.0,0.0,341.99030643323,True
1776222997.704292,55.978410482406616,4.897770077331397,0.7400174085938005,0.07330880831186809,0.0,0.0,341.9353450042961,True
1776222997.791757,56.06587553024292,4.900683427385093,0.7390645186701289,0.07330880831211334,0.0,0.0,341.8410944363099,True
1776222997.868982,56.14310050010681,4.90285647493425,0.738350299236857,0.07330880831229479,0.0,0.0,341.77038128660774,True
1776222997.936462,56.210580348968506,4.904539584554726,0.7377950613402607,0.07330880831243447,0.0,0.0,341.7153674869997,True
1776222998.002865,56.27698349952698,4.906455644296268,0.7371607894443736,0.07330880831259257,0.0,0.0,341.65247907969786,True
1776222998.078703,56.352821350097656,4.908839550627299,0.7363683790629146,0.07330880831278795,0.0,0.0,341.57384569704396,True
1776222998.150652,56.42477035522461,4.91073780097174,0.7357347951471884,0.07330880831294245,0.0,0.0,341.5109209924018,True
1776222998.222169,56.49628734588623,4.912392340474089,0.7351806609107132,0.07330880831307637,0.0,0.0,341.4558489591769,True
1776222998.293307,56.56742548942566,4.914510842070058,0.7344685485514546,0.07330880831324682,0.0,0.0,341.38502461351123,True
1776222998.359,56.63311839103699,4.916619547602637,0.7337568263009493,0.07330880831341535,0.0,0.0,341.3141809510188,True
1776222998.426108,56.70022630691528,4.918019942230891,0.733282562027768,0.07330880831352662,0.0,0.0,341.2669412738689,True
1776222998.493333,56.7674515247345,4.9198804429926435,0.7326504805977734,0.07330880831367373,0.0,0.0,341.20394207650804,True
1776222998.566748,56.84086632728577,4.922426222324498,0.731781875468166,0.07330880831387361,0.0,0.0,341.11729437516294,True
1776222998.642692,56.916810512542725,4.92449852042321,0.7310716362847028,0.07330880831403512,0.0,0.0,341.046380661495,True
1776222998.719706,56.99382448196411,4.9263326011399196,0.7304406442499155,0.07330880831417717,0.0,0.0,340.98333130146636,True
1776222998.795698,57.06981635093689,4.928387042615825,0.7297311523609504,0.07330880831433534,0.0,0.0,340.9123842310441,True
1776222998.863558,57.13767647743225,4.930658777842561,0.7289432939889113,0.073308808314509,0.0,0.0,340.83353396227506,True
1776222998.936126,57.21024441719055,4.932467901656304,0.728313361445611,0.07330880831464642,0.0,0.0,340.7704387057129,True
1776222999.006592,57.28071045875549,4.934044895939538,0.7277624294019692,0.07330880831476558,0.0,0.0,340.71521956163326,True
1776222999.07129,57.34540843963623,4.93584036905482,0.7271330894421146,0.0733088083149005,0.0,0.0,340.6520998109955,True
1776222999.136892,57.41101050376892,4.937851649396668,0.7264254612264066,0.07330880831505074,0.0,0.0,340.58107482572734,True
1776222999.21081,57.484928369522095,4.9398538530819796,0.7257182357140393,0.07330880831519936,0.0,0.0,340.5100339418927,True
1776222999.284073,57.558191537857056,4.941404885391503,0.7251684506162662,0.07330880831531383,0.0,0.0,340.4547691030864,True
1776222999.358011,57.632129430770874,4.943170849705883,0.7245404247305971,0.0733088083154435,0.0,0.0,340.39159787226794,True
1776222999.430211,57.70432949066162,4.9453683989033514,0.7237558435615511,0.07330880831560382,0.0,0.0,340.312616981334,True
1776222999.50389,57.778008460998535,4.947336843102785,0.723050150462783,0.07330880831574649,0.0,0.0,340.24151844241584,True
1776222999.594617,57.86873531341553,4.949296488445513,0.722344866003934,0.07330880831588764,0.0,0.0,340.1704052580515,True
1776222999.665207,57.9393253326416,4.951031054319691,0.7217182905770526,0.07330880831601184,0.0,0.0,340.1071814454785,True
1776222999.735066,58.00918436050415,4.953189607520854,0.7209355281481961,0.07330880831616549,0.0,0.0,340.02813594678037,True
1776222999.80504,58.079158306121826,4.954908774061,0.7203096848076953,0.07330880831628708,0.0,0.0,339.9648871679919,True
1776222999.876963,58.15108132362366,4.956407480527753,0.719762339990252,0.07330880831639255,0.0,0.0,339.9095356021492,True
1776222999.94081,58.21492838859558,4.958113962973331,0.7191371103009687,0.07330880831651204,0.0,0.0,339.8462666636993,True
1776223000.013011,58.287129402160645,4.960237633855011,0.7183560354350231,0.07330880831665984,0.0,0.0,339.7671657183538,True
1776223000.087251,58.361369371414185,4.961929070349516,0.7177315464943027,0.07330880831677686,0.0,0.0,339.7038733381931,True
1776223000.156438,58.430556535720825,4.963403640000923,0.7171853899731935,0.07330880831687835,0.0,0.0,339.64848416365555,True
1776223000.228615,58.5027334690094,4.965292099656777,0.7164835618855728,0.07330880831700763,0.0,0.0,339.57725824375086,True
1776223000.29277,58.56688833236694,4.9671722646211025,0.71578215487325,0.0733088083171356,0.0,0.0,339.5060198485667,True
1776223000.367679,58.64179754257202,4.968836600329542,0.7151590365913205,0.07330880831724824,0.0,0.0,339.44268652945203,True
1776223000.443798,58.71791648864746,4.970494458294774,0.7145362530900975,0.07330880831735986,0.0,0.0,339.3793436681774,True
1776223000.530847,58.80496549606323,4.972763500851202,0.7136804742256635,0.07330880831751169,0.0,0.0,339.2922319186845,True
1776223000.615424,58.8895423412323,4.975020453931093,0.7128253327602497,0.07330880831766161,0.0,0.0,339.2051027709674,True
1776223000.683283,58.957401514053345,4.9764504433677486,0.7122814848879965,0.07330880831775605,0.0,0.0,339.14964805687384,True
1776223000.772814,59.04693245887756,4.9784849011993435,0.7115050102853656,0.07330880831788969,0.0,0.0,339.07041525044144,True
1776223000.8433,59.11741852760315,4.980509554684466,0.7107290679705915,0.07330880831802182,0.0,0.0,338.99116881389995,True
1776223000.915006,59.18912434577942,4.982122262302045,0.710108698704511,0.07330880831812647,0.0,0.0,338.9277620243739,True
1776223000.994124,59.26824235916138,4.983728770139983,0.7094886724031313,0.0733088083182302,0.0,0.0,338.86434680637166,True
1776223001.066987,59.341105461120605,4.985528721683878,0.7087915540470712,0.07330880831834578,0.0,0.0,338.7929947704583,True
1776223001.142105,59.41622352600098,4.987519570172236,0.708017490506448,0.07330880831847286,0.0,0.0,338.7137026267063,True
1776223001.215899,59.49001741409302,4.989105394677245,0.7073986293437753,0.07330880831857353,0.0,0.0,338.65025989457286,True
1776223001.290666,59.56478452682495,4.990685161071808,0.7067801156862912,0.0733088083186733,0.0,0.0,338.58680927879084,True
1776223001.363552,59.63767051696777,4.992651398017762,0.7060074638925979,0.0733088083187968,0.0,0.0,338.50748510456395,True
1776223001.435541,59.70965933799744,4.9944130108527505,0.7053125446265767,0.07330880831890678,0.0,0.0,338.4360831649466,True
1776223001.507117,59.781235456466675,4.995777943554624,0.7047723589665774,0.0733088083189916,0.0,0.0,338.38054176308134,True
1776223001.585819,59.8599374294281,4.9975261937065065,0.7040782306373744,0.07330880831909968,0.0,0.0,338.30912308817784,True
1776223001.660438,59.93455648422241,4.999459950989097,0.7033075012725487,0.07330880831921854,0.0,0.0,338.2297582318043,True
1776223001.720611,59.99472951889038,5.001000368845654,0.702691316524983,0.07330880831931272,0.0,0.0,338.1662583209196,True
1776223001.78771,60.06182837486267,5.002343456315254,0.7021524465392234,0.07330880831939446,0.0,0.0,338.1106901391787,True
1776223001.856639,60.130757331848145,5.003682105001733,0.7016138495329937,0.07330880831947557,0.0,0.0,338.05511665645776,True
1776223001.919764,60.19388246536255,5.005206579274589,0.7009986452859,0.07330880831956754,0.0,0.0,337.9915977040165,True
1776223001.986421,60.260539531707764,5.006914750070368,0.7003069691676498,0.07330880831967007,0.0,0.0,337.9201308452181,True
1776223002.049774,60.32389235496521,5.008238328987125,0.6997693135935601,0.07330880831974913,0.0,0.0,337.8645397162798,True
1776223002.109748,60.38386631011963,5.009369360253557,0.6993086857606076,0.07330880831981644,0.0,0.0,337.81688619799496,True
1776223002.18331,60.45742845535278,5.010872448473074,0.6986948317651062,0.07330880831990552,0.0,0.0,337.75334253574374,True
1776223002.247187,60.521305322647095,5.012556688353459,0.6980046795640621,0.07330880832000483,0.0,0.0,337.681848325839,True
1776223002.328861,60.6029794216156,5.014419749931147,0.6972383840037287,0.07330880832011406,0.0,0.0,337.6024010500292,True
1776223002.398956,60.67307448387146,5.015718712575459,0.6967023165658249,0.07330880832018985,0.0,0.0,337.5467822495272,True
1776223002.470659,60.74477744102478,5.017198044256345,0.6960900114480528,0.07330880832027578,0.0,0.0,337.4832122415764,True
1776223002.535349,60.80946731567383,5.018855698839626,0.6954016073232675,0.0733088083203716,0.0,0.0,337.4116888698111,True
1776223002.620799,60.894917488098145,5.020689394462547,0.6946372610273154,0.07330880832047701,0.0,0.0,337.33220977426134,True
1776223002.690065,60.96418333053589,5.021967908505307,0.6941025624419372,0.07330880832055015,0.0,0.0,337.2765690586748,True
1776223002.761258,61.03537631034851,5.023605606120223,0.6934155102396412,0.0733088083206434,0.0,0.0,337.20502462963464,True
1776223002.830053,61.10417151451111,5.025236469131165,0.692728929088559,0.0733088083207358,0.0,0.0,337.13347315169716,True
1776223002.907041,61.18115949630737,5.0266804175993665,0.6921190314662553,0.07330880832081722,0.0,0.0,337.0698660175114,True
1776223002.991869,61.265987396240234,5.028298472266736,0.6914333444140685,0.07330880832090801,0.0,0.0,336.9983015509906,True
1776223003.062744,61.336862325668335,5.030088421747486,0.6906720278387529,0.07330880832100792,0.0,0.0,336.9187776152142,True
1776223003.129067,61.40318536758423,5.031514434561829,0.6900633988475706,0.0733088083210871,0.0,0.0,336.8551526096567,True
1776223003.200697,61.474815368652344,5.032757881206642,0.6895311588026966,0.07330880832115585,0.0,0.0,336.79947652655534,True
1776223003.292868,61.566986322402954,5.034703774773446,0.6886953686534492,0.07330880832126294,0.0,0.0,336.7119777427313,True
1776223003.37264,61.64675831794739,5.036639832424145,0.6878602986002428,0.07330880832136881,0.0,0.0,336.6244696044895,True
1776223003.446979,61.721097469329834,5.038041732977762,0.6872534288912773,0.07330880832144508,0.0,0.0,336.5608215577985,True
1776223003.514674,61.78879237174988,5.039264175255179,0.6867227324947109,0.07330880832151132,0.0,0.0,336.50512560039215,True
1776223003.608644,61.88276243209839,5.04135067408461,0.6858136526386732,0.07330880832162377,0.0,0.0,336.4096384565532,True
1776223003.672297,61.946415424346924,5.042735309479143,0.6852080819727213,0.073308808321698,0.0,0.0,336.3459745941247,True
1776223003.750664,62.02478241920471,5.044114881554848,0.6846028986863466,0.07330880832177164,0.0,0.0,336.28230619999886,True
1776223003.819647,62.09376549720764,5.04548941388534,0.6839981039142704,0.07330880832184469,0.0,0.0,336.21863334286826,True
1776223003.889952,62.16407036781311,5.047200527778916,0.683242658527694,0.07330880832193519,0.0,0.0,336.1390360983194,True
1776223003.967362,62.241480350494385,5.048733866190304,0.6825632800628997,0.07330880832201588,0.0,0.0,336.0673928136428,True
1776223004.0374,62.31151843070984,5.04992211975048,0.6820352178144327,0.07330880832207813,0.0,0.0,336.0116665452527,True
1776223004.101429,62.37554740905762,5.051106589947057,0.681507456722506,0.07330880832213997,0.0,0.0,335.95593707465946,True
1776223004.167905,62.442023515701294,5.052792157326575,0.6807540362331205,0.07330880832222757,0.0,0.0,335.8763180745605,True
1776223004.23805,62.512168407440186,5.054135103817401,0.680151744975213,0.07330880832229704,0.0,0.0,335.8126183136286,True
1776223004.309863,62.58398151397705,5.055306185236837,0.6796250656759127,0.07330880832235737,0.0,0.0,335.7568777497108,True
1776223004.382621,62.656739473342896,5.056806404974012,0.6789483543313835,0.07330880832243435,0.0,0.0,335.68520688959376,True
1776223004.446734,62.72085237503052,5.058300515243988,0.678272148216355,0.07330880832251065,0.0,0.0,335.61353113456266,True
1776223004.521348,62.79546642303467,5.059623509411685,0.6776715015725455,0.07330880832257791,0.0,0.0,335.54981531045104,True
1776223004.599926,62.87404441833496,5.060941722479307,0.6770712565509239,0.07330880832264465,0.0,0.0,335.4860957422909,True
1776223004.661744,62.93586254119873,5.062255175905241,0.6764714142950271,0.07330880832271089,0.0,0.0,335.42237248683546,True
1776223004.740003,63.014121532440186,5.063890331877165,0.6757221796071945,0.07330880832279296,0.0,0.0,335.3427133173258,True
1776223004.813708,63.08782649040222,5.065193153753128,0.6751232477571973,0.07330880832285805,0.0,0.0,335.27898196852533,True
1776223004.881694,63.15581250190735,5.066329274111391,0.6745995157938074,0.07330880832291461,0.0,0.0,335.22321415825127,True
1776223004.954244,63.22836232185364,5.067784745360328,0.6739266046562492,0.07330880832298675,0.0,0.0,335.1515087979467,True
1776223005.055665,63.32978343963623,5.069876711552806,0.6729555356846258,0.07330880832308989,0.0,0.0,335.04792680389164,True
1776223005.130711,63.40482950210571,5.071158010899861,0.6723584934255328,0.07330880832315273,0.0,0.0,334.9841796672276,True
1776223005.19369,63.46780848503113,5.07227537695511,0.6718364191991929,0.07330880832320733,0.0,0.0,334.9283982390119,True
1776223005.284616,63.55873441696167,5.074182713730283,0.6709421705076921,0.07330880832330007,0.0,0.0,334.8327672053948,True
1776223005.352456,63.62657451629639,5.0754485818158575,0.6703465226027082,0.07330880832336133,0.0,0.0,334.7690092317334,True
1776223005.422646,63.69676446914673,5.076552500753633,0.6698256716080239,0.07330880832341455,0.0,0.0,334.7132184559832,True
1776223005.503914,63.778032541275024,5.077966751466467,0.6691564748826937,0.07330880832348247,0.0,0.0,334.6414840160753,True
1776223005.59061,63.86472845077515,5.079843584973076,0.6682650356821948,0.07330880832357213,0.0,0.0,334.54583217811717,True
1776223005.662375,63.93649339675903,5.081089227547126,0.6676712672151094,0.07330880832363135,0.0,0.0,334.48206059735867,True
1776223005.724823,63.99894142150879,5.082020543737989,0.6672262169539888,0.07330880832367549,0.0,0.0,334.4342300069887,True
1776223005.802618,64.07673645019531,5.08341285125218,0.6665590864344991,0.07330880832374122,0.0,0.0,334.3624811046239,True
1776223005.863284,64.13740253448486,5.084799582561003,0.6658924912106678,0.0733088083238064,0.0,0.0,334.2907286369368,True
1776223005.945786,64.21990442276001,5.086333887621909,0.6651524596490406,0.0733088083238782,0.0,0.0,334.21099956513285,True
1776223006.015037,64.28915548324585,5.08740384416347,0.6646348331610163,0.07330880832392808,0.0,0.0,334.15518668438256,True
1776223006.085675,64.35979342460632,5.088622578594313,0.6640436600786161,0.07330880832398468,0.0,0.0,334.09139802349335,True
1776223006.177156,64.45127439498901,5.090593801477167,0.6630839167718859,0.07330880832407577,0.0,0.0,333.98773583679497,True
1776223006.251833,64.52595138549805,5.091650523901516,0.6625676015538826,0.07330880832412437,0.0,0.0,333.93191490877564,True
1776223006.320841,64.59495949745178,5.092854193318026,0.6619779308171178,0.07330880832417955,0.0,0.0,333.8681171817447,True
1776223006.386349,64.66046738624573,5.094203225792561,0.6613150674463065,0.07330880832424112,0.0,0.0,333.79634174941015,True
1776223006.463516,64.7376344203949,5.095546887289069,0.6606527522143759,0.07330880832430221,0.0,0.0,333.72456320373954,True
1776223006.535101,64.80921936035156,5.096588260168893,0.6601379981456623,0.07330880832434938,0.0,0.0,333.66873332755233,True
1776223006.604972,64.87909030914307,5.097774455786226,0.659550115994482,0.07330880832440292,0.0,0.0,333.60492551941724,True
1776223006.675536,64.94965434074402,5.09925130858623,0.6588158772955386,0.07330880832446932,0.0,0.0,333.52516245912574,True
1776223006.742728,65.01684641838074,5.100428098520607,0.6582289789175313,0.07330880832452198,0.0,0.0,333.46134941412123,True
1776223006.82952,65.10363841056824,5.101747024701341,0.6575692431416139,0.07330880832458081,0.0,0.0,333.3895570264347,True
1776223006.921206,65.19532442092896,5.103497459916841,0.6566904626887351,0.0733088083246585,0.0,0.0,333.2938294575722,True
1776223006.993222,65.26734042167664,5.104804217730648,0.6560320298852066,0.07330880832471622,0.0,0.0,333.222030554165,True
1776223007.061414,65.3355324268341,5.10581700582117,0.6555203033311898,0.0733088083247608,0.0,0.0,333.16618508427126,True
1776223007.128763,65.40288138389587,5.10697065877135,0.6549358896011492,0.0733088083248114,0.0,0.0,333.1023597080952,True
1776223007.193423,65.46754145622253,5.108263668667735,0.6542789566993251,0.0733088083248679,0.0,0.0,333.030553671126,True
1776223007.26612,65.54023838043213,5.109408718142607,0.6536954909709641,0.07330880832491776,0.0,0.0,332.9667239053877,True
1776223007.326367,65.60048532485962,5.110264864159157,0.6532581855410178,0.07330880832495491,0.0,0.0,332.91885025581917,True
1776223007.388018,65.66213631629944,5.111260850080642,0.6527483149329756,0.07330880832499802,0.0,0.0,332.8629962480158,True
1776223007.461136,65.7352545261383,5.11253690839332,0.6520932730629264,0.07330880832505304,0.0,0.0,332.7911817417064,True
1776223007.545622,65.81974053382874,5.113948845776458,0.6513661182939189,0.07330880832511369,0.0,0.0,332.71138497693664,True
1776223007.60987,65.88398838043213,5.114933519444177,0.6508575304326351,0.07330880832515582,0.0,0.0,332.65552547427586,True
1776223007.676349,65.95046734809875,5.116195091548255,0.6502041419437515,0.07330880832520961,0.0,0.0,332.5837040102063,True
1776223007.744798,66.0189163684845,5.117312315227643,0.6496238352217275,0.07330880832525707,0.0,0.0,332.5198607522762,True
1776223007.823157,66.09727549552917,5.118425626900069,0.6490439843065413,0.0733088083253042,0.0,0.0,332.4560156819728,True
1776223007.91877,66.19288849830627,5.120226454626959,0.6481027016252915,0.0733088083253801,0.0,0.0,332.35226364791043,True
1776223007.986877,66.260995388031,5.121329570644649,0.6475240525652434,0.07330880832542638,0.0,0.0,332.28841394976564,True
1776223008.076359,66.35047745704651,5.122565967333276,0.6468736221407089,0.07330880832547808,0.0,0.0,332.2165809909885,True
1776223008.143215,66.4173333644867,5.1236609065998096,0.6462959516902098,0.0733088083255237,0.0,0.0,332.15272768004814,True
1776223008.215128,66.4892463684082,5.1250242044108205,0.6455745138365078,0.07330880832558027,0.0,0.0,332.07290870997304,True
1776223008.280783,66.55490136146545,5.1259749730026485,0.6450699382862525,0.07330880832561959,0.0,0.0,332.0170339139395,True
1776223008.367295,66.64141345024109,5.12719312426428,0.6444217211418436,0.0733088083256698,0.0,0.0,331.9451930849236,True
1776223008.441345,66.71546339988708,5.1284064962285765,0.6437740936788264,0.07330880832571962,0.0,0.0,331.8733502567229,True
1776223008.531479,66.80559730529785,5.130016926984239,0.6429115104302646,0.07330880832578546,0.0,0.0,331.7775567680642,True
1776223008.601131,66.87524938583374,5.130952457718051,0.6424088237976909,0.07330880832582355,0.0,0.0,331.72167565118264,True
1776223008.667105,66.94122338294983,5.1318851361359785,0.6419064968810069,0.07330880832586142,0.0,0.0,331.66579338788495,True
1776223008.743918,67.01803636550903,5.133212604970031,0.6411895124782276,0.07330880832591513,0.0,0.0,331.5859596246234,True
1776223008.814486,67.08860445022583,5.13440238958226,0.6405448572857344,0.07330880832596309,0.0,0.0,331.51410729993745,True
1776223008.88658,67.16069841384888,5.135324557183204,0.6400438729936975,0.07330880832600015,0.0,0.0,331.4582209101831,True
1776223008.956267,67.2303855419159,5.136375025699577,0.6394717643355862,0.07330880832604222,0.0,0.0,331.394349433243,True
1776223009.029047,67.30316543579102,5.137552436864523,0.6388287105665202,0.07330880832608921,0.0,0.0,331.32249236767814,True
1776223009.105133,67.37925148010254,5.138855272888813,0.6381149141763475,0.07330880832614103,0.0,0.0,331.24264916470395,True
1776223009.197271,67.47138953208923,5.14002298800104,0.6374731361705033,0.07330880832618729,0.0,0.0,331.17078849700937,True
1776223009.271091,67.5452094078064,5.141186140562211,0.6368319649263305,0.07330880832623321,0.0,0.0,331.09892616811806,True
1776223009.337187,67.61130547523499,5.142344749879952,0.6361914020180806,0.07330880832627878,0.0,0.0,331.02706220633155,True
1776223009.399639,67.673757314682,5.143370826254064,0.635622524739239,0.073308808326319,0.0,0.0,330.96318178086256,True
1776223009.475917,67.75003552436829,5.1443933414418845,0.6350541304663564,0.07330880832635896,0.0,0.0,330.8993001064157,True
1776223009.547538,67.8216564655304,5.145412308746289,0.6344862203013178,0.07330880832639866,0.0,0.0,330.8354172019234,True
1776223009.616986,67.89110445976257,5.146681048803559,0.633777015048383,0.07330880832644791,0.0,0.0,330.7555618699346,True
1776223009.68971,67.9638283252716,5.147692081599358,0.6332101981485206,0.07330880832648702,0.0,0.0,330.69167626558186,True
1776223009.765795,68.03991341590881,5.1486996092020885,0.6326438689292773,0.07330880832652588,0.0,0.0,330.62778949075414,True
1776223009.854814,68.1289324760437,5.150079260145614,0.6318659645581738,0.0733088083265789,0.0,0.0,330.5399432967447,True
1776223009.943843,68.21796131134033,5.151452342078678,0.6310889871287013,0.07330880832663145,0.0,0.0,330.45209496860787,True
1776223010.040006,68.31412434577942,5.152694925953806,0.6303834507739609,0.0733088083266788,0.0,0.0,330.3722310375315,True
1776223010.105917,68.38003540039062,5.153808653644285,0.6297491268136686,0.0733088083267211,0.0,0.0,330.300352049922,True
1776223010.175106,68.4492244720459,5.154918044121368,0.6291154285508102,0.07330880832676308,0.0,0.0,330.2284717132289,True
1776223010.264822,68.5389404296875,5.156023115195091,0.6284823575357504,0.07330880832680475,0.0,0.0,330.1565900504362,True
1776223010.339675,68.61379337310791,5.15712388455961,0.6278499153167728,0.07330880832684614,0.0,0.0,330.0847070841365,True
1776223010.409438,68.68355631828308,5.158341937794366,0.6271479410975418,0.07330880832689177,0.0,0.0,330.00483561977444,True
1776223010.473275,68.74739336967468,5.159191440904882,0.6266570233075232,0.07330880832692348,0.0,0.0,329.94892466955685,True
1776223010.542589,68.8167073726654,5.160038372283751,0.6261664885989919,0.07330880832695502,0.0,0.0,329.893012968994,True
1776223010.611212,68.88533043861389,5.160882740054894,0.6256763376966683,0.07330880832698639,0.0,0.0,329.8371005280475,True
1776223010.677371,68.95148944854736,5.162084548670147,0.624976789343236,0.0733088083270309,0.0,0.0,329.75722434752976,True
1776223010.759108,69.03322649002075,5.163281165346994,0.6242780278528521,0.07330880832707506,0.0,0.0,329.67734670425847,True
1776223010.848636,69.12275433540344,5.164353700475534,0.6236498170188381,0.07330880832711449,0.0,0.0,329.6054555975347,True
1776223010.914757,69.18887543678284,5.165303563951434,0.6230919451249887,0.07330880832714931,0.0,0.0,329.5415514317195,True
1776223011.010412,69.28453040122986,5.166840095515577,0.6221864855881477,0.07330880832720542,0.0,0.0,329.4377052719504,True
1776223011.073711,69.34782934188843,5.167663885569401,0.6216994868425194,0.0733088083272354,0.0,0.0,329.38178715672757,True
1776223011.153839,69.42795753479004,5.168602309950347,0.621143394924378,0.07330880832726945,0.0,0.0,329.3178799375262,True
1776223011.231697,69.50581550598145,5.169654162448204,0.6205184023428146,0.07330880832730752,0.0,0.0,329.2459833091163,True
1776223011.320766,69.59488439559937,5.171050277452836,0.6196860875080529,0.07330880832735784,0.0,0.0,329.15011950993625,True
1776223011.395422,69.66954040527344,5.171977003061894,0.6191318529476313,0.07330880832739112,0.0,0.0,329.08620929575847,True
1776223011.46397,69.7380883693695,5.172900527680989,0.6185781332261249,0.0733088083274242,0.0,0.0,329.0222982841479,True
1776223011.538898,69.81301641464233,5.1740504491762875,0.6178867091857525,0.07330880832746527,0.0,0.0,328.9424084166422,True
1776223011.62687,69.90098834037781,5.175195408491338,0.617196093315057,0.073308808327506,0.0,0.0,328.86251734522847,True
1776223011.703934,69.9780523777008,5.176107817736594,0.6166441838915001,0.07330880832753836,0.0,0.0,328.79860363659833,True
1776223011.792091,70.06620931625366,5.177470527088209,0.6158172943572157,0.07330880832758654,0.0,0.0,328.7027316813183,True
1776223011.867399,70.14151740074158,5.178487928827183,0.6151978965890983,0.07330880832762238,0.0,0.0,328.6308266384428,True
1776223011.937099,70.21121740341187,5.179276508531591,0.6147165997762994,0.07330880832765008,0.0,0.0,328.5748998673833,True
1776223012.005332,70.27945041656494,5.180174824661804,0.6141670369131538,0.07330880832768155,0.0,0.0,328.5109828964214,True
1776223012.083079,70.35719752311707,5.181404946492244,0.6134122443622061,0.0733088083277245,0.0,0.0,328.42309592868054,True
1776223012.150404,70.42452239990234,5.182184710451305,0.6129324392392025,0.07330880832775166,0.0,0.0,328.3671671866553,True
1776223012.244052,70.51817035675049,5.183294572707477,0.6122477030651103,0.07330880832779019,0.0,0.0,328.2872680935829,True
1776223012.310769,70.58488750457764,5.184289353730216,0.6116321458545421,0.07330880832782462,0.0,0.0,328.2153580290921,True
1776223012.396992,70.67111039161682,5.185390134799778,0.6109489789898438,0.0733088083278626,0.0,0.0,328.13545699674705,True
1776223012.465293,70.73941135406494,5.186157854111153,0.6104712552632681,0.073308808327889,0.0,0.0,328.0795256822887,True
1776223012.531775,70.8058934211731,5.187032406547041,0.6099257835291542,0.07330880832791901,0.0,0.0,328.01560359268376,True
1776223012.598616,70.8727343082428,5.188012668017551,0.60931276432589,0.07330880832795256,0.0,0.0,327.94369050433374,True
1776223012.668019,70.9421374797821,5.188880814001942,0.608768425292096,0.0733088083279822,0.0,0.0,327.87976711388717,True
1776223012.736239,71.01035737991333,5.189637981422374,0.6082925671870819,0.07330880832800798,0.0,0.0,327.8238336566319,True
1776223012.823321,71.0974395275116,5.190608119670445,0.6076813522273268,0.07330880832804092,0.0,0.0,327.75191854894405,True
1776223012.893739,71.16785740852356,5.191788726232963,0.6069352343638524,0.07330880832808087,0.0,0.0,327.6640213110765,True
1776223012.967164,71.24128246307373,5.192750506693197,0.6063255309363829,0.07330880832811332,0.0,0.0,327.5921045898706,True
1776223013.03548,71.30959844589233,5.193495973095216,0.6058517889731556,0.07330880832813841,0.0,0.0,327.5361688733934,True
1776223013.105667,71.37978553771973,5.194345174288068,0.6053108760652428,0.07330880832816691,0.0,0.0,327.4722418244257,True
1776223013.19148,71.46559834480286,5.195508035673669,0.6045680047496161,0.07330880832820583,0.0,0.0,327.3843412483898,True
1776223013.273836,71.54795432090759,5.196455358240377,0.6039609639090675,0.07330880832823744,0.0,0.0,327.3124218476239,True
1776223013.360265,71.6343834400177,5.197608195893481,0.6032199598853958,0.07330880832827577,0.0,0.0,327.2245194618616,True
1776223013.44553,71.71964836120605,5.1986514762761615,0.6025472142489163,0.07330880832831035,0.0,0.0,327.1446073630358,True
1776223013.512742,71.78686046600342,5.199379089145735,0.6020768002269123,0.07330880832833442,0.0,0.0,327.0886684268037,True
1776223013.58734,71.86145853996277,5.200311355941114,0.6014725980685731,0.07330880832836516,0.0,0.0,327.01674638146415,True
1776223013.653859,71.9279773235321,5.201239995394158,0.600869090102773,0.0733088083283957,0.0,0.0,326.9448237206077,True
1776223013.723915,71.99803352355957,5.20206241841549,0.6003332225235826,0.07330880832842268,0.0,0.0,326.8808919582641,True
1776223013.798921,72.07303953170776,5.202881995470239,0.5997979055949838,0.07330880832844949,0.0,0.0,326.8169597251207,True
1776223013.865282,72.13940048217773,5.203698735934391,0.5992631403275459,0.07330880832847617,0.0,0.0,326.75302702831374,True
1776223013.928899,72.20301747322083,5.204614189958643,0.5986621900653856,0.07330880832850596,0.0,0.0,326.68110219893026,True
1776223014.011672,72.28579044342041,5.205526078942339,0.598061940710496,0.07330880832853556,0.0,0.0,326.6091768014609,True
1776223014.092683,72.36680150032043,5.206333664678298,0.5975289753017415,0.07330880832856172,0.0,0.0,326.54524264573797,True
1776223014.16998,72.44409847259521,5.207339214274251,0.5968635504463836,0.0733088083285942,0.0,0.0,326.4653243408139,True
1776223014.239257,72.51337552070618,5.208140519018202,0.5963318373076778,0.07330880832862001,0.0,0.0,326.40138921667045,True
1776223014.301736,72.57585453987122,5.208839382542156,0.5958670461680197,0.07330880832864246,0.0,0.0,326.34544563842576,True
1776223014.382995,72.65711331367493,5.209834083107923,0.5952038014988528,0.07330880832867435,0.0,0.0,326.26552569178284,True
1776223014.459779,72.73389744758606,5.210527808734485,0.594740051028458,0.07330880832869655,0.0,0.0,326.20958135055446,True
1776223014.525111,72.79922938346863,5.211515194751327,0.5940782958405241,0.07330880832872803,0.0,0.0,326.1296603314729,True
1776223014.596513,72.87063145637512,5.212498301587594,0.59341741943862,0.0733088083287593,0.0,0.0,326.04973869761534,True
1776223014.662817,72.93693542480469,5.21337945332026,0.5928233836393632,0.07330880832878725,0.0,0.0,325.97780871112394,True
1776223014.733265,73.00738334655762,5.214062414907931,0.5923618499019232,0.07330880832880886,0.0,0.0,325.9218628336465,True
1776223014.798647,73.0727653503418,5.214743301601148,0.5919007492324362,0.07330880832883035,0.0,0.0,325.86591666952216,True
1776223014.86064,73.13475847244263,5.215518924623273,0.5913743081736141,0.07330880832885481,0.0,0.0,325.8019778501204,True
1776223014.923407,73.19752550125122,5.216291853880121,0.5908484346023698,0.0733088083288791,0.0,0.0,325.73803866689144,True
1776223015.003661,73.27777934074402,5.217158190152475,0.5902575063837728,0.07330880832890627,0.0,0.0,325.6661066577352,True
1776223015.079022,73.3531403541565,5.217925423777241,0.5897328419858953,0.07330880832893027,0.0,0.0,325.60216671958085,True
1776223015.154784,73.42890238761902,5.21897601717311,0.5890123602468003,0.07330880832896305,0.0,0.0,325.5142487393225,True
1776223015.247878,73.52199649810791,5.219926745259322,0.5883583150519174,0.07330880832899264,0.0,0.0,325.43432274510695,True
1776223015.318975,73.59309339523315,5.220589795223685,0.5879010161228414,0.07330880832901321,0.0,0.0,325.3783742387576,True
1776223015.399913,73.67403149604797,5.221627653446122,0.5871832916305018,0.07330880832904535,0.0,0.0,325.2904546500105,True
1776223015.48054,73.75465846061707,5.222566852365553,0.5865317586144467,0.07330880832907434,0.0,0.0,325.2105272225599,True
1776223015.570401,73.84451937675476,5.223408636879913,0.5859461490382513,0.07330880832910025,0.0,0.0,325.13859211557406,True
1776223015.647285,73.92140340805054,5.2242471230082055,0.5853612704955298,0.07330880832912601,0.0,0.0,325.06665661560015,True
1776223015.709711,73.98382949829102,5.22508232245696,0.5847771243612944,0.0733088083291516,0.0,0.0,324.9947207293335,True
1776223015.797144,74.07126235961914,5.2260064812594305,0.5841289337676608,0.07330880832917983,0.0,0.0,324.91479152175623,True
1776223015.866885,74.14100337028503,5.2266509951973985,0.5836757403700227,0.07330880832919948,0.0,0.0,324.8588408022809,True
1776223015.936486,74.210604429245,5.22747676499991,0.5830937177816142,0.07330880832922461,0.0,0.0,324.7869038366307,True
1776223016.014343,74.28846144676208,5.228390485474531,0.5824478913148261,0.07330880832925232,0.0,0.0,324.70697345129247,True
1776223016.080007,74.35412549972534,5.229027716923984,0.5819963557012002,0.07330880832927161,0.0,0.0,324.6510219206624,True
1776223016.15055,74.42466831207275,5.229663000343909,0.5815452679234087,0.07330880832929082,0.0,0.0,324.5950701784373,True
1776223016.222527,74.49664545059204,5.230567179398488,0.5809016349358532,0.07330880832931808,0.0,0.0,324.51513875662465,True
1776223016.301915,74.57603335380554,5.231377563483023,0.5803231493242954,0.07330880832934245,0.0,0.0,324.443200119341,True
1776223016.403455,74.6775734424591,5.232363705051543,0.5796171221480569,0.07330880832937203,0.0,0.0,324.3552746667798,True
1776223016.491648,74.76576638221741,5.2334340888198065,0.5788481814916061,0.07330880832940403,0.0,0.0,324.2593554363227,True
1776223016.566314,74.8404324054718,5.2342331893048515,0.5782723480866504,0.07330880832942788,0.0,0.0,324.1874156411328,True
1776223016.635394,74.90951251983643,5.234852534704399,0.5778249954152975,0.07330880832944632,0.0,0.0,324.13146225034643,True
1776223016.701111,74.97522950172424,5.235558032514761,0.5773142908385066,0.07330880832946728,0.0,0.0,324.06751528930783,True
1776223016.77381,75.04792833328247,5.236436427736596,0.5766767449212642,0.07330880832949331,0.0,0.0,323.98758125035556,True
1776223016.843632,75.11775040626526,5.237136371568824,0.5761673771724504,0.073308808329514,0.0,0.0,323.92363375350345,True
1776223016.90723,75.18134832382202,5.237659717220675,0.575785742215856,0.07330880832952946,0.0,0.0,323.87567297822915,True
1776223016.986006,75.26012444496155,5.238442152260877,0.5752139188843339,0.0733088083295525,0.0,0.0,323.8037315735752,True
1776223017.063556,75.33767437934875,5.239394265706098,0.5745160506415655,0.07330880832958048,0.0,0.0,323.71580280261855,True
1776223017.134304,75.40842247009277,5.240083823127289,0.5740092209118575,0.0733088083296007,0.0,0.0,323.65185434256756,True
1776223017.21009,75.48420834541321,5.240685196991341,0.5735662367433634,0.0733088083296183,0.0,0.0,323.59589926133447,True
1776223017.280253,75.55437135696411,5.2414556726920685,0.5729973612416128,0.07330880832964079,0.0,0.0,323.52395677269027,True
1776223017.351692,75.62581038475037,5.242308180746687,0.5723661702166186,0.07330880832966563,0.0,0.0,323.4440203609796,True
1776223017.426583,75.70070147514343,5.2429874862108985,0.5718618952622035,0.0733088083296854,0.0,0.0,323.3800709982704,True
1776223017.521053,75.79517149925232,5.243833253806845,0.571232400410954,0.07330880832970992,0.0,0.0,323.30013400835963,True
1776223017.614608,75.88872647285461,5.24492718524468,0.5704154698946847,0.07330880832974156,0.0,0.0,323.19621545481795,True
1776223017.687952,75.96207046508789,5.245597258449745,0.5699135387844421,0.07330880832976089,0.0,0.0,323.132265318637,True
1776223017.759085,76.03320336341858,5.246181632281634,0.5694748470383102,0.07330880832977772,0.0,0.0,323.07630879164526,True
1776223017.829341,76.10345935821533,5.2469303172426685,0.5689114987565861,0.07330880832979925,0.0,0.0,323.0043644723363,True
1776223017.893674,76.16779232025146,5.24767602717507,0.5683489211331779,0.07330880832982063,0.0,0.0,322.932419916988,True
1776223017.96865,76.24276852607727,5.248336391062283,0.567849500152263,0.07330880832983953,0.0,0.0,322.8684690062188,True
1776223018.063542,76.33766031265259,5.249158562320339,0.567226083030053,0.07330880832986303,0.0,0.0,322.78853011419017,True
1776223018.128798,76.402916431427,5.249895407597742,0.5666658251276179,0.07330880832988403,0.0,0.0,322.716584874579,True
1776223018.190518,76.46463632583618,5.250547917003292,0.5661684693630531,0.07330880832990258,0.0,0.0,322.652633365369,True
1776223018.261008,76.53512644767761,5.251116965961068,0.5657337866184643,0.07330880832991875,0.0,0.0,322.5966756540607,True
1776223018.333414,76.6075325012207,5.251765146121479,0.5652375826312176,0.07330880832993712,0.0,0.0,322.53272382547465,True
1776223018.397885,76.67200350761414,5.252491601141862,0.5646800889900889,0.07330880832995768,0.0,0.0,322.46077781926596,True
1776223018.472762,76.74688053131104,5.253215156309137,0.5641233757054231,0.0733088083299781,0.0,0.0,322.38883160575733,True
1776223018.541174,76.81529235839844,5.253775922847432,0.5636909168036874,0.0733088083299939,0.0,0.0,322.3328732986395,True
1776223018.610504,76.88462233543396,5.25441466393907,0.5631972578082756,0.07330880833001187,0.0,0.0,322.2689207988081,True
1776223018.68485,76.9589684009552,5.255209897826259,0.5625810549908294,0.0733088083300342,0.0,0.0,322.1889799542817,True
1776223018.76449,77.03860831260681,5.255922585636705,0.5620273011692868,0.07330880833005415,0.0,0.0,322.11703298901364,True
1776223018.857491,77.13160943984985,5.256711114514203,0.5614129415267728,0.0733088083300762,0.0,0.0,322.03709169266926,True
1776223018.936726,77.21084451675415,5.25757444278958,0.560738269333699,0.07330880833010028,0.0,0.0,321.94915599971176,True
1776223019.006909,77.28102731704712,5.2581996602327115,0.5602483391277995,0.07330880833011769,0.0,0.0,321.88520259600944,True
1776223019.0761,77.3502185344696,5.25874489550486,0.5598201624944592,0.07330880833013283,0.0,0.0,321.82924325059224,True
1776223019.145668,77.41978645324707,5.259365936049089,0.559331404040635,0.07330880833015005,0.0,0.0,321.7652895810013,True
1776223019.214251,77.48836946487427,5.26006195553993,0.558782299320427,0.07330880833016933,0.0,0.0,321.6933415369979,True
1776223019.281629,77.55574750900269,5.260678290234687,0.5582948725716038,0.07330880833018635,0.0,0.0,321.6293875751301,True
1776223019.357591,77.6317093372345,5.261292420626872,0.5578080738701683,0.07330880833020331,0.0,0.0,321.5654334789686,True
1776223019.431818,77.70593643188477,5.261980690582358,0.557261177126658,0.07330880833022226,0.0,0.0,321.4934849627973,True
1776223019.497245,77.7713634967804,5.26266618816464,0.5567150775916329,0.0733088083302411,0.0,0.0,321.42153628208786,True
1776223019.573428,77.84754633903503,5.263273199345159,0.5562303260406273,0.07330880833025775,0.0,0.0,321.3575817633714,True
1776223019.640633,77.9147515296936,5.263802548215912,0.5558066866206348,0.07330880833027226,0.0,0.0,321.3016214561903,True
1776223019.703672,77.97779035568237,5.264405483057651,0.5553231202718278,0.07330880833028874,0.0,0.0,321.2376667030656,True
1776223019.77711,78.0512285232544,5.265156107996713,0.5547195530782538,0.07330880833030923,0.0,0.0,321.1577230898937,True
1776223019.865172,78.13929033279419,5.265828788543856,0.5541771900991346,0.07330880833032755,0.0,0.0,321.0857736776409,True
1776223019.927826,78.20194435119629,5.2663501029548065,0.5537559081226353,0.07330880833034173,0.0,0.0,321.0298129203353,True
1776223020.004442,78.27856040000916,5.267165995913103,0.5530948778194811,0.07330880833036388,0.0,0.0,320.9418744078628,True
1776223020.073417,78.3475353717804,5.267756835510511,0.5526148851758418,0.0733088083303799,0.0,0.0,320.8779189904798,True
1776223020.135952,78.41007041931152,5.268198567392332,0.5522553094328474,0.07330880833039183,0.0,0.0,320.82995235369776,True
1776223020.240865,78.51498341560364,5.269151556374208,0.5514774617917082,0.07330880833041757,0.0,0.0,320.7260244275163,True
1776223020.307949,78.58206748962402,5.2698080450937415,0.5509399419183717,0.07330880833043527,0.0,0.0,320.6540741569238,True
1776223020.403457,78.67757534980774,5.270534348543432,0.5503436493155269,0.07330880833045479,0.0,0.0,320.574129254,True
1776223020.477676,78.75179433822632,5.271113028014098,0.549867337587386,0.07330880833047032,0.0,0.0,320.5101732140874,True
1776223020.543535,78.81765341758728,5.271761539628674,0.5493322555233265,0.0733088083304877,0.0,0.0,320.43822254639247,True
1776223020.61614,78.89025831222534,5.272407409560647,0.5487979884510134,0.07330880833050497,0.0,0.0,320.36627175081435,True
1776223020.694927,78.9690454006195,5.272979305423482,0.5483237695389179,0.07330880833052024,0.0,0.0,320.3023153824819,True
1776223020.781796,79.05591440200806,5.273691258801577,0.5477319040361953,0.07330880833053921,0.0,0.0,320.2223697846868,True
1776223020.852849,79.12696743011475,5.2743999826169485,0.5471410490901744,0.07330880833055807,0.0,0.0,320.14242403694317,True
1776223020.927735,79.20185351371765,5.274964644226441,0.5466690938223473,0.07330880833057307,0.0,0.0,320.07846733269287,True
1776223020.998762,79.27288031578064,5.275457038417758,0.546256665005421,0.07330880833058612,0.0,0.0,320.02250514036285,True
1776223021.072776,79.34689450263977,5.276157739253832,0.5456683435246202,0.07330880833060469,0.0,0.0,319.94255903003744,True
1776223021.140754,79.41487240791321,5.2767856431168445,0.5451397230001951,0.07330880833062127,0.0,0.0,319.8706074107499,True
1776223021.238966,79.5130844116211,5.2774802947442865,0.5445533336769158,0.0733088083306396,0.0,0.0,319.79066103620795,True
1776223021.313893,79.5880115032196,5.278102772934835,0.5440264546954605,0.07330880833065598,0.0,0.0,319.7187091834005,True
1776223021.413619,79.68773746490479,5.278997395830018,0.5432668671548222,0.07330880833067949,0.0,0.0,319.61477853970257,True
1776223021.48096,79.75507831573486,5.27947691471439,0.5428585741800258,0.07330880833069206,0.0,0.0,319.55881579426966,True
1776223021.546472,79.82059049606323,5.279954897779869,0.542450782895199,0.07330880833070459,0.0,0.0,319.5028529861309,True
1776223021.630966,79.90508437156677,5.280635074196352,0.5418690952708202,0.07330880833072237,0.0,0.0,319.4229060102336,True
1776223021.725039,79.99915742874146,5.2815146478932,0.5411144362749534,0.07330880833074532,0.0,0.0,319.31897475670877,True
1776223021.798136,80.07225441932678,5.281986092399939,0.540708801221814,0.0733088083307576,0.0,0.0,319.2630116891234,True
1776223021.86879,80.14290833473206,5.282523030537148,0.5402458361459088,0.07330880833077158,0.0,0.0,319.19905382609704,True
1776223021.947737,80.2218554019928,5.2832580986727935,0.5396103366578884,0.07330880833079068,0.0,0.0,319.11111164194836,True
1776223022.027252,80.30137038230896,5.283856752543586,0.5390913118247896,0.07330880833080619,0.0,0.0,319.0391588421981,True
1776223022.097371,80.37148952484131,5.284320656983281,0.5386882048547875,0.0733088083308182,0.0,0.0,318.9831954901226,True
1776223022.179621,80.45373940467834,5.285046627107642,0.5380557760365717,0.07330880833083696,0.0,0.0,318.8952529695785,True
1776223022.247511,80.5216293334961,5.28563786368532,0.5375392673403996,0.07330880833085221,0.0,0.0,318.82329989980246,True
1776223022.316959,80.59107732772827,5.286096015564428,0.53713811970571,0.07330880833086402,0.0,0.0,318.7673363408914,True
1776223022.401146,80.67526435852051,5.286682890294409,0.5366231068363055,0.07330880833087912,0.0,0.0,318.6953831175467,True
1776223022.47641,80.75052833557129,5.28726732238591,0.5361089369254088,0.07330880833089412,0.0,0.0,318.6234298098589,True
1776223022.551039,80.82515740394592,5.287913836051841,0.5355386270372544,0.07330880833091072,0.0,0.0,318.5434815930321,True
1776223022.629986,80.90410447120667,5.288493137073416,0.5350262403680571,0.07330880833092554,0.0,0.0,318.4715281119761,True
1776223022.691868,80.96598649024963,5.288877993700059,0.5346851194212272,0.0733088083309354,0.0,0.0,318.4235590801029,True
1776223022.767858,81.04197645187378,5.289453268278119,0.534174144070258,0.07330880833095008,0.0,0.0,318.35160546655123,True
1776223022.845594,81.11971235275269,5.290153115566019,0.5335507707170356,0.07330880833096792,0.0,0.0,318.26366205572094,True
1776223022.918821,81.1929395198822,5.29065984630193,0.5330982053297709,0.07330880833098083,0.0,0.0,318.1997031399601,True
1776223022.989517,81.2636353969574,5.291101686800728,0.5327027618963265,0.07330880833099206,0.0,0.0,318.143739040075,True
1776223023.059414,81.33353233337402,5.291667649254489,0.5321950915321076,0.07330880833100642,0.0,0.0,318.0717851317318,True
1776223023.150738,81.42485642433167,5.292418571258199,0.5315195240634073,0.07330880833102546,0.0,0.0,317.9758464744425,True
1776223023.220369,81.49448752403259,5.292854665594609,0.5311261439857905,0.07330880833103649,0.0,0.0,317.91988219919233,True
1776223023.310471,81.58458948135376,5.293475181809672,0.5305650696164145,0.07330880833105217,0.0,0.0,317.83993316114504,True
1776223023.387446,81.66156435012817,5.294154396690909,0.529949108507113,0.07330880833106931,0.0,0.0,317.75198912131043,True
1776223023.481737,81.75585532188416,5.294768827727537,0.5293902551935905,0.07330880833108479,0.0,0.0,317.672039906853,True
1776223023.555107,81.82922554016113,5.2952582971111966,0.5289439356260002,0.0733088083310971,0.0,0.0,317.6080804764959,True
1776223023.620853,81.89497137069702,5.295806751997036,0.5284426379017086,0.07330880833111086,0.0,0.0,317.5361260559429,True
1776223023.69373,81.96784853935242,5.29635288650884,0.5279422007491721,0.07330880833112458,0.0,0.0,317.4641715714435,True
1776223023.774594,82.04871249198914,5.296836397380375,0.5274980910424817,0.07330880833113668,0.0,0.0,317.40021197686417,True
1776223023.848698,82.12281632423401,5.29731808581832,0.5270546628838536,0.07330880833114872,0.0,0.0,317.33625233337324,True
1776223023.934605,82.20872330665588,5.29803721262027,0.5263908001782139,0.0733088083311667,0.0,0.0,317.24031277804625,True
1776223024.005495,82.27961349487305,5.298514367362972,0.5259490791459189,0.07330880833117859,0.0,0.0,317.1763530154954,True
1776223024.076036,82.35015439987183,5.298930397281306,0.5255631344324714,0.07330880833118895,0.0,0.0,317.12038818520523,True
1776223024.147358,82.42147636413574,5.2994632682178775,0.5250676902634324,0.07330880833120221,0.0,0.0,317.0484333520003,True
1776223024.226682,82.50080037117004,5.300111471433925,0.524463325909506,0.07330880833121832,0.0,0.0,316.96048847866535,True
1776223024.30404,82.57815837860107,5.300580768520044,0.5240246034644783,0.07330880833122996,0.0,0.0,316.8965285183925,True
1776223024.400815,82.67493343353271,5.301164883803549,0.5234771670995014,0.07330880833124442,0.0,0.0,316.81657850714197,True
1776223024.468141,82.74225950241089,5.301746223664487,0.5229308061658006,0.0733088083312588,0.0,0.0,316.73662842940934,True
1776223024.564347,82.83846545219421,5.302382503495526,0.5223310529567933,0.07330880833127452,0.0,0.0,316.6486832686162,True
1776223024.634608,82.90872645378113,5.302785672344077,0.521950071102372,0.07330880833128448,0.0,0.0,316.5927181259533,True
1776223024.709087,82.98320531845093,5.303302053972575,0.5214610145223522,0.0733088083312972,0.0,0.0,316.5207628972123,True
1776223024.7898,83.06391835212708,5.303930174154384,0.5208644675338628,0.07330880833131265,0.0,0.0,316.43281754958423,True
1776223024.86547,83.13958835601807,5.3043849139712425,0.5204314375478689,0.07330880833132383,0.0,0.0,316.368857250574,True
1776223024.941562,83.21568036079407,5.304837912033484,0.5199991008886429,0.07330880833133495,0.0,0.0,316.30489691333014,True
1776223025.015782,83.28990054130554,5.305401717685416,0.5194596561423804,0.07330880833134876,0.0,0.0,316.22494643889127,True
1776223025.08938,83.36349844932556,5.305906830234508,0.5189750842137476,0.07330880833136114,0.0,0.0,316.1529909625124,True
1776223025.199943,83.47406148910522,5.306521225207712,0.5183840255169898,0.07330880833137615,0.0,0.0,316.0650453179378,True
1776223025.276038,83.55015635490417,5.307132370649462,0.5177942840164301,0.07330880833139107,0.0,0.0,315.97709960613537,True
1776223025.361888,83.63600635528564,5.307740279026511,0.5172058615418562,0.07330880833140589,0.0,0.0,315.88915382850223,True
1776223025.433655,83.70777344703674,5.308125450080461,0.5168320984760847,0.07330880833141526,0.0,0.0,315.8331882999965,True
1776223025.504378,83.77849650382996,5.308564050661356,0.5164055962536624,0.07330880833142593,0.0,0.0,315.7692276644702,True
1776223025.574354,83.84847235679626,5.309109915973109,0.5158734528469641,0.07330880833143918,0.0,0.0,315.6892768235284,True
1776223025.667248,83.94136643409729,5.309707316844789,0.5152893598908557,0.07330880833145367,0.0,0.0,315.6013308398658,True
1776223025.729178,84.00329637527466,5.3100318289083495,0.5149713228329917,0.07330880833146154,0.0,0.0,315.55336027787666,True
1776223025.795918,84.0700364112854,5.310409231526876,0.5146007788945017,0.07330880833147069,0.0,0.0,315.49739459986534,True
1776223025.859654,84.13377237319946,5.310892577639298,0.5141251560633325,0.07330880833148237,0.0,0.0,315.42543869324953,True
1776223025.927888,84.20200634002686,5.31137380835391,0.513650423791513,0.07330880833149399,0.0,0.0,315.35348274800515,True
1776223026.005785,84.27990341186523,5.311799798457892,0.513229187967573,0.07330880833150427,0.0,0.0,315.2895218758913,True
1776223026.072003,84.34612131118774,5.312171176651627,0.5128611850037053,0.07330880833151322,0.0,0.0,315.233556088539,True
1776223026.134465,84.40858340263367,5.312541285822366,0.512493722340525,0.07330880833152215,0.0,0.0,315.17759027886575,True
1776223026.201833,84.47595143318176,5.313015280758503,0.5120220649875179,0.07330880833153355,0.0,0.0,315.1056342055354,True
1776223026.276465,84.55058336257935,5.313487189584232,0.511551302498936,0.07330880833154488,0.0,0.0,315.0336780964168,True
1776223026.336921,84.61103940010071,5.31380063974359,0.5112379584609353,0.07330880833155241,0.0,0.0,314.98570733742355,True
1776223026.409668,84.68378639221191,5.314217138890279,0.5108207862358061,0.0733088083315624,0.0,0.0,314.9217463014195,True
1776223026.485734,84.7598524093628,5.314787156281914,0.5102483322048843,0.07330880833157606,0.0,0.0,314.8337998328104,True
1776223026.569132,84.84325051307678,5.315251243001864,0.5097809589509893,0.07330880833158716,0.0,0.0,314.7618435939081,True
1776223026.644032,84.91815042495728,5.315662039059566,0.509366271099098,0.07330880833159699,0.0,0.0,314.6978824649678,True
1776223026.705284,84.97940254211426,5.31607121584917,0.5089522945646819,0.07330880833160676,0.0,0.0,314.63392131037403,True
1776223026.782986,85.05710434913635,5.3165804165994475,0.5084358251943151,0.07330880833161892,0.0,0.0,314.5539698316486,True
1776223026.852746,85.12686443328857,5.316935360593197,0.5080749592424637,0.07330880833162737,0.0,0.0,314.4980037734529,True
1776223026.915573,85.18969130516052,5.3172890755763556,0.507714639470461,0.07330880833163579,0.0,0.0,314.4420376965319,True
1776223026.993648,85.26776647567749,5.317842437494109,0.5071495272474879,0.07330880833164896,0.0,0.0,314.3540909669915,True
1776223027.057742,85.33186054229736,5.318242987548003,0.5067393853260553,0.07330880833165848,0.0,0.0,314.2901296810278,True
1776223027.12885,85.40296840667725,5.318592163757126,0.5063810980556991,0.07330880833166678,0.0,0.0,314.2341635367062,True
1776223027.2129,85.4870183467865,5.31903931973764,0.50592124862982,0.07330880833167738,0.0,0.0,314.16220703963376,True
1776223027.302855,85.57697343826294,5.319681678680756,0.5052586235086358,0.07330880833169261,0.0,0.0,314.0582698268866,True
1776223027.37493,85.64904832839966,5.320074908354827,0.504851796193139,0.0733088083317019,0.0,0.0,313.99430843620286,True
1776223027.444611,85.7187294960022,5.320417695925311,0.5044964116496664,0.07330880833171002,0.0,0.0,313.9383422015542,True
1776223027.511175,85.78529334068298,5.320807984620448,0.5040909320115075,0.07330880833171924,0.0,0.0,313.87438077047943,True
1776223027.58268,85.85679841041565,5.321293649073844,0.5035850945857666,0.0733088083317307,0.0,0.0,313.7944289520389,True
1776223027.657454,85.93157243728638,5.321680428794545,0.5031812351166282,0.07330880833173982,0.0,0.0,313.73046747399735,True
1776223027.725411,85.99952936172485,5.322017587364015,0.5028284495906861,0.07330880833174777,0.0,0.0,313.67450116399755,True
1776223027.810281,86.08439946174622,5.322449335039054,0.5023756801228262,0.07330880833175793,0.0,0.0,313.60254445713815,True
1776223027.874106,86.14822435379028,5.322926763238792,0.5018736752338319,0.07330880833176916,0.0,0.0,313.5225925313312,True
1776223027.950965,86.22508335113525,5.323354393010207,0.5014228368776071,0.0733088083317792,0.0,0.0,313.4506357722038,True
1776223028.021228,86.29534649848938,5.323685651634938,0.5010728181447792,0.07330880833178699,0.0,0.0,313.39466938730766,True
1776223028.096615,86.37073349952698,5.324109834753557,0.5006236090595195,0.07330880833179693,0.0,0.0,313.32271258561224,True
1776223028.177207,86.45132541656494,5.3246256599668,0.5000758220694684,0.07330880833180903,0.0,0.0,313.2347653518307,True
1776223028.272937,86.54705548286438,5.325092098978809,0.49957902484691236,0.07330880833181994,0.0,0.0,313.15481329142443,True
1776223028.341216,86.61533451080322,5.325463546446081,0.49918240455595736,0.07330880833182862,0.0,0.0,313.0908516231093,True
1776223028.418723,86.69284152984619,5.325971822228848,0.498638239355134,0.0733088083318405,0.0,0.0,313.0029043006929,True
1776223028.507156,86.78127431869507,5.32643142316629,0.4981447383083779,0.07330880833185124,0.0,0.0,312.92295216130896,True
1776223028.593991,86.86810946464539,5.326843061375454,0.4977015611179226,0.07330880833186083,0.0,0.0,312.850995213418,True
1776223028.673665,86.94778347015381,5.327343607211617,0.49716115418579054,0.0733088083318725,0.0,0.0,312.76304780433117,True
1776223028.737534,87.01165246963501,5.327660670488761,0.4968179777769507,0.07330880833187989,0.0,0.0,312.70708125532644,True
1776223028.802899,87.0770173072815,5.327976596934185,0.4964753609999527,0.07330880833188723,0.0,0.0,312.6511146941124,True
1776223028.868934,87.14305233955383,5.328336267242817,0.4960844847462043,0.0733088083318956,0.0,0.0,312.58715289512554,True
1776223028.929206,87.20332431793213,5.328739130949151,0.49564562403854834,0.07330880833190495,0.0,0.0,312.51519585275366,True
1776223029.02291,87.29702854156494,5.32918457184098,0.49515908871899095,0.07330880833191529,0.0,0.0,312.43524356085504,True
1776223029.12359,87.39770841598511,5.329671909024371,0.49462522360141237,0.07330880833192659,0.0,0.0,312.347296012813,True
1776223029.20106,87.47517848014832,5.330156482624171,0.49409274673573605,0.07330880833193781,0.0,0.0,312.25934843710326,True
1776223029.27461,87.54872846603394,5.330507170028366,0.49370636366269083,0.07330880833194592,0.0,0.0,312.19538654681054,True
1776223029.344206,87.61832451820374,5.330812830215955,0.49336888193338957,0.073308808331953,0.0,0.0,312.13941988122036,True
1776223029.41499,87.68910837173462,5.331160798307247,0.49298387871864824,0.07330880833196103,0.0,0.0,312.0754579646421,True
1776223029.478793,87.75291132926941,5.331593727581377,0.49250366083348085,0.07330880833197104,0.0,0.0,311.9955055496582,True
1776223029.550263,87.82438135147095,5.331938451237935,0.4921203161348559,0.07330880833197899,0.0,0.0,311.93154360251515,True
1776223029.619015,87.89313340187073,5.332238906793368,0.4917854949381316,0.07330880833198591,0.0,0.0,311.8755768878882,True
1776223029.68019,87.95430850982666,5.332538266026792,0.4914512391967872,0.07330880833199283,0.0,0.0,311.81961016325084,True
1776223029.744902,88.01902031898499,5.332921549857453,0.49102231330328067,0.07330880833200165,0.0,0.0,311.7476529313645,True
1776223029.812182,88.08630037307739,5.333260733476734,0.49064183174075204,0.07330880833200945,0.0,0.0,311.6836909339827,True
1776223029.890741,88.16485953330994,5.333598497127403,0.49026209043717484,0.07330880833201722,0.0,0.0,311.6197289241117,True
1776223029.957849,88.23196744918823,5.333934844776902,0.4898830899566829,0.07330880833202495,0.0,0.0,311.5557669019406,True
1776223030.026582,88.30070042610168,5.334353294115229,0.489410381994544,0.07330880833203457,0.0,0.0,311.4758143572137,True
1776223030.095992,88.37011051177979,5.33468647021677,0.48903305041769224,0.07330880833204222,0.0,0.0,311.4118523080451,True
1776223030.166644,88.44076251983643,5.334976848129187,0.48870349446743394,0.07330880833204888,0.0,0.0,311.3558855054153,True
1776223030.236165,88.51028347015381,5.335266154366025,0.4883745074744651,0.07330880833205551,0.0,0.0,311.2999186939434,True
1776223030.302129,88.57624745368958,5.335677595163113,0.48790551375745084,0.07330880833206493,0.0,0.0,311.2199660910205,True
1776223030.381405,88.65552353858948,5.336086861854417,0.48743768301077545,0.07330880833207432,0.0,0.0,311.1400134706285,True
1776223030.450984,88.72510242462158,5.336372059020665,0.48711089402939367,0.07330880833208084,0.0,0.0,311.08404662613725,True
1776223030.513768,88.78788638114929,5.336656197206642,0.4867846757945479,0.07330880833208733,0.0,0.0,311.02807977335954,True
1776223030.584712,88.85883045196533,5.3370602770424185,0.4863196405381173,0.07330880833209658,0.0,0.0,310.9481271123779,True
1776223030.676127,88.95024538040161,5.337502283828956,0.4858094492103626,0.07330880833210666,0.0,0.0,310.8601791664014,True
1776223030.748043,89.02216148376465,5.337782212012304,0.4854855175965706,0.07330880833211305,0.0,0.0,310.804212281564,True
1776223030.846336,89.12045431137085,5.33825965665797,0.48493153853043863,0.07330880833212394,0.0,0.0,310.708269032439,True
1776223030.917286,89.19140434265137,5.338655188257055,0.48447117594368266,0.07330880833213295,0.0,0.0,310.6283163078074,True
1776223030.99433,89.26844835281372,5.338970087968906,0.48410372878324553,0.07330880833214012,0.0,0.0,310.56435411716774,True
1776223031.07645,89.35056853294373,5.339322734353702,0.48369124703018007,0.07330880833214816,0.0,0.0,310.49239664127845,True
1776223031.154725,89.42884349822998,5.339751430861748,0.48318839252229595,0.0733088083321579,0.0,0.0,310.4044485990608,True
1776223031.225321,89.49943947792053,5.340061615424886,0.4828235720531718,0.07330880833216497,0.0,0.0,310.3404863755909,True
1776223031.295343,89.56946134567261,5.340331928664127,0.4825049707218174,0.0733088083321711,0.0,0.0,310.2845194226163,True
1776223031.377128,89.6512463092804,5.3407163175252945,0.48205082495245427,0.07330880833217983,0.0,0.0,310.20456662079914,True
1776223031.470027,89.74414539337158,5.341174840304827,0.4815074026900581,0.07330880833219024,0.0,0.0,310.10862324054733,True
1776223031.539934,89.81405234336853,5.34144093431384,0.4811911892281777,0.07330880833219627,0.0,0.0,310.05265625979644,True
1776223031.617888,89.89200639724731,5.341781568540216,0.48078547734050525,0.07330880833220399,0.0,0.0,309.9806987036109,True
1776223031.712621,89.98673939704895,5.342270653184838,0.4802011352070088,0.07330880833221506,0.0,0.0,309.8767599928086,True
1776223031.784623,90.05874133110046,5.342569905947529,0.47984253134444227,0.07330880833222185,0.0,0.0,309.81279769855655,True
1776223031.854108,90.12822651863098,5.342830679161774,0.4795293730076963,0.07330880833222775,0.0,0.0,309.75683068452827,True
1776223031.925499,90.19961738586426,5.34316449169078,0.4791275917697319,0.0733088083322353,0.0,0.0,309.68487308620587,True
1776223031.998814,90.27293252944946,5.343533464389082,0.47868229170286164,0.07330880833224365,0.0,0.0,309.60492018768605,True
1776223032.067489,90.34160733222961,5.34379054012544,0.4783712858420807,0.07330880833224945,0.0,0.0,309.5489531516407,True
1776223032.150532,90.42465043067932,5.344119612210991,0.4779722738914621,0.07330880833225689,0.0,0.0,309.47699552544,True
1776223032.222743,90.4968614578247,5.344483335461332,0.4775300531983176,0.0733088083322651,0.0,0.0,309.39704259650074,True
1776223032.297797,90.5719153881073,5.344808970919832,0.47713306866527044,0.07330880833227243,0.0,0.0,309.32508495078486,True
1776223032.382299,90.65641736984253,5.345097064668134,0.476781000636134,0.07330880833227894,0.0,0.0,309.2611225914772,True
1776223032.4711,90.74521851539612,5.345455387612633,0.47634198460298666,0.07330880833228702,0.0,0.0,309.1811696325069,True
1776223032.539123,90.813241481781,5.345811723563668,0.4759041572312304,0.07330880833229506,0.0,0.0,309.1012166628011,True
1776223032.612179,90.88629746437073,5.346130732876217,0.47551112967733644,0.07330880833230223,0.0,0.0,309.02925898105485,True
1776223032.682959,90.95707750320435,5.3463777457549,0.4752061081908638,0.0733088083323078,0.0,0.0,308.9732918894471,True
1776223032.750742,91.02486038208008,5.346658865122452,0.4748582268781419,0.07330880833231412,0.0,0.0,308.9093294929129,True
1776223032.834862,91.10898041725159,5.347043353579316,0.47438113563005757,0.07330880833232277,0.0,0.0,308.8213811871849,True
1776223032.911945,91.18606352806091,5.34735617478759,0.4739918617459385,0.0733088083323298,0.0,0.0,308.74942347362054,True
1776223032.997293,91.2714114189148,5.347667417226395,0.4736035547284107,0.0733088083323368,0.0,0.0,308.6774657522123,True
1776223033.061522,91.33564043045044,5.347977085967137,0.47321621524038776,0.07330880833234375,0.0,0.0,308.60550802309376,True
1776223033.13339,91.4075083732605,5.348285186068717,0.47282984394128363,0.07330880833235068,0.0,0.0,308.5335502863964,True
1776223033.221873,91.49599146842957,5.348591722577599,0.47244444148701126,0.07330880833235756,0.0,0.0,308.46159254224926,True
1776223033.293594,91.56771230697632,5.348896700527888,0.4720600085299778,0.07330880833236439,0.0,0.0,308.38963479077927,True
1776223033.366477,91.64059543609619,5.349233743085506,0.4716339986537273,0.07330880833237195,0.0,0.0,308.30968172515355,True
1776223033.437208,91.71132636070251,5.349502000827688,0.47129405369971533,0.07330880833237796,0.0,0.0,308.2457192663677,True
1776223033.516034,91.79015231132507,5.349769038990949,0.47095487629807,0.07330880833238396,0.0,0.0,308.1817568020865,True
1776223033.594148,91.86826634407043,5.350101126996269,0.47053198459954676,0.0733088083323914,0.0,0.0,308.10180371413435,True
1776223033.66137,91.93548846244812,5.350398387237187,0.4701524087919437,0.07330880833239806,0.0,0.0,308.0298459278795,True
1776223033.739433,92.01355147361755,5.350661335131097,0.4698158251777141,0.07330880833240394,0.0,0.0,307.9658834456597,True
1776223033.808814,92.082932472229,5.350890426506061,0.46952194572925454,0.07330880833240906,0.0,0.0,307.9099162694983,True
1776223033.874744,92.14886236190796,5.351183621447142,0.46914496688278234,0.07330880833241563,0.0,0.0,307.837958465878,True
1776223033.942631,92.21674942970276,5.351475300950728,0.4687689630404975,0.07330880833242215,0.0,0.0,307.7660006559481,True
1776223034.011592,92.28571033477783,5.351701118225672,0.4684771900805559,0.0733088083324272,0.0,0.0,307.71003346615373,True
1776223034.077495,92.35161352157593,5.351926024038941,0.46818600760158513,0.07330880833243224,0.0,0.0,307.6540662726574,True
1776223034.157142,92.43126034736633,5.352277611477492,0.467729628839899,0.07330880833244009,0.0,0.0,307.56611781837273,True
1776223034.25014,92.52425837516785,5.352626962776922,0.4672747100277229,0.0733088083324479,0.0,0.0,307.47816935525503,True
1776223034.34601,92.62012839317322,5.352942621903282,0.4668624152985805,0.07330880833245496,0.0,0.0,307.3982161994556,True
1776223034.435911,92.7100293636322,5.353318992521942,0.4663692566595539,0.07330880833246337,0.0,0.0,307.30227240325064,True
1776223034.500132,92.77425050735474,5.353568444717837,0.46604145157639704,0.07330880833246893,0.0,0.0,307.2383098669498,True
1776223034.586021,92.8601393699646,5.35384768573514,0.4656735964804716,0.07330880833247516,0.0,0.0,307.16635200845076,True
1776223034.650255,92.9243733882904,5.354094665763346,0.4653474374063566,0.07330880833248068,0.0,0.0,307.10238946304776,True
1776223034.731356,93.00547432899475,5.354432373050299,0.4649002345784752,0.0733088083324882,0.0,0.0,307.0144409563027,True
1776223034.799759,93.07387733459473,5.3546461417055555,0.46461641457006275,0.07330880833249298,0.0,0.0,306.9584737206961,True
1776223034.891891,93.16600942611694,5.354949998037406,0.46421198831101296,0.07330880833249975,0.0,0.0,306.87852052161577,True
1776223034.961085,93.23520350456238,5.355252063255058,0.4638087755798072,0.0733088083325065,0.0,0.0,306.7985673163406,True
1776223035.050546,93.32466435432434,5.355552343897795,0.463406777159441,0.07330880833251319,0.0,0.0,306.718614104988,True
1776223035.119375,93.39349341392517,5.355761482019233,0.4631261011967305,0.07330880833251785,0.0,0.0,306.66264685348676,True
1776223035.199951,93.47406935691833,5.356058743845541,0.462726168886347,0.07330880833252447,0.0,0.0,306.582693632065,True
1776223035.272699,93.54681754112244,5.356354238670736,0.4623274529736717,0.07330880833253105,0.0,0.0,306.50274040487113,True
1776223035.339874,93.61399245262146,5.356560037152665,0.46204907600014483,0.07330880833253563,0.0,0.0,306.4467731424596,True
1776223035.413999,93.68811750411987,5.356794181949017,0.46173166151753653,0.07330880833254085,0.0,0.0,306.3828105534959,True
1776223035.476182,93.75030040740967,5.3570272062113915,0.4614150267435206,0.07330880833254604,0.0,0.0,306.3188479610102,True
1776223035.546499,93.82061743736267,5.357288023223527,0.4610597450960257,0.07330880833255185,0.0,0.0,306.2468900403204,True
1776223035.624768,93.89888644218445,5.3575186772910355,0.46074476847446555,0.07330880833255697,0.0,0.0,306.18292744052684,True
1776223035.691187,93.96530532836914,5.35774822110688,0.4604305727535692,0.07330880833256209,0.0,0.0,306.11896483737553,True
1776223035.763775,94.03789353370667,5.358033594576904,0.46003892681787656,0.07330880833256843,0.0,0.0,306.03901157879193,True
1776223035.835952,94.11007046699524,5.35826065229806,0.4597264894978492,0.07330880833257349,0.0,0.0,305.9750489682705,True
1776223035.915745,94.18986344337463,5.358486610394148,0.4594148342949774,0.07330880833257852,0.0,0.0,305.911086354554,True
1776223035.997626,94.2717444896698,5.3587955132748535,0.45898758612009516,0.07330880833258538,0.0,0.0,305.82313775556537,True
1776223036.088024,94.36214232444763,5.3591023517772465,0.45856181828744697,0.0733088083325922,0.0,0.0,305.73518915075107,True
1776223036.160601,94.43471932411194,5.359296541655485,0.4582916463109174,0.07330880833259654,0.0,0.0,305.67922185380064,True
1776223036.230382,94.50450038909912,5.359517456241348,0.4579836131711963,0.07330880833260145,0.0,0.0,305.61525922592494,True
1776223036.327235,94.60135340690613,5.359874137469645,0.4574847319577433,0.07330880833260937,0.0,0.0,305.5113199493933,True
1776223036.394204,94.66832232475281,5.36006501866244,0.4572169618299499,0.07330880833261363,0.0,0.0,305.45535264350497,True
1776223036.458927,94.73304533958435,5.360255078071001,0.45694979275937353,0.07330880833261785,0.0,0.0,305.3993853354559,True
1776223036.563894,94.83801245689392,5.360632740122355,0.45641725872999256,0.07330880833262625,0.0,0.0,305.28745071298994,True
1776223036.644087,94.91820549964905,5.360873799569478,0.45607618637126246,0.0733088083326316,0.0,0.0,305.21549273700583,True
1776223036.713115,94.98723340034485,5.361060361326413,0.4558115959095562,0.07330880833263576,0.0,0.0,305.1595254200166,True
1776223036.780629,95.05474734306335,5.36129903584148,0.4554722931970828,0.07330880833264106,0.0,0.0,305.08756743807567,True
1776223036.847202,95.12132048606873,5.361510069884836,0.45517152700377195,0.07330880833264575,0.0,0.0,305.02360478471326,True
1776223036.933171,95.20728945732117,5.361746226073023,0.4548341062191732,0.07330880833265101,0.0,0.0,304.9516467966395,True
1776223037.001535,95.27565336227417,5.361955028755255,0.4545350136114452,0.07330880833265566,0.0,0.0,304.8876841379134,True
1776223037.083768,95.35788631439209,5.362266274174242,0.4540878524755737,0.07330880833266257,0.0,0.0,304.79174014521516,True
1776223037.171111,95.44522953033447,5.362498171458485,0.453753645961549,0.07330880833266773,0.0,0.0,304.71978214712806,True
1776223037.255756,95.52987432479858,5.362728756475778,0.45342043796985154,0.07330880833267285,0.0,0.0,304.6478241460445,True
1776223037.331113,95.6052315235138,5.362983428403148,0.4530513785369658,0.07330880833267851,0.0,0.0,304.5678708080548,True
1776223037.407978,95.68209648132324,5.363236491872966,0.45268355304808217,0.07330880833268413,0.0,0.0,304.48791746649755,True
1776223037.477773,95.75189137458801,5.363412682535699,0.452426809736788,0.07330880833268806,0.0,0.0,304.43195012532084,True
1776223037.548708,95.82282638549805,5.363613084555569,0.45213412982269374,0.07330880833269252,0.0,0.0,304.36798744761944,True
1776223037.627919,95.90203738212585,5.3638869730329795,0.451732986094952,0.07330880833269861,0.0,0.0,304.2800387622325,True
1776223037.69094,95.96505832672119,5.3640602656528955,0.4514784915456836,0.07330880833270247,0.0,0.0,304.2240714148826,True
1776223037.768096,96.04221439361572,5.364257365081719,0.45118838259633465,0.07330880833270684,0.0,0.0,304.1601087302264,True
1776223037.835937,96.11005544662476,5.3644778953034775,0.45086295639976,0.07330880833271175,0.0,0.0,304.08815070751376,True
1776223037.907525,96.18164348602295,5.364697152142455,0.4505385326615132,0.07330880833271662,0.0,0.0,304.01619268222424,True
1776223037.983539,96.25765752792358,5.364890981643228,0.4502509979233386,0.07330880833272094,0.0,0.0,303.95222999095,True
1776223038.055654,96.32977247238159,5.365083811553777,0.44996425589109257,0.07330880833272524,0.0,0.0,303.8882672977047,True
1776223038.128986,96.40310430526733,5.365323447942538,0.4496069435466657,0.07330880833273057,0.0,0.0,303.80831392842174,True
1776223038.205338,96.47945642471313,5.365537794345311,0.44928642231606053,0.07330880833273534,0.0,0.0,303.73635589352114,True
1776223038.27726,96.55137848854065,5.3657036423927895,0.4490378224928678,0.07330880833273903,0.0,0.0,303.68038853140274,True
1776223038.353145,96.62726330757141,5.36591576597255,0.44871908737509986,0.07330880833274375,0.0,0.0,303.60843049231784,True
1776223038.430896,96.70501446723938,5.366173338752965,0.44833088743823396,0.07330880833274948,0.0,0.0,303.52048177476405,True
1776223038.49544,96.76955842971802,5.366336284519343,0.448084633321666,0.0733088083327531,0.0,0.0,303.4645144072932,True
1776223038.564375,96.83849334716797,5.366498482782983,0.447838987813545,0.07330880833275673,0.0,0.0,303.40854703847924,True
1776223038.633103,96.90722131729126,5.366705928299938,0.44752405245827076,0.07330880833276135,0.0,0.0,303.33658899091625,True
1776223038.724729,96.99884748458862,5.366980612823563,0.447105704810246,0.07330880833276747,0.0,0.0,303.24064492415533,True
1776223038.796704,97.0708224773407,5.3671398413267095,0.4468624955995306,0.07330880833277101,0.0,0.0,303.1846775501445,True
1776223038.860866,97.13498449325562,5.367298332436763,0.44661989592230433,0.07330880833277455,0.0,0.0,303.12871017487737,True
1776223038.940094,97.21421241760254,5.367523473146364,0.44627438266728797,0.07330880833277956,0.0,0.0,303.0487567794921,True
1776223039.010901,97.2850193977356,5.367724821461575,0.44596448505920144,0.07330880833278405,0.0,0.0,302.9767987215218,True
1776223039.087476,97.36159443855286,5.367902784640821,0.44568986731334453,0.07330880833278802,0.0,0.0,302.9128360016658,True
1776223039.166209,97.44032740592957,5.368101857346795,0.44538187533308343,0.07330880833279246,0.0,0.0,302.8408779399908,True
1776223039.25354,97.52765846252441,5.368365423866688,0.4449727895975814,0.07330880833279835,0.0,0.0,302.74493385478706,True
1776223039.318831,97.59294939041138,5.3685181909613995,0.44473498530032185,0.07330880833280175,0.0,0.0,302.6889664702115,True
1776223039.389295,97.66341352462769,5.368670238382893,0.4444977920919856,0.07330880833280515,0.0,0.0,302.63299908451984,True
1776223039.456729,97.73084735870361,5.368843128179262,0.44422746262837265,0.073308808332809,0.0,0.0,302.5690363566673,True
1776223039.522276,97.79639434814453,5.36905792673106,0.44389067389785014,0.07330880833281381,0.0,0.0,302.48908294486216,True
1776223039.605096,97.87921452522278,5.369250001857641,0.443588631356061,0.0733088083328181,0.0,0.0,302.4171248723796,True
1776223039.675389,97.94950747489929,5.36939858191537,0.44335440867173054,0.07330880833282141,0.0,0.0,302.36115748147404,True
1776223039.759096,98.03321433067322,5.369609611318548,0.44302086661172324,0.07330880833282613,0.0,0.0,302.28120406410767,True
1776223039.841042,98.11516046524048,5.369840081451653,0.44265541361447525,0.0733088083328313,0.0,0.0,302.19325530261943,True
1776223039.937392,98.21151041984558,5.3700480948649965,0.4423244961811433,0.07330880833283593,0.0,0.0,302.1133018809586,True
1776223040.007153,98.28127145767212,5.370213477647376,0.4420606625964148,0.07330880833283963,0.0,0.0,302.04933914219873,True
1776223040.076322,98.35044050216675,5.3704189259786554,0.44173199644697825,0.07330880833284423,0.0,0.0,301.9693857169915,True
1776223040.145812,98.41993045806885,5.3705822640769005,0.4414699644709901,0.07330880833284789,0.0,0.0,301.9054229754429,True
1776223040.235767,98.50988531112671,5.370764938995629,0.4411761360542574,0.07330880833285199,0.0,0.0,301.8334648897564,True
1776223040.326119,98.60023736953735,5.371006732906414,0.4407859425139496,0.0733088083328574,0.0,0.0,301.7375207731725,True
1776223040.399348,98.6734664440155,5.371186754199556,0.4404944810267087,0.07330880833286144,0.0,0.0,301.66556268401627,True
1776223040.472007,98.74612545967102,5.371325989036316,0.44026849041379845,0.07330880833286456,0.0,0.0,301.6095952803389,True
1776223040.53611,98.81022834777832,5.3714645419812195,0.44004311390669143,0.07330880833286767,0.0,0.0,301.553627875799,True
1776223040.604799,98.87891745567322,5.371661295711768,0.43972221303584014,0.07330880833287208,0.0,0.0,301.47367443926856,True
1776223040.676618,98.95073652267456,5.371837192247639,0.439434474392114,0.07330880833287602,0.0,0.0,301.4017163449332,True
1776223040.747511,99.0216293334961,5.371973229327073,0.4392113800864911,0.07330880833287909,0.0,0.0,301.3457489372888,True
1776223040.826091,99.1002094745636,5.372147145782173,0.438925447899025,0.07330880833288299,0.0,0.0,301.27379084055747,True
1776223040.897042,99.17116045951843,5.3723390867998475,0.4386089377122156,0.0733088083328873,0.0,0.0,301.1938373982024,True
1776223040.977359,99.25147747993469,5.372510668626907,0.43832515187516335,0.07330880833289116,0.0,0.0,301.12187929871936,True
1776223041.071728,99.34584641456604,5.372700025669764,0.43801102722226354,0.07330880833289541,0.0,0.0,301.0419258533617,True
1776223041.16532,99.4394383430481,5.37294416952433,0.4376045430950036,0.0733088083329009,0.0,0.0,300.9379863721032,True
1776223041.239942,99.51406049728394,5.373093281555148,0.4373554544940442,0.07330880833290426,0.0,0.0,300.8740236131421,True
1776223041.30993,99.58404850959778,5.373223050829667,0.43713816182185333,0.07330880833290719,0.0,0.0,300.81805619827537,True
1776223041.379097,99.6532154083252,5.373388935074187,0.4368596906800639,0.07330880833291092,0.0,0.0,300.74609809239905,True
1776223041.455306,99.72942447662354,5.373553740828565,0.43658223807475893,0.07330880833291464,0.0,0.0,300.67413998536256,True
1776223041.529713,99.80383133888245,5.3736993326768,0.4363364688124946,0.07330880833291792,0.0,0.0,300.6101772225944,True
1776223041.603842,99.8779604434967,5.373880132907464,0.43603038949916645,0.073308808332922,0.0,0.0,300.53022376788783,True
1776223041.672702,99.94682049751282,5.374023824850369,0.43578643207408424,0.07330880833292525,0.0,0.0,300.466261003142,True
1776223041.741956,100.0160744190216,5.37414886626957,0.4355736301187333,0.07330880833292808,0.0,0.0,300.4102935832855,True
1776223041.834993,100.10911130905151,5.374361732414026,0.4352102619699266,0.07330880833293288,0.0,0.0,300.3143494334582,True
1776223041.935168,100.20928645133972,5.374572723844113,0.4348487071962619,0.07330880833293765,0.0,0.0,300.2184052817703,True
1776223041.997168,100.27128648757935,5.374677519481255,0.43466860999890516,0.07330880833294003,0.0,0.0,300.1704332052418,True
1776223042.063913,100.33803153038025,5.374816523628124,0.43442918593764634,0.07330880833294318,0.0,0.0,300.1064704358391,True
1776223042.143913,100.4180314540863,5.375006309194901,0.4341012947033619,0.07330880833294748,0.0,0.0,300.01852162662817,True
1776223042.220639,100.49475741386414,5.375143360485706,0.4338637862696712,0.07330880833295057,0.0,0.0,299.9545588553762,True
1776223042.302269,100.57638740539551,5.375296566060064,0.4335975537173131,0.07330880833295406,0.0,0.0,299.88260073681147,True
1776223042.373014,100.647132396698,5.375465585662785,0.43330293768797556,0.07330880833295789,0.0,0.0,299.80264727063303,True
1776223042.462096,100.73621439933777,5.3756333380370895,0.43300958290515795,0.07330880833296169,0.0,0.0,299.7226938033113,True
1776223042.530711,100.80482935905457,5.375750013577387,0.43280498515145355,0.07330880833296434,0.0,0.0,299.6667263755174,True
1776223042.611236,100.88535451889038,5.375882602302097,0.4325719161889382,0.07330880833296735,0.0,0.0,299.6027636002321,True
1776223042.689994,100.9641125202179,5.376063602128468,0.43225276512854505,0.07330880833297147,0.0,0.0,299.51481478307784,True
1776223042.763012,101.03713035583496,5.376226836917701,0.43196395314731545,0.07330880833297518,0.0,0.0,299.4348613118162,True
1776223042.848903,101.12302136421204,5.376372685665308,0.43170510180048777,0.07330880833297851,0.0,0.0,299.36290318678465,True
1776223042.923675,101.19779348373413,5.376501487178859,0.431475870371578,0.07330880833298145,0.0,0.0,299.29894040827855,True
1776223043.000946,101.27506446838379,5.376677300772545,0.4311619969574661,0.07330880833298545,0.0,0.0,299.2109915867752,True
1776223043.070879,101.34499740600586,5.376804231754738,0.4309346854079513,0.07330880833298835,0.0,0.0,299.1470288067441,True
1776223043.141048,101.41516637802124,5.376914653959239,0.4307364510872829,0.07330880833299086,0.0,0.0,299.0910613737033,True
1776223043.212187,101.48630547523499,5.377040119022101,0.4305106557274818,0.07330880833299373,0.0,0.0,299.0270985925069,True
1776223043.287373,101.5614914894104,5.377211363818283,0.43020150776234395,0.07330880833299765,0.0,0.0,298.9391497673709,True
1776223043.391632,101.66575050354004,5.377381144858599,0.429893889251338,0.07330880833300153,0.0,0.0,298.85120094110925,True
1776223043.462697,101.73681545257568,5.377503706596798,0.4296711275153578,0.07330880833300434,0.0,0.0,298.7872381576798,True
1776223043.533328,101.80744647979736,5.377655829336859,0.42939381334348425,0.07330880833300782,0.0,0.0,298.70728467758653,True
1776223043.601839,101.87595748901367,5.3777766672564935,0.4291728725358887,0.0733088083330106,0.0,0.0,298.6433218928774,True
1776223043.670679,101.94479751586914,5.377881775445917,0.42898021334733255,0.07330880833301301,0.0,0.0,298.5873544558015,True
1776223043.740025,102.01414346694946,5.378001187222218,0.42876079038782,0.07330880833301576,0.0,0.0,298.52339167005914,True
1776223043.807141,102.08125948905945,5.378134621033866,0.4285149073655932,0.07330880833301881,0.0,0.0,298.45143353545484,True
1776223043.885066,102.15918445587158,5.37826710086696,0.4282700492148452,0.07330880833302186,0.0,0.0,298.3794754001799,True
1776223043.955728,102.22984647750854,5.378369483625889,0.4280803126267111,0.07330880833302422,0.0,0.0,298.32350796117635,True
1776223044.030752,102.30487036705017,5.378500276862979,0.427837276802693,0.07330880833302723,0.0,0.0,298.2515498247371,True
1776223044.093537,102.36765551567078,5.378630126646959,0.4275952662180522,0.07330880833303022,0.0,0.0,298.17959168765844,True
1776223044.170192,102.44431042671204,5.378759036754978,0.4273542809979768,0.07330880833303319,0.0,0.0,298.1076335499512,True
1776223044.239115,102.51323342323303,5.37885865293391,0.42716755702086484,0.07330880833303549,0.0,0.0,298.0516661090846,True
1776223044.314069,102.58818745613098,5.3789859018135155,0.4269283949682833,0.07330880833303843,0.0,0.0,297.97970797028626,True
1776223044.403128,102.67724633216858,5.379154122186547,0.42661110777184996,0.07330880833304232,0.0,0.0,297.88376378429155,True
1776223044.480715,102.75483345985413,5.379265355749414,0.42640059613253695,0.07330880833304489,0.0,0.0,297.81980099304843,True
1776223044.555107,102.82922554016113,5.3793758616997875,0.4261908951068645,0.07330880833304744,0.0,0.0,297.75583820134955,True
1776223044.625004,102.89912247657776,5.379512974933827,0.42592990885945137,0.07330880833305062,0.0,0.0,297.6758847110956,True
1776223044.696307,102.97042536735535,5.37963541254166,0.42569610437354416,0.07330880833305346,0.0,0.0,297.6039265692785,True
1776223044.780792,103.05491042137146,5.379756940464854,0.4254633261152056,0.07330880833305628,0.0,0.0,297.53196842691347,True
1776223044.870832,103.14495038986206,5.379904244646048,0.42518021312913973,0.07330880833305971,0.0,0.0,297.44401958551487,True
1776223044.955427,103.22954535484314,5.3800502022551715,0.4248986334421791,0.0733088083330631,0.0,0.0,297.35607074332853,True
1776223045.02897,103.30308842658997,5.380129250353949,0.4247456908421718,0.07330880833306494,0.0,0.0,297.3080986472644,True
1776223045.100976,103.37509441375732,5.380234029639802,0.42454247711043547,0.07330880833306738,0.0,0.0,297.2441358521597,True
1776223045.180752,103.4548704624176,5.38037695200578,0.42426438273420375,0.07330880833307071,0.0,0.0,297.1561870082435,True
1776223045.256749,103.53086733818054,5.3804929030382525,0.42403799177522367,0.07330880833307342,0.0,0.0,297.08422886267346,True
1776223045.330382,103.60450053215027,5.380582476553381,0.4238626197977398,0.07330880833307551,0.0,0.0,297.0282614157841,True
1776223045.405114,103.6792323589325,5.380684194469685,0.42366295530739545,0.07330880833307789,0.0,0.0,296.9642986189855,True
1776223045.475716,103.7498345375061,5.380810367920358,0.4234145156958771,0.07330880833308083,0.0,0.0,296.8843451224656,True
1776223045.567646,103.84176445007324,5.380947914435748,0.4231426964935955,0.07330880833308406,0.0,0.0,296.7963962756363,True
1776223045.671131,103.94524931907654,5.381084163898967,0.42287241148455124,0.07330880833308726,0.0,0.0,296.7084474281322,True
1776223045.750369,104.02448749542236,5.381206907118405,0.42262802923663567,0.07330880833309013,0.0,0.0,296.62849392982736,True
1776223045.826911,104.10102939605713,5.381328588907032,0.4223849150455344,0.073308808333093,0.0,0.0,296.5485404309868,True
1776223045.89371,104.16782832145691,5.381413137281459,0.4222154896336489,0.07330880833309499,0.0,0.0,296.492572981485,True
1776223045.984805,104.25892353057861,5.381533026090201,0.42197453125529677,0.0733088083330978,0.0,0.0,296.4126194817568,True
1776223046.056091,104.33020949363708,5.381651866926826,0.4217348410605822,0.0733088083331006,0.0,0.0,296.3326659815196,True
1776223046.126912,104.40103054046631,5.381746188395172,0.4215440020214434,0.07330880833310283,0.0,0.0,296.26870318096996,True
1776223046.197579,104.47169733047485,5.381828174099706,0.4213776836900381,0.07330880833310477,0.0,0.0,296.2127357302308,True
1776223046.282647,104.55676531791687,5.3819444167228765,0.4211411640991257,0.07330880833310752,0.0,0.0,296.1327822287632,True
1776223046.37752,104.65163850784302,5.382093992091817,0.42083558471777194,0.07330880833311106,0.0,0.0,296.0288426761451,True
1776223046.449087,104.72320532798767,5.382173815041352,0.42067192978423323,0.07330880833311294,0.0,0.0,295.97287522440905,True
1776223046.53878,104.81289839744568,5.382286980602879,0.4204392150849688,0.07330880833311564,0.0,0.0,295.8929217215404,True
1776223046.617385,104.89150333404541,5.382399130328893,0.42020776869776166,0.07330880833311829,0.0,0.0,295.8129682182223,True
1776223046.689753,104.96387147903442,5.382488122008872,0.42002352477122584,0.07330880833312041,0.0,0.0,295.7490054152498,True
1776223046.769095,105.04321336746216,5.382587467417995,0.4198172206057912,0.07330880833312278,0.0,0.0,295.6770472615739,True
1776223046.83211,105.10622835159302,5.382686000725606,0.4196119437568029,0.07330880833312513,0.0,0.0,295.6050891075521,True
1776223046.904868,105.17898631095886,5.382772907004801,0.4194303378744663,0.0733088083331272,0.0,0.0,295.5411263036917,True
1776223046.992283,105.26640152931213,5.382869916061666,0.4192270014728034,0.07330880833312951,0.0,0.0,295.4691681490327,True
1776223047.059025,105.33314347267151,5.382966123296983,0.4190246923386876,0.07330880833313182,0.0,0.0,295.39720999404483,True
1776223047.132688,105.40680646896362,5.383061532258322,0.4188234104476182,0.0733088083331341,0.0,0.0,295.3252518387335,True
1776223047.202566,105.47668433189392,5.383135189602725,0.41866756804035865,0.07330880833313586,0.0,0.0,295.2692843843823,True
1776223047.280561,105.55467939376831,5.383229188152441,0.4184681122865362,0.07330880833313812,0.0,0.0,295.1973262285095,True
1776223047.360404,105.63452243804932,5.3833430048906905,0.4182257279292186,0.07330880833314085,0.0,0.0,295.1093773709134,True
1776223047.437532,105.71165037155151,5.383435256120634,0.4180285546873696,0.07330880833314307,0.0,0.0,295.0374192143625,True
1776223047.509047,105.7831654548645,5.383506467209728,0.41787590779147915,0.07330880833314478,0.0,0.0,294.9814517590619,True
1776223047.599509,105.87362742424011,5.383617420236812,0.41763728934196614,0.07330880833314746,0.0,0.0,294.8935029003753,True
1776223047.668666,105.9427843093872,5.3837073401463575,0.41744319713870903,0.07330880833314962,0.0,0.0,294.82154474294913,True
1776223047.744597,106.01871538162231,5.383786622348543,0.417271532832109,0.07330880833315154,0.0,0.0,294.7575819361112,True
1776223047.835307,106.10942530632019,5.383884873185672,0.417058093392545,0.07330880833315392,0.0,0.0,294.6776284272558,True
1776223047.90015,106.1742684841156,5.383972493306049,0.41686708172650505,0.07330880833315605,0.0,0.0,294.6056702689982,True
1776223047.974947,106.24906539916992,5.384059353811614,0.41667709677655923,0.07330880833315814,0.0,0.0,294.53371211047295,True
1776223048.047011,106.321129322052,5.384126389045853,0.4165300404872637,0.07330880833315978,0.0,0.0,294.47774465366,True
1776223048.124811,106.39892935752869,5.384211907718631,0.41634188063173355,0.07330880833316186,0.0,0.0,294.40578649467,True
1776223048.20498,106.47909832000732,5.384315412430354,0.41611330149037973,0.07330880833316437,0.0,0.0,294.317837633336,True
1776223048.27137,106.54548835754395,5.384380698661625,0.4159686403633312,0.07330880833316597,0.0,0.0,294.2618701759286,True
1776223048.35519,106.62930846214294,5.384463977860239,0.4157835597821515,0.073308808333168,0.0,0.0,294.1899120161859,True
1776223048.449894,106.72401237487793,5.384546517486973,0.4155995054509265,0.07330880833317002,0.0,0.0,294.1179538562006,True
1776223048.517188,106.7913064956665,5.384637364981288,0.4153962041505589,0.07330880833317224,0.0,0.0,294.0380003448266,True
1776223048.588737,106.86285543441772,5.384736253211193,0.4151740357817817,0.07330880833317466,0.0,0.0,293.9500514819822,True
1776223048.665931,106.94004940986633,5.384816352491682,0.41499340158331566,0.07330880833317663,0.0,0.0,293.87809332121833,True
1776223048.747744,107.02186250686646,5.384904501935749,0.4147939000294839,0.0733088083331788,0.0,0.0,293.79813980899485,True
1776223048.817918,107.092036485672,5.384974380512049,0.4146352105193317,0.07330880833318051,0.0,0.0,293.7341769990195,True
1776223048.888276,107.1623945236206,5.385043691933545,0.4144773313510703,0.07330880833318222,0.0,0.0,293.67021418887236,True
1776223048.960823,107.23494148254395,5.385129537305629,0.4142811218069763,0.07330880833318434,0.0,0.0,293.59026067595084,True
1776223049.027528,107.30164647102356,5.385189106528045,0.4141445283236341,0.07330880833318582,0.0,0.0,293.5342932167513,True
1776223049.093858,107.36797642707825,5.385248247257656,0.41400855505294787,0.07330880833318729,0.0,0.0,293.4783257574261,True
1776223049.159645,107.43376350402832,5.3853236582935855,0.4138346435112397,0.07330880833318915,0.0,0.0,293.4063675952551,True
1776223049.226501,107.5006194114685,5.3853901006527485,0.4136809159857994,0.0733088083331908,0.0,0.0,293.3424047842676,True
1776223049.333488,107.60760641098022,5.385480557249056,0.4134708628594597,0.07330880833319305,0.0,0.0,293.25445591890485,True
1776223049.407399,107.6815173625946,5.385545691300483,0.4133190584329139,0.07330880833319467,0.0,0.0,293.19049310754957,True
1776223049.475238,107.749356508255,5.3856263401294555,0.41313044132611265,0.07330880833319668,0.0,0.0,293.1105395931437,True
1776223049.555312,107.82943034172058,5.38570613913284,0.4129430889469863,0.07330880833319867,0.0,0.0,293.0305860785065,True
1776223049.625758,107.89987635612488,5.385761495266666,0.4128126946824468,0.07330880833320005,0.0,0.0,292.9746186181252,True
1776223049.690658,107.9647765159607,5.385816438837538,0.41268291995806916,0.07330880833320143,0.0,0.0,292.91865115763414,True
1776223049.762724,108.0368423461914,5.385894217119917,0.41249860205790867,0.07330880833320338,0.0,0.0,292.8386976424596,True
1776223049.827704,108.10182237625122,5.385963504263522,0.4123337966656204,0.07330880833320512,0.0,0.0,292.766739478617,True
1776223049.892242,108.16636037826538,5.386016929299529,0.4122063224210917,0.07330880833320647,0.0,0.0,292.7107720177311,True
1776223049.973045,108.24716353416443,5.386077490512491,0.412061395736835,0.07330880833320799,0.0,0.0,292.64680920516406,True
1776223050.047184,108.32130241394043,5.38615245151299,0.4118813744517658,0.07330880833320988,0.0,0.0,292.56685568926906,True
1776223050.122535,108.39665341377258,5.386226593993949,0.41170261634957195,0.07330880833321175,0.0,0.0,292.486902173171,True
1776223050.211695,108.48581337928772,5.386292626173036,0.4115428138720182,0.07330880833321343,0.0,0.0,292.4149440085123,True
1776223050.281968,108.55608654022217,5.38635077065168,0.4114016258684542,0.0733088083332149,0.0,0.0,292.35098119534894,True
1776223050.352945,108.62706351280212,5.386422725954558,0.4112262770916798,0.07330880833321672,0.0,0.0,292.2710276787214,True
1776223050.422564,108.69668245315552,5.38647971280175,0.41108690688598193,0.07330880833321818,0.0,0.0,292.2070648652829,True
1776223050.493796,108.76791453361511,5.386529157265087,0.41096562051528074,0.07330880833321943,0.0,0.0,292.1510974034263,True
1776223050.590675,108.86479353904724,5.386619950612265,0.4107420146847478,0.07330880833322174,0.0,0.0,292.04715783116876,True
1776223050.660452,108.9345703125,5.386682025910621,0.41058845951874906,0.07330880833322333,0.0,0.0,291.9751996655816,True
1776223050.731421,109.00553941726685,5.3867298670117485,0.4104697339987284,0.07330880833322456,0.0,0.0,291.9192322033594,True
1776223050.856535,109.13065338134766,5.3867975473894525,0.41030119792201364,0.0733088083332263,0.0,0.0,291.8392786857515,True
1776223050.928962,109.20308041572571,5.386864450589713,0.4101339225275287,0.073308808333228,0.0,0.0,291.75932516797275,True
1776223051.016035,109.29015350341797,5.386943714898365,0.409934855724733,0.07330880833323006,0.0,0.0,291.66338094641753,True
1776223051.098916,109.37303447723389,5.387021874328874,0.4097376033261787,0.07330880833323207,0.0,0.0,291.56743672462653,True
1776223051.174696,109.44881439208984,5.387073370624991,0.40960710945791606,0.0733088083332334,0.0,0.0,291.5034739099709,True
1776223051.2536,109.52771830558777,5.38712438160517,0.40947742158058137,0.07330880833323472,0.0,0.0,291.4395110952144,True
1776223051.34376,109.61787843704224,5.3871999931186965,0.40928440062768096,0.07330880833323668,0.0,0.0,291.343566872894,True
1776223051.41409,109.68820834159851,5.387255993180969,0.4091408244109391,0.07330880833323813,0.0,0.0,291.27160870601,True
1776223051.481531,109.75564932823181,5.387299131221174,0.40902985872946723,0.07330880833323926,0.0,0.0,291.2156412427945,True
1776223051.558583,109.83270144462585,5.3873479865865495,0.40890379568712243,0.07330880833324054,0.0,0.0,291.15167842760275,True
1776223051.650411,109.92452931404114,5.387426369272293,0.40870066014515916,0.07330880833324258,0.0,0.0,291.04773885271914,True
1776223051.724989,109.99910736083984,5.387473988510259,0.4085767099224448,0.07330880833324382,0.0,0.0,290.983776037287,True
1776223051.796625,110.07074332237244,5.387515272352888,0.4084689134651262,0.07330880833324492,0.0,0.0,290.92780857371076,True
1776223051.883594,110.15771245956421,5.3875852175592875,0.40828555227558166,0.07330880833324675,0.0,0.0,290.8318643502813,True
1776223051.951962,110.22608041763306,5.387631270461561,0.4081643166427981,0.07330880833324796,0.0,0.0,290.7679015345539,True
1776223052.027186,110.30130434036255,5.387676864211978,0.4080438849115483,0.07330880833324917,0.0,0.0,290.70393871874194,True
1776223052.117963,110.39208149909973,5.387744398862993,0.40786474419833446,0.07330880833325096,0.0,0.0,290.6079944948682,True
1776223052.201004,110.47512245178223,5.387799897934864,0.40771684115040147,0.07330880833325243,0.0,0.0,290.5280409748333,True
1776223052.2824,110.55651831626892,5.38784378993788,0.4075994222748746,0.0733088083332536,0.0,0.0,290.4640781587153,True
1776223052.377409,110.65152740478516,5.387903409648291,0.40743928233495025,0.07330880833325518,0.0,0.0,290.376129286425,True
1776223052.456116,110.73023438453674,5.387962187315945,0.4072806599162403,0.07330880833325674,0.0,0.0,290.28818041398887,True
1776223052.530738,110.80485653877258,5.388004409146319,0.4071662509958138,0.07330880833325787,0.0,0.0,290.22421759758197,True
1776223052.59775,110.8718683719635,5.388040992179474,0.40706680121011757,0.07330880833325885,0.0,0.0,290.168250133165,True
1776223052.693095,110.96721339225769,5.388108043311128,0.4068837376159976,0.07330880833326064,0.0,0.0,290.0643105562422,True
1776223052.767827,111.0419454574585,5.3881537906436385,0.406758241311866,0.0733088083332619,0.0,0.0,289.9923523874925,True
1776223052.8391,111.11321830749512,5.388188993747242,0.4066613342699742,0.07330880833326284,0.0,0.0,289.9363849228477,True
1776223052.925956,111.2000744342804,5.388238713105268,0.40652395962572796,0.07330880833326417,0.0,0.0,289.8564314018347,True
1776223052.992849,111.26696753501892,5.388287764843687,0.40638783632743275,0.0733088083332655,0.0,0.0,289.77647788071533,True
1776223053.07314,111.34725832939148,5.388331344167889,0.4062663948847497,0.07330880833326668,0.0,0.0,289.7045197116187,True
1776223053.154218,111.42833638191223,5.388369632849139,0.40615929727161704,0.07330880833326772,0.0,0.0,289.6405568945741,True
1776223053.223567,111.49768543243408,5.38841220591647,0.4060397687766701,0.07330880833326889,0.0,0.0,289.5685987253218,True
1776223053.292699,111.56681752204895,5.38845425079556,0.4059212525257679,0.07330880833327003,0.0,0.0,289.496640555989,True
1776223053.377906,111.65202450752258,5.3884957706207,0.4058037481725054,0.07330880833327116,0.0,0.0,289.42468238657716,True
1776223053.467571,111.74168944358826,5.388541291762125,0.4056743741472743,0.07330880833327241,0.0,0.0,289.34472886491744,True
1776223053.539081,111.81319952011108,5.388586172838894,0.40554624845949583,0.07330880833327365,0.0,0.0,289.2647753431636,True
1776223053.608918,111.88303637504578,5.388621619729745,0.4054446463816308,0.07330880833327463,0.0,0.0,289.20081252569395,True
1776223053.681125,111.95524334907532,5.388652303692073,0.4053563994820572,0.07330880833327547,0.0,0.0,289.1448450603603,True
1776223053.775106,112.04922437667847,5.388699898824713,0.40521896034075766,0.0733088083332768,0.0,0.0,289.0568961861759,True
1776223053.846842,112.12096047401428,5.3887340383774305,0.40511995200872997,0.07330880833327774,0.0,0.0,288.9929333685204,True
1776223053.922257,112.19637537002563,5.388780331461143,0.40498511770058754,0.07330880833327902,0.0,0.0,288.9049844941538,True
1776223053.999847,112.27396535873413,5.38881765241274,0.40487591975265935,0.07330880833328006,0.0,0.0,288.8330263241412,True
1776223054.077529,112.35164737701416,5.388850409793758,0.4047797015787147,0.07330880833328098,0.0,0.0,288.7690635062955,True
1776223054.156854,112.43097233772278,5.388890808305929,0.4046605490226871,0.07330880833328211,0.0,0.0,288.68910998391465,True
1776223054.24124,112.51535844802856,5.38893454784919,0.4045309181531896,0.07330880833328333,0.0,0.0,288.6011611092029,True
1776223054.311,112.58511853218079,5.388962003412159,0.4044492092500265,0.07330880833328411,0.0,0.0,288.54519364342747,True
1776223054.384274,112.6583924293518,5.388993022731937,0.40435657352245147,0.07330880833328499,0.0,0.0,288.48123082535176,True
1776223054.457419,112.73153734207153,5.389031262339437,0.4042418972629797,0.07330880833328607,0.0,0.0,288.4012773026883,True
1776223054.526079,112.80019736289978,5.389061429015133,0.4041510506278144,0.07330880833328692,0.0,0.0,288.3373144845034,True
1776223054.601085,112.87520337104797,5.389091220232617,0.40406099867855944,0.07330880833328776,0.0,0.0,288.2733516662712,True
1776223054.66891,112.9430284500122,5.38912063813849,0.403971741124802,0.0733088083332886,0.0,0.0,288.20938884799233,True
1776223054.729052,113.00317049026489,5.389153289727715,0.4038722755629453,0.07330880833328952,0.0,0.0,288.1374306773737,True
1776223054.805305,113.07942342758179,5.389181921460943,0.4037847051241594,0.07330880833329034,0.0,0.0,288.073467858998,True
1776223054.872616,113.14673447608948,5.389206673410214,0.4037087318955905,0.07330880833329105,0.0,0.0,288.0175003928829,True
1776223054.933867,113.20798540115356,5.389234619479363,0.403622648970634,0.07330880833329186,0.0,0.0,287.95353757442444,True
1776223055.001808,113.27592635154724,5.3892656254681,0.4035267534361057,0.07330880833329274,0.0,0.0,287.8815794036071,True
1776223055.073511,113.34762930870056,5.389292803513662,0.4034423550729129,0.07330880833329353,0.0,0.0,287.8176165850577,True
1776223055.141624,113.41574239730835,5.3893162904783125,0.4033691564126382,0.07330880833329421,0.0,0.0,287.76164911879255,True
1776223055.216301,113.49041938781738,5.389342798831656,0.4032862432736654,0.07330880833329498,0.0,0.0,287.6976863001652,True
1776223055.285579,113.55969738960266,5.389368953066461,0.4032041218061122,0.07330880833329574,0.0,0.0,287.63372348149716,True
1776223055.356524,113.63064241409302,5.389407525080053,0.40308242329911126,0.07330880833329687,0.0,0.0,287.5377792534203,True
1776223055.430606,113.70472431182861,5.389439068574786,0.40298236724622605,0.07330880833329778,0.0,0.0,287.45782572995563,True
1776223055.529652,113.80377054214478,5.38947007115027,0.40288354631471585,0.0733088083332987,0.0,0.0,287.37787220643094,True
1776223055.592971,113.86708950996399,5.389491453310992,0.4028151062208036,0.07330880833329931,0.0,0.0,287.32190473992864,True
1776223055.659085,113.93320345878601,5.389518560432073,0.4027280002929608,0.07330880833330011,0.0,0.0,287.24994656866954,True
1776223055.73187,114.0059883594513,5.389545238067279,0.40264189346899687,0.07330880833330089,0.0,0.0,287.1779883973644,True
1776223055.801124,114.07524251937866,5.389565692323891,0.4025756119306171,0.0733088083333015,0.0,0.0,287.12202093076223,True
1776223055.879299,114.1534173488617,5.389591613805051,0.4024912801208393,0.07330880833330228,0.0,0.0,287.0500627593767,True
1776223055.941496,114.21561431884766,5.389617114091044,0.40240794609128816,0.07330880833330303,0.0,0.0,286.97810458794714,True
1776223056.034904,114.30902242660522,5.389647713454764,0.402307447692521,0.07330880833330394,0.0,0.0,286.8901557116967,True
1776223056.105432,114.37955045700073,5.389666862978342,0.40224426943328445,0.07330880833330453,0.0,0.0,286.8341882449589,True
1776223056.17661,114.45072841644287,5.389691117519009,0.40216392582525046,0.07330880833330525,0.0,0.0,286.7622300734016,True
1776223056.252626,114.52674436569214,5.389717587074731,0.40207582306628037,0.07330880833330604,0.0,0.0,286.6822765494008,True
1776223056.317076,114.59119439125061,5.3897358172664,0.4020148822662409,0.0733088083333066,0.0,0.0,286.6263090825705,True
1776223056.388543,114.66266131401062,5.389753803225514,0.401954543303718,0.07330880833330713,0.0,0.0,286.57034161571625,True
1776223056.455908,114.73002648353577,5.389776571391973,0.40187784858658177,0.07330880833330783,0.0,0.0,286.4983834440115,True
1776223056.522234,114.79635238647461,5.38979894106899,0.40180214783959795,0.0733088083333085,0.0,0.0,286.42642527226815,True
1776223056.603543,114.87766146659851,5.389818493070904,0.4017356923154294,0.07330880833330909,0.0,0.0,286.3624624529088,True
1776223056.667652,114.94177031517029,5.389835346322106,0.4016781873529153,0.0733088083333096,0.0,0.0,286.3064949859451,True
1776223056.73425,115.00836849212646,5.389856667734613,0.40160513466988584,0.07330880833331026,0.0,0.0,286.23453681410194,True
1776223056.798727,115.07284545898438,5.389875294515723,0.4015410318141197,0.07330880833331083,0.0,0.0,286.1705739946553,True
1776223056.867117,115.1412353515625,5.389891343264337,0.4014855845300614,0.07330880833331133,0.0,0.0,286.1146065276164,True
1776223056.932322,115.20644044876099,5.389907160414655,0.40143073685126623,0.07330880833331181,0.0,0.0,286.05863906055606,True
1776223056.996123,115.27024149894714,5.389927158653724,0.40136109905497763,0.07330880833331244,0.0,0.0,285.98668088859057,True
1776223057.0656,115.33971834182739,5.389946779233254,0.40129245148939263,0.07330880833331305,0.0,0.0,285.91472271659086,True
1776223057.135491,115.40960931777954,5.389961780449988,0.4012397431956993,0.07330880833331352,0.0,0.0,285.85875524945675,True
1776223057.199613,115.47373151779175,5.389976556335441,0.4011876333463378,0.07330880833331396,0.0,0.0,285.8027877823025,True
1776223057.267285,115.5414035320282,5.38999522500235,0.4011215139001007,0.07330880833331456,0.0,0.0,285.7308296102181,True
1776223057.329822,115.60394048690796,5.3900115109093205,0.4010635707492385,0.07330880833331506,0.0,0.0,285.66686679056045,True
1776223057.407231,115.68134951591492,5.390027508616584,0.4010064080770974,0.07330880833331557,0.0,0.0,285.60290397087783,True
1776223057.494183,115.768301486969,5.390047103564346,0.40093605168698865,0.07330880833331618,0.0,0.0,285.5229504462399,True
1776223057.573097,115.84721541404724,5.39006814629047,0.4008600665481491,0.07330880833331685,0.0,0.0,285.43500156909465,True
1776223057.638822,115.91294050216675,5.390081260323837,0.4008124793063147,0.07330880833331727,0.0,0.0,285.37903410179695,True
1776223057.707107,115.98122549057007,5.3900941606869734,0.40076548825169866,0.07330880833331768,0.0,0.0,285.3230666344814,True
1776223057.787323,116.06144142150879,5.390112221806462,0.40069939184011666,0.07330880833331826,0.0,0.0,285.2431131097144,True
1776223057.862275,116.13639330863953,5.39012985356354,0.40063451079291634,0.07330880833331882,0.0,0.0,285.163159584912,True
1776223057.960561,116.23467946052551,5.390147059890227,0.4005708443115212,0.07330880833331938,0.0,0.0,285.083206060075,True
1776223058.027578,116.30169653892517,5.390155504744132,0.4005394662818254,0.07330880833331965,0.0,0.0,285.0432292976436,True
1776223058.097859,116.37197732925415,5.390173714913153,0.4004715022279118,0.07330880833332024,0.0,0.0,284.95528042026524,True
1776223058.173029,116.44714736938477,5.3901914226441505,0.40040500525263206,0.07330880833332082,0.0,0.0,284.8673315428469,True
1776223058.246322,116.52044034004211,5.39020398838353,0.40035756466393535,0.07330880833332122,0.0,0.0,284.80336872288166,True
1776223058.316274,116.59039235115051,5.390214769233102,0.40031668988536667,0.07330880833332157,0.0,0.0,284.74740125539535,True
1776223058.391489,116.66560745239258,5.390228338847774,0.40026500798758546,0.07330880833332201,0.0,0.0,284.67544308289047,True
1776223058.489382,116.76350045204163,5.390247365873503,0.4001920858772937,0.07330880833332265,0.0,0.0,284.5715035003393,True
1776223058.560945,116.83506345748901,5.3902573330753585,0.4001536661745021,0.07330880833332298,0.0,0.0,284.51553603279064,True
1776223058.63101,116.9051284790039,5.390268487946951,0.40011048265339527,0.07330880833332334,0.0,0.0,284.45157321271716,True
1776223058.691796,116.96591448783875,5.3902807383718345,0.40006282467674775,0.07330880833332375,0.0,0.0,284.3796150401122,True
1776223058.757533,117.0316514968872,5.390291364224892,0.40002128242050267,0.07330880833332411,0.0,0.0,284.31565221999927,True
1776223058.826979,117.10109734535217,5.390300460097707,0.39998556597351836,0.07330880833332441,0.0,0.0,284.2596847523856,True
1776223058.894217,117.16833543777466,5.390309369057808,0.3999504400407252,0.07330880833332472,0.0,0.0,284.2037172847583,True
1776223058.966918,117.2410364151001,5.390320550914151,0.39990614534083874,0.07330880833332509,0.0,0.0,284.13175911207475,True
1776223059.034894,117.3090124130249,5.390331428781054,0.39986282566547726,0.07330880833332545,0.0,0.0,284.0598009393692,True
1776223059.12298,117.39709854125977,5.390343162174792,0.39981583545938143,0.07330880833332586,0.0,0.0,283.9798474141156,True
1776223059.205267,117.47938537597656,5.390352283743415,0.399779108817212,0.07330880833332616,0.0,0.0,283.91588459389385,True
1776223059.282221,117.5563395023346,5.390364444937752,0.3997298649937675,0.07330880833332658,0.0,0.0,283.82793571606214,True
1776223059.364611,117.63872933387756,5.390375121663703,0.3996863582867186,0.07330880833332695,0.0,0.0,283.7479821907341,True
1776223059.432917,117.70703554153442,5.390382382778503,0.39965661732021424,0.0733088083333272,0.0,0.0,283.6920147229897,True
1776223059.513151,117.78726935386658,5.390391463619646,0.399619242039557,0.07330880833332751,0.0,0.0,283.6200565501579,True
1776223059.585393,117.85951137542725,5.3904012202786795,0.3995788520169797,0.07330880833332785,0.0,0.0,283.5401030247666,True
1776223059.651183,117.92530131340027,5.390408775564351,0.39954740193896227,0.07330880833332812,0.0,0.0,283.47614020443655,True
1776223059.728974,118.00309252738953,5.390416110695134,0.39951671751774553,0.07330880833332837,0.0,0.0,283.41217738409165,True
1776223059.792586,118.06670451164246,5.390422349863584,0.39949049635344613,0.07330880833332859,0.0,0.0,283.35620991627786,True
1776223059.902062,118.17618036270142,5.39043433217649,0.39943981027019143,0.073308808333329,0.0,0.0,283.2442749806174,True
1776223059.972256,118.2463743686676,5.39044088548534,0.39941189735303856,0.07330880833332926,0.0,0.0,283.1803121602206,True
1776223060.040123,118.31424140930176,5.390446446309214,0.3993880998252643,0.07330880833332945,0.0,0.0,283.12434469236206,True
1776223060.107616,118.3817343711853,5.390452605186626,0.3993616179563713,0.07330880833332966,0.0,0.0,283.0603818719395,True
1776223060.200945,118.47506332397461,5.390461454862554,0.39932332473327414,0.07330880833332998,0.0,0.0,282.9644376412806,True
1776223060.265823,118.53994131088257,5.390466404048456,0.39930177867110483,0.07330880833333016,0.0,0.0,282.90847017338257,True
1776223060.332595,118.60671353340149,5.390471197786425,0.39928081552126354,0.07330880833333032,0.0,0.0,282.8525027054746,True
1776223060.407729,118.68184733390808,5.390476487646326,0.39925757097926673,0.07330880833333052,0.0,0.0,282.78853988499645,True
1776223060.472655,118.74677348136902,5.390482819727396,0.3992295845863085,0.07330880833333075,0.0,0.0,282.708586359381,True
1776223060.560201,118.83431935310364,5.390488843909183,0.39920278537311926,0.07330880833333098,0.0,0.0,282.6286328337462,True
1776223060.630735,118.90485334396362,5.3904928796315374,0.3991847317686171,0.07330880833333113,0.0,0.0,282.57266536579067,True
1776223060.696135,118.97025346755981,5.3904973110181125,0.39916481035912627,0.07330880833333128,0.0,0.0,282.5087025452588,True
1776223060.774576,119.04869437217712,5.39050258173589,0.3991409747732495,0.07330880833333148,0.0,0.0,282.4287490195774,True
1776223060.851667,119.12578535079956,5.390506585812276,0.39912275862161417,0.07330880833333163,0.0,0.0,282.3647861990193,True
1776223060.933572,119.20769047737122,5.39051178674114,0.3990989474414802,0.07330880833333181,0.0,0.0,282.27683732073336,True
1776223060.997069,119.27118730545044,5.3905153501810785,0.3990825284582292,0.07330880833333195,0.0,0.0,282.2128745001485,True
1776223061.064921,119.33903932571411,5.390518318550709,0.3990687818797586,0.07330880833333207,0.0,0.0,282.1569070321278,True
1776223061.151003,119.42512130737305,5.390521931928105,0.39905195744915406,0.0733088083333322,0.0,0.0,282.0849488589461,True
1776223061.216338,119.49045634269714,5.3905249540069,0.39903780437598224,0.07330880833333232,0.0,0.0,282.0209860383289,True
1776223061.304854,119.57897233963013,5.390529156425424,0.399017988823411,0.07330880833333248,0.0,0.0,281.9250418073834,True
1776223061.381006,119.65512442588806,5.390531740310922,0.39900572038660514,0.07330880833333257,0.0,0.0,281.86107898674027,True
1776223061.458951,119.73306941986084,5.390534441689688,0.3989928183475106,0.07330880833333268,0.0,0.0,281.7891208135047,True
1776223061.533909,119.80802750587463,5.390537191161575,0.39897959944154837,0.0733088083333328,0.0,0.0,281.7091672876727,True
1776223061.607531,119.88164949417114,5.390539202070047,0.3989698699711008,0.07330880833333288,0.0,0.0,281.6452044669961,True
1776223061.671589,119.94570732116699,5.390540825638782,0.39896197284516943,0.07330880833333293,0.0,0.0,281.58923699889624,True
1776223061.745167,120.01928544044495,5.390542728699438,0.39895266380655514,0.073308808333333,0.0,0.0,281.5172788256145,True
1776223061.816329,120.09044742584229,5.390544426780679,0.3989443040083905,0.07330880833333307,0.0,0.0,281.4453206523208,True
1776223061.890327,120.16444540023804,5.3905457662437675,0.3989376693387502,0.07330880833333313,0.0,0.0,281.38135783160567,True
1776223061.969043,120.24316143989563,5.390547084357136,0.3989311004168294,0.07330880833333318,0.0,0.0,281.3093996582904,True
1776223062.042252,120.31637048721313,5.390548317585118,0.398924912229297,0.07330880833333323,0.0,0.0,281.2294461323714,True
1776223062.115,120.38911843299866,5.39054913117518,0.3989208027043529,0.07330880833333327,0.0,0.0,281.1654833116264,True
1776223062.196333,120.47045135498047,5.390549792994873,0.39891744015196967,0.07330880833333328,0.0,0.0,281.1015204908729,True
1776223062.270639,120.54475736618042,5.390550358424765,0.3989145494472869,0.07330880833333331,0.0,0.0,281.02956231751523,True
1776223062.334464,120.60858249664307,5.390550736725273,0.39891260261671924,0.07330880833333334,0.0,0.0,280.957604144147,True
1776223062.408955,120.6830735206604,5.390550918011956,0.3989116638369652,0.07330880833333334,0.0,0.0,280.89364132336664,True
1776223062.485328,120.75944638252258,5.3905509553465665,0.3989114696282919,0.07330880833333334,0.0,0.0,280.82967850257825,True
1776223062.558951,120.83306932449341,5.390550827562067,0.39891214042732304,0.07330880833333334,0.0,0.0,280.75772032918195,True
1776223062.631659,120.90577745437622,5.3905504777894615,0.3989139891406181,0.07330880833333331,0.0,0.0,280.67776680317456,True
1776223062.707103,120.98122143745422,5.390550042800613,0.39891630362839353,0.07330880833333331,0.0,0.0,280.61380398236,True
1776223062.784919,121.05903744697571,5.3905494718581055,0.3989193601708298,0.07330880833333328,0.0,0.0,280.54984116153804,True
1776223062.853283,121.12740135192871,5.390548766783055,0.3989231581864477,0.07330880833333325,0.0,0.0,280.48587834070867,True
1776223062.925024,121.19914245605469,5.390547699585425,0.39892894751299646,0.0733088083333332,0.0,0.0,280.4059248146618,True
1776223062.999342,121.2734603881836,5.39054656527488,0.39893514674206304,0.07330880833333316,0.0,0.0,280.33396664121005,True
1776223063.078864,121.35298252105713,5.390545268956936,0.39894228189242753,0.0733088083333331,0.0,0.0,280.2620084677494,True
1776223063.150707,121.42482542991638,5.390543813207864,0.39895035212139696,0.07330880833333303,0.0,0.0,280.1900502942801,True
1776223063.219035,121.49315333366394,5.390542200599693,0.39895935658254184,0.07330880833333296,0.0,0.0,280.11809212080226,True
1776223063.282337,121.55645537376404,5.390540839547019,0.3989670053971373,0.0733088083333329,0.0,0.0,280.0621246525359,True
1776223063.360898,121.63501644134521,5.390539171316006,0.3989764377785138,0.07330880833333284,0.0,0.0,279.9981618316538,True
1776223063.44533,121.71944832801819,5.39053668431941,0.39899060951911536,0.07330880833333273,0.0,0.0,279.91021295293046,True
1776223063.514818,121.78893637657166,5.390534486074903,0.399003238989467,0.07330880833333263,0.0,0.0,279.83825477942065,True
1776223063.599,121.87311840057373,5.390532410821524,0.3990152459869572,0.07330880833333253,0.0,0.0,279.7742919585164,True
1776223063.678749,121.95286750793457,5.390529659096183,0.3990312871829925,0.07330880833333242,0.0,0.0,279.6943384323775,True
1776223063.75084,122.02495837211609,5.3905267354502415,0.39904847442825386,0.07330880833333228,0.0,0.0,279.61438490622925,True
1776223063.847112,122.12123036384583,5.390523643365745,0.3990668065210946,0.07330880833333214,0.0,0.0,279.53443138007174,True
1776223063.915658,122.18977642059326,5.390521050758211,0.39908229567450976,0.07330880833333202,0.0,0.0,279.47046855913925,True
1776223063.997686,122.27180433273315,5.3905173167996505,0.3991047872240855,0.07330880833333185,0.0,0.0,279.38251968034774,True
1776223064.064996,122.33911442756653,5.390514480563879,0.3991220122189382,0.07330880833333173,0.0,0.0,279.3185568594019,True
1776223064.133323,122.40744137763977,5.390511917101426,0.39913768279598966,0.0733088083333316,0.0,0.0,279.2625893910697,True
1776223064.202982,122.47710037231445,5.390508895582683,0.39915627569840373,0.07330880833333146,0.0,0.0,279.19862657011356,True
1776223064.26917,122.54328846931458,5.39050498349872,0.3991805414097005,0.07330880833333128,0.0,0.0,279.1186730439109,True
1776223064.342753,122.61687135696411,5.390501747830947,0.39920077287372646,0.07330880833333113,0.0,0.0,279.0547102229429,True
1776223064.418754,122.69287252426147,5.390498419846549,0.3992217315558631,0.07330880833333096,0.0,0.0,278.99074740196966,True
1776223064.503487,122.77760553359985,5.390494132721766,0.39924895158679524,0.07330880833333075,0.0,0.0,278.91079387574604,True
1776223064.575028,122.84914636611938,5.390489707522133,0.3992773056477619,0.07330880833333055,0.0,0.0,278.83084034951463,True
1776223064.65049,122.9246084690094,5.390486070246165,0.39930080455378847,0.07330880833333037,0.0,0.0,278.76687752852393,True
1776223064.718873,122.99299144744873,5.390482818309131,0.39932196029477907,0.0733088083333302,0.0,0.0,278.7109100601532,True
1776223064.793887,123.06800532341003,5.390478062865349,0.39935314392016014,0.07330880833332998,0.0,0.0,278.6309565339029,True
1776223064.864611,123.13872933387756,5.390473675021593,0.3993821750331678,0.07330880833332976,0.0,0.0,278.5589983602715,True
1776223064.952936,123.22705435752869,5.390469187482612,0.3994121201975238,0.07330880833332953,0.0,0.0,278.4870401866342,True
1776223065.020468,123.2945864200592,5.390465116862628,0.39943950471824435,0.07330880833332934,0.0,0.0,278.42307736561855,True
1776223065.086247,123.36036539077759,5.390460447750991,0.3994711738730159,0.07330880833332909,0.0,0.0,278.35111919197055,True
1776223065.157262,123.4313805103302,5.390455686073228,0.39950375437121777,0.07330880833332884,0.0,0.0,278.2791610183171,True
1776223065.238773,123.5128915309906,5.390451377749327,0.39953347912907416,0.07330880833332863,0.0,0.0,278.21519819728724,True
1776223065.317228,123.59134650230408,5.390446447931507,0.3995677784739739,0.07330880833332837,0.0,0.0,278.1432400236236,True
1776223065.390783,123.66490149497986,5.390440870217001,0.3996069544636804,0.07330880833332808,0.0,0.0,278.0632864973245,True
1776223065.482845,123.75696349143982,5.390435190337455,0.39964725087772146,0.07330880833332779,0.0,0.0,277.98333297101914,True
1776223065.560174,123.8342924118042,5.39043057512652,0.39968029383045817,0.07330880833332754,0.0,0.0,277.9193701499702,True
1776223065.649681,123.92379951477051,5.390424719787961,0.39972260368882545,0.07330880833332723,0.0,0.0,277.8394166236536,True
1776223065.720411,123.99452948570251,5.390418171858823,0.39977043430061815,0.07330880833332687,0.0,0.0,277.7514677446984,True
1776223065.797261,124.07137942314148,5.390412734040089,0.3998105722530033,0.07330880833332658,0.0,0.0,277.6795095710024,True
1776223065.865494,124.13961243629456,5.390408456261283,0.3998424145831183,0.07330880833332634,0.0,0.0,277.623542102569,True
1776223065.955388,124.22950649261475,5.39040165149421,0.3998935543411915,0.07330880833332597,0.0,0.0,277.5355932235965,True
1776223066.030268,124.3043863773346,5.390395381043867,0.3999412122976523,0.07330880833332562,0.0,0.0,277.45563969725197,True
1776223066.100839,124.37495732307434,5.390390945796536,0.39997523356806036,0.07330880833332537,0.0,0.0,277.39967222880756,True
1776223066.176466,124.4505844116211,5.3903851898144195,0.4000197738584719,0.07330880833332504,0.0,0.0,277.3277140550893,True
1776223066.248092,124.52221035957336,5.390379375845876,0.400065211719053,0.0733088083333247,0.0,0.0,277.2557558813668,True
1776223066.311058,124.58517646789551,5.390374815316798,0.4001011721822283,0.07330880833332445,0.0,0.0,277.199788412913,True
1776223066.378077,124.6521954536438,5.390370222287768,0.4001376745474852,0.07330880833332418,0.0,0.0,277.14382094445665,True
1776223066.452507,124.72662544250488,5.39036427102063,0.40018540166546884,0.07330880833332384,0.0,0.0,277.07186277072344,True
1776223066.517212,124.79133033752441,5.3903582702773205,0.4002340227963577,0.07330880833332348,0.0,0.0,276.9999045969861,True
1776223066.621408,124.89552640914917,5.390350872322322,0.40029466124309454,0.07330880833332305,0.0,0.0,276.9119557179684,True
1776223066.684698,124.95881652832031,5.390346129893053,0.40033394305873626,0.07330880833332276,0.0,0.0,276.85598824949955,True
1776223066.754488,125.02860641479492,5.390339995006842,0.4003852401622425,0.0733088083333224,0.0,0.0,276.7840300757504,True
1776223066.822582,125.09670042991638,5.390333820153952,0.40043742722269443,0.07330880833332201,0.0,0.0,276.71207190199755,True
1776223066.890777,125.16489553451538,5.390328991374485,0.4004786317827985,0.07330880833332172,0.0,0.0,276.65610443352045,True
1776223066.967927,125.24204540252686,5.390323446343719,0.40052638055902695,0.07330880833332137,0.0,0.0,276.5921416124011,True
1776223067.03254,125.30665850639343,5.390317874713477,0.40057483034967634,0.07330880833332103,0.0,0.0,276.52817879127895,True
1776223067.10744,125.38155841827393,5.39031017332837,0.40064259210491504,0.07330880833332054,0.0,0.0,276.44022991223125,True
1776223067.187568,125.46168637275696,5.390303840115236,0.40069901700160043,0.07330880833332014,0.0,0.0,276.36827173846103,True
1776223067.252023,125.52614140510559,5.390299603188713,0.4007371247736469,0.07330880833331986,0.0,0.0,276.32029962261237,True
1776223067.321432,125.59555053710938,5.390293936934678,0.4007885457613705,0.0733088083333195,0.0,0.0,276.2563368014784,True
1776223067.391235,125.66535353660583,5.390286829075665,0.40085380232460466,0.07330880833331903,0.0,0.0,276.17638327505733,True
1776223067.465099,125.73921751976013,5.390280410677775,0.4009134634362144,0.0733088083333186,0.0,0.0,276.10442510127484,True
1776223067.554102,125.82822036743164,5.390273974494393,0.40097400470270483,0.07330880833331817,0.0,0.0,276.03246692748917,True
1776223067.623938,125.8980565071106,5.390267522851716,0.4010354250677719,0.07330880833331774,0.0,0.0,275.9605087537003,True
1776223067.690845,125.96496343612671,5.390261058071646,0.4010977234715986,0.0733088083333173,0.0,0.0,275.88855057990827,True
1776223067.775402,126.04952049255371,5.390254582471784,0.4011608988508585,0.07330880833331685,0.0,0.0,275.8165924061132,True
1776223067.860248,126.13436651229858,5.390248098365433,0.40122495013872095,0.07330880833331639,0.0,0.0,275.74463423231515,True
1776223067.933027,126.20714545249939,5.390240886634315,0.40129714423462115,0.07330880833331589,0.0,0.0,275.6646807058694,True
1776223068.005725,126.2798433303833,5.390235113864962,0.4013556761554362,0.07330880833331548,0.0,0.0,275.60071788471015,True
1776223068.089954,126.36407232284546,5.39022861807593,0.40142234873314764,0.073308808333315,0.0,0.0,275.52875971090333,True
1776223068.172737,126.44685530662537,5.390220679964464,0.40150502099314983,0.07330880833331442,0.0,0.0,275.4408108318023,True
1776223068.252794,126.5269124507904,5.390214188851019,0.40157362900098104,0.07330880833331394,0.0,0.0,275.3688526579893,True
1776223068.327474,126.60159254074097,5.390208423762694,0.40163534362288006,0.0733088083333135,0.0,0.0,275.30488983681994,True
1776223068.397937,126.67205548286438,5.390201945503194,0.40170559252135984,0.07330880833331302,0.0,0.0,275.23293166300186,True
1776223068.478006,126.7521243095398,5.390194759379038,0.40178466380554856,0.07330880833331246,0.0,0.0,275.1529781365342,True
1776223068.540745,126.81486344337463,5.390189738180127,0.4018406498608487,0.07330880833331208,0.0,0.0,275.09701066800505,True
1776223068.603699,126.87781739234924,5.390184725686118,0.40189715921721286,0.07330880833331169,0.0,0.0,275.0410431994743,True
1776223068.679757,126.95387554168701,5.3901768690615315,0.4019870156655063,0.07330880833331105,0.0,0.0,274.95309432035145,True
1776223068.750934,127.02505230903625,5.390171172666419,0.402053175498992,0.0733088083333106,0.0,0.0,274.8891314991689,True
1776223068.817634,127.09175252914429,5.390166201828238,0.402111623984456,0.07330880833331019,0.0,0.0,274.83316403063264,True
1776223068.890926,127.16504430770874,5.39016053772969,0.40217905998583936,0.07330880833330972,0.0,0.0,274.7692012094465,True
1776223068.967192,127.24131035804749,5.390152781752558,0.40227289381601833,0.07330880833330908,0.0,0.0,274.6812523303127,True
1776223069.03621,127.31032848358154,5.390147166536873,0.40234194233389636,0.07330880833330859,0.0,0.0,274.61728950912226,True
1776223069.115182,127.38930034637451,5.390141574561651,0.40241166847473175,0.07330880833330812,0.0,0.0,274.55332668793,True
1776223069.202524,127.476642370224,5.390133926428883,0.4025086468942922,0.07330880833330745,0.0,0.0,274.4653778087878,True
1776223069.285486,127.55960440635681,5.390127017717678,0.4025979177812813,0.07330880833330683,0.0,0.0,274.3854242822921,True
1776223069.352963,127.62708139419556,5.390122208327957,0.4026610347937724,0.0733088083333064,0.0,0.0,274.3294568137435,True
1776223069.419827,127.69394540786743,5.390116059049298,0.40274294346047257,0.07330880833330583,0.0,0.0,274.25749863989347,True
1776223069.486536,127.76065444946289,5.390109950325829,0.4028257040698077,0.07330880833330528,0.0,0.0,274.1855404660414,True
1776223069.564991,127.83910942077637,5.390104556186702,0.4028999833414499,0.07330880833330476,0.0,0.0,274.1215776448378,True
1776223069.63897,127.91308832168579,5.390099197394555,0.40297493404193147,0.07330880833330425,0.0,0.0,274.0576148236326,True
1776223069.709359,127.98347735404968,5.3900925509725175,0.4030695653824239,0.07330880833330361,0.0,0.0,273.9776612971239,True
1776223069.787894,128.06201243400574,5.390086620982625,0.4031556281867149,0.07330880833330301,0.0,0.0,273.90570312326406,True
1776223069.854937,128.12905550003052,5.390082044152948,0.40322315108798595,0.07330880833330256,0.0,0.0,273.849735654705,True
1776223069.923805,128.19792342185974,5.390076852847616,0.4033009463156261,0.07330880833330203,0.0,0.0,273.78577283349335,True
1776223069.990249,128.26436734199524,5.390071064648507,0.4033892633714126,0.07330880833330143,0.0,0.0,273.71381465962844,True
1776223070.075022,128.3491404056549,5.390065333634343,0.4034784236352764,0.07330880833330083,0.0,0.0,273.6418564857617,True
1776223070.140824,128.41494250297546,5.390060917111328,0.40354835271670914,0.07330880833330036,0.0,0.0,273.5858890171975,True
1776223070.205664,128.47978234291077,5.390055914947097,0.4036288946902957,0.07330880833329981,0.0,0.0,273.5219261959799,True
1776223070.274234,128.5483524799347,5.390050347083473,0.4037202977778049,0.0733088083332992,0.0,0.0,273.44996802210846,True
1776223070.364408,128.63852643966675,5.390044237091137,0.4038228406077907,0.0733088083332985,0.0,0.0,273.3700144955826,True
1776223070.435431,128.70954942703247,5.3900394090189945,0.40390561947050896,0.07330880833329795,0.0,0.0,273.30605167436045,True
1776223070.501134,128.77525234222412,5.390034043146366,0.4039995357070081,0.07330880833329732,0.0,0.0,273.23409350048394,True
1776223070.607327,128.88144540786743,5.390027000479326,0.4041260565706669,0.07330880833329648,0.0,0.0,273.13814926864615,True
1776223070.679535,128.9536533355713,5.390022378654465,0.4042112274458477,0.0733088083332959,0.0,0.0,273.0741864474193,True
1776223070.747216,129.02133440971375,5.390017251360569,0.40430783106539736,0.07330880833329526,0.0,0.0,273.00222827353775,True
1776223070.822169,129.09628748893738,5.390012202640191,0.4044052661722151,0.0733088083332946,0.0,0.0,272.93027009965454,True
1776223070.900019,129.1741373538971,5.390007782581002,0.4044925722220605,0.07330880833329402,0.0,0.0,272.8663072784238,True
1776223070.973928,129.24804639816284,5.390002888109789,0.40459157463021106,0.07330880833329337,0.0,0.0,272.7943491045378,True
1776223071.042715,129.31683349609375,5.389997549288329,0.4047025483668589,0.07330880833329262,0.0,0.0,272.714395577996,True
1776223071.107386,129.38150453567505,5.389993875923201,0.40478083731542025,0.0733088083332921,0.0,0.0,272.6584281094158,True
1776223071.18472,129.4588384628296,5.3899897435932695,0.4048709220020951,0.07330880833329151,0.0,0.0,272.5944652881801,True
1776223071.260531,129.53464937210083,5.389984679062194,0.40498444401016426,0.07330880833329076,0.0,0.0,272.5145117616341,True
1776223071.330821,129.6049394607544,5.389980219052636,0.4050874828696207,0.07330880833329008,0.0,0.0,272.44255358774114,True
1776223071.397628,129.67174649238586,5.389976815792694,0.40516819259283315,0.07330880833328955,0.0,0.0,272.3865861191568,True
1776223071.467212,129.74133038520813,5.389973471049585,0.4052493990226975,0.07330880833328901,0.0,0.0,272.3306186505717,True
1776223071.53391,129.80802845954895,5.389969258240823,0.40535453621215045,0.07330880833328832,0.0,0.0,272.2586604766754,True
1776223071.624612,129.89873051643372,5.389964245896163,0.4054841491770379,0.07330880833328747,0.0,0.0,272.170711597467,True
1776223071.689147,129.96326541900635,5.389961136110003,0.4055672660396878,0.07330880833328693,0.0,0.0,272.1147441288789,True
1776223071.766077,130.0401954650879,5.389957230970479,0.4056748562004684,0.07330880833328621,0.0,0.0,272.04278595497874,True
1776223071.854878,130.1289963722229,5.3899521905043315,0.4058195775818936,0.07330880833328526,0.0,0.0,271.94684172311,True
1776223071.943993,130.21811151504517,5.3899485376402385,0.4059290678764468,0.07330880833328456,0.0,0.0,271.8748835492071,True
1776223072.013138,130.2872564792633,5.389945384256359,0.4060270745193308,0.07330880833328392,0.0,0.0,271.81092072795906,True
1776223072.074137,130.34825539588928,5.389941943889412,0.40613809803077555,0.07330880833328318,0.0,0.0,271.7389625540539,True
1776223072.141409,130.41552734375,5.389938982671264,0.4062374655422213,0.07330880833328254,0.0,0.0,271.67499973280394,True
1776223072.219979,130.49409747123718,5.389936114148196,0.40633747208078513,0.07330880833328189,0.0,0.0,271.6110369115531,True
1776223072.287801,130.5619194507599,5.389933339765446,0.4064381167594943,0.07330880833328124,0.0,0.0,271.5470740903013,True
1776223072.35731,130.63142848014832,5.3899300063690765,0.40656481863799626,0.07330880833328042,0.0,0.0,271.4671205637354,True
1776223072.429818,130.70393633842468,5.389927449071831,0.40666689587875116,0.07330880833327977,0.0,0.0,271.4031577424818,True
1776223072.500959,130.77507734298706,5.38992529244951,0.4067567345934087,0.07330880833327919,0.0,0.0,271.3471902738841,True
1776223072.576322,130.85044050216675,5.389922632365323,0.4068729551962015,0.07330880833327844,0.0,0.0,271.27523209997196,True
1776223072.660183,130.93430137634277,5.389919556122196,0.40701609121471005,0.07330880833327752,0.0,0.0,271.1872832207446,True
1776223072.73336,131.00747847557068,5.389917441721037,0.40712094102494834,0.07330880833327684,0.0,0.0,271.1233203994874,True
1776223072.797246,131.071364402771,5.389915677760774,0.40721320251282045,0.07330880833327624,0.0,0.0,271.0673529308867,True
1776223072.867926,131.1420443058014,5.389913299249774,0.4073458418988036,0.0733088083332754,0.0,0.0,270.98739940431335,True
1776223072.939551,131.21366953849792,5.389911517904564,0.4074526615547074,0.0733088083332747,0.0,0.0,270.92343658305373,True
1776223073.007604,131.2817223072052,5.389910049004323,0.4075466443350448,0.0733088083332741,0.0,0.0,270.867469114451,True
1776223073.081074,131.35519242286682,5.389908474132501,0.4076546416452108,0.07330880833327341,0.0,0.0,270.8035062931901,True
1776223073.161681,131.43579936027527,5.389906663414876,0.40779051957453066,0.07330880833327255,0.0,0.0,270.7235527666129,True
1776223073.230822,131.50494050979614,5.389904877295603,0.4079411142941889,0.07330880833327158,0.0,0.0,270.6356038873767,True
1776223073.298871,131.57298946380615,5.389903715646299,0.40805137930178303,0.07330880833327089,0.0,0.0,270.57164106611316,True
1776223073.366613,131.64073133468628,5.389902795325113,0.40814837263939063,0.07330880833327028,0.0,0.0,270.515673597507,True
1776223073.430746,131.70486450195312,5.389901965698491,0.4082458426898158,0.07330880833326965,0.0,0.0,270.4597061289004,True
1776223073.499854,131.7739725112915,5.3899010338048425,0.40837186080754656,0.07330880833326886,0.0,0.0,270.3877479549768,True
1776223073.574428,131.84854650497437,5.38990025536152,0.4084986646232872,0.07330880833326806,0.0,0.0,270.3157897810524,True
1776223073.6412,131.9153184890747,5.389899757260823,0.40859783216766427,0.07330880833326742,0.0,0.0,270.259822312444,True
1776223073.712023,131.98614144325256,5.389899256498139,0.4087260295210213,0.07330880833326661,0.0,0.0,270.18786413851814,True
1776223073.789821,132.06393933296204,5.3898988865829045,0.4088693881586291,0.07330880833326571,0.0,0.0,270.10791061193294,True
1776223073.880903,132.1550214290619,5.389898723648984,0.40899923489958934,0.07330880833326489,0.0,0.0,270.0359524380055,True
1776223073.951739,132.2258574962616,5.389898715661107,0.4091153084265826,0.07330880833326417,0.0,0.0,269.971989616736,True
1776223074.021732,132.2958505153656,5.389898815448961,0.40921737707654693,0.07330880833326352,0.0,0.0,269.9160221481247,True
1776223074.087963,132.36208152770996,5.389899132776978,0.40936400464316286,0.0733088083332626,0.0,0.0,269.83606862153636,True
1776223074.163445,132.43756341934204,5.389899658125637,0.40951158962617906,0.07330880833326169,0.0,0.0,269.75611509494706,True
1776223074.261481,132.53559947013855,5.389900310999855,0.40964523317990886,0.07330880833326084,0.0,0.0,269.68415692101604,True
1776223074.330961,132.60507941246033,5.389901036165641,0.4097646761529533,0.0733088083332601,0.0,0.0,269.62019409974346,True
1776223074.396627,132.67074537277222,5.389902016673129,0.4098997780621005,0.07330880833325926,0.0,0.0,269.54823592581107,True
1776223074.485724,132.75984239578247,5.389903454605721,0.41006594832321236,0.07330880833325823,0.0,0.0,269.4602870465595,True
1776223074.565877,132.8399953842163,5.389904667744137,0.41018752059153335,0.07330880833325747,0.0,0.0,269.396324225285,True
1776223074.629119,132.90323734283447,5.389906023342159,0.4103096990876489,0.07330880833325672,0.0,0.0,269.33236140401,True
1776223074.701146,132.9752643108368,5.389907920222901,0.4104632732597463,0.07330880833325576,0.0,0.0,269.25240787741546,True
1776223074.775861,133.04997944831848,5.389909601269911,0.41058681227187754,0.07330880833325498,0.0,0.0,269.18844505613936,True
1776223074.846456,133.12057447433472,5.389911192580148,0.41069540368353075,0.07330880833325432,0.0,0.0,269.1324775875223,True
1776223074.910476,133.1845943927765,5.389913150014346,0.41082007274852494,0.07330880833325357,0.0,0.0,269.06851476624524,True
1776223074.987257,133.2613754272461,5.3899160855776955,0.41099247434423064,0.07330880833325248,0.0,0.0,268.98056588698853,True
1776223075.060263,133.3343813419342,5.389918399831096,0.4111185699469729,0.07330880833325172,0.0,0.0,268.91660306571043,True
1776223075.128983,133.40310144424438,5.389920549839722,0.41122939501294664,0.07330880833325103,0.0,0.0,268.86063559709163,True
1776223075.196534,133.47065234184265,5.389923151081573,0.41135661297590614,0.07330880833325025,0.0,0.0,268.79667277581257,True
1776223075.257693,133.53181147575378,5.389925907284997,0.4114844281359899,0.07330880833324946,0.0,0.0,268.7327099545331,True
1776223075.333109,133.60722732543945,5.389929194883312,0.41162893281697055,0.07330880833324858,0.0,0.0,268.6607517805932,True
1776223075.411407,133.68552541732788,5.3899322847553846,0.4117580137887315,0.0733088083332478,0.0,0.0,268.5967889593128,True
1776223075.479062,133.75318050384521,5.3899359510691465,0.41190394002953507,0.0733088083332469,0.0,0.0,268.5248307853719,True
1776223075.566653,133.84077143669128,5.3899407082462805,0.4120833134885092,0.07330880833324581,0.0,0.0,268.43688190611,True
1776223075.648374,133.92249250411987,5.389944360599806,0.4122144697045744,0.073308808333245,0.0,0.0,268.37291908482814,True
1776223075.7159,133.99001836776733,5.3899481765989075,0.4123462166392986,0.07330880833324421,0.0,0.0,268.3089562635459,True
1776223075.789792,134.06391048431396,5.389953178704436,0.4125117295054317,0.0733088083332432,0.0,0.0,268.22900273694256,True
1776223075.869024,134.14314246177673,5.38995790304945,0.4126614773396598,0.0733088083332423,0.0,0.0,268.157044562999,True
1776223075.938791,134.21290946006775,5.389961724464481,0.41277846191400674,0.07330880833324159,0.0,0.0,268.10107709437585,True
1776223076.003156,134.27727437019348,5.3899662504248935,0.4129127083952116,0.07330880833324079,0.0,0.0,268.03711427309196,True
1776223076.09187,134.3659884929657,5.389973359338825,0.413115175672828,0.07330880833323955,0.0,0.0,267.9411700411655,True
1776223076.160694,134.4348123073578,5.389977685025065,0.41323388865109456,0.07330880833323884,0.0,0.0,267.8852025725412,True
1776223076.227458,134.50157642364502,5.389982143535929,0.4133530481149616,0.07330880833323812,0.0,0.0,267.82923510391674,True
1776223076.293746,134.56786441802979,5.38998740271774,0.4134897762185652,0.0733088083332373,0.0,0.0,267.7652722826313,True
1776223076.364002,134.63812041282654,5.38999422417436,0.4136615036719759,0.07330880833323626,0.0,0.0,267.68531875602406,True
1776223076.439635,134.71375346183777,5.389999880873804,0.4137995382728512,0.07330880833323544,0.0,0.0,267.62135593473784,True
1776223076.519164,134.7932825088501,5.3900057163119985,0.4139381519091938,0.07330880833323461,0.0,0.0,267.5573931134512,True
1776223076.603662,134.87778043746948,5.390013263889861,0.4141122316911976,0.07330880833323357,0.0,0.0,267.4774395868426,True
1776223076.677292,134.95141053199768,5.390021095192086,0.41428721267704577,0.07330880833323253,0.0,0.0,267.3974860602334,True
1776223076.751729,135.02584743499756,5.390027566168602,0.41442784500743524,0.0733088083332317,0.0,0.0,267.33352323894576,True
1776223076.839751,135.11386942863464,5.390035914368548,0.41460444318786555,0.07330880833323064,0.0,0.0,267.2535697123357,True
1776223076.912794,135.1869125366211,5.390044553162455,0.41478193703983274,0.07330880833322959,0.0,0.0,267.1736161857252,True
1776223076.9829,135.257018327713,5.390051675065184,0.41492457567192276,0.07330880833322873,0.0,0.0,267.10965336443644,True
1776223077.072054,135.34617233276367,5.3900599129283115,0.41508572653705794,0.07330880833322778,0.0,0.0,267.0376951904862,True
1776223077.16331,135.43742847442627,5.390071271480248,0.41530171589109305,0.07330880833322649,0.0,0.0,266.941750958552,True
1776223077.228908,135.50302648544312,5.390079083646667,0.4154464193356438,0.07330880833322564,0.0,0.0,266.8777881372622,True
1776223077.297597,135.57171535491943,5.3900860778007,0.4155735001981179,0.0733088083332249,0.0,0.0,266.82182066863334,True
1776223077.368699,135.64281749725342,5.390094253379727,0.41571926637508333,0.07330880833322403,0.0,0.0,266.757857847343,True
1776223077.436837,135.71095538139343,5.3901047480452915,0.4159022689499944,0.07330880833322295,0.0,0.0,266.6779043207297,True
1776223077.549114,135.82323241233826,5.390117748420735,0.4161230351721154,0.07330880833322166,0.0,0.0,266.58196008879315,True
1776223077.625148,135.89926648139954,5.390126663780145,0.41627091597102855,0.07330880833322079,0.0,0.0,266.5179972675018,True
1776223077.700501,135.97461938858032,5.39013808962075,0.4164565563856583,0.0733088083332197,0.0,0.0,266.4380437408872,True
1776223077.781647,136.05576539039612,5.390149830612539,0.4166430720418913,0.07330880833321862,0.0,0.0,266.35809021427235,True
1776223077.858807,136.1329255104065,5.390159451906316,0.4167929133795364,0.07330880833321775,0.0,0.0,266.29412739298004,True
1776223077.929292,136.20341038703918,5.390169277621576,0.41694331253613365,0.07330880833321687,0.0,0.0,266.23016457168757,True
1776223077.997757,136.27187538146973,5.3901818490706646,0.4171320943290229,0.07330880833321576,0.0,0.0,266.1502110450716,True
1776223078.078792,136.35291051864624,5.390193440022391,0.41730274008028345,0.07330880833321478,0.0,0.0,266.07825287111694,True
1776223078.141047,136.41516542434692,5.390201313806297,0.41741689374827645,0.07330880833321411,0.0,0.0,266.03028075514703,True
1776223078.239727,136.5138454437256,5.390216055329179,0.4176269838050846,0.07330880833321289,0.0,0.0,265.9423318758685,True
1776223078.309124,136.58324241638184,5.390229802835845,0.41781888058403066,0.07330880833321178,0.0,0.0,265.86237834925123,True
1776223078.396137,136.67025542259216,5.390245308690613,0.4180309609142631,0.07330880833321056,0.0,0.0,265.7744294699719,True
1776223078.46723,136.74134850502014,5.390255386650042,0.4181664620289989,0.07330880833320978,0.0,0.0,265.71846200133933,True
1776223078.530845,136.80496335029602,5.3902656293508935,0.4183023830068823,0.07330880833320899,0.0,0.0,265.66249453270655,True
1776223078.59564,136.86975836753845,5.390279041878875,0.4184777543536818,0.07330880833320798,0.0,0.0,265.59053635875,True
1776223078.685391,136.95950937271118,5.3902958090154005,0.41869303587803763,0.07330880833320674,0.0,0.0,265.5025874794694,True
1776223078.765618,137.03973650932312,5.390308263354817,0.4188502513950417,0.07330880833320584,0.0,0.0,265.4386246581742,True
1776223078.833107,137.10722541809082,5.390320938007347,0.4190080106750259,0.07330880833320494,0.0,0.0,265.3746618368788,True
1776223078.895505,137.16962337493896,5.390335461787584,0.4191861385086858,0.07330880833320393,0.0,0.0,265.3027036629212,True
1776223078.967498,137.24161648750305,5.390348608477128,0.41934504975516373,0.07330880833320301,0.0,0.0,265.2387408416254,True
1776223079.036184,137.31030249595642,5.390360295500443,0.4194845404598316,0.07330880833320222,0.0,0.0,265.18277337299133,True
1776223079.10456,137.37867832183838,5.3903738630475875,0.41964446415078,0.0733088083332013,0.0,0.0,265.1188105516951,True
1776223079.183829,137.4579474925995,5.390392887871019,0.41986523817014126,0.07330880833320004,0.0,0.0,265.0308616724126,True
1776223079.271298,137.54541635513306,5.390408773708621,0.42004662668753573,0.07330880833319901,0.0,0.0,264.9589034984539,True
1776223079.384851,137.65896940231323,5.390434061677701,0.4203301338006784,0.07330880833319742,0.0,0.0,264.84696856118427,True
1776223079.453781,137.72789931297302,5.390450691410005,0.4205132521110066,0.07330880833319636,0.0,0.0,264.775010387225,True
1776223079.516086,137.7902045249939,5.39046194111971,0.42063570560783464,0.07330880833319567,0.0,0.0,264.727038271252,True
1776223079.58115,137.85526847839355,5.390475231557223,0.4207789461037201,0.07330880833319488,0.0,0.0,264.6710708026168,True
1776223079.649064,137.9231824874878,5.390492582759566,0.4209637096269106,0.07330880833319382,0.0,0.0,264.59911262865694,True
1776223079.710368,137.98448634147644,5.390508256111104,0.4211285067158975,0.07330880833319289,0.0,0.0,264.5351498073592,True
1776223079.790805,138.06492352485657,5.390524165989439,0.42129383241437074,0.07330880833319196,0.0,0.0,264.47118698606124,True
1776223079.862582,138.1367003917694,5.390540313520177,0.42145968563781083,0.07330880833319103,0.0,0.0,264.40722416476314,True
1776223079.925367,138.19948554039001,5.390558764958855,0.4216468997190601,0.07330880833318998,0.0,0.0,264.33526599080255,True
1776223079.993435,138.26755332946777,5.390575421224815,0.42181387032516887,0.07330880833318904,0.0,0.0,264.2713031695041,True
1776223080.062153,138.33627152442932,5.3905901932385225,0.42196039958993664,0.07330880833318823,0.0,0.0,264.2153357008679,True
1776223080.125868,138.39998650550842,5.3906051506294395,0.42210732940807266,0.0733088083331874,0.0,0.0,264.1593682322315,True
1776223080.190313,138.46443152427673,5.390624655149227,0.42229682656506257,0.07330880833318634,0.0,0.0,264.0874100582703,True
1776223080.263448,138.53756642341614,5.390644468916762,0.4224869830949899,0.07330880833318527,0.0,0.0,264.01545188430896,True
1776223080.333679,138.60779738426208,5.3906600944328344,0.42263533748292625,0.07330880833318446,0.0,0.0,263.95948441567214,True
1776223080.427302,138.70142030715942,5.390685030482064,0.42286926803397107,0.07330880833318315,0.0,0.0,263.8715355363856,True
1776223080.516253,138.79037141799927,5.390712768424634,0.42312558029383107,0.07330880833318174,0.0,0.0,263.7755913044363,True
1776223080.581544,138.85566234588623,5.390729208110962,0.4232756317926258,0.0733088083331809,0.0,0.0,263.7196238357991,True
1776223080.651995,138.9261133670807,5.39074583970636,0.4234260773350211,0.07330880833318007,0.0,0.0,263.6636563671618,True
1776223080.736723,139.0108413696289,5.3907723645577965,0.4236632861093501,0.07330880833317877,0.0,0.0,263.5757074878743,True
1776223080.809363,139.0834813117981,5.390794422504001,0.42385808640403605,0.07330880833317768,0.0,0.0,263.5037493139118,True
1776223080.876255,139.1503734588623,5.3908118011324095,0.4240100448965776,0.07330880833317685,0.0,0.0,263.4477818452741,True
1776223080.968746,139.24286437034607,5.390839505537614,0.4242496253857067,0.07330880833317552,0.0,0.0,263.35983296598613,True
1776223081.039961,139.31407952308655,5.390865112496333,0.42446826007004756,0.07330880833317432,0.0,0.0,263.27987943936046,True
1776223081.105006,139.37912440299988,5.390883277172834,0.4246217758791128,0.07330880833317348,0.0,0.0,263.2239119707224,True
1776223081.173993,139.44811153411865,5.390901640153716,0.42477567915467856,0.07330880833317263,0.0,0.0,263.1679445020842,True
1776223081.252136,139.52625441551208,5.39092554223457,0.4249741229313979,0.07330880833317155,0.0,0.0,263.0959863281208,True
1776223081.345068,139.6191864013672,5.39096065133324,0.4252618893108832,0.07330880833316998,0.0,0.0,262.9920467435066,True
1776223081.443255,139.71737337112427,5.390988130412947,0.42548415040241716,0.07330880833316876,0.0,0.0,262.9120932168801,True
1776223081.513023,139.7871413230896,5.391010410771992,0.4256625225905158,0.07330880833316779,0.0,0.0,262.8481303955788,True
1776223081.607265,139.88138341903687,5.391047182491092,0.4259534422570159,0.0733088083331662,0.0,0.0,262.74419081096397,True
1776223081.687856,139.9619743824005,5.391073052461935,0.42615561832426613,0.07330880833316511,0.0,0.0,262.6722326369997,True
1776223081.777983,140.05210137367249,5.391099261740937,0.4263584226701697,0.07330880833316401,0.0,0.0,262.60027446303525,True
1776223081.845968,140.1200864315033,5.3911258118072345,0.4265618536902087,0.0733088083331629,0.0,0.0,262.5283162890707,True
1776223081.910816,140.1849343776703,5.391152704135159,0.426765909777662,0.0733088083331618,0.0,0.0,262.456358115106,True
1776223081.990125,140.2642433643341,5.3911768969455,0.426947816413843,0.07330880833316082,0.0,0.0,262.39239529380404,True
1776223082.054598,140.32871651649475,5.391198289252261,0.42710738792456804,0.07330880833315996,0.0,0.0,262.33642782516466,True
1776223082.119946,140.39406442642212,5.391226101449235,0.4273131029867247,0.07330880833315886,0.0,0.0,262.26446965119965,True
1776223082.197879,140.47199749946594,5.391254261272674,0.42751943720628705,0.07330880833315775,0.0,0.0,262.1925114772346,True
1776223082.274664,140.5487823486328,5.391279585235272,0.42770336388085967,0.07330880833315676,0.0,0.0,262.1285486559321,True
1776223082.338822,140.61294031143188,5.391301970756327,0.42786469908507446,0.0733088083331559,0.0,0.0,262.07258118729237,True
1776223082.410049,140.68416738510132,5.391334319085215,0.428095822962649,0.07330880833315466,0.0,0.0,261.99262766066414,True
1776223082.475024,140.74914240837097,5.391360511508237,0.4282812670942446,0.07330880833315367,0.0,0.0,261.9286648393614,True
1776223082.544396,140.81851434707642,5.391383659522502,0.4284439271517437,0.0733088083331528,0.0,0.0,261.8726973707215,True
1776223082.617741,140.8918595314026,5.391410377748706,0.428630276410904,0.0733088083331518,0.0,0.0,261.8087345494186,True
1776223082.68789,140.96200847625732,5.39144417202726,0.42886388938529907,0.07330880833315057,0.0,0.0,261.7287810227899,True
1776223082.758983,141.03310132026672,5.391474965048954,0.4290747819215836,0.07330880833314944,0.0,0.0,261.656822848824,True
1776223082.829378,141.1034963130951,5.391499163810913,0.42923922810709786,0.07330880833314857,0.0,0.0,261.6008553801837,True
1776223082.891986,141.16610431671143,5.3915235808552575,0.4294040397755131,0.0733088083331477,0.0,0.0,261.54488791154347,True
1776223082.957656,141.23177433013916,5.391555296005425,0.4296164762891892,0.07330880833314657,0.0,0.0,261.4729297375772,True
1776223083.027789,141.30190753936768,5.391587374488474,0.4298295140579232,0.07330880833314543,0.0,0.0,261.40097156361094,True
1776223083.097567,141.37168550491333,5.391612576508528,0.42999562473301045,0.07330880833314457,0.0,0.0,261.3450040949704,True
1776223083.169684,141.44380235671997,5.391641649830655,0.43018590867290263,0.07330880833314354,0.0,0.0,261.2810412736669,True
1776223083.291713,141.5658314228058,5.391696944761412,0.4305439612791882,0.07330880833314167,0.0,0.0,261.1611109837226,True
1776223083.375945,141.65006351470947,5.391730613790219,0.4307595855091503,0.07330880833314055,0.0,0.0,261.0891528097559,True
1776223083.44607,141.72018837928772,5.391764653556959,0.43097580222396936,0.07330880833313941,0.0,0.0,261.0171946357891,True
1776223083.525219,141.79933738708496,5.391802912006036,0.4312167358999609,0.07330880833313813,0.0,0.0,260.93724110915923,True
1776223083.596287,141.87040543556213,5.391829967266357,0.4313858222668121,0.07330880833313726,0.0,0.0,260.8812736405183,True
1776223083.664889,141.93900752067566,5.391861165150586,0.4315794991246183,0.07330880833313624,0.0,0.0,260.81731081921424,True
1776223083.727634,142.0017523765564,5.391896617834411,0.43179793920098813,0.0733088083331351,0.0,0.0,260.7453526452471,True
1776223083.813486,142.08760452270508,5.391936452223236,0.43204133594313665,0.07330880833313383,0.0,0.0,260.6653991186169,True
1776223083.90389,142.1780083179474,5.391972702916741,0.43226100818514046,0.07330880833313269,0.0,0.0,260.5934409446496,True
1776223083.981353,142.2554714679718,5.392013427318379,0.432505769886631,0.07330880833313141,0.0,0.0,260.5134874180192,True
1776223084.057262,142.33138036727905,5.392054622815246,0.43275124667844755,0.07330880833313015,0.0,0.0,260.4335338913887,True
1776223084.129023,142.40314149856567,5.392083740944965,0.43292350468736723,0.07330880833312925,0.0,0.0,260.3775664227473,True
1776223084.205824,142.47994232177734,5.392117303365153,0.4331207976588649,0.07330880833312822,0.0,0.0,260.31360360144276,True
1776223084.290548,142.5646665096283,5.392168218073328,0.4334175879928666,0.0733088083331267,0.0,0.0,260.21765936948583,True
1776223084.364784,142.638902425766,5.39220685548222,0.43364084871348907,0.07330880833312554,0.0,0.0,260.1457011955181,True
1776223084.437671,142.71178936958313,5.392237175226188,0.4338148905745772,0.07330880833312464,0.0,0.0,260.0897337268765,True
1776223084.507337,142.78145551681519,5.392272114824021,0.4340142172772866,0.07330880833312363,0.0,0.0,260.0257709055717,True
1776223084.576184,142.85030245780945,5.392311790756599,0.4342389961007048,0.07330880833312248,0.0,0.0,259.95381273160365,True
1776223084.646911,142.92102932929993,5.3923518585263475,0.4344643411359392,0.07330880833312131,0.0,0.0,259.8818545576357,True
1776223084.743476,143.01759433746338,5.392396839409351,0.4347153865392655,0.07330880833312002,0.0,0.0,259.8019010310045,True
1776223084.833864,143.10798239707947,5.3924514596246595,0.43501755774835416,0.07330880833311848,0.0,0.0,259.70595679904693,True
1776223084.924067,143.19818544387817,5.3925021469661685,0.43529542333467497,0.07330880833311708,0.0,0.0,259.6180079197524,True
1776223084.997288,143.27140641212463,5.392534711835618,0.4354726813572169,0.07330880833311616,0.0,0.0,259.5620404511104,True
1776223085.065933,143.3400514125824,5.39257222429898,0.43567567452814465,0.07330880833311514,0.0,0.0,259.4980776298052,True
1776223085.128687,143.40280532836914,5.392614803610261,0.43590456645736936,0.07330880833311397,0.0,0.0,259.4261194558368,True
1776223085.197712,143.471830368042,5.392652988684061,0.4361084909560692,0.07330880833311294,0.0,0.0,259.36215663453146,True
1776223085.269218,143.54333639144897,5.392681836068313,0.4362617207914372,0.07330880833311215,0.0,0.0,259.31418451855245,True
1776223085.339742,143.61386036872864,5.39272057806073,0.4364664082318686,0.07330880833311113,0.0,0.0,259.25022169724707,True
1776223085.412492,143.68661046028137,5.39276945488162,0.43672287816681327,0.07330880833310982,0.0,0.0,259.17026817061526,True
1776223085.490144,143.76426243782043,5.392813872201987,0.43695427941780635,0.07330880833310865,0.0,0.0,259.09830999664655,True
1776223085.56185,143.83596849441528,5.392848700281152,0.4371346358123695,0.07330880833310775,0.0,0.0,259.04234252800416,True
1776223085.634222,143.90834045410156,5.392893841898389,0.4373670067465022,0.07330880833310657,0.0,0.0,258.97038435403545,True
1776223085.698895,143.9730134010315,5.392939392649158,0.4375999207618902,0.07330880833310542,0.0,0.0,258.89842618006656,True
1776223085.797988,144.07210636138916,5.392990485937986,0.4378593489852706,0.07330880833310412,0.0,0.0,258.81847265343447,True
1776223085.868611,144.14272952079773,5.393031726465418,0.4380673712134503,0.07330880833310308,0.0,0.0,258.7545098321287,True
1776223085.934136,144.2082543373108,5.393078511975728,0.4383019042338981,0.07330880833310188,0.0,0.0,258.68255165815975,True
1776223086.010543,144.28466153144836,5.39312571150921,0.4385369735041731,0.07330880833310072,0.0,0.0,258.61059348419064,True
1776223086.099082,144.37320041656494,5.393173326276029,0.43877257731222563,0.07330880833309954,0.0,0.0,258.53863531022154,True
1776223086.165117,144.43923544883728,5.393216000078614,0.4389824502818018,0.0733088083330985,0.0,0.0,258.4746724889157,True
1776223086.25898,144.53309845924377,5.393275215362927,0.43927171081076555,0.07330880833309705,0.0,0.0,258.38672360962,True
1776223086.361243,144.63536143302917,5.393340527725243,0.439588169244359,0.07330880833309548,0.0,0.0,258.290779377661,True
1776223086.42898,144.70309853553772,5.393390002487669,0.43982612801936816,0.0733088083330943,0.0,0.0,258.2188212036917,True
1776223086.492192,144.76631045341492,5.393428774368586,0.44001157024760934,0.0733088083330934,0.0,0.0,258.1628537350489,True
1776223086.567177,144.84129548072815,5.393473398198381,0.440223892211217,0.07330880833309235,0.0,0.0,258.0988909137428,True
1776223086.631098,144.9052164554596,5.393518356801618,0.4404366268690074,0.07330880833309128,0.0,0.0,258.03492809243664,True
1776223086.71232,144.98643851280212,5.393580723013078,0.4407298086499328,0.07330880833308986,0.0,0.0,257.9469792131406,True
1776223086.790212,145.06433033943176,5.393626479992765,0.44094351859877673,0.07330880833308881,0.0,0.0,257.88301639183436,True
1776223086.869398,145.14351654052734,5.393678360096412,0.4411844306367803,0.07330880833308762,0.0,0.0,257.8110582178648,True
1776223086.942364,145.21648240089417,5.393736507091375,0.44145271509223954,0.0733088083330863,0.0,0.0,257.7311046912319,True
1776223087.012141,145.2862594127655,5.3937834065032035,0.4416677991991483,0.07330880833308524,0.0,0.0,257.66714186992556,True
1776223087.074952,145.34907031059265,5.39381880431623,0.44182937779713094,0.07330880833308445,0.0,0.0,257.6191697539458,True
1776223087.169953,145.44407153129578,5.393896157791022,0.44218024286375146,0.07330880833308275,0.0,0.0,257.5152301693229,True
1776223087.258953,145.53307151794434,5.3939502392731855,0.44242377099161806,0.07330880833308155,0.0,0.0,257.44327199535314,True
1776223087.32881,145.60292840003967,5.393998676163042,0.44264066573658906,0.07330880833308051,0.0,0.0,257.3793091740466,True
1776223087.391597,145.6657154560089,5.394053578706985,0.4428851492033174,0.07330880833307932,0.0,0.0,257.30735100007684,True
1776223087.472989,145.74710750579834,5.3941150932936495,0.4431573876605717,0.07330880833307798,0.0,0.0,257.2273974734436,True
1776223087.549603,145.823721408844,5.394164693815378,0.4433756241578213,0.07330880833307693,0.0,0.0,257.163434652137,True
1776223087.62262,145.89673852920532,5.394214640829274,0.4435942555343567,0.07330880833307588,0.0,0.0,257.0994718308305,True
1776223087.694843,145.96896147727966,5.394277563035118,0.44386809818716366,0.07330880833307454,0.0,0.0,257.01951830419716,True
1776223087.767376,146.04149436950684,5.394328292493665,0.444087613560473,0.07330880833307349,0.0,0.0,256.9555554828905,True
1776223087.83373,146.107848405838,5.394372967038523,0.44428001020897373,0.07330880833307257,0.0,0.0,256.8995880142471,True
1776223087.903511,146.1776294708252,5.3944307991993465,0.4445278157595434,0.07330880833307138,0.0,0.0,256.82762984027715,True
1776223087.977395,146.25151348114014,5.3944890750105055,0.4447761129246221,0.07330880833307019,0.0,0.0,256.75567166630697,True
1776223088.048672,146.3227903842926,5.39454124905472,0.44499723281339776,0.07330880833306913,0.0,0.0,256.6917088450002,True
1776223088.116392,146.39051032066345,5.3945937752512725,0.4452187385235495,0.07330880833306806,0.0,0.0,256.6277460236934,True
1776223088.192487,146.46660542488098,5.394659929360481,0.44549616134583986,0.07330880833306673,0.0,0.0,256.54779249705996,True
1776223088.261993,146.53611135482788,5.394699887116706,0.4456629024797771,0.07330880833306594,0.0,0.0,256.49982038107976,True
1776223088.335675,146.60979342460632,5.394760197638039,0.4459134170386841,0.07330880833306475,0.0,0.0,256.42786220710957,True
1776223088.406793,146.6809115409851,5.394827736691337,0.4461923316250505,0.07330880833306341,0.0,0.0,256.34790868047594,True
1776223088.525916,146.80003452301025,5.394916369671632,0.4465558059911091,0.07330880833306169,0.0,0.0,256.2439690958522,True
1776223088.612254,146.88637232780457,5.394992103757191,0.44686413937184816,0.07330880833306024,0.0,0.0,256.1560202165551,True
1776223088.673429,146.9475474357605,5.395040650832688,0.44706072133832003,0.07330880833305929,0.0,0.0,256.1000527479115,True
1776223088.750888,147.02500653266907,5.395096469809569,0.44728573738969024,0.07330880833305822,0.0,0.0,256.03608992660446,True
1776223088.841144,147.11526250839233,5.395180873015277,0.44762396074558963,0.07330880833305663,0.0,0.0,255.94014569464395,True
1776223088.907274,147.18139243125916,5.395237592699296,0.4478499073597076,0.07330880833305557,0.0,0.0,255.87618287333683,True
1776223089.003745,147.27786350250244,5.395309000807706,0.44813286086912263,0.07330880833305423,0.0,0.0,255.79622934670294,True
1776223089.096847,147.37096548080444,5.395395438184975,0.4484731648984908,0.07330880833305264,0.0,0.0,255.70028511474237,True
1776223089.16619,147.44030833244324,5.395460802820973,0.4487289345097512,0.07330880833305144,0.0,0.0,255.6283269407718,True
1776223089.24548,147.5195984840393,5.395511960691157,0.4489281861011639,0.0733088083330505,0.0,0.0,255.57235947212808,True
1776223089.316887,147.59100532531738,5.39557076896196,0.449156243543527,0.07330880833304944,0.0,0.0,255.50839665082088,True
1776223089.396492,147.67061042785645,5.3956522274554635,0.44947041481961647,0.07330880833304797,0.0,0.0,255.42044777152347,True
1776223089.488685,147.76280331611633,5.395734378998957,0.4497852689618329,0.07330880833304651,0.0,0.0,255.33249889222606,True
1776223089.577031,147.85114932060242,5.3958021106486065,0.4500433825469235,0.0733088083330453,0.0,0.0,255.26054071825547,True
1776223089.654213,147.92833137512207,5.395877914774325,0.45033070684461235,0.07330880833304396,0.0,0.0,255.18058719162136,True
1776223089.722489,147.99660754203796,5.395938973311551,0.45056096746580726,0.0733088083330429,0.0,0.0,255.116624370314,True
1776223089.788858,148.06297636032104,5.395992702891171,0.4507627369702861,0.07330880833304196,0.0,0.0,255.06065690167017,True
1776223089.875817,148.1499354839325,5.396077708274331,0.45108035084995,0.07330880833304049,0.0,0.0,254.97270802237261,True
1776223089.942066,148.2161843776703,5.39614778028024,0.45134071251235225,0.0733088083330393,0.0,0.0,254.90074984840186,True
1776223090.019154,148.29327249526978,5.396210461851566,0.45157251812329124,0.07330880833303823,0.0,0.0,254.83678702709454,True
1776223090.095201,148.36931943893433,5.396273516207442,0.4518046735082617,0.07330880833303716,0.0,0.0,254.77282420578712,True
1776223090.167466,148.4415843486786,5.396352859393653,0.452095357698589,0.07330880833303582,0.0,0.0,254.69287067915283,True
1776223090.256896,148.53101444244385,5.396424768234913,0.45235743704503434,0.07330880833303462,0.0,0.0,254.62091250518205,True
1776223090.324574,148.59869241714478,5.396497151707247,0.4526199537139064,0.07330880833303341,0.0,0.0,254.54895433121123,True
1776223090.392404,148.66652250289917,5.396578135587115,0.45291214963471793,0.07330880833303208,0.0,0.0,254.46900080457692,True
1776223090.4929,148.76701831817627,5.396667897489673,0.453234183255508,0.0733088083330306,0.0,0.0,254.38105192527914,True
1776223090.569922,148.84404039382935,5.396750118439813,0.45352750034291117,0.07330880833302927,0.0,0.0,254.3010983986448,True
1776223090.653888,148.92800641059875,5.396832930421346,0.45382134750901537,0.07330880833302793,0.0,0.0,254.2211448720104,True
1776223090.729815,149.00393342971802,5.396899606388064,0.45405680524530917,0.07330880833302686,0.0,0.0,254.1571820507029,True
1776223090.802101,149.07621932029724,5.396975070735644,0.4543220972574455,0.07330880833302567,0.0,0.0,254.08522387673196,True
1776223090.87494,149.14905834197998,5.397059484714219,0.4546173633426642,0.07330880833302433,0.0,0.0,254.00527035009753,True
1776223090.961801,149.23591947555542,5.397135966507717,0.4548835483173756,0.07330880833302311,0.0,0.0,253.9333121761265,True
1776223091.033606,149.3077244758606,5.39720435605926,0.455120509989007,0.07330880833302206,0.0,0.0,253.86934935481895,True
1776223091.105849,149.37996745109558,5.397290380984262,0.4554171770283511,0.07330880833302073,0.0,0.0,253.78939582818444,True
1776223091.19962,149.47373843193054,5.397377004797454,0.4557143583748014,0.07330880833301937,0.0,0.0,253.70944230154993,True
1776223091.280631,149.55474948883057,5.397437998447931,0.45592269000758073,0.07330880833301844,0.0,0.0,253.6534748329058,True
1776223091.350849,149.62496733665466,5.397516851577749,0.4561909121230238,0.07330880833301724,0.0,0.0,253.58151665893467,True
1776223091.421144,149.6952624320984,5.397605038096254,0.45648941910629615,0.0733088083330159,0.0,0.0,253.50156313230013,True
1776223091.492415,149.76653337478638,5.397684921641511,0.4567585075870518,0.0733088083330147,0.0,0.0,253.42960495832904,True
1776223091.579118,149.85323643684387,5.397765294611322,0.45702800364571056,0.0733088083330135,0.0,0.0,253.35764678435788,True
1776223091.652346,149.92646431922913,5.397846157855866,0.45729790547742594,0.0733088083330123,0.0,0.0,253.28568861038679,True
1776223091.716535,149.99065351486206,5.397927512220382,0.45756821127648634,0.0733088083330111,0.0,0.0,253.21373043641563,True
1776223091.789196,150.0633144378662,5.398000240188725,0.45780882077052076,0.07330880833301001,0.0,0.0,253.14976761510792,True
1776223091.881947,150.15606546401978,5.398091697665556,0.4581100275495399,0.07330880833300868,0.0,0.0,253.06981408847327,True
1776223091.972786,150.24690437316895,5.398211503629892,0.45850233157765485,0.07330880833300694,0.0,0.0,252.96587450384828,True
1776223092.042813,150.31693148612976,5.398285743362639,0.45874416038456517,0.07330880833300589,0.0,0.0,252.90191168254051,True
1776223092.113092,150.3872103691101,5.3983510242954935,0.45895601621364285,0.07330880833300496,0.0,0.0,252.84594421389622,True
1776223092.196277,150.47039532661438,5.398444803546323,0.45925907950435346,0.07330880833300361,0.0,0.0,252.7659906872615,True
1776223092.287371,150.5614893436432,5.398548669560721,0.4595930064249118,0.07330880833300214,0.0,0.0,252.6780418079633,True
1776223092.365647,150.63976550102234,5.398653279591155,0.45992751397541554,0.07330880833300067,0.0,0.0,252.59009292866506,True
1776223092.442169,150.71628737449646,5.398729827761545,0.46017115499669753,0.0733088083329996,0.0,0.0,252.52613010735723,True
1776223092.520643,150.79476141929626,5.39880677078881,0.4604151001026827,0.07330880833299853,0.0,0.0,252.46216728604944,True
1776223092.597553,150.87167143821716,5.398903505683667,0.46072045716242294,0.0733088083329972,0.0,0.0,252.38221375941473,True
1776223092.67057,150.9446883201599,5.398991096221169,0.46099568099312765,0.07330880833299601,0.0,0.0,252.31025558544337,True
1776223092.734068,151.00818634033203,5.399059569279283,0.4612100063740095,0.07330880833299508,0.0,0.0,252.2542881167991,True
1776223092.835814,151.10993242263794,5.399177659358442,0.46157795283505537,0.07330880833299347,0.0,0.0,252.15834388483728,True
1776223092.908653,151.18277144432068,5.399276751740853,0.46188508510703186,0.07330880833299215,0.0,0.0,252.07839035820245,True
1776223092.976768,151.2508864402771,5.399346486983498,0.4621003522459602,0.07330880833299121,0.0,0.0,252.02242288955804,True
1776223093.04474,151.31885838508606,5.399416527813348,0.46231584450553154,0.07330880833299028,0.0,0.0,251.96645542091358,True
1776223093.115451,151.38956952095032,5.3995070299058225,0.46259323539377695,0.07330880833298908,0.0,0.0,251.89449724694225,True
1776223093.205698,151.47981643676758,5.399628487365581,0.4629636634453747,0.07330880833298749,0.0,0.0,251.79855301498043,True
1776223093.275338,151.54945635795593,5.399689554307393,0.46314912205749764,0.07330880833298668,0.0,0.0,251.7505808989995,True
1776223093.365211,151.63932943344116,5.399802096891636,0.4634895507513306,0.07330880833298523,0.0,0.0,251.66263201970105,True
1776223093.438633,151.7127513885498,5.399915399644011,0.4638305217541212,0.07330880833298375,0.0,0.0,251.57468314040273,True
1776223093.519934,151.79405236244202,5.400008668239914,0.4641098990739825,0.07330880833298256,0.0,0.0,251.5027249664313,True
1776223093.613814,151.8879325389862,5.400112898762982,0.46442073926706506,0.07330880833298124,0.0,0.0,251.4227714397964,True
1776223093.689012,151.96313047409058,5.400217760500657,0.46473202014527754,0.07330880833297991,0.0,0.0,251.34281791316147,True
1776223093.767596,152.04171442985535,5.400323254430035,0.46504373920551595,0.07330880833297858,0.0,0.0,251.26286438652664,True
1776223093.839572,152.11369037628174,5.400397476854189,0.4652622019251617,0.07330880833297765,0.0,0.0,251.20689691788206,True
1776223093.907976,152.18209433555603,5.4004826828025125,0.4655121339095814,0.07330880833297658,0.0,0.0,251.14293409657415,True
1776223093.992926,152.2670443058014,5.400611253399643,0.46588754979009755,0.07330880833297498,0.0,0.0,251.0469898646121,True
1776223094.064893,152.33901143074036,5.4006974756235735,0.4661381704418706,0.07330880833297393,0.0,0.0,250.98302704330413,True
1776223094.143448,152.41756653785706,5.400784105205017,0.4663890643147775,0.07330880833297287,0.0,0.0,250.91906422199614,True
1776223094.279919,152.5540373325348,5.400882051000652,0.46667164490796437,0.07330880833297168,0.0,0.0,250.8471060480246,True
1776223094.379693,152.65381145477295,5.400958588355588,0.4668916665885666,0.07330880833297077,0.0,0.0,250.79113857938012,True
1776223094.46303,152.7371485233307,5.401101559745257,0.46730082478433704,0.07330880833296903,0.0,0.0,250.68719899475457,True
1776223094.526654,152.80077242851257,5.401290154438742,0.46783694190444347,0.07330880833296678,0.0,0.0,250.55127799947508,True
1776223094.602938,152.87705636024475,5.401413173870533,0.468184478564039,0.07330880833296534,0.0,0.0,250.46332912017652,True
1776223094.689026,152.96314454078674,5.401514404280167,0.4684691964280602,0.07330880833296416,0.0,0.0,250.39137094620503,True
1776223094.764546,153.0386643409729,5.4016048242525745,0.46872255669952895,0.07330880833296309,0.0,0.0,250.327408124897,True
1776223094.860485,153.1346035003662,5.401752635897828,0.469134821204687,0.07330880833296138,0.0,0.0,250.2234685402714,True
1776223094.936147,153.2102653980255,5.401855605555686,0.4694206344536644,0.07330880833296019,0.0,0.0,250.15151036629982,True
1776223095.006063,153.28018140792847,5.401936054718692,0.469643158187728,0.07330880833295927,0.0,0.0,250.09554289765526,True
1776223095.077452,153.3515703678131,5.402028384515359,0.46989771039895123,0.07330880833295822,0.0,0.0,250.03158007634715,True
1776223095.156644,153.43076252937317,5.402156014343878,0.4702481343188546,0.07330880833295678,0.0,0.0,249.9436311970485,True
1776223095.223515,153.49763345718384,5.402249328513175,0.470503287907293,0.07330880833295572,0.0,0.0,249.87966837574044,True
1776223095.294567,153.5686855316162,5.402319586591972,0.47069481791296097,0.07330880833295494,0.0,0.0,249.83169625975933,True
1776223095.362133,153.63625144958496,5.402425412010782,0.4709823764997593,0.07330880833295375,0.0,0.0,249.75973808578772,True
1776223095.440796,153.7149143218994,5.4025554692460664,0.47133426413102586,0.07330880833295231,0.0,0.0,249.67178920648905,True
1776223095.526523,153.80064153671265,5.402662465472144,0.47162251947874223,0.07330880833295111,0.0,0.0,249.59983103251744,True
1776223095.604318,153.8784363269806,5.402758016320315,0.4718790072507756,0.07330880833295007,0.0,0.0,249.53586821120933,True
1776223095.671332,153.94545030593872,5.4028780419792115,0.47219996009834336,0.07330880833294877,0.0,0.0,249.45591468457417,True
1776223095.747526,154.02164435386658,5.40299872071694,0.4725212918544332,0.07330880833294745,0.0,0.0,249.37596115793906,True
1776223095.818871,154.09298944473267,5.4030835848403385,0.47274644818586825,0.07330880833294653,0.0,0.0,249.31999368929445,True
1776223095.891882,154.16600036621094,5.403180965079542,0.4730039944337244,0.0733088083329455,0.0,0.0,249.2560308679864,True
1776223095.962768,154.23688650131226,5.4033032799685525,0.4733262624438901,0.07330880833294419,0.0,0.0,249.17607734135123,True
1776223096.029874,154.30399250984192,5.403401604035154,0.4735843434405002,0.07330880833294313,0.0,0.0,249.11211452004306,True
1776223096.100521,154.3746395111084,5.403487982209629,0.47381035759783,0.07330880833294222,0.0,0.0,249.0561470513985,True
1776223096.188982,154.4631004333496,5.403611938091558,0.47413354611894826,0.07330880833294091,0.0,0.0,248.9761935247634,True
1776223096.267114,154.5412323474884,5.403724060720331,0.4744247269047021,0.07330880833293975,0.0,0.0,248.90423535079168,True
1776223096.330537,154.60465550422668,5.403836716653976,0.47471620052759794,0.07330880833293857,0.0,0.0,248.83227717682,True
1776223096.395416,154.66953444480896,5.4039247069869125,0.47494310351355085,0.07330880833293767,0.0,0.0,248.77630970817535,True
1776223096.473671,154.74778938293457,5.404025663132996,0.4752026356583848,0.07330880833293663,0.0,0.0,248.71234688686724,True
1776223096.537725,154.81184339523315,5.404127041787558,0.4754623953095497,0.07330880833293558,0.0,0.0,248.6483840655591,True
1776223096.607058,154.8811764717102,5.4042543598234785,0.4757874128381889,0.07330880833293428,0.0,0.0,248.56843053892393,True
1776223096.692837,154.9669554233551,5.404369511590203,0.4760802287406622,0.07330880833293311,0.0,0.0,248.49647236495224,True
1776223096.773079,155.04719734191895,5.404472318933431,0.47634074669730364,0.07330880833293207,0.0,0.0,248.43250954364402,True
1776223096.841005,155.11512351036072,5.404588484156347,0.4766340945258035,0.07330880833293091,0.0,0.0,248.36055136967224,True
1776223096.912765,155.18688344955444,5.4047181867836835,0.4769603636448796,0.07330880833292962,0.0,0.0,248.28059784303701,True
1776223096.980663,155.25478148460388,5.4048093736572085,0.4771889555880995,0.07330880833292872,0.0,0.0,248.22463037439232,True
1776223097.054189,155.328307390213,5.404913985923825,0.47745040753297796,0.07330880833292767,0.0,0.0,248.16066755308412,True
1776223097.117289,155.3914074897766,5.405032183478103,0.4777447995403046,0.07330880833292651,0.0,0.0,248.0887093791124,True
1776223097.185219,155.45933747291565,5.405137700578537,0.4780067097351638,0.07330880833292547,0.0,0.0,248.02474655780418,True
1776223097.275114,155.54923248291016,5.405230377761626,0.47823605644301925,0.07330880833292458,0.0,0.0,247.96877908915945,True
1776223097.345287,155.61940550804138,5.405336694526938,0.4784983661347723,0.07330880833292354,0.0,0.0,247.90481626785126,True
1776223097.429105,155.70322346687317,5.405483577312783,0.4788593865623519,0.07330880833292212,0.0,0.0,247.8168673885525,True
1776223097.507996,155.78211450576782,5.405604355170954,0.47915506157998267,0.07330880833292097,0.0,0.0,247.74490921458073,True
1776223097.578682,155.8528003692627,5.405712167788923,0.4794181048554182,0.07330880833291994,0.0,0.0,247.6809463932725,True
1776223097.653852,155.9279704093933,5.405847535649044,0.47974719945696664,0.07330880833291865,0.0,0.0,247.60099286663726,True
1776223097.74715,156.02126836776733,5.405997213675949,0.4801095735210885,0.07330880833291725,0.0,0.0,247.5130439873385,True
1776223097.817499,156.09161734580994,5.4060928855391,0.4803403755351694,0.07330880833291635,0.0,0.0,247.45707651869378,True
1776223097.885688,156.15980648994446,5.406202627235601,0.4806043387515149,0.07330880833291532,0.0,0.0,247.39311369738562,True
1776223097.952431,156.22654938697815,5.406340408449137,0.4809345751099704,0.07330880833291403,0.0,0.0,247.3131601707503,True
1776223098.031597,156.3057153224945,5.406464985893059,0.48123205411369097,0.07330880833291288,0.0,0.0,247.24120199677856,True
1776223098.121043,156.39516139030457,5.406590107910038,0.48152978347784525,0.07330880833291173,0.0,0.0,247.16924382280683,True
1776223098.190495,156.4646134376526,5.406715774929399,0.48182776136472355,0.07330880833291059,0.0,0.0,247.0972856488351,True
1776223098.281828,156.55594635009766,5.406856044667403,0.48215913714794556,0.07330880833290931,0.0,0.0,247.0173321221998,True
1776223098.34895,156.62306833267212,5.406982863635593,0.4824576336594884,0.07330880833290816,0.0,0.0,246.94537394822805,True
1776223098.420753,156.69487142562866,5.4071386065368285,0.4828227922811362,0.07330880833290676,0.0,0.0,246.85742506892927,True
1776223098.508946,156.78306436538696,5.407280899797023,0.4831550665907064,0.0733088083329055,0.0,0.0,246.77747154229394,True
1776223098.588752,156.8628704547882,5.4073952208281275,0.48342109817683176,0.07330880833290448,0.0,0.0,246.71350872098574,True
1776223098.663846,156.9379644393921,5.407538730605035,0.4837539007161153,0.07330880833290321,0.0,0.0,246.6335551943505,True
1776223098.733706,157.00782442092896,5.407668467883475,0.48405367096664,0.07330880833290207,0.0,0.0,246.56159702037866,True
1776223098.811505,157.08562350273132,5.407784250312427,0.48432032908194605,0.07330880833290106,0.0,0.0,246.4976341990704,True
1776223098.879838,157.15395641326904,5.407900466343716,0.4845871700142699,0.07330880833290004,0.0,0.0,246.43367137776215,True
1776223098.949691,157.22380948066711,5.408046346542449,0.48492097630167963,0.07330880833289878,0.0,0.0,246.35371785112687,True
1776223099.01903,157.29314851760864,5.408163539150332,0.48518822385785726,0.07330880833289777,0.0,0.0,246.2897550298186,True
1776223099.09757,157.37168836593628,5.408281166217098,0.4854556500407827,0.07330880833289677,0.0,0.0,246.2257922085103,True
1776223099.167822,157.4419403076172,5.408399227999964,0.48572325356146745,0.07330880833289576,0.0,0.0,246.16182938720198,True
1776223099.255537,157.52965545654297,5.408532567443714,0.486024517891547,0.07330880833289462,0.0,0.0,246.08987121323023,True
1776223099.330121,157.60423946380615,5.408696286001174,0.4863930297583857,0.07330880833289324,0.0,0.0,246.0019223339313,True
1776223099.399202,157.6733205318451,5.408830850071763,0.48669478265746113,0.0733088083328921,0.0,0.0,245.9299641599595,True
1776223099.471107,157.7452254295349,5.408950925676909,0.48696318960323776,0.0733088083328911,0.0,0.0,245.8660013386512,True
1776223099.537036,157.81115436553955,5.409056349567697,0.4871981852521214,0.07330880833289023,0.0,0.0,245.81003387000635,True
1776223099.607726,157.88184452056885,5.409192385447219,0.4875005124783158,0.07330880833288911,0.0,0.0,245.73807569603457,True
1776223099.682592,157.95671033859253,5.409344184486532,0.48783668019410037,0.07330880833288786,0.0,0.0,245.65812216939918,True
1776223099.760281,158.03439950942993,5.4094661151735615,0.4881058011315452,0.07330880833288686,0.0,0.0,245.59415934809087,True
1776223099.833642,158.10776042938232,5.409588482957069,0.48837508668779495,0.07330880833288586,0.0,0.0,245.5301965267825,True
1776223099.90687,158.18098831176758,5.409742057695755,0.48871192316786116,0.07330880833288461,0.0,0.0,245.45024300014714,True
1776223099.983288,158.2574064731598,5.409880859552314,0.489015292124271,0.0733088083328835,0.0,0.0,245.37828482617533,True
1776223100.062846,158.3369643688202,5.410004704179733,0.4892851237696559,0.0733088083328825,0.0,0.0,245.31432200486705,True
1776223100.133767,158.40788531303406,5.410144553013202,0.48958887435001675,0.07330880833288138,0.0,0.0,245.24236383089536,True
1776223100.199809,158.47392749786377,5.410284956566207,0.48989282432200726,0.07330880833288025,0.0,0.0,245.1704056569236,True
1776223100.270834,158.54495239257812,5.410378867259187,0.4900955675059131,0.07330880833287952,0.0,0.0,245.12243354094238,True
1776223100.337747,158.6118655204773,5.410520196002103,0.49039984573010653,0.07330880833287841,0.0,0.0,245.0504753669706,True
1776223100.414468,158.68858647346497,5.410709498487409,0.49080585228665,0.07330880833287692,0.0,0.0,244.9545311350082,True
1776223100.496349,158.77046751976013,5.41086800542695,0.49114445210755725,0.07330880833287569,0.0,0.0,244.87457760837293,True
1776223100.575699,158.84981751441956,5.410995305349118,0.4914155010102199,0.0733088083328747,0.0,0.0,244.8106147870645,True
1776223100.666026,158.9401445388794,5.411187079632257,0.491822353098357,0.07330880833287323,0.0,0.0,244.71467055510203,True
1776223100.774068,159.04818654060364,5.411395952135546,0.4922634824987993,0.07330880833287162,0.0,0.0,244.61073097047597,True
1776223100.841632,159.11575031280518,5.411508903395392,0.4925011725079669,0.07330880833287076,0.0,0.0,244.5547635018312,True
1776223100.906296,159.18041443824768,5.411638403418457,0.4927729529385517,0.07330880833286979,0.0,0.0,244.490800680523,True
1776223101.013083,159.28720140457153,5.411849780672107,0.4932148994033735,0.07330880833286821,0.0,0.0,244.3868610958969,True
1776223101.087035,159.36115336418152,5.411980437543693,0.49348705105035157,0.07330880833286722,0.0,0.0,244.32289827458857,True
1776223101.160315,159.4344334602356,5.4121279536822655,0.4937933878487958,0.07330880833286613,0.0,0.0,244.25094010061665,True
1776223101.231826,159.50594449043274,5.4122925154210355,0.4941339663167364,0.0733088083328649,0.0,0.0,244.17098657398117,True
1776223101.317051,159.5911693572998,5.41244121066607,0.494440668764589,0.07330880833286381,0.0,0.0,244.09902840000927,True
1776223101.382757,159.65687537193298,5.412557248897915,0.49467933299053224,0.07330880833286296,0.0,0.0,244.04306093136444,True
1776223101.453034,159.7271523475647,5.412690278139594,0.494952217203481,0.07330880833286199,0.0,0.0,243.9790981100561,True
1776223101.52673,159.8008484840393,5.412873914876468,0.49532764861141,0.07330880833286066,0.0,0.0,243.8911492307571,True
1776223101.611437,159.88555550575256,5.413024784775186,0.4956350033622024,0.07330880833285956,0.0,0.0,243.81919105678526,True
1776223101.683256,159.95737433433533,5.413159361232223,0.49590834471935735,0.0733088083328586,0.0,0.0,243.75522823547684,True
1776223101.755564,160.0296823978424,5.413328203931049,0.4962502008949837,0.07330880833285738,0.0,0.0,243.67527470884136,True
1776223101.846246,160.12036442756653,5.413514729602154,0.49662647023372064,0.07330880833285607,0.0,0.0,243.58732582954235,True
1776223101.918298,160.19241642951965,5.413633863569437,0.49686603700738546,0.07330880833285522,0.0,0.0,243.53135836089749,True
1776223102.001922,160.27604031562805,5.413804643159484,0.49720843875614334,0.07330880833285403,0.0,0.0,243.45140483426195,True
1776223102.076783,160.35090136528015,5.41397611498756,0.4975510306153795,0.07330880833285282,0.0,0.0,243.37145130762644,True
1776223102.15865,160.43276834487915,5.414131031700813,0.4978595237738913,0.07330880833285174,0.0,0.0,243.29949313365458,True
1776223102.233466,160.5075843334198,5.414269206477824,0.49813386602792664,0.07330880833285078,0.0,0.0,243.23553031234616,True
1776223102.32423,160.59834837913513,5.414477300147551,0.4985455990737721,0.07330880833284936,0.0,0.0,243.13958608038354,True
1776223102.396201,160.67031931877136,5.414634025417078,0.49885456957100194,0.07330880833284828,0.0,0.0,243.0676279064116,True
1776223102.465611,160.73972940444946,5.414756311122804,0.499094979820816,0.07330880833284745,0.0,0.0,243.0116604377667,True
1776223102.532321,160.80643939971924,5.414878936648885,0.49933547651676263,0.07330880833284661,0.0,0.0,242.95569296912186,True
1776223102.618752,160.89287042617798,5.41507232065232,0.4997135725021024,0.07330880833284531,0.0,0.0,242.86774408982288,True
1776223102.685482,160.9596004486084,5.415231168408759,0.5000230786649904,0.07330880833284426,0.0,0.0,242.7957859158509,True
1776223102.760027,161.0341453552246,5.415372838369412,0.5002983107152876,0.0733088083328433,0.0,0.0,242.7318230945425,True
1776223102.834948,161.10906648635864,5.415514952624554,0.5005736501109294,0.07330880833284234,0.0,0.0,242.66786027323408,True
1776223102.912231,161.18634939193726,5.4157110853482475,0.5009524147211949,0.07330880833284105,0.0,0.0,242.57991139393496,True
1776223103.006622,161.28074049949646,5.415908058481752,0.5013313765784161,0.07330880833283976,0.0,0.0,242.49196251463593,True
1776223103.073753,161.34787154197693,5.416033842694237,0.5015726353131297,0.07330880833283893,0.0,0.0,242.4359950459911,True
1776223103.178891,161.45300936698914,5.416268345300818,0.5020208927240378,0.0733088083328374,0.0,0.0,242.33205546136492,True
1776223103.250883,161.5250015258789,5.41643138134881,0.5023313788851331,0.07330880833283636,0.0,0.0,242.26009728739294,True
1776223103.319046,161.59316444396973,5.416558576467851,0.5025729539535814,0.07330880833283554,0.0,0.0,242.20412981874813,True
1776223103.389531,161.66364932060242,5.416704359498771,0.5028491305215711,0.0733088083328346,0.0,0.0,242.14016699743965,True
1776223103.452796,161.72691440582275,5.416868897398562,0.5031599433860073,0.07330880833283354,0.0,0.0,242.06820882346778,True
1776223103.552736,161.82685446739197,5.417070764364987,0.5035399874842127,0.07330880833283226,0.0,0.0,241.9802599441686,True
1776223103.629078,161.90319633483887,5.417218105400609,0.5038164931655253,0.07330880833283134,0.0,0.0,241.91629712286021,True
1776223103.717499,161.99161744117737,5.4174214264069835,0.5041968371109334,0.07330880833283007,0.0,0.0,241.82834824356115,True
1776223103.799883,162.07400131225586,5.417606994361007,0.5045427511743061,0.0733088083328289,0.0,0.0,241.74839471692562,True
1776223103.892744,162.16686248779297,5.417793258305824,0.5048888025372699,0.07330880833282774,0.0,0.0,241.66844119029008,True
1776223103.971175,162.24529337882996,5.417998952632166,0.5052696146761003,0.07330880833282648,0.0,0.0,241.58049231099108,True
1776223104.040015,162.31413340568542,5.4181490776038155,0.5055466695614885,0.07330880833282556,0.0,0.0,241.51652948968263,True
1776223104.111263,162.38538146018982,5.418280802488297,0.5057891609613049,0.07330880833282476,0.0,0.0,241.46056202103773,True
1776223104.18665,162.46076846122742,5.418450664404134,0.5061010279725402,0.07330880833282372,0.0,0.0,241.38860384706578,True
1776223104.27574,162.5498583316803,5.418621090388784,0.5064129972224133,0.07330880833282269,0.0,0.0,241.31664567309392,True
1776223104.36527,162.6393883228302,5.418887318765517,0.5068984817165315,0.0733088083328211,0.0,0.0,241.2047107358041,True
1776223104.439564,162.7136824131012,5.4190209448915265,0.5071413130034961,0.07330880833282029,0.0,0.0,241.1487432671592,True
1776223104.515072,162.78919053077698,5.419193251439517,0.507453610113547,0.07330880833281926,0.0,0.0,241.07678509318725,True
1776223104.610626,162.88474440574646,5.419346886507501,0.5077312869180279,0.07330880833281836,0.0,0.0,241.01282227187883,True
1776223104.716328,162.99044632911682,5.419713556711817,0.5083910611839043,0.0733088083328162,0.0,0.0,240.86091057127135,True
1776223104.807232,163.0813503265381,5.419965885454324,0.5088427155585274,0.07330880833281474,0.0,0.0,240.75697098664523,True
1776223104.887934,163.1620523929596,5.420141264345307,0.509155505457502,0.07330880833281371,0.0,0.0,240.68501281267322,True
1776223104.978893,163.25301146507263,5.42033679168725,0.5095031491259998,0.07330880833281259,0.0,0.0,240.6050592860377,True
1776223105.05181,163.32592844963074,5.420533015781477,0.5098508949969185,0.07330880833281146,0.0,0.0,240.52510575940215,True
1776223105.124093,163.398211479187,5.420710213190623,0.5101639516455524,0.07330880833281045,0.0,0.0,240.4531475854302,True
1776223105.200339,163.4744575023651,5.420848423577474,0.5104074948770954,0.07330880833280967,0.0,0.0,240.39718011678534,True
1776223105.279856,163.5539743900299,5.420986975367738,0.510651085078573,0.07330880833280888,0.0,0.0,240.34121264814053,True
1776223105.347721,163.62183952331543,5.42118549871632,0.5109991509016355,0.07330880833280777,0.0,0.0,240.26125912150496,True
1776223105.418927,163.69304537773132,5.421404679098311,0.5113821291436262,0.07330880833280655,0.0,0.0,240.1733102422059,True
1776223105.515339,163.789457321167,5.421624702461325,0.5117652151203101,0.07330880833280531,0.0,0.0,240.08536136290684,True
1776223105.60354,163.87765836715698,5.421805348554492,0.5120787269723691,0.07330880833280433,0.0,0.0,240.01340318893483,True
1776223105.696167,163.9702854156494,5.422047087724259,0.5124968485282263,0.073308808332803,0.0,0.0,239.91745895697227,True
1776223105.770666,164.04478430747986,5.422229050339208,0.512810516714991,0.07330880833280201,0.0,0.0,239.84550078300026,True
1776223105.860998,164.13511633872986,5.42241157711267,0.5131242489531453,0.07330880833280101,0.0,0.0,239.77354260902834,True
1776223105.94442,164.21853852272034,5.4226150462507725,0.5134729133008414,0.07330880833279992,0.0,0.0,239.6935890823928,True
1776223106.030828,164.3049464225769,5.422839666604011,0.513856530003292,0.07330880833279871,0.0,0.0,239.60564020309374,True
1776223106.112039,164.3861575126648,5.423044598026142,0.5142053479422561,0.07330880833279761,0.0,0.0,239.52568667645824,True
1776223106.191725,164.46584343910217,5.423209044433124,0.5144844523688694,0.07330880833279674,0.0,0.0,239.4617238551498,True
1776223106.274767,164.54888534545898,5.423394579178734,0.514798496389607,0.07330880833279575,0.0,0.0,239.38976568117783,True
1776223106.340438,164.61455631256104,5.423601390136664,0.5151474961300363,0.07330880833279468,0.0,0.0,239.30981215454239,True
1776223106.41892,164.69303846359253,5.4237881150351495,0.5154616497158734,0.07330880833279368,0.0,0.0,239.23785398057038,True
1776223106.51597,164.79008841514587,5.423996248198039,0.5158107668401634,0.07330880833279262,0.0,0.0,239.1579004539349,True
1776223106.596765,164.87088346481323,5.424225998248124,0.516194862904063,0.07330880833279142,0.0,0.0,239.06995157463578,True
1776223106.661182,164.9353003501892,5.4243936178623775,0.5164742479630091,0.07330880833279056,0.0,0.0,239.00598875332741,True
1776223106.730785,165.0049033164978,5.424540650166524,0.5167187381305711,0.0733088083327898,0.0,0.0,238.95002128468255,True
1776223106.805062,165.07918047904968,5.424709104329992,0.5169981866343247,0.07330880833278894,0.0,0.0,238.88605846337413,True
1776223106.892051,165.16616940498352,5.4249626199162595,0.5174174191339805,0.07330880833278766,0.0,0.0,238.7901142314115,True
1776223106.961584,165.23570251464844,5.4251321864279936,0.5176969455038825,0.0733088083327868,0.0,0.0,238.7261514101031,True
1776223107.035365,165.3094835281372,5.4252809220099945,0.5179415549057145,0.07330880833278605,0.0,0.0,238.67018394145822,True
1776223107.110184,165.3843023777008,5.425472653796398,0.5182560840060288,0.0733088083327851,0.0,0.0,238.5982257674862,True
1776223107.187436,165.46155452728271,5.425707756871729,0.5186405539071125,0.07330880833278393,0.0,0.0,238.5102768881872,True
1776223107.300162,165.574280500412,5.425965191464461,0.5190600291078288,0.07330880833278267,0.0,0.0,238.4143326562246,True
1776223107.36938,165.64349842071533,5.42613737004171,0.5193397082741338,0.0733088083327818,0.0,0.0,238.35036983491614,True
1776223107.444686,165.71880435943604,5.426353218056599,0.5196893377437923,0.07330880833278075,0.0,0.0,238.27041630828063,True
1776223107.530793,165.80491137504578,5.426591452483263,0.5200739666527927,0.0733088083327796,0.0,0.0,238.18246742898157,True
1776223107.600616,165.87473440170288,5.4267434933384235,0.5203187490068816,0.07330880833277886,0.0,0.0,238.1264999603367,True
1776223107.67892,165.9530384540558,5.426939473885761,0.5206334887788491,0.07330880833277792,0.0,0.0,238.05454178636472,True
1776223107.753425,166.0275433063507,5.427157888875255,0.5209832235411549,0.07330880833277688,0.0,0.0,237.97458825972922,True
1776223107.837071,166.11118936538696,5.427311191892995,0.5212280516201153,0.07330880833277614,0.0,0.0,237.91862079108435,True
1776223107.917248,166.1913664340973,5.427508794828886,0.5215428457289261,0.07330880833277521,0.0,0.0,237.84666261711237,True
1776223107.985915,166.26003336906433,5.427729011941441,0.5218926349958373,0.07330880833277417,0.0,0.0,237.76670909047687,True
1776223108.055152,166.329270362854,5.427927799627571,0.5222074596743468,0.07330880833277323,0.0,0.0,237.69475091650492,True
1776223108.135731,166.4098494052887,5.428104970707936,0.5224873137859845,0.07330880833277242,0.0,0.0,237.63078809519646,True
1776223108.21749,166.49160838127136,5.428304817794949,0.5228021592885801,0.07330880833277148,0.0,0.0,237.55882992122451,True
1776223108.28292,166.55703830718994,5.428505225486892,0.5231170133234779,0.07330880833277055,0.0,0.0,237.48687174725256,True
1776223108.355431,166.62954950332642,5.428706193602236,0.5234318741673063,0.07330880833276962,0.0,0.0,237.4149135732806,True
1776223108.426296,166.7004144191742,5.428862889470872,0.5236767695398691,0.0733088083327689,0.0,0.0,237.35894610463572,True
1776223108.488821,166.762939453125,5.429019924159684,0.5239216671803228,0.07330880833276819,0.0,0.0,237.30297863599085,True
1776223108.559736,166.8338544368744,5.429244846998662,0.5242715232829833,0.07330880833276718,0.0,0.0,237.22302510935532,True
1776223108.62806,166.90217852592468,5.429425282813647,0.5245514087255492,0.07330880833276636,0.0,0.0,237.15906228804693,True
1776223108.698002,166.97212052345276,5.429583526823839,0.5247963078664715,0.07330880833276565,0.0,0.0,237.10309481940206,True
1776223108.77401,167.04812836647034,5.429787480625768,0.525111175983575,0.07330880833276474,0.0,0.0,237.03113664543008,True
1776223108.839215,167.11333346366882,5.42999199360455,0.525426040031538,0.07330880833276382,0.0,0.0,236.95917847145813,True
1776223108.901596,167.17571449279785,5.430151445710518,0.5256709303820297,0.07330880833276313,0.0,0.0,236.90321100281326,True
1776223108.972901,167.24701952934265,5.430311235854265,0.525915816430741,0.07330880833276242,0.0,0.0,236.8472435341684,True
1776223109.041529,167.31564736366272,5.430494266953001,0.5261956799017516,0.07330880833276161,0.0,0.0,236.78328071285998,True
1776223109.106007,167.38012552261353,5.430700704336482,0.526510516842007,0.0733088083327607,0.0,0.0,236.711322538888,True
1776223109.179028,167.45314645767212,5.430884672854722,0.5267903621608572,0.0733088083327599,0.0,0.0,236.6473597175796,True
1776223109.250306,167.5244243144989,5.4310460069793205,0.5270352183135919,0.0733088083327592,0.0,0.0,236.59139224893474,True
1776223109.312915,167.58703351020813,5.431230802027062,0.5273150431263418,0.07330880833275841,0.0,0.0,236.52742942762632,True
1776223109.376313,167.65043139457703,5.431439223075222,0.5276298308544575,0.07330880833275752,0.0,0.0,236.45547125365437,True
1776223109.449427,167.72354531288147,5.4316249541480985,0.5279096273479519,0.07330880833275671,0.0,0.0,236.39150843234594,True
1776223109.534832,167.80895042419434,5.431834427791345,0.5282243801854809,0.07330880833275583,0.0,0.0,236.31955025837397,True
1776223109.612368,167.88648653030396,5.432091207390234,0.5286090495131496,0.07330880833275474,0.0,0.0,236.2316013790749,True
1776223109.679798,167.95391631126404,5.432278478448197,0.5288887876253451,0.07330880833275394,0.0,0.0,236.16763855776648,True
1776223109.747343,168.0214614868164,5.432442701234406,0.5291335426345379,0.07330880833275326,0.0,0.0,236.11167108912161,True
1776223109.826525,168.10064339637756,5.43265433916207,0.529448204587713,0.07330880833275238,0.0,0.0,236.03971291514966,True
1776223109.889327,168.16344547271729,5.432866532983292,0.5297628390350454,0.0733088083327515,0.0,0.0,235.96775474117769,True
1776223109.957181,168.2312994003296,5.433055616172425,0.5300424896430489,0.07330880833275072,0.0,0.0,235.90379191986926,True
1776223110.044764,168.31888246536255,5.433268859279149,0.5303570675296942,0.07330880833274984,0.0,0.0,235.8318337458973,True
1776223110.122346,168.39646434783936,5.433506447103762,0.5307065604667731,0.07330880833274887,0.0,0.0,235.7518802192618,True
1776223110.189645,168.4637634754181,5.433720861774492,0.5310210680243661,0.07330880833274801,0.0,0.0,235.67992204528983,True
1776223110.27807,168.55218839645386,5.433935830956263,0.5313355396518091,0.07330880833274714,0.0,0.0,235.60796387131785,True
1776223110.354702,168.62882041931152,5.4341513543604965,0.5316499736695988,0.07330880833274626,0.0,0.0,235.5360056973459,True
1776223110.424785,168.69890332221985,5.434391474467656,0.531999298649906,0.0733088083327453,0.0,0.0,235.45605217071036,True
1776223110.494972,168.76909041404724,5.43458406266204,0.5322787221672528,0.07330880833274454,0.0,0.0,235.39208934940194,True
1776223110.586127,168.8602454662323,5.434801246962195,0.5325930332971861,0.07330880833274367,0.0,0.0,235.32013117543,True
1776223110.684888,168.95900630950928,5.435115933871107,0.5330469596002911,0.07330880833274245,0.0,0.0,235.21619159080382,True
1776223110.761636,169.03575444221497,5.43533446947216,0.5333611594696751,0.07330880833274159,0.0,0.0,235.14423341683184,True
1776223110.849471,169.12358951568604,5.435553557340173,0.5336753109497031,0.07330880833274073,0.0,0.0,235.07227524285986,True
1776223110.914148,169.1882665157318,5.435748765486084,0.5339545147398475,0.07330880833273998,0.0,0.0,235.00831242155147,True
1776223110.994872,169.2689905166626,5.4360178883529935,0.534338353227256,0.07330880833273895,0.0,0.0,234.9203635422524,True
1776223111.063105,169.33722352981567,5.436189577157859,0.5345825726120251,0.0733088083327383,0.0,0.0,234.8643960736075,True
1776223111.129341,169.40345931053162,5.436361599288145,0.5348267588116588,0.07330880833273765,0.0,0.0,234.80842860496267,True
1776223111.209563,169.4836814403534,5.436607923095075,0.5351755371266,0.0733088083327367,0.0,0.0,234.72847507832716,True
1776223111.27678,169.55089831352234,5.436830195484673,0.5354893764651624,0.07330880833273586,0.0,0.0,234.65651690435516,True
1776223111.342972,169.6170904636383,5.437003454297142,0.535733432578541,0.07330880833273522,0.0,0.0,234.60054943571032,True
1776223111.412834,169.6869523525238,5.437201871592402,0.5360123086732151,0.07330880833273447,0.0,0.0,234.5365866144019,True
1776223111.485464,169.75958251953125,5.437450503689214,0.5363608343259725,0.07330880833273355,0.0,0.0,234.45663308776636,True
1776223111.553952,169.82807040214539,5.437649897447886,0.5366395978637112,0.0733088083327328,0.0,0.0,234.39267026645797,True
1776223111.624923,169.89904141426086,5.437824722666126,0.5368834734191493,0.07330880833273216,0.0,0.0,234.3367027978131,True
1776223111.687604,169.9617223739624,5.437999879675034,0.5371273084591436,0.07330880833273151,0.0,0.0,234.28073532916824,True
1776223111.755757,170.02987551689148,5.438250679190966,0.53747557241488,0.0733088083327306,0.0,0.0,234.20078180253273,True
1776223111.846011,170.12012934684753,5.438502154981836,0.537823749853861,0.0733088083327297,0.0,0.0,234.1208282758972,True
1776223111.924753,170.19887137413025,5.438703822191879,0.5381022280007334,0.07330880833272897,0.0,0.0,234.05686545458877,True
1776223111.993139,170.2672574520111,5.43895651399567,0.5384502440410459,0.07330880833272806,0.0,0.0,233.9769119279532,True
1776223112.071018,170.34513640403748,5.4391845136222585,0.5387633791889449,0.07330880833272724,0.0,0.0,233.90495375398132,True
1776223112.142283,170.416401386261,5.439362224331615,0.5390068757287045,0.07330880833272661,0.0,0.0,233.84898628533642,True
1776223112.204575,170.47869348526,5.439540265300893,0.5392503250348987,0.07330880833272599,0.0,0.0,233.79301881669159,True
1776223112.280116,170.5542345046997,5.439820710787323,0.5396327909538285,0.07330880833272499,0.0,0.0,233.70506993739252,True
1776223112.342654,170.61677241325378,5.439999600155063,0.5398761152804783,0.07330880833272438,0.0,0.0,233.64910246874763,True
1776223112.413503,170.68762135505676,5.440178819124551,0.5401193896364113,0.07330880833272374,0.0,0.0,233.5931350001028,True
1776223112.482262,170.75638031959534,5.440384044157384,0.5403973553022184,0.07330880833272303,0.0,0.0,233.52917217879434,True
1776223112.546651,170.82076930999756,5.440615436257583,0.5407099860472109,0.07330880833272224,0.0,0.0,233.4572140048224,True
1776223112.623988,170.89810633659363,5.440847372137402,0.5410225298588087,0.07330880833272144,0.0,0.0,233.38525583085044,True
1776223112.704908,170.97902631759644,5.441053993539703,0.5413002722898267,0.07330880833272073,0.0,0.0,233.321293009542,True
1776223112.809782,171.08390045166016,5.441364730002282,0.5417167522620501,0.07330880833271967,0.0,0.0,233.22534877757937,True
1776223112.877228,171.15134644508362,5.44162441375446,0.5420636939337342,0.0733088083327188,0.0,0.0,233.14539525094386,True
1776223112.949585,171.2237033843994,5.44183264254412,0.5423411638783583,0.0733088083327181,0.0,0.0,233.08143242963547,True
1776223113.0261,171.30021834373474,5.442041299266408,0.5426185584706299,0.07330880833271741,0.0,0.0,233.01746960832702,True
1776223113.109074,171.3831925392151,5.442302721490894,0.5429651940256475,0.07330880833271652,0.0,0.0,232.9375160816915,True
1776223113.180665,171.45478343963623,5.442564811296939,0.5433117078736225,0.07330880833271568,0.0,0.0,232.857562555056,True
1776223113.274644,171.54876232147217,5.442827568086011,0.5436580978140547,0.0733088083327148,0.0,0.0,232.77760902842044,True
1776223113.356354,171.63047242164612,5.443064618967414,0.5439697410034147,0.07330880833271403,0.0,0.0,232.7056508544485,True
1776223113.426019,171.70013737678528,5.443302209171351,0.5442812804483543,0.07330880833271325,0.0,0.0,232.63369268047654,True
1776223113.512748,171.7868664264679,5.443593328957817,0.5446619076638263,0.07330880833271232,0.0,0.0,232.54574380117748,True
1776223113.583165,171.85728335380554,5.443779005750783,0.5449040417177478,0.07330880833271172,0.0,0.0,232.4897763325326,True
1776223113.655036,171.92915439605713,5.443991606281617,0.545180685914532,0.07330880833271106,0.0,0.0,232.4258135112242,True
1776223113.732113,172.0062313079834,5.444284625463171,0.545560929615758,0.07330880833271011,0.0,0.0,232.33786463192513,True
1776223113.803152,172.0772705078125,5.44449823421669,0.5458373656756546,0.07330880833270945,0.0,0.0,232.2739018106167,True
1776223113.880822,172.154940366745,5.444712266933667,0.546113712217849,0.07330880833270877,0.0,0.0,232.20993898930828,True
1776223113.967625,172.24174332618713,5.445034110217958,0.5465280617517395,0.07330880833270777,0.0,0.0,232.11399475734567,True
1776223114.041709,172.31582736968994,5.445276117526522,0.5468386878249928,0.073308808332707,0.0,0.0,232.04203658337372,True
1776223114.110766,172.3848843574524,5.445464715369369,0.5470802041111492,0.07330880833270642,0.0,0.0,231.98606911472885,True
1776223114.184511,172.45862936973572,5.445680651804432,0.5473561340737302,0.07330880833270577,0.0,0.0,231.92210629342043,True
1776223114.275189,172.549307346344,5.446032448661976,0.5478043158312615,0.0733088083327047,0.0,0.0,231.81816670879425,True
1776223114.377386,172.65150451660156,5.446330992456794,0.5481833458196887,0.07330880833270378,0.0,0.0,231.7302178294952,True
1776223114.459117,172.7332353591919,5.446575847753808,0.5484933222716298,0.07330880833270303,0.0,0.0,231.6582596555232,True
1776223114.547103,172.82122135162354,5.446903149634723,0.5489064267278758,0.07330880833270206,0.0,0.0,231.5623154235606,True
1776223114.649101,172.92321944236755,5.44720400686773,0.5492849046537334,0.07330880833270118,0.0,0.0,231.47436654426153,True
1776223114.720369,172.9944875240326,5.447423310544924,0.5495600387900362,0.07330880833270054,0.0,0.0,231.4104037229531,True
1776223114.790698,173.06481647491455,5.447698029763257,0.5499038094898661,0.07330880833269972,0.0,0.0,231.3304501963176,True
1776223114.860033,173.13415145874023,5.447918276395738,0.5501787071406155,0.07330880833269907,0.0,0.0,231.26648737500918,True
1776223114.932045,173.20616340637207,5.448111335514445,0.5504191549473638,0.07330880833269852,0.0,0.0,231.2105199063643,True
1776223115.003782,173.2779004573822,5.448360024802687,0.5507281807119293,0.07330880833269779,0.0,0.0,231.13856173239233,True
1776223115.067005,173.34112334251404,5.448609242830224,0.5510370684483877,0.07330880833269707,0.0,0.0,231.06660355842038,True
1776223115.136432,173.41055035591125,5.448831213419903,0.5513115181980993,0.07330880833269644,0.0,0.0,231.00264073711196,True
1776223115.218134,173.49225234985352,5.449053600990358,0.5515858565793677,0.07330880833269582,0.0,0.0,230.93867791580354,True
1776223115.287313,173.56143140792847,5.449276405167052,0.5518600825078168,0.07330880833269518,0.0,0.0,230.87471509449512,True
1776223115.356415,173.63053345680237,5.449555495666329,0.5522027051320044,0.07330880833269439,0.0,0.0,230.7947615678596,True
1776223115.427368,173.70148634910583,5.4497792358263455,0.5524766740844904,0.07330880833269376,0.0,0.0,230.7307987465512,True
1776223115.506014,173.78013253211975,5.450003391360269,0.5527505270701212,0.07330880833269314,0.0,0.0,230.6668359252428,True
1776223115.579336,173.85345435142517,5.450284169312319,0.5530926785815061,0.07330880833269236,0.0,0.0,230.58688239860726,True
1776223115.64992,173.92403841018677,5.450537423246466,0.5534004568394251,0.07330880833269167,0.0,0.0,230.51492422463528,True
1776223115.750117,174.02423548698425,5.450819431117352,0.5537422550848082,0.07330880833269088,0.0,0.0,230.43497069799977,True
1776223115.845318,174.11943650245667,5.451158693504628,0.5541521633554708,0.07330880833268996,0.0,0.0,230.33902646603715,True
1776223115.919074,174.19319248199463,5.4514421220421605,0.5544935431072993,0.0733088083326892,0.0,0.0,230.25907293940162,True
1776223116.000948,174.27506637573242,5.451669328963557,0.5547665076410009,0.07330880833268859,0.0,0.0,230.19511011809323,True
1776223116.078852,174.3529703617096,5.451925429309807,0.5550734433345218,0.07330880833268791,0.0,0.0,230.12315194412125,True
1776223116.149928,174.42404651641846,5.452210596254018,0.5554142956770562,0.07330880833268716,0.0,0.0,230.04319841748574,True
1776223116.220909,174.49502754211426,5.4524391923741815,0.5556868342384119,0.07330880833268655,0.0,0.0,229.97923559617732,True
1776223116.310851,174.58496952056885,5.45269685393739,0.5559932864222481,0.07330880833268587,0.0,0.0,229.90727742220534,True
1776223116.390529,174.66464734077454,5.452983753528893,0.5563335962119824,0.07330880833268513,0.0,0.0,229.82732389556983,True
1776223116.46803,174.74214839935303,5.453271293359602,0.5566737012279965,0.07330880833268437,0.0,0.0,229.7473703689343,True
1776223116.53969,174.8138084411621,5.453501785652808,0.5569456364169831,0.07330880833268377,0.0,0.0,229.6834075476259,True
1776223116.619681,174.89379930496216,5.453761578127885,0.5572514039608903,0.0733088083326831,0.0,0.0,229.61144937365393,True
1776223116.707004,174.9811224937439,5.454108771924972,0.5576588287368547,0.07330880833268223,0.0,0.0,229.5155051416913,True
1776223116.776935,175.05105352401733,5.4543407441880705,0.5579302752332058,0.07330880833268164,0.0,0.0,229.45154232038288,True
1776223116.848715,175.1228334903717,5.4545440540385,0.5581676783728864,0.07330880833268114,0.0,0.0,229.39557485173802,True
1776223116.939923,175.21404147148132,5.4548933098742864,0.5585744087022237,0.07330880833268026,0.0,0.0,229.2996306197754,True
1776223117.005912,175.2800304889679,5.4551266550311315,0.5588453878150982,0.07330880833267966,0.0,0.0,229.23566779846698,True
1776223117.072806,175.34692430496216,5.455331164976714,0.5590823790991233,0.07330880833267917,0.0,0.0,229.17970032982214,True
1776223117.159478,175.43359637260437,5.455623860477302,0.5594207497320247,0.07330880833267844,0.0,0.0,229.0997468031866,True
1776223117.256121,175.5302393436432,5.456005310368667,0.5598602972528122,0.07330880833267753,0.0,0.0,228.9958072185604,True
1776223117.362893,175.63701152801514,5.456328909415634,0.560231923874731,0.07330880833267674,0.0,0.0,228.90785833926137,True
1776223117.436284,175.7104024887085,5.456594239888086,0.5605357766959981,0.0733088083326761,0.0,0.0,228.8359001652894,True
1776223117.503059,175.7771773338318,5.456860080536074,0.5608394431443721,0.07330880833267546,0.0,0.0,228.76394199131744,True
1776223117.588796,175.86291432380676,5.457126430724236,0.5611429217502764,0.07330880833267482,0.0,0.0,228.69198381734546,True
1776223117.659109,175.9332275390625,5.45736361369299,0.5614125216301677,0.07330880833267428,0.0,0.0,228.62802099603704,True
1776223117.731168,176.00528645515442,5.457630924600944,0.5617156414220539,0.07330880833267364,0.0,0.0,228.5560628220651,True
1776223117.837583,176.11170148849487,5.458017936473531,0.5621531416470542,0.07330880833267274,0.0,0.0,228.4521232374389,True
1776223117.922131,176.19624948501587,5.458286487248132,0.5624557893501603,0.07330880833267212,0.0,0.0,228.38016506346693,True
1776223117.99598,176.27009844779968,5.458585470539712,0.5627918350624482,0.07330880833267142,0.0,0.0,228.30021153683143,True
1776223118.089847,176.36396551132202,5.45891507274302,0.5631612040041681,0.07330880833267069,0.0,0.0,228.21226265753234,True
1776223118.16102,176.435138463974,5.459125212112827,0.5633961023382466,0.0733088083326702,0.0,0.0,228.15629518888747,True
1776223118.231485,176.50560331344604,5.459395839299975,0.5636979364767682,0.07330880833266958,0.0,0.0,228.08433701491546,True
1776223118.305233,176.5793514251709,5.459697126530112,0.5640330712419986,0.07330880833266891,0.0,0.0,228.00438348827998,True
1776223118.389481,176.66359949111938,5.4599688156248485,0.5643344781022102,0.07330880833266831,0.0,0.0,227.93242531430803,True
1776223118.465512,176.73963046073914,5.460210738465883,0.5646022235631695,0.07330880833266777,0.0,0.0,227.86846249299956,True
1776223118.55963,176.8337483406067,5.460604707763059,0.5650369624882453,0.0733088083326669,0.0,0.0,227.76452290837344,True
1776223118.645552,176.91967034339905,5.46090847159703,0.5653710819864777,0.07330880833266623,0.0,0.0,227.68456938173793,True
1776223118.731266,177.00538444519043,5.4611823864560325,0.5656715683747556,0.07330880833266565,0.0,0.0,227.61261120776595,True
1776223118.79615,177.07026839256287,5.461456800253502,0.5659718437624247,0.07330880833266505,0.0,0.0,227.54065303379397,True
1776223118.860119,177.1342375278473,5.461701141933697,0.5662385769298866,0.07330880833266452,0.0,0.0,227.47669021248558,True
1776223118.919654,177.193772315979,5.4618846562528,0.5664385160579376,0.07330880833266415,0.0,0.0,227.42871809650427,True
1776223118.989744,177.2638623714447,5.462099035552126,0.5666716577769653,0.07330880833266368,0.0,0.0,227.3727506278594,True
1776223119.066983,177.34110140800476,5.462436524172025,0.5670377593970743,0.07330880833266297,0.0,0.0,227.2848017485603,True
1776223119.129372,177.4034903049469,5.462682435683715,0.5673038112225204,0.07330880833266246,0.0,0.0,227.22083892725192,True
1776223119.202236,177.47635436058044,5.462928738423225,0.5675696902277755,0.07330880833266194,0.0,0.0,227.1568761059435,True
1776223119.277598,177.55171632766724,5.463175431894711,0.5678353954223532,0.07330880833266144,0.0,0.0,227.09291328463507,True
1776223119.343014,177.61713242530823,5.4634534284771155,0.5681341047770899,0.07330880833266086,0.0,0.0,227.02095511066312,True
1776223119.413954,177.68807244300842,5.463731918238069,0.5684325914960197,0.07330880833266029,0.0,0.0,226.94899693669115,True
1776223119.485333,177.75945138931274,5.463948861891069,0.5686645930139794,0.07330880833265985,0.0,0.0,226.89302946804628,True
1776223119.557426,177.83154439926147,5.464197161849669,0.5689295708065145,0.07330880833265935,0.0,0.0,226.82906664673786,True
1776223119.633803,177.9079213142395,5.4644769632514985,0.5692274569805038,0.07330880833265878,0.0,0.0,226.7571084727659,True
1776223119.705122,177.97924041748047,5.464788428995281,0.5695581744258894,0.07330880833265817,0.0,0.0,226.67715494613037,True
1776223119.770166,178.04428434371948,5.465006814820406,0.5697895083058746,0.07330880833265772,0.0,0.0,226.62118747748548,True
1776223119.842261,178.11637949943542,5.4652254965634155,0.5700207028122849,0.0733088083326573,0.0,0.0,226.56522000884064,True
1776223119.925806,178.19992446899414,5.46556973634972,0.5703837253037846,0.07330880833265663,0.0,0.0,226.47727112954158,True
1776223119.99697,178.2710883617401,5.465851929038543,0.5706804847479703,0.07330880833265607,0.0,0.0,226.40531295556963,True
1776223120.064106,178.33822441101074,5.4660717489476625,0.5709111355641594,0.07330880833265564,0.0,0.0,226.34934548692476,True
1776223120.145923,178.42004132270813,5.46635480684476,0.5712074770835958,0.0733088083326551,0.0,0.0,226.27738731295278,True
1776223120.222057,178.49617552757263,5.4667014259458,0.5715693502896101,0.07330880833265443,0.0,0.0,226.18943843365372,True
1776223120.287017,178.5611355304718,5.466953967458498,0.5718323070044846,0.07330880833265396,0.0,0.0,226.1254756123453,True
1776223120.368442,178.64256048202515,5.467206891448129,0.5720950741742155,0.07330880833265348,0.0,0.0,226.06151279103688,True
1776223120.436854,178.71097230911255,5.467460197386916,0.5723576508379,0.07330880833265299,0.0,0.0,225.99754996972848,True
1776223120.499164,178.77328252792358,5.467745622457179,0.5726528206761081,0.07330880833265246,0.0,0.0,225.9255917957565,True
1776223120.578944,178.85306239128113,5.468031529504741,0.5729477468282408,0.07330880833265194,0.0,0.0,225.8536336217845,True
1776223120.661027,178.9351453781128,5.468286073111421,0.5732096977323087,0.07330880833265147,0.0,0.0,225.78967080047613,True
1776223120.727352,179.00147032737732,5.468540996404001,0.5734714540661425,0.073308808332651,0.0,0.0,225.7257079791677,True
1776223120.796488,179.07060647010803,5.468860183634373,0.5737983744194489,0.07330880833265042,0.0,0.0,225.64575445253217,True
1776223120.867194,179.14131236076355,5.46911595925314,0.5740596894935276,0.07330880833264997,0.0,0.0,225.58179163122378,True
1776223120.956717,179.23083543777466,5.469404158545578,0.574353432643369,0.07330880833264944,0.0,0.0,225.5098334572518,True
1776223121.027392,179.3015103340149,5.46969283538636,0.5746469242875775,0.07330880833264893,0.0,0.0,225.43787528327982,True
1776223121.096664,179.3707823753357,5.469981988999259,0.5749401630824255,0.07330880833264841,0.0,0.0,225.36591710930787,True
1776223121.173906,179.44802451133728,5.470239414056339,0.5752006064363225,0.07330880833264797,0.0,0.0,225.30195428799945,True
1776223121.268959,179.54307746887207,5.47059398659086,0.5755583863850253,0.07330880833264734,0.0,0.0,225.2140054087004,True
1776223121.334094,179.6082124710083,5.470884618499939,0.5758508299754431,0.07330880833264684,0.0,0.0,225.1420472347284,True
1776223121.508814,179.78293251991272,5.471046285343124,0.5760131870920588,0.07330880833264655,0.0,0.0,225.10207047141066,True
1776223121.605816,179.8799343109131,5.471240478292573,0.5762079100599098,0.07330880833264622,0.0,0.0,225.05409835542935,True
1776223121.68356,179.95767831802368,5.4714024662058565,0.576370090955886,0.07330880833264594,0.0,0.0,225.0141215921116,True
1776223121.763364,180.0374825000763,5.471564599842595,0.5765321913875714,0.07330880833264568,0.0,0.0,224.97414482879384,True
1776223121.841138,180.11525630950928,5.471726879066486,0.5766942111278522,0.0733088083326454,0.0,0.0,224.93416806547606,True
1776223121.916901,180.1910195350647,5.471889303740955,0.5768561499498912,0.07330880833264512,0.0,0.0,224.8941913021583,True
1776223121.997363,180.27148151397705,5.472051873729171,0.5770180076271271,0.07330880833264486,0.0,0.0,224.85421453884055,True
1776223122.089065,180.36318349838257,5.472605696787936,0.5775677137221501,0.07330880833264394,0.0,0.0,224.71829354356018,True
1776223122.166989,180.44110751152039,5.4727689045243935,0.5777292116777281,0.07330880833264367,0.0,0.0,224.6783167802424,True
1776223122.246878,180.52099633216858,5.472932256831159,0.5778906272698636,0.07330880833264339,0.0,0.0,224.63834001692464,True
1776223122.31153,180.58564853668213,5.473455954110275,0.5784066010658547,0.07330880833264253,0.0,0.0,224.51041437430783,True
1776223122.383717,180.65783548355103,5.473619912096799,0.5785676682801284,0.07330880833264226,0.0,0.0,224.47043761099005,True
1776223122.476786,180.75090432167053,5.473816851546667,0.5787608386589513,0.07330880833264194,0.0,0.0,224.42246549500874,True
1776223122.53873,180.81284832954407,5.473948259471679,0.5788895518975082,0.07330880833264174,0.0,0.0,224.39048408435454,True
1776223122.631344,180.90546250343323,5.474540731148635,0.5794680947377782,0.07330880833264078,0.0,0.0,224.2465677364106,True
1776223122.707291,180.98140931129456,5.474705635935067,0.579628606539561,0.07330880833264053,0.0,0.0,224.20659097309283,True
1776223122.786203,181.06032133102417,5.474870683640941,0.5797890333432495,0.07330880833264028,0.0,0.0,224.1666142097751,True
1776223122.86317,181.13728833198547,5.475234290972394,0.5801416720270339,0.07330880833263971,0.0,0.0,224.078665330476,True
1776223122.941507,181.21562552452087,5.4755985848718485,0.5804938930406438,0.07330880833263931,0.0,0.0,223.9907317020641,True
1776223123.001896,181.27601432800293,5.475731185403644,0.5806218313540342,0.07330880833263959,0.0,0.0,223.95896322284997,True
1776223123.079523,181.35364151000977,5.475896995944575,0.580781613313451,0.07330880833263995,0.0,0.0,223.9195922943135,True
1776223123.140703,181.41482138633728,5.476328405045263,0.5811963193829642,0.07330880833264092,0.0,0.0,223.8189696432316,True
1776223123.204022,181.4781403541565,5.476560876297925,0.5814191916080296,0.07330880833264143,0.0,0.0,223.7658138523812,True
1776223123.267945,181.54206347465515,5.476693769798966,0.5815464128708638,0.07330880833264174,0.0,0.0,223.73575656459235,True
1776223123.329127,181.60324549674988,5.47682670083348,0.5816735369957607,0.07330880833264203,0.0,0.0,223.70592795484401,True
1776223123.406792,181.6809103488922,5.476992916377453,0.5818323061948883,0.07330880833264242,0.0,0.0,223.66896112193933,True
1776223123.484688,181.75880646705627,5.477558462505568,0.582371002121417,0.07330880833264372,0.0,0.0,223.54588113583586,True
1776223123.547376,181.8214943408966,5.477691621291992,0.5824975050606098,0.07330880833264401,0.0,0.0,223.51749711221535,True
1776223123.624488,181.89860653877258,5.477858115559555,0.5826555015723037,0.0733088083326444,0.0,0.0,223.4823205663691,True
1776223123.686089,181.9602074623108,5.4779913468340675,0.5827817935490273,0.07330880833264472,0.0,0.0,223.45442011620267,True
1776223123.763876,182.03799438476562,5.478524577801655,0.5832860344818215,0.07330880833264597,0.0,0.0,223.34492491394553,True
1776223123.84115,182.1152684688568,5.478691308687621,0.583443308350491,0.07330880833264636,0.0,0.0,223.31138798170454,True
1776223123.907879,182.18199753761292,5.478824724982032,0.583569025031901,0.07330880833264666,0.0,0.0,223.28478799912477,True
1776223123.98447,182.2585883140564,5.479392043372939,0.5841023148109494,0.07330880833264802,0.0,0.0,223.17397728590166,True
1776223124.078801,182.35291934013367,5.479592383479489,0.5842901495832987,0.0733088083326485,0.0,0.0,223.13571845849373,True
1776223124.15511,182.42922830581665,5.479759375193488,0.5844465266010159,0.0733088083326489,0.0,0.0,223.10416920302865,True
1776223124.221692,182.49581050872803,5.480193722739187,0.5848524658818357,0.07330880833264995,0.0,0.0,223.02353687245954,True
1776223124.299609,182.57372736930847,5.480461128823193,0.5851018187641688,0.07330880833265059,0.0,0.0,222.9749026048086,True
1776223124.378654,182.65277242660522,5.480628299909392,0.5852574895607053,0.073308808332651,0.0,0.0,222.94488126556797,True
1776223124.472923,182.74704146385193,5.4808289464570175,0.5854441182752873,0.07330880833265149,0.0,0.0,222.90923192794807,True
1776223124.547836,182.82195448875427,5.481397674904979,0.5859718659090666,0.07330880833265288,0.0,0.0,222.81041528626577,True
1776223124.624459,182.89857745170593,5.481565008669553,0.586126797869781,0.0733088083326533,0.0,0.0,222.78195674594687,True
1776223124.701689,182.97580742835999,5.481732368308312,0.5862816002035103,0.07330880833265371,0.0,0.0,222.75376859106868,True
