EpochTime(s),TimeFromStart(s),right_prop_rate(rad/s),left_prop_rate(rad/s),LastDT(s),Yaw(rad),North(m),East(m),IMUSensedYawRate(rad/s),IMUIntegratedYaw(rad),IMUSensedTimeStamp(s),ARUCOSensedNorth(m),ARUCOSensedEast(m),ARUCOSensedYaw(rad),ArucoSensedTimeStamp(s),DepthTimeStamp(s),Depth(m)
1779562544.9124908,2.001582384109497,-82.44064533017863,82.44064530285056,0.2,6.283185305804719,-5.064587608348607e-05,1.0000000005729024,-4.1415780587690425e-13,6.283185305804648,1779562544.9069655,-5.064587608348607e-05,1.0000000005729024,6.2831853058047304, 1779562544.000766, 1779562544.8578222,1.0970855185166446
1779562545.1114442,2.200535774230957,-88.77787213155474,88.77787210443341,0.2,6.283185305804407,0.002788428265585006,1.0000000005826806,-1.0630019399235024e-12,6.283185305804431,1779562545.1109314,0.00017739216666046734,1.0000000005920924,6.283185305804894, 1779562544.999894, 1779562545.1130078,0.947937167389417
1779562545.3112774,2.4003689289093018,-90.37588421549916,90.37588418781615,0.2,6.283185305803852,0.018528065974729946,1.0000000005610357,2.8293344038951246e-12,6.283185305804828,1779562545.251099,None,None,None, None, 1779562545.3137865,0.9240894790948361
1779562545.51167,2.600761651992798,-88.77275155383202,88.77275152520704,0.2,6.28318530580069,0.042824649008090715,1.00000000052761,-1.8227478510667408e-11,6.283185305800862,1779562545.4686804,None,None,None, None, 1779562545.5156796,1.0659627486823269
1779562545.7128441,2.8019356727600098,-84.90146911866962,84.90146908889731,0.2,6.283185305798412,0.07331606277139839,1.0000000004855654,-1.4545888877624465e-11,6.283185305798125,1779562545.7188306,None,None,None, None, 1779562545.7022893,1.0604366642264265
1779562545.9115002,3.00059175491333,-79.70365593872991,79.70365590779275,0.2,6.283185305800008,0.10734136690075932,1.0000000004385705,1.9766778682702447e-11,6.2831853058024185,1779562545.8740869,None,None,None, None, 1779562545.8740869,0.9467013561223993
1779562546.1118033,3.200894832611084,-100.29133384086676,100.29133381068857,0.2,6.283185305798781,0.0726797010859754,1.0000000004611551,-1.6865830323458996e-11,6.283185305799003,1779562546.0766037,0.0702022464854548,1.0000000004636809,6.283185305803715, 1779562546.014931, 1779562546.1219466,0.9430089639576038
1779562546.3116531,3.400744676589966,-96.15988204167714,96.15988201033439,0.2,6.283185305797564,0.10337352716334593,1.000000000418773,-2.015877698935975e-12,6.283185305798591,1779562546.2804313,None,None,None, None, 1779562546.2475111,0.9382800640445476
1779562546.5119114,3.6010029315948486,-90.1646910752409,90.16469104257703,0.2,6.283185305798511,0.13915108717113128,1.0000000003693277,2.3330862153052064e-11,6.283185305803266,1779562546.4808056,None,None,None, None, 1779562546.5089002,0.9032912186716718
1779562546.7116363,3.8007278442382812,-83.48282853609346,83.48282850189611,0.2,6.283185305795372,0.17703225637368547,1.0000000003170109,-4.1848417168630336e-12,6.283185305802491,1779562546.6658742,None,None,None, None, 1779562546.6970677,1.0578960186829245
1779562546.9116633,4.0007548332214355,-76.90486466311587,76.90486462735042,0.2,6.283185305791384,0.21510507661775874,1.00000000026431,-1.590299273625794e-11,6.283185305799292,1779562546.8670473,None,None,None, None, 1779562546.8986337,1.0085971478848752
1779562547.1117613,4.200852870941162,-103.24803106517149,103.24803103259579,0.2,6.283185305794566,0.16507488943637894,1.0000000003634355,3.1834782602899956e-11,6.283185305805299,1779562547.1194413,0.159354152716243,1.0000000003733216,6.283185305797111, 1779562547.016098, 1779562547.0869112,1.031245277467378
1779562547.311424,4.400515556335449,-99.21474166077383,99.21474162695809,0.2,6.283185305791778,0.19542194585164724,1.0000000003214042,-8.437994741583987e-13,6.283185305805094,1779562547.2993789,None,None,None, None, 1779562547.275748,0.9562521693934934
1779562547.5114863,4.6005778312683105,-93.06995296115046,93.06995292576744,0.2,6.283185305787243,0.23144148892315441,1.000000000271416,-2.0008568283884022e-11,6.283185305801261,1779562547.4909341,None,None,None, None, 1779562547.523513,0.9040741024874057
1779562547.7119942,4.801085710525513,-86.14689894628597,86.14689890938332,0.2,6.283185305788068,0.2698786234280633,1.0000000002178984,2.220321735622354e-11,6.283185305805456,1779562547.6798556,None,None,None, None, 1779562547.7109954,0.9093396704962764
1779562547.9117987,5.000890254974365,-79.25120057121084,79.25120053263991,0.2,6.283185305784254,0.30861751146463756,1.0000000001639926,-8.488096641477795e-12,6.2831853058038645,1779562547.9288368,None,None,None, None, 1779562547.8972452,1.0053307622878667
1779562548.1113608,5.2004523277282715,-102.7441933257532,102.74419328916203,0.2,6.283185305785686,0.2663265740563303,1.0000000002081753,-1.8923006064969542e-11,6.283185305800378,1779562548.1133783,0.26110484187059846,1.0000000002144962,6.283185305800369, 1779562548.018961, 1779562548.0821626,1.0756827122453168
1779562548.315258,5.4043495655059814,-98.37776486154976,98.37776482367757,0.2,6.283185305785619,0.2979716717354065,1.0000000001640652,1.3018959303575893e-11,6.283185305802242,1779562548.3197532,None,None,None, None, 1779562548.2716222,0.9126485530964853
1779562548.5120575,5.601149082183838,-91.8679419583177,91.86794191881646,0.2,6.283185305783232,0.3346627025488289,1.000000000112919,-2.605389622938171e-13,6.2831853058021885,1779562548.460749,None,None,None, None, 1779562548.4767685,1.0806681784942693
1779562548.7118812,5.8009727001190186,-84.87462605089019,84.87462600960836,0.2,6.28318530577883,0.3732921845654757,1.0000000000589786,-1.8329920678748527e-11,6.28318530579821,1779562548.6777904,None,None,None, None, 1779562548.661774,1.0686985912602573
1779562548.911918,6.001009464263916,-78.04915230249604,78.04915225953931,0.2,6.2831853057777245,0.4119518992250844,1.0000000000048257,5.222979738467458e-12,6.283185305799187,1779562548.923916,None,None,None, None, 1779562548.905404,0.9222628440207276
1779562549.1119158,6.20100736618042,-101.84112833432256,101.84112829394267,0.2,6.283185305782554,0.36870083440998663,1.0000000000568057,7.12466724706558e-12,6.283185305800612,1779562549.0647473,0.3634308781426991,1.0000000000636304,6.283185305799748, 1779562549.032586, 1779562549.0963612,1.0210405220486847
1779562549.3113623,6.400453805923462,-97.45922816726163,97.45922812542646,0.2,6.283185305778262,0.3999646463736002,1.000000000013129,-1.9338660613806976e-11,6.283185305796979,1779562549.3143706,None,None,None, None, 1779562549.3018086,1.0192391502200306
1779562549.5121143,6.601205825805664,-91.25504517380789,91.25504513052725,0.2,6.283185305783889,0.4362860532321067,0.999999999962231,7.193051589402027e-11,6.283185305810357,1779562549.5196383,None,None,None, None, 1779562549.5186331,1.0395570452824692
1779562549.7114155,6.800507068634033,-84.36390781882072,84.3639077736307,0.2,6.283185305777542,0.4746248048464823,0.9999999999087217,-9.096550956021767e-12,6.283185305808372,1779562549.713922,None,None,None, None, 1779562549.6973805,0.926128698977161
1779562549.9118383,7.000929832458496,-77.646240204744,77.64624015766155,0.2,6.283185305771648,0.5130613708190083,0.9999999998548319,-1.9002432340140484e-11,6.283185305804745,1779562549.9047887,None,None,None, None, 1779562549.8895087,0.9987917422238283
1779562550.1113021,7.2003936767578125,-100.94898770280469,100.9489876593149,0.2,6.2831853057768905,0.4709346810648863,0.9999999999375448,1.0669013151202495e-11,6.283185305806777,1779562550.0952725,0.46574847237772976,0.9999999999463697,6.2831853057951745, 1779562550.044999, 1779562550.077547,1.0609917243180904
1779562550.3111265,7.4002180099487305,-96.62372472616711,96.62372468121961,0.2,6.283185305773929,0.502113036778023,0.999999999893811,-2.1572011625121634e-12,6.2831853058063425,1779562550.2965357,None,None,None, None, 1779562550.279969,1.0078401737879419
1779562550.5118923,7.6009838581085205,-90.501237798694,90.50123775194123,0.2,6.283185305769462,0.5382575693263678,0.9999999998430043,-1.6483585391424398e-11,6.28318530580398,1779562550.5144145,None,None,None, None, 1779562550.4847822,1.0195439857061972
1779562550.7113776,7.800469160079956,-83.71019954806826,83.71019949946039,0.2,6.2831853057671525,0.5763900789109686,0.9999999997892327,-1.4860922388610803e-12,6.2831853058036815,1779562550.7193894,None,None,None, None, 1779562550.7203927,1.0655433300074384
1779562550.9116108,8.000702381134033,-77.074686458502,77.07468640809965,0.2,6.283185305766486,0.6146270987466751,0.9999999997352255,1.6406696079225156e-11,6.283185305807011,1779562550.920649,None,None,None, None, 1779562550.9045963,0.9387242962995095
1779562551.1118762,8.200967788696289,-103.80189726423608,103.8018972172329,0.2,6.283185305771056,0.5636679453029998,0.9999999997894065,-1.0058344598039793e-11,6.283185305804828,1779562551.0609043,0.5579187590683233,0.9999999997963703,6.283185305797126, 1779562551.059886, 1779562551.1088324,0.9118053514511292
1779562551.3119426,8.401034116744995,-99.79384899872507,99.79384895024982,0.2,6.283185305767992,0.5939774527941988,0.9999999997467146,-5.549065312308097e-12,6.2831853058036895,1779562551.328626,None,None,None, None, 1779562551.3099365,0.9409830312919497
1779562551.5120366,8.601128101348877,-93.61666855769198,93.61666850741811,0.2,6.283185305767077,0.6300610123205692,0.9999999996957792,1.640708978365479e-11,6.283185305806748,1779562551.5155473,None,None,None, None, 1779562551.5155473,1.0462668508293798
1779562551.712851,8.801942586898804,-86.65024075531511,86.65024070295193,0.2,6.283185305761448,0.668613545489007,0.9999999996413235,-1.858647783450112e-11,6.283185305803052,1779562551.7158587,None,None,None, None, 1779562551.7009287,0.990683242907452
1779562551.911618,9.000709533691406,-79.65618188228106,79.65618182792814,0.2,6.283185305759412,0.7074838041725833,0.9999999995862,5.509566612259864e-12,6.283185305804078,1779562551.902098,None,None,None, None, 1779562551.8875642,0.9448260942910038
1779562552.111967,9.201058626174927,-104.03349273738151,104.03349268719121,0.2,6.283185305766661,0.6630843980150213,0.9999999996608178,1.5047072196969787e-11,6.2831853058069305,1779562552.0916672,0.6577178611983132,0.9999999996691917,6.283185305791846, 1779562552.074086, 1779562552.075083,1.0551547967259165
1779562552.3119946,9.40108609199524,-99.50748502489144,99.50748497303094,0.2,6.283185305761876,0.6947223268339253,0.9999999996161157,-1.3675724707120875e-11,6.283185305804403,1779562552.276471,None,None,None, None, 1779562552.2609477,0.9091617834297301
1779562552.5130165,9.602108001708984,-93.07583597115577,93.07583591725837,0.2,6.283185305757269,0.7315790471186389,0.9999999995638635,-1.638792279006976e-11,6.283185305801482,1779562552.4546533,None,None,None, None, 1779562552.4546533,1.0434465414951128
1779562552.7122793,9.801370859146118,-85.9356970831005,85.93569702713586,0.2,6.283185305756105,0.770474619100518,0.9999999995085417,1.1984664542511826e-11,6.283185305804011,1779562552.665676,None,None,None, None, 1779562552.6686761,1.0208192100580649
1779562552.9120743,10.001165866851807,-78.96974454094101,78.96974448285802,0.2,6.2831853057524665,0.8094215215575755,0.9999999994531015,-1.5168377443137597e-12,6.283185305803703,1779562552.8689208,None,None,None, None, 1779562552.916259,0.9000636260745504
1779562553.1138341,10.202925682067871,-103.0615752014969,103.06157514774151,0.2,6.283185305757389,0.7657600463887692,0.9999999995279112,-1.4599588445030005e-11,6.283185305800951,1779562553.057394,0.760445058924533,0.9999999995363098,6.283185305786219, 1779562553.085672, 1779562553.1203268,1.0427404576745722
1779562553.312027,10.401118516921997,-98.50638580035032,98.50638574497438,0.2,6.283185305756247,0.7973153744767133,0.9999999994830333,1.4369710013966055e-11,6.283185305804084,1779562553.2753663,None,None,None, None, 1779562553.3055325,0.9612776065842021
1779562553.5121775,10.601269006729126,-92.13480976112528,92.13480970334125,0.2,6.283185305741438,0.833971248462615,0.9999999994308595,-1.0785300278676323e-10,6.283185305780816,1779562553.4911017,None,None,None, None, 1779562553.4888613,1.0274794244089498
1779562553.711798,10.800889492034912,-85.12062103464967,85.12062097472513,0.2,6.28318530574025,0.8726204617546548,0.9999999993752762,-2.0593559588328995e-11,6.283185305776582,1779562553.6967018,None,None,None, None, 1779562553.6800694,0.9346545968981523
1779562553.9120157,11.001107215881348,-78.27902837359899,78.27902831161205,0.2,6.283185305740714,0.9113249962302545,0.9999999993195673,6.177104351583898e-12,6.28318530577744,1779562553.9144082,None,None,None, None, 1779562553.883873,1.020012000798901
1779562554.1118152,11.200906753540039,-102.7083381066407,102.70833804877691,0.2,6.2831853057496465,0.8664639946836373,0.9999999993682911,-7.851576301809861e-12,6.283185305775351,1779562554.1017652,0.8610852081890373,0.9999999993750005,6.283185305784219, 1779562554.098752, 1779562554.069537,0.9187912952013743
1779562554.3126564,11.401747941970825,-98.39130268521728,98.39130262558047,0.2,6.283185305744406,0.8976764347500651,0.9999999993236591,-3.0456798577185645e-11,6.283185305769777,1779562554.284777,None,None,None, None, 1779562554.2672215,1.0652000358874751
1779562554.5118175,11.600908994674683,-92.06999274000249,92.06999267829093,0.2,6.283185305743471,0.9341060497660721,0.9999999992713761,7.87136291196991e-12,6.283185305771402,1779562554.4912283,None,None,None, None, 1779562554.4912283,0.9203978955344622
1779562554.7117333,11.800824880599976,-85.11748587053918,85.1174858065637,0.2,6.283185305740856,0.9726224518998319,0.9999999992160621,4.415289695649547e-12,6.283185305772305,1779562554.6956549,None,None,None, None, 1779562554.679071,0.9029453642510736
1779562554.9119859,12.00107741355896,-78.30233502039005,78.30233495408338,0.2,6.283185305735301,1.0112574991875352,0.9999999991604767,-1.681380529038951e-11,6.283185305768886,1779562554.898964,None,None,None, None, 1779562554.86985,1.048332799359264
1779562555.1159797,12.205071210861206,-103.19487520352304,103.19487514259497,0.2,6.28318530574514,0.9656329399178295,0.999999999243677,1.4085470041128804e-11,6.283185305771575,1779562555.0898504,0.9602066012229757,0.9999999992526404,6.2831853057780656, 1779562555.100903, 1779562555.1189778,1.0285462362733475
1779562555.3115847,12.400676250457764,-98.68910332194335,98.68910325923964,0.2,6.2831853057423706,0.996797998054221,0.9999999991989724,9.557620331255643e-12,6.283185305773333,1779562555.2738082,None,None,None, None, 1779562555.3025627,0.9461937305621565
1779562555.5128427,12.60193419456482,-92.43643914458288,92.43643907958017,0.2,6.283185305736144,1.0332433571875221,0.9999999991465925,-1.8474891009180365e-11,6.28318530576992,1779562555.458559,None,None,None, None, 1779562555.4897475,0.9368740255664291
1779562555.7129092,12.802000761032104,-85.4583402267033,85.45834015933498,0.2,6.283185305733152,1.0718217688337273,0.9999999990909069,4.320321204046375e-12,6.283185305770789,1779562555.6596918,None,None,None, None, 1779562555.6747296,1.0972165340899827
1779562555.911976,13.001067638397217,-78.56239526753032,78.56239519782939,0.2,6.283185305730619,1.1105370604468647,0.9999999990349078,1.3243649906421551e-11,6.283185305773478,1779562555.8627458,None,None,None, None, 1779562555.877798,1.0780426680102904
1779562556.1117737,13.200865268707275,-106.02176583554574,106.02176577152143,0.2,6.283185305737406,1.0579884699452644,0.9999999991063474,-1.5382419339426133e-11,6.2831853057696785,1779562556.1097734,1.052106506158664,0.9999999991145642,6.283185305775764, 1779562556.108746, 1779562556.0660455,0.9512770160604911
1779562556.3116543,13.400745868682861,-101.83361891243369,101.8336188466034,0.2,6.283185305733901,1.0886939853210977,0.9999999990620645,-1.063895814119351e-12,6.283185305769512,1779562556.2659318,None,None,None, None, 1779562556.2659318,1.0088470817288149
1779562556.5130827,13.602174282073975,-95.46336651624638,95.46336644810427,0.2,6.283185305731453,1.1253329498866198,0.9999999990090961,1.3218028943925698e-11,6.283185305772029,1779562556.5170891,None,None,None, None, 1779562556.5170891,1.0429598320505649
1779562556.711506,13.800597429275513,-88.15232399484282,88.15232392393202,0.2,6.283185305720971,1.164461726500869,0.9999999989524324,-5.3649146169232515e-11,6.283185305761349,1779562556.6553674,None,None,None, None, 1779562556.7196295,0.9973570925097304
1779562556.9111378,14.000229358673096,-80.96477173667195,80.96477166323628,0.2,6.28318530571794,1.2038434180748905,0.9999999988949897,-7.50009340869505e-12,6.2831853057595755,1779562556.89181,None,None,None, None, 1779562556.8752499,1.0919106145851465
1779562557.1117756,14.200867176055908,-74.32345815077007,74.32345807497641,0.2,6.283185305716372,1.2423464887009172,0.9999999988387118,1.2063243054472759e-11,6.283185305761999,1779562557.092731,None,None,None, None, 1779562557.0761657,1.0585325528022138
1779562557.311725,14.400816440582275,-112.63212398693457,112.63212392028181,0.2,6.2831853057278355,1.161234082144875,0.9999999989590639,-1.0798263912714955e-11,6.283185305759989,1779562557.2788818,1.1559006200726543,0.999999998966943,6.283185305774425, 1779562557.121799, 1779562557.3259118,1.0841179057030454
1779562557.5121584,14.601249933242798,-109.07699470837039,109.07699463996343,0.2,6.283185305723272,1.1902626637912617,0.9999999989169216,-1.134733540576328e-11,6.283185305757877,1779562557.526183,None,None,None, None, 1779562557.526183,1.0976950593842603
1779562557.7122948,14.80138635635376,-102.52910691906027,102.52910684818815,0.2,6.283185305721538,1.2269718352401853,0.9999999988634615,1.7746370893468813e-11,6.283185305761215,1779562557.7132928,None,None,None, None, 1779562557.7132928,0.9976856912338312
1779562557.9117289,15.000820398330688,-94.69607853761323,94.69607846383019,0.2,6.283185305715738,1.2672025230588713,0.9999999988048032,-8.346644316183101e-12,6.28318530575968,1779562557.897202,None,None,None, None, 1779562557.897202,0.9925247680211424
1779562558.1116204,15.200711965560913,-86.79896278807105,86.79896271139032,0.2,6.283185305710754,1.3080918199926383,0.9999999987449474,-4.4224645773063116e-12,6.283185305758837,1779562558.0877755,None,None,None, None, 1779562558.0887747,0.9396708103523429
1779562558.3118145,15.400906085968018,-111.02844934293631,111.02844927284278,0.2,6.283185305724622,1.2652900679893069,0.9999999988277475,1.2769413538235806e-11,6.283185305761384,1779562558.287223,1.2599366794965496,0.9999999988368982,6.283185305772372, 1779562558.132153, 1779562558.2717142,1.0404294358842576
1779562558.5115354,15.600626945495605,-105.48258721784383,105.4825871454058,0.2,6.283185305719852,1.2993393624558471,0.999999998778207,-1.716064628850018e-12,6.2831853057610285,1779562558.4939911,None,None,None, None, 1779562558.4764643,0.9006989123009463
1779562558.7115674,15.800658941268921,-98.01751394745772,98.01751387212414,0.2,6.2831853057140945,1.3385363998365385,0.9999999987209898,-1.0117373460586927e-11,6.283185305759026,1779562558.691975,None,None,None, None, 1779562558.6760042,0.9336132073213665
1779562558.911575,16.000666618347168,-90.05937928816708,90.05937920989963,0.2,6.28318530571116,1.3793966491472398,0.9999999986611094,1.3616581722470082e-11,6.2831853057609415,1779562558.911575,None,None,None, None, 1779562558.9278116,0.9899954416452106
1779562559.1119215,16.20101308822632,-82.4298822519395,82.42988217078806,0.2,6.283185305706708,1.419921726459099,0.9999999986016014,7.577833586154385e-12,6.283185305762435,1779562559.1086628,None,None,None, None, 1779562559.1109216,1.0869806961294073
1779562559.3126185,16.401710033416748,-110.37143423062874,110.37143415655508,0.2,6.283185305719865,1.3670313408127637,0.9999999986686546,-1.2450915076051171e-11,6.283185305760513,1779562559.3297136,1.3610497387300826,0.9999999986767608,6.283185305777274, 1779562559.132561, 1779562559.3297136,1.0186876447724262
1779562559.5112088,16.600300312042236,-105.50954681214857,105.50954673589166,0.2,6.283185305716542,1.3992379275111655,0.999999998621642,9.579001510611045e-12,6.2831853057626175,1779562559.4826498,None,None,None, None, 1779562559.4826498,1.0333894837801916
1779562559.7112217,16.800313234329224,-98.45958378262353,98.45958370351498,0.2,6.283185305711931,1.4373560746984484,0.9999999985658735,4.582418132433144e-12,6.283185305763484,1779562559.6719012,None,None,None, None, 1779562559.6849363,0.9116625042066017
1779562559.9120386,17.00113010406494,-90.70880653256646,90.70880645036026,0.2,6.283185305705507,1.4777227457150355,0.9999999985066291,-9.765561111529084e-12,6.283185305761675,1779562559.9186742,None,None,None, None, 1779562559.9350643,1.0659675970936204
1779562560.111428,17.200519561767578,-83.08262927172014,83.08262918652515,0.2,6.283185305701091,1.5180974700233183,0.9999999984471135,4.3142068367903605e-12,6.283185305762744,1779562560.104901,None,None,None, None, 1779562560.1224577,0.9041866623673428
1779562560.3112724,17.40036392211914,-111.38545855473903,111.3854584779115,0.2,6.2831853057166915,1.4643340684888244,0.9999999985453765,6.785379433809347e-12,6.283185305764019,1779562560.2928953,1.4582777745249282,0.9999999985555524,6.28318530577467, 1779562560.134964, 1779562560.3092709,0.9365199739165208
1779562560.5111532,17.600244760513306,-106.54565292611142,106.54565284696157,0.2,6.283185305710698,1.4965920221686524,0.9999999984981864,-1.0614431783906678e-11,6.283185305762019,1779562560.4813757,None,None,None, None, 1779562560.4940019,1.0240970003392156
1779562560.7118688,17.800960302352905,-99.4330401870206,99.43304010489527,0.2,6.283185305705723,1.5349021203935047,0.9999999984419132,-2.1008731017416036e-12,6.283185305761632,1779562560.6657212,None,None,None, None, 1779562560.6828246,0.9881627902828803
1779562560.9119503,18.001041889190674,-91.54045425524475,91.54045416997442,0.2,6.283185305702252,1.5755159828777778,0.999999998382054,1.4134042941642435e-11,6.283185305764506,1779562560.8690588,None,None,None, None, 1779562560.9026291,0.9597441983369377
1779562561.1113064,18.200397968292236,-83.8021450040627,83.80214491561479,0.2,6.283185305695646,1.6161338805966703,0.9999999983220478,-6.786146003179669e-12,6.283185305763121,1779562561.0730865,None,None,None, None, 1779562561.0855966,1.0483049393742072
1779562561.3121345,18.401226043701172,-109.06499719445367,109.06499711342099,0.2,6.2831853057138325,1.5702906834027768,0.9999999983910398,7.599234107967354e-12,6.283185305764511,1779562561.256008,1.5647354366803976,0.9999999983993462,6.283185305779605, 1779562561.14568, 1779562561.2755969,1.0646059343487821
1779562561.5121906,18.601282119750977,-103.93237233687223,103.93237225341991,0.2,6.283185305709671,1.6033654706017237,0.9999999983425603,1.0560244037252333e-11,6.283185305766824,1779562561.4750047,None,None,None, None, 1779562561.4750047,0.914991526676265
1779562561.7114766,18.800568103790283,-96.7746767995163,96.77467671294731,0.2,6.283185305702942,1.6417552878987478,0.9999999982861305,-8.39776264047498e-12,6.28318530576497,1779562561.6956856,None,None,None, None, 1779562561.6770742,0.9925275786913963
1779562561.9114282,19.00051975250244,-89.06892357817271,89.06892348836827,0.2,6.283185305697528,1.6820123042294275,0.9999999982266852,1.8330715941782152e-13,6.283185305765004,1779562561.881776,None,None,None, None, 1779562561.881776,1.0907098917005598
1779562562.1114066,19.20049810409546,-81.6135565622371,81.61355646931443,0.2,6.283185305693097,1.7220961600407614,0.9999999981672786,1.033237349548186e-11,6.283185305766875,1779562562.0629294,None,None,None, None, 1779562562.0629294,0.922076469091373
1779562562.3117971,19.400888681411743,-106.34746811118393,106.34746802574489,0.2,6.283185305711012,1.6771610589012693,0.9999999982344235,-4.57210045375256e-12,6.283185305765732,1779562562.3128726,1.6717019717923647,0.9999999982425611,6.283185305782174, 1779562562.152722, 1779562562.2502656,1.0088835823139017
1779562562.5118108,19.600902318954468,-101.48686942808965,101.48686934021786,0.2,6.283185305705542,1.7096011892118859,0.9999999981867828,-3.4203725007702935e-12,6.283185305765203,1779562562.4676454,None,None,None, None, 1779562562.516319,1.0132884988499666
1779562562.711998,19.80108952522278,-94.69188699693169,94.69188690606748,0.2,6.283185305702031,1.7472403999681103,0.9999999981313009,1.7760094637006825e-11,6.283185305768482,1779562562.7170033,None,None,None, None, 1779562562.7009666,1.0184754646397187
1779562562.911391,20.0004825592041,-87.27537396278505,87.27537386866054,0.2,6.283185305695618,1.786793169865722,0.9999999980728596,-1.7367590631378485e-13,6.283185305768439,1779562562.9018865,None,None,None, None, 1779562562.8865411,1.0810166843279176
1779562563.1110437,20.200135231018066,-80.07799655665123,80.07799645933359,0.2,6.283185305688892,1.8262663290544061,0.9999999980142826,-4.926133978368901e-12,6.283185305767507,1779562563.090974,None,None,None, None, 1779562563.072942,1.0552698248215968
1779562563.311118,20.400209426879883,-107.97226008872843,107.97226000072867,0.2,6.2831853057089475,1.772961240030586,0.9999999981120691,8.746816071294152e-12,6.283185305769148,1779562563.2786303,1.7669912515686137,0.9999999981221611,6.283185305781327, 1779562563.166689, 1779562563.2799995,0.943703964418862
1779562563.5117705,20.6008620262146,-103.58014391279276,103.58014382246245,0.2,6.283185305703832,1.8042250784436549,0.9999999980660913,5.364684118117415e-12,6.283185305770134,1779562563.523314,None,None,None, None, 1779562563.474468,0.9086584763241163
1779562563.7121284,20.801219940185547,-96.90763377336128,96.90763367988305,0.2,6.283185305696808,1.8414746607006804,0.99999999801112,-8.910060270662712e-12,6.283185305767936,1779562563.7091231,None,None,None, None, 1779562563.6609733,0.9825581924852815
1779562563.9113145,21.00040602684021,-89.38980251157504,89.38980241475151,0.2,6.283185305691953,1.8811478726981579,0.9999999979522934,8.292910849918716e-12,6.283185305769093,1779562563.9113145,None,None,None, None, 1779562563.9113145,0.9132305941480982
1779562564.1115718,21.200663328170776,-82.02704074826491,82.02704064811525,0.2,6.28318530568569,1.9209843312623482,0.9999999978930314,4.718992049228127e-13,6.283185305769181,1779562564.0970502,None,None,None, None, 1779562564.0970502,0.9337505308790399
1779562564.3136828,21.402774333953857,-107.20236452325749,107.20236443129575,0.2,6.283185305703398,1.8751740867478828,0.9999999979595499,-3.696017837191359e-11,6.28318530576225,1779562564.2845829,1.8696624157714026,0.9999999979676589,6.28318530578509, 1779562564.174043, 1779562564.2815838,1.0507156075098492
1779562564.511448,21.600539445877075,-102.25416664166981,102.25416654717058,0.2,6.283185305699563,1.9075929429410294,0.9999999979116935,3.4804438368000443e-12,6.283185305762911,1779562564.4743435,None,None,None, None, 1779562564.4743435,1.0239385355041644
1779562564.7128377,21.801929235458374,-95.45259784636099,95.45259774864854,0.2,6.283185305694802,1.9453365556097124,0.999999997855832,5.0616113051143586e-12,6.283185305763844,1779562564.721952,None,None,None, None, 1779562564.7209504,0.9549737632452479
1779562564.9123816,22.00147318840027,-87.96202037684235,87.96202027562218,0.2,6.283185305687319,1.9850571537602604,0.9999999977968556,-1.3629534322765671e-11,6.283185305761293,1779562564.845915,None,None,None, None, 1779562564.9133859,0.9875445435285646
1779562565.1119065,22.200998067855835,-80.67536207818733,80.67536197363951,0.2,6.2831853056830385,2.024713159429007,0.9999999977376782,1.1820113623761132e-11,6.283185305764426,1779562565.1109073,None,None,None, None, 1779562565.1119065,1.036363506598064
1779562565.3119056,22.400997161865234,-105.50658147771819,105.50658138196671,0.2,6.283185305704607,1.9793151766565222,0.9999999978173271,5.018600085271938e-12,6.28318530576513,1779562565.3129785,1.9738484063286192,0.9999999978262704,6.283185305784556, 1779562565.186765, 1779562565.2968009,0.9413385317251862
1779562565.5117655,22.60085701942444,-100.80053698452217,100.80053688617126,0.2,6.2831853056978115,2.0113633805453475,0.9999999977700567,-8.39242325138964e-12,6.2831853057635625,1779562565.4997547,None,None,None, None, 1779562565.4847035,1.0242007280116587
1779562565.7117097,22.800801277160645,-94.13723675943416,94.13723665782949,0.2,6.283185305692392,2.0486635421298502,0.9999999977147862,4.880119509325726e-12,6.283185305764469,1779562565.6855934,None,None,None, None, 1779562565.6715448,0.9472885636328077
1779562565.9113033,23.000394821166992,-86.83868455498268,86.83868444991599,0.2,6.283185305686917,2.0879536618742662,0.9999999976563542,9.080578591635991e-12,6.283185305766178,1779562565.8737388,None,None,None, None, 1779562565.9188128,0.9533519125072744
1779562566.1116552,23.200746774673462,-79.74940038855638,79.74940028005268,0.2,6.283185305679483,2.1272309938578395,0.9999999975977261,-4.512595390442541e-12,6.283185305765268,1779562566.0755005,None,None,None, None, 1779562566.0457864,0.9929616358270615
1779562566.3117332,23.400824785232544,-104.37452146281173,104.37452136335259,0.2,6.2831853057013225,2.0821888600311693,0.9999999976790473,-1.0225262339857033e-12,6.283185305765076,1779562566.262815,2.0767660535590293,0.9999999976880772,6.283185305784288, 1779562566.199828, 1779562566.2809765,0.9082674877351115
1779562566.5117931,23.600884675979614,-99.80911642199453,99.80911631997253,0.2,6.283185305695893,2.1139230870994705,0.9999999976321358,4.756751186936529e-12,6.283185305765965,1779562566.5123186,None,None,None, None, 1779562566.4804258,0.9434167145327177
1779562566.7119088,23.801000356674194,-93.29838114627584,93.2983810409416,0.2,6.283185305689188,2.150883688730312,0.9999999975772975,-1.8715643229575515e-12,6.283185305765699,1779562566.716061,None,None,None, None, 1779562566.672911,0.9661075524210865
1779562566.911963,24.001054525375366,18.12202761892162,40.28018335040927,0.2,6.283185305682226,2.18986801202123,0.9999999975191953,-3.5356889770667116e-12,6.283185305764818,1779562566.903382,None,None,None, None, 1779562566.9189107,1.0221413105453818
1779562567.1129787,24.202070236206055,-30.85536914645683,84.93546149680137,0.2,6.283670519102917,2.2208715437050985,0.9999740676131701,0.011181760467782789,0.002258254570437046,1779562567.105341,None,None,None, None, 1779562567.105341,1.0945595701852255
1779562567.3116612,24.400752782821655,-85.36659887245989,121.7372308659372,0.2,6.28628584399653,2.175752169321326,1.0000012152061357,0.023069037969572298,0.006925051104973466,1779562567.307638,2.1707938303936745,1.000004411206482,0.006264199370178858, 1779562567.199907, 1779562567.2930784,0.9393431699104722
1779562567.513537,24.602628469467163,-64.95701374156393,114.17292576009893,0.2,0.0049694643608109695,2.203044281042958,1.0000662954612523,0.027153387201597965,0.0119854308358598,1779562567.4940007,None,None,None, None, 1779562567.4940007,0.9015823025394977
1779562567.711424,24.80051565170288,-64.91474590982232,114.20868740554546,0.2,0.0074294144551498,2.2358992426832494,1.0002105447945517,0.02910410891688867,0.01748012287321245,1779562567.682795,None,None,None, None, 1779562567.6973963,0.9271911688215405
1779562567.911281,25.000372648239136,-64.85590528972008,114.25845499280759,0.2,0.010880915502961521,2.2722349157135286,1.0004649721763528,0.035611948007639144,0.024647548050278467,1779562567.8840597,None,None,None, None, 1779562567.9012673,0.9940729885699515
1779562568.1120565,25.20114803314209,-59.69545918824893,110.00062303842859,0.2,0.014694979542400219,2.310551788442538,1.0008819112853924,0.033692935538492445,0.030986341301778617,1779562568.0721939,None,None,None, None, 1779562568.089796,0.9628885141866232
1779562568.3120987,25.401190280914307,-64.55061727015583,114.51637301979541,0.2,0.02759569959541266,2.263215906257243,1.0012388989653713,0.034810586502699005,0.03749490140196558,1779562568.3226254,2.257615706104836,1.0012251039645685,0.053886213917125225, 1779562568.211818, 1779562568.2707093,1.0312964965964624
1779562568.5137095,25.602801084518433,-64.49131871461164,114.56641310639785,0.2,0.03062031210371182,2.2928962581256402,1.0020634678808165,0.029511944420065397,0.04488870487526432,1779562568.5097005,None,None,None, None, 1779562568.460136,1.005924905231232
1779562568.7120826,25.80117416381836,-64.4205670949418,114.62609364997176,0.2,0.03432143244020901,2.3272856162711237,1.00311680998661,0.0354109597990631,0.052002026503067414,1779562568.7105796,None,None,None, None, 1779562568.664124,0.9859188337385497
1779562568.9121437,26.001235246658325,-64.30749787877333,114.72141492672338,0.2,0.04055047534466108,2.364503082845087,1.0043946685463634,0.05867210622264935,0.06002831765700215,1779562568.916148,None,None,None, None, 1779562568.8664887,0.9483066892271083
1779562569.112014,26.20110559463501,-61.87519670025422,112.8261257466368,0.2,0.045435980597162015,2.4032788641405562,1.0060107224517516,0.03530508673863153,0.06894728162509152,1779562569.1000042,None,None,None, None, 1779562569.0849137,1.0245182513250968
1779562569.3115416,26.400633096694946,-63.811524713982664,115.138738480044,0.2,0.06595864544602134,2.362872862156797,1.0069878161788413,0.03518569053681644,0.07441759721756444,1779562569.255474,2.3576862280307394,1.0069333729467365,0.11243632168998996, 1779562569.223817, 1779562569.2861583,0.9742583080319895
1779562569.511934,26.601025581359863,-112.98951202154487,66.34941593139956,0.2,0.06968408415633201,2.3937720226861634,1.009046406327304,0.03262012992924599,0.08150717824004208,1779562569.4728117,None,None,None, None, 1779562569.4738116,1.01787825069263
1779562569.712262,26.801353454589844,-112.90321898263231,66.45047128255128,0.2,0.0745089457381662,2.42886912232974,1.0115965823097852,0.02006853657184876,0.08529544045255821,1779562569.723809,None,None,None, None, 1779562569.7228081,0.9580263948174537
1779562569.9122748,27.00136637687683,-112.8379616512364,66.52684949483675,0.2,0.07780605344324205,2.466427069472471,1.014534456851723,0.00023806305800157953,0.08534334367982911,1779562569.9238684,None,None,None, None, 1779562569.903942,0.9017362645001807
1779562570.111257,27.200348615646362,-109.56014552062916,62.76257478509476,0.2,0.07847461536049777,2.505329494573087,1.0176897064021784,-0.019291795626091054,0.08180829786990367,1779562570.111257,None,None,None, None, 1779562570.0947134,1.0760628742954164
1779562570.3116634,27.400754928588867,-112.58862724843954,66.8183353988906,0.2,0.08938513402523186,2.4621009298396626,1.018028691652176,-0.028372701311136367,0.07609360847761289,1779562570.3126721,2.456741974070564,1.0178452099005044,0.12497532248131105, 1779562570.23446, 1779562570.2972078,1.0519133339647426
1779562570.512169,27.60126042366028,-112.61646545452203,66.78581759446361,0.2,0.08600464818018809,2.4925247665840375,1.0207941961015,-0.04878993996825328,0.06957652896760268,1779562570.516175,None,None,None, None, 1779562570.4838715,1.027408327765047
1779562570.7124434,27.80153489112854,-112.64135749921958,66.75673553853962,0.2,0.08287652195498064,2.5273265305020365,1.023794711283767,-0.031082118985821083,0.061677174139214974,1779562570.700391,None,None,None, None, 1779562570.668729,1.0061226073580234
1779562570.9119813,28.001072883605957,-112.66900685651484,66.72442577011074,0.2,0.07956421695797837,2.564725024302842,1.0269012841524043,-0.031668613037924044,0.05571811526188082,1779562570.8885603,None,None,None, None, 1779562570.9194977,0.9114289959391961
1779562571.1120303,28.20112180709839,-109.79386591205025,63.29196571418178,0.2,0.07595540221507334,2.6035552827892925,1.0299924075963247,-0.03166664823143196,0.04982000663691751,1779562571.0748165,None,None,None, None, 1779562571.106497,0.9567012049385767
1779562571.311549,28.4006404876709,-112.73778033618163,66.64403161253567,0.2,0.07035835400363318,2.5523688106408127,1.0285174116474425,-0.06691653920186721,0.036344017970468635,1779562571.2762015,2.5464902459231196,1.028227931496377,0.07620908347612776, 1779562571.240505, 1779562571.311549,1.0815504239215097
1779562571.5122194,28.601310968399048,-63.497694107392945,115.40213248225723,0.2,0.06549803361645026,2.5817781895899574,1.0305439608431932,-0.033703127190753475,0.029003271250756166,1779562571.4940076,None,None,None, None, 1779562571.5277886,1.0159054445361917
1779562571.7115798,28.800671339035034,-63.570382568832585,115.341172135732,0.2,0.06028751205075052,2.6159850201382637,1.0326653842451234,-0.017185431520211944,0.026346855875984218,1779562571.7130892,None,None,None, None, 1779562571.7130892,1.0487415698383973
1779562571.9119704,29.00106191635132,-63.60541799717098,115.31177966225417,0.2,0.05734325346383347,2.6530903044734706,1.034757820960941,0.006446233843528925,0.027545405759447205,1779562571.8990195,None,None,None, None, 1779562571.8990195,1.0259780777820342
1779562572.1115904,29.200681924819946,-63.59427970337092,115.32112467569341,0.2,0.05717548309061696,2.6918056590271,1.036855776756516,0.024504463205093276,0.03249667204592574,1779562572.1010752,None,None,None, None, 1779562572.1186938,0.9129662262312966
1779562572.312799,29.401890516281128,-63.530114498183,115.37494648068298,0.2,0.05880839374208355,2.6510318514615716,1.035995307055086,0.029588513506817186,0.03856666059942922,1779562572.306222,2.645803569219842,1.0357973005327303,0.05926492627455193, 1779562572.241864, 1779562572.3177817,0.9126519854090244
1779562572.5115678,29.600659370422363,-112.78485864670354,66.5889749036615,0.2,0.06035362544204962,2.6820602616902525,1.0377825896703587,0.029771363770906722,0.042711131725230056,1779562572.5228198,None,None,None, None, 1779562572.5228198,1.0906526769682465
1779562572.7118037,29.80089521408081,-112.73539673160202,66.64681865903563,0.2,0.06276377195187725,2.717251082247283,1.0399706081424398,0.007060583235551217,0.04457301768394502,1779562572.7091334,None,None,None, None, 1779562572.6452618,1.0881362434357276
1779562572.911908,30.000999450683594,-112.69552822151903,66.6934279201072,0.2,0.06447094083526286,2.7548840955187686,1.042427463141487,-0.0048875266887783665,0.04390892156453127,1779562572.9279318,None,None,None, None, 1779562572.8595302,1.0642906313727845
1779562573.1114788,30.200570344924927,-113.16083906351881,66.14858833152539,0.2,0.03010737694139589,2.7938499261911316,1.0450334183472254,-0.32997130431256155,6.239994490623064,1779562573.1089706,None,None,None, None, 1779562573.0673738,1.0358097271112958
1779562573.3123643,30.401455879211426,-113.16211812381157,66.14708807371045,0.2,0.03023647363139268,2.752745373900076,1.0429152280675718,-0.027894875829170107,6.23462815557247,1779562573.3013477,2.7474849711091287,1.0427277108619057,0.06764688907863992, 1779562573.25363, 1779562573.3173642,0.9837202889049336
1779562573.5113983,30.600489854812622,-64.08410008732216,114.90954803500495,0.2,0.021138701543004006,2.7838115998450417,1.0436806527083613,-0.03411516327546171,6.228266480384142,1779562573.4878242,None,None,None, None, 1779562573.5038812,1.0472247717369314
1779562573.7131038,30.80219531059265,-64.20707809335437,114.80601551891262,0.2,0.013725505450135869,2.819066582753658,1.0442247562117775,-0.018487948977359777,6.224790887698251,1779562573.6758165,None,None,None, None, 1779562573.6949852,0.9807551020258345
1779562573.9110103,31.000101804733276,-74.67340605332375,118.70005284920789,0.2,0.009421960917690346,2.8567816638203865,1.0445492420293103,0.0038026282084250044,6.2254916166762735,1779562573.9217634,None,None,None, None, 1779562573.8920581,0.9412544281969553
1779562574.1118796,31.200971126556396,-64.29629088280984,114.73085912423919,0.2,0.00828875153875423,2.8968372535668423,1.04477541439186,0.020374175517860135,6.2296437028775475,1779562574.063883,None,None,None, None, 1779562574.1108823,1.0518678950702371
1779562574.3120403,31.401131868362427,-63.98242143841796,114.99508870518747,0.2,0.022870797702732995,2.851846080467787,1.0486795171998697,0.02947021650898247,6.236986517588592,1779562574.3130436,2.8462972345994637,1.0489184609194124,0.06215259875459634, 1779562574.255231, 1779562574.3140626,0.9476562191006458
1779562574.511516,31.6006076335907,-113.14553950393537,66.16653265780272,0.2,0.02652787690197631,2.8827500263760157,1.0493436276905435,0.05295537138749254,6.246723211175972,1779562574.4969096,None,None,None, None, 1779562574.4969096,1.0059498647988798
1779562574.711856,31.800947427749634,-113.07832100971203,66.24534683870984,0.2,0.03068962158257113,2.917892480605706,1.0503689270491776,0.015620713716243679,6.249716513667742,1779562574.6885335,None,None,None, None, 1779562574.6885335,1.0133044904340387
1779562574.9117835,32.0008749961853,-112.62337552568752,83.57869801345792,0.2,0.03307313367606914,2.9555292819901253,1.051647647727516,-0.005820307241857575,6.248522177158918,1779562574.8937352,None,None,None, None, 1779562574.8937352,1.061425876321295
1779562575.1128685,32.20196008682251,-105.25918219625883,75.66120520255573,0.2,0.03241797730963062,2.9956495370892875,1.0530676290668914,-0.024640632878752313,6.244596928025998,1779562575.053035,None,None,None, None, 1779562575.1118653,0.9081395443211757
1779562575.3116684,32.40075993537903,-112.84249874145578,66.52154040464526,0.2,0.0421078848955002,2.94572922418636,1.055174855632785,-0.020993124834978488,6.240520212520734,1779562575.247228,2.9398587390008326,1.0552243173343097,0.07452227736034356, 1779562575.263277, 1779562575.2964556,0.9446825568076831
1779562575.5114453,32.600536823272705,-112.85668505978019,66.50493909128096,0.2,0.04045478966415335,2.9759777359675983,1.0564794262036532,-0.027907416681634874,6.234355362731603,1779562575.4681315,None,None,None, None, 1779562575.4528408,1.096391310418913
1779562575.7117817,32.80087327957153,-112.88648798086615,66.47005702479922,0.2,0.03773699388610179,3.010709674876101,1.05790691018694,-0.031991221039997145,6.228305738066162,1779562575.6572342,None,None,None, None, 1779562575.670118,0.9634956454658009
1779562575.9115467,33.000638246536255,-112.93886492524317,66.4087351402502,0.2,0.03345816622084501,3.0481138209452987,1.0593287828056788,-0.04183476861553006,6.219924100346294,1779562575.9200664,None,None,None, None, 1779562575.8737063,1.062542424228609
1779562576.1115735,33.20066499710083,-113.02800355054036,66.30431877538673,0.2,0.02659117889664803,3.086994064881458,1.0606172203817223,-0.05950580418884558,6.205229955966369,1779562576.1045215,None,None,None, None, 1779562576.1226676,1.0341811568230823
1779562576.3120866,33.40117812156677,-113.06340724622619,66.26282802208475,0.2,0.022035828737062772,3.0463439713886094,1.0617692474022986,-0.034032303396745234,6.198745276035781,1779562576.2950664,3.0411173778991287,1.0617790766382849,0.023334404188685376, 1779562576.277002, 1779562576.339127,1.0025407205573234
1779562576.5118034,33.600894927978516,-63.88023061765766,115.0810052409464,0.2,0.01804671242109463,3.0774442504741706,1.0624277179977533,-0.03211746359235888,6.192775773719047,1779562576.480931,None,None,None, None, 1779562576.5268512,1.0905756290383917
1779562576.7121344,33.801225900650024,-63.93847804997496,115.03204069485116,0.2,0.014438809101119603,3.1127242019016186,1.062954796825494,-0.005926569453441319,6.1914896967984,1779562576.697933,None,None,None, None, 1779562576.669841,0.9212358574236855
1779562576.9116578,34.000749349594116,-68.12492282624764,116.59346909761763,0.2,0.012092534183183217,3.150457864478959,1.0633773527676995,0.005895032197527898,6.192684675452819,1779562576.9006424,None,None,None, None, 1779562576.9106576,1.0626050815818493
1779562577.1117082,34.20079970359802,-63.96779701228081,115.00738751533763,0.2,0.012464119344890317,3.189924629067569,1.0637448313103528,0.0259388350280056,6.197514181000919,1779562577.0868306,None,None,None, None, 1779562577.1187148,1.0021328362676638
1779562577.3128908,34.40198230743408,-63.8911292091722,115.07184491844374,0.2,0.01580323033557247,3.146960652986158,1.064308404959448,0.033215781547998965,6.204251158360962,1779562577.2896552,3.1415629338150484,1.064317270468286,0.019266772103089025, 1779562577.288634, 1779562577.259806,0.9940978872659602
1779562577.5119274,34.60101890563965,-63.82850839889013,115.12446948852944,0.2,0.019198254511899725,3.1779531891776425,1.0647691776885253,0.045402840594523215,6.212933589531162,1779562577.4808862,None,None,None, None, 1779562577.522987,0.9921880778265227
1779562577.7121205,34.80121207237244,-63.76844291571941,115.17492720685168,0.2,0.022406074421860933,3.213169003898529,1.0654453429365014,0.03080674489771943,6.219090687282386,1779562577.6807482,None,None,None, None, 1779562577.6807482,0.9395306878378284
1779562577.9118495,35.000941038131714,-63.665945075022535,115.26098610636106,0.2,0.028130742127720564,3.250867245092504,1.0662859393601423,0.0539755539665905,6.226619950090893,1779562577.9198585,None,None,None, None, 1779562577.8988185,0.9589681843717113
1779562578.1131463,35.20223784446716,-63.580304046622295,115.33284930903729,0.2,0.0328027515043835,3.289916508771436,1.0674147947326809,0.03607037464520171,6.235106141977292,1779562578.121147,None,None,None, None, 1779562578.121147,1.0025551168950746
1779562578.312438,35.40152955055237,-63.30208383627785,115.5660435208982,0.2,0.04716907059206144,3.245481160308761,1.0673030563627348,0.03505935280933127,6.242228459049602,1779562578.3214388,3.240002198363224,1.0672095680392228,0.0762473302621105, 1779562578.304885, 1779562578.3058858,1.0935827434265242
1779562578.5116496,35.600741147994995,-112.52954860288486,66.88732301470205,0.2,0.053076899585416254,3.2761390570652567,1.0687623451692048,0.05715918399757763,6.25637442712715,1779562578.5061438,None,None,None, None, 1779562578.490587,0.9893628688488015
1779562578.7122698,35.801361322402954,-112.4342516264293,66.99854029481014,0.2,0.05869419934555939,3.3111002486550842,1.0707503006128611,0.019586263668798717,6.25998045735594,1779562578.690254,None,None,None, None, 1779562578.6777456,0.9611680353107118
1779562578.9122357,36.00132727622986,-112.43749989752828,86.86889605277196,0.2,0.06221183033756034,3.348599888044994,1.0731034477000785,-0.001301975848797782,6.259733840524996,1779562578.8796713,None,None,None, None, 1779562578.8626554,1.0290708789709635
1779562579.111858,36.2009494304657,-104.69833717092409,78.93478434354606,0.2,0.06299078138130702,3.3888295602206178,1.075721427210369,-0.01544214280542394,6.256901874332222,1779562579.0630634,None,None,None, None, 1779562579.1108844,0.927518175371834
1779562579.3116155,36.40070700645447,-112.21447308911452,67.2547370865106,0.2,0.06921397300004992,3.342800837243552,1.0746068909762188,-0.016155782988844375,6.253622511201197,1779562579.2660472,3.337170609730941,1.0743641094394891,0.08862488617682107, 1779562579.307613, 1779562579.2911062,1.0152504611714581
1779562579.5114398,36.600531339645386,-62.809445444441295,115.9779589776985,0.2,0.06841152295910366,3.3736405409514316,1.0767882275086063,-0.023446070635606362,6.24925797310744,1779562579.5164506,None,None,None, None, 1779562579.498389,1.0054774279565424
1779562579.711523,36.80061459541321,-62.824910451128154,115.9650473625868,0.2,0.0664623194541166,3.408740794060977,1.0791368604800393,-0.003946032195522628,6.248456366638785,1779562579.7160313,None,None,None, None, 1779562579.6859918,1.0016592411837826
1779562579.9120653,37.0011568069458,-62.80951787249896,115.9778985109851,0.2,0.06636867127829321,3.4463514749313537,1.0815492347477607,0.01967123890784813,6.253338912339737,1779562579.9035492,None,None,None, None, 1779562579.871772,1.0879543391728994
1779562580.1127436,37.20183515548706,-62.77269708757836,116.00863488217689,0.2,0.06754819585056358,3.4853299289535453,1.0840661858927199,0.025982518957067536,6.2581640256066375,1779562580.0892553,None,None,None, None, 1779562580.1187518,0.9852001583567144
1779562580.311727,37.40081858634949,-57.16341453467233,111.42287748853285,0.2,0.07018538622618035,3.525019293468322,1.0866973200739665,0.03425520581621782,6.264521058219626,1779562580.274834,None,None,None, None, 1779562580.3057225,0.9316753484330349
1779562580.5115283,37.60061979293823,-62.4853344160498,116.24826930017794,0.2,0.0801602785459155,3.43759385251898,1.082713961899563,0.03306818894953252,6.270686921795324,1779562580.523232,3.431877306066986,1.082410907241422,0.09918145043789384, 1779562580.32024, 1779562580.5242286,0.9070348246153026
1779562580.711693,37.80078458786011,-62.00735586187058,116.64590687657319,0.2,0.10588290287580643,3.4639102307147684,1.0848171918149774,0.2726607702682228,0.04261351760541743,1779562580.6634192,None,None,None, None, 1779562580.6474082,1.0389157364092838
1779562580.9111571,38.000248670578,-111.26738180802242,68.35403448744034,0.2,0.12162710975681194,3.495967124233567,1.0885283634159117,0.06473761518351147,0.05475944516953771,1779562580.9111571,None,None,None, None, 1779562580.915163,0.92083936926943
1779562581.1119087,38.20100021362305,-111.0747908706119,68.57664192843392,0.2,0.13255746595568002,3.531623832288532,1.093203654305447,0.026607503454349157,0.05852835260263843,1779562581.0528054,None,None,None, None, 1779562581.1159194,0.9874903725395602
1779562581.311486,38.400577545166016,-110.94926627860471,68.72156113278282,0.2,0.13889687518580232,3.569339136860193,1.098496182305941,0.0017131533941642206,0.058877882451538945,1779562581.318493,None,None,None, None, 1779562581.3028796,0.9022583917183622
1779562581.5116317,38.60072326660156,-110.86056106496845,68.82389166832769,0.2,0.142712629217482,3.5363192981643734,1.0937785194294358,-0.016313163058713633,0.0548110030724955,1779562581.506133,3.5316782526236934,1.0931107720007958,0.1465861142584082, 1779562581.33249, 1779562581.490768,1.0923327393959141
1779562581.7114136,38.8005051612854,-61.19079570708566,117.32247353165837,0.2,0.14198584071595863,3.567716996491697,1.098387357852678,-0.04057160086115648,0.0474767425940599,1779562581.6869063,None,None,None, None, 1779562581.6773684,1.0905137565339342
1779562581.9121575,39.00124907493591,-61.19915122391007,117.31556796315141,0.2,0.13930652313221797,3.6030502193766645,1.1033842497318336,-0.011942173392267007,0.044984095660899864,1779562581.8956327,None,None,None, None, 1779562581.8956327,1.0681305554671767
1779562582.1118965,39.20098805427551,-61.18548678665214,117.32686099823158,0.2,0.1379662990676868,3.640676615203638,1.1085543559635456,0.011114646766681164,0.04705410290542322,1779562582.0818741,None,None,None, None, 1779562582.0818741,0.9553887258142539
1779562582.3116326,39.40072417259216,-61.13400621916219,117.36939869625925,0.2,0.13885822765114283,3.6795403955762773,1.1138517928766447,0.028343555161713666,0.052812806649977465,1779562582.2850492,None,None,None, None, 1779562582.269999,0.9230579476702134
1779562582.5120075,39.60109901428223,-61.053965695765044,117.43550797092787,0.2,0.141598902107661,3.6362410987389167,1.1073009626747092,0.03937144391249322,0.06067756962288234,1779562582.4848073,3.630868035697109,1.1065219570675413,0.1410367260751766, 1779562582.345919, 1779562582.4732642,1.0704589166152858
1779562582.7115097,39.80060124397278,-60.97138660143756,117.50367938481561,0.2,0.1441070318193117,3.6667775408766974,1.111629988332215,0.034484881909785776,0.06731921029345235,1779562582.677403,None,None,None, None, 1779562582.677403,1.0351157447330992
1779562582.9121,40.00119161605835,-60.87154694427301,117.58605301589759,0.2,0.14758024251267982,3.701557705257981,1.116659206641934,0.0382108930889308,0.07498020326909317,1779562582.8778954,None,None,None, None, 1779562582.8778954,1.0865428754732767
1779562583.111552,40.20064353942871,-60.76768037774295,117.67169467546982,0.2,0.15128838057565008,3.73882622873189,1.1221915671828953,0.036163168623578656,0.08228236629459737,1779562583.079818,None,None,None, None, 1779562583.097449,0.991741998561419
1779562583.3115594,40.40065097808838,-60.6039515754487,117.8065823143075,0.2,0.15853126218338612,3.777444691110894,1.1280734586453605,0.06677891098394044,0.0955179296896349,1779562583.2780178,None,None,None, None, 1779562583.2820191,0.9620177636958057
1779562583.5117836,40.60087513923645,-60.282488995640534,118.07101858948245,0.2,0.1734018291838278,3.7361238640959096,1.1225275533807777,0.037685217174925796,0.10336868116645632,1779562583.4863422,3.730878287587787,1.1217549689011104,0.20127679444926372, 1779562583.35971, 1779562583.4863422,0.9535471580281002
1779562583.712102,40.80119347572327,-60.15336633674808,118.17708639658622,0.2,0.17802842657742615,3.766721276832212,1.1279085536130324,0.04076771033987118,0.1115165682666753,1779562583.6862035,None,None,None, None, 1779562583.672185,1.0569369393363364
1779562583.9113612,41.000452756881714,-60.02537271715437,118.28214263557335,0.2,0.18259339737187827,3.8014434621064463,1.134173770491337,0.039504510989736105,0.11886383707048002,1779562583.872189,None,None,None, None, 1779562583.9178708,0.9198895924028766
1779562584.111818,41.20090961456299,-59.90392011228197,118.38175270026568,0.2,0.18675627976904718,3.8385727126677995,1.14104237887382,0.03575105148491592,0.12558332018734536,1779562584.118827,None,None,None, None, 1779562584.101302,1.091024850795813
1779562584.311372,41.400463581085205,-59.78016629384878,118.48317271716574,0.2,0.1910797026090225,3.8770038015563597,1.1483042493069937,0.04005314891269572,0.13433570267842052,1779562584.2786603,None,None,None, None, 1779562584.3093727,1.0640186115839247
1779562584.511315,41.600406646728516,-59.32925299442564,118.85205021299122,0.2,0.2116160016280019,3.827713968501109,1.1412917449369593,0.035975243256287565,0.1422018648513478,1779562584.4973152,3.821962128760588,1.1403429097283786,0.25910530263840936, 1779562584.368747, 1779562584.4973152,0.9645064044965339
1779562584.7114072,41.800498723983765,-59.21018810545562,118.94928089427943,0.2,0.2150869162106949,3.8570814307897887,1.1476008286361157,0.03698054679330159,0.14909763740244317,1779562584.6837854,None,None,None, None, 1779562584.696895,0.9743708417243263
1779562584.9120996,42.00119113922119,-59.07963380512875,119.05581141048678,0.2,0.21919674527604036,3.89093478441735,1.1549966447298259,0.039392887186843424,0.15755921548969645,1779562584.898585,None,None,None, None, 1779562584.913223,0.9143367461762226
1779562585.1120863,42.20117783546448,-58.94753361693584,119.16351545886505,0.2,0.22340386905166165,3.9274491257138053,1.1631311691333355,0.039043515061846404,0.16294716516285251,1779562585.1140916,None,None,None, None, 1779562585.0687556,0.906008802072172
1779562585.3118865,42.400978088378906,-58.82045738543961,119.26704003195285,0.2,0.227316019054349,3.9654130822264078,1.1717564372942928,0.03548388501338518,0.16742056858771817,1779562585.3169022,None,None,None, None, 1779562585.2550423,1.0621817566986596
1779562585.5131052,42.60219669342041,-58.160602640365155,119.80329011150143,0.2,0.25744790278109064,3.924890660139372,1.167268103355478,0.06889897289888255,0.18242424483072792,1779562585.4579237,3.9197341684724987,1.1663936441918026,0.32290216864440074, 1779562585.378109, 1779562585.4735098,0.9006571445878995
1779562585.7123735,42.80146503448486,-58.00535482530561,119.92913820044761,0.2,0.26229027709539493,3.9550599506257993,1.1752522937267251,0.036670791922230536,0.18984320330239043,1779562585.7203808,None,None,None, None, 1779562585.6908092,0.9323177438532305
1779562585.9119081,43.00099968910217,-57.86441582090104,120.04328237520963,0.2,0.2662998161086811,3.989229181240596,1.1844454807825429,0.03370882552263806,0.19716765483351167,1779562585.877522,None,None,None, None, 1779562585.8922148,1.0476101063599936
1779562586.1113467,43.200438261032104,-57.7246621340624,120.15636821339389,0.2,0.2702548543857665,4.025726891225011,1.1944012747695896,0.0368232250873232,0.20572212179631086,1779562586.1098337,None,None,None, None, 1779562586.098762,1.0371046819727514
1779562586.311725,43.400816440582275,-53.09781862333416,116.63929822367264,0.2,0.27424595945501684,4.063470973732841,1.2048520772687539,0.03725673789846545,0.21261010376483538,1779562586.2947125,None,None,None, None, 1779562586.2947125,0.9738524792260796
1779562586.5120475,43.601139068603516,-56.82586226397197,120.88132567750111,0.2,0.30819019041395046,4.0209182116156255,1.1996562927026848,0.059727579262049475,0.22092930759411056,1779562586.5140727,4.015687103419175,1.1986260907145492,0.3878986648023304, 1779562586.385854, 1779562586.4790246,0.9734773499202434
1779562586.711436,43.800527572631836,-56.662678039645726,121.01251572585284,0.2,0.31275708509098454,4.050196169338666,1.2090036700458668,0.038368141002168,0.22804140743088958,1779562586.6994374,None,None,None, None, 1779562586.6683552,0.9454474454511577
1779562586.911749,44.00084042549133,-56.49854643276064,121.14433403197944,0.2,0.3173584357836289,4.083592994214548,1.2198148311892183,0.04145537544286927,0.23640781829929738,1779562586.9012547,None,None,None, None, 1779562586.8553872,0.9308388279730138
1779562587.1110249,44.20011639595032,-52.38584829769595,118.09983501214488,0.2,0.3217845895879861,4.119392619216391,1.231579603040231,0.03970502679225021,0.24379158496901135,1779562587.0872202,None,None,None, None, 1779562587.0872202,1.0236934478201112
1779562587.311556,44.40064764022827,-34.62509714359803,105.7576170774399,0.2,0.3886359022362521,4.15601011555752,1.24378681992909,0.605489296164824,0.3637830988183445,1779562587.285393,None,None,None, None, 1779562587.3024473,1.0443452683941845
1779562587.5111241,44.600215673446655,-53.45198869597701,122.20231910821663,0.2,0.4232740888204596,4.112825725990042,1.237691490850532,0.036683288594147025,0.37189823774750647,1779562587.5066147,4.107806800053199,1.236331068533648,0.4534913865301142, 1779562587.395356, 1779562587.521128,0.9082731851108046
1779562587.7117062,44.80079770088196,-45.996942990212546,116.9185362602705,0.2,0.43959571192762886,4.13940683364269,1.2500503366458362,0.0408091315057421,0.3775961086656042,1779562587.7230616,None,None,None, None, 1779562587.6608143,0.959282325637237
1779562587.9119284,45.0010199546814,-38.03275028343212,111.0554000061395,0.2,0.4497225186568945,4.169394529122696,1.2643820287472733,0.03978075201250943,0.3880637961414377,1779562587.9093716,None,None,None, None, 1779562587.8782325,1.069034425111889
1779562588.1116,45.20069146156311,-30.151264278071597,105.16022498871267,0.2,0.45673061923211156,4.200619769270122,1.2795765102274839,0.038016314292832545,0.3940127912159859,1779562588.1258612,None,None,None, None, 1779562588.0648563,0.9492588514778256
1779562588.3111732,45.400264739990234,-22.675995878103354,99.54687083775934,0.2,0.4626225187946454,4.2317542975972815,1.2949320670325903,0.04149874780260567,0.40163210760234247,1779562588.3126018,None,None,None, None, 1779562588.2811928,0.9913634791168505
1779562588.5118067,45.60089826583862,-40.59822637957434,114.61439103806823,0.2,0.48176266741447377,4.197674330759278,1.2799168472539668,0.04363105245458647,0.409712899944424,1779562588.4978092,4.193482046347282,1.2779532211100644,0.521376552960219, 1779562588.403009, 1779562588.5118067,1.0124779500858259
1779562588.7121933,45.80128479003906,-36.11218836511243,111.3815643722945,0.2,0.48558506671142965,4.221418328047774,1.2923443266568277,0.03515029844696985,0.4162400819743662,1779562588.6835027,None,None,None, None, 1779562588.7132134,0.9913914591580666
1779562588.9117548,46.00084638595581,-29.55846689231784,106.59184073517322,0.2,0.4926141406681912,4.248506769611907,1.306633600338401,0.06943693205346826,0.43107938734001894,1779562588.8972118,None,None,None, None, 1779562588.8691847,1.017146559773594
1779562589.1116269,46.20071840286255,-22.823642882437987,101.60326809895558,0.2,0.497809094158533,4.277011834860275,1.3219670110452721,0.04039076008072334,0.438806165212641,1779562589.0885124,None,None,None, None, 1779562589.1209056,1.061389762407529
1779562589.3116417,46.40073323249817,-16.278182916431827,96.73929703518394,0.2,0.5023140916120727,4.3057478940127325,1.3375961394829474,0.03814531069460182,0.4460733297114742,1779562589.279025,None,None,None, None, 1779562589.309636,1.0586002956998948
1779562589.5116923,46.600783824920654,-32.317496420638115,110.46402518426586,0.2,0.5274963173002165,4.270976067104731,1.3216331088063356,0.042403655443554705,0.45394798926615837,1779562589.4647322,4.266873920397481,1.3195839443061874,0.5867813444184931, 1779562589.403581, 1779562589.5116923,1.094134142665459
1779562589.7112658,46.80035734176636,-17.068832767482462,100.31567147681785,0.2,0.5878644023527059,4.292471249507395,1.334155315143629,0.6273059096425175,0.5804176935168163,1779562589.6663399,None,None,None, None, 1779562589.6513164,1.0079424604415967
1779562589.9113734,47.00046491622925,-7.815950236579735,94.00953362239571,0.2,0.6143165501948914,4.314948932656824,1.3499111116895537,0.036813228149634857,0.588433802945467,1779562589.8840907,None,None,None, None, 1779562589.8679368,1.0765313230400921
1779562590.1113253,47.200416803359985,5.213776874564563,88.97468392767703,0.2,0.6300362733347299,4.337892833601319,1.3665173083945517,0.04170734039447352,0.5968416578542008,1779562590.0856824,None,None,None, None, 1779562590.0695457,0.9511916463822194
1779562590.312078,47.401169538497925,16.92610047409885,84.87189894029778,0.2,0.6400096082267335,4.360512713809497,1.3832315280767369,0.03893263512592095,0.6046441151000851,1779562590.2860916,None,None,None, None, 1779562590.2699292,1.0923864450331622
1779562590.511972,47.60106348991394,-9.55502953197326,97.17479905084333,0.2,0.6481867905974507,4.333407111279762,1.3631555714044956,0.04027455862945441,0.612713844945711,1779562590.4864595,4.33021342891843,1.3607776409246946,0.6508938391394725, 1779562590.408247, 1779562590.4864595,0.9672961280302227
1779562590.7111402,47.80023169517517,-6.637935533669694,95.32635909401388,0.2,0.6535661867317175,4.349618592497149,1.3754691805776131,0.04075571988702544,0.6190370534376856,1779562590.720566,None,None,None, None, 1779562590.6903553,0.9874641928001203
1779562590.9118361,48.000927686691284,0.5132064184640155,92.77962430916483,0.2,0.6582857741969399,4.3682088480363195,1.3897215601208899,0.04076781926769048,0.627917310776792,1779562590.922841,None,None,None, None, 1779562590.8898768,1.0102800702927086
1779562591.111117,48.20020842552185,9.218100673801974,89.82324461888233,0.2,0.6626697982609588,4.388157167282806,1.4051488279825592,0.04072383224578498,0.6368242023921428,1779562591.0781481,None,None,None, None, 1779562591.1253226,0.9738933856563542
1779562591.311451,48.40054249763489,17.94880579430477,86.7611358811095,0.2,0.6670063342687099,4.408703534415288,1.421174773964779,0.041308111552136366,0.6457591769079519,1779562591.2944489,None,None,None, None, 1779562591.2789783,0.9275736622987617
1779562591.5121582,48.60124969482422,0.0,94.4809494963801,0.2,0.6842160109351533,4.391377868185416,1.40639785025192,0.042295623523943573,0.6543110467520235,1779562591.4966416,4.388909742871776,1.4043813928242057,0.7214417381984006, 1779562591.418224, 1779562591.4825633,1.098041380130384
1779562591.7122211,48.80131268501282,6.027346790446038,92.68180831006283,0.2,0.6881490851501179,4.40734081158428,1.4194091767313246,0.044530981136752606,0.6627444907368419,1779562591.6860254,None,None,None, None, 1779562591.676028,0.9546736681189154
1779562591.9115398,49.00063133239746,13.268917355892015,90.26291031647109,0.2,0.6920104726042109,4.425134682673505,1.4340298148483797,0.04035772655393395,0.6702895107687714,1779562591.872979,None,None,None, None, 1779562591.8529353,0.9564630475237047
1779562592.1115396,49.2006311416626,21.134698875078374,87.52807401643365,0.2,0.6960072446801728,4.443982383449862,1.449633549641561,0.04124750830674813,0.6787321968780484,1779562592.0776625,None,None,None, None, 1779562592.1210737,1.046025099979099
1779562592.3113208,49.4004123210907,29.2134167068215,84.63498614301318,0.2,0.7005598510512927,4.46325350537796,1.4657165848001696,0.04562972671009259,0.6892570934985268,1779562592.3083212,None,None,None, None, 1779562592.2617521,0.9527084023693283
1779562592.511545,49.60063648223877,18.65588063169922,90.07279092576492,0.2,0.7274029635287375,4.445119084024091,1.4523059187500433,0.041091735132196244,0.6956526456933543,1779562592.5261097,4.442688149039105,1.4503792946618355,0.7931130861578435, 1779562592.430289, 1779562592.5261097,1.0874964976481836
1779562592.711951,49.801042556762695,35.16782646483544,84.4151254742999,0.2,0.7585192071639901,4.459463271062894,1.4650665417416455,0.3273639505801945,0.7617621804472695,1779562592.6659071,None,None,None, None, 1779562592.6659071,0.914400331550672
1779562592.9119642,50.00105571746826,44.82207780021519,80.99223840686021,0.2,0.7735968140978892,4.474293863803974,1.4794348056554694,0.04280419190464331,0.7710509455500125,1779562592.882913,None,None,None, None, 1779562592.8687246,0.9304398797218603
1779562593.1116953,50.20078682899475,52.20508827738634,78.31138116505073,0.2,0.7832860357570987,4.489412864237963,1.4943678352101757,0.041894907455552625,0.7801909447172649,1779562593.101078,None,None,None, None, 1779562593.0884187,1.0252499722862765
1779562593.3114038,50.400495290756226,58.27934525642906,76.07842521849427,0.2,0.7903182759937177,4.504468488391396,1.5094401982903087,0.04204585025944803,0.7888811339154761,1779562593.3077617,None,None,None, None, 1779562593.3057551,1.0886849561572662
1779562593.5121753,50.601266860961914,57.47520383377545,78.07359819121474,0.2,0.8355643799076695,4.48574412826305,1.4920712163120522,0.329509086873261,0.8382328953370218,1779562593.4575353,4.483564379962225,1.489968048963458,0.857220396299434, 1779562593.434515, 1779562593.5231667,0.9437863501522852
1779562593.7117727,50.80086421966553,69.55659447240498,73.65066414883145,0.2,0.8692792420852937,4.495037413455713,1.5025964187104897,0.22191546355883612,0.8898769336131996,1779562593.6902547,None,None,None, None, 1779562593.7072861,1.0615831992402591
1779562593.9119859,51.00107741355896,75.87988571982147,71.4152952930766,0.2,0.8866340206891039,4.504423899920642,1.5140090487938234,0.04450753676689637,0.8988984795134783,1779562593.8929517,None,None,None, None, 1779562593.8929517,0.9233848065965369
1779562594.1119266,51.20101809501648,80.1008533966492,69.99529380088372,0.2,0.8973652740926374,4.513855519132729,1.5257336660524727,0.04205361869433688,0.9068207408555269,1779562594.0813365,None,None,None, None, 1779562594.096393,1.0519840529104303
1779562594.311836,51.40092754364014,83.25433508058488,69.00024454390234,0.2,0.904696378635004,4.523200485533015,1.5375220843025252,0.040902104749853695,0.9145281906517492,1779562594.269773,None,None,None, None, 1779562594.2867713,0.9987148946166541
1779562594.5114043,51.6004958152771,-21.74128893118425,15.050830608861546,0.2,0.9158569809717451,4.519076680657549,1.5286321944572476,0.04633813574234501,0.9241256873863574,1779562594.4768918,4.518211071821206,1.5272919010914707,0.9302537599067336, 1779562594.441697, 1779562594.4848924,1.0034413763438748
1779562594.711224,51.800315618515015,-20.715887697539205,14.673078782478976,0.2,0.9216647201990674,4.525864236436638,1.537518515909041,0.03176133019346307,0.9299257385901782,1779562594.6595054,None,None,None, None, 1779562594.674326,0.9449599308036929
1779562594.911677,52.000768423080444,83.47745929076417,70.66021177220506,0.2,0.926332904835824,4.53301202214297,1.5469929418352812,0.01899730966848722,0.9337809753725084,1779562594.8624413,None,None,None, None, 1779562594.8784525,1.0270623098894642
1779562595.1118126,52.20090413093567,85.95682091173816,69.99844259903715,0.2,0.9333862103489858,4.540420429814642,1.5568510407453364,0.06590578791549329,0.9459707768487967,1779562595.1249015,None,None,None, None, 1779562595.0786414,1.011986438510496
1779562595.3116882,52.400779724121094,87.76265502238319,69.60740016576848,0.2,0.9377623287334592,4.547909195787247,1.5669739344489138,0.0357521447848255,0.9537388973994712,1779562595.2646763,None,None,None, None, 1779562595.2775688,0.9998819438616331
1779562595.5116208,52.600712299346924,-17.46342443165685,14.27102852490612,0.2,0.9542582857037297,4.5452277380709925,1.5600429225276187,0.04132131417169722,0.9612072574892694,1779562595.522134,4.544562805061985,1.5589242375407202,0.9901699483277016, 1779562595.445414, 1779562595.477681,0.9226408229256841
1779562595.7118204,52.80091190338135,-16.859416588651563,14.282726403196165,0.2,0.9581544817510906,4.550875046891658,1.5680375489250706,0.023909998929061812,0.9664368913850331,1779562595.7263494,None,None,None, None, 1779562595.7263494,0.989696890224679
1779562595.912116,53.00120759010315,-14.138369916888752,12.530431257673682,0.2,0.9744022410734615,4.556876118302285,1.5766089477929357,0.1397008286433373,0.9944261586956522,1779562595.930202,None,None,None, None, 1779562595.8614874,1.012882660205811
1779562596.1111908,53.20028233528137,-12.757361482503146,11.87993709294071,0.2,0.9820422088058136,4.5628976116112945,1.585607359762205,0.01400390808775376,0.9970824647792427,1779562596.0541713,None,None,None, None, 1779562596.0847826,0.9218996334870523
1779562596.3124092,53.4015007019043,96.75264768145232,68.26897213639384,0.2,0.9869353218092953,4.569007215507107,1.5948392004915042,0.010801007974209078,0.9994246638157985,1779562596.2710214,None,None,None, None, 1779562596.2710214,0.9237452091195636
1779562596.5115268,53.60061836242676,98.55047092520061,68.27018887036459,0.2,1.0092277103878307,4.566414508821788,1.5885317671558035,0.14407104692305533,1.0252012073038912,1779562596.5203393,4.565850843648423,1.58752312329861,1.0264138195116868, 1779562596.446417, 1779562596.4728978,1.0210858633185844
1779562596.7117417,53.800833225250244,-9.705481755825561,11.344840061221035,0.2,1.0164079592064965,4.570619924208747,1.5952713848762066,0.03471510593097398,1.0325521154907433,1779562596.7253857,None,None,None, None, 1779562596.674216,1.077128357526395
1779562596.9112883,54.00037980079651,-8.813861630207658,11.164396736721228,0.2,1.0226950298219684,4.574999318705438,1.6023977769399171,0.029497099923694543,1.0398406694197428,1779562596.9087803,None,None,None, None, 1779562596.924344,0.9358084519562998
1779562597.112149,54.20124053955078,-8.09458696462258,11.117856306297035,0.2,1.027438322088276,4.579510200634656,1.609835810468296,0.018836289144149868,1.0434543835477395,1779562597.1006289,None,None,None, None, 1779562597.112653,0.9166619827324036
1779562597.3120394,54.40113091468811,-7.440999556619434,11.11301544113662,0.2,1.0313688230977154,4.584130051803497,1.6175241558473763,0.01706407866744941,1.046538384404376,1779562597.2813594,None,None,None, None, 1779562597.314044,0.909144239222304
1779562597.5114791,54.60057067871094,-7.4069481980874325,11.917373228742443,0.2,1.0436462267948838,4.582260515451224,1.6117290028876932,0.012786620787075771,1.0493379057016203,1779562597.500301,4.58183274708563,1.610838386504047,1.070452634394103, 1779562597.451714, 1779562597.4517148,0.928613916706965
1779562597.7123606,54.80145215988159,-7.142300397520423,12.270847990985214,0.2,1.0463331672598377,4.585696414122805,1.6176521007158355,0.011714460199422287,1.0513362885398096,1779562597.670892,None,None,None, None, 1779562597.6858797,0.9348316838535135
1779562597.9121773,55.00126886367798,-6.870628308063262,12.602477195581525,0.2,1.0485688511795463,4.589349645240609,1.6239845064723282,0.01046814806968184,1.0534270734397793,1779562597.8706203,None,None,None, None, 1779562597.9000304,1.0530684853336831
1779562598.1111512,55.20024275779724,-6.461904759357723,12.810299058256634,0.2,1.051269491819696,4.593203113392418,1.6306951375897185,0.016749056528652124,1.0565057773467672,1779562598.0544338,None,None,None, None, 1779562598.1023839,0.9907241334191108
1779562598.3118873,55.400978803634644,-6.095379649235289,13.048484608577231,0.2,1.0533654648645183,4.597225864554681,1.6377466302540595,0.010103081447146974,1.0587269332164029,1779562598.2742832,None,None,None, None, 1779562598.2903123,1.086628460323559
1779562598.5116334,55.600724935531616,-5.613636976306387,13.379613630395426,0.2,1.0640737068078503,4.5973526880464295,1.6356829287798542,0.010321372884772145,1.0609640799813127,1779562598.4910321,4.597089079124991,1.6350699814469467,1.0896017629802968, 1779562598.458245, 1779562598.4910321,0.9878394472438887
1779562598.7112203,55.80031180381775,-5.38836966375809,13.748548481849973,0.2,1.0658491321277626,4.600753838934386,1.6418224588329902,0.00947697602576331,1.0628943643795732,1779562598.6947136,None,None,None, None, 1779562598.6947136,0.9901367173453679
1779562598.9118605,56.00095200538635,-4.008295238557798,13.188655744631317,0.2,1.0747952646450494,4.604359620238057,1.6483566004738415,0.07982890964678228,1.0751467190185895,1779562598.8481963,None,None,None, None, 1779562598.9128678,1.0263755871296807
1779562599.1115718,56.200663328170776,0.0,13.149267067893183,0.2,1.0791067725532972,4.608034790363465,1.6552048401188788,0.01045626317850008,1.0773355743199413,1779562599.1260576,None,None,None, None, 1779562599.1160576,1.0425699909867951
1779562599.3116472,56.40073871612549,0.7273981668159839,13.245469179645472,0.2,1.0820769633080385,4.611756909108018,1.6621894895506997,0.01010645309829883,1.0793339745427335,1779562599.3182733,None,None,None, None, 1779562599.3029895,0.9050826232694585
1779562599.5114233,56.60051488876343,1.015883605570073,13.862388830368982,0.2,1.0904537300234372,4.6110023063572125,1.6590428993204227,0.011907699979653399,1.0823178068657877,1779562599.5058458,4.610707813483933,1.6583751840060381,1.1075764236231391, 1779562599.472278, 1779562599.489301,0.967390789165644
1779562599.7118723,56.80096387863159,1.6175623044383147,14.188191233058392,0.2,1.0927010882428534,4.613902820078218,1.66462347751398,0.012366762013191356,1.0846349471901244,1779562599.6932142,None,None,None, None, 1779562599.6766598,0.9920923599461594
1779562599.91111,57.00020146369934,5.017004187589481,13.425278554249685,0.2,1.104160987985945,4.616924659957988,1.6704666699315733,0.10293239427520923,1.106805773061618,1779562599.9086063,None,None,None, None, 1779562599.9211411,0.9648469781803929
1779562600.1119018,57.20099329948425,6.632906178878007,13.352573666221694,0.2,1.1096113685001558,4.619922177985855,1.6764823743086121,0.013290850308079426,1.108871513930279,1779562600.1255121,None,None,None, None, 1779562600.0799608,0.9956215186642307
1779562600.3117008,57.400792360305786,7.844272138383221,13.42724000526016,0.2,1.1134684962354475,4.6229433755511895,1.6826022088798083,0.013742197490252185,1.1116090076472473,1779562600.3237376,None,None,None, None, 1779562600.2775357,1.0902186184647313
1779562600.5118032,57.60089468955994,10.185357858930551,13.216174322150064,0.2,1.1279948103028998,4.62289227918857,1.6805478972992953,0.1104685501922322,1.13356047273972,1779562600.5253203,4.622691346831715,1.6800109501872786,1.1300010699983059, 1779562600.476958, 1779562600.5253203,1.0332811695975292
1779562600.712369,57.80146050453186,12.020329276584851,13.09209525876677,0.2,1.135735327622858,4.625171356433379,1.6854179710640194,0.02543597623508054,1.139853680086273,1779562600.7093616,None,None,None, None, 1779562600.7093616,1.0018034691009747
1779562600.9116962,58.00078773498535,13.250645065103173,13.186165381300082,0.2,1.1407967669476182,4.627448813082787,1.6903629162976301,0.016693057148911346,1.1424484981859295,1779562600.8648045,None,None,None, None, 1779562600.9122632,1.007442719469591
1779562601.1120698,58.20116138458252,14.215202267806658,13.377835888757007,0.2,1.1445518854722425,4.629725703300691,1.6953567367448878,0.015893653709780464,1.1454414458097921,1779562601.1155562,None,None,None, None, 1779562601.1011782,0.9433140716830148
1779562601.312514,58.4016056060791,15.090111419514916,13.60001577692672,0.2,1.1478069390637216,4.631999911506163,1.700385235126367,0.01723333328741047,1.148134404769507,1779562601.2718208,None,None,None, None, 1779562601.2563381,0.9306645077163087
1779562601.5118074,58.60089898109436,15.435499171028814,14.112988973319698,0.2,1.1535901257770025,4.6318739381518315,1.6974770960803778,0.042161141846763166,1.157282226943972,1779562601.4887936,4.6317181714110465,1.6969589902382778,1.1536839384438267, 1779562601.481784, 1779562601.4732652,1.0561043840286448
1779562601.7121973,58.80128884315491,16.269181278527643,14.36840425287176,0.2,1.1573054304627746,4.6335364078535966,1.701248252669322,0.017069303908537586,1.1609845201471432,1779562601.7056913,None,None,None, None, 1779562601.6905234,0.9073288220877684
1779562601.9111722,59.000263690948486,17.009457370105146,14.64964757089796,0.2,1.160416902415939,4.635230242305413,1.70512332012359,0.0169386277454162,1.164151353568697,1779562601.8926506,None,None,None, None, 1779562601.8926506,0.9322518693952417
1779562602.1118872,59.20097875595093,22.00778988324256,16.983789241186795,0.2,1.1637298409336752,4.636952702315986,1.7090939198309445,0.021514257439406853,1.1682331289989565,1779562602.0823748,None,None,None, None, 1779562602.0948827,1.0609903731784227
1779562602.3121357,59.40122723579407,22.705107171561487,17.248847213248734,0.2,1.1666024527922512,4.638693761904917,1.7131432656198147,0.017890741046376557,1.17148437128638,1779562602.2641025,None,None,None, None, 1779562602.28112,1.0222102219325577
1779562602.5120056,59.601097106933594,27.402482777720078,19.356756025662396,0.2,1.172832984168595,4.64000451320503,1.713273250421395,0.01832128700152055,1.1752104299373218,1779562602.4674757,4.639975382562462,1.7130135842051075,1.1829342021719613, 1779562602.483569, 1779562602.484523,1.0789051963010952
1779562602.7113364,59.80042791366577,30.90287260105792,21.108148709046066,0.2,1.1754112563290744,4.641490144950035,1.7168137324440627,0.019631268357462595,1.1797353480280008,1779562602.697971,None,None,None, None, 1779562602.6828952,0.9957280164908177
1779562602.911594,60.00068545341492,35.65006402838776,23.44658833566176,0.2,1.1781965380134591,4.6429947583658535,1.7204243809387745,0.02173263789520303,1.1841387691251595,1779562602.900589,None,None,None, None, 1779562602.8840585,0.9825175746114913
1779562603.1119637,60.20105528831482,35.179294660867555,22.791452815687244,0.2,1.183215155237885,4.644510544095548,1.7240899317908003,0.04229641955623157,1.1906243349498007,1779562603.1130998,None,None,None, None, 1779562603.087424,1.0383317031595611
1779562603.3112638,60.40035533905029,39.21581376841373,24.628552654812975,0.2,1.1868397291765884,4.646016137502346,1.7277918609232412,0.022215531867858525,1.1935205875444603,1779562603.3215935,None,None,None, None, 1779562603.273242,1.042781953114768
1779562603.5134106,60.60250210762024,35.35225207030013,21.813823877155446,0.2,1.1980702976824513,4.647058229225788,1.7275884094952914,0.0254371494272947,1.198950139880014,1779562603.4569201,4.647028571047608,1.7273332954717942,1.2202660860669754, 1779562603.486058, 1779562603.4569201,1.0025573673554575
1779562603.711318,60.80040955543518,33.93703648829117,21.017094463769777,0.2,1.201259590533685,4.648254675294796,1.730656437773299,0.023506570982148617,1.2040945561317253,1779562603.6757703,None,None,None, None, 1779562603.6597145,0.940052195463691
1779562603.9110632,61.00015473365784,38.76810481345091,22.3815473921146,0.2,1.2214387459269949,4.64944546002541,1.7337381294727945,0.18715351109263534,1.2442310324643482,1779562603.8902278,None,None,None, None, 1779562603.8772295,0.9300641370407963
1779562604.1119072,61.20099878311157,28.267436304930598,17.062236974698536,0.2,1.2306959757583418,4.650524153933369,1.7367678142652352,0.023423520270326237,1.249349655658797,1779562604.1087527,None,None,None, None, 1779562604.0606945,0.9972399079888293
1779562604.3114476,61.40053915977478,53.517211814635644,29.959626966252422,0.2,1.2371452246124697,4.651572426848311,1.7397717188533273,0.02316816359589454,1.2525506517725316,1779562604.2469163,None,None,None, None, 1779562604.2623618,1.0955028931304853
1779562604.5112085,61.60030007362366,54.01162873860392,30.216726023698957,0.2,1.241678178607563,4.652573221597277,1.7426803914017617,0.02316816359589454,1.2525506517725316,1779562604.2469163,None,None,None, None, 1779562604.2623618,1.0955028931304853
1779562604.7119231,61.80101466178894,54.562774406893304,30.50354503861728,0.2,1.2439362121889914,4.653532210300855,1.745498628655386,0.02316816359589454,1.2525506517725316,1779562604.2469163,None,None,None, None, 1779562604.2623618,1.0955028931304853
1779562604.9115736,62.00066518783569,55.16281499877776,30.816075025661835,0.2,1.2439362121889914,4.6544582717912455,1.7482302094248183,0.02316816359589454,1.2525506517725316,1779562604.2469163,None,None,None, None, 1779562604.2623618,1.0955028931304853
1779562605.1112502,62.20034170150757,55.80609327848722,31.151434557856184,0.2,1.2419894455921003,4.655359022908453,1.7508786519163908,0.02316816359589454,1.2525506517725316,1779562604.2469163,None,None,None, None, 1779562604.2623618,1.0955028931304853
1779562605.3114057,62.40049719810486,56.489364753900915,31.50921195072289,0.2,1.2380947612318296,4.6562407922731515,1.753446654428321,0.02316816359589454,1.2525506517725316,1779562604.2469163,None,None,None, None, 1779562604.2623618,1.0955028931304853
1779562605.511946,62.60103750228882,58.65624349002849,32.64119407029295,0.2,1.2548246665545666,4.651824637080317,1.7374987952136116,0.02183717062901925,1.2569180858983353,1779562605.482431,4.651748215597319,1.7372321613982495,1.2522372167776457, 1779562605.407834, 1779562605.482431,1.0929760348379862
1779562605.7119102,62.80100178718567,49.83009126027348,28.048138634497736,0.2,1.2610749378826798,4.651928761733537,1.7378167869923484,0.028476552614146923,1.262636759895261,1779562605.6832514,None,None,None, None, 1779562605.6832514,0.9960452484743505
1779562605.911393,63.000484466552734,63.07923827865473,34.96593388469899,0.2,1.2684316188825415,4.652024165907759,1.7381151144304818,0.04215331659544039,1.2717888439321887,1779562605.9003656,None,None,None, None, 1779562605.885254,0.926815519795123
1779562606.1109767,63.20006823539734,65.34343220105706,36.16222046072781,0.2,1.2732431513161457,4.652095784292399,1.7383452843992664,0.030011304714683107,1.2778248576328177,1779562606.1014903,None,None,None, None, 1779562606.0858858,0.9387451974714768
1779562606.31142,63.400511503219604,63.58853154372889,35.23464661791235,0.2,1.277855737113611,4.65214424783252,1.7385035305012178,0.03272137041089554,1.2840060335230774,1779562606.2903936,None,None,None, None, 1779562606.2720778,0.9532604281715281
1779562606.512099,63.6011905670166,69.58406927540658,38.41445348741339,0.2,1.3291492347149387,4.65636307313141,1.7469584481913736,0.5112036838004924,1.3905942705220475,1779562606.498898,4.6566134247766575,1.747457949919055,1.3018538040415077, 1779562606.424155, 1779562606.4704578,0.9550265633677768
1779562606.7118812,63.80097270011902,38.37394685350543,22.17197724917619,0.2,1.3522741754670577,4.656722648854833,1.7485504100452165,0.03168934884390521,1.39563077406803,1779562606.7203891,None,None,None, None, 1779562606.6877918,0.9724020253783151
1779562606.9114287,64.0005202293396,39.20757165032011,22.59646919030169,0.2,1.3657264740114412,4.657049701033073,1.750103713325656,0.028027105875674085,1.4008969421609165,1779562606.8457272,None,None,None, None, 1779562606.907907,1.0864934805031832
1779562607.1113055,64.20039701461792,40.046278814277045,23.024027382914994,0.2,1.3745025966589863,4.657358054722342,1.751634507570763,0.02772786334033537,1.406569450847348,1779562607.1113055,None,None,None, None, 1779562607.0902689,0.9818672482562498
1779562607.3126493,64.40174078941345,75.33280250483008,41.49288954134663,0.2,1.3806188742578922,4.65765345570852,1.7531497783369356,0.024914024637609392,1.411281744955145,1779562607.3004477,None,None,None, None, 1779562607.2844114,1.064567582973395
1779562607.511596,64.6006875038147,75.80769215185367,41.74853266265803,0.2,1.376292708515031,4.660393661073096,1.755427110021841,0.030741506055579668,1.4170151919789018,1779562607.4869528,4.660553078583381,1.7554850912058106,1.3539245322275857, 1779562607.438384, 1779562607.4714386,0.9312280698023422
1779562607.7126186,64.80171012878418,81.45472316346627,44.80471434467112,0.2,1.3795514929736499,4.660687689921934,1.7569239375556356,0.028573668772746252,1.4224050256555416,1779562607.6755822,None,None,None, None, 1779562607.6755822,0.9976030627034311
1779562607.9119773,65.00106883049011,80.73892243602181,44.4156327400135,0.2,1.383203965578014,4.660946287458451,1.7582584224457893,0.03719626484860467,1.4303405139089047,1779562607.8889232,None,None,None, None, 1779562607.873722,1.0640500807934676
1779562608.1126678,65.2017593383789,77.38683295973037,42.60012424956058,0.2,1.386926764326043,4.661170169994131,1.7594367437347376,0.036176470089272716,1.4376243519543157,1779562608.090265,None,None,None, None, 1779562608.1210063,0.9774588640858869
1779562608.3115518,65.40064334869385,86.72844823637415,47.686960541826075,0.2,1.4184907347584945,4.661363611265019,1.7604761289371562,0.28801019483224105,1.489368630470278,1779562608.2699263,None,None,None, None, 1779562608.306981,1.0523690610638097
1779562608.5120475,65.60113906860352,87.5451314939861,48.13582212285589,0.2,1.4256557729778354,4.663131781995082,1.7602766398547844,0.041251193363290174,1.4979292063062948,1779562608.4774494,4.663239333118408,1.7602112161818313,1.409345098240939, 1779562608.447107, 1779562608.5241678,1.0834194578411913
1779562608.711583,65.80067443847656,91.70232790249128,50.43151902687242,0.2,1.4347592183812143,4.663199926201693,1.7607601607354852,0.03912741563649677,1.5054630107476374,1779562608.6699948,None,None,None, None, 1779562608.7125888,1.0661015115282113
1779562608.91191,66.0010015964508,88.93924761227663,48.903650144966115,0.2,1.44127606890821,4.663237432811815,1.761039279821294,0.04008482327089687,1.5145766392314535,1779562608.8973534,None,None,None, None, 1779562608.8665612,0.9265082059336492
1779562609.1113093,66.20040082931519,93.98045782749995,51.69742916074717,0.2,1.4469069185347216,4.663249891385902,1.7611357960236271,0.042488277083135725,1.5231817252673496,1779562609.099882,None,None,None, None, 1779562609.0486712,0.913604886779462
1779562609.311678,66.40076947212219,97.5113073531587,53.67085369958666,0.2,1.4521305055987537,4.663237168894065,1.7610332803747881,0.04400405398048086,1.5312963491895848,1779562609.2842882,None,None,None, None, 1779562609.3146906,1.0279909770500086
1779562609.5117579,66.60084939002991,97.0846994452198,53.43166828757299,0.2,1.4625033158365948,4.665390873375992,1.7621115964685612,0.04460640175137085,1.5396782566292775,1779562609.4721963,4.6655334564884825,1.7622021097801919,1.4774088558214338, 1779562609.45668, 1779562609.518266,0.9998045239873471
1779562609.7127593,66.80185079574585,97.53430337386756,53.68375276481725,0.2,1.4666424081858214,4.665365288576965,1.7618765891601351,0.04494913090392831,1.5480789339353946,1779562609.721739,None,None,None, None, 1779562609.706205,1.0618274708316093
1779562609.9112735,67.0003650188446,102.63485592186132,56.56008196522584,0.2,1.470481330165878,4.665319017901883,1.7614350834916768,0.03966067868663671,1.558001412973429,1779562609.9092736,None,None,None, None, 1779562609.8942645,0.9868460383299005
1779562610.1111326,67.20022416114807,104.9378187018517,57.86903531138524,0.2,1.4758194978955934,4.66525160983751,1.7607698856920266,0.05532766707050124,1.5682565115349425,1779562610.0946257,None,None,None, None, 1779562610.0845783,0.9417055931661543
1779562610.3120306,67.40112209320068,104.85734189592522,57.823183548702374,0.2,1.4799305596820125,4.6651657018858455,1.7598711351900884,0.03987761803285129,1.5765065774908131,1779562610.3015103,None,None,None, None, 1779562610.3015103,0.9053277741606643
1779562610.5111463,67.60023784637451,107.50968044195989,59.33865001746033,0.2,1.5012858231564077,4.667201606747109,1.759905910715971,0.04140819372764637,1.5842211033139477,1779562610.4878147,4.667340826877771,1.7599813535329203,1.550495093504085, 1779562610.470303, 1779562610.4878147,1.0734218804191082
1779562610.7114847,67.80057621002197,109.59754352778974,60.53793305734759,0.2,1.504400962500044,4.667119662087581,1.7587434404311217,0.04190725938056223,1.591999392173542,1779562610.6734219,None,None,None, None, 1779562610.6734219,1.0296945061438156
1779562610.9122736,68.00136518478394,109.23455945404686,60.329024548015575,0.2,1.5078995444216536,4.667025082357817,1.7573441579825217,0.04401132699120668,1.6008357518109373,1779562610.8741965,None,None,None, None, 1779562610.9212742,1.036461113238986
1779562611.1111786,68.20027017593384,113.06611165851665,62.54305058435021,0.2,1.512101711951213,4.666920551548213,1.755713471234907,0.04851657858878469,1.610045518259993,1779562611.125231,None,None,None, None, 1779562611.078117,1.0478878425573985
1779562611.311717,68.40080857276917,114.89339333880083,63.605960145606865,0.2,1.5162739653912987,4.666808441018547,1.7538393181827392,0.04637341294419035,1.6214621368087332,1779562611.3102126,None,None,None, None, 1779562611.2649615,0.9115230672385461
1779562611.5111544,68.6002459526062,116.20594942924866,64.37234178608112,0.2,1.5178908139011311,4.6666903516086125,1.7517206215573728,0.023601670731634706,1.6234260147474078,1779562611.393422,None,None,None, None, 1779562611.393422,0.994515681050419
1779562611.7119796,68.80107116699219,116.7463613416676,64.68859104599733,0.2,1.5135480363349834,4.666560523988237,1.7493657992267844,0.023601670731634706,1.6234260147474078,1779562611.393422,None,None,None, None, 1779562611.393422,0.994515681050419
1779562611.912123,69.00121450424194,117.31015895403343,65.01897202685956,0.2,1.5044217259819062,4.66640145239235,1.7467955801234074,0.023601670731634706,1.6234260147474078,1779562611.9176521,None,None,None, None, 1779562611.9206629,1.040303381883038
1779562612.1120937,69.20118522644043,118.73084297800928,65.8535246517364,0.2,1.5479784847541014,4.668644545968553,1.7540768940692395,0.04725309900643615,1.6567937594084428,1779562612.0995712,4.668703753901087,1.754320145789744,1.618049254008615, 1779562611.913649, 1779562612.1163535,1.0661987026476083
1779562612.3116953,69.40078687667847,118.4545157379377,65.69097092731457,0.2,1.6553256403811558,4.668600619086806,1.752324708876163,0.7391321762548761,1.7906061082960467,1779562612.280611,None,None,None, None, 1779562612.304177,0.9194450831673773
1779562612.5120158,69.6011073589325,91.25903862604329,50.18584855328134,0.2,1.6810101866855098,4.668858295870427,1.750069856948177,0.04780445164729609,1.7997751673032432,1779562612.4724145,None,None,None, None, 1779562612.4879322,0.9340966121290613
1779562612.7129972,69.8020887374878,113.94228604619968,63.0521340757118,0.2,1.6977765106729854,4.669165881624071,1.7476334754970533,0.04266521448265367,1.807792716677775,1779562612.7209902,None,None,None, None, 1779562612.6767814,1.0206384714201133
1779562612.9120479,70.00113940238953,123.21989711155742,68.51028778384803,0.2,1.7093470265712682,4.669529001434177,1.744948112155353,0.04708413646414658,1.817995235262402,1779562612.8770192,None,None,None, None, 1779562612.9075298,1.0370878498021872
1779562613.1133323,70.20242381095886,124.36493506260094,69.19290908316184,0.2,1.7126289720522603,4.670284866603318,1.7437433231433697,0.053679889289390915,1.8304919266558457,1779562613.1098194,4.670305836157566,1.7438523861634312,1.6984237617125881, 1779562612.92257, 1779562613.0636487,0.9122417184362324
1779562613.3117068,70.40079832077026,125.62222336678315,69.94483803324977,0.2,1.7183421938945571,4.67070034227263,1.7408556865279026,0.04761531357876606,1.8394364745913372,1779562613.2976696,None,None,None, None, 1779562613.312713,0.9921795924014294
1779562613.5114331,70.60052466392517,126.81083505503712,70.6580308595494,0.2,1.7230152796488312,4.671166097335574,1.7377157193958497,0.047562815766999125,1.846248282505111,1779562613.5139525,None,None,None, None, 1779562613.5139525,1.0401562804585174
1779562613.7124727,70.80156421661377,128.70703013646977,71.80058255476108,0.2,1.727147567222746,4.671681661716979,1.7343312827629713,0.0470844350089006,1.856308511358796,1779562613.6545503,None,None,None, None, 1779562613.6677265,1.0183213100142918
1779562613.9114277,71.00051927566528,128.8666528410321,71.89703606273787,0.2,1.8121893782316598,4.672247238745101,1.7307074842131889,0.7817508031835741,2.0126208733374056,1779562613.854502,None,None,None, None, 1779562613.9190679,0.9164724764065726
1779562614.1119068,71.20099830627441,119.52949958182934,66.32397903178433,0.2,1.8262697091276745,4.672288484372448,1.7304590651561285,0.05053898724359114,2.0237149554785656,1779562614.0740173,4.672221653841638,1.7306947429043387,1.7826335195247331, 1779562613.933123, 1779562614.0740173,0.9016880996106477
1779562614.3122373,71.40132880210876,131.58600036107114,73.54688269258905,0.2,1.8455470462160002,4.673240337066667,1.7270158643043891,0.045853538984166727,2.0330098567944113,1779562614.2767258,None,None,None, None, 1779562614.2912722,1.054775907568831
1779562614.5116365,71.60072803497314,132.1908223059751,73.91556945965726,0.2,1.8570498990409032,4.674307045233804,1.7233234886876878,0.05060871407374634,2.044108361459214,1779562614.496026,None,None,None, None, 1779562614.5116365,0.9332859516595964
1779562614.7110462,71.800137758255,132.52941624938774,74.12225000851032,0.2,1.8621009131822204,4.675472454312273,1.7194006569480078,0.05060871407374634,2.044108361459214,1779562614.496026,None,None,None, None, 1779562614.5116365,0.9332859516595964
1779562614.9112349,72.00032639503479,133.00902069768887,74.41535180825605,0.2,1.8608539010209448,4.6767110208755245,1.71526043553312,0.05060871407374634,2.044108361459214,1779562614.496026,None,None,None, None, 1779562614.5116365,0.9332859516595964
1779562615.111373,72.2004644870758,133.4487348685049,74.68443525665363,0.2,1.8612296421056578,4.673832132696577,1.7217659636242257,0.04975734342148125,2.073407179369852,1779562615.08486,4.67356142566178,1.722472298277103,1.829258882362737, 1779562615.010309, 1779562615.08486,0.9534588400199574
1779562615.311119,72.40021061897278,135.61370413139502,76.01438552670055,0.2,1.8690976939516564,4.674592500638362,1.7192046597419017,0.059501526338725075,2.0855238706414605,1779562615.2884967,None,None,None, None, 1779562615.2739818,1.0673863655925353
1779562615.5116642,72.60075569152832,136.39512305627937,76.49652959591172,0.2,1.8745386302600011,4.6754623444417955,1.716362031688967,0.046828898570372465,2.0948507206538407,1779562615.4876654,None,None,None, None, 1779562615.4876654,1.0036263879660758
1779562615.7116008,72.80069231987,136.8236441189073,76.7614160033835,0.2,1.8804794028522864,4.6764323972008786,1.7132469234631804,0.057875329644698145,2.098588638505792,1779562615.552251,None,None,None, None, 1779562615.5502386,0.9889213413848102
1779562615.9123068,73.00139832496643,137.3316137617855,77.07586087135387,0.2,1.8769993390496482,4.67750623222422,1.7098707311446775,0.057875329644698145,2.098588638505792,1779562615.552251,None,None,None, None, 1779562615.5502386,0.9889213413848102
1779562616.1114435,73.20053505897522,138.57083183736393,77.84502676875937,0.2,1.8767340798194132,4.675410480451741,1.7131428181769968,0.0015775450309259422,2.0994255241618145,1779562616.0827498,4.675200597607639,1.7135921504774128,1.8784263749744152, 1779562616.07981, 1779562616.0872836,1.0236011034755341
1779562616.3123765,73.40146803855896,139.94831771876056,78.70349987629483,0.2,1.879359390187945,4.676212438726218,1.710556728632841,0.052710651387131845,2.109731908874007,1779562616.2782774,None,None,None, None, 1779562616.2962415,1.0454392359192135
1779562616.5114582,73.60054969787598,139.94831771876056,78.70349987629483,0.2,1.88338203214918,4.677117112988219,1.707682533475053,0.0568495492337567,2.120422237989576,1779562616.5274913,None,None,None, None, 1779562616.494949,1.0377649721052193
1779562616.71121,73.80030155181885,139.94831771876056,78.70349987629483,0.2,1.8878682283036605,4.6781259201911904,1.704531126229751,0.05716623986318649,2.1318456481936745,1779562616.6661513,None,None,None, None, 1779562616.6816823,0.9969668404311236
1779562616.9116874,74.00077891349792,139.94831771876056,78.70349987629483,0.2,1.8926437855150502,4.679238176612374,1.7011142718881573,0.05806196694095447,2.1437873567063654,1779562616.871823,None,None,None, None, 1779562616.870823,0.991366133032359
1779562617.1118846,74.20097613334656,139.94831771876056,78.70349987629483,0.2,1.9174682368861076,4.6792601401140494,1.6961105644189582,0.05359008055588887,2.155335871978822,1779562617.0873203,4.679182498728981,1.6960237517585695,1.9728219026396696, 1779562617.086317, 1779562617.0717957,1.074657312146226
1779562617.3118553,74.40094685554504,139.94831771876056,78.70349987629483,0.2,1.9133948636567986,4.680708637049339,1.6920753123696026,0.05359008055588887,2.155335871978822,1779562617.0873203,None,None,None, None, 1779562617.0717957,1.074657312146226
1779562617.5119283,74.60101985931396,139.94831771876056,78.70349987629483,0.2,1.90312433443111,4.6822061332525,1.687807546588395,0.05359008055588887,2.155335871978822,1779562617.0873203,None,None,None, None, 1779562617.0717957,1.074657312146226
1779562617.7140107,74.80310225486755,139.94831771876056,78.70349987629483,0.2,1.90534600121266,4.683717652227853,1.6833110261359663,0.0015935202131214738,2.156246799875215,1779562617.7230103,None,None,None, None, 1779562617.7170098,1.0992577404824568
1779562617.912082,75.00117349624634,139.94831771876056,78.70349987629483,0.2,1.9147752414981145,4.685315293315335,1.67862054410916,0.06083599445732953,2.168203556873012,1779562617.9180892,None,None,None, None, 1779562617.9020689,1.008496287476765
1779562618.111186,75.20027756690979,139.94831771876056,78.70349987629483,0.2,1.9480075435904844,4.681948246683491,1.6863412537027906,0.048878841959844765,2.1789031686421265,1779562618.0744069,4.681617102230471,1.6871599715781131,2.0193628743512964, 1779562618.087995, 1779562618.1045327,1.060907935977729
1779562618.3118885,75.40097999572754,139.94831771876056,78.70349987629483,0.2,1.9513767549776904,4.6830238269352025,1.68360420791193,0.0521910999883326,2.182077075846498,1779562618.13522,None,None,None, None, 1779562618.1821535,0.9359525582650562
1779562618.5121,75.60119152069092,139.94831771876056,78.70349987629483,0.2,1.946243390206824,4.684218893334326,1.6805948097086798,0.0521910999883326,2.182077075846498,1779562618.13522,None,None,None, None, 1779562618.1821535,0.9359525582650562
1779562618.7113872,75.80047869682312,139.94831771876056,78.70349987629483,0.2,1.9447095862657646,4.6854925000237175,1.6773093539587616,0.0016112601085136388,2.1829886418397244,1779562618.7009673,None,None,None, None, 1779562618.7009673,0.9958882457331519
1779562618.911996,76.00108742713928,139.94831771876056,78.70349987629483,0.2,1.9493560023806722,4.686859459562263,1.6737665529824421,0.05191052595816643,2.189802933041603,1779562618.911996,None,None,None, None, 1779562618.911996,0.9602347311340168
1779562619.1115324,76.20062398910522,139.94831771876056,78.70349987629483,0.2,1.9857844596131673,4.6847724160935025,1.677308108856403,0.05609481136908146,2.200201266575432,1779562619.0973666,4.6845399178147815,1.6777844086565235,2.0683971786327167, 1779562619.096367, 1779562619.1155384,1.079540091528261
1779562619.3115492,76.40064072608948,139.94831771876056,78.70349987629483,0.2,1.9886748571940833,4.685915292537335,1.6746951367104412,0.052177822613338906,2.2082999988534504,1779562619.2525806,None,None,None, None, 1779562619.1921315,1.0297391834722673
1779562619.5114863,76.60057783126831,139.94831771876056,78.70349987629483,0.2,1.9836295076851653,4.6871870387915795,1.671811448088652,0.052177822613338906,2.2082999988534504,1779562619.2525806,None,None,None, None, 1779562619.1921315,1.0297391834722673
1779562619.711727,76.80081844329834,139.94831771876056,78.70349987629483,0.2,1.9724472190343019,4.688550207909328,1.6686512542155587,0.052177822613338906,2.2082999988534504,1779562619.2525806,None,None,None, None, 1779562619.1921315,1.0297391834722673
1779562619.9115705,77.00066208839417,139.94831771876056,78.70349987629483,0.2,2.0720465594904147,4.689975677524041,1.6652145552267292,0.4172164951823986,2.4740262571837808,1779562619.8894832,None,None,None, None, 1779562619.9040525,0.9354653106996887
1779562620.1118774,77.20096898078918,139.94831771876056,78.70349987629483,0.2,2.0987649299089424,4.687868919782975,1.668624539107737,0.09755796950811643,2.4916705724426262,1779562620.070343,4.68760447865545,1.6690700467343746,2.1141071246316905, 1779562620.102878, 1779562620.0918624,0.9996140760086917
1779562620.311311,77.40040254592896,139.94831771876056,78.70349987629483,0.2,2.112619271613064,4.689286177689713,1.666245316544614,0.05527382581755028,2.5021888908982226,1779562620.3178506,None,None,None, None, 1779562620.2761633,1.0867047128117717
1779562620.5116332,77.60072469711304,139.94831771876056,78.70349987629483,0.2,2.1217745588545442,4.690876028264261,1.6636271995328045,0.05015674862017345,2.5145998850693507,1779562620.508082,None,None,None, None, 1779562620.4779372,1.0332814427203123
1779562620.7118583,77.80094981193542,139.94831771876056,78.70349987629483,0.2,2.1285461654926987,4.692631654366684,1.660775702704186,0.051213455698579116,2.524340884337173,1779562620.6982858,None,None,None, None, 1779562620.6982858,1.0374740882191154
1779562620.9114044,78.00049591064453,139.94831771876056,78.70349987629483,0.2,2.1341574813735726,4.69454780187155,1.6576994912662568,0.05315893289157052,2.5325762335763677,1779562620.8532052,None,None,None, None, 1779562620.895333,0.988977000907881
1779562621.113119,78.20221042633057,139.94831771876056,78.70349987629483,0.2,2.139081644924398,4.696619677431694,1.6544089734079757,0.053319932540424615,2.5456612475580567,1779562621.0986109,None,None,None, None, 1779562621.1136827,1.0859553733219491
1779562621.3120728,78.40116429328918,139.94831771876056,78.70349987629483,0.2,2.158265663435305,4.694176664135279,1.6534682228883986,0.05016902087263872,2.555842882925261,1779562621.3015575,4.693966274244368,1.6535833707109178,2.1963850288037143, 1779562621.113119, 1779562621.269985,1.0109832823270295
1779562621.5123281,78.60141968727112,139.94831771876056,78.70349987629483,0.2,2.160922650505796,4.696176425526819,1.6504516514589693,0.05031094179409063,2.5660669710518555,1779562621.5047755,None,None,None, None, 1779562621.520994,0.9478213743205569
1779562621.7116458,78.80073738098145,139.94831771876056,78.70349987629483,0.2,2.16457618654658,4.6983291760129955,1.6472213608619046,0.056776401188125776,2.574093332355301,1779562621.6461434,None,None,None, None, 1779562621.6591372,0.9674685228010005
1779562621.912014,79.0011055469513,139.94831771876056,78.70349987629483,0.2,2.1686802758209898,4.700633313799857,1.643792192014212,0.05645639976825885,2.5862713900352245,1779562621.8618507,None,None,None, None, 1779562621.8773906,0.9031346040336715
1779562622.1115878,79.20067930221558,139.94831771876056,78.70349987629483,0.2,2.1645153986572727,4.703084551087914,1.640176749053193,0.05645639976825885,2.5862713900352245,1779562621.8618507,None,None,None, None, 1779562621.8773906,0.9031346040336715
1779562622.3111532,79.40024471282959,139.94831771876056,78.70349987629483,0.2,2.154159034441176,4.70563882472611,1.6363498035145936,0.05645639976825885,2.5862713900352245,1779562621.8618507,None,None,None, None, 1779562621.8773906,0.9031346040336715
1779562622.5114505,79.60054206848145,139.94831771876056,78.70349987629483,0.2,2.1999192091636743,4.700495873229369,1.6405445182675007,0.06858387319655855,2.6262130574025746,1779562622.5169785,4.700148540776418,1.6409131143693025,2.265365495048796, 1779562622.37607, 1779562622.5189788,1.005050785014872
1779562622.7113378,79.80042934417725,139.94831771876056,78.70349987629483,0.2,2.206874650392923,4.702367741532554,1.6379603593367937,0.05526944581866359,2.640447255209489,1779562622.7017696,None,None,None, None, 1779562622.7153451,0.9830038050371611
1779562622.9121299,80.00122141838074,139.94831771876056,78.70349987629483,0.2,2.212410233115508,4.704419872030283,1.6351705972479555,0.050323289965114926,2.649923221376462,1779562622.8900714,None,None,None, None, 1779562622.9051254,0.9980063667796765
1779562623.1118248,80.2009162902832,139.94831771876056,78.70349987629483,0.2,2.2169827744550514,4.706643808766158,1.6321806464211712,0.048596059760553645,2.6590869930491583,1779562623.0786417,None,None,None, None, 1779562623.0946536,0.9256018740322137
1779562623.311925,80.40101647377014,139.94831771876056,78.70349987629483,0.2,2.2216006765335146,4.709032398028124,1.6289981402220333,0.053566561232403616,2.669786604284246,1779562623.2783859,None,None,None, None, 1779562623.2960005,1.0777110024998702
1779562623.5113757,80.60046720504761,139.94831771876056,78.70349987629483,0.2,2.2941381921777344,4.709916447871698,1.6243715862509591,0.41696698455113257,2.760678420988826,1779562623.4963691,4.709809066571841,1.6242901036259085,2.3592786609171714, 1779562623.387829, 1779562623.4963691,1.0092735207220722
1779562623.7111118,80.80020332336426,139.94831771876056,78.70349987629483,0.2,2.3125170638579142,4.7128154116176475,1.6211709820772897,0.05531768604047732,2.7719727905840394,1779562623.700542,None,None,None, None, 1779562623.700542,0.942232466857445
1779562623.9118316,81.00092315673828,139.94831771876056,78.70349987629483,0.2,2.3236186165463293,4.715878598635738,1.6178662163673774,0.05359456316638966,2.7818183591572816,1779562623.8842466,None,None,None, None, 1779562623.9013305,0.9373465196366808
1779562624.1120582,81.20114970207214,139.94831771876056,78.70349987629483,0.2,2.3308513932722112,4.719097082249517,1.614444751335983,0.04972460529245976,2.7926687288132364,1779562624.1024559,None,None,None, None, 1779562624.1024559,1.0132343321826711
1779562624.3125124,81.40160393714905,139.94831771876056,78.70349987629483,0.2,2.336441721241424,4.722462496632559,1.6109033162750528,0.0516559083258398,2.800730949376059,1779562624.32147,None,None,None, None, 1779562624.3006706,0.9667128196977717
1779562624.5113761,81.60046768188477,139.94831771876056,78.70349987629483,0.2,2.370388136558838,4.7207974253399385,1.6089829922004415,0.05149565672057586,2.811931265517003,1779562624.4760315,4.720461813780689,1.6090956653108843,2.449867467824637, 1779562624.395503, 1779562624.4484973,1.0488476199866952
1779562624.7118986,81.8009901046753,139.94831771876056,78.70349987629483,0.2,2.3743816905712594,4.723884698269005,1.6059726834764156,0.05909412101819538,2.823757531602471,1779562624.6761575,None,None,None, None, 1779562624.6771567,0.9147117038857036
1779562624.9122584,82.00134992599487,139.94831771876056,78.70349987629483,0.2,2.383497309104822,4.727133541717236,1.6028294046504183,0.10398985753382367,2.8450520645565365,1779562624.8809326,None,None,None, None, 1779562624.9252975,1.0711315989460002
1779562625.1113348,82.20042634010315,139.94831771876056,78.70349987629483,0.2,2.3891651070208715,4.730551193039085,1.5995934603967379,0.0535525718623399,2.8557541801859063,1779562625.0807757,None,None,None, None, 1779562625.1123388,1.078587818261342
1779562625.3115606,82.40065217018127,139.94831771876056,78.70349987629483,0.2,2.394350049423484,4.734118105499821,1.5962475876664848,0.055211670267066665,2.86621512509863,1779562625.2702456,None,None,None, None, 1779562625.301029,0.9994006265160323
1779562625.512288,82.60137963294983,139.94831771876056,78.70349987629483,0.2,2.4344381951159564,4.731848590053437,1.595690430368213,0.05352872384061128,2.8762738777846146,1779562625.5222912,4.731459403061902,1.5958785853669304,2.5338075553564754, 1779562625.397587, 1779562625.490192,0.9278367160627047
1779562625.7116344,82.80072593688965,139.94831771876056,78.70349987629483,0.2,2.472532136261102,4.7348979366562345,1.5930759822761134,0.41552557129426654,2.9671666290896654,1779562625.6769004,None,None,None, None, 1779562625.7073011,0.9622784355826288
1779562625.9113314,83.00042295455933,139.94831771876056,78.70349987629483,0.2,2.4900135763846785,4.738181831031925,1.5905465436312523,0.050226128809509905,2.9780832784929685,1779562625.8942504,None,None,None, None, 1779562625.9093456,0.9944261818926348
1779562626.1117558,83.20084738731384,139.94831771876056,78.70349987629483,0.2,2.5067009838626357,4.741632057237778,1.587945443395688,0.10697367047493295,2.9841704145132906,1779562625.9511535,None,None,None, None, 1779562625.9711964,1.0128747323309895
1779562626.3110335,83.40012502670288,139.94831771876056,78.70349987629483,0.2,2.5148775805006913,4.745257779297342,1.5852974121514223,0.10697367047493295,2.9841704145132906,1779562625.9511535,None,None,None, None, 1779562625.9711964,1.0128747323309895
1779562626.511299,83.60039043426514,139.94831771876056,78.70349987629483,0.2,2.516098098658555,4.749044079814691,1.5825592895044749,0.10697367047493295,2.9841704145132906,1779562626.5168128,None,None,None, None, 1779562626.5168128,0.9863194508411519
1779562626.7114732,83.80056476593018,139.94831771876056,78.70349987629483,0.2,2.5475422327602804,4.740493402407155,1.5867050759083325,0.05309416070495598,3.022166951148884,1779562626.7285004,4.739930297514994,1.5870209482383177,2.5936460338110106, 1779562626.513813, 1779562626.7285004,1.0473117201805158
1779562626.9119525,84.00104403495789,139.94831771876056,78.70349987629483,0.2,2.554789047164641,4.7427258433017325,1.58519367921335,0.05260063410693476,3.0325722553713947,1779562626.864615,None,None,None, None, 1779562626.87972,1.0665495720359472
1779562627.1124046,84.20149612426758,139.94831771876056,78.70349987629483,0.2,2.560880213553134,4.745189010900667,1.5835508017977726,0.051943018531435695,3.043081235790655,1779562627.0669324,None,None,None, None, 1779562627.0362792,1.0161678569268437
1779562627.3111496,84.4002411365509,139.94831771876056,78.70349987629483,0.2,2.5573003407598116,4.747877929854769,1.581779474177423,0.051943018531435695,3.043081235790655,1779562627.0669324,None,None,None, None, 1779562627.0362792,1.0161678569268437
1779562627.5122268,84.601318359375,139.94831771876056,78.70349987629483,0.2,2.547492738133545,4.750784135104245,1.5798369898382065,0.051943018531435695,3.043081235790655,1779562627.0669324,None,None,None, None, 1779562627.0362792,1.0161678569268437
1779562627.7116365,84.80072808265686,139.94831771876056,78.70349987629483,0.2,2.5952327948220564,4.747886144445827,1.5797787959154659,0.0977412526898534,3.1004170999142153,1779562627.720164,4.7474978883694785,1.579913156379337,2.6443425225820403, 1779562627.58149, 1779562627.7046216,0.9569700052161586
1779562627.9115052,85.00059676170349,139.94831771876056,78.70349987629483,0.2,2.608283213167774,4.750258853888917,1.5783340955111578,0.08730761983067474,3.1225898795178577,1779562627.9075027,None,None,None, None, 1779562627.8959842,0.9777413467731281
1779562628.1120484,85.2011399269104,139.94831771876056,78.70349987629483,0.2,2.615866371449233,4.7528617189358044,1.5767988080067483,0.05345320765807581,3.13274762329395,1779562628.0975332,None,None,None, None, 1779562628.0819762,0.9597897814609246
1779562628.3115551,85.40064668655396,139.94831771876056,78.70349987629483,0.2,2.6223449146421807,4.755691487681699,1.5751540224262606,0.05522566602384749,3.140550968359154,1779562628.3175611,None,None,None, None, 1779562628.2688644,1.0495861604925407
1779562628.512576,85.60166764259338,139.94831771876056,78.70349987629483,0.2,2.6269972873056493,4.758743433821763,1.5734040442609012,0.04707610076509556,3.1516153847634083,1779562628.473865,None,None,None, None, 1779562628.4858537,0.9613702689326585
1779562628.7118893,85.80098080635071,139.94831771876056,78.70349987629483,0.2,2.663169538777356,4.76250894717724,1.5679101944283413,0.07215574481714415,3.1667685240092855,1779562628.683871,4.762541240896383,1.5676741434554982,2.7390867804751124, 1779562628.593545, 1779562628.6733432,1.0882289760300066
1779562628.912583,86.00167465209961,139.94831771876056,78.70349987629483,0.2,2.667144764520739,4.766296729758946,1.5659401570800786,0.05318002137599604,3.1778472344551316,1779562628.8921957,None,None,None, None, 1779562628.9192486,1.0889524775411321
1779562629.1124575,86.20154905319214,139.94831771876056,78.70349987629483,0.2,2.6712404420013973,4.77026469108627,1.5638937729338491,0.05481403968574757,3.1861227573529294,1779562629.1197073,None,None,None, None, 1779562629.1197073,0.9592067457451607
1779562629.3121955,86.40128707885742,139.94831771876056,78.70349987629483,0.2,2.67506293164518,4.774406001892109,1.5617783150383062,0.05144170175219624,3.1972696997649277,1779562629.259861,None,None,None, None, 1779562629.3262033,0.9933310082994873
1779562629.511797,86.60088849067688,139.94831771876056,78.70349987629483,0.2,2.678579550049917,4.778713380769461,1.559597405749829,0.049235085321558736,3.207936610574754,1779562629.4765136,None,None,None, None, 1779562629.5067978,1.0473037226101398
1779562629.7117574,86.80084896087646,139.94831771876056,78.70349987629483,0.2,2.7220638108981574,4.778521177443011,1.5571681776819863,0.049243431689695846,3.2192820196706964,1779562629.706908,4.778218008495135,1.5571560502976938,2.8313377685513963, 1779562629.597443, 1779562629.706908,0.9723872578622373
1779562629.9121273,87.00121879577637,139.94831771876056,78.70349987629483,0.2,2.7248245246129525,4.782445996317454,1.5554072578521938,0.05314596794792148,3.2266546583116806,1779562629.9236474,None,None,None, None, 1779562629.9236474,0.9077079619159667
1779562630.1116703,87.20076179504395,139.94831771876056,78.70349987629483,0.2,2.7294917059028663,4.786553753746477,1.553577651688785,0.0663288054913288,3.240980404675734,1779562630.1237328,None,None,None, None, 1779562630.0777464,0.9699459623185692
1779562630.311484,87.40057563781738,139.94831771876056,78.70349987629483,0.2,2.733631601240393,4.790835742855189,1.5516969684706008,0.05335012848133314,3.2442944998452026,1779562630.1237328,None,None,None, None, 1779562630.1558151,1.0868851257052332
1779562630.511684,87.60077548027039,139.94831771876056,78.70349987629483,0.2,2.7296467691984865,4.795283810291298,1.5497639456321743,0.05335012848133314,3.2442944998452026,1779562630.1237328,None,None,None, None, 1779562630.1558151,1.0868851257052332
1779562630.7113495,87.80044102668762,139.94831771876056,78.70349987629483,0.2,2.768813699279008,4.787713878501875,1.5518889598585528,0.0016490108545345662,3.2451801321983296,1779562630.6608016,4.786921403537972,1.552160086027005,2.8803720775592367, 1779562630.657806, 1779562630.6608016,0.9733657379062157
1779562630.9112692,88.00036072731018,139.94831771876056,78.70349987629483,0.2,2.7709709405291982,4.790326280419948,1.5508522595518923,0.0497807043547203,3.2560617567584886,1779562630.8793929,None,None,None, None, 1779562630.8783414,0.9721059913665702
1779562631.1121607,88.20125222206116,139.94831771876056,78.70349987629483,0.2,2.774453361674275,4.793193497057552,1.5497261269492864,0.05360857593585411,3.267484054830087,1779562631.0924613,None,None,None, None, 1779562631.056477,0.9417865962971981
1779562631.3114667,88.40055823326111,139.94831771876056,78.70349987629483,0.2,2.778940577925802,4.796304475517109,1.5485192897363862,0.05879609432737937,3.275581781708596,1779562631.230187,None,None,None, None, 1779562631.185405,0.9096547232690056
1779562631.5119233,88.6010148525238,139.94831771876056,78.70349987629483,0.2,2.7741889223265606,4.7996493494429275,1.547241032663527,0.05879609432737937,3.275581781708596,1779562631.230187,None,None,None, None, 1779562631.185405,0.9096547232690056
1779562631.7112763,88.80036783218384,139.94831771876056,78.70349987629483,0.2,2.7632821323641754,4.8032271553479795,1.5458415604194382,0.05879609432737937,3.275581781708596,1779562631.230187,None,None,None, None, 1779562631.185405,0.9096547232690056
1779562631.912123,89.00121450424194,137.79759910803637,77.36474693999124,0.2,2.954127615463304,4.7964854932180625,1.5473804907304827,0.8303582768757721,3.8056318892372514,1779562631.868526,4.796009862205372,1.547519757826832,2.9302374765753996, 1779562631.731542, 1779562631.865528,1.0831100271811553
1779562632.1116831,89.20077466964722,135.5899977174238,75.99977612512603,0.2,2.98838085387583,4.798459866628141,1.5470855416057,0.09662102688712411,3.823544207585575,1779562632.118348,None,None,None, None, 1779562632.118348,1.0675081189530962
1779562632.311097,89.40018844604492,134.2265402406482,75.16126387822088,0.2,3.0094591794403978,4.800622120988252,1.5467969072399441,0.05797747224750517,3.8361323415421458,1779562632.2710345,None,None,None, None, 1779562632.2710345,0.9131931865981339
1779562632.5114496,89.60054111480713,133.37215595281893,74.63754786871493,0.2,3.022758418143977,4.80300370089908,1.546504692697837,0.046823111828230984,3.8463199616720987,1779562632.4886112,None,None,None, None, 1779562632.522459,1.0638535159082823
1779562632.7113988,89.8004903793335,132.72853709218742,74.24388964772257,0.2,3.032812780664726,4.805619752780386,1.5462035103063831,0.055581124306543814,3.855783028988493,1779562632.658868,None,None,None, None, 1779562632.7229128,0.9646789803638918
1779562632.911636,90.00072765350342,132.7295664389169,74.2445186412122,0.2,3.0349795294826443,4.812920855626932,1.5405516195983657,0.05538284353275899,3.867837682365486,1779562632.8765285,4.813208254007372,1.540206369708331,3.020402332033324, 1779562632.734913, 1779562632.9081159,1.0918341464866868
1779562633.1113317,90.20042324066162,132.20111660433506,73.92185020531566,0.2,3.0432030287925476,4.81689653315432,1.540126146949031,0.0844857545113545,3.8857729860098833,1779562633.0888164,None,None,None, None, 1779562633.089822,1.0674832381192005
1779562633.311671,90.4007625579834,131.809192790552,73.682861498525,0.2,3.049382200567275,4.821037565406814,1.5397192216707154,0.05519729043214738,3.8965397176541052,1779562633.2838755,None,None,None, None, 1779562633.2838755,1.0575887200112575
1779562633.5116363,90.60072779655457,131.49153677113802,73.48935745033818,0.2,3.0544370037318678,4.825342787035204,1.5393189253465902,0.05089827107605617,3.899699562507321,1779562633.345957,None,None,None, None, 1779562633.2838755,1.0575887200112575
1779562633.7114148,90.8005063533783,131.69547379295642,73.61356792118237,0.2,3.0521033159014044,4.829808492083979,1.538923474318643,0.05089827107605617,3.899699562507321,1779562633.345957,None,None,None, None, 1779562633.2838755,1.0575887200112575
1779562633.9121733,91.00126481056213,130.97676591292822,73.17615155864245,0.2,3.063441899596692,4.823776099068973,1.5368917232280015,0.0613580668227375,3.933313695151629,1779562633.8937926,4.82308340633047,1.5367881297771813,3.070212600190242, 1779562633.827247, 1779562633.9031668,1.0612060538723351
1779562634.1119757,91.20106720924377,127.59417467562325,71.12931111355958,0.2,3.1104719623219923,4.826681524901104,1.536659101406673,0.3983737039202042,4.017637330957781,1779562634.1054623,None,None,None, None, 1779562634.1094713,1.0390059029595975
1779562634.3114567,91.40054821968079,126.37671812871393,70.39728568112302,0.2,3.127200942396677,4.829650426652731,1.5366064227528073,0.049713517424068175,4.025670590587119,1779562634.2670534,None,None,None, None, 1779562634.3262987,1.0589418370225874
1779562634.511942,91.60103344917297,125.47873663149744,69.85889724428286,0.2,3.1393964483956833,4.832781804601446,1.5365809981755618,0.05974305177153772,4.033762025233868,1779562634.4024906,None,None,None, None, 1779562634.3844426,1.051243575921039
1779562634.7110703,91.8001618385315,-29.784422364806463,-53.18007709690099,0.2,3.145361784937083,4.836084220816622,1.536583595404514,0.05974305177153772,4.033762025233868,1779562634.4024906,None,None,None, None, 1779562634.3844426,1.051243575921039
1779562634.9119778,92.00106930732727,-30.16228526986989,-53.90696589796259,0.2,3.1529173925009726,4.8392820312199865,1.5366077295303817,0.05974305177153772,4.033762025233868,1779562634.9169855,None,None,None, None, 1779562634.9199867,1.0319947376018355
1779562635.111362,92.20045351982117,-29.856914407130027,-53.31958898599567,0.2,3.1477047195647616,4.835718657790162,1.5334001285844772,0.01358774329724839,4.042788346431513,1779562635.0667894,4.835418308818308,1.5332532576357971,3.1312389085622367, 1779562634.911977, 1779562635.1128836,0.9797342290050712
1779562635.3116837,92.40077519416809,-29.913929270005756,-53.42929480124022,0.2,3.148796137972574,4.837682540961442,1.5334188068656753,-0.0042871570989203075,4.041921778938716,1779562635.2689204,None,None,None, None, 1779562635.3146925,0.9151345289499634
1779562635.5123985,92.60149002075195,-29.55689679513378,-52.74201605315185,0.2,3.141722613657875,4.839607915595425,1.5334374278115364,-0.06404411308876816,4.02986226394215,1779562635.5194087,None,None,None, None, 1779562635.500322,0.9276033496862687
1779562635.711395,92.80048656463623,125.61383906977537,69.93981538316206,0.2,3.1386230122977836,4.841524937155483,1.5334368684869608,-0.022046918420367444,4.025817525838195,1779562635.7028692,None,None,None, None, 1779562635.6868222,0.9896303239428799
1779562635.9115796,93.00067114830017,125.67276765194065,69.97511920483838,0.2,3.137877919697043,4.843714325889002,1.5334218083803866,0.019287130356659625,4.029439725753092,1779562635.8906732,None,None,None, None, 1779562635.8764458,1.0877996146391447
1779562636.1204107,93.20950222015381,-30.379860071119783,-54.3251588143226,0.2,3.158862567317156,4.851265947186679,1.5294785218491174,0.28418116804023574,4.073853602894345,1779562636.0469604,4.851595759519602,1.5292250339539704,3.1350738302576815, 1779562635.920595, 1779562636.0604844,1.039725184040238
1779562636.311446,93.40053749084473,-31.07252086376832,-55.65477838350085,0.2,3.1722185059116095,4.854489592359628,1.5295673869200928,0.02865137818974269,4.080498601411114,1779562636.2788863,None,None,None, None, 1779562636.266287,0.9668153539073644
1779562636.5117588,93.60085034370422,-31.492178809616377,-56.45906928296062,0.2,3.1801779276192854,4.857580281700997,1.5296858370438047,0.005850291681530916,4.081681743421382,1779562636.4811227,None,None,None, None, 1779562636.4660017,0.9752390186008479
1779562636.711709,93.80080056190491,-31.69914738284487,-56.85537668930462,0.2,3.1839559717929413,4.860571157128348,1.529817414696828,-0.010650073733112324,4.07955707313124,1779562636.680621,None,None,None, None, 1779562636.711709,1.0875696660432757
1779562636.9114783,94.00056982040405,-31.74362684809052,-56.94051607703832,0.2,3.1845681424370964,4.863486756090657,1.5299512043449945,-0.022686713108563135,4.07494399353522,1779562636.8839593,None,None,None, None, 1779562636.9145095,1.0315895750371171
1779562637.1121402,94.20123171806335,-31.184702390942018,-55.86987323501551,0.2,3.1745990502430907,4.865787040045911,1.5266223980273346,-0.02650663242713926,4.069214507896744,1779562637.1001122,4.865750853342053,1.5263980217729407,3.1507114785713424, 1779562636.928824, 1779562637.0692098,1.0939527631596933
1779562637.3113291,94.40042066574097,-31.108151014941164,-55.72310246761583,0.2,3.1729573684230443,4.868497353814498,1.5267145067113717,-0.027770019779367952,4.065386323316801,1779562637.3165143,None,None,None, None, 1779562637.2708173,1.0263772438956458
1779562637.5127509,94.60184240341187,-30.966283803194802,-55.45101781552289,0.2,3.170097747119014,4.8711576420717435,1.5267991035629986,-0.03167033053752378,4.058968253102465,1779562637.5178998,None,None,None, None, 1779562637.4929383,1.0289745692646075
1779562637.7114727,94.80056428909302,-30.812368614464585,-55.15570201631077,0.2,3.1670465213390004,4.873775413198839,1.5268737435909214,-0.028615610539217573,4.056756782865062,1779562637.5178998,None,None,None, None, 1779562637.4929383,1.0289745692646075
1779562637.9113557,95.0004472732544,-30.8034731322043,-55.13863036900139,0.2,3.166738873762482,4.8763533551146985,1.526938979554326,-0.028615610539217573,4.056756782865062,1779562637.5178998,None,None,None, None, 1779562637.4929383,1.0289745692646075
1779562638.112481,95.20157265663147,-29.991808292420824,-53.579118109059955,0.2,3.152004631193017,4.872908511826292,1.525233639178974,-0.02725346128556788,4.04062077126116,1779562638.1099718,4.8725196408429206,1.5251183700650564,3.123140939826925, 1779562638.046925, 1779562638.0509152,0.9060664479533089
1779562638.3112605,95.40035200119019,-29.803941298346565,-53.217644346570864,0.2,3.1484933714098626,4.8743588417807,1.5252487405276893,-0.02945139006455517,4.035178788998153,1779562638.2947502,None,None,None, None, 1779562638.3273468,0.902413920948867
1779562638.511359,95.60045051574707,-29.604118050153946,-52.832955466361035,0.2,3.1448037738556107,4.875803304000876,1.5252582519227627,-0.02875237739571278,4.029744846435025,1779562638.4837413,None,None,None, None, 1779562638.4658287,0.9873058205923636
1779562638.711727,95.80081844329834,125.63374889703587,69.95174263742537,0.2,3.140808989913933,4.877241844472255,1.5252623242379786,-0.031367055613351034,4.026804072793941,1779562638.5774949,None,None,None, None, 1779562638.5972512,0.9419404075070515
1779562638.9119046,96.00099611282349,126.34098152582263,70.37583473887544,0.2,3.13227986692979,4.878970246355115,1.5252535988019718,-0.031367055613351034,4.026804072793941,1779562638.5774949,None,None,None, None, 1779562638.5972512,0.9419404075070515
1779562639.1118634,96.20095491409302,127.32285699038438,70.96596424063755,0.2,3.1208206667102925,4.878550810617405,1.5241147053751292,-0.0009176628329329156,4.026317379836332,1779562639.1078563,4.878391511123775,1.5240427143992032,3.095548213025868, 1779562639.103863, 1779562639.1078563,0.9568721848096292
1779562639.311501,96.4005925655365,127.50435715376132,71.07522301846977,0.2,3.1187565919057363,4.880443151934233,1.5240639676505285,0.020596959561261636,4.029407790017618,1779562639.2578983,None,None,None, None, 1779562639.3205116,0.9908630801774488
1779562639.5113454,96.60043692588806,-31.881365068717084,-57.20409558907878,0.2,3.185873174668777,4.882611927329018,1.5240035308375988,0.5902887891975402,4.155373099206861,1779562639.4712944,None,None,None, None, 1779562639.4742942,1.0777019689895215
1779562639.7121558,96.80124735832214,-33.1540452558026,-59.63457312157868,0.2,3.208558970341406,4.8845228345312846,1.5241319030367468,0.03366708905475178,4.160726765684007,1779562639.6303122,None,None,None, None, 1779562639.615413,1.064637909945283
1779562639.9121256,97.00121712684631,-34.78484788987812,-62.73579514039702,0.2,3.2377185734128306,4.8863479877597635,1.5242810679819758,0.03366708905475178,4.160726765684007,1779562639.6303122,None,None,None, None, 1779562639.615413,1.064637909945283
1779562640.1115384,97.2006299495697,-36.44337709606585,-65.87439536027134,0.2,3.2674344510785382,4.888078217997547,1.5244738879422677,0.03366708905475178,4.160726765684007,1779562639.6303122,None,None,None, None, 1779562639.615413,1.064637909945283
1779562640.3112612,97.40035271644592,-33.9802415493121,-61.20757136276887,0.2,3.222542636229773,4.885151150886406,1.5230809220221944,0.018481695874897033,4.172268109538646,1779562640.2547865,4.884944799207272,1.5230075470083961,3.1154089033683796, 1779562640.173422, 1779562640.3092794,0.9920445912576087
1779562640.512042,97.6011335849762,-34.198121564254784,-61.62175873153212,0.2,3.225997780276307,4.886205158933509,1.5231743464999536,-0.0021537921366283543,4.171820806934785,1779562640.5241477,None,None,None, None, 1779562640.508525,0.9964059689782985
1779562640.7134752,97.80256676673889,-34.25219143221468,-61.724503750283546,0.2,3.226511682997909,4.887273215077581,1.5232698042076875,-0.01873670743739742,4.16835857332967,1779562640.7134752,None,None,None, None, 1779562640.6934597,1.0787591915074948
1779562640.9121635,98.00125503540039,-34.214751122224264,-61.65336040952195,0.2,3.2254103323171597,4.888365975491843,1.5233659493889413,-0.02514847867139042,4.163726749976121,1779562640.8976543,None,None,None, None, 1779562640.8806093,1.0694869889710008
1779562641.1117153,98.2008068561554,-34.10156887978348,-61.43824599061067,0.2,3.2229882953425704,4.889488383578426,1.5234620909588825,-0.030581252830957497,4.158037590991948,1779562641.0836885,None,None,None, None, 1779562641.0686796,0.9056530636134803
1779562641.3117962,98.40088772773743,-31.896062736105854,-57.23221526693431,0.2,3.184865674660448,4.896047185094671,1.521550026868126,-0.029821240530490994,4.153408203844996,1779562641.2389264,4.8963962374074,1.5214203694523807,3.093376286108932, 1779562641.175646, 1779562641.193286,1.0324133219528475
1779562641.5123005,98.60139203071594,-31.90892918230576,-57.25683046308001,0.2,3.1848656746604473,4.898290747597783,1.521647173240455,-0.029821240530490994,4.153408203844996,1779562641.2389264,None,None,None, None, 1779562641.193286,1.0324133219528475
1779562641.7118795,98.80097103118896,-32.047854853624926,-57.52255535712872,0.2,3.187023905531766,4.900509793565223,1.5217456572549493,-0.029821240530490994,4.153408203844996,1779562641.2389264,None,None,None, None, 1779562641.193286,1.0324133219528475
1779562641.9117277,99.0008192062378,-31.661248140716392,-56.78282410371132,0.2,3.1802103784217084,4.902699874706219,1.5218497945219498,-0.02826297356465385,4.134930882189244,1779562641.8926907,None,None,None, None, 1779562641.8926907,0.9391346914073023
1779562642.1112573,99.20034885406494,-29.998387212759752,-53.59177309679774,0.2,3.1519819594363585,4.904889942003687,1.521935092910319,-0.15892028413646048,4.104902543674754,1779562642.0816429,None,None,None, None, 1779562642.0942323,0.9085445674730585
1779562642.3114662,99.40055775642395,127.49238446412832,71.06801407220948,0.2,3.121288256443946,4.902457249339815,1.5207348131129792,-0.033129850911884674,4.098278570301934,1779562642.2815826,4.9021536650790996,1.520656276038254,3.063608495224173, 1779562642.187336, 1779562642.3125381,1.0001863826849329
1779562642.5117466,99.60083818435669,127.94950519226448,71.34342182438048,0.2,3.1163017292326245,4.904212692546415,1.5206859261421437,0.015270790258663154,4.101585581786997,1779562642.4981406,None,None,None, None, 1779562642.4981406,0.949571745859934
1779562642.7120192,99.80111074447632,128.04997132397898,71.4039974191465,0.2,3.115314350215135,4.9062621652766785,1.5206213164529983,0.03966170504306194,4.1077455324083845,1779562642.715894,None,None,None, None, 1779562642.699403,1.0613189157919711
1779562642.911402,100.00049352645874,127.92710517001781,71.32991811733308,0.2,3.116802378186653,4.908586195140625,1.5205496329058987,0.04823304459514135,4.116791332706648,1779562642.9174109,None,None,None, None, 1779562642.9019015,1.0388052997193162
1779562643.1113088,100.20040035247803,127.68200568438084,71.18221581183853,0.2,3.119566401826209,4.911169475817407,1.5204769864474397,0.04983360777215773,4.12756706337285,1779562643.1198416,None,None,None, None, 1779562643.1042688,1.0914527795950708
1779562643.3120618,100.40115332603455,127.67842973038704,71.18006159963852,0.2,3.1198805880596026,4.913758565984706,1.519348674920788,0.05026785803173958,4.140125290967937,1779562643.307057,4.913742865701089,1.5192797814494143,3.1114776074161483, 1779562643.1969, 1779562643.290512,1.021156370500108
1779562643.511293,100.60038447380066,127.46378531665994,71.05079502857144,0.2,3.1222480123307013,4.916793041728427,1.519276054262871,0.048767555027052545,4.14310594229922,1779562643.3681765,None,None,None, None, 1779562643.352136,0.9571087012928943
1779562643.711087,100.80017852783203,127.83530953303871,71.27458840803516,0.2,3.118150383076158,4.920057262946654,1.5192062106345674,0.048767555027052545,4.14310594229922,1779562643.3681765,None,None,None, None, 1779562643.352136,0.9571087012928943
1779562643.9110355,101.00012707710266,127.9858295045639,71.36532146838104,0.2,3.1164907661135435,4.923561601273411,1.5191073123175087,0.001567801111277679,4.143892718069948,1779562643.8700104,None,None,None, None, 1779562643.8720095,0.9611876035193069
1779562644.1115465,101.20063805580139,127.56837002797558,71.11377019655308,0.2,3.1211115612604905,4.92729061661407,1.518995318844075,0.05204053591583871,4.155603459061451,1779562644.0950415,None,None,None, None, 1779562644.0950415,0.928103669444243
1779562644.31179,101.40088152885437,126.37305699543863,70.39508798578171,0.2,3.134405586124069,4.922083678299096,1.5185761030907539,0.04520204181330706,4.164127715626294,1779562644.2836227,4.921489234037787,1.5185548477827255,3.1599837463795364, 1779562644.201813, 1779562644.250817,0.9312476030051698
1779562644.511081,101.60017251968384,126.14773798386686,70.25987594135147,0.2,3.1368845454152807,4.924540824249233,1.518552337581592,0.04691713035471418,4.172837528099716,1779562644.4692652,None,None,None, None, 1779562644.447866,1.0292975467753993
1779562644.732602,101.82169342041016,125.85796353655441,70.08610552986178,0.2,3.140071722019578,4.927247746264696,1.5185336076331937,0.0482606623748935,4.181895963979244,1779562644.6569633,None,None,None, None, 1779562644.7366004,1.011812868199413
1779562644.9113162,102.00040769577026,-29.461978738320905,-52.55918487942077,0.2,3.143803183625921,4.930193840161743,1.5185232037888494,0.0500312944565511,4.193585822096658,1779562644.8906143,None,None,None, None, 1779562644.8751009,1.0379376063632635
1779562645.1115484,102.20063996315002,-29.695354833836618,-53.00862643114607,0.2,3.147650743837685,4.933073839724279,1.5185351106680893,0.0500312944565511,4.193585822096658,1779562644.8906143,None,None,None, None, 1779562644.8751009,1.0379376063632635
1779562645.311634,102.40072560310364,-30.032038712422377,-53.65650030057782,0.2,3.1532127354486947,4.935892321318076,1.5185600241182646,0.0500312944565511,4.193585822096658,1779562644.8906143,None,None,None, None, 1779562644.8751009,1.0379376063632635
1779562645.5115364,102.60062789916992,-35.58703830112499,-64.25580426662052,0.2,3.246533621094721,4.931500253956065,1.5179378135303434,0.45715297839182606,4.465775075835557,1779562645.486015,4.931177800871976,1.5179078601131815,3.2152236779188907, 1779562645.417959, 1779562645.496003,1.0247621357834789
1779562645.7121637,102.80125522613525,-36.47958470846887,-65.94274058376449,0.2,3.2618080485400265,4.932841897295958,1.5181166560545611,0.006744071700660244,4.467172015303199,1779562645.693151,None,None,None, None, 1779562645.693151,1.0978542728075142
1779562645.9115384,103.00062990188599,-36.95229299962674,-66.83433525391244,0.2,3.2699405020730317,4.934184731374311,1.518299525827365,-0.012763533970187356,4.464749742737071,1779562645.8829317,None,None,None, None, 1779562645.8829317,0.9938197112825338
1779562646.111439,103.20053052902222,-37.2028294661077,-67.30636474951919,0.2,3.2742637010211015,4.9355513769269646,1.5184878781180209,-0.016034032580663913,4.463751075344975,1779562645.945216,None,None,None, None, 1779562645.945216,0.9022260912656364
1779562646.3120801,103.40117168426514,-37.8005965215994,-68.43114916112708,0.2,3.284621508679132,4.936953470509586,1.5186823902933346,-0.016034032580663913,4.463751075344975,1779562645.945216,None,None,None, None, 1779562645.945216,0.9022260912656364
1779562646.5123405,103.60143208503723,-36.845897647982575,-66.63376983161703,0.2,3.268452460832657,4.939373670295027,1.5175799912019858,-0.0005253976941899963,4.463461291291126,1779562646.4967678,4.939437985497097,1.5174949489924372,3.223607997857565, 1779562646.491181, 1779562646.4967678,1.0125990426939802
1779562646.7120843,103.80117583274841,-36.80633432529078,-66.55917268392582,0.2,3.267767981399771,4.941030800491636,1.5177977855434808,-0.02885197746360415,4.457393384269508,1779562646.7070794,None,None,None, None, 1779562646.690568,0.9102044573260186
1779562646.911122,104.00021362304688,-36.662615450793055,-66.28811372068805,0.2,3.2652871683536877,4.942726040697245,1.51801621546158,-0.03344567376802698,4.450635957985464,1779562646.9091213,None,None,None, None, 1779562646.8933384,0.9543231896023281
1779562647.111208,104.20029950141907,-35.82791925398195,-64.7115210928235,0.2,3.2509288266390652,4.944462661540658,1.5182337353722306,-0.12792375896881744,4.424976842552557,1779562647.1097026,None,None,None, None, 1779562647.1066806,0.9646098359782633
1779562647.3114529,104.40054440498352,-35.446643694332934,-63.99004360332456,0.2,3.244397415350928,4.9462667039939525,1.5184253723369159,-0.030922524280188688,4.420640976930514,1779562647.2499197,None,None,None, None, 1779562647.2630281,1.0745765318605933
1779562647.5121741,104.60126566886902,-34.01490841787557,-61.273490448609984,0.2,3.220466128072175,4.952235667961092,1.5170889466794708,-0.03285658677777063,4.411991210420692,1779562647.5131779,4.952503318728789,1.5169900972055437,3.171036315356662, 1779562647.495197, 1779562647.467091,1.091863392845124
1779562647.7119005,104.80099201202393,-33.746650772370174,-60.76322311196838,0.2,3.215913608569089,4.95486817701741,1.5172934793246813,-0.03285658677777063,4.405419893065138,1779562647.5131779,None,None,None, None, 1779562647.5262349,1.0456526030873832
1779562647.9114563,105.00054788589478,-33.64028973294233,-60.560796762505404,0.2,3.2141097541036165,4.957497834547017,1.5174868938730321,-0.03285658677777063,4.405419893065138,1779562647.5131779,None,None,None, None, 1779562647.5262349,1.0456526030873832
1779562648.1117249,105.20081639289856,-33.63736712398163,-60.555233561417424,0.2,3.2140599652777277,4.9601168495263845,1.5176779106693914,-0.0010252302244760972,4.404846317352086,1779562648.0726383,None,None,None, None, 1779562648.0706315,1.0462567042352577
1779562648.3114321,105.40052366256714,-33.425303339194606,-60.151441953912084,0.2,3.2104603186752474,4.962721563163845,1.5178701776293178,-0.03000265590140301,4.39906249065007,1779562648.3279493,None,None,None, None, 1779562648.3279493,1.009528124385044
1779562648.5119433,105.60103487968445,-32.12731522676626,-57.674492380449834,0.2,3.188742053020213,4.959306675352878,1.5168647267861495,-0.03172250516016569,4.393104287876117,1779562648.5164514,4.958915255852308,1.516787546663739,3.1406855705731083, 1779562648.498435, 1779562648.453238,1.096636193667937
1779562648.7122793,105.80137085914612,-31.804599382148133,-57.057207618769645,0.2,3.1833176331051902,4.960840443945192,1.5169368661622915,-0.05086734171988761,4.380463590268134,1779562648.7017412,None,None,None, None, 1779562648.7192838,0.9664177714255858
1779562648.9153204,106.00441193580627,-31.546340102572824,-56.56280111128136,0.2,3.178982233896274,4.962392156646054,1.5169999570882322,-0.030844847783615258,4.375684404700499,1779562648.918314,None,None,None, None, 1779562648.918314,0.9876907260362168
1779562649.1110153,106.20010685920715,-31.306867429324377,-56.10403184491041,0.2,3.174965920104307,4.963956938520666,1.5170572676789027,-0.03001612640018915,4.370087854857367,1779562649.1047654,None,None,None, None, 1779562649.1047654,1.0668796641896985
1779562649.3112538,106.40034532546997,-31.050162639287137,-55.61190088680465,0.2,3.170664444463176,4.965532210787205,1.5171089257107442,-0.03378464053503771,4.365357413631634,1779562649.3214533,None,None,None, None, 1779562649.3214533,1.063210979112769
1779562649.5113928,106.6004843711853,126.89947048648627,70.71130605873472,0.2,3.1289722644203923,4.969118348753976,1.5165190644196815,-0.2357378904715489,4.310964866126208,1779562649.475516,4.969248610294138,1.5164777451020064,3.088537496477653, 1779562649.505313, 1779562649.447759,0.9604393768723194
1779562649.712117,106.80120849609375,128.1674038764019,71.4748240978221,0.2,3.1148163842936674,4.971446188650798,1.5164598123399755,-0.008463759936859683,4.309258648170988,1779562649.677107,None,None,None, None, 1779562649.6622365,0.9487370218727784
1779562649.9131913,107.0022828578949,128.66971197417908,71.77803887117955,0.2,3.1091910910201124,4.974076325586839,1.5163629164836632,0.03924988048355887,4.31842635893125,1779562649.91068,None,None,None, None, 1779562649.878545,1.0066028060581225
1779562650.1118178,107.20090937614441,128.77320354640793,71.84056326599651,0.2,3.1080334405585233,4.9769825755370976,1.5162493854588528,0.04597916930494706,4.327053537245886,1779562650.0983124,None,None,None, None, 1779562650.0983124,1.0544028701929622
1779562650.3116188,107.40071034431458,128.64573076192653,71.76355319278787,0.2,3.109469876996575,4.980146745034234,1.5161287217518504,0.050022370740533936,4.33012056648217,1779562650.1596255,None,None,None, None, 1779562650.1596255,1.0557599069442003
1779562650.5117002,107.60079169273376,129.22800261764766,72.11554333018847,0.2,3.102916643168505,4.983553913649962,1.5160080596438168,0.050022370740533936,4.33012056648217,1779562650.1596255,None,None,None, None, 1779562650.1596255,1.0557599069442003
1779562650.7114038,107.80049538612366,129.14199333867325,72.0635137905172,0.2,3.103896944249878,4.9762565511471175,1.5162388402521914,0.0015187326323195358,4.330902047694035,1779562650.674187,4.975762545988937,1.5162566146884573,3.111005492310092, 1779562650.670249, 1779562650.675185,1.0487474633411604
1779562650.9122686,108.00136017799377,128.95922777311716,71.95299493631303,0.2,3.1059558536570657,4.9783765041804395,1.5161472807869842,0.052165000130881406,4.340395712962434,1779562650.918277,None,None,None, None, 1779562650.918277,0.9445285014161133
1779562651.1217499,108.21084141731262,128.6500739674246,71.76617660331725,0.2,3.1094346889637405,4.980776165279056,1.5160535003375406,0.05228257590996329,4.35016169941757,1779562651.1247518,None,None,None, None, 1779562651.0429723,0.9753653116752274
1779562651.3112535,108.40034508705139,128.5762460630235,71.72158689943974,0.2,3.110266610772604,4.983444137656015,1.5159609585754166,0.024832139323991094,4.3520650213146705,1779562651.2013993,None,None,None, None, 1779562651.2013993,1.02540687323045
1779562651.5120914,108.60118293762207,129.14354160520517,72.0644502721095,0.2,3.1038788633009164,4.986376442711658,1.5158596954238366,0.024832139323991094,4.3520650213146705,1779562651.2013993,None,None,None, None, 1779562651.2013993,1.02540687323045
1779562651.7118094,108.80090093612671,127.90529509015728,71.31677085284483,0.2,3.117792532137747,4.9834777787969164,1.5159985589042946,0.0016218013894174835,4.352851551124967,1779562651.6863723,4.983083744313804,1.5160165506330885,3.1586681521184525, 1779562651.683443, 1779562651.687369,0.9254040772943933
1779562651.911582,109.00067353248596,127.72130506523234,71.20589178386528,0.2,3.119860082082613,4.985797735854983,1.515931146305267,0.049502620421287453,4.363529002298348,1779562651.902067,None,None,None, None, 1779562651.8693962,1.0444747778917323
1779562652.1114798,109.20057129859924,127.29769072023028,70.95081902599514,0.2,3.124613735589237,4.988389596940307,1.5158660197861669,0.06201149087293483,4.372067309510707,1779562652.1190066,None,None,None, None, 1779562652.087911,1.0771113035746545
1779562652.3124206,109.4015121459961,126.91621099096271,70.72136954601724,0.2,3.128891355940672,4.991239297205637,1.5158117763410706,0.05065665183016565,4.383035901997656,1779562652.2562842,None,None,None, None, 1779562652.285857,1.0155897250000274
1779562652.5122652,109.60135674476624,126.51574469320963,70.48075629590832,0.2,3.1333795347560396,4.9943377610333926,1.5157666957532414,0.05199855513586815,4.393530059062297,1779562652.4581006,None,None,None, None, 1779562652.4731846,0.9025902280668411
1779562652.7116578,109.8007493019104,-30.79539798672306,-55.12313268572225,0.2,3.1669333803652076,4.998691007298482,1.515808147465705,0.047103527568596294,4.405402690472365,1779562652.7101545,4.998756986225856,1.5158129804019387,3.247735903282614, 1779562652.692655, 1779562652.7101545,0.9626154125103775
1779562652.9118445,110.00093603134155,-31.06207271627703,-55.63474178384881,0.2,3.171435792638732,5.002098299433727,1.5159021851070058,0.047103527568596294,4.405402690472365,1779562652.7101545,None,None,None, None, 1779562652.7101545,0.9626154125103775
1779562653.1115465,110.20063805580139,-31.433382469855754,-56.346441993004696,0.2,3.1777206537553266,5.005443072187191,1.5160125543734022,0.047103527568596294,4.405402690472365,1779562652.7101545,None,None,None, None, 1779562652.7101545,0.9626154125103775
1779562653.3119533,110.40104484558105,-31.395850339581965,-56.27453742067908,0.2,3.1770807111312123,5.008727625178599,1.5161444056267421,0.001292500427651063,4.406129418737301,1779562653.27242,None,None,None, None, 1779562653.271424,0.9741768476696168
1779562653.512339,110.60143065452576,-31.505661144107215,-56.48489268410395,0.2,3.1789430742369915,5.011967155956857,1.5162680683232714,0.007150273077606839,4.407540920813033,1779562653.4698253,None,None,None, None, 1779562653.4698253,0.9595463616617294
1779562653.7125251,110.80161666870117,-32.83585264553431,-59.027751590486474,0.2,3.2016449533122606,5.007604579299679,1.5159082992853614,-0.008660853723225989,4.405943299089259,1779562653.7175267,5.007112869473445,1.5158765640437135,3.260723561810476, 1779562653.700895, 1779562653.7175267,0.9893654625227746
1779562653.911926,111.0010175704956,-32.86617810896799,-59.08560916860508,0.2,3.202162599193605,5.009362495468416,1.5160181204131846,-0.01385363354155389,4.404212922687941,1779562653.779194,None,None,None, None, 1779562653.779194,1.0285534667924465
1779562654.1117816,111.20087313652039,-33.07377324055747,-59.481540303281044,0.2,3.20571665239033,5.011132744603583,1.5161286333171522,-0.01385363354155389,4.404212922687941,1779562653.779194,None,None,None, None, 1779562653.779194,1.0285534667924465
1779562654.3121634,111.40125489234924,-33.397699044752756,-60.09886205808446,0.2,3.2112737705191168,5.0129112591350395,1.51624779833389,-0.01385363354155389,4.404212922687941,1779562654.3161736,None,None,None, None, 1779562654.3161736,0.901177802258402
1779562654.511167,111.6002585887909,-32.95329089398716,-59.25178219725896,0.2,3.2036456341396047,5.014696862273345,1.5163791195718537,-0.026782900381430916,4.385853285292849,1779562654.4646926,None,None,None, None, 1779562654.4646926,1.0029037538512575
1779562654.7117903,111.80088186264038,-33.29056028934428,-59.89474693186568,0.2,3.2095288517016267,5.014783417145657,1.516000979307317,-0.030579302463258982,4.379263135845866,1779562654.6802027,5.014671089647422,1.5159689130813307,3.238089865028017, 1779562654.710789, 1779562654.665145,0.9958972631925542
1779562654.9118187,112.00091028213501,-29.783732935727844,-53.178750144690575,0.2,3.1498775579701728,5.016282383279789,1.5161035751597567,-0.47707433366974666,4.284130898674367,1779562654.8796103,None,None,None, None, 1779562654.8816104,0.9219653681374587
1779562655.1116238,112.20071530342102,126.68667955476535,70.5834275492415,0.2,3.1313250053041535,5.017875751049164,1.5160869780111832,-0.0312672437646825,4.2777602606749126,1779562655.0833583,None,None,None, None, 1779562655.1000009,1.0512361130630652
1779562655.3117115,112.40080308914185,127.58923253339844,71.12633461028176,0.2,3.121141302541278,5.019788792692193,1.5160405633777811,0.010888946400389881,4.27979739490251,1779562655.270441,None,None,None, None, 1779562655.2851713,1.071704345915747
1779562655.5114043,112.6004958152771,128.13704717928056,71.45651297290912,0.2,3.1149431096835194,5.0220045944624605,1.5159734257697555,0.017629321290493813,4.280858469462633,1779562655.330629,None,None,None, None, 1779562655.3455634,0.9345732889325121
1779562655.7112207,112.80031228065491,129.43645725364732,72.24169551695309,0.2,3.100175426462306,5.0245112562842635,1.5158880826288978,0.017629321290493813,4.280858469462633,1779562655.330629,None,None,None, None, 1779562655.3455634,0.9345732889325121
1779562655.9113984,113.00048995018005,126.55639796305361,70.5051701859648,0.2,3.132781635271964,5.022480746041702,1.516090926826216,0.0008019072694521028,4.281311354014271,1779562655.8953884,5.0222627793260655,1.5161065570654542,3.2204605929216945, 1779562655.891389, 1779562655.8953884,1.0854915468475848
1779562656.1115012,113.20059275627136,126.48816112046336,70.46419280522747,0.2,3.1335553417601663,5.024720132817314,1.5160558856494293,0.05048691538434689,4.2912373805013395,1779562656.0919943,None,None,None, None, 1779562656.0919943,1.0679196461075493
1779562656.3113518,113.40044331550598,126.30554003613865,70.35456298622955,0.2,3.1356188015265785,5.027235769579868,1.5160253059468962,0.04514107281403561,4.299804500695604,1779562656.2817798,None,None,None, None, 1779562656.2817798,1.0044908234938168
1779562656.5131905,113.60228204727173,126.131232408047,70.24997431834791,0.2,3.137588298053882,5.030017248264168,1.5160000572163728,0.038701417616460176,4.307578852654117,1779562656.48266,None,None,None, None, 1779562656.48266,0.9661159709330215
1779562656.713128,113.80221962928772,125.83147249899272,70.07022628834932,0.2,3.1409738671130887,5.033055447783767,1.5159791778314158,0.05008170205523064,4.317839114112833,1779562656.6875305,None,None,None, None, 1779562656.6875305,0.9291813833213359
1779562656.9113784,114.00046992301941,-32.09918050216829,-57.62069965764881,0.2,3.189236596126164,5.037422206250923,1.516703852383345,0.04994445940586848,4.3272916980587,1779562656.8767924,5.0374922137039615,1.5167512789663324,3.306198312725145, 1779562656.904801, 1779562656.8917832,0.9642478415843386
1779562657.111931,114.20102262496948,-34.09396350660982,-61.42378862970702,0.2,3.2236831411947686,5.040800509221641,1.5168723654173202,0.3342258416739784,4.394326773235222,1779562657.0773606,None,None,None, None, 1779562657.1088817,0.9002383977331796
1779562657.3116016,114.40069317817688,-34.99544722411306,-63.1351950333883,0.2,3.2393958865226997,5.044094678184004,1.5171960105416409,0.004419151617341143,4.395281234478815,1779562657.2933435,None,None,None, None, 1779562657.2638452,1.0729633435887724
1779562657.511828,114.60091948509216,-35.417679454146025,-63.93520173133538,0.2,3.2467932619330493,5.047346287304077,1.51754730227727,-0.015136707297548992,4.392225032146178,1779562657.4952502,None,None,None, None, 1779562657.464082,0.9565524016997924
1779562657.7121894,114.8012809753418,-35.55228399008634,-64.19002630723895,0.2,3.24915590443529,5.050573147818596,1.5179070493580538,-0.025870024903340186,4.386990759434002,1779562657.6975799,None,None,None, None, 1779562657.6665335,1.0440131728427458
1779562657.9133515,115.00244307518005,-35.54206456529856,-64.17068315005315,0.2,3.2489731892776867,5.053785409349994,1.5182645399874135,-0.027430861295306433,4.382680855498319,1779562657.9183517,None,None,None, None, 1779562657.8696995,0.9919150133172158
1779562658.1119108,115.20100235939026,-36.22998431926371,-65.4714451020398,0.2,3.2611971729239158,5.051632188943376,1.5177011989293852,-0.03015075165757428,4.378448468347809,1779562657.9950728,5.0513913212036705,1.5176600682552601,3.2979076695428655, 1779562657.916364, 1779562657.9950728,0.9301402556185393
1779562658.3115618,115.40065336227417,-36.3541649552215,-65.70596731745363,0.2,3.2633957256265096,5.053941769732206,1.517981335896729,-0.03015075165757428,4.378448468347809,1779562657.9950728,None,None,None, None, 1779562657.9950728,0.9301402556185393
1779562658.5121655,115.60125708580017,-36.610893659567914,-66.19053572209816,0.2,3.2679503545613064,5.056273706679075,1.5182721776629946,-0.03015075165757428,4.378448468347809,1779562657.9950728,None,None,None, None, 1779562657.9950728,0.9301402556185393
1779562658.7118957,115.80098724365234,-36.0668713820947,-65.16326378473259,0.2,3.258298406939209,5.058625503047027,1.5185790489777673,-0.040086302312301064,4.351548963271025,1779562658.6661127,None,None,None, None, 1779562658.6856546,0.9702406348691667
1779562658.9118376,116.00092911720276,-33.478611690337544,-60.252970211333356,0.2,3.212872215251372,5.061016740139919,1.518860241661443,-0.2567510484709897,4.303696827944986,1779562658.9132123,None,None,None, None, 1779562658.8826792,1.0762956694938004
1779562659.111678,116.20076942443848,-34.03124685500907,-61.304555672492754,0.2,3.222616683485556,5.0575032781574025,1.5181379446458263,-0.031376198749820464,4.2978936991826995,1779562659.0981655,5.057117261277031,1.5180815598356363,3.2722826338553137, 1779562658.917224, 1779562659.070141,0.9925395185605793
1779562659.3113935,116.40048503875732,-33.56293357602511,-60.41353286388792,0.2,3.2144581909787107,5.058860815801141,1.518240958149439,-0.031156371637611206,4.291592887447737,1779562659.3003974,None,None,None, None, 1779562659.268372,0.9297500281882137
1779562659.512036,116.60112762451172,-33.20992193297775,-59.741076839209796,0.2,3.2083219195908357,5.060258203131208,1.518338828843578,-0.031668704184233176,4.285160423523354,1779562659.5035148,None,None,None, None, 1779562659.4868996,1.0735806739606202
1779562659.7118492,116.80094075202942,-32.92668955549796,-59.20104296431555,0.2,3.203406314687242,5.061689559950829,1.5184319920860967,-0.030154148435582263,4.2828510736144105,1779562659.5800996,None,None,None, None, 1779562659.5646605,1.0202057501158195
1779562659.9117148,117.00080633163452,-32.8067080316821,-58.97214213417443,0.2,3.201325896478442,5.063150682230375,1.5185208990144219,-0.030154148435582263,4.2828510736144105,1779562659.5800996,None,None,None, None, 1779562659.5646605,1.0202057501158195
1779562660.1114256,117.20051717758179,-33.37307283459142,-60.05195115307523,0.2,3.2111540656164466,5.064422273034906,1.5186392651502723,-0.0009960515340788612,4.2823374377591445,1779562660.0957716,5.0644083667077675,1.5186411677692757,3.2373013573862273, 1779562660.089252, 1779562660.0947566,0.9914393207486343
1779562660.311922,117.40101361274719,-33.21364805558222,-59.74817839617943,0.2,3.2083795064361813,5.065883073485162,1.5187428568612809,-0.03061643370785488,4.276428003789107,1779562660.2887866,None,None,None, None, 1779562660.2887866,0.9979813316750283
1779562660.5116222,117.6007137298584,-33.00104609016233,-59.34286031480514,0.2,3.20468278842799,5.067372719313223,1.5188431376451783,-0.03380192446449605,4.269662991414502,1779562660.4889235,None,None,None, None, 1779562660.5055034,0.9295719775327502
1779562660.7118855,117.80097699165344,-32.78085189760645,-58.92280332732127,0.2,3.200857815117921,5.068890266009924,1.5189390071031443,-0.03318745579367941,4.263445265031953,1779562660.6762753,None,None,None, None, 1779562660.7033665,1.0430503993056803
1779562660.9113646,118.00045609474182,-32.539136173795704,-58.46138095852418,0.2,3.196663298125759,5.070433756117073,1.5190301477391812,-0.03412073393235421,4.256630764748524,1779562660.8759925,None,None,None, None, 1779562660.90689,1.0298627417609656
1779562661.111772,118.20086359977722,-32.146419844916295,-57.711017329348465,0.2,3.1898101922726356,5.074726136061463,1.5194358541840647,-0.033178136150234926,4.25048747992773,1779562661.1249793,5.074903461226965,1.519456679039937,3.182588837540779, 1779562661.104727, 1779562661.091126,1.0096242311076167
1779562661.3114567,118.40054821968079,-31.938081651042427,-57.312599578337846,0.2,3.1862022655670277,5.076815087086775,1.5195355504009842,-0.03167258564668214,4.24846594281141,1779562661.1249793,None,None,None, None, 1779562661.091126,1.0096242311076167
1779562661.5121064,118.60119795799255,-31.880647916849508,-57.2027234987714,0.2,3.1852080593487426,5.078910886363903,1.5196280613790867,-0.03167258564668214,4.24846594281141,1779562661.1249793,None,None,None, None, 1779562661.091126,1.0096242311076167
1779562661.7117984,118.80088996887207,-31.885440270700354,-57.211892412629,0.2,3.1852907496294565,5.081010067562558,1.519720932115819,-0.0009601400576621965,4.247969861535851,1779562661.7158062,None,None,None, None, 1779562661.7158062,0.9659644367962924
1779562661.927376,119.01646757125854,-31.646713996897276,-56.75499850426645,0.2,3.181155361868336,5.083111539958993,1.5198155267996776,-0.034019388106685394,4.240737777857065,1779562661.9449022,None,None,None, None, 1779562661.8542423,0.931316302118576
1779562662.1118326,119.20092415809631,-31.44234450675059,-56.36361044305396,0.2,3.177618065220956,5.0852181908248735,1.519899422313153,-0.028170465055388214,4.234265676268278,1779562662.08399,None,None,None, None, 1779562662.0993185,1.0417634784138756
1779562662.3117788,119.40087032318115,-30.9006397878451,-55.325083030161196,0.2,3.1682422747683274,5.080273647498655,1.5198425981874972,-0.033761632412824316,4.226933380825595,1779562662.3011684,5.0799555238692475,1.5198366067428053,3.15487121707256, 1779562662.112838, 1779562662.2891414,0.9546215481099873
1779562662.5114207,119.60051226615906,-30.713345756150485,-54.96563922335928,0.2,3.1650169359954345,5.081234542230671,1.5198678395219363,-0.028405426799243835,4.222890059128508,1779562662.521429,None,None,None, None, 1779562662.521429,0.9252004654262894
1779562662.7118828,119.80097436904907,-30.521715622393852,-54.59767553570189,0.2,3.161719340608914,5.082215005011866,1.5198904765748154,-0.028131176858617397,4.216757269894771,1779562662.7243927,None,None,None, None, 1779562662.6615186,0.9438452742601123
1779562662.9119577,120.00104928016663,-30.315507206056953,-54.20149526584793,0.2,3.1581735807695246,5.083213509303732,1.5199102644146196,-0.029878040598894748,4.209367599708729,1779562662.9088464,None,None,None, None, 1779562662.8620756,1.0815684663473895
1779562663.1121962,120.20128774642944,-30.112580281425803,-53.81139352911472,0.2,3.1546869627662257,5.084228599561153,1.5199267157301297,-0.028374808042142218,4.205410520931496,1779562663.1237357,None,None,None, None, 1779562663.1237357,0.9320273590027487
1779562663.3117774,120.40086889266968,125.98602228438541,70.16288239304203,0.2,3.138056242138912,5.088766281651381,1.520439617263361,-0.030304248359679,4.198445521321792,1779562663.3739223,5.088992864963171,1.5204719011604346,3.1029269477920796, 1779562663.122734, 1779562663.3679273,1.0829471005656937
1779562663.5120385,120.60113000869751,126.5343163596126,70.49190897947938,0.2,3.13177419611868,5.090758428858297,1.520423995674863,-0.01868381910812905,4.195274286493322,1779562663.4478712,None,None,None, None, 1779562663.5093997,0.9384532673230951
1779562663.711826,120.80091762542725,126.75916320864083,70.62697891012385,0.2,3.1291959607624014,5.093042367676112,1.5203881749070502,0.029925696133997363,4.202241381175107,1779562663.6806843,None,None,None, None, 1779562663.6631699,1.066438492318467
1779562663.911963,121.00105452537537,127.5818849940425,71.1219094833647,0.2,3.119730632455937,5.095608575679776,1.5203442131143037,0.029925696133997363,4.202241381175107,1779562663.6806843,None,None,None, None, 1779562663.7274034,1.001321577641206
1779562664.1111593,121.20025086402893,128.8424720107489,71.88242182149393,0.2,3.105166835010989,5.0984550538573705,1.520261232087281,0.029925696133997363,4.202241381175107,1779562663.6806843,None,None,None, None, 1779562663.7274034,1.001321577641206
1779562664.31183,121.40092158317566,128.34855470589713,71.58412597211236,0.2,3.110794615830094,5.094522981976859,1.5207278471714267,0.03736790088424985,4.226255947622264,1779562664.3233366,5.094065136513911,1.5207674860739828,3.094873137372746, 1779562664.25128, 1779562664.2582784,0.9951962609397063
1779562664.5121124,121.60120391845703,127.9123119884725,71.32100060080684,0.2,3.1158350584321557,5.096626798196388,1.52065320413731,0.05013741186768251,4.235468573212717,1779562664.5070841,None,None,None, None, 1779562664.4759398,0.9510254769049111
1779562664.7114556,121.80054712295532,127.52504209095403,71.08767830413998,0.2,3.1203056948526866,5.099018035571346,1.5205846182835054,0.047146187300762,4.244921732762402,1779562664.7075915,None,None,None, None, 1779562664.7246583,1.0951801671765398
1779562664.9115884,122.0006799697876,127.14790334978807,70.86069760925307,0.2,3.1246567354382493,5.101687597312557,1.520521404889393,0.04835495836064658,4.24886842881146,1779562664.7892108,None,None,None, None, 1779562664.7892108,0.983428903414102
1779562665.1121135,122.2012050151825,127.51432462878967,71.08122477353896,0.2,3.1204294123406235,5.1046255340340005,1.5204654316588564,0.04835495836064658,4.24886842881146,1779562664.7892108,None,None,None, None, 1779562664.7892108,0.983428903414102
1779562665.3115838,122.40067529678345,127.16105770297209,70.86861061201321,0.2,3.1244131528500936,5.100339063199672,1.5209039015599408,0.0015575256231105854,4.249650860492309,1779562665.2915664,5.099851717769517,1.5209378533327549,3.1372893839998532, 1779562665.287058, 1779562665.2900598,1.0684158065984666
1779562665.5116718,122.60076332092285,126.87748134209762,70.69808806901526,0.2,3.127683384102148,5.102438874189659,1.5208576099444557,0.055569801213693856,4.261437442171639,1779562665.5036705,None,None,None, None, 1779562665.4856424,0.9432349598453907
1779562665.7120926,122.80118417739868,-30.243821964617588,-54.063714918518656,0.2,3.156793737552562,5.104824200513373,1.5208174950354543,0.25932028092536313,4.311463029802801,1779562665.696581,None,None,None, None, 1779562665.6765506,1.00045255021779
1779562665.9110138,123.00010538101196,-30.995700975975257,-55.5074455518066,0.2,3.1698096593852587,5.107179910889309,1.520877296036542,0.039704629578297713,4.314326970669419,1779562665.768712,None,None,None, None, 1779562665.8003254,0.9654553329154639
1779562666.111506,123.20059752464294,-31.9203388498754,-57.278657888027034,0.2,3.1859011799369186,5.109519022938756,1.5209621559094444,0.039704629578297713,4.314326970669419,1779562665.768712,None,None,None, None, 1779562665.8003254,0.9654553329154639
1779562666.312259,123.40135049819946,-32.90407058881432,-59.15789659390305,0.2,3.2031259317709493,5.1118455008108965,1.5210853902833164,0.039704629578297713,4.314326970669419,1779562666.3243058,None,None,None, None, 1779562666.3243058,0.9312944268492674
