epoch [s],elapsed [s],x [m],y [m],z [m],roll [deg],pitch [deg],yaw [deg],broadcast
1767844834.1289408,0.0758817195892334,8.457219488631185e-22,1.3170844821060009e-19,0.07330880833333334,0.0,0.0,0.0,False
1767844834.2007573,0.14769816398620605,-1.91652575925801e-20,-1.413011579396202e-19,0.07330880833333334,0.0,0.0,0.0,False
1767844834.2610376,0.2079784870147705,-2.405707660672728e-20,-1.2117293966874813e-19,0.07330880833333334,0.0,0.0,0.0,False
1767844834.3206089,0.2675497531890869,5.7375409630097634e-21,1.1158022993972802e-19,0.07330880833333334,0.0,0.0,0.0,False
1767844834.3829663,0.3299071788787842,-1.91652575925801e-20,-1.4130115793962076e-19,0.07330880833333334,0.0,0.0,0.0,False
1767844834.4482431,0.3951840400695801,5.7375409630097634e-21,1.1158022993972802e-19,0.07330880833333334,0.0,0.0,0.0,False
1767844834.512959,0.45989990234375,5.737540963009359e-21,1.1158022993972963e-19,0.07330880833333334,0.0,0.0,0.0,False
1767844834.578581,0.525521993637085,-1.91652575925803e-20,-1.413011579396202e-19,0.07330880833333334,0.0,0.0,0.0,False
1767844834.6424572,0.5893981456756592,-2.405707660672876e-20,-1.2117293966874922e-19,0.07330880833333334,0.0,0.0,0.0,False
1767844834.7029638,0.649904727935791,-2.4057076606728966e-20,-1.2117293966874813e-19,0.07330880833333334,0.0,0.0,0.0,False
1767844834.7840822,0.7310230731964111,5.737540963009359e-21,1.1158022993972963e-19,0.07330880833333334,0.0,0.0,0.0,False
1767844834.8431869,0.7901277542114258,-2.4057076606728966e-20,-1.2117293966874813e-19,0.07330880833333334,0.0,0.0,0.0,False
1767844834.9165292,0.8634700775146484,-2.405707660672876e-20,-1.2117293966874922e-19,0.07330880833333334,0.0,0.0,0.0,False
1767844834.997605,0.9445459842681885,8.457219488624468e-22,1.3170844821060062e-19,0.07330880833333334,0.0,0.0,0.0,False
1767844835.063709,1.0106499195098877,8.457219488631185e-22,1.3170844821060009e-19,0.07330880833333334,0.0,0.0,0.0,False
1767844835.1226497,1.0695905685424805,-1.91652575925803e-20,-1.413011579396202e-19,0.07330880833333334,0.0,0.0,0.0,False
1767844835.1863034,1.133244276046753,-2.405707660672876e-20,-1.2117293966874922e-19,0.07330880833333334,0.0,0.0,0.0,False
1767844835.2443738,1.191314697265625,-2.4057076606728966e-20,-1.2117293966874813e-19,0.07330880833333334,0.0,0.0,0.0,False
1767844835.3247828,1.271723747253418,5.737540963009359e-21,1.1158022993972963e-19,0.07330880833333334,0.0,0.0,0.0,False
1767844835.4020286,1.3489694595336914,5.7375409630097634e-21,1.1158022993972802e-19,0.07330880833333334,0.0,0.0,0.0,False
1767844835.4630647,1.4100055694580078,-1.91652575925801e-20,-1.4130115793962076e-19,0.07330880833333334,0.0,0.0,0.0,False
1767844835.5421884,1.4891293048858643,-2.4057076606728223e-20,-1.2117293966874758e-19,0.07330880833333334,0.0,0.0,0.0,False
1767844835.6023118,1.5492527484893799,8.457219488631185e-22,1.3170844821060009e-19,0.07330880833333334,0.0,0.0,0.0,False
1767844835.6613903,1.6083312034606934,-1.91652575925803e-20,-1.413011579396202e-19,0.07330880833333334,0.0,0.0,0.0,False
1767844835.7291162,1.6760571002960205,-2.405707660672876e-20,-1.2117293966874922e-19,0.07330880833333334,0.0,0.0,0.0,False
1767844835.793407,1.7403478622436523,-1.91652575925803e-20,-1.413011579396202e-19,0.07330880833333334,0.0,0.0,0.0,False
1767844835.856179,1.8031198978424072,-1.91652575925801e-20,-1.4130115793962076e-19,0.07330880833333334,0.0,0.0,0.0,False
1767844835.9219332,1.8688740730285645,-2.4057076606728966e-20,-1.2117293966874813e-19,0.07330880833333334,0.0,0.0,0.0,False
1767844835.9865065,1.9334473609924316,8.457219488626462e-22,1.31708448210599e-19,0.07330880833333334,0.0,0.0,0.0,False
1767844836.0618076,2.0087485313415527,-1.91652575925803e-20,-1.413011579396202e-19,0.07330880833333334,0.0,0.0,0.0,False
1767844836.180705,2.127645969390869,5.737540963010705e-21,1.1158022993972693e-19,0.07330880833333334,0.0,0.0,0.0,False
1767844836.2821422,2.2290830612182617,-1.91652575925801e-20,-1.4130115793962076e-19,0.07330880833333334,0.0,0.0,0.0,False
1767844836.3700428,2.316983699798584,-1.91652575925801e-20,-1.413011579396202e-19,0.07330880833333334,0.0,0.0,0.0,False
1767844836.4569514,2.4038922786712646,8.4572194886284965e-22,1.3170844821060009e-19,0.07330880833333334,0.0,0.0,0.0,False
1767844836.5220265,2.4689674377441406,7.228644836095327e-05,4.255467837511914e-10,0.07330880833318468,0.0,0.0,0.0007078271103913938,False
1767844836.5876086,2.5345494747161865,0.0003613787778197998,1.1459439663953216e-08,0.07330880833255259,0.0,0.0,0.003662364768429096,False
1767844836.648891,2.595831871032715,0.0008705208390315055,6.698913957114577e-08,0.07330880833142678,0.0,0.0,0.008829621380871691,False
1767844836.7181568,2.665097713470459,0.0016403792598501396,2.6150022749778817e-07,0.07330880832877931,0.0,0.0,0.023241487120437256,False
1767844836.7770221,2.7239630222320557,0.002470209487128858,8.099278926554522e-07,0.0733088083254863,0.0,0.0,0.054065806465021723,False
1767844836.846537,2.793478012084961,0.003920323918895638,3.0224272289953393e-06,0.07330880831973421,0.0,0.0,0.12288161671073354,False
1767844836.917637,2.8645780086517334,0.006281611658214872,1.0712541378870077e-05,0.0733088083104505,0.0,0.0,0.2528184098136895,False
1767844836.979367,2.9263079166412354,0.008292918621931447,2.1670210771077865e-05,0.07330880830260911,0.0,0.0,0.3724423099166215,False
1767844837.0376952,2.984636068344116,0.010250023910887956,3.644962655021259e-05,0.07330880829502201,0.0,0.0,0.49350086153208,False
1767844837.0957465,3.04268741607666,0.012801692171363791,6.20311123439735e-05,0.07330880828536339,0.0,0.0,0.656042455154151,False
1767844837.161186,3.1081268787384033,0.016494673139036402,0.00011208477216568383,0.07330880827166988,0.0,0.0,0.8981099974424803,False
1767844837.2216666,3.168607473373413,0.01968374834227806,0.00016800831438114022,0.07330880825997224,0.0,0.0,1.111734735783127,False
1767844837.2920706,3.239011526107788,0.023145860740009162,0.00024229406034030398,0.07330880824760966,0.0,0.0,1.3471930751594459,False
1767844837.350414,3.2973549365997314,0.02686771162598065,0.00033814657514888896,0.07330880823493019,0.0,0.0,1.6038939658536975,False
1767844837.4144788,3.361419677734375,0.032025034487382434,0.0004987638785221584,0.07330880821761243,0.0,0.0,1.9645758530494255,False
1767844837.4879413,3.434882164001465,0.03695431368760099,0.00068285558098793,0.07330880820152604,0.0,0.0,2.3136770610773048,False
1767844837.5551312,3.5020720958709717,0.04152115086507351,0.000880407908963168,0.07330880818731056,0.0,0.0,2.640780506642533,False
1767844837.615243,3.5621838569641113,0.0463179785448172,0.0011161891660521142,0.07330880817261173,0.0,0.0,2.9877916261517394,False
1767844837.6893194,3.6362602710723877,0.05356016810755,0.0015276996996143595,0.0733088081511211,0.0,0.0,3.5175145258324307,False
1767844837.7511532,3.698094129562378,0.05888962307991599,0.0018736760813205743,0.07330880813602289,0.0,0.0,3.911635083110375,False
1767844837.839717,3.7866578102111816,0.06604507345401933,0.0023964280362459055,0.07330880811618601,0.0,0.0,4.446058839016191,False
1767844837.904442,3.8513829708099365,0.07268187055650556,0.0029416126593417393,0.07330880809868899,0.0,0.0,4.946820517526875,False
1767844837.9665308,3.9134716987609863,0.08044052617198084,0.0036534619731673802,0.07330880807903264,0.0,0.0,5.538472443513466,False
1767844838.0303264,3.977267265319824,0.0866819580937748,0.0042850734356912334,0.07330880806361414,0.0,0.0,6.019037713744424,False
1767844838.098789,4.045729875564575,0.09309707367124041,0.004989657477448836,0.07330880804854122,0.0,0.0,6.517157403750482,False
1767844838.158966,4.105906963348389,0.09967469907056069,0.005771022616327629,0.0733088080337292,0.0,0.0,7.032495136978336,False
1767844838.2239664,4.170907258987427,0.10836100280802993,0.006895429312247868,0.07330880801472259,0.0,0.0,7.719992099903307,False
1767844838.2977283,4.244669198989868,0.11729433713469962,0.00816316935737122,0.07330880799582364,0.0,0.0,8.435081538676755,False
1767844838.3592699,4.30621075630188,0.12338109768505033,0.009092481610204104,0.07330880798331812,0.0,0.0,8.926904511132111,False
1767844838.4218442,4.36878514289856,0.13060923405486305,0.01026590133957571,0.07330880796885356,0.0,0.0,9.515750097670566,False
1767844838.4949079,4.4418487548828125,0.14113668471390983,0.01211238939136446,0.0733088079557186,0.0,0.0,10.381645512565807,False
1767844838.5586243,4.505565166473389,0.14959709018672782,0.013715682501600275,0.0733088079534134,0.0,0.0,11.079442336300254,False
1767844838.627734,4.574674844741821,0.15700372478682256,0.015207143156604134,0.07330880795153388,0.0,0.0,11.691040120761311,False
1767844838.6905768,4.637517690658569,0.16440997416822292,0.016781023757204843,0.07330880795038885,0.0,0.0,12.303464993071973,False
1767844838.751822,4.698762893676758,0.172859180202844,0.018677931945882676,0.0733088079500257,0.0,0.0,13.003490886321524,False
1767844838.814399,4.761339902877808,0.18128786758033963,0.020678703465510304,0.07330880794978117,0.0,0.0,13.703493315901808,False
1767844838.8948898,4.841830730438232,0.1896924647638119,0.022782535352719936,0.07330880795019634,0.0,0.0,14.403382486899064,False
1767844838.9634933,4.910434246063232,0.19805508401724461,0.024984635057340707,0.07330880795212488,0.0,0.0,15.101784816913366,False
1767844839.0279057,4.974846601486206,0.20740473506255228,0.02757638179521052,0.07330880795434151,0.0,0.0,15.885205252289918,False
1767844839.1003354,5.047276258468628,0.21668849807164692,0.030286857705440075,0.07330880795725567,0.0,0.0,16.665980036447852,False
1767844839.1695921,5.116533041000366,0.2238537943425301,0.03247316054167889,0.07330880796009956,0.0,0.0,17.270343373503938,False
1767844839.233322,5.180262804031372,0.23096857859572617,0.03472616960489669,0.07330880796293164,0.0,0.0,17.872019617500545,False
1767844839.2989864,5.245927333831787,0.2400377538643846,0.03771792426328794,0.07330880796741497,0.0,0.0,18.64144809617833,False
1767844839.3663077,5.313248634338379,0.24900501351683488,0.04080969427346637,0.07330880797244879,0.0,0.0,19.405257583277763,False
1767844839.4302676,5.377208471298218,0.2559081257288066,0.043281416205744605,0.07330880797629999,0.0,0.0,19.99543590051245,False
1767844839.5006056,5.447546482086182,0.2627474296260482,0.04580983214237651,0.07330880798061427,0.0,0.0,20.58211250403634,True
1767844839.5647073,5.511648178100586,0.2704757008645363,0.04876325168228245,0.07330880798613762,0.0,0.0,21.247289702862734,False
1767844839.6300771,5.5770180225372314,0.27905663310055984,0.05216381485695143,0.07330880799219766,0.0,0.0,21.98874054674937,False
1767844839.6991565,5.646097421646118,0.28658486024246066,0.0552537108933548,0.0733088079972578,0.0,0.0,22.64149367717479,False
1767844839.7587745,5.7057154178619385,0.29217224005707837,0.057612075904504435,0.07330880800084502,0.0,0.0,23.126276144660807,False
1767844839.8199203,5.766861200332642,0.29862801383569065,0.06040662369020835,0.0733088080049485,0.0,0.0,23.686598069277707,False
1767844839.891903,5.838843822479248,0.3077350213937793,0.06447701116471861,0.0733088080104853,0.0,0.0,24.47704850785126,False
1767844839.956984,5.903924942016602,0.31492630578341574,0.06779815472881774,0.07330880801466447,0.0,0.0,25.099940784998438,False
1767844840.0175948,5.964535713195801,0.3202656187623702,0.07032556696928985,0.07330880801772965,0.0,0.0,25.561568918308605,False
1767844840.0875392,6.034480094909668,0.3273136759984044,0.07374275769694077,0.07330880802159075,0.0,0.0,26.16965439948078,False
1767844840.1505914,6.097532272338867,0.33515029390452383,0.07765109856467378,0.07330880802559103,0.0,0.0,26.84250278579123,False
1767844840.2133477,6.160288572311401,0.34203579221832536,0.08118020135542901,0.07330880802904541,0.0,0.0,27.430530220774543,False
1767844840.2851741,6.232115030288696,0.3480000643262352,0.0843094369937309,0.07330880803167264,0.0,0.0,27.93729842826759,False
1767844840.3487403,6.2956812381744385,0.35391597372285494,0.08747979981605908,0.0733088080335461,0.0,0.0,28.435647457861993,False
1767844840.4118888,6.358829736709595,0.36145510541667214,0.09161601673020296,0.07330880803588496,0.0,0.0,29.063673560350907,False
1767844840.4876647,6.434605598449707,0.3689206340080901,0.09581775321785133,0.07330880803793934,0.0,0.0,29.677491458656608,False
1767844840.5522602,6.499201059341431,0.3746807481094132,0.09913151738569585,0.07330880803920045,0.0,0.0,30.14432472074881,False
1767844840.6316237,6.578564643859863,0.38202944345330786,0.10344964681670296,0.07330880804075904,0.0,0.0,30.730811165558404,False
1767844840.7027016,6.649642467498779,0.3900870525764761,0.10830047115054296,0.07330880804954798,0.0,0.0,31.366164781801483,False
1767844840.7599626,6.706903457641602,0.3955944182890597,0.11168662681544454,0.07330880805842596,0.0,0.0,31.80390511229012,False
1767844840.8303394,6.777280330657959,0.40098975634630624,0.11506062000213681,0.07330880806697825,0.0,0.0,32.23621010807072,False
1767844840.903172,6.8501129150390625,0.40707984407514514,0.11893735498756393,0.07330880805943873,0.0,0.0,32.71382376700051,False
1767844840.9707284,6.917669296264648,0.41416542084469193,0.12353053937435658,0.07330880803301416,0.0,0.0,33.174454214027186,False
1767844841.037733,6.984673976898193,0.4207055712999821,0.1278346842756605,0.07330880800885103,0.0,0.0,33.51094720467196,False
1767844841.1047878,7.05172872543335,0.426614521058816,0.13176582355138378,0.07330880798722682,0.0,0.0,33.749906102095174,False
1767844841.1663327,7.113273620605469,0.43269737191626545,0.13584539374006324,0.0733088079651893,0.0,0.0,33.93781067331148,False
1767844841.2319322,7.178873062133789,0.44077421250013055,0.14129923289022125,0.07330880793630594,0.0,0.0,34.105473435475496,False
1767844841.3167164,7.263657331466675,0.450091389429406,0.14762148417120258,0.07330880790260827,0.0,0.0,34.19575256283844,False
1767844841.3948333,7.341774225234985,0.45781536313421517,0.1528709280612968,0.07330880787473376,0.0,0.0,34.19628318403116,False
1767844841.467887,7.414827823638916,0.4667946216431535,0.15896530364607453,0.07330880784298793,0.0,0.0,34.12198830541069,False
1767844841.550129,7.497069835662842,0.47818915509024595,0.16666044904853866,0.07330880780377642,0.0,0.0,33.92539696000584,False
1767844841.6153042,7.56224513053894,0.48568265005970546,0.17168381606925864,0.07330880777867203,0.0,0.0,33.74073909742679,False
1767844841.6839123,7.630853176116943,0.49336616711756864,0.17679431992531747,0.07330880775351244,0.0,0.0,33.51049285618747,False
1767844841.7491164,7.696057319641113,0.5023815848905613,0.18272886306656663,0.073308807724761,0.0,0.0,33.19230781825246,False
1767844841.829121,7.77606201171875,0.5151888530444606,0.19102503345279198,0.07330880768538064,0.0,0.0,32.66050315402829,False
1767844841.8948505,7.841791391372681,0.5235884173502199,0.19636919166647107,0.07330880766050477,0.0,0.0,32.266164270664774,False
1767844841.9531188,7.900059700012207,0.5309432837082136,0.20097970400118026,0.07330880763935071,0.0,0.0,31.89406890288218,False
1767844842.0123549,7.959295749664307,0.5397056588637992,0.2063830398120408,0.07330880761492065,0.0,0.0,31.420688300106914,False
1767844842.0854864,8.032427310943604,0.55256353358141,0.21412470166135614,0.07330880758060362,0.0,0.0,30.67213533616986,False
1767844842.1479437,8.094884634017944,0.5618023112578544,0.2195424210406123,0.07330880755707611,0.0,0.0,30.098308894826808,False
1767844842.2160547,8.16299557685852,0.5712369943354084,0.2249443434519428,0.07330880753402727,0.0,0.0,29.484060722829934,False
1767844842.2902868,8.23722767829895,0.5836540058619485,0.2318453662041408,0.0733088075051974,0.0,0.0,28.635780692975242,False
1767844842.349569,8.296509981155396,0.5949602434177645,0.23791654574572965,0.07330880748042984,0.0,0.0,27.827311243397958,False
1767844842.4116194,8.35856032371521,0.6050587200534254,0.24316346971301436,0.07330880745949743,0.0,0.0,27.07850481325092,False
1767844842.4707716,8.417712450027466,0.6138654453019204,0.247601293952108,0.07330880744215332,0.0,0.0,26.40632805104721,False
1767844842.5326164,8.479557275772095,0.6243135360934443,0.25269696019556176,0.07330880742266943,0.0,0.0,25.587169770523683,False
1767844842.595659,8.54259991645813,0.6380162751121188,0.2590974680979437,0.07330880739889765,0.0,0.0,24.479426158923182,False
1767844842.6620922,8.609033107757568,0.6504446165503752,0.26462175543153965,0.07330880737906562,0.0,0.0,23.44403574877872,False
1767844842.7208755,8.667816400527954,0.6599118266011228,0.26864854774761304,0.07330880736626356,0.0,0.0,22.636664118540963,False
1767844842.786033,8.73297381401062,0.6711044888009213,0.27320515675903073,0.07330880735248349,0.0,0.0,21.6618703424839,False
1767844842.8575847,8.80452561378479,0.6840835185126225,0.27820983066670196,0.07330880733802624,0.0,0.0,20.505063271827193,False
1767844842.9175215,8.86446237564087,0.6989120632824155,0.2835576012909968,0.07330880732348607,0.0,0.0,19.149966185462926,False
1767844842.9801695,8.927110433578491,0.7106019711324814,0.2874930372579222,0.07330880731349194,0.0,0.0,18.057295778315126,False
1767844843.041586,8.988526821136475,0.7207241333517759,0.29069958223177017,0.07330880730587203,0.0,0.0,17.094140145512757,False
1767844843.1035142,9.050455093383789,0.732641708867458,0.29423411627887336,0.07330880729937315,0.0,0.0,15.939887596359359,False
1767844843.165622,9.112562894821167,0.7481117820996798,0.2984308911974921,0.07330880729333578,0.0,0.0,14.408294195577188,False
1767844843.2221882,9.169129133224487,0.7602458931686216,0.3014106122687759,0.07330880729003106,0.0,0.0,13.180608750864899,False
1767844843.292886,9.239826917648315,0.7724567955089648,0.30412967211017794,0.07330880728832041,0.0,0.0,11.921515816500326,False
1767844843.3561687,9.303109645843506,0.7847280631228728,0.30657705636936433,0.07330880728861193,0.0,0.0,10.631663200343532,False
1767844843.4163897,9.363330602645874,0.7988091255616256,0.3090293782390382,0.0733088072904312,0.0,0.0,9.120482732326241,False
1767844843.4915578,9.438498735427856,0.8164659907043255,0.31155931159128736,0.07330880729598833,0.0,0.0,7.1767886057699535,False
1767844843.5567849,9.50372576713562,0.8288319387391777,0.31296417520071146,0.07330880730282781,0.0,0.0,5.780592739278153,False
1767844843.6158495,9.562790393829346,0.8394207993005632,0.3139227595484852,0.0733088073095749,0.0,0.0,4.560850398264552,False
1767844843.6852767,9.632217645645142,0.8534937350960135,0.3148416900981369,0.07330880733182413,0.0,0.0,2.903872905793695,False
1767844843.7479756,9.694916486740112,0.8689803837900856,0.3153752572582916,0.07330880739127076,0.0,0.0,1.0341559945586387,False
1767844843.8086517,9.755592584609985,0.8807079318353097,0.31543902320634726,0.07330880743542416,0.0,0.0,359.58377790104674,False
1767844843.8738127,9.820753574371338,0.8905361804156299,0.31526153173767407,0.07330880747190492,0.0,0.0,358.3432380008435,False
1767844843.931713,9.87865400314331,0.9017267837903054,0.3147971344901533,0.07330880751610258,0.0,0.0,356.8981859346715,False
1767844843.9910114,9.937952280044556,0.9141404228235904,0.31394595569307493,0.07330880756425688,0.0,0.0,355.24896391436306,False
1767844844.0556889,10.00262975692749,0.9261516592190816,0.3127744866157346,0.07330880761011925,0.0,0.0,353.60212390134774,False
1767844844.1187956,10.065736532211304,0.9363248129867024,0.3115047495609241,0.07330880765032327,0.0,0.0,352.162008341734,False
1767844844.1760178,10.122958660125732,0.9447841890855997,0.3102475514004262,0.07330880768393146,0.0,0.0,350.92636706931677,False
1767844844.2819078,10.228848695755005,0.9570223968614971,0.3080906382036143,0.07330880773198399,0.0,0.0,349.0706572034107,False
1767844844.3730085,10.319949388504028,0.9762128374179119,0.3038499112027421,0.07330880780801126,0.0,0.0,345.9699930247877,False
1767844844.431431,10.378371953964233,0.9834562710463274,0.3019564192700241,0.07330880783716932,0.0,0.0,344.724155540052,False
1767844844.4965339,10.443474769592285,0.9927251673518046,0.29928053834443274,0.07330880787569455,0.0,0.0,343.05729086253666,False
1767844844.5552008,10.50214171409607,1.001533350200553,0.296457059195226,0.0733088079133354,0.0,0.0,341.3829994544466,False
1767844844.6169765,10.563917398452759,1.0088644335272816,0.29388293024758677,0.07330880794450471,0.0,0.0,339.91189094142436,False
1767844844.686383,10.633323907852173,1.015847233382051,0.29122746366732044,0.07330880797473274,0.0,0.0,338.43518850093596,False
1767844844.7505283,10.697469234466553,1.0233889400664051,0.2881183265020452,0.07330880800883943,0.0,0.0,336.74112375651134,False
1767844844.8081036,10.75504446029663,1.0304656025439964,0.28495256564801713,0.07330880804076104,0.0,0.0,335.0404209299993,True
1767844844.8699799,10.816920757293701,1.0362830118265927,0.2821528117049885,0.07330880806697539,0.0,0.0,333.5469397947832,False
1767844844.9296772,10.876618146896362,1.0409852734552119,0.2797476064952787,0.07330880809021682,0.0,0.0,332.26381373149127,False
1767844844.9919739,10.938914775848389,1.046135874811168,0.2769535055409101,0.07330880811558939,0.0,0.0,330.7643081359329,False
1767844845.074101,11.021041870117188,1.0535191814605525,0.27262207478421135,0.0733088081522922,0.0,0.0,328.4025937418475,False
1767844845.1431017,11.09004259109497,1.0583439538705615,0.269554722177497,0.0733088081778828,0.0,0.0,326.68359581828935,False
1767844845.199812,11.146752834320068,1.0616648239978979,0.2673185962813832,0.07330880819554236,0.0,0.0,325.3947164650368,False
1767844845.2709026,11.217843532562256,1.065709022593201,0.2644389721232536,0.07330880821711973,0.0,0.0,323.67669593754215,False
1767844845.3527138,11.299654722213745,1.0705747552477827,0.2607084551093423,0.07330880824389563,0.0,0.0,321.31950276729367,False
1767844845.4153714,11.362312316894531,1.073268851077121,0.2584941294166547,0.07330880825880638,0.0,0.0,319.82395433706296,False
1767844845.486193,11.433133840560913,1.0756655017809251,0.2564173269980215,0.07330880827210276,0.0,0.0,318.33205097925645,False
1767844845.5685806,11.51552152633667,1.0788669094115686,0.25345256715349374,0.07330880828985405,0.0,0.0,316.0003224530986,False
1767844845.629088,11.576028823852539,1.0807882020365445,0.25154308418592664,0.07330880830061601,0.0,0.0,314.31494853301626,False
1767844845.6928077,11.639748573303223,1.0821516836025051,0.25011220447654803,0.07330880831570816,0.0,0.0,312.85020794679156,False
1767844845.7520008,11.698941707611084,1.082836662454159,0.24935937968670277,0.0733088083287554,0.0,0.0,311.6160560059844,False
1767844845.815619,11.76255989074707,1.0830381411061636,0.24913023365239445,0.07330880833303824,0.0,0.0,310.00426355298595,False
1767844845.8838959,11.830836772918701,1.0823698284338168,0.24995798929654608,0.07330880832123846,0.0,0.0,308.2364861930275,False
1767844845.944861,11.891801834106445,1.0812791898363945,0.25137864462316617,0.07330880830210026,0.0,0.0,306.89512204396885,False
1767844846.0069342,11.953875064849854,1.0799888647524518,0.25313485651001305,0.07330880827907924,0.0,0.0,305.76867354141996,False
1767844846.0707366,12.017677545547485,1.0781057089012196,0.2558144969943062,0.07330880824691303,0.0,0.0,304.48138655221675,False
1767844846.1504133,12.097354173660278,1.0745946918290854,0.2611269451123114,0.07330880820100578,0.0,0.0,302.5214229465399,False
1767844846.208635,12.15557599067688,1.0720904739417667,0.2651494188721775,0.07330880816802918,0.0,0.0,301.3146524368082,False
1767844846.2804294,12.227370262145996,1.0694087323354178,0.2696632367332808,0.07330880813494772,0.0,0.0,300.13891100777346,False
1767844846.3479764,12.294917345046997,1.0662357865076566,0.2752767511810046,0.07330880810862273,0.0,0.0,298.8344397057182,False
1767844846.412964,12.359905004501343,1.062598151111584,0.2820853900210871,0.07330880807863215,0.0,0.0,297.4170959554211,False
1767844846.4791126,12.426053524017334,1.0593302092808434,0.2885544297488653,0.07330880805577898,0.0,0.0,296.20123946064285,False
1767844846.5459704,12.492911338806152,1.05650709681402,0.29442502751359634,0.07330880804542043,0.0,0.0,295.17203650656126,False
1767844846.6086657,12.555606603622437,1.0537400091169267,0.30044952766268845,0.0733088080355054,0.0,0.0,294.1751426051416,False
1767844846.6694925,12.616433382034302,1.0506522140390528,0.3075104407444993,0.07330880802662033,0.0,0.0,293.0748787614345,False
1767844846.7547429,12.701683759689331,1.046609972097192,0.317343512202157,0.07330880802914899,0.0,0.0,291.6312013729178,False
1767844846.8139782,12.760919094085693,1.0445156131492126,0.32272843240567567,0.07330880803089015,0.0,0.0,290.8774099557585,False
1767844846.883073,12.830013990402222,1.0418429437839085,0.3299187553348306,0.07330880803578442,0.0,0.0,289.90881006114523,False
1767844846.9494352,12.896376132965088,1.039024967753654,0.337926824597762,0.0733088080480963,0.0,0.0,288.8694880174155,False
1767844847.0178015,12.964742422103882,1.0366874005903264,0.3449424611300401,0.07330880805891514,0.0,0.0,287.9900406117415,False
1767844847.0877354,13.034676313400269,1.0347651922758585,0.35099441468093545,0.07330880806948845,0.0,0.0,287.25431871274685,False
1767844847.1556287,13.102569580078125,1.0327138522215502,0.3577666661948481,0.0733088080842798,0.0,0.0,286.45214169560944,False
1767844847.212715,13.159655809402466,1.0308115216547231,0.36437043369412897,0.07330880809858052,0.0,0.0,285.69074794488995,False
1767844847.2808545,13.227795362472534,1.0290487951408778,0.3708012113794129,0.07330880811295606,0.0,0.0,284.9695108900007,False
1767844847.366142,13.313082933425903,1.0272275600863339,0.37780013323066264,0.07330880813008325,0.0,0.0,284.20520605009625,False
1767844847.426785,13.373725891113281,1.0259225388176456,0.38306401943168866,0.07330880814282528,0.0,0.0,283.6446588599572,False
1767844847.4960482,13.442989110946655,1.0242096176335114,0.39032916488565295,0.07330880815607399,0.0,0.0,282.8914477349798,False
1767844847.5549657,13.501906633377075,1.0230908573663327,0.39531894797825384,0.07330880816112065,0.0,0.0,282.3842055694476,False
1767844847.6160386,13.562979459762573,1.0221790745188122,0.39954616257166925,0.07330880816537451,0.0,0.0,281.96026116428357,False
1767844847.689493,13.636433839797974,1.0210285452433818,0.4051093957352936,0.07330880817126123,0.0,0.0,281.40950725666875,False
1767844847.7506127,13.697553634643555,1.0198233398754717,0.41125071427209603,0.07330880817860272,0.0,0.0,280.7938754528671,False
1767844847.8153436,13.762284517288208,1.0188296222340731,0.41660144687482253,0.0733088081848874,0.0,0.0,280.2459348666851,False
1767844847.885114,13.832054853439331,1.0180199959810259,0.42118979555710145,0.07330880819358737,0.0,0.0,279.76479748414056,False
1767844847.9467247,13.893665552139282,1.0172863073748082,0.42556454794394716,0.07330880820888258,0.0,0.0,279.2683171486879,False
1767844848.0220075,13.968948364257812,1.0163736685027667,0.4313886791340642,0.07330880822880714,0.0,0.0,278.5262821123753,False
1767844848.088786,14.03572678565979,1.0157551296659748,0.435669137939139,0.07330880824754821,0.0,0.0,277.903108636866,False
1767844848.1479158,14.09485673904419,1.0153689484408506,0.4385398021590589,0.07330880826453519,0.0,0.0,277.4073327204861,False
1767844848.2266233,14.173564195632935,1.0149104188851894,0.44225916946140825,0.07330880828623791,0.0,0.0,276.614279828603,False
1767844848.296867,14.243807792663574,1.0145563559428257,0.44553472847183523,0.07330880830791264,0.0,0.0,275.6623035531626,False
1767844848.3550594,14.302000284194946,1.0144029145207054,0.4471804045292168,0.07330880832023737,0.0,0.0,274.94545641864016,False
1767844848.4147465,14.361687421798706,1.0143235444190268,0.4481571652128887,0.07330880832753794,0.0,0.0,274.29769412957353,False
1767844848.4924252,14.439366102218628,1.0142754413158084,0.4488621270362831,0.07330880833310988,0.0,0.0,273.26899980321525,False
1767844848.550625,14.497565984725952,1.014285938837384,0.4486224206611428,0.07330880833131817,0.0,0.0,272.2965148722483,False
1767844848.6175623,14.564503192901611,1.014318351102069,0.44754450176626676,0.07330880832237506,0.0,0.0,271.26984747938866,False
1767844848.7085447,14.6554856300354,1.0143422828765356,0.4453127802084948,0.07330880830196333,0.0,0.0,270.05074271384683,False
1767844848.7811253,14.728066205978394,1.0143046848321435,0.4418685993330861,0.07330880826819602,0.0,0.0,268.7627077585913,False
1767844848.846421,14.793361902236938,1.0141469405179597,0.4372084943836804,0.07330880822311346,0.0,0.0,267.40655995941586,False
1767844848.9161499,14.863090753555298,1.01385209877485,0.43200392532847504,0.07330880816547758,0.0,0.0,266.1439657563174,False
1767844848.9834576,14.93039846420288,1.0134279325456423,0.4265437287310168,0.07330880810391706,0.0,0.0,264.9942684088688,False
1767844849.0443172,14.991258144378662,1.0128106228850853,0.420259957486077,0.07330880803453146,0.0,0.0,263.8031877331082,False
1767844849.1065788,15.05351972579956,1.0116678068958331,0.41096314034527265,0.0733088079239986,0.0,0.0,262.21131534926195,False
1767844849.1642466,15.11118745803833,1.010446940005193,0.40273452647940733,0.07330880782527158,0.0,0.0,260.9258458577,False
1767844849.2238102,15.170751094818115,1.009134986658059,0.395015797639427,0.07330880773527987,0.0,0.0,259.79145723620934,False
1767844849.2904592,15.23740005493164,1.00725933083326,0.3852712261642641,0.07330880762386163,0.0,0.0,258.430592079935,False
1767844849.3533185,15.300259351730347,1.0046079584288634,0.3731900805871503,0.07330880748766178,0.0,0.0,256.82799526785277,False
1767844849.4138892,15.360830068588257,1.0013604750245666,0.3601693005142039,0.07330880734761408,0.0,0.0,255.1760235857991,False
1767844849.4800937,15.427034616470337,0.9979892132044457,0.3480710217082903,0.07330880722276832,0.0,0.0,253.69066023050027,False
1767844849.5467036,15.49364447593689,0.9940849526658303,0.33535939177267404,0.07330880709395635,0.0,0.0,252.1694428522384,False
1767844849.6107316,15.557672500610352,0.9889299327231525,0.3201519218204548,0.0733088069481609,0.0,0.0,250.38808986657622,False
1767844849.6804302,15.627371072769165,0.9822010915564843,0.3022930919685729,0.07330880678765517,0.0,0.0,248.33031648467144,False
1767844849.7489843,15.695925235748291,0.9753527141601765,0.2858494822958704,0.07330880664717285,0.0,0.0,246.4548092059013,False
1767844849.815709,15.76265001296997,0.9686668072578929,0.27110032856084804,0.07330880652961387,0.0,0.0,244.77877292435596,False
1767844849.8869102,15.833851099014282,0.9590950849898621,0.2517546333855572,0.07330880638337844,0.0,0.0,242.57685417830302,False
1767844849.9719954,15.918936252593994,0.9458522159735365,0.22767207192969885,0.0733088062114601,0.0,0.0,239.81793055645417,False
1767844850.03072,15.977660894393921,0.9379043873816957,0.21441875031686528,0.07330880612560414,0.0,0.0,238.2824943130414,False
1767844850.0967011,16.043642044067383,0.927987731255364,0.19892847601527974,0.07330880603522337,0.0,0.0,236.46620278439838,False
1767844850.1579955,16.104936361312866,0.9158198447982271,0.18128030358924263,0.07330880594351928,0.0,0.0,234.36621887158952,True
1767844850.225297,16.172237873077393,0.9010864215663268,0.1616078610285777,0.07330880585298505,0.0,0.0,231.97414734297962,False
1767844850.3078876,16.254828453063965,0.8888940950014601,0.14653334539298757,0.07330880581184943,0.0,0.0,230.09465625334576,False
1767844850.3743386,16.321279525756836,0.8724348870323089,0.12767594927079354,0.07330880579772206,0.0,0.0,227.67608237334994,False
1767844850.4331071,16.380048036575317,0.8571184421573046,0.1114785214838855,0.07330880579141298,0.0,0.0,225.52711132924762,False
1767844850.4938962,16.440837144851685,0.8412230626638152,0.09588273114294747,0.07330880581984191,0.0,0.0,223.3834592921257,False
1767844850.5597055,16.506646394729614,0.8269805718885116,0.08285192708271426,0.07330880586823461,0.0,0.0,221.52959895810395,False
1767844850.6252992,16.572240114212036,0.8124678148962086,0.07040708295013749,0.07330880591544683,0.0,0.0,219.69802546239134,False
1767844850.694308,16.64124894142151,0.7935754288930297,0.055358081980546404,0.07330880606861231,0.0,0.0,217.37040802139555,False
1767844850.7579923,16.704933166503906,0.776995704231697,0.04315809928930723,0.07330880625060233,0.0,0.0,215.31065739969034,False
1767844850.823996,16.770936965942383,0.7627063981751683,0.03336769384501659,0.07330880639637677,0.0,0.0,213.51404119303498,False
1767844850.8898687,16.836809635162354,0.7486472070193234,0.024368179660137275,0.07330880654253702,0.0,0.0,211.7243213640593,False
1767844850.9497893,16.896730184555054,0.7329694954043962,0.01505266817383052,0.07330880670937649,0.0,0.0,209.70002766718298,False
1767844851.012454,16.959394931793213,0.7177349611436474,0.006709939814986959,0.0733088068597116,0.0,0.0,207.6999437570564,False
1767844851.0812175,17.02815842628479,0.7047774468280739,0.00015347860732785,0.07330880698070501,0.0,0.0,205.96961280089715,False
1767844851.1442199,17.091160774230957,0.6921901703551789,-0.005747922693143003,0.07330880709446067,0.0,0.0,204.25951221771476,False
1767844851.2088418,17.15578269958496,0.6782670426646551,-0.011744339234432242,0.07330880721233418,0.0,0.0,202.33023243844377,False
1767844851.293312,17.24025297164917,0.6599057494778329,-0.018805636134736445,0.07330880734365786,0.0,0.0,199.72579290599452,False
1767844851.3710475,17.317988395690918,0.6469926701955858,-0.02320431486446894,0.07330880741442793,0.0,0.0,197.894308475369,False
1767844851.4329872,17.37992811203003,0.6359682661597561,-0.026599532308102473,0.07330880747033748,0.0,0.0,196.3398525134142,False
1767844851.4991052,17.446046113967896,0.6221529280934179,-0.030397891673947422,0.0733088075318297,0.0,0.0,194.40647098707768,False
1767844851.5647337,17.511674642562866,0.6101746834343648,-0.033290704958694885,0.07330880757857557,0.0,0.0,192.74935739814666,False
1767844851.6241863,17.57112717628479,0.601368491933234,-0.03518601264214902,0.07330880761031437,0.0,0.0,191.54397752388905,False
1767844851.710758,17.6576988697052,0.5870060118118454,-0.03786674862088636,0.07330880765507139,0.0,0.0,189.6054139529439,False
1767844851.768859,17.715799808502197,0.5757591734282721,-0.039619829501476314,0.07330880768466241,0.0,0.0,188.11743623792165,False
1767844851.8342683,17.781209230422974,0.5647097787671985,-0.041054676535015315,0.07330880771075479,0.0,0.0,186.6844942477284,False
1767844851.9027917,17.849732637405396,0.555188768102,-0.04206847715872558,0.07330880772972592,0.0,0.0,185.4752247686994,False
1767844851.9638348,17.910775661468506,0.5457828506071615,-0.04287305173998017,0.07330880774571043,0.0,0.0,184.30719657561053,False
1767844852.022165,17.9691059589386,0.5351605315997529,-0.04355284768515498,0.07330880776154627,0.0,0.0,183.02212815204882,False
1767844852.1079347,18.05487561225891,0.5220474260414233,-0.04406822675557247,0.07330880777652746,0.0,0.0,181.48944381388148,False
1767844852.1664848,18.113425731658936,0.514245603698555,-0.04421083204072716,0.0733088077831163,0.0,0.0,180.60874143189463,False
1767844852.2260535,18.172994375228882,0.5051949453867061,-0.04422828195600395,0.07330880778942098,0.0,0.0,179.61763804754892,False
1767844852.2917898,18.238730669021606,0.493624458031181,-0.044027159756356765,0.07330880779489139,0.0,0.0,178.40016837464577,False
1767844852.35333,18.300270795822144,0.48465906832880484,-0.04370555796700529,0.07330880779715779,0.0,0.0,177.49692308114294,False
1767844852.4129012,18.35984206199646,0.4769902406067852,-0.04332011023145673,0.07330880779814149,0.0,0.0,176.75272464521987,False
1767844852.482632,18.429572820663452,0.46677864337257885,-0.04265508180559714,0.0733088077981463,0.0,0.0,175.80298192375858,False
1767844852.5445714,18.491512298583984,0.4552957731878104,-0.04170946150349601,0.073308807796462,0.0,0.0,174.79176556830234,False
1767844852.6046362,18.55157709121704,0.4463586571899321,-0.04083570164318011,0.07330880779398152,0.0,0.0,174.04653291830067,False
1767844852.676699,18.623639822006226,0.4374085266761518,-0.039845801342543945,0.0733088077906536,0.0,0.0,173.33688017623356,False
1767844852.7362788,18.68321967124939,0.4284423473036045,-0.03874433692283127,0.0733088077869628,0.0,0.0,172.66215308664226,False
1767844852.801905,18.74884581565857,0.4168825519342315,-0.03717083266362291,0.0733088077809048,0.0,0.0,171.84509986157423,False
1767844852.867725,18.81466579437256,0.40656682162921853,-0.035629412842864416,0.07330880777433536,0.0,0.0,171.16575823673165,False
1767844852.9333005,18.88024139404297,0.39729614035184024,-0.034138737513056114,0.07330880772107931,0.0,0.0,170.5617884016079,False
1767844852.9995508,18.946491718292236,0.387643205220239,-0.032478077998122135,0.07330880766934646,0.0,0.0,169.91226129940046,False
1767844853.0661435,19.013084411621094,0.37470664610157495,-0.030072088741321043,0.07330880760353914,0.0,0.0,169.01118617045714,False
1767844853.1269157,19.073856592178345,0.3627545903776541,-0.027658265282776123,0.07330880754788156,0.0,0.0,168.1490369325698,False
1767844853.1920893,19.13903021812439,0.3519798026430731,-0.025318874653939415,0.07330880750026265,0.0,0.0,167.34824116432196,False
1767844853.2587476,19.2056884765625,0.3409332148850918,-0.022753960656477754,0.07330880745388786,0.0,0.0,166.50472698049094,False
1767844853.3215168,19.268457651138306,0.3280111033126358,-0.019531920022558494,0.07330880740433399,0.0,0.0,165.48925786722074,False
1767844853.381751,19.328691959381104,0.3148116758693902,-0.01598446900688598,0.07330880735704907,0.0,0.0,164.41985852538036,False
1767844853.4478943,19.394835233688354,0.30306170310499103,-0.012600101735085906,0.07330880731752895,0.0,0.0,163.4405374207277,False
1767844853.5168865,19.46382737159729,0.2911467525507084,-0.0089419765083926,0.07330880727889787,0.0,0.0,162.42098190444406,False
1767844853.5852816,19.532222509384155,0.27561610440277556,-0.003817482036167395,0.07330880723169544,0.0,0.0,161.05150871413636,False
1767844853.6516702,19.5986111164093,0.25989509856015724,0.0017999040429437219,0.07330880718791673,0.0,0.0,159.6171224984713,False
1767844853.71609,19.663030862808228,0.24756549008041712,0.0065231781803481974,0.07330880715455705,0.0,0.0,158.45729117990734,False
1767844853.773946,19.720886945724487,0.23693985848257165,0.010827795359607284,0.07330880712723407,0.0,0.0,157.43274611713596,False
1767844853.8506105,19.79755139350891,0.22093864516516104,0.017738393388284642,0.07330880708944262,0.0,0.0,155.84403500484214,False
1767844853.9149604,19.86190128326416,0.2048878133904474,0.025215641351681802,0.07330880704814169,0.0,0.0,154.1935852916462,False
1767844853.9987576,19.945698499679565,0.18881658075498023,0.03328432357289812,0.07330880701037287,0.0,0.0,152.48193939423268,False
1767844854.068869,20.015810012817383,0.17634083609446036,0.03997450978320715,0.07330880698399393,0.0,0.0,151.10901882214932,False
1767844854.1286163,20.075557231903076,0.16213090335098027,0.04807816645952119,0.07330880695113329,0.0,0.0,149.4958730939079,False
1767844854.1861007,20.133041620254517,0.14800200368610486,0.05667933567960418,0.07330880692210529,0.0,0.0,147.8362676214991,False
1767844854.2499313,20.196872234344482,0.13574035386657074,0.0646137884219354,0.07330880689973732,0.0,0.0,146.34655522068078,False
1767844854.3178475,20.264788389205933,0.12359167103336137,0.07293653980257354,0.07330880687318013,0.0,0.0,144.82205689601543,False
1767844854.4001646,20.347105503082275,0.10644745991429769,0.08552719175529581,0.07330880683719863,0.0,0.0,142.58393621715715,False
1767844854.465196,20.412136793136597,0.09129784503988234,0.0975561476915781,0.07330880681031121,0.0,0.0,140.50998091482205,False
1767844854.5289683,20.47590923309326,0.07972276112267707,0.10737755957226174,0.07330880678202259,0.0,0.0,138.85809558393186,False
1767844854.596779,20.54372000694275,0.06833715700364346,0.11762317793653355,0.07330880675587935,0.0,0.0,137.17218910287485,False
1767844854.6614988,20.608439683914185,0.05560147519329303,0.12984029067578892,0.07330880673035767,0.0,0.0,135.20435941245523,False
1767844854.7299197,20.676860570907593,0.041665528421657494,0.14423416484881596,0.07330880669591062,0.0,0.0,132.93863669640385,False
1767844854.793993,20.740933895111084,0.03113304381250399,0.15591518529614565,0.07330880667135678,0.0,0.0,131.13857184721442,False
1767844854.8650386,20.81197953224182,0.020907250436771205,0.16800552595659915,0.07330880665066876,0.0,0.0,129.30587367837006,False
1767844854.9287777,20.875718593597412,0.009626157357956062,0.1823202584362812,0.07330880662313408,0.0,0.0,127.17168691432599,False
1767844854.9936247,20.940565586090088,-0.002506027142130884,0.1990501077548807,0.07330880659745279,0.0,0.0,124.72051577232753,False
1767844855.0865588,21.033499717712402,-0.01520810030684772,0.2183636796314822,0.07330880657451058,0.0,0.0,121.93568886459485,False
1767844855.1587763,21.105717182159424,-0.024743864312062224,0.2343595884117495,0.0733088065503856,0.0,0.0,119.66165843476409,False
1767844855.2163568,21.163297653198242,-0.033684625037977256,0.25082187299461567,0.07330880653178198,0.0,0.0,117.3469632023701,False
1767844855.304128,21.251068830490112,-0.04492687453230585,0.2741529992798697,0.07330880650759766,0.0,0.0,114.09915726850367,False
1767844855.3635633,21.31050419807434,-0.05052297422257765,0.28721020190339697,0.07330880649434904,0.0,0.0,112.2967516196982,False
1767844855.4476125,21.394553422927856,-0.05816242560694683,0.30718665973774567,0.0733088064803423,0.0,0.0,109.55306948003349,False
1767844855.5088394,21.455780267715454,-0.06484997417488475,0.327573989243868,0.07330880646904706,0.0,0.0,106.7624376110032,True
1767844855.5725203,21.519461154937744,-0.06996111825015189,0.34599694424548694,0.07330880646297792,0.0,0.0,104.24403510865245,False
1767844855.6321309,21.579071760177612,-0.07326032876199423,0.35996484222398084,0.07330880646173041,0.0,0.0,102.33223261532382,False
1767844855.6987727,21.645713567733765,-0.07649797176846189,0.3762994275708201,0.07330880653765703,0.0,0.0,100.07813919881293,False
1767844855.761998,21.70893883705139,-0.07928501124850494,0.39432100414181026,0.07330880671374254,0.0,0.0,97.47822018188593,False
1767844855.826461,21.773401975631714,-0.0813204086744946,0.41362736866179706,0.07330880689349203,0.0,0.0,94.5247502926598,False
1767844855.8982756,21.845216512680054,-0.08223379068532755,0.42988136791041404,0.07330880705853332,0.0,0.0,91.88185283643269,False
1767844855.9754546,21.92239546775818,-0.0823887076999854,0.4451055551897129,0.07330880722259414,0.0,0.0,89.2584138343488,False
1767844856.0399206,21.98686146736145,-0.08188596031822067,0.4592998081651077,0.07330880736773716,0.0,0.0,86.65853092353781,False
1767844856.108698,22.055638790130615,-0.08063060816315226,0.4742855125591376,0.0733088074440295,0.0,0.0,83.74388667443701,False
1767844856.1719716,22.1189124584198,-0.07915958626473711,0.48561729329218445,0.07330880747665973,0.0,0.0,81.45256288259367,False
1767844856.2295983,22.176539182662964,-0.07756525447816494,0.49510948614887884,0.07330880750394295,0.0,0.0,79.4704873980388,False
1767844856.306251,22.25319194793701,-0.07422108254471069,0.5105812593286105,0.07330880750788635,0.0,0.0,76.12866250119114,False
1767844856.3738632,22.320804119110107,-0.0704044010241907,0.5244406973934597,0.07330880749135898,0.0,0.0,73.07572297906273,False
1767844856.442208,22.389148950576782,-0.0668977385432241,0.5351532270579025,0.07330880748041768,0.0,0.0,70.67173156976169,False
1767844856.5112724,22.458213329315186,-0.0629014557197648,0.5458167226065466,0.07330880745292476,0.0,0.0,68.24365206511132,False
1767844856.5686755,22.515616416931152,-0.058373030558455746,0.5564939998830042,0.07330880742109762,0.0,0.0,65.7947270008748,False
1767844856.6308928,22.577833652496338,-0.05175934150862628,0.5701768101121423,0.0733088073832693,0.0,0.0,62.6160532039331,False
1767844856.6927629,22.63970375061035,-0.04598726760578836,0.5807485380033259,0.07330880734307985,0.0,0.0,60.12173265328115,False
1767844856.7725933,22.719534158706665,-0.03863225489536658,0.5928372919797391,0.07330880728181556,0.0,0.0,57.25573534800882,False
1767844856.8308032,22.77774405479431,-0.0315196666681848,0.6033788813990869,0.07330880723068944,0.0,0.0,54.73575600264491,False
1767844856.8955524,22.842493295669556,-0.021441213497809315,0.6168026358163688,0.07330880716273314,0.0,0.0,51.479913563046054,False
1767844856.972096,22.919036865234375,-0.010290777058346912,0.6300152120581078,0.0733088070949207,0.0,0.0,48.20901104647532,False
1767844857.0324597,22.979400634765625,-0.0022697147177855124,0.6386505867481155,0.07330880705239515,0.0,0.0,46.02031298322284,False
1767844857.0947626,23.041703462600708,0.007668622971668295,0.6484979295431113,0.0733088070056301,0.0,0.0,43.458759422203265,False
1767844857.1536481,23.10058903694153,0.019770163954155616,0.6593889547251403,0.07330880695605853,0.0,0.0,40.52076588019863,False
1767844857.2153459,23.16228675842285,0.03263386600347774,0.6698218571506891,0.07330880691070317,0.0,0.0,37.57173111253439,False
1767844857.289892,23.236832857131958,0.04622220663780528,0.6797267259583791,0.0733088068695957,0.0,0.0,34.61182248501603,False
1767844857.3551743,23.302115201950073,0.05867311210168736,0.6879088029876683,0.07330880683709688,0.0,0.0,32.01311211171862,False
1767844857.4160254,23.362966299057007,0.07350197709497558,0.6966511209345226,0.07330880680386553,0.0,0.0,29.03325729707969,False
1767844857.486229,23.433169841766357,0.09088786594786108,0.7056435005452333,0.07330880677134506,0.0,0.0,25.668489276920248,False
1767844857.569361,23.51630187034607,0.10894413948696041,0.7136744640837434,0.07330880674379149,0.0,0.0,22.290774624856805,False
1767844857.64984,23.596781015396118,0.12758903673718613,0.7206806170534917,0.07330880672097323,0.0,0.0,18.900333910304987,False
1767844857.7100208,23.656961679458618,0.14673707042147707,0.7266072995569924,0.07330880670262688,0.0,0.0,15.49738394487986,False
1767844857.7686985,23.715639352798462,0.1619213626069947,0.730440946060569,0.07330880669126665,0.0,0.0,12.842133268173356,False
1767844857.827973,23.774913787841797,0.17510406106825324,0.7331712474724085,0.07330880668343819,0.0,0.0,10.560358705357762,False
1767844857.9107451,23.857686042785645,0.19513957651294678,0.7362882758894633,0.07330880665758843,0.0,0.0,7.129290796890068,False
1767844857.989771,23.93671178817749,0.2201022497240826,0.7384836827620133,0.0733088066166867,0.0,0.0,2.93042139506823,False
1767844858.0678794,24.014820337295532,0.24080849025627515,0.73892059878997,0.0733088065881278,0.0,0.0,359.49131223098067,False
1767844858.1351573,24.082098245620728,0.257017855641403,0.7384006235594424,0.07330880656878845,0.0,0.0,356.8448245604939,False
1767844858.1957138,24.14265465736389,0.27327855132941553,0.7371328031168612,0.07330880654818606,0.0,0.0,354.2494774364945,False
1767844858.272099,24.219039916992188,0.2965429538182608,0.7340403513858574,0.07330880651636254,0.0,0.0,350.6292077791305,False
1767844858.3387306,24.28567147254944,0.315119374580765,0.7305008200606555,0.07330880649597828,0.0,0.0,347.80949402390394,False
1767844858.4050066,24.35194754600525,0.33130680745500035,0.7266441883097327,0.07330880647554544,0.0,0.0,345.39980543940226,False
1767844858.476094,24.42303490638733,0.3497070561256062,0.7213847009133839,0.0733088064493421,0.0,0.0,342.7107036476619,False
1767844858.542711,24.489651918411255,0.37252366443498525,0.713557931470091,0.0733088064122355,0.0,0.0,339.4450342125957,False
1767844858.605516,24.552456855773926,0.3883531851669132,0.7072674528572044,0.07330880638336182,0.0,0.0,337.22134018195925,False
1767844858.6758006,24.62274146080017,0.40405064841914407,0.7003208720259534,0.07330880635210256,0.0,0.0,335.0481533352126,False
1767844858.739005,24.685945987701416,0.4218132660427365,0.6915919731967183,0.07330880631347687,0.0,0.0,332.62549699763633,False
1767844858.8046255,24.751566410064697,0.4415497579715431,0.6807829296950705,0.0733088062663739,0.0,0.0,329.97658719162484,False
1767844858.8706827,24.817623615264893,0.45670595351437854,0.6716648582819469,0.07330880622711679,0.0,0.0,327.97153165886056,False
1767844858.9275782,24.874519109725952,0.4695531366289278,0.66336229610896,0.07330880619168127,0.0,0.0,326.29082598219225,False
1767844859.0130367,24.959977626800537,0.49065292746839895,0.6485427168304925,0.073308806129056,0.0,0.0,323.5662912543774,False
1767844859.0835812,25.030522108078003,0.5113396338517495,0.6325196862082736,0.07330880606213148,0.0,0.0,320.9359870642247,False
1767844859.1548858,25.101826667785645,0.5275748641636263,0.6188533443315688,0.07330880600563253,0.0,0.0,318.89839101185623,False
1767844859.2212746,25.16821551322937,0.5415414110686719,0.6062891395776547,0.07330880595413457,0.0,0.0,317.16332399596223,False
1767844859.2878428,25.23478364944458,0.5572196179533484,0.5912501268128131,0.07330880589303226,0.0,0.0,315.2342582696767,False
1767844859.3547084,25.30164933204651,0.5744834768739329,0.5734815732863949,0.0733088058215785,0.0,0.0,313.13170026878174,False
1767844859.435393,25.382333993911743,0.5913378066649032,0.554833394657906,0.0733088057474337,0.0,0.0,311.0995869184722,False
1767844859.4946973,25.441638231277466,0.6023215509997315,0.5419452037962386,0.0733088057251606,0.0,0.0,309.7838565791338,False
1767844859.552646,25.499586820602417,0.6147716294602744,0.5265890004477679,0.07330880572418418,0.0,0.0,308.29053383271736,False
1767844859.615691,25.562631845474243,0.6302077873344066,0.5063679190026116,0.07330880571594756,0.0,0.0,306.4360399376161,False
1767844859.7045128,25.651453733444214,0.6465835223766154,0.4833615762863704,0.07330880577338009,0.0,0.0,304.46186282172414,False
1767844859.7725663,25.719507217407227,0.6573603301544116,0.4672624735413481,0.07330880587276513,0.0,0.0,303.13899871292966,False
1767844859.8361073,25.783048152923584,0.6689924371309689,0.44894047565066814,0.07330880597050785,0.0,0.0,301.68721228975164,False
1767844859.8997805,25.846721410751343,0.6812492184350607,0.42846530143685085,0.07330880610269394,0.0,0.0,300.1285347339323,False
1767844859.9698606,25.91680145263672,0.691368157826436,0.4105548955397962,0.07330880622691165,0.0,0.0,298.8055706864187,False
1767844860.0308146,25.977755546569824,0.6985149386581747,0.3972970253534916,0.07330880630884261,0.0,0.0,297.8512248397237,False
1767844860.0921032,26.03904414176941,0.7064020067028878,0.38202490399632133,0.07330880641045473,0.0,0.0,296.7778394747077,False
1767844860.1559124,26.102853298187256,0.7158337398888698,0.3627859389392418,0.0733088065372422,0.0,0.0,295.45776959431373,False
1767844860.219986,26.166926860809326,0.7236084983362273,0.34603448749982013,0.07330880663443562,0.0,0.0,294.3400096009459,False
1767844860.2894702,26.236411094665527,0.7299838508469806,0.33162784627850883,0.07330880671520745,0.0,0.0,293.4041725289793,False
1767844860.3536112,26.300552129745483,0.7359682201753791,0.3174980300108931,0.07330880679965432,0.0,0.0,292.50598046117307,False
1767844860.435169,26.382109880447388,0.7446465860691983,0.2958380596242922,0.07330880691404452,0.0,0.0,291.16873102942276,False
1767844860.5012295,26.44817042350769,0.7504537730254158,0.2804768848357144,0.07330880699265677,0.0,0.0,290.2519903553968,False
1767844860.558763,26.505703926086426,0.7545435301232639,0.26919269624024,0.073308807050195,0.0,0.0,289.5940893426358,False
1767844860.6248236,26.57176446914673,0.7590493710994279,0.2562716905389598,0.07330880711077749,0.0,0.0,288.85813140236274,False
1767844860.6942246,26.641165494918823,0.7644519387877223,0.2400381780718332,0.073308807191803,0.0,0.0,287.96081217557236,False
1767844860.7560484,26.70298933982849,0.7688849828056268,0.22604869861441712,0.07330880726687597,0.0,0.0,287.2067800757401,False
1767844860.8232374,26.77017831802368,0.7725018959931745,0.2141382721577113,0.07330880732566017,0.0,0.0,286.57987919396567,False
1767844860.8899608,26.836901664733887,0.775898001799773,0.20250927371786198,0.07330880737329795,0.0,0.0,285.97902299862653,True
1767844860.9535644,26.900505304336548,0.7795507127211594,0.18944901868547856,0.07330880741083834,0.0,0.0,285.26103157961523,False
1767844861.0111015,26.95804238319397,0.7829652472853238,0.17660038359174549,0.07330880744665924,0.0,0.0,284.4931899123029,False
1767844861.0737634,27.02070426940918,0.785755149434545,0.16552698803897406,0.07330880747669127,0.0,0.0,283.7810299898572,False
1767844861.1408255,27.087766408920288,0.7883510747979017,0.15463967801842582,0.07330880751416219,0.0,0.0,283.03233980048515,False
1767844861.2163906,27.163331508636475,0.79139544606222,0.1409436990118613,0.07330880755953831,0.0,0.0,282.0174528361771,False
1767844861.2822483,27.229189157485962,0.794110815696853,0.1275833786171046,0.07330880760440568,0.0,0.0,280.94472202952073,False
1767844861.3503158,27.29725670814514,0.796242240187077,0.11602755846181227,0.07330880764748803,0.0,0.0,279.94417992300737,False
1767844861.4109387,27.357879638671875,0.7976670609120822,0.10756594666930502,0.07330880767824056,0.0,0.0,279.1653501247616,False
1767844861.475261,27.42220187187195,0.7991440077677338,0.09791472539608273,0.07330880771361377,0.0,0.0,278.2263478726173,False
1767844861.5380383,27.484979152679443,0.8007489812370119,0.08589864612225419,0.07330880776249935,0.0,0.0,276.9724596277178,False
1767844861.603155,27.550095796585083,0.8019041555519041,0.07560077496123133,0.07330880780327015,0.0,0.0,275.8148273295801,False
1767844861.6707835,27.617724418640137,0.8027124015133869,0.06688370799169249,0.07330880783786235,0.0,0.0,274.7691727304374,False
1767844861.734195,27.681135892868042,0.8033360457239157,0.05846635048488621,0.07330880787438797,0.0,0.0,273.69399743754593,False
1767844861.8112752,27.75821614265442,0.803920658650961,0.046978225271047454,0.07330880792307046,0.0,0.0,272.1080677174817,False
1767844861.880908,27.8278489112854,0.8041435392827372,0.03823870818165724,0.07330880795975248,0.0,0.0,270.7976748314,False
1767844861.9486582,27.895599126815796,0.804171081515501,0.030937636188147405,0.07330880799221468,0.0,0.0,269.62139886837747,False
1767844862.008779,27.95571994781494,0.8040526306867269,0.02396710770009657,0.07330880802271103,0.0,0.0,268.4179107870784,False
1767844862.0751455,28.02208638191223,0.8037026642804598,0.015488249799287425,0.07330880806032601,0.0,0.0,266.8311924032992,False
1767844862.1421173,28.08905816078186,0.8032264901689128,0.008468305862444332,0.07330880809696802,0.0,0.0,265.38531433097563,False
1767844862.2196436,28.166584491729736,0.8026183283115816,0.0019641794237429963,0.073308808130392,0.0,0.0,263.90723056319393,False
1767844862.2842233,28.23116421699524,0.801899796123236,-0.004030781417660711,0.07330880816082436,0.0,0.0,262.40117450630845,False
1767844862.3447852,28.291726112365723,0.8010953714763283,-0.009524362819957412,0.07330880818800739,0.0,0.0,260.9247057263036,False
1767844862.4079697,28.354910612106323,0.8003414970568914,-0.013936247736598012,0.07330880820894689,0.0,0.0,259.67192893900443,False
1767844862.4760282,28.422969102859497,0.7995575453945588,-0.01799531003082612,0.07330880822769538,0.0,0.0,258.45516494670346,False
1767844862.5401459,28.4870867729187,0.7986468308668909,-0.022203690854240312,0.07330880824739966,0.0,0.0,257.10790465073876,False
1767844862.604733,28.551673889160156,0.7976289068033336,-0.02640725213639354,0.07330880826624171,0.0,0.0,255.6465597592254,False
1767844862.6677701,28.614711046218872,0.7968573223504496,-0.02930795449637585,0.07330880827871666,0.0,0.0,254.54912111474292,False
1767844862.7377744,28.684715270996094,0.7961164426744246,-0.03189587477952571,0.07330880828988733,0.0,0.0,253.4853063537157,False
1767844862.7961724,28.74311327934265,0.7954169014668573,-0.03418078685322841,0.07330880829940604,0.0,0.0,252.45456038350403,False
1767844862.8624077,28.809348583221436,0.7945913971822943,-0.036696017955378024,0.0733088083094881,0.0,0.0,251.1772005761042,False
1767844862.9296558,28.876596689224243,0.7939386080511847,-0.038554301543686165,0.07330880831663819,0.0,0.0,250.0863089493995,False
1767844862.9887178,28.9356586933136,0.7935047310696101,-0.03972713893674713,0.07330880832100245,0.0,0.0,249.29524986641633,False
1767844863.074115,29.021055936813354,0.792897179457502,-0.04128445161220685,0.0733088083265902,0.0,0.0,248.02767297846472,False
1767844863.1389713,29.085912227630615,0.7924799934340861,-0.04229216020109863,0.07330880832994255,0.0,0.0,246.94039947848253,False
1767844863.2020526,29.148993492126465,0.7922435328370458,-0.0428374532984652,0.07330880833169455,0.0,0.0,246.12926788834707,False
1767844863.2707758,29.217716693878174,0.7920868327868447,-0.04318565452052941,0.0733088083327841,0.0,0.0,245.3479070506043,False
1767844863.3308394,29.277780294418335,0.7920100454358057,-0.04335058515625391,0.07330880833327466,0.0,0.0,244.59595520674782,False
1767844863.403607,29.350547790527344,0.7920392157656851,-0.04329182799385322,0.07330880833314556,0.0,0.0,243.5720242305997,False
1767844863.4655201,29.412461042404175,0.792157919492911,-0.043056917931863996,0.07330880833255106,0.0,0.0,242.88993913512695,False
1767844863.5245469,29.471487760543823,0.7923206500475236,-0.042743070994382355,0.0733088083318622,0.0,0.0,242.32782622715752,False
1767844863.585984,29.53292489051819,0.7925777171596572,-0.04225965276395618,0.07330880833083142,0.0,0.0,241.69812066582355,False
1767844863.6490715,29.596012353897095,0.7930137096932487,-0.0414634829590292,0.07330880832920492,0.0,0.0,240.92921516822972,False
1767844863.712799,29.65973997116089,0.7934964402926445,-0.040606932205973605,0.07330880832768524,0.0,0.0,240.28367171248215,False
1767844863.772936,29.719877004623413,0.7939120111299947,-0.039885746999412094,0.07330880832649342,0.0,0.0,239.8226761350631,False
1767844863.8366354,29.783576250076294,0.794453401760759,-0.03896444494611633,0.07330880832503313,0.0,0.0,239.30960914968654,False
1767844863.9040089,29.85094976425171,0.7952332984878,-0.03766694913501839,0.07330880832328876,0.0,0.0,238.68864977336312,False
1767844863.9680548,29.914995670318604,0.7959958301292318,-0.03642625572052748,0.073308808321807,0.0,0.0,238.1728099440399,False
1767844864.0356247,29.9825656414032,0.796713903361782,-0.035279016941098466,0.07330880832051573,0.0,0.0,237.7489229400408,False
1767844864.0996926,30.04663348197937,0.7974760752921177,-0.034080513397395235,0.07330880831937775,0.0,0.0,237.35037843174626,False
1767844864.1604328,30.10737371444702,0.7983926711558076,-0.03266182623148913,0.07330880831822639,0.0,0.0,236.92575388464667,False
1767844864.2235126,30.170453548431396,0.799354339037758,-0.0311963832913301,0.073308808317132,0.0,0.0,236.5335839484968,False
1767844864.290688,30.237628936767578,0.8002292597064206,-0.029880888832253087,0.0733088083163714,0.0,0.0,236.21669016446242,False
1767844864.3513632,30.298304080963135,0.801126821723108,-0.028546783424765992,0.07330880831584088,0.0,0.0,235.92407756929396,False
1767844864.4165099,30.36345076560974,0.8023091433497437,-0.026810320490496455,0.07330880831524728,0.0,0.0,235.58304907616957,False
1767844864.4919336,30.43887448310852,0.8035183077814007,-0.025055664725653733,0.07330880831487578,0.0,0.0,235.2810182168299,False
1767844864.5520983,30.49903917312622,0.8043326763991056,-0.02388439126806941,0.07330880831483107,0.0,0.0,235.10119108227772,False
1767844864.6150463,30.561987161636353,0.8052877081878939,-0.022520202383404745,0.07330880831483165,0.0,0.0,234.9129163807886,False
1767844864.6834507,30.630391597747803,0.806519828150951,-0.02077319460230453,0.07330880831498826,0.0,0.0,234.70444511853927,False
1767844864.7440639,30.691004753112793,0.8076116331119282,-0.01923544552833481,0.07330880831531782,0.0,0.0,234.55046896076857,False
1767844864.8095913,30.756532192230225,0.8085611584716329,-0.01790458896991263,0.07330880831565308,0.0,0.0,234.43958020342126,False
1767844864.889848,30.83678889274597,0.8096367955808905,-0.01640285125247309,0.07330880831615949,0.0,0.0,234.3397108390542,False
1767844864.9490566,30.895997524261475,0.8106955830405602,-0.014929297989041627,0.07330880831681871,0.0,0.0,234.26815876954225,False
1767844865.0096362,30.95657706260681,0.8117342627545644,-0.013486791994083869,0.07330880831751203,0.0,0.0,234.2245119383736,False
1767844865.0739832,31.02092409133911,0.8126248249210278,-0.012251314779509654,0.07330880831815263,0.0,0.0,234.20887659290045,False
1767844865.1411145,31.08805537223816,0.8134957235922042,-0.011043352487427851,0.07330880831885646,0.0,0.0,234.21391167620737,False
1767844865.2052498,31.152190685272217,0.81446465621314,-0.009698558703904816,0.07330880831967523,0.0,0.0,234.24457588017293,False
1767844865.275422,31.222362995147705,0.8155188936251617,-0.008232805468715972,0.07330880832060813,0.0,0.0,234.3103518592141,False
1767844865.3477724,31.294713258743286,0.8164222883120448,-0.006973237414859825,0.07330880832144249,0.0,0.0,234.39618385789913,False
1767844865.4144585,31.36139941215515,0.8171854537430505,-0.005905594171265828,0.07330880832217265,0.0,0.0,234.49209348152104,False
1767844865.4792159,31.426156759262085,0.818024979210271,-0.004726179826393221,0.07330880832302786,0.0,0.0,234.62515134876472,False
1767844865.5521605,31.499101400375366,0.8190197658030184,-0.00332006755447349,0.07330880832415845,0.0,0.0,234.826385541026,False
1767844865.6197643,31.566705226898193,0.8196782109120391,-0.002382982946075155,0.07330880832493,0.0,0.0,234.99002051878395,False
1767844865.7030437,31.64998459815979,0.8204183985180689,-0.0013221482034808665,0.07330880832198702,0.0,0.0,235.1990027597135,False
1767844865.7869334,31.733874320983887,0.821729935553875,0.000574354656934733,0.07330880830046971,0.0,0.0,235.45006367151507,False
1767844865.8575692,31.80451011657715,0.8242148421327647,0.004206350032702197,0.07330880825983252,0.0,0.0,235.77443087581668,False
1767844865.9438825,31.890823364257812,0.8276358098344628,0.009269059350661472,0.07330880820439517,0.0,0.0,236.1176882858917,False
1767844866.0164027,31.963343620300293,0.830688871378047,0.013838452641562303,0.07330880815549587,0.0,0.0,236.37897046841852,False
1767844866.0944831,32.041424036026,0.8341988452010879,0.019144792637582057,0.07330880809999013,0.0,0.0,236.64988803611558,False
1767844866.16444,32.11138081550598,0.8381476163768585,0.02517730743249281,0.07330880803848328,0.0,0.0,236.9302949332777,False
1767844866.2374961,32.18443703651428,0.8448513104101542,0.03556067774089079,0.07330880793638674,0.0,0.0,237.36838371503836,True
1767844866.3166273,32.26356816291809,0.8504574539464086,0.04437452084316031,0.07330880785327229,0.0,0.0,237.71046289989278,False
1767844866.38918,32.33612084388733,0.8558296400804424,0.05292805673449702,0.07330880777556704,0.0,0.0,238.02407871269446,False
1767844866.459527,32.4064679145813,0.8615450892875717,0.06214123683264503,0.0733088076949734,0.0,0.0,238.34653662372045,False
1767844866.520084,32.46702480316162,0.8675814747484312,0.07199676525722178,0.07330880761216031,0.0,0.0,238.67770260211807,False
1767844866.5966861,32.5436270236969,0.8755438289203546,0.08519194605883511,0.07330880750650255,0.0,0.0,239.1037048933071,False
1767844866.6690695,32.616010427474976,0.8813710550029742,0.09498946575638839,0.07330880743171701,0.0,0.0,239.40974374639836,False
1767844866.7276816,32.674622535705566,0.8873897037197624,0.10523425207201496,0.07330880735668936,0.0,0.0,239.7221389238231,False
1767844866.784834,32.73177480697632,0.8944831224507088,0.1174735398476551,0.07330880727110063,0.0,0.0,240.08683703752195,False
1767844866.8514035,32.798344373703,0.9017843736180488,0.13026037337216012,0.07330880718614335,0.0,0.0,240.45960293047926,False
1767844866.9349432,32.88188409805298,0.9102192280157693,0.1452755059122004,0.07330880709186297,0.0,0.0,240.88845588000686,False
1767844866.996672,32.943612813949585,0.9169224576032982,0.1573978502693724,0.07330880701982007,0.0,0.0,241.22885073383884,False
1767844867.0627894,33.00973033905029,0.9256996841846726,0.17353153394610032,0.073308806929239,0.0,0.0,241.6751599685336,False
1767844867.129396,33.07633686065674,0.9336297510260039,0.18836940789952455,0.07330880685095646,0.0,0.0,242.07993301762468,False
1767844867.187719,33.13466000556946,0.9396438167833187,0.19979267370820053,0.07330880679377566,0.0,0.0,242.38841484859591,False
1767844867.2499335,33.196874380111694,0.9467201967870901,0.21342758077954177,0.0733088067288471,0.0,0.0,242.75355035126347,False
1767844867.3156438,33.2625846862793,0.9558939034955017,0.23142622967316043,0.07330880664835294,0.0,0.0,243.23118696852487,False
1767844867.3811328,33.32807374000549,0.9641003254443178,0.24784799229971077,0.07330880657975347,0.0,0.0,243.66335823549392,False
1767844867.4498756,33.39681649208069,0.9713067690339524,0.26252923300281517,0.07330880652208041,0.0,0.0,244.04729086418558,False
1767844867.5162816,33.46322250366211,0.9785255362047528,0.27748992500634023,0.07330880646664273,0.0,0.0,244.43654569024784,False
1767844867.5774608,33.52440166473389,0.9867767994243439,0.29491586089296534,0.0733088064060492,0.0,0.0,244.8878347278972,False
1767844867.6396263,33.58656716346741,0.9950145889594038,0.312676342941384,0.07330880634841035,0.0,0.0,245.34587897678244,False
1767844867.7062411,33.65318202972412,1.0021999817094218,0.32847903967509595,0.07330880630038894,0.0,0.0,245.75212854265754,False
1767844867.7778482,33.72478914260864,1.0103732712338847,0.3468256039985415,0.0733088062482348,0.0,0.0,246.2225640407549,False
1767844867.8605068,33.80744767189026,1.0215206558956562,0.37252550921193683,0.0733088061811836,0.0,0.0,246.8799489084283,False
1767844867.9210308,33.867971658706665,1.0285461011171866,0.38915072649670657,0.07330880614125548,0.0,0.0,247.30453235780232,False
1767844867.9808931,33.927834033966064,1.0345182489057692,0.40356047119516164,0.07330880610868185,0.0,0.0,247.67226993368425,False
1767844868.0446043,33.9915452003479,1.0414210206069754,0.42055048772346676,0.07330880607255473,0.0,0.0,248.10568462409674,False
1767844868.1100686,34.05700945854187,1.0501761619596952,0.442649370360159,0.07330880603637263,0.0,0.0,248.6699481090049,False
1767844868.1718917,34.1188325881958,1.0578262361734507,0.4624996048496906,0.07330880600804424,0.0,0.0,249.17828658349205,False
1767844868.237931,34.18487191200256,1.0644107876200213,0.4800203567206802,0.07330880598483835,0.0,0.0,249.62823515897793,False
1767844868.2962995,34.24324035644531,1.069965963827415,0.4951374200080051,0.07330880597486827,0.0,0.0,250.01785887408477,False
1767844868.3558633,34.30280423164368,1.0763208802019388,0.5128348542346872,0.07330880597267066,0.0,0.0,250.4780009098797,False
1767844868.4189816,34.36592245101929,1.0842845067116758,0.5356743318417617,0.07330880597028475,0.0,0.0,251.0784824698344,False
1767844868.489538,34.43647885322571,1.0911607446211709,0.5560464438901477,0.07330880597646797,0.0,0.0,251.62063310061234,False
1767844868.5560951,34.50303602218628,1.0970010251165483,0.5738734636971421,0.07330880599173373,0.0,0.0,252.10229355169162,False
1767844868.6175807,34.5645215511322,1.102672136359453,0.5916926625786054,0.07330880600624928,0.0,0.0,252.59083997024965,False
1767844868.6888137,34.63575458526611,1.1104755337538603,0.6171278484467433,0.07330880603376469,0.0,0.0,253.30069273419252,False
1767844868.7478912,34.69483208656311,1.1157152848083423,0.6348769594048042,0.07330880605925247,0.0,0.0,253.8065045473468,False
1767844868.826101,34.77304196357727,1.1214763343860306,0.6550999113954142,0.07330880608667385,0.0,0.0,254.3935963377757,False
1767844868.8952444,34.842185258865356,1.12699388601723,0.6752559419624193,0.07330880611806068,0.0,0.0,254.9902552474427,False
1767844868.9587748,34.90571570396423,1.1328956958107013,0.6978008981418802,0.07330880616008097,0.0,0.0,255.673563740529,False
1767844869.0206335,34.96757435798645,1.137261929069458,0.7152386806851412,0.07330880619065813,0.0,0.0,256.2138401268766,False
1767844869.094903,35.0418438911438,1.1414328297849587,0.7325941663061629,0.07330880622254039,0.0,0.0,256.76175075921117,False
1767844869.1591783,35.10611915588379,1.1459535885756846,0.7522985932400867,0.07330880626401846,0.0,0.0,257.39765730843976,False
1767844869.2179265,35.16486740112305,1.1502121943087589,0.7718622242415846,0.0733088063028127,0.0,0.0,258.0439207248909,False
1767844869.2875881,35.2345290184021,1.15421088268352,0.7912920873686303,0.07330880634066406,0.0,0.0,258.70039176314395,False
1767844869.3565354,35.303476333618164,1.157493528445893,0.8081652815412219,0.07330880637859333,0.0,0.0,259.28331252143624,False
1767844869.4160886,35.36302947998047,1.1605739959926524,0.8249126587156996,0.07330880641445006,0.0,0.0,259.8741958838745,False
1767844869.5148542,35.46179509162903,1.16576484395364,0.8556993021243812,0.073308806475952,0.0,0.0,260.99231640880686,False
1767844869.582208,35.52914881706238,1.1682877180830658,0.8721766500187828,0.07330880647332218,0.0,0.0,261.59240900889904,False
1767844869.6509476,35.597888469696045,1.1706510475909104,0.888737963058136,0.07330880645916682,0.0,0.0,262.15888024513555,False
1767844869.7149222,35.66186308860779,1.1731668948060785,0.9077589773216589,0.07330880644817987,0.0,0.0,262.764198576577,False
1767844869.7793188,35.72625970840454,1.1757730693653203,0.9292397354513054,0.07330880643854372,0.0,0.0,263.3907979252982,False
1767844869.8417003,35.78864121437073,1.1776482294622777,0.9460039075311275,0.07330880643073498,0.0,0.0,263.83887566837006,False
1767844869.9095197,35.85646057128906,1.1793997373759637,0.962805455185767,0.07330880642888123,0.0,0.0,264.2525500337683,False
1767844869.9689286,35.91586947441101,1.1810351530207197,0.9796197270076178,0.07330880642848159,0.0,0.0,264.6311053386745,False
1767844870.0329745,35.979915380477905,1.1829839558491002,1.0012581588817178,0.07330880642689477,0.0,0.0,265.0669135069743,False
1767844870.100387,36.04732799530029,1.184586295424604,1.0205026435642734,0.0733088064306661,0.0,0.0,265.4064220996105,False
1767844870.1589417,36.10588264465332,1.1857158721438124,1.0349218848826172,0.0733088064350738,0.0,0.0,265.63084490535164,False
1767844870.2232437,36.17018461227417,1.186965453403836,1.0517306007762437,0.07330880643921517,0.0,0.0,265.8602950326917,False
1767844870.289623,36.23656392097473,1.1884799039862848,1.0733182921997444,0.07330880644783949,0.0,0.0,266.10444243625795,False
1767844870.351578,36.298518896102905,1.1897536259934582,1.0924556857719807,0.07330880645858442,0.0,0.0,266.272481851016,False
1767844870.4197748,36.36671566963196,1.1908251793672109,1.109162173810568,0.07330880646659321,0.0,0.0,266.3820436189541,False
1767844870.490694,36.43763494491577,1.1920146738933677,1.1282127676069993,0.073308806478141,0.0,0.0,266.46483741447327,False
1767844870.5502894,36.49723029136658,1.1931796466117572,1.1471885524896375,0.0733088064935521,0.0,0.0,266.5013360389428,False
1767844870.6146953,36.561636209487915,1.1943356313411033,1.1660906513367733,0.07330880650704796,0.0,0.0,266.4918848868002,False
1767844870.6861088,36.633049726486206,1.1953501770316755,1.1825466621710885,0.07330880655036447,0.0,0.0,266.4467821208338,False
1767844870.7498605,36.69680142402649,1.196355853210692,1.1985837245941369,0.07330880665890653,0.0,0.0,266.3715322487301,False
1767844870.8124342,36.75937509536743,1.1974979252739244,1.2163135229073312,0.07330880677165433,0.0,0.0,266.25039354673515,False
1767844870.8821552,36.82909607887268,1.1987874523992443,1.2355488256212734,0.0733088068802257,0.0,0.0,266.0711482598886,False
1767844870.9476187,36.89455962181091,1.1998058008341288,1.2500906166098784,0.07330880694391655,0.0,0.0,265.91517147239585,False
1767844871.0062094,36.953150272369385,1.200692598013336,1.2622993697053893,0.0733088069949846,0.0,0.0,265.77445991333616,False
1767844871.0717926,37.018733501434326,1.201896697114774,1.2782278609986868,0.07330880705869411,0.0,0.0,265.5769313660085,False
1767844871.1509423,37.097883224487305,1.2035951167521777,1.2995012738273544,0.07330880714024007,0.0,0.0,265.2892507335634,False
1767844871.214647,37.161587953567505,1.2047030032163153,1.312678427932273,0.07330880718785761,0.0,0.0,265.09714684281164,False
1767844871.2853324,37.23227334022522,1.2058321702666766,1.3255817385043074,0.07330880723944541,0.0,0.0,264.9000603744801,False
1767844871.3506684,37.29760932922363,1.207298418568286,1.3416454740508097,0.0733088073196482,0.0,0.0,264.6745182424326,False
1767844871.4130368,37.35997772216797,1.2086030115085618,1.3554183585943964,0.07330880738531331,0.0,0.0,264.5076855493761,False
1767844871.498764,37.4457049369812,1.21006121501228,1.3703700740810465,0.07330880745352795,0.0,0.0,264.35723287644726,False
1767844871.5550745,37.502015352249146,1.2110227081605012,1.3800313884993574,0.0733088074959708,0.0,0.0,264.27851513974485,True
1767844871.618605,37.56554579734802,1.2122857828279474,1.3925465435545825,0.0733088075491133,0.0,0.0,264.2000279284433,False
1767844871.6851006,37.632041454315186,1.213673981761839,1.4061441161444443,0.07330880760458643,0.0,0.0,264.14736421731095,False
1767844871.7492077,37.69614863395691,1.2147249702942022,1.4163806175261986,0.07330880764484887,0.0,0.0,264.13209339638837,False
1767844871.810862,37.757802963256836,1.2156031104041443,1.4249264117977238,0.07330880767750864,0.0,0.0,264.136646387592,False
1767844871.884091,37.831031799316406,1.2167380906973637,1.4360034822720553,0.07330880771838877,0.0,0.0,264.1676989211412,False
1767844871.9427648,37.889705657958984,1.217962160292058,1.4480516539415236,0.07330880776072735,0.0,0.0,264.23600043122485,False
1767844872.0104494,37.95739030838013,1.2189997736318514,1.458407792075356,0.07330880779590292,0.0,0.0,264.3258336875667,False
1767844872.0881455,38.03508639335632,1.2198672221312856,1.4672137670775893,0.07330880781987427,0.0,0.0,264.42475104450335,False
1767844872.1526115,38.099552392959595,1.2208245696125677,1.4771197812768952,0.07330880783353345,0.0,0.0,264.5332976508961,False
1767844872.2158215,38.16276240348816,1.2218656726462565,1.4881094511651771,0.07330880784812364,0.0,0.0,264.6409725302693,False
1767844872.2990127,38.24595355987549,1.2229828677396442,1.5001372583504102,0.07330880786287998,0.0,0.0,264.7428406139111,False
1767844872.366849,38.31378984451294,1.223743561554856,1.5084531758420898,0.07330880787218827,0.0,0.0,264.80258830367666,False
1767844872.4348876,38.38182854652405,1.2245941987695852,1.517858072655246,0.07330880788235782,0.0,0.0,264.8592473205369,False
1767844872.4999657,38.44690656661987,1.2255305214887713,1.5283184276225046,0.07330880789277269,0.0,0.0,264.908205794507,False
1767844872.5602753,38.50721621513367,1.2262462810941925,1.5363739917876522,0.07330880790024381,0.0,0.0,264.9351268028379,False
1767844872.6299849,38.57692575454712,1.2269529447558831,1.5443621056968162,0.073308807907417,0.0,0.0,264.9523762386087,False
1767844872.7020352,38.64897608757019,1.2277516090339742,1.5534133401651837,0.07330880791465604,0.0,0.0,264.9603202140937,False
1767844872.7678907,38.714831590652466,1.228642410786659,1.5635109517883672,0.07330880792180765,0.0,0.0,264.95395935788946,False
1767844872.831951,38.778891801834106,1.2294299473156671,1.5724148972456315,0.07330880792786613,0.0,0.0,264.93486749349745,False
1767844872.9014614,38.84840226173401,1.2301175483663134,1.5801531306096097,0.07330880793272201,0.0,0.0,264.90783939754084,False
1767844872.9640763,38.911017179489136,1.2308054810027946,1.587846408853409,0.0733088079372429,0.0,0.0,264.87092643967264,False
1767844873.0238743,38.97081518173218,1.2315939097659272,1.5965856776761163,0.07330880794219824,0.0,0.0,264.81676624822956,False
1767844873.0939357,39.040876626968384,1.2324862731597659,1.6063535312855834,0.07330880794706071,0.0,0.0,264.7407295082144,False
1767844873.1614676,39.10840845108032,1.233186581372648,1.6139117885454555,0.07330880795027983,0.0,0.0,264.6704096691383,False
1767844873.2257283,39.17266917228699,1.2338938886729616,1.621438083976956,0.07330880795337566,0.0,0.0,264.5904014523603,False
1767844873.3017783,39.248719215393066,1.234910136648245,1.6320383273890269,0.07330880797762689,0.0,0.0,264.44459262537003,False
1767844873.3662615,39.31320238113403,1.2357126578306998,1.6401659344077393,0.07330880800497762,0.0,0.0,264.266654295131,False
1767844873.4249387,39.37187957763672,1.2363118848648886,1.6460491948046234,0.07330880802424043,0.0,0.0,264.0960127065465,False
1767844873.4887884,39.43572926521301,1.2370127608490336,1.6526975048410075,0.07330880804250875,0.0,0.0,263.8654125967741,False
1767844873.5502198,39.49716067314148,1.237822839096783,1.6600846855407114,0.07330880805845566,0.0,0.0,263.6226128591294,False
1767844873.6091628,39.55610370635986,1.2386387318129668,1.6672623803308748,0.07330880807365629,0.0,0.0,263.41155330520445,False
1767844873.672758,39.619699001312256,1.2393534533673065,1.6733745267312932,0.0733088080863755,0.0,0.0,263.25253465621415,False
1767844873.7419012,39.68884205818176,1.2400646293884188,1.6793238513812339,0.07330880809982523,0.0,0.0,263.1172524485798,False
1767844873.8055778,39.75251865386963,1.2408683812856731,1.685919526758438,0.07330880811444415,0.0,0.0,262.99141626387575,False
1767844873.8746665,39.8216073513031,1.241756356342099,1.6930852148036026,0.07330880813013346,0.0,0.0,262.8859812640544,False
1767844873.9433851,39.89032602310181,1.2425264490201193,1.6992265653497094,0.0733088081438824,0.0,0.0,262.823964456801,False
1767844874.0121188,39.959059715270996,1.2431824362003607,1.7044244596745828,0.0733088081553414,0.0,0.0,262.7938479081963,False
1767844874.08381,40.03075098991394,1.243998468694275,1.7108729356426426,0.07330880816878653,0.0,0.0,262.78722950675404,False
1767844874.1443422,40.091283082962036,1.2446977802308674,1.7164048309444868,0.07330880817927596,0.0,0.0,262.8070407464922,False
1767844874.2086053,40.15554618835449,1.2452885851218236,1.7210970380969712,0.07330880818804611,0.0,0.0,262.8430410394061,False
1767844874.268996,40.21593689918518,1.2457785032683808,1.7250103998899349,0.07330880819527286,0.0,0.0,262.8875800604585,False
1767844874.3335593,40.280500173568726,1.2464098452259453,1.7300961964069124,0.07330880820245707,0.0,0.0,262.9624266580246,False
1767844874.3959486,40.34288954734802,1.2470913989271784,1.735656354996848,0.07330880821024986,0.0,0.0,263.0644828766839,False
1767844874.4683292,40.41527009010315,1.2476710183892998,1.7404574633582612,0.07330880821688025,0.0,0.0,263.170819050651,False
1767844874.5279078,40.47484874725342,1.2480906354782768,1.7439838035994586,0.0733088082203578,0.0,0.0,263.25816810069085,False
1767844874.592393,40.53933382034302,1.2485652079135032,1.7480306339588016,0.07330880822435511,0.0,0.0,263.3661358746329,False
1767844874.6586285,40.60556936264038,1.2491515378173503,1.7531286179596368,0.07330880822932402,0.0,0.0,263.51440862346,False
1767844874.72801,40.67495083808899,1.249712321288294,1.7581219378648258,0.0733088082329917,0.0,0.0,263.6711434190282,False
1767844874.7962317,40.74317264556885,1.2501326330586977,1.7619494928086292,0.07330880823554947,0.0,0.0,263.79624406931714,False
1767844874.8628063,40.80974721908569,1.2505392087113862,1.765728815888424,0.07330880823804586,0.0,0.0,263.924052003621,False
1767844874.9243426,40.871283531188965,1.2509648010702707,1.7697670562482464,0.0733088082576687,0.0,0.0,264.0349505198874,False
1767844874.9937804,40.94072127342224,1.2513808197572927,1.7737689251329316,0.07330880827635566,0.0,0.0,264.0830673924768,False
1767844875.0678556,41.01479649543762,1.2517007208603181,1.7768520951314208,0.07330880829054257,0.0,0.0,264.05878537212226,False
1767844875.1318629,41.0788037776947,1.2519451650993794,1.7791885631733482,0.07330880830117288,0.0,0.0,263.986555041958,False
1767844875.1931255,41.140066385269165,1.2521859482333138,1.7814505030628123,0.07330880831136673,0.0,0.0,263.84658585814134,False
1767844875.2522244,41.19916534423828,1.2523862871138565,1.7832813135572736,0.07330880831955039,0.0,0.0,263.6462582984206,False
1767844875.3156662,41.26260709762573,1.2525367139706702,1.7846102896516198,0.07330880832207151,0.0,0.0,263.4335006387164,False
1767844875.3793066,41.326247453689575,1.2526624693116628,1.785687277361973,0.07330880832311908,0.0,0.0,263.2439730625032,False
1767844875.4439843,41.39092516899109,1.2528057631844371,1.7868768662299634,0.07330880832427022,0.0,0.0,263.01535400515536,False
1767844875.5076306,41.45457148551941,1.252979547937757,1.7882655024613785,0.0733088083266685,0.0,0.0,262.70481513089453,False
1767844875.5699003,41.516841173172,1.2531134135077693,1.7892906993350375,0.07330880832881152,0.0,0.0,262.40279618533293,False
1767844875.628907,41.575847864151,1.253199809027968,1.7899285204230886,0.07330880833014046,0.0,0.0,262.16008589133816,False
1767844875.695695,41.64263582229614,1.2532726947666442,1.7904493770572738,0.07330880833299519,0.0,0.0,261.8569610666948,False
1767844875.7605965,41.70753741264343,1.2532085803886315,1.7900191087432356,0.07330880832869026,0.0,0.0,261.412016885047,False
1767844875.8233871,41.77032804489136,1.252973174192436,1.7885045525452052,0.07330880831228062,0.0,0.0,260.96197305366024,False
1767844875.8875117,41.834452629089355,1.2526138379768863,1.786302134691507,0.07330880828648827,0.0,0.0,260.52589245414606,False
1767844875.971652,41.91859292984009,1.2518858343071815,1.7820889173668635,0.07330880823108309,0.0,0.0,259.8930627874896,False
1767844876.0302155,41.97715640068054,1.2509527066079247,1.7770200180861464,0.07330880816517368,0.0,0.0,259.2601339634838,False
1767844876.0902534,42.03719425201416,1.249718766001025,1.7707276631638946,0.07330880808230911,0.0,0.0,258.5619680276342,False
1767844876.1543348,42.10127568244934,1.2483572330356545,1.7641955273084962,0.07330880799463421,0.0,0.0,257.89825992359454,False
1767844876.2128928,42.159833669662476,1.246960872560507,1.7578487711919395,0.07330880791112422,0.0,0.0,257.2906431850021,False
1767844876.2794416,42.22638249397278,1.244742197520596,1.7483489431281127,0.07330880778821092,0.0,0.0,256.42569937356564,False
1767844876.343991,42.290931940078735,1.2417098464511775,1.736277905222293,0.0733088076342236,0.0,0.0,255.3803074481052,False
1767844876.406039,42.35297989845276,1.2389249172125278,1.7259237051503231,0.0733088075069202,0.0,0.0,254.5153961280094,False
1767844876.4698088,42.416749715805054,1.2362204511384371,1.7164135101760405,0.07330880739381382,0.0,0.0,253.73845067165394,False
1767844876.5341609,42.481101751327515,1.232128128376745,1.7028648283740464,0.0733088072358968,0.0,0.0,252.65262733067414,False
1767844876.5957785,42.54271936416626,1.2268176803585673,1.6865149394570083,0.07330880705500725,0.0,0.0,251.3643068967317,False
1767844876.664002,42.61094284057617,1.2214327831671834,1.6710853223484778,0.073308806893639,0.0,0.0,250.1607196358948,False
1767844876.7235434,42.6704843044281,1.2169629696875628,1.659007667842747,0.07330880677155333,0.0,0.0,249.22265982762872,False
1767844876.788479,42.7354199886322,1.2112607703296039,1.644415378562758,0.07330880663079878,0.0,0.0,248.090807966495,True
1767844876.8525596,42.799500465393066,1.2031316005471688,1.6249502613212363,0.07330880645478838,0.0,0.0,246.57713384516552,False
1767844876.9326055,42.87954640388489,1.1930076418164204,1.6025303326829772,0.07330880626522815,0.0,0.0,244.8197634747305,False
1767844876.991662,42.938602924346924,1.1863636278468401,1.5887411459385778,0.07330880615631227,0.0,0.0,243.72816538089967,False
1767844877.054181,43.00112199783325,1.1780617285605475,1.5723954577536285,0.07330880603520568,0.0,0.0,242.4199267915618,False
1767844877.1192427,43.06618356704712,1.166504447934401,1.551063051173093,0.07330880588939809,0.0,0.0,240.68379277545995,False
1767844877.1820602,43.12900114059448,1.1553881687246088,1.5318958781674619,0.07330880577019942,0.0,0.0,239.09029614108618,False
1767844877.2490957,43.19603657722473,1.1450073926471545,1.5150387964882495,0.07330880567442377,0.0,0.0,237.65776753137294,False
1767844877.3203187,43.26725959777832,1.1323964910268514,1.4957534556631524,0.07330880557499618,0.0,0.0,235.97754776866284,False
1767844877.3794255,43.32636642456055,1.1189927388856586,1.4765279973840406,0.07330880548642735,0.0,0.0,234.25208126445554,False
1767844877.446147,43.39308786392212,1.1048043628516413,1.457445088750886,0.07330880540874654,0.0,0.0,232.48205388077122,False
1767844877.5119827,43.45892357826233,1.091755095698359,1.4409271358202262,0.07330880534928366,0.0,0.0,230.89728154661935,False
1767844877.576429,43.523369789123535,1.078124058361302,1.42463043008229,0.07330880529785444,0.0,0.0,229.2794325978685,False
1767844877.638533,43.58547401428223,1.0618500432409896,1.406340975083389,0.07330880524883314,0.0,0.0,227.3905253981345,False
1767844877.6986988,43.64563965797424,1.0448549088897534,1.3884771704597703,0.07330880520882317,0.0,0.0,225.45970922083748,False
1767844877.7598803,43.70682120323181,1.0294107384414584,1.3732471189774949,0.07330880518133359,0.0,0.0,223.73654462215947,False
1767844877.8191864,43.76612734794617,1.0157625778837118,1.3605257081550624,0.07330880516350334,0.0,0.0,222.2348534697472,False
1767844877.8861284,43.83306932449341,0.997001075250292,1.3440902157733063,0.07330880514781488,0.0,0.0,220.19760326707856,False
1767844877.9618602,43.90880107879639,0.972694898165844,1.3244766372336363,0.07330880514050446,0.0,0.0,217.5955435277828,False
1767844878.0243428,43.97128367424011,0.9551534525498585,1.3114163005383117,0.07330880514272947,0.0,0.0,215.73797835743082,False
1767844878.0939233,44.04086422920227,0.9372098517430205,1.2989465136154634,0.07330880515081543,0.0,0.0,213.85110614526658,False
1767844878.1542377,44.10117864608765,0.9188946367983999,1.2870997453283581,0.07330880516442005,0.0,0.0,211.93525734540643,False
1767844878.228171,44.17511200904846,0.8921472317835032,1.2713142358382465,0.07330880519224933,0.0,0.0,209.14881016849134,False
1767844878.2902062,44.237147092819214,0.8730610399391446,1.2610977176555587,0.07330880521696609,0.0,0.0,207.16416314752524,False
1767844878.349057,44.295997858047485,0.8564920406445637,1.2529070919491765,0.07330880524111479,0.0,0.0,205.441034065115,False
1767844878.4096136,44.35655450820923,0.8369477663340135,1.244030607006905,0.0733088052727921,0.0,0.0,203.4053870315857,False
1767844878.4767003,44.423641204833984,0.8115362403478221,1.2337212141747709,0.0733088053185593,0.0,0.0,200.74860132124275,False
1767844878.5451918,44.49213266372681,0.7887388436512522,1.2256241724314603,0.07330880536349968,0.0,0.0,198.35025039021397,False
1767844878.6028512,44.54979205131531,0.7715464768949651,1.2202225291423912,0.07330880539955048,0.0,0.0,196.52911035956916,False
1767844878.6652522,44.61219310760498,0.7514216392296414,1.2146572114472274,0.07330880544388145,0.0,0.0,194.3805273069979,False
1767844878.7280262,44.67496705055237,0.7254994547362446,1.2086790441674913,0.07330880550404774,0.0,0.0,191.580738480706,False
1767844878.7899148,44.73685574531555,0.7053489212476923,1.2049511953078715,0.07330880555297985,0.0,0.0,189.37451631991541,False
1767844878.8680701,44.8150110244751,0.6823854856519983,1.201681566092213,0.07330880561084349,0.0,0.0,186.8229321682008,False
1767844878.9336827,44.88062357902527,0.6595519067639741,1.1994683835789481,0.07330880567251645,0.0,0.0,184.2393848246372,False
1767844879.0089824,44.955923318862915,0.6312838634543798,1.1981795328329712,0.07330880575125326,0.0,0.0,180.96548862129887,False
1767844879.0848203,45.031761169433594,0.6089566430527661,1.1983183771196724,0.07330880581568693,0.0,0.0,178.311370882379,False
1767844879.1519098,45.0988507270813,0.5896803368015108,1.1992808148021596,0.07330880587350076,0.0,0.0,175.96371573867748,False
1767844879.2164354,45.163376331329346,0.5679967082808354,1.2013253941707083,0.07330880593982164,0.0,0.0,173.2521110276189,False
1767844879.283537,45.230477809906006,0.5441066984104717,1.204803738364678,0.07330880601509868,0.0,0.0,170.16565021111322,False
1767844879.3659346,45.312875509262085,0.5208251201405706,1.2094935039602908,0.07330880609115187,0.0,0.0,167.04149480739133,False
1767844879.4301605,45.3771014213562,0.5031823956505522,1.2139518477703002,0.073308806149888,0.0,0.0,164.58589513163952,False
1767844879.5047357,45.45167660713196,0.47875354778809415,1.2215034746133497,0.07330880623484173,0.0,0.0,161.03934284899748,False
1767844879.568806,45.51574683189392,0.45992558604099176,1.2285015465179685,0.07330880630266448,0.0,0.0,158.16953307365904,False
1767844879.626465,45.57340598106384,0.4462483504557945,1.2342825628934075,0.07330880635280553,0.0,0.0,155.9984418315005,False
1767844879.6859176,45.63285851478577,0.4329698098924386,1.240500277855913,0.07330880640337256,0.0,0.0,153.81145239343482,False
1767844879.7450166,45.69195747375488,0.4180112944895109,1.2482770268385013,0.07330880646352039,0.0,0.0,151.23960908289047,False
1767844879.806082,45.75302290916443,0.39965762746954053,1.2590541447369623,0.07330880653899324,0.0,0.0,147.90103014669634,False
1767844879.8794541,45.82639503479004,0.38420339478651133,1.2693183307956681,0.07330880660490657,0.0,0.0,144.90369625904015,False
1767844879.944745,45.891685962677,0.3713745471838386,1.2787813003532253,0.07330880666393395,0.0,0.0,142.25792992982863,False
1767844880.0118043,45.95874524116516,0.3592122189771782,1.2886548456671028,0.07330880672139226,0.0,0.0,139.59064283699615,False
1767844880.0843732,46.03131413459778,0.3430165819875771,1.303402805738772,0.07330880680071697,0.0,0.0,135.7434663870672,False
1767844880.147501,46.09444189071655,0.3310753311038497,1.3156836944752257,0.07330880686184774,0.0,0.0,132.6350735067656,False
1767844880.2140338,46.160974740982056,0.32137628771306886,1.3267356211088726,0.07330880691364808,0.0,0.0,129.8932324855752,False
1767844880.2944424,46.24138331413269,0.3099423592558947,1.3413046153058596,0.07330880697794909,0.0,0.0,126.33829787437625,False
1767844880.3560863,46.30302715301514,0.2996795772415648,1.3562069819123104,0.07330880703968837,0.0,0.0,122.75046644683201,False
1767844880.4161537,46.36309456825256,0.29250786027951836,1.3679793393918733,0.07330880708595752,0.0,0.0,119.93754652964732,False
1767844880.4848394,46.43178033828735,0.2860435734458458,1.3798716020230997,0.07330880713071443,0.0,0.0,117.10532499961407,False
1767844880.545979,46.492919921875,0.28028319909580196,1.3918485388175872,0.07330880717397875,0.0,0.0,114.25405810722356,False
1767844880.604658,46.55159878730774,0.2745549661997215,1.405595599807942,0.07330880722162357,0.0,0.0,110.97247072078882,False
1767844880.6706998,46.61764073371887,0.26972837977111047,1.419357205339044,0.07330880726701156,0.0,0.0,107.66672156969496,False
1767844880.7538323,46.70077323913574,0.26535582283576387,1.4348068150064304,0.07330880731376242,0.0,0.0,103.91992505958541,False
1767844880.8153892,46.762330055236816,0.2627146601894101,1.446761326938442,0.07330880734868427,0.0,0.0,100.98588616156113,False
1767844880.884503,46.831443786621094,0.2602724807700987,1.4620174718378671,0.07330880737939567,0.0,0.0,97.18938192716526,False
1767844880.9485154,46.895456314086914,0.25896641891302,1.4755896237819555,0.07330880738641936,0.0,0.0,93.80009341418705,False
1767844881.0168152,46.96375608444214,0.2584863847293318,1.4874687160135767,0.07330880739276247,0.0,0.0,90.82499535371765,False
1767844881.0868561,47.03379702568054,0.25869442119832076,1.5010189058525067,0.0733088073914176,0.0,0.0,87.41490861813996,False
1767844881.1520185,47.09895944595337,0.2599001512365682,1.5163104699494725,0.07330880737596628,0.0,0.0,83.57263765017963,False
1767844881.2175527,47.164493560791016,0.2618446790934379,1.5299077391458225,0.07330880736322597,0.0,0.0,80.1532438330192,False
1767844881.2979114,47.24485230445862,0.2646145504304692,1.5434498201869562,0.07330880735143255,0.0,0.0,76.73010598231161,False
1767844881.361561,47.308501958847046,0.2677147771036749,1.5552086374113852,0.07330880734188928,0.0,0.0,73.73183372206182,False
1767844881.4245963,47.37153720855713,0.2726231747788058,1.5701384137055567,0.0733088073306747,0.0,0.0,69.87282433216237,False
1767844881.4885,47.43544101715088,0.27784761019579335,1.5831706300181188,0.07330880732168805,0.0,0.0,66.43879147102058,False
1767844881.555534,47.502474784851074,0.283073208593401,1.5943434966944974,0.07330880731456696,0.0,0.0,63.43112163671972,False
1767844881.6182592,47.565200090408325,0.28889734943514295,1.6052627845778975,0.0733088073081218,0.0,0.0,60.42079098374702,False
1767844881.6915638,47.63850474357605,0.2982277639667868,1.6203507571417897,0.0733088073000496,0.0,0.0,56.11577284947837,False
1767844881.754611,47.70155191421509,0.3065185847745649,1.6319275725573883,0.07330880729451641,0.0,0.0,52.66796857552466,False
1767844881.8223925,47.769333362579346,0.3143512981048176,1.641654855265012,0.07330880729031955,0.0,0.0,49.64842010444186,False
1767844881.8939762,47.840917110443115,0.32393498728291287,1.6522692018331342,0.07330880728622687,0.0,0.0,46.19444446871142,False
1767844881.9675112,47.91445207595825,0.33681077423389605,1.664717610145799,0.07330880728211,0.0,0.0,41.872452769481946,False
1767844882.0330796,47.98002052307129,0.34778147018098887,1.6739694747079146,0.0733088072795672,0.0,0.0,38.411301056978566,False
1767844882.1107175,48.057658433914185,0.35930297097587427,1.682550817265377,0.07330880727764774,0.0,0.0,34.94703828809969,True
1767844882.1710835,48.11802434921265,0.3698015865949852,1.6894813219463436,0.07330880727644738,0.0,0.0,31.91329341713643,False
1767844882.252714,48.19965481758118,0.3870087833857634,1.699227617287965,0.0733088072753964,0.0,0.0,27.141315366854773,False
1767844882.3142538,48.261194705963135,0.3983607264967119,1.704671831707642,0.07330880727521785,0.0,0.0,24.101680484568302,False
1767844882.3763447,48.3232855796814,0.4083093352231612,1.708853478194055,0.07330880727534414,0.0,0.0,21.494497998092136,False
1767844882.4381146,48.38505554199219,0.42014038951696525,1.7131532784030956,0.07330880727579445,0.0,0.0,18.450733361256656,False
1767844882.4976065,48.44454741477966,0.43391443636214555,1.7172884271108793,0.0733088072766777,0.0,0.0,14.96947552733441,False
1767844882.5616753,48.50861620903015,0.44790709133655027,1.7205775452074448,0.07330880727791914,0.0,0.0,11.485411410918552,False
1767844882.6197307,48.56667160987854,0.45851255332530766,1.7224816045485956,0.07330880727906408,0.0,0.0,8.870547314543483,False
1767844882.692001,48.63894200325012,0.4727721884034899,1.7242641520945545,0.07330880727152435,0.0,0.0,5.382364030746402,False
1767844882.7652142,48.71215510368347,0.49087536432936546,1.7252762385297387,0.07330880724576894,0.0,0.0,1.0272001733137264,False
1767844882.8298752,48.77681612968445,0.5055319928238764,1.7250932709239002,0.07330880722625135,0.0,0.0,357.5481914513905,False
1767844882.8990123,48.84595322608948,0.5184479230082176,1.7241958094115324,0.07330880719875563,0.0,0.0,354.51182105319197,False
1767844882.9620392,48.90898013114929,0.5315135994356898,1.7225921391961938,0.07330880715783014,0.0,0.0,351.5079519736783,False
1767844883.019875,48.96681594848633,0.5465996932062673,1.7198788689374245,0.0733088071104874,0.0,0.0,348.11915895567756,False
1767844883.0918438,49.03878474235535,0.5636750734539743,1.7156946833266482,0.07330880707221268,0.0,0.0,344.3653116336618,False
1767844883.1609488,49.1078896522522,0.5768420831823342,1.711651747726983,0.07330880706212217,0.0,0.0,341.50802959367616,False
1767844883.2225218,49.16946268081665,0.5898531756356669,1.7069425384666288,0.07330880704911384,0.0,0.0,338.7096663268089,False
1767844883.2947195,49.241660356521606,0.6081422418506164,1.6990843691116815,0.07330880702547768,0.0,0.0,334.8126620190388,False
1767844883.3581405,49.305081367492676,0.6224980193673161,1.6918602550429473,0.07330880700232967,0.0,0.0,331.77897575110325,False
1767844883.4260085,49.37294936180115,0.6348425975594895,1.6848690404506348,0.07330880697902484,0.0,0.0,329.1847235495972,False
1767844883.5146453,49.461586236953735,0.6521020848942822,1.6738168118757162,0.07330880694087497,0.0,0.0,325.57461473229773,False
1767844883.57856,49.525501012802124,0.6672324897521807,1.6628185153919601,0.07330880690175226,0.0,0.0,322.420463397347,False
1767844883.6414802,49.5884211063385,0.6787201866041609,1.653588051874275,0.073308806868259,0.0,0.0,320.0284007885494,False
1767844883.7010734,49.648014307022095,0.6883519820320245,1.6452211517030526,0.07330880684523963,0.0,0.0,318.02024193148645,False
1767844883.7763226,49.72326350212097,0.7023680398337417,1.6319393027623375,0.07330880681158689,0.0,0.0,315.08084181743334,False
1767844883.8397098,49.78665065765381,0.7158546550181956,1.617798827905936,0.07330880677306327,0.0,0.0,312.2275543915071,False
1767844883.9008646,49.84780550003052,0.7258823237441367,1.6063229726045047,0.07330880682127978,0.0,0.0,310.0689670209343,False
1767844883.9595513,49.90649223327637,0.7339106728632393,1.5964680094213801,0.07330880690032007,0.0,0.0,308.2663829214006,False
1767844884.0217125,49.968653440475464,0.742638102914346,1.584987782633139,0.0733088069814055,0.0,0.0,306.21884525864783,False
1767844884.08992,50.036860942840576,0.7529103654240714,1.5702883363771356,0.07330880709209898,0.0,0.0,303.6723479542315,False
1767844884.1525342,50.099475145339966,0.7610836244590337,1.5574991012726513,0.0733088072082144,0.0,0.0,301.4846341644172,False
1767844884.2318926,50.17883348464966,0.7684126698609922,1.5450209069866914,0.07330880730789138,0.0,0.0,299.36610172413805,False
1767844884.2895508,50.236491680145264,0.7741907759975605,1.5343654001315592,0.07330880739413753,0.0,0.0,297.5679970367331,False
1767844884.347761,50.29470181465149,0.7800768956655297,1.5225980129348808,0.07330880749303734,0.0,0.0,295.57323972768484,False
1767844884.4084766,50.35541749000549,0.7846529610089769,1.5126621383982373,0.07330880756809843,0.0,0.0,293.8794751433198,False
1767844884.4964936,50.44343447685242,0.789828587538682,1.5003676287369025,0.07330880765666867,0.0,0.0,291.771351295294,False
1767844884.571623,50.518563985824585,0.7942580033646545,1.4886824592209753,0.07330880774064527,0.0,0.0,289.73844962604056,False
1767844884.636224,50.58316493034363,0.7980248975060481,1.4775938118254346,0.07330880781154343,0.0,0.0,287.7790322547142,False
1767844884.6988854,50.64582633972168,0.8005471555591732,1.4693668547958634,0.0733088078626903,0.0,0.0,286.30485701021803,False
1767844884.7585986,50.70553946495056,0.8024460809191923,1.4626075486565682,0.07330880790349295,0.0,0.0,285.0749437918202,False
1767844884.820128,50.76706886291504,0.8043840813530876,1.4550482217137977,0.07330880794565368,0.0,0.0,283.6787695004483,False
1767844884.8852997,50.83224058151245,0.8064838999272248,1.445817166926636,0.07330880799351072,0.0,0.0,281.943904862622,False
1767844884.9614196,50.90836048126221,0.8081883362517293,1.4371394612609458,0.07330880803731762,0.0,0.0,280.27177235821597,False
1767844885.0204682,50.96740913391113,0.8091298901390513,1.4316501369840589,0.07330880806274975,0.0,0.0,279.1905308151978,False
1767844885.0881512,51.03509211540222,0.8101692988708941,1.4246902301641502,0.07330880809711644,0.0,0.0,277.78789828099576,False
1767844885.1518118,51.09875273704529,0.8110599087891693,1.417462577157648,0.07330880813730876,0.0,0.0,276.24283630165434,False
1767844885.2122808,51.15922164916992,0.8115733460729945,1.4122802561036885,0.07330880816435462,0.0,0.0,275.06201826989343,False
1767844885.2817612,51.22870206832886,0.811951348757116,1.4074623710292025,0.07330880818713262,0.0,0.0,273.89873742315496,False
1767844885.3485477,51.295488595962524,0.8122434373750712,1.402306439833246,0.07330880820519145,0.0,0.0,272.57049367491214,False
1767844885.413232,51.36017298698425,0.8124162165452496,1.3968958664572055,0.07330880822318123,0.0,0.0,271.0673346827592,False
1767844885.4831562,51.4300971031189,0.8124477120396104,1.3924123510085356,0.07330880823535328,0.0,0.0,269.72187525146273,False
1767844885.5502162,51.49715709686279,0.8123901116259618,1.3886389662095844,0.0733088082407291,0.0,0.0,268.51851032453123,False
1767844885.6097057,51.55664658546448,0.8122561743956013,1.3849739744014191,0.07330880824592725,0.0,0.0,267.2848817097459,False
1767844885.6742039,51.62114477157593,0.8119771402896475,1.3804361485811305,0.07330880825780697,0.0,0.0,265.65522790238094,False
1767844885.7454534,51.6923942565918,0.8116856738553583,1.3771350103179187,0.07330880829166952,0.0,0.0,264.1771735892799,False
1767844885.8107107,51.757651567459106,0.8114508035725135,1.3750538579795692,0.07330880831277634,0.0,0.0,262.8664761721606,False
1767844885.875364,51.82230496406555,0.8112679512223496,1.3737080103052381,0.07330880832644951,0.0,0.0,261.5398244107864,False
1767844885.936514,51.8834547996521,0.8111700366007603,1.3730919427597172,0.07330880833333898,0.0,0.0,259.81406973890614,False
1767844885.9962618,51.94320273399353,0.8112443997699968,1.3734717125252627,0.07330880832977663,0.0,0.0,258.4573277102472,False
1767844886.0675366,52.014477491378784,0.8114856998250657,1.374578497709943,0.07330880831892836,0.0,0.0,257.08809261230874,False
1767844886.1284804,52.07542133331299,0.8119291165426656,1.3764048805412363,0.07330880830038597,0.0,0.0,255.707293736243,False
1767844886.1938152,52.140756130218506,0.8128505013759248,1.3797873247938304,0.07330880826649983,0.0,0.0,253.91607258479732,False
1767844886.2669172,52.213858127593994,0.8142261858906317,1.3842802103015444,0.07330880822225397,0.0,0.0,252.1072369934749,False
1767844886.3540215,52.30096244812012,0.8161187221340107,1.3898287619228251,0.073308808168108,0.0,0.0,250.28138178290652,False
1767844886.4186692,52.365610122680664,0.8182823115426235,1.3955986013712005,0.07330880811290556,0.0,0.0,248.64454275085671,False
1767844886.4863775,52.43331837654114,0.8213055071969492,1.402968773932649,0.07330880804425534,0.0,0.0,246.78772618279953,False
1767844886.5509355,52.49787640571594,0.8241135176596777,1.409290537609191,0.07330880798755876,0.0,0.0,245.33195824289464,False
1767844886.6353989,52.58233976364136,0.8283437522955941,1.4181096202592873,0.07330880791027952,0.0,0.0,243.44533083314633,False
1767844886.6985075,52.645448446273804,0.833300285507678,1.427623667916772,0.07330880783210783,0.0,0.0,241.54159526606134,False
1767844886.7612922,52.70823311805725,0.8383280908696464,1.436575715299456,0.07330880776180873,0.0,0.0,239.8339446792927,False
1767844886.8260121,52.772953033447266,0.8432218302213402,1.4447446256099568,0.07330880769938733,0.0,0.0,238.32795319206957,False
1767844886.9100735,52.857014417648315,0.8501999853944914,1.45563269160635,0.0733088076234645,0.0,0.0,236.37507441026293,False
1767844886.9733467,52.92028760910034,0.8570361498173121,1.465576962688907,0.07330880755963223,0.0,0.0,234.62158236845085,False
1767844887.0331295,52.98007035255432,0.8644720178179931,1.4757116319421977,0.07330880749694463,0.0,0.0,232.85156533360043,False
1767844887.096207,53.043147802352905,0.8714687683514551,1.4846889348110628,0.07330880744670366,0.0,0.0,231.2891760660003,False
1767844887.1548817,53.1018226146698,0.8778124214480637,1.4924152530859853,0.07330880740824391,0.0,0.0,229.93870167034356,False
1767844887.2151496,53.16209053993225,0.8856115748768862,1.501432348809814,0.07330880736508744,0.0,0.0,228.34988698812953,False
1767844887.2867453,53.233686208724976,0.8974818695483276,1.5142511496271802,0.0733088073127231,0.0,0.0,226.0555450644874,False
1767844887.352352,53.29929280281067,0.9075299870983818,1.5243436484745592,0.07330880728371267,0.0,0.0,224.19795556758734,False
1767844887.412776,53.35971689224243,0.9153687505650023,1.53178097402792,0.0733088072638799,0.0,0.0,222.79174616610865,True
1767844887.483813,53.43075394630432,0.9262075326854415,1.5414875794706855,0.07330880724426847,0.0,0.0,220.89960260629027,False
1767844887.5489864,53.49592733383179,0.9388418982817474,1.5520233276933713,0.07330880723794647,0.0,0.0,218.74626818091767,False
1767844887.6130717,53.56001257896423,0.9504232571188556,1.5610001814445675,0.07330880723501516,0.0,0.0,216.81019907761768,False
1767844887.6842043,53.63114523887634,0.9608081206226508,1.5685330816475263,0.07330880723672686,0.0,0.0,215.099385491763,False
1767844887.743281,53.69022178649902,0.9713707709482385,1.5757216986872258,0.07330880725005176,0.0,0.0,213.37216903077112,False
1767844887.819281,53.76622200012207,0.9867037600400163,1.5853508349120986,0.07330880727142516,0.0,0.0,210.8759246237279,False
1767844887.8904338,53.837374687194824,0.9991369659526947,1.5924913256832756,0.07330880729628836,0.0,0.0,208.85475099763113,False
1767844887.9556224,53.90256333351135,1.0100594816463995,1.5982903285586585,0.07330880732649402,0.0,0.0,207.06773435845975,False
1767844888.0162203,53.96316123008728,1.0209918266908535,1.603662426273392,0.07330880735703715,0.0,0.0,205.2634655948171,False
1767844888.08419,54.03113079071045,1.0350241102052913,1.6099387383137704,0.07330880740171031,0.0,0.0,202.91858341185923,False
1767844888.149249,54.096189975738525,1.0473818998818463,1.6148991771150834,0.07330880744899262,0.0,0.0,200.8098641046998,False
1767844888.2195272,54.166468143463135,1.0580699955662107,1.6187646119104302,0.07330880748974564,0.0,0.0,198.94598309282247,False
1767844888.3003805,54.247321367263794,1.071597796035279,1.6230934342173133,0.07330880754650473,0.0,0.0,196.5240277202756,False
1767844888.364438,54.311378955841064,1.0847794356814158,1.6267017052909187,0.07330880760728396,0.0,0.0,194.07254797912609,False
1767844888.4274728,54.37441372871399,1.0961667379083353,1.6293263460190612,0.07330880765940223,0.0,0.0,191.86890126409486,False
1767844888.495213,54.44215393066406,1.1058484870951628,1.6311912373487003,0.07330880770717396,0.0,0.0,189.92190533508554,False
1767844888.5538456,54.500786542892456,1.1138889503781655,1.632477124124828,0.07330880775024756,0.0,0.0,188.23860550963508,False
1767844888.618976,54.565917015075684,1.1242136101188358,1.6337662786161067,0.07330880780520935,0.0,0.0,185.97357237656433,False
1767844888.6824863,54.62942719459534,1.135265902911845,1.6346750297739057,0.07330880786340196,0.0,0.0,183.39808460415202,False
1767844888.7424352,54.68937611579895,1.1434409381607968,1.6350173830825947,0.07330880790553458,0.0,0.0,181.3808452443027,False
1767844888.805509,54.75244998931885,1.1501479015391771,1.6350781189264876,0.07330880794002012,0.0,0.0,179.64381091430522,False
1767844888.8692775,54.81621837615967,1.157614191134774,1.6349002468030926,0.07330880797835922,0.0,0.0,177.60808780542473,False
1767844888.954869,54.90180993080139,1.169508817711536,1.6340444187260696,0.07330880803787362,0.0,0.0,174.10648590158397,False
1767844889.0139477,54.960888624191284,1.1759139733035358,1.6332685258735644,0.07330880806992965,0.0,0.0,172.06002898009936,False
1767844889.0831392,55.03008008003235,1.1819214671823668,1.6323219564957383,0.07330880809998194,0.0,0.0,170.011159961122,False
1767844889.1586998,55.10564064979553,1.1890602961428227,1.6308971937924646,0.0733088081356077,0.0,0.0,167.38034338476714,False
1767844889.2250266,55.17196750640869,1.1955425166692693,1.6292914039064266,0.07330880816800303,0.0,0.0,164.7551622689944,False
1767844889.2889078,55.23584866523743,1.2001341919129132,1.6279529139837121,0.07330880819084291,0.0,0.0,162.71793269350843,False
1767844889.3587334,55.3056743144989,1.204340884547751,1.6265629810313573,0.07330880821161863,0.0,0.0,160.68930679367784,False
1767844889.424014,55.37095499038696,1.2086859577965043,1.6249430201220465,0.07330880823311775,0.0,0.0,158.38216743801922,False
1767844889.5138397,55.46078062057495,1.2142764422821533,1.6225371887616775,0.07330880826366219,0.0,0.0,154.96078479763068,False
1767844889.5764015,55.52334237098694,1.2169860539807142,1.6212161620334535,0.07330880827975864,0.0,0.0,153.02384840961798,False
1767844889.6355617,55.582502603530884,1.2189956755121536,1.6201577940610743,0.07330880829160927,0.0,0.0,151.4017484958199,False
1767844889.6950436,55.64198446273804,1.220991428630151,1.61902859660394,0.07330880830340146,0.0,0.0,149.55323674415095,False
1767844889.7590842,55.70602512359619,1.2230284643401266,1.6177774685613617,0.07330880831548327,0.0,0.0,147.24527105369134,False
1767844889.8261468,55.77308773994446,1.2243707016973389,1.6168821172376322,0.07330880832338575,0.0,0.0,145.25765598509233,False
1767844889.896181,55.84312200546265,1.2252129975348063,1.6162802528494125,0.0733088083280354,0.0,0.0,143.56619400128406,False
1767844889.9592292,55.906170129776,1.2257947553002508,1.6158385306617815,0.07330880833096223,0.0,0.0,141.9130930503653,False
1767844890.0186183,55.965559244155884,1.226168371976807,1.61553710859257,0.07330880833284846,0.0,0.0,140.06907156331187,False
1767844890.091454,56.038394927978516,1.2262527423509546,1.6154655234512791,0.07330880833331319,0.0,0.0,138.05022834304853,False
1767844890.1695423,56.116483211517334,1.2261002244891765,1.6156078221771597,0.07330880833277142,0.0,0.0,136.2952363176014,False
1767844890.2517111,56.198652029037476,1.2257111960869518,1.6159937321302593,0.07330880833136175,0.0,0.0,134.36184301700337,False
1767844890.3167565,56.263697385787964,1.2250371505364086,1.616710558930553,0.07330880832887113,0.0,0.0,132.25868732536884,False
1767844890.378843,56.3257839679718,1.2244275740689876,1.6173994093128226,0.07330880832659016,0.0,0.0,130.80433469982125,False
1767844890.4393046,56.38624548912048,1.2238240467957042,1.6181143127157793,0.07330880832432637,0.0,0.0,129.56863645091852,False
1767844890.498283,56.445223808288574,1.2230159097735844,1.6191184858658922,0.07330880831970724,0.0,0.0,128.13554538435812,False
1767844890.579858,56.52679896354675,1.2214145673426031,1.6212473959152498,0.07330880830841079,0.0,0.0,125.87316539750351,False
1767844890.6414812,56.58842206001282,1.220204258691658,1.6229674272601242,0.0733088082996547,0.0,0.0,124.42578551578026,False
1767844890.701153,56.648093938827515,1.2189812327968823,1.6247964233253567,0.0733088082752121,0.0,0.0,123.17405714760935,False
1767844890.7777596,56.72470045089722,1.2164775352912458,1.6287787229556532,0.0733088082113782,0.0,0.0,121.2463471958401,False
1767844890.8398328,56.786773681640625,1.213262696545351,1.6342991479895776,0.07330880812612107,0.0,0.0,119.25826285505585,False
1767844890.9009252,56.84786605834961,1.210339468993785,1.6396955184492996,0.07330880803893605,0.0,0.0,117.67061833757695,False
1767844890.9600186,56.906959533691406,1.2075560393623133,1.6451670528526534,0.07330880794933839,0.0,0.0,116.28057033975617,False
1767844891.0307875,56.97772836685181,1.2035267678112038,1.6536856701040317,0.0733088078155378,0.0,0.0,114.38568661576124,False
1767844891.0950978,57.042038679122925,1.198690108108564,1.664931707017073,0.07330880764563971,0.0,0.0,112.19836475073822,False
1767844891.1558459,57.10278677940369,1.1947957524993662,1.674911122621724,0.0733088074991853,0.0,0.0,110.45885320479766,False
1767844891.2165177,57.163458585739136,1.1914314665783865,1.6843106202894778,0.0733088073681467,0.0,0.0,108.94193381459311,False
1767844891.2825594,57.22950029373169,1.18754856396081,1.6962371351490744,0.07330880720938268,0.0,0.0,107.14242745451074,False
1767844891.3420258,57.2889666557312,1.1832596948795042,1.711110550201804,0.073308807020821,0.0,0.0,105.0482757751342,False
1767844891.405696,57.35263681411743,1.179243562079598,1.7272506746373737,0.07330880683175972,0.0,0.0,102.9149436985589,False
1767844891.4751382,57.42207908630371,1.176044952146352,1.7423505105122006,0.07330880666846189,0.0,0.0,101.01660507350472,False
1767844891.5388777,57.48581862449646,1.1732160821491529,1.7583154797166265,0.07330880650338316,0.0,0.0,99.08981124009237,False
1767844891.6034849,57.55042576789856,1.1705243213379701,1.7775506101653487,0.07330880632199607,0.0,0.0,96.85403764301711,False
1767844891.669634,57.61657500267029,1.168303368284401,1.8003271959001452,0.07330880612875011,0.0,0.0,94.29647111301641,False
1767844891.753748,57.70068883895874,1.1670568520746225,1.82418264890611,0.07330880594391753,0.0,0.0,91.69610323950286,False
1767844891.8148599,57.76180076599121,1.1668228657240365,1.8406113178745074,0.07330880583037687,0.0,0.0,89.93948685874794,False
1767844891.887927,57.83486795425415,1.1674404673300494,1.865914383079472,0.07330880567554883,0.0,0.0,87.2705485890718,False
1767844891.9521606,57.8991014957428,1.1692937882125407,1.8918573155869378,0.07330880554013265,0.0,0.0,84.56159917769553,False
1767844892.0138292,57.96077013015747,1.1716326282176845,1.9123649043935187,0.07330880544918209,0.0,0.0,82.4274460921659,False
1767844892.083483,58.03042387962341,1.1747831062703438,1.9330698603888334,0.07330880537120435,0.0,0.0,80.26983589036791,False
1767844892.1560137,58.102954626083374,1.1800527752791794,1.959844916899086,0.07330880529019294,0.0,0.0,77.46162465829012,False
1767844892.233026,58.17996692657471,1.1875389352510233,1.9896053672317517,0.07330880522376082,0.0,0.0,74.29702814950639,False
1767844892.3005302,58.24747109413147,1.1938044939495518,2.010327351951788,0.07330880519138937,0.0,0.0,72.05448220939883,False
1767844892.36442,58.31136083602905,1.2009096799305252,2.030872923981926,0.07330880517004454,0.0,0.0,69.7897718508559,False
1767844892.4266307,58.3735716342926,1.2100450431934886,2.054045660867949,0.07330880515836541,0.0,0.0,67.17476863059547,False
1767844892.5152864,58.46222734451294,1.2243324307636485,2.085192548553126,0.07330880516268586,0.0,0.0,63.53329177463705,False
1767844892.5738661,58.52080702781677,1.2329420815744159,2.101753185313028,0.07330880517411803,0.0,0.0,61.52500967319358,False
1767844892.6350698,58.5820107460022,1.2436879584082239,2.1206280298367797,0.07330880519478994,0.0,0.0,59.16266481531213,False
1767844892.6930687,58.64000964164734,1.2568550293262915,2.1415398901958858,0.07330880522999415,0.0,0.0,56.43747783197603,False
1767844892.7496073,58.69654822349548,1.2691088834291555,2.159195167956838,0.07330880526876865,0.0,0.0,54.030596313490854,True
1767844892.8176885,58.76462936401367,1.2820080495503416,2.176201493863566,0.07330880531299622,0.0,0.0,51.603121023512024,False
1767844892.8847895,58.831730365753174,1.2955126316234726,2.192515610886109,0.07330880536385048,0.0,0.0,49.155266431787474,False
1767844892.9485307,58.89547157287598,1.311622275306419,2.2102500992078524,0.07330880543125544,0.0,0.0,46.33223342989814,False
1767844893.01679,58.963730812072754,1.3305254769334265,2.2289790122920805,0.07330880551184604,0.0,0.0,43.124037264691644,False
1767844893.084414,59.031354904174805,1.345739023326167,2.2426144305782296,0.07330880557860141,0.0,0.0,40.605456775047706,False
1767844893.1467795,59.09372043609619,1.3613403966744497,2.2554023195166355,0.07330880564984818,0.0,0.0,38.06625962751419,False
1767844893.2059262,59.15286707878113,1.3795816581112956,2.2689537708995333,0.07330880573268891,0.0,0.0,35.13925494065247,False
1767844893.2685032,59.21544408798218,1.39819266602848,2.281351079743375,0.07330880581649657,0.0,0.0,32.18590260642416,False
1767844893.342866,59.289806842803955,1.417090150960986,2.2925727269355716,0.07330880590593779,0.0,0.0,29.20599754618448,False
1767844893.4065156,59.35345649719238,1.4337967463735546,2.301417108220452,0.073308805983698,0.0,0.0,26.576731704619935,False
1767844893.4775834,59.42452430725098,1.4554313634153868,2.311450601655117,0.07330880608244829,0.0,0.0,23.166747370429963,False
1767844893.5449123,59.4918532371521,1.4771509000618501,2.319986176359994,0.07330880617890398,0.0,0.0,19.724294949671314,False
1767844893.60283,59.54977083206177,1.4916298076220762,2.3248509556957955,0.07330880624223879,0.0,0.0,17.411602492842274,False
1767844893.6724648,59.61940574645996,1.5084768975249354,2.329700610493543,0.07330880631498286,0.0,0.0,14.69578943380096,False
1767844893.7360013,59.682942152023315,1.5276160068195108,2.3341683951151757,0.073308806396904,0.0,0.0,11.568946813005091,False
1767844893.7983842,59.74532508850098,1.548923857462084,2.3378508221775003,0.0733088064866223,0.0,0.0,8.022245187449991,False
1767844893.8626826,59.80962347984314,1.5652791792851526,2.33975425912092,0.07330880655449314,0.0,0.0,5.242789911299845,False
1767844893.9210205,59.867961406707764,1.5791142533948734,2.340733497266348,0.07330880661098098,0.0,0.0,2.8460661017793707,False
1767844893.981991,59.92893195152283,1.5950084450115498,2.3411345818032205,0.0733088066751681,0.0,0.0,0.03342542685840585,False
1767844894.070218,60.01715898513794,1.6215386128590605,2.340031798801573,0.07330880678089507,0.0,0.0,355.17115847268377,False
1767844894.1393647,60.08630561828613,1.6386519975868556,2.3380953345759132,0.0733088068482801,0.0,0.0,351.9016431779106,False
1767844894.1979694,60.14491033554077,1.6511529622652217,2.3360421005492613,0.07330880689716757,0.0,0.0,349.4350461161954,False
1767844894.266025,60.212965965270996,1.6673411498788306,2.332538832232588,0.07330880696013709,0.0,0.0,346.12723732466395,False
1767844894.3242285,60.27116942405701,1.6829428316056154,2.3282034650065517,0.07330880702127242,0.0,0.0,342.79790489166163,False
1767844894.386654,60.33359479904175,1.6960827320593113,2.323765735175861,0.0733088070727152,0.0,0.0,339.86723781411155,False
1767844894.4561908,60.40313172340393,1.7087223216479908,2.318761357240069,0.0733088071221983,0.0,0.0,336.92046343295857,False
1767844894.5238185,60.47075939178467,1.7225284429781795,2.3123922544928592,0.07330880717695624,0.0,0.0,333.53319851974754,False
1767844894.5878828,60.53482365608215,1.7372117008998034,2.304461612901106,0.07330880723571659,0.0,0.0,329.697841524317,False
1767844894.6595209,60.60646176338196,1.7494850181664152,2.296789588442518,0.07330880728531268,0.0,0.0,326.2670368684957,False
1767844894.7286723,60.67561316490173,1.7596055571603009,2.2896408450546133,0.0733088073278192,0.0,0.0,323.2485098257125,False
1767844894.7863476,60.733288526535034,1.7691349595450192,2.2821252003078403,0.07330880736857992,0.0,0.0,320.21451994287224,False
1767844894.8444185,60.791359424591064,1.7792925538711877,2.2731321367532584,0.07330880741291679,0.0,0.0,316.7284320601689,False
1767844894.91226,60.859200954437256,1.7886581645247255,2.263761325445081,0.07330880745626762,0.0,0.0,313.22255096533604,False
1767844894.9721885,60.919129371643066,1.7951550990300857,2.256521919666947,0.07330880748775889,0.0,0.0,310.5799998858968,False
1767844895.0329764,60.97991728782654,1.8021628849803184,2.247879764649901,0.07330880752284552,0.0,0.0,307.48295045747113,False
1767844895.092552,61.03949284553528,1.8094206495569012,2.237784141936682,0.07330880755983112,0.0,0.0,303.92526505391896,False
1767844895.1497564,61.09669733047485,1.815122129674012,2.228788704798549,0.07330880758971973,0.0,0.0,300.79701336619144,False
1767844895.208181,61.15512180328369,1.8195302661353034,2.2209831204024515,0.07330880761416497,0.0,0.0,298.1044999719499,False
1767844895.283572,61.230512857437134,1.8247230179120804,2.2104812062330406,0.07330880764986822,0.0,0.0,294.49920828070213,False
1767844895.34504,61.29198098182678,1.8295962847741498,2.1987040677795022,0.0733088077002752,0.0,0.0,290.4324599234834,False
1767844895.4108284,61.35776925086975,1.8330887960793618,2.1883454262886746,0.07330880774109386,0.0,0.0,286.81075323198735,False
1767844895.480378,61.427318811416626,1.8355235873541524,2.17940392131482,0.07330880777847251,0.0,0.0,283.6371219958704,False
1767844895.5440216,61.490962505340576,1.837386968166846,2.170683579123501,0.07330880782205165,0.0,0.0,280.4657953453273,False
1767844895.6064978,61.553438663482666,1.838857815444336,2.1610369604050335,0.07330880786691106,0.0,0.0,276.84641683551126,False
1767844895.6744008,61.621341705322266,1.8397391465634465,2.1506032318312522,0.07330880790271155,0.0,0.0,272.78075477301604,False
1767844895.7386992,61.68564009666443,1.8399083686789632,2.142489036003625,0.07330880788562792,0.0,0.0,269.6185606043457,False
1767844895.7967918,61.74373269081116,1.8396931083516115,2.1354078116595905,0.07330880787050344,0.0,0.0,266.9060975967185,False
1767844895.865502,61.812443017959595,1.8388691446335796,2.125815900416432,0.07330880785015478,0.0,0.0,263.2866311874432,False
1767844895.9533458,61.90028667449951,1.8364258093818822,2.111131185948191,0.07330880781114946,0.0,0.0,257.8544718890372,False
1767844896.0188746,61.96581554412842,1.8343011895579222,2.102439198813674,0.07330880778848782,0.0,0.0,254.6850047637628,False
1767844896.1040282,62.05096912384033,1.830786712647687,2.0911980164691815,0.07330880775956986,0.0,0.0,250.6092230868583,False
1767844896.164133,62.11107397079468,1.8269085029987715,2.0812040289729388,0.0733088077342294,0.0,0.0,246.98560610273273,False
1767844896.2278092,62.174750089645386,1.8223112661130307,2.07126950791674,0.073308807709377,0.0,0.0,243.361340753592,False
1767844896.294499,62.24143981933594,1.817696203244198,2.062672844102311,0.07330880768813247,0.0,0.0,240.18958444102213,False
1767844896.3591092,62.306050062179565,1.8125294354658252,2.054208515198516,0.073308807667438,0.0,0.0,237.01734574124163,False
1767844896.4262173,62.37315821647644,1.8050835725900427,2.0435860054551926,0.0733088076417518,0.0,0.0,232.93805461010098,False
1767844896.488677,62.43561792373657,1.7977143660732144,2.0344466344493686,0.0733088076150481,0.0,0.0,229.31918788240603,False
1767844896.576555,62.52349591255188,1.78854090026497,2.0245026437329328,0.0733088075751846,0.0,0.0,225.33170231475825,False
1767844896.6422014,62.58914232254028,1.780760215065226,2.0170396228079674,0.07330880754213137,0.0,0.0,222.30131877175026,False
1767844896.7312942,62.67823505401611,1.7661308560277795,2.004874846118319,0.07330880748128117,0.0,0.0,217.24834789707103,False
1767844896.7974327,62.74437355995178,1.7554907797304127,1.997257318763722,0.07330880743777199,0.0,0.0,213.97763325852483,False
1767844896.866171,62.813111782073975,1.7456126558707366,1.990947644656683,0.07330880739777487,0.0,0.0,211.17893043455933,False
1767844896.9280767,62.87501764297485,1.735216452041674,1.9849939154551222,0.07330880735598805,0.0,0.0,208.43836867912336,False
1767844896.9887302,62.93567109107971,1.7227169267985554,1.9786538980734691,0.07330880730605592,0.0,0.0,205.37650154055243,False
1767844897.0595927,63.0065336227417,1.7078913340376127,1.9721511817002721,0.07330880724713777,0.0,0.0,202.020054016066,False
1767844897.1247382,63.07167911529541,1.6959559612045285,1.9676307708123293,0.07330880725027702,0.0,0.0,199.47550497084868,False
1767844897.1856978,63.132638692855835,1.6856111368442497,1.9641883200739916,0.07330880725572012,0.0,0.0,197.3426576116375,False
1767844897.2579162,63.20485711097717,1.671662449226622,1.9602020723460791,0.07330880725888882,0.0,0.0,194.5671451521962,False
1767844897.3240635,63.27100443840027,1.6542643278538869,1.9562209842061733,0.07330880733075085,0.0,0.0,191.20923080401812,False
1767844897.3867548,63.33369565010071,1.642374359653172,1.9541090964403736,0.07330880738342249,0.0,0.0,188.93451290545497,False
1767844897.4478436,63.394784450531006,1.632366353124225,1.9527054582922807,0.07330880742288928,0.0,0.0,187.03377354683235,False
1767844897.5104587,63.45739960670471,1.620949371768671,1.9515146200055735,0.07330880748375906,0.0,0.0,184.8721211656862,False
1767844897.5696132,63.51655411720276,1.60836812874873,1.950706661992299,0.07330880755149204,0.0,0.0,182.47284193049697,False
1767844897.6337314,63.58067226409912,1.5962573440780017,1.9504293331061813,0.07330880760937673,0.0,0.0,180.14833823256603,False
1767844897.6923032,63.639244079589844,1.5874795465765077,1.9505362525633612,0.073308807655896,0.0,0.0,178.453024189042,False
1767844897.759373,63.70631384849548,1.5776491305977467,1.950966950187053,0.0733088077121491,0.0,0.0,176.52461980744917,False
1767844897.822008,63.768948793411255,1.566933344166104,1.9518183235238822,0.07330880776779959,0.0,0.0,174.38484025763566,False
1767844897.8869085,63.83384943008423,1.5555020974183378,1.95317637002586,0.07330880782703793,0.0,0.0,172.0578202248006,False
1767844897.969655,63.91659593582153,1.5448104432104988,1.9548812688694452,0.0733088078870952,0.0,0.0,169.81167795529743,False
1767844898.0343423,63.98128318786621,1.5369871401817448,1.9564064898122784,0.07330880792713361,0.0,0.0,168.11924716753435,True
1767844898.0946794,64.0416202545166,1.52855254336091,1.95832509433567,0.0733088079721405,0.0,0.0,166.24226043323992,False
1767844898.1547985,64.1017394065857,1.5206796362163304,1.9603850021855813,0.07330880801340595,0.0,0.0,164.42434619540157,False
1767844898.2397335,64.18667435646057,1.512441227742535,1.962834538725668,0.07330880805280977,0.0,0.0,162.44860318153326,False
1767844898.3164325,64.26337337493896,1.5048141184266626,1.9653862593724218,0.07330880808889698,0.0,0.0,160.544920736041,False
1767844898.3809402,64.32788109779358,1.4977832974449177,1.9679964084952877,0.07330880812043043,0.0,0.0,158.71145856786669,False
1767844898.4439802,64.39092111587524,1.4926909267668136,1.9700513003730458,0.07330880814140278,0.0,0.0,157.33319104335737,False
1767844898.5210414,64.4679822921753,1.487243239263435,1.9724116647618857,0.0733088081631462,0.0,0.0,155.80827325679167,False
1767844898.5801365,64.52707743644714,1.4827885216019905,1.974473349728383,0.07330880818002697,0.0,0.0,154.5169597867665,False
1767844898.6459067,64.5928475856781,1.4774504538003805,1.9771093852949073,0.07330880819857985,0.0,0.0,152.91472780651569,False
1767844898.730091,64.67703199386597,1.4720325667372902,1.9799819471408264,0.07330880822159941,0.0,0.0,151.20140837959522,False
1767844898.7913237,64.73826456069946,1.46907678150922,1.9816404541834567,0.0733088082347637,0.0,0.0,150.19715833436743,False
1767844898.859072,64.80601286888123,1.4654575685167803,1.983768282755127,0.07330880825014259,0.0,0.0,148.88481459523308,False
1767844898.923258,64.87019896507263,1.46178205841628,1.9860501204139767,0.07330880826395648,0.0,0.0,147.42783856062584,False
1767844898.9823754,64.92931628227234,1.4591850686996604,1.987745134639909,0.07330880827331816,0.0,0.0,146.2951214803765,False
1767844899.0415108,64.98845171928406,1.457131556978899,1.9891399220194568,0.07330880828052885,0.0,0.0,145.32455522685513,False
1767844899.1062062,65.05314707756042,1.4548980950482555,1.990717792929997,0.07330880828437596,0.0,0.0,144.1860771129853,False
1767844899.166819,65.11375999450684,1.4524285202856253,1.9925436907145329,0.07330880828579542,0.0,0.0,142.84874499538765,False
1767844899.229139,65.17607998847961,1.4500395023669352,1.9943991469772286,0.07330880828725844,0.0,0.0,141.47097957793176,False
1767844899.2937968,65.24073767662048,1.4480260294595626,1.996037928041906,0.07330880828999337,0.0,0.0,140.2328976759144,False
1767844899.3604076,65.30734848976135,1.4461381156344733,1.9976442695436245,0.07330880829424073,0.0,0.0,138.96579302924144,False
1767844899.4307516,65.3776924610138,1.4439040125595097,1.999645735244312,0.07330880829934511,0.0,0.0,137.29484864864597,False
1767844899.488892,65.43583297729492,1.4421070732427033,2.001348143541955,0.07330880830512619,0.0,0.0,135.77095695326636,False
1767844899.5505252,65.49746608734131,1.4407456980854427,2.0027044528358573,0.07330880831149522,0.0,0.0,134.4100188027461,False
1767844899.6116338,65.55857467651367,1.4397401606244011,2.003751914173991,0.07330880831624806,0.0,0.0,133.2236206835618,False
1767844899.6983552,65.64529609680176,1.4383961116924944,2.0052305852278725,0.07330880832409428,0.0,0.0,131.20657702546927,False
1767844899.7608364,65.70777726173401,1.4376264990735386,2.0061361478163744,0.07330880833002132,0.0,0.0,129.35234797427677,False
1767844899.8204508,65.76739168167114,1.4373083294912123,2.006533211626462,0.07330880833254375,0.0,0.0,127.88553048981939,False
1767844899.890122,65.83706283569336,1.4372213723158855,2.006646620900976,0.0733088083333166,0.0,0.0,126.39762794172486,False
1767844899.9507701,65.89771103858948,1.4374085209940504,2.0063838461118415,0.07330880833134204,0.0,0.0,124.8908433007659,False
1767844900.0104742,65.95741510391235,1.4379465606158632,2.005583982231485,0.07330880832529688,0.0,0.0,123.14665497450198,False
1767844900.080565,66.02750587463379,1.4387968293099445,2.0042340364441817,0.07330880831444489,0.0,0.0,121.37933846071628,False
1767844900.1443505,66.0912914276123,1.4398200192608053,2.0025011943878828,0.0733088082983766,0.0,0.0,119.8161249406139,False
1767844900.2054775,66.15241837501526,1.4410863044432043,2.0002166624300832,0.07330880827786805,0.0,0.0,118.23806158746515,False
1767844900.2731297,66.22007060050964,1.4430160094352895,1.996457910790492,0.07330880824411942,0.0,0.0,116.18786869958042,False
1767844900.337451,66.2843918800354,1.4449933909890214,1.9922637805193337,0.07330880820413638,0.0,0.0,114.3495440958557,False
1767844900.4056385,66.35257935523987,1.4468871527587912,1.9879132021085217,0.07330880816423889,0.0,0.0,112.73008127560514,False
1767844900.4723535,66.4192943572998,1.4488900490281835,1.9829310563524483,0.0733088081202294,0.0,0.0,111.10056009455874,False
1767844900.5483944,66.49533534049988,1.4518795099924526,1.9746734407057267,0.07330880804425392,0.0,0.0,108.75834849874266,False
1767844900.6247315,66.5716724395752,1.4549196739555608,1.9650643969942838,0.07330880796097716,0.0,0.0,106.40139529125408,False
1767844900.6929283,66.63986921310425,1.4570128687206667,1.9575480673850594,0.07330880789478257,0.0,0.0,104.74327723272124,False
1767844900.7587729,66.70571374893188,1.4590524494073351,1.9493077432980326,0.07330880781558415,0.0,0.0,103.08296412767663,False
1767844900.8214698,66.76841068267822,1.4612657038701466,1.9390020762973643,0.07330880772137371,0.0,0.0,101.1843126533319,False
1767844900.9059718,66.85291266441345,1.4639839038827094,1.923358234004955,0.07330880758809473,0.0,0.0,98.57163425370356,False
1767844900.9835877,66.93052864074707,1.4656386160828723,1.9109753116133854,0.07330880749019734,0.0,0.0,96.66983143281458,False
1767844901.0536993,67.00064015388489,1.466811359875452,1.8994911781381825,0.07330880740467254,0.0,0.0,95.00458673952946,False
1767844901.117738,67.06467890739441,1.4679659848443618,1.8821196238938698,0.0733088072870376,0.0,0.0,92.62336311019216,False
1767844901.177041,67.12398195266724,1.468363732307042,1.8693496795155313,0.07330880720765244,0.0,0.0,90.95432421116547,False
1767844901.2526305,67.19957137107849,1.468390176533481,1.8561234635400836,0.07330880713071924,0.0,0.0,89.28348823331837,False
1767844901.3154888,67.26242971420288,1.4679329866959558,1.8405108238111063,0.07330880704991855,0.0,0.0,87.37136178570908,False
1767844901.3735273,67.32046818733215,1.4669248268476538,1.8244447798046213,0.07330880697459616,0.0,0.0,85.45567616095975,False
1767844901.436574,67.38351488113403,1.4653379475402517,1.8079873130191257,0.07330880690419743,0.0,0.0,83.53646505540743,False
1767844901.4946358,67.44157671928406,1.463758030691789,1.7954532288658707,0.07330880687624353,0.0,0.0,82.09977591976389,False
1767844901.5667255,67.51366639137268,1.461157794892798,1.7787387328803712,0.07330880686742242,0.0,0.0,80.22425075921592,False
1767844901.6259985,67.57293939590454,1.458011668496037,1.7620776638195998,0.07330880686208796,0.0,0.0,78.39764390034478,False
1767844901.6895342,67.63647508621216,1.4543410287033185,1.7455138867647857,0.0733088068679417,0.0,0.0,76.61933785639647,False
1767844901.7487497,67.69569063186646,1.4512696567372734,1.7332256853232206,0.07330880688267047,0.0,0.0,75.31749424700637,False
1767844901.8142753,67.76121616363525,1.4473609602436142,1.71906135563523,0.07330880690068993,0.0,0.0,73.83292768870962,False
1767844901.8844905,67.83143138885498,1.44185038039409,1.701146669198655,0.07330880693184487,0.0,0.0,71.97776062969304,False
1767844901.955073,67.9020140171051,1.4358588830581822,1.683669079298503,0.07330880697526024,0.0,0.0,70.18303074316081,False
1767844902.0208657,67.9678065776825,1.430897282249443,1.6703957337055175,0.07330880700823048,0.0,0.0,68.8284508417695,False
1767844902.095778,68.0427188873291,1.4249309783489796,1.655573285702688,0.07330880704929883,0.0,0.0,67.32401355139795,False
1767844902.1585062,68.1054470539093,1.4179061576721204,1.6394143337902969,0.07330880710609033,0.0,0.0,65.68730979786845,False
1767844902.2225718,68.16951274871826,1.411421951009687,1.6255197063357762,0.07330880715390284,0.0,0.0,64.2815289235655,False
1767844902.2917032,68.23864412307739,1.4055866142772138,1.613720971113803,0.07330880719867117,0.0,0.0,63.088854953040126,False
1767844902.3603177,68.30725860595703,1.3987801787838448,1.6006861552537086,0.07330880725348342,0.0,0.0,61.768487672780616,False
1767844902.417869,68.3648099899292,1.3918525664491692,1.5881214316167556,0.07330880730493497,0.0,0.0,60.49308533526976,False
1767844902.4957588,68.44269967079163,1.3839430707624778,1.5745310833417818,0.0733088073634742,0.0,0.0,59.11126657551557,False
1767844902.5559835,68.50292444229126,1.3786342721351619,1.5658113490308732,0.07330880740528037,0.0,0.0,58.22135710451352,False
1767844902.6195388,68.56647968292236,1.372422244898935,1.5559783284491036,0.07330880745130566,0.0,0.0,57.21452381609349,False
1767844902.6928313,68.63977217674255,1.3635384762135117,1.5425446785069297,0.0733088075162336,0.0,0.0,55.83408916564446,False
1767844902.7601428,68.7070837020874,1.3564663205727325,1.5323290497448216,0.0733088075682098,0.0,0.0,54.77853078550082,False
1767844902.8288207,68.77576160430908,1.350318830229591,1.523763290799194,0.07330880761056303,0.0,0.0,53.890018818685746,False
1767844902.8911276,68.83806848526001,1.3442206588011096,1.5155336706148899,0.07330880765331667,0.0,0.0,53.03390980914274,False
1767844902.9487164,68.8956573009491,1.3373483055136897,1.5065566809582105,0.07330880770272218,0.0,0.0,52.09536189415272,False
1767844903.0119655,68.95890641212463,1.3305920540815954,1.4980182074012334,0.07330880774832599,0.0,0.0,51.19883317319618,False
1767844903.081052,69.0279929637909,1.3247817465640612,1.490888213572545,0.07330880778618895,0.0,0.0,50.448349256374264,False
1767844903.1426425,69.08958339691162,1.319086942165567,1.4840800796316886,0.07330880782510801,0.0,0.0,49.72949332269599,False
1767844903.204716,69.15165686607361,1.3127335861017781,1.476683891001432,0.07330880786629132,0.0,0.0,48.946329919217625,False
1767844903.2752495,69.22219038009644,1.3057888250702825,1.4688262525509306,0.07330880790917706,0.0,0.0,48.11347883156882,False
1767844903.3362956,69.28323650360107,1.3005491574222479,1.463046366053469,0.07330880794189898,0.0,0.0,47.500691468492406,True
1767844903.421522,69.36846280097961,1.2940320078586647,1.456026180723883,0.07330880798058116,0.0,0.0,46.75728594400778,False
1767844903.4865794,69.43352031707764,1.28776558447399,1.4494436576560044,0.07330880801647675,0.0,0.0,46.06318591183656,False
1767844903.5659924,69.51293325424194,1.2811113845694722,1.4426236687405345,0.07330880805337409,0.0,0.0,45.34929257565482,False
1767844903.6258132,69.57275414466858,1.2772758055828164,1.4387681024163261,0.07330880807368531,0.0,0.0,44.94950583227234,False
1767844903.6918564,69.63879728317261,1.2729496488034588,1.4344826920491542,0.07330880809588258,0.0,0.0,44.50974195344983,False
1767844903.7554486,69.70238947868347,1.2682025341247525,1.4298542621434487,0.07330880811940778,0.0,0.0,44.04172459934653,False
1767844903.8130002,69.75994110107422,1.263664709472366,1.4254988725295243,0.073308808140985,0.0,0.0,43.610028122347586,False
1767844903.8867936,69.8337345123291,1.2593346112264223,1.4214025392822212,0.07330880816076964,0.0,0.0,43.21410196103515,False
1767844903.952849,69.89978981018066,1.2557147292097517,1.4180205119490337,0.07330880817672222,0.0,0.0,42.896582950685556,False
1767844904.0097768,69.95671772956848,1.252251084596364,1.414818735177296,0.07330880819149746,0.0,0.0,42.605677255989995,False
1767844904.08495,70.03189086914062,1.2475676518740058,1.410539431798689,0.0733088082097471,0.0,0.0,42.234869923446944,False
1767844904.1662698,70.11321067810059,1.2435814009571946,1.4069394318200368,0.0733088082228602,0.0,0.0,41.93847209527146,False
1767844904.2301798,70.17712068557739,1.24062183958368,1.4042901470394749,0.07330880823227995,0.0,0.0,41.73057042824364,False
1767844904.2965,70.24344086647034,1.2369871209125618,1.4010620353714278,0.07330880824191295,0.0,0.0,41.490313057201135,False
1767844904.3605669,70.30750775337219,1.233875097881432,1.3983192336847519,0.07330880824834754,0.0,0.0,41.294041063233244,False
1767844904.439241,70.38618183135986,1.230866475615555,1.3956851422609038,0.07330880825438778,0.0,0.0,41.11246713372655,False
1767844904.5025814,70.4495222568512,1.2283122451512192,1.3934617969873209,0.07330880825846099,0.0,0.0,40.96435499327248,False
1767844904.5627735,70.5097143650055,1.225457719113952,1.390990608337702,0.0733088082622172,0.0,0.0,40.8021924579456,False
1767844904.6238103,70.57075119018555,1.2226691237887441,1.3885899713041265,0.07330880826579088,0.0,0.0,40.64709787380586,False
1767844904.6877255,70.6346664428711,1.2202830813154768,1.3865461946943507,0.07330880826898199,0.0,0.0,40.51667341613856,False
1767844904.747794,70.69473481178284,1.2182843688698608,1.3848414833791243,0.07330880827199526,0.0,0.0,40.404723654645075,False
1767844904.8063421,70.75328302383423,1.2160086566493145,1.3829088700740662,0.07330880827537992,0.0,0.0,40.272511606645786,False
1767844904.8745234,70.82146430015564,1.213171995599143,1.3805128044404924,0.07330880828011552,0.0,0.0,40.09981641155582,False
1767844904.9425986,70.88953948020935,1.210790565719133,1.3785131520083869,0.07330880828710717,0.0,0.0,39.93517493330564,False
1767844905.0297732,70.97671413421631,1.2083054413611019,1.376439937695085,0.07330880829435081,0.0,0.0,39.731944040414035,False
1767844905.09485,71.04179096221924,1.206282284130319,1.3747640742866531,0.07330880830183004,0.0,0.0,39.53345004029807,False
1767844905.1586297,71.10557055473328,1.2042980446015734,1.373133494896487,0.07330880831063624,0.0,0.0,39.27824909171837,False
1767844905.219583,71.16652393341064,1.2029753403039345,1.3720558223299448,0.07330880831646876,0.0,0.0,39.05574366538212,False
1767844905.2883253,71.23526620864868,1.2018545365382474,1.3711501633992467,0.07330880832215103,0.0,0.0,38.811258565918195,False
1767844905.3534064,71.30034732818604,1.200887501920341,1.3703763614091151,0.07330880832790554,0.0,0.0,38.49565308391721,False
1767844905.4167254,71.36366629600525,1.2002147281303501,1.3698446464386844,0.07330880833191657,0.0,0.0,38.09331639087923,False
1767844905.4887912,71.43573212623596,1.1999991936938164,1.3696765103294977,0.07330880833333397,0.0,0.0,37.692924768601245,False
1767844905.5475154,71.49445629119873,1.2001300083837871,1.3697767948841566,0.07330880833244074,0.0,0.0,37.35947131575813,False
1767844905.623214,71.57015490531921,1.2008226578555885,1.370299652947801,0.07330880832737242,0.0,0.0,36.80399662608978,False
1767844905.68848,71.63542079925537,1.2022373113954015,1.3713448942702826,0.07330880830780734,0.0,0.0,36.18136065989769,False
1767844905.749554,71.69649481773376,1.2043346236655081,1.372862915332241,0.073308808268328,0.0,0.0,35.64393214106991,False
1767844905.8266706,71.77361154556274,1.2079081597884411,1.3753925652520076,0.07330880820178029,0.0,0.0,34.972141967512734,False
1767844905.8919117,71.83885264396667,1.2127492283045247,1.378731639021431,0.07330880811198077,0.0,0.0,34.240125496911304,False
1767844905.96847,71.9154109954834,1.2206248974577847,1.3839898417002938,0.07330880796852188,0.0,0.0,33.24388537123911,False
1767844906.0300183,71.97695922851562,1.2273445624430714,1.388330975616847,0.0733088078503331,0.0,0.0,32.49382017719721,False
1767844906.0910766,72.0380175113678,1.233893430923209,1.3924473866240943,0.07330880773743284,0.0,0.0,31.81700051157507,False
1767844906.1715891,72.11853003501892,1.2464366122713983,1.4000472721068176,0.0733088075287137,0.0,0.0,30.621797141915113,False
1767844906.2280147,72.17495560646057,1.2579175268202605,1.4067051781723403,0.07330880734811822,0.0,0.0,29.606194921592948,False
1767844906.29058,72.23752093315125,1.2689984157072716,1.4128823193509061,0.07330880718176823,0.0,0.0,28.674935653568053,False
1767844906.3517077,72.29864859580994,1.2792583981239494,1.4183972061999357,0.07330880703335617,0.0,0.0,27.84594645707685,False
1767844906.4132907,72.36023163795471,1.2921002400205042,1.4250374819075462,0.073308806857203,0.0,0.0,26.843515350090104,False
1767844906.4809885,72.4279294013977,1.3099519177966508,1.4338094842157774,0.07330880662791112,0.0,0.0,25.4996893999199,False
1767844906.5417705,72.4887113571167,1.3270498854351607,1.441737111257019,0.07330880642355428,0.0,0.0,24.254531159883527,False
1767844906.628718,72.57565879821777,1.3476091615579997,1.450686933740363,0.07330880619815175,0.0,0.0,22.797837649740888,False
1767844906.6919296,72.63887047767639,1.3645232003358023,1.4575930058408584,0.0733088060280982,0.0,0.0,21.62456078075772,False
1767844906.7661765,72.71311736106873,1.390007298058794,1.467250803213331,0.07330880579591353,0.0,0.0,19.888295433632585,False
1767844906.8322418,72.77918267250061,1.4114443168511148,1.4747027171739786,0.07330880562113481,0.0,0.0,18.449132073366084,False
1767844906.8919203,72.83886122703552,1.4280934771993272,1.4800786549458878,0.07330880549775069,0.0,0.0,17.340927908220692,False
1767844906.953699,72.90064001083374,1.4480942989803192,1.4860712765540676,0.07330880536272456,0.0,0.0,16.017082284966897,False
1767844907.0326502,72.97959113121033,1.4806771993016365,1.4947682338646195,0.07330880517005536,0.0,0.0,13.870425638714236,False
1767844907.098821,73.04576182365417,1.505174072794252,1.5004533544750505,0.07330880504423798,0.0,0.0,12.259206787310655,False
1767844907.1584723,73.10541319847107,1.5239466390018364,1.5043211756651222,0.0733088049578415,0.0,0.0,11.023809128125464,False
1767844907.2205315,73.16747236251831,1.5462383434743159,1.5083681158439266,0.07330880486667105,0.0,0.0,9.553701131843832,False
1767844907.2881923,73.23513317108154,1.575443948236322,1.5127787827796637,0.07330880476457727,0.0,0.0,7.618605264963656,False
1767844907.3554864,73.30242729187012,1.6018435203744557,1.5158983898936547,0.07330880468785533,0.0,0.0,5.856704156215194,False
1767844907.4137793,73.36072015762329,1.6218695287658151,1.5177153626516884,0.07330880463875249,0.0,0.0,4.509826344807137,False
1767844907.4840841,73.43102502822876,1.6488150144354694,1.519409309212113,0.07330880458488556,0.0,0.0,2.6805044626397123,False
1767844907.5456822,73.49262309074402,1.6793728260392862,1.5202797904781618,0.07330880454053867,0.0,0.0,0.5770587064158864,False
1767844907.6129391,73.55988001823425,1.706672611530189,1.5201009890875685,0.07330880451293922,0.0,0.0,358.6674570582898,False
1767844907.6843524,73.63129329681396,1.7306087285613982,1.5191893475280585,0.07330880449775998,0.0,0.0,356.9662285746435,False
1767844907.7435813,73.69052219390869,1.7545395601866172,1.5175594782768926,0.07330880449089328,0.0,0.0,355.2369657159078,False
1767844907.801117,73.74805784225464,1.7818236144338369,1.5148048208834661,0.07330880449165068,0.0,0.0,353.2267734040395,False
1767844907.8684719,73.81541275978088,1.8089739637647668,1.5110890484410382,0.07330880450094726,0.0,0.0,351.1809549727025,False
1767844907.933204,73.88014483451843,1.8325692851386186,1.507044791629962,0.07330880451556286,0.0,0.0,349.3620640313265,False
1767844907.990985,73.93792581558228,1.8526397255163942,1.5029883412663332,0.07330880453255462,0.0,0.0,347.7819046265137,False
1767844908.0627005,74.00964140892029,1.8824176595065922,1.4958849854574752,0.07330880456514688,0.0,0.0,345.37563677573604,False
1767844908.1222644,74.06920528411865,1.908491586776302,1.4885519409296044,0.07330880460191681,0.0,0.0,343.20084243009313,False
1767844908.185886,74.13282680511475,1.9309503536701582,1.4813578740222806,0.07330880463851305,0.0,0.0,341.2705258337235,False
1767844908.259787,74.20672798156738,1.9530363485614255,1.4734480664990175,0.07330880467886437,0.0,0.0,339.3150177189659,False
1767844908.3224502,74.26939105987549,1.9808190952598097,1.4622483104891213,0.07330880473894869,0.0,0.0,336.76403592769606,False
1767844908.384175,74.33111596107483,2.0048709417837594,1.4513465879095315,0.07330880479688578,0.0,0.0,334.4619049779879,False
1767844908.4502187,74.39715957641602,2.02537750868958,1.4410977178613176,0.073308804850111,0.0,0.0,332.42123185268275,False
1767844908.513952,74.46089291572571,2.045344651038775,1.4302077073294555,0.07330880490720218,0.0,0.0,330.35620883061796,False
1767844908.577532,74.52447295188904,2.067460287931339,1.4170062966277763,0.07330880497469712,0.0,0.0,327.96655874072974,False
1767844908.6574903,74.60443115234375,2.093986014671637,1.3994215944934416,0.07330880506149287,0.0,0.0,324.93576153819157,True
1767844908.7227118,74.6696527004242,2.1117729447810976,1.3864341745870052,0.07330880512525124,0.0,0.0,322.7856119970793,False
1767844908.7864685,74.73340940475464,2.1288846127251166,1.3729214233702831,0.0733088051898972,0.0,0.0,320.6120713720278,False
1767844908.8504,74.79734086990356,2.1498563993877524,1.354821688309003,0.07330880527368652,0.0,0.0,317.783647858333,False
1767844908.925562,74.87250280380249,2.169625464098166,1.3359676293712026,0.07330880536114473,0.0,0.0,314.91745788440005,False
1767844908.985659,74.93259978294373,2.1821111923232532,1.323017693792923,0.07330880542028184,0.0,0.0,312.9856111259585,False
1767844909.0483391,74.99528002738953,2.1959605359283527,1.307556437008405,0.07330880548896271,0.0,0.0,310.7107735339622,False
1767844909.120758,75.06769895553589,2.2143713034447576,1.2848819302647068,0.07330880559194035,0.0,0.0,307.4217660246368,False
1767844909.1865735,75.13351440429688,2.227904629094804,1.2663197962239932,0.07330880567469962,0.0,0.0,304.7569524629263,False
1767844909.2465649,75.19350576400757,2.237348773098114,1.2521862795256473,0.07330880573585075,0.0,0.0,302.7390080690459,False
1767844909.3123868,75.25932765007019,2.2475980502517166,1.2354975746954957,0.07330880580403575,0.0,0.0,300.36422976529263,False
1767844909.395705,75.34264588356018,2.2620272119399796,1.2089086149753285,0.07330880590806199,0.0,0.0,296.5891607277235,False
1767844909.462431,75.40937185287476,2.2712279290431385,1.1893612639106805,0.0733088059821261,0.0,0.0,293.81099271076465,False
1767844909.5305495,75.47749042510986,2.2784000374976734,1.1721215563690974,0.07330880602425213,0.0,0.0,291.35987763712717,False
1767844909.6132665,75.56020736694336,2.287254875687136,1.1472565266373618,0.07330880608130669,0.0,0.0,287.8308329034786,False
1767844909.680974,75.6279149055481,2.293815990714796,1.124723563957978,0.07330880613524984,0.0,0.0,284.6278778165333,False
1767844909.7437284,75.690669298172,2.297989566933371,1.1071797898732805,0.07330880618560538,0.0,0.0,282.1309588548549,False
1767844909.803226,75.75016689300537,2.300924153300892,1.0921708797088263,0.07330880622727882,0.0,0.0,279.9920019315821,False
1767844909.871324,75.81826496124268,2.303928347451656,1.072235366655943,0.07330880628059472,0.0,0.0,277.141843632357,False
1767844909.9335878,75.88052868843079,2.3060793420050927,1.0501174366417994,0.07330880638737662,0.0,0.0,273.96080533584666,False
1767844909.9937618,75.94070267677307,2.3068871134123685,1.0332420538138494,0.07330880646150319,0.0,0.0,271.51669557223994,False
1767844910.0638416,76.01078248023987,2.306976553269485,1.0166633502912443,0.07330880652912194,0.0,0.0,269.098481087873,False
1767844910.125377,76.07231783866882,2.3063872478241607,1.0005052937738759,0.07330880663520549,0.0,0.0,266.7209593183121,False
1767844910.181504,76.12844491004944,2.3049490497574405,0.9826483183369822,0.07330880674074935,0.0,0.0,264.06676130384784,False
1767844910.249025,76.19596600532532,2.3027639795623354,0.9654154368715266,0.07330880683270635,0.0,0.0,261.47875511458096,False
1767844910.3161788,76.2631196975708,2.3002953485399003,0.9508576538440981,0.07330880691847651,0.0,0.0,259.2714166964586,False
1767844910.3773985,76.32433938980103,2.297364693711147,0.9368314648808859,0.07330880699866138,0.0,0.0,257.12494716324096,False
1767844910.4379296,76.3848705291748,2.2935020057399425,0.921413804023424,0.07330880707795817,0.0,0.0,254.74563210126917,False
1767844910.4994898,76.44643068313599,2.289145110657042,0.9066158289438174,0.07330880715239838,0.0,0.0,252.4438494646294,False
1767844910.5580535,76.50499439239502,2.2855926017704062,0.8959332617212272,0.07330880720530449,0.0,0.0,250.76757308019864,False
1767844910.6264548,76.57339572906494,2.281166976953457,0.8838946465130938,0.07330880725938801,0.0,0.0,248.8654118664557,False
1767844910.695249,76.64218997955322,2.2750512537117906,0.868999868900797,0.0733088072990528,0.0,0.0,246.48538858578024,False
1767844910.7558658,76.7028067111969,2.2691531624656687,0.8561063863784687,0.07330880731205122,0.0,0.0,244.34257714110478,False
1767844910.8194056,76.76634645462036,2.2636293300313612,0.845079391107864,0.07330880732324432,0.0,0.0,242.43476724188588,False
1767844910.8888254,76.8357663154602,2.2577666149664424,0.8342957511596496,0.07330880732685417,0.0,0.0,240.4966212060085,False
1767844910.9508698,76.89781069755554,2.250590160232782,0.8221744912675222,0.07330880731311636,0.0,0.0,238.243439498382,False
1767844911.0101662,76.95710706710815,2.242889980336059,0.810272389493808,0.0733088073008925,0.0,0.0,235.94973492582272,False
1767844911.0735245,77.02046537399292,2.235726000940555,0.8000671280113455,0.07330880729145164,0.0,0.0,233.90998512871667,False
1767844911.1436453,77.09058618545532,2.2281330111295996,0.7900362119630352,0.07330880726540076,0.0,0.0,231.84105481675547,False
1767844911.2038703,77.15081119537354,2.220088310367758,0.7801749160780418,0.0733088072415535,0.0,0.0,229.74405470640664,False
1767844911.2710755,77.2180163860321,2.2090882842021364,0.7677955972986314,0.07330880720880498,0.0,0.0,227.00740829188774,False
1767844911.3281999,77.2751407623291,2.1999607604668365,0.7583674617173225,0.07330880716313887,0.0,0.0,224.85261673664158,False
1767844911.3893018,77.33624267578125,2.191713238042281,0.7504251540162473,0.0733088071255033,0.0,0.0,222.98974755796584,False
1767844911.4688966,77.41583752632141,2.1786224273927233,0.7388121159740213,0.07330880707210881,0.0,0.0,220.1682985492318,False
1767844911.5321386,77.47907948493958,2.164652992066934,0.7276031581220572,0.07330880700873846,0.0,0.0,217.3284124779525,False
1767844911.5888164,77.53575730323792,2.1531785326959545,0.7191993683655503,0.07330880696184121,0.0,0.0,215.11457940102602,False
1767844911.651503,77.59844398498535,2.142932873516925,0.7122463074422503,0.07330880692322966,0.0,0.0,213.21355196310049,False
1767844911.7121499,77.65909075737,2.130539727992841,0.7044713183539814,0.0733088068948496,0.0,0.0,210.99751124406396,False
1767844911.7727442,77.71968507766724,2.115915464343963,0.6961159553584519,0.07330880687391725,0.0,0.0,208.49232833342057,False
1767844911.8331585,77.78009939193726,2.1008335386451216,0.6883478492330611,0.07330880685269742,0.0,0.0,206.0180860915588,False
1767844911.8986635,77.84560441970825,2.0873056384766304,0.6820549098362054,0.07330880685273267,0.0,0.0,203.88232419841017,False
1767844911.9637277,77.91066861152649,2.0736289323378836,0.6762952621104317,0.07330880687189721,0.0,0.0,201.79942555493434,False
1767844912.04438,77.99132084846497,2.053888058785899,0.6689722702390235,0.07330880689216838,0.0,0.0,198.92135489040714,False
1767844912.105528,78.05246901512146,2.0379556561963827,0.6638549480535665,0.07330880691406781,0.0,0.0,196.7004922696882,False
1767844912.1630974,78.11003828048706,2.025974962056693,0.6604446606765914,0.07330880693123785,0.0,0.0,195.08235822695062,False
1767844912.2206683,78.16760921478271,2.0139697321311276,0.6573866200208821,0.07330880694513277,0.0,0.0,193.504473856885,False
1767844912.3110147,78.25795555114746,1.9899435012645221,0.6522896854149589,0.07330880698582141,0.0,0.0,190.46841326510207,False
1767844912.3731503,78.3200912475586,1.9740228326989682,0.649626432364518,0.07330880701469952,0.0,0.0,188.5330629398122,False
1767844912.439525,78.38646578788757,1.960153511452618,0.6477483460874074,0.0733088070348002,0.0,0.0,186.89696380220312,False
1767844912.5083115,78.45525240898132,1.9463449782970672,0.6462720877828594,0.07330880705797255,0.0,0.0,185.31375163734674,False
1767844912.5728958,78.51983666419983,1.9306847887738985,0.645056892694252,0.07330880708430587,0.0,0.0,183.5687585836067,False
1767844912.6325562,78.57949709892273,1.9151395568701677,0.6443168023559684,0.07330880710467909,0.0,0.0,181.89149645161106,False
1767844912.6966057,78.64354658126831,1.9016267773728621,0.6440380294836703,0.07330880712369969,0.0,0.0,180.47862783389525,False
1767844912.7554467,78.70238757133484,1.890130654286412,0.6440599411743693,0.07330880713979905,0.0,0.0,179.30766851850618,False
1767844912.8156247,78.76256561279297,1.8768087216044593,0.6443752119541091,0.07330880715473617,0.0,0.0,177.98770230822313,False
1767844912.8859267,78.83286762237549,1.8579219913338765,0.645338500649827,0.07330880717259862,0.0,0.0,176.18691841380743,False
1767844912.947973,78.89491391181946,1.844813800885061,0.6463511962604678,0.0733088071852486,0.0,0.0,174.98430945597372,False
1767844913.0147328,78.96167373657227,1.8317901127159495,0.6476274954087514,0.07330880719436897,0.0,0.0,173.82852068484425,False
1767844913.083391,79.03033185005188,1.8169928767240786,0.649394108614976,0.07330880720328238,0.0,0.0,172.56409458427382,False
1767844913.1468015,79.09374237060547,1.800481929922621,0.6517491502781467,0.07330880721566665,0.0,0.0,171.21144839919546,False
1767844913.2090502,79.1559910774231,1.787730913334471,0.6538355787937333,0.07330880722174582,0.0,0.0,170.2094965487223,False
1767844913.2792454,79.22618627548218,1.775044295495244,0.6561350079704011,0.07330880722662834,0.0,0.0,169.2507279141446,False
1767844913.3391778,79.28611874580383,1.7624434076608817,0.6586325125520932,0.07330880723620084,0.0,0.0,168.33383017044363,False
1767844913.3978572,79.34479808807373,1.7481476458101626,0.6617153022087369,0.07330880724371987,0.0,0.0,167.33609552751594,False
1767844913.476099,79.42303991317749,1.7321635887597722,0.6654641209751682,0.07330880723383823,0.0,0.0,166.27484977634276,False
1767844913.5394802,79.48642110824585,1.719486307110831,0.6686587252822984,0.07330880715754778,0.0,0.0,165.434723455672,False
1767844913.6016126,79.54855346679688,1.7064456230331717,0.6721546361131815,0.07330880708262345,0.0,0.0,164.54858129629218,False
1767844913.6692245,79.61616539955139,1.6891989464778887,0.6771169142030369,0.07330880699182063,0.0,0.0,163.3426389638513,False
1767844913.7326593,79.67960023880005,1.6735207999106287,0.6819765607001537,0.073308806926887,0.0,0.0,162.20940708128984,False
1767844913.7920387,79.73897957801819,1.6615953257070346,0.6859049985898903,0.07330880688054642,0.0,0.0,161.32242873182628,False
1767844913.858965,79.80590581893921,1.6475288061487812,0.6908070150471625,0.07330880682908644,0.0,0.0,160.24801136856925,True
1767844913.9203513,79.86729216575623,1.631320540969152,0.6968311057907248,0.0733088067870169,0.0,0.0,158.9690358823211,False
1767844913.985788,79.9327290058136,1.613015202060753,0.7041446650671275,0.07330880674545058,0.0,0.0,157.46674033626326,False
1767844914.0498345,79.99677538871765,1.5987593801205062,0.7102364733256424,0.07330880671614493,0.0,0.0,156.2525467060616,False
1767844914.1177006,80.06464147567749,1.5845300185022462,0.7166826853107297,0.07330880669733666,0.0,0.0,154.9991021762704,False
1767844914.1787314,80.12567234039307,1.5703823331708262,0.7234745196638086,0.07330880668349096,0.0,0.0,153.7073465417885,False
1767844914.2357829,80.18272376060486,1.554343796359544,0.7316643418841394,0.07330880667033264,0.0,0.0,152.18481043897907,False
1767844914.2923732,80.23931407928467,1.5404562847504089,0.7392041226449992,0.07330880666586401,0.0,0.0,150.81278606450266,False
1767844914.3611963,80.30813717842102,1.526752497107971,0.7470804641236609,0.07330880666633485,0.0,0.0,149.40447559681738,False
1767844914.4262817,80.3732225894928,1.5132545958567694,0.7552920269318572,0.07330880666847771,0.0,0.0,147.9603891914113,False
1767844914.5068297,80.4537706375122,1.4925192098358393,0.7688618421592915,0.07330880668102663,0.0,0.0,145.62027099512818,False
1767844914.57041,80.51735091209412,1.4778687128938903,0.77921687171313,0.07330880669545081,0.0,0.0,143.86563046576566,False
1767844914.6289408,80.57588171958923,1.467138349049604,0.7872454687168008,0.07330880670725289,0.0,0.0,142.5210239924897,False
1767844914.6920233,80.63896417617798,1.454918367969479,0.7968876447640101,0.07330880672504891,0.0,0.0,140.92178362717854,False
1767844914.7525802,80.6995210647583,1.4413829223361478,0.8082481452531516,0.07330880674866934,0.0,0.0,139.05464083315937,False
1767844914.8141413,80.7610821723938,1.4283289897125977,0.8199587359118456,0.07330880677325846,0.0,0.0,137.14606468697107,False
1767844914.8837984,80.83073925971985,1.4173193118704848,0.8304805923732177,0.07330880679640214,0.0,0.0,135.44257193319564,False
1767844914.950371,80.89731192588806,1.4067161453457486,0.8412406894525716,0.07330880682200162,0.0,0.0,133.70832624603136,False
1767844915.014462,80.9614028930664,1.3951144453808473,0.8538117271166914,0.07330880685184467,0.0,0.0,131.68922105553264,False
1767844915.0952544,81.0421953201294,1.3800922661837507,0.8715386265516807,0.07330880689384688,0.0,0.0,128.84937799331587,False
1767844915.1598969,81.1068377494812,1.3711205804655786,0.8830503028704672,0.07330880692845229,0.0,0.0,127.00465268388604,False
1767844915.21902,81.1659607887268,1.3638204944205992,0.8930224507224676,0.073308806960097,0.0,0.0,125.40084341906758,False
1767844915.293571,81.24051189422607,1.3535583873103232,0.9081303996264148,0.07330880701186664,0.0,0.0,122.9567180513259,False
1767844915.3562157,81.30315661430359,1.3441551062162242,0.9233434370226697,0.07330880706774368,0.0,0.0,120.46821552422338,False
1767844915.4375868,81.38452768325806,1.3356151811859436,0.938617354059766,0.07330880712207888,0.0,0.0,117.9362634783366,False
1767844915.496324,81.44326496124268,1.330401677159974,0.9488124042452086,0.07330880715943386,0.0,0.0,116.22455613560551,False
1767844915.5561247,81.50306558609009,1.3248095607032708,0.9606857377218803,0.07330880720393054,0.0,0.0,114.2040931623521,False
1767844915.6127381,81.55967903137207,1.3190601327522642,0.9742034939899044,0.0733088072533221,0.0,0.0,111.86447785679688,False
1767844915.6878505,81.63479137420654,1.3134148253394708,0.9892695952561852,0.07330880733500285,0.0,0.0,109.19476953650124,False
1767844915.7662277,81.71316862106323,1.3092255224491365,1.002156851585155,0.07330880744457387,0.0,0.0,106.7942920883155,False
1767844915.8253765,81.77231740951538,1.3061807799629943,1.0129564912989386,0.07330880753246735,0.0,0.0,104.67418629926789,False
1767844915.8901458,81.83708667755127,1.3030559643226007,1.0261553469634541,0.07330880764240462,0.0,0.0,101.9357165760968,False
1767844915.9490166,81.89595746994019,1.3011958765994591,1.0358140675269067,0.073308807723886,0.0,0.0,99.85238151919849,False
1767844916.0085852,81.95552611351013,1.2999541220984283,1.0436683983322608,0.07330880778645606,0.0,0.0,98.10616395562353,False
1767844916.0809424,82.0278832912445,1.2987449350472946,1.0535474959243747,0.07330880785967189,0.0,0.0,95.83385754436762,False
1767844916.1512425,82.0981833934784,1.2978491468529385,1.0650064847556904,0.07330880793560457,0.0,0.0,93.08255069145939,False
1767844916.206268,82.15320897102356,1.2975684214302199,1.0724699275542127,0.07330880798144046,0.0,0.0,91.21468188637364,False
1767844916.2788873,82.22582817077637,1.2975304641957992,1.0794948653835865,0.07330880802217364,0.0,0.0,89.39383512543208,False
1767844916.3465104,82.2934513092041,1.297741712632651,1.0870009200793953,0.07330880806392576,0.0,0.0,87.36734236751211,False
1767844916.4186409,82.36558175086975,1.298322698797712,1.0956371923246155,0.073308808108377,0.0,0.0,84.91323648263251,False
1767844916.5121236,82.45906448364258,1.2992815523337229,1.1042224193079553,0.07330880815283464,0.0,0.0,82.30593490106506,False
1767844916.5717363,82.51867723464966,1.2999079584761248,1.1084709945898839,0.07330880817595009,0.0,0.0,80.90617959643617,False
1767844916.6313329,82.57827377319336,1.3007061322931206,1.113047735420188,0.07330880819992285,0.0,0.0,79.28928440870263,False
1767844916.6959214,82.64286231994629,1.3018271395061138,1.118444765409107,0.07330880821213362,0.0,0.0,77.2261606641415,False
1767844916.7560194,82.70296025276184,1.302837524762114,1.1226247016994657,0.07330880820805082,0.0,0.0,75.59546951306439,False
1767844916.842067,82.78900790214539,1.3043396649282581,1.1280509568471064,0.07330880820298814,0.0,0.0,73.45654823216137,False
1767844916.9078534,82.85479426383972,1.3058882077355431,1.1329567894468282,0.07330880819147034,0.0,0.0,71.51523111689335,False
1767844916.9713624,82.91830325126648,1.3079411790188935,1.1387200420643369,0.07330880817397187,0.0,0.0,69.2843476492406,False
1767844917.0635374,83.01047825813293,1.3106384575856909,1.1453990898113076,0.07330880815435847,0.0,0.0,66.74814519328157,False
1767844917.127483,83.07442378997803,1.3128622431730228,1.1503546726518172,0.07330880812127727,0.0,0.0,64.9354159280944,False
1767844917.1914327,83.13837361335754,1.3158345355422993,1.15641351105389,0.07330880808225933,0.0,0.0,62.82436077674519,False
1767844917.2622275,83.20916843414307,1.3197606070903056,1.1636745859286257,0.07330880803660053,0.0,0.0,60.39999446445257,False
1767844917.328639,83.2755799293518,1.323307626128481,1.1696790698941708,0.0733088079826132,0.0,0.0,58.47922827450179,False
1767844917.3921719,83.33911275863647,1.3273740069647317,1.1760605821612486,0.07330880792395589,0.0,0.0,56.528861729817194,False
1767844917.460953,83.4078938961029,1.3333965769392582,1.1847386266191242,0.07330880784580573,0.0,0.0,53.97838503202544,False
1767844917.5231402,83.47008109092712,1.3395597882972554,1.1928621822679768,0.07330880776027929,0.0,0.0,51.6740753881066,False
1767844917.5893545,83.53629541397095,1.345653534536265,1.2002926986749296,0.07330880767980671,0.0,0.0,49.63395103610688,False
1767844917.6654463,83.61238718032837,1.3534357021990138,1.209071615545655,0.07330880758645866,0.0,0.0,47.2756403641946,False
1767844917.72767,83.67461085319519,1.36215368865498,1.2181219810387274,0.07330880747169476,0.0,0.0,44.892854337004046,False
1767844917.786136,83.73307681083679,1.371882138974633,1.2274124279810734,0.07330880735359228,0.0,0.0,42.49061110247076,False
1767844917.858436,83.80537700653076,1.382618599402106,1.2368347662442087,0.07330880723591518,0.0,0.0,40.06920559806625,False
1767844917.9250612,83.87200212478638,1.3928310910267474,1.2451033769172037,0.07330880713440918,0.0,0.0,37.93498518617453,False
1767844917.9887288,83.93566966056824,1.4054199170859927,1.254486514135197,0.07330880702121234,0.0,0.0,35.47842986140896,False
1767844918.0551486,84.00208950042725,1.4207189935934699,1.2648359580886053,0.07330880689876837,0.0,0.0,32.692898184828245,False
1767844918.1175995,84.06454038619995,1.4334197461291491,1.2726487205751258,0.07330880680794383,0.0,0.0,30.51058022043599,False
1767844918.1773958,84.12433671951294,1.4448411073446563,1.2791282753575464,0.07330880673359916,0.0,0.0,28.62917604150023,False
1767844918.2555215,84.20246243476868,1.4628531297253298,1.2883865045875886,0.07330880662874187,0.0,0.0,25.788558900770106,False
1767844918.319257,84.26619791984558,1.4818540820296895,1.296986791085054,0.07330880653245697,0.0,0.0,22.92606526482218,False
1767844918.378596,84.32553696632385,1.4972636851971952,1.3031511499630546,0.07330880646378184,0.0,0.0,20.684795648290415,False
1767844918.4388764,84.38581728935242,1.510876871307532,1.308030109398515,0.07330880640934612,0.0,0.0,18.753484801909423,False
1767844918.5262837,84.47322463989258,1.5343178536950348,1.3152550761038402,0.07330880632777727,0.0,0.0,15.513968516633186,False
1767844918.5894482,84.53638911247253,1.556123823054632,1.320709393785442,0.07330880626409059,0.0,0.0,12.576666727313295,False
1767844918.650367,84.59730792045593,1.5734816406399497,1.3242176776661685,0.07330880622079927,0.0,0.0,10.278095240207444,False
1767844918.7184477,84.66538858413696,1.5911344185434542,1.3270521694344184,0.07330880618281545,0.0,0.0,7.967448861038998,False
1767844918.7803829,84.72732377052307,1.6090331303293572,1.3291882664454195,0.07330880614995983,0.0,0.0,5.644887897500844,False
1767844918.8465307,84.79347157478333,1.6323276633838297,1.3308755346487893,0.07330880611491597,0.0,0.0,2.641485263810251,False
1767844918.9094372,84.8563780784607,1.6532217332564774,1.331349185505208,0.07330880609019691,0.0,0.0,359.9557466552899,False
1767844918.9774127,84.92435359954834,1.6715887547808554,1.3309563784026417,0.0733088060732286,0.0,0.0,357.5935237155533,False
1767844919.0385406,84.98548150062561,1.6899837282090298,1.329801370334328,0.07330880606033897,0.0,0.0,355.2200709279484,False
1767844919.1035068,85.05044770240784,1.7135980750206161,1.3271889131198047,0.07330880604933455,0.0,0.0,352.1522274765315,False
1767844919.167747,85.1146879196167,1.7344794265236796,1.3238001735239582,0.07330880604439105,0.0,0.0,349.4101303911945,True
1767844919.225897,85.17283797264099,1.750029663929077,1.3206018979911298,0.0733088060434253,0.0,0.0,347.3443514014567,False
1767844919.2925832,85.23952412605286,1.7680098280164875,1.316164016790971,0.07330880604503019,0.0,0.0,344.92443498482885,False
1767844919.3514214,85.29836225509644,1.7882917282924489,1.3101703289509423,0.07330880605016066,0.0,0.0,342.14601140464396,False
1767844919.4121013,85.35904216766357,1.808228432917669,1.3032087354875657,0.07330880605846282,0.0,0.0,339.3541277953069,False
1767844919.4878247,85.43476557731628,1.8277650696659733,1.295296728290331,0.07330880606147162,0.0,0.0,336.54928774089325,False
1767844919.552821,85.49976181983948,1.8445563617670482,1.2875801971491265,0.07330880604816305,0.0,0.0,334.08824837433605,False
1767844919.6153681,85.56230902671814,1.863370153052742,1.2778608573336907,0.07330880603659182,0.0,0.0,331.2694521317959,False
1767844919.68634,85.63328099250793,1.8839884569086311,1.2658030034001089,0.07330880601804812,0.0,0.0,328.09588772167785,False
1767844919.7499456,85.69688653945923,1.8996349949777076,1.2555931391881985,0.07330880599127675,0.0,0.0,325.66121420329443,False
1767844919.8145666,85.76150751113892,1.914924132445164,1.2446708630066428,0.07330880596465064,0.0,0.0,323.26456708990526,False
1767844919.886091,85.83303189277649,1.9340051725391343,1.2296261108856779,0.07330880594350381,0.0,0.0,320.24010708542835,False
1767844919.951696,85.89863681793213,1.9522992011325662,1.21358918653326,0.07330880594252027,0.0,0.0,317.2971525727975,False
1767844920.018589,85.96552991867065,1.9659604810973794,1.2004782628439532,0.07330880593804263,0.0,0.0,315.06686341291874,False
1767844920.0912573,86.03819823265076,1.980964359554744,1.184841971814531,0.0733088059289096,0.0,0.0,312.57987498247604,False
1767844920.1534326,86.10037350654602,1.9953189450760722,1.1685387100500757,0.07330880591550351,0.0,0.0,310.157968073983,False
1767844920.2130997,86.16004061698914,2.009025604148179,1.1515961529922767,0.07330880589786948,0.0,0.0,307.8001561645955,False
1767844920.2878313,86.23477220535278,2.022086451627053,1.134039697002347,0.07330880587608113,0.0,0.0,305.5054676854422,False
1767844920.3539507,86.30089163780212,2.0329869739090936,1.118192649036277,0.0733088058536839,0.0,0.0,303.5486436429512,False
1767844920.4160783,86.36301922798157,2.0448442331302843,1.0995468426564061,0.07330880582438076,0.0,0.0,301.3697440159653,False
1767844920.4912448,86.4381856918335,2.058769676356872,1.0754669011337143,0.07330880578238129,0.0,0.0,298.7309654377137,False
1767844920.5573692,86.504310131073,2.067928201641909,1.058118508132657,0.07330880574956747,0.0,0.0,296.9390274847249,False
1767844920.6151152,86.56205606460571,2.0753940660842827,1.0429361807765098,0.0733088057192911,0.0,0.0,295.4387406393291,False
1767844920.6819613,86.62890219688416,2.084783181399783,1.0222947140100735,0.07330880573051579,0.0,0.0,293.4894806034419,False
1767844920.7486584,86.69559931755066,2.0952996367247234,0.9966731989201547,0.07330880590240849,0.0,0.0,291.1469805856143,False
1767844920.812946,86.75988698005676,2.1018614395526676,0.9789888270486456,0.07330880600402113,0.0,0.0,289.5708872468363,False
1767844920.892795,86.83973598480225,2.1086179065253297,0.9590278709610456,0.07330880612500164,0.0,0.0,287.83280625169783,False
1767844920.9584155,86.90535640716553,2.1152877887926227,0.9370653877859895,0.07330880627315872,0.0,0.0,285.95669393539185,False
1767844921.0264952,86.97343611717224,2.121057941833653,0.9156173707022941,0.07330880639799357,0.0,0.0,284.16307581419767,False
1767844921.0924509,87.03939175605774,2.124980843432978,0.899267618815294,0.07330880649040464,0.0,0.0,282.82394827780047,False
1767844921.1575398,87.1044807434082,2.128437504859494,0.8832483572112286,0.07330880658167505,0.0,0.0,281.53162861610815,False
1767844921.2418876,87.18882846832275,2.1330135825752037,0.858699139151501,0.07330880670301104,0.0,0.0,279.59347291466634,False
1767844921.3225625,87.26950335502625,2.136354329569914,0.837013584200864,0.07330880680982431,0.0,0.0,277.9271743260622,False
1767844921.3826623,87.32960319519043,2.138014657897168,0.8243118121835716,0.07330880686876466,0.0,0.0,276.9693692842363,False
1767844921.4461157,87.39305663108826,2.139654055464639,0.809761979778377,0.07330880692982367,0.0,0.0,275.89108816300114,False
1767844921.519786,87.46672677993774,2.141482754386801,0.7894871529943475,0.07330880702122887,0.0,0.0,274.42174606634205,False
1767844921.581918,87.52885890007019,2.1425470243731666,0.7737184210999448,0.07330880708635716,0.0,0.0,273.30435454662046,False
1767844921.6377273,87.58466815948486,2.1431342116277814,0.7621305729673344,0.07330880712950967,0.0,0.0,272.4996650183971,False
1767844921.72657,87.67351078987122,2.143704137846125,0.7451294451921336,0.07330880719660078,0.0,0.0,271.3448676521716,False
1767844921.8021963,87.74913716316223,2.1439397325948066,0.7267843977997659,0.07330880726267514,0.0,0.0,270.13297942160955,False
1767844921.8656542,87.81259512901306,2.1438579650173692,0.7124782650461473,0.07330880730795934,0.0,0.0,269.2165088062716,False
1767844921.9317925,87.87873339653015,2.1436084487619516,0.7002309174202062,0.07330880735105799,0.0,0.0,268.4522113708997,False
1767844922.007763,87.95470380783081,2.143138649228466,0.6865425715481048,0.0733088073943695,0.0,0.0,267.620644179232,False
1767844922.0811152,88.02805614471436,2.142301554900788,0.6698544831557971,0.07330880744400313,0.0,0.0,266.6429955068313,False
1767844922.1438518,88.09079265594482,2.14145456365859,0.6568489605519438,0.07330880748306937,0.0,0.0,265.90891917262957,False
1767844922.212563,88.15950393676758,2.140597802550056,0.6457061522626456,0.07330880751340639,0.0,0.0,265.30093645462824,False
1767844922.2832944,88.23023533821106,2.1394988848648193,0.6332193975426069,0.07330880754546817,0.0,0.0,264.64472854889993,False
1767844922.3493254,88.29626631736755,2.138127653163617,0.6194894675173395,0.0733088075807233,0.0,0.0,263.9542747616334,False
1767844922.416473,88.36341381072998,2.136802125035982,0.6075481645523554,0.07330880760817506,0.0,0.0,263.38214466027557,False
1767844922.4889007,88.43584156036377,2.1355683754320665,0.5972841480340582,0.07330880763030206,0.0,0.0,262.9131584958301,False
1767844922.5505898,88.49753069877625,2.1342737371883334,0.5871899724783117,0.07330880765178777,0.0,0.0,262.4731850317603,False
1767844922.6162398,88.56318068504333,2.132529514849264,0.5744431809671992,0.07330880767619528,0.0,0.0,261.9494777532736,False
1767844922.6925435,88.63948440551758,2.13070594813375,0.5619312767207559,0.07330880769814292,0.0,0.0,261.4722003224419,False
1767844922.7496066,88.69654750823975,2.12945228596992,0.5537152177238877,0.07330880771203915,0.0,0.0,261.1791843892389,False
1767844922.8103797,88.75732064247131,2.1279558655921593,0.5442469909821771,0.07330880772668161,0.0,0.0,260.8623527628178,False
1767844922.8822267,88.82916760444641,2.125984431203598,0.5322409772353642,0.07330880774324045,0.0,0.0,260.4940401402102,False
1767844922.9449196,88.8918604850769,2.1241929757495357,0.5217096491476434,0.07330880775601813,0.0,0.0,260.20296560312335,False
1767844923.0140631,88.96100401878357,2.122599417532761,0.5125907234219061,0.0733088077658372,0.0,0.0,259.97588715811014,False
1767844923.0849838,89.03192472457886,2.120753723546667,0.5022717524806969,0.07330880777837173,0.0,0.0,259.7467323114902,False
1767844923.148024,89.0949649810791,2.1186609399529637,0.4908341016678266,0.07330880779521393,0.0,0.0,259.52004988518866,False
1767844923.2156088,89.1625497341156,2.1167913645415126,0.48081462173387535,0.07330880780862117,0.0,0.0,259.3445663497382,False
1767844923.3019745,89.24891543388367,2.1146845085296255,0.4697093898159102,0.07330880782804443,0.0,0.0,259.1737236780397,False
1767844923.3780808,89.32502174377441,2.1123648410870537,0.4576789617174059,0.07330880785481034,0.0,0.0,259.00066669716165,False
1767844923.456322,89.40326285362244,2.1100723056424697,0.44597146599532816,0.07330880787919271,0.0,0.0,258.842389201541,False
1767844923.5153682,89.46230912208557,2.108712224491834,0.43910450911986737,0.07330880789582785,0.0,0.0,258.7503965541738,False
1767844923.5790732,89.52601408958435,2.10714391751617,0.43125970871179703,0.07330880791480782,0.0,0.0,258.6375372777944,False
1767844923.639665,89.58660578727722,2.105374429084191,0.42250740135588183,0.07330880793530214,0.0,0.0,258.50135384010684,False
1767844923.7012546,89.64819550514221,2.103621243361863,0.4139448580046704,0.07330880794704063,0.0,0.0,258.3503438683639,False
1767844923.766435,89.71337580680847,2.1020818759794184,0.40652996575845657,0.07330880795360674,0.0,0.0,258.18812964755926,False
1767844923.8415313,89.78847217559814,2.1003109470675954,0.3981400758850434,0.07330880796113856,0.0,0.0,257.9674262749411,False
1767844923.9157696,89.86271047592163,2.0980675297124707,0.3877582941706597,0.07330880796622201,0.0,0.0,257.6315315365837,False
1767844923.9808567,89.92779755592346,2.0962329080626976,0.3795022964242314,0.07330880796934638,0.0,0.0,257.30237900272914,False
1767844924.0388079,89.98574876785278,2.094829311751616,0.3733423147812984,0.0733088079719536,0.0,0.0,257.0204041854422,False
1767844924.1063244,90.05326533317566,2.0931627372028228,0.3662139607119512,0.07330880797999687,0.0,0.0,256.6542015987104,False
1767844924.181229,90.12817001342773,2.090738178659137,0.35621771004601777,0.07330880799384734,0.0,0.0,256.06361214174734,False
1767844924.252762,90.19970297813416,2.088756756181148,0.34838487513698774,0.07330880800489117,0.0,0.0,255.53493795143532,False
1767844924.3254666,90.27240753173828,2.0867455685201257,0.34074145746359186,0.07330880802362111,0.0,0.0,254.98161253604476,False
1767844924.4030523,90.34999322891235,2.084476766846372,0.33245711964170643,0.0733088080455213,0.0,0.0,254.38840624809615,False
1767844924.4796324,90.42657327651978,2.0822086550726144,0.32449126052694605,0.0733088080655486,0.0,0.0,253.82709971621927,False
1767844924.5435324,90.49047327041626,2.0801973538798557,0.3176616582743469,0.07330880808168877,0.0,0.0,253.3556778128899,False
1767844924.608612,90.55555295944214,2.0784440279802343,0.31186920397959955,0.07330880809482976,0.0,0.0,252.96463897675318,True
1767844924.6975744,90.6445152759552,2.0754594280306082,0.30231614121916195,0.07330880811540083,0.0,0.0,252.34031463814426,False
1767844924.7637014,90.71064233779907,2.073488640146263,0.29619719766516295,0.07330880812785617,0.0,0.0,251.95670385693722,False
1767844924.822872,90.76981282234192,2.0720223814871366,0.2917321285622396,0.07330880813660193,0.0,0.0,251.68594533511524,False
1767844924.887548,90.83448886871338,2.0703256214619503,0.28665041597162544,0.07330880814587905,0.0,0.0,251.38826641142077,False
1767844924.9551904,90.90213131904602,2.0681645624913467,0.2802988390577949,0.07330880815647567,0.0,0.0,251.03474277388898,False
1767844925.0177257,90.96466660499573,2.066264402006043,0.27481467272386095,0.07330880816518077,0.0,0.0,250.7477707870269,False
1767844925.0956957,91.04263663291931,2.0643852390271706,0.2694739242836458,0.07330880817313909,0.0,0.0,250.4860851081786,False
1767844925.159675,91.10661578178406,2.062758107137384,0.2649092787069237,0.07330880817947559,0.0,0.0,250.27770898042507,False
1767844925.2217133,91.16865420341492,2.060918853774031,0.2598093181418276,0.07330880818623771,0.0,0.0,250.0628046695482,False
1767844925.2905118,91.23745274543762,2.058876262674828,0.2542112136027994,0.07330880819293252,0.0,0.0,249.85019793197398,False
1767844925.3580773,91.30501818656921,2.0573042832785164,0.24994406189075521,0.07330880819729746,0.0,0.0,249.70571955467534,False
1767844925.4274049,91.37434577941895,2.055746559926905,0.2457462410239544,0.07330880820138816,0.0,0.0,249.5792119967779,False
1767844925.4985707,91.44551157951355,2.0537648238946518,0.24044339524584923,0.0733088082059954,0.0,0.0,249.44250677390926,False
1767844925.5647924,91.51173329353333,2.051804082422011,0.23523075794980602,0.0733088082099215,0.0,0.0,249.33408519310285,False
1767844925.6263545,91.57329535484314,2.0502936226985318,0.2312333960133987,0.0733088082127478,0.0,0.0,249.26895122992852,False
1767844925.6943989,91.64133977890015,2.0488294931454054,0.2273702010812156,0.07330880823425553,0.0,0.0,249.21939737691213,False
1767844925.758994,91.70593500137329,2.047465603144869,0.22378031764058715,0.07330880827576493,0.0,0.0,249.17420728868825,False
1767844925.8335571,91.78049802780151,2.0462761869696964,0.22065674092571771,0.0733088083114318,0.0,0.0,249.13296849897714,False
1767844925.9005322,91.84747314453125,2.045780022237316,0.21935579744676456,0.07330880832607292,0.0,0.0,249.11434605821398,False
1767844925.9906776,91.93761849403381,2.045537607248668,0.21872064728874968,0.07330880833333765,0.0,0.0,249.1057550280176,False
1767844926.0632234,92.01016426086426,2.045835980330386,0.2195025124886466,0.07330880832554795,0.0,0.0,249.11852976582333,False
1767844926.123772,92.07071280479431,2.046362116807663,0.22088244331131468,0.07330880831147804,0.0,0.0,249.13996802905837,False
1767844926.1837244,92.13066530227661,2.0470180889506975,0.22260506300191277,0.07330880829396981,0.0,0.0,249.16641520837652,False
1767844926.254463,92.20140385627747,2.0480190229397706,0.2252381726080705,0.07330880826741401,0.0,0.0,249.20656792735207,False
1767844926.316018,92.26295900344849,2.049671664277595,0.22959786942776308,0.07330880822402107,0.0,0.0,249.2727011899533,False
1767844926.378378,92.32531881332397,2.051477605359744,0.23437938820637816,0.07330880817724056,0.0,0.0,249.34498096121513,False
1767844926.465073,92.41201400756836,2.0538764784802273,0.24075915767924685,0.07330880811610227,0.0,0.0,249.4412280401174,False
1767844926.52639,92.47333097457886,2.0560020560058074,0.24643944852907226,0.07330880806286,0.0,0.0,249.52685202083373,False
1767844926.5858831,92.53282403945923,2.058699009934417,0.2536841587374541,0.07330880799653461,0.0,0.0,249.636067214737,False
1767844926.6545825,92.60152339935303,2.061669765883752,0.26171370192419585,0.07330880792503137,0.0,0.0,249.75722286525996,False
1767844926.716746,92.66368699073792,2.0644834982136633,0.26936739810271315,0.07330880785877834,0.0,0.0,249.87288661030186,False
1767844926.776131,92.72307181358337,2.0670471401115993,0.2763827308925667,0.07330880779963438,0.0,0.0,249.9791022034767,False
1767844926.8477612,92.79470205307007,2.0706724137646266,0.28637284761856713,0.07330880771794251,0.0,0.0,250.1307474586942,False
1767844926.915094,92.86203479766846,2.0755159098584035,0.299850788329253,0.07330880761226449,0.0,0.0,250.33617071720812,False
1767844927.000608,92.94754886627197,2.08014836457652,0.312886081830255,0.07330880751479114,0.0,0.0,250.5358682435304,False
1767844927.069084,93.01602482795715,2.083915574892381,0.3235945267958955,0.07330880743804302,0.0,0.0,250.70073364221633,False
1767844927.1297977,93.07673859596252,2.0889516611091206,0.33806645384857786,0.07330880733887021,0.0,0.0,250.92478199646177,False
1767844927.1918278,93.13876867294312,2.09359308019151,0.3515689587035035,0.07330880725083821,0.0,0.0,251.13517072329591,False
1767844927.2608767,93.20781755447388,2.0977685587624557,0.3638563992815192,0.07330880717432123,0.0,0.0,251.32780313647143,False
1767844927.3266354,93.27357625961304,2.1020224560792866,0.3765170429662165,0.07330880712199953,0.0,0.0,251.52917614149783,False
1767844927.388846,93.33578681945801,2.106922545000899,0.3912902604774727,0.07330880707286218,0.0,0.0,251.7722304766301,False
1767844927.4576447,93.40458559989929,2.1124691413402408,0.4082763384134283,0.07330880701954005,0.0,0.0,252.06196658061134,False
1767844927.52913,93.47607088088989,2.117408042313903,0.4236565706351805,0.07330880698812202,0.0,0.0,252.3342790187446,False
1767844927.5966992,93.54364013671875,2.1217042164663216,0.43724826872764416,0.07330880696831969,0.0,0.0,252.58507607372633,False
1767844927.6689274,93.61586833000183,2.1271818354896626,0.4548928918409941,0.07330880694412038,0.0,0.0,252.92456538331322,False
1767844927.7335043,93.68044519424438,2.132579808662465,0.4726624385977724,0.07330880693984272,0.0,0.0,253.2835983298732,False
1767844927.7967381,93.74367904663086,2.1367023538131797,0.48651702384941314,0.07330880693817064,0.0,0.0,253.57673005254642,False
1767844927.8801048,93.82704567909241,2.1413273760201155,0.5023850570584781,0.07330880693901069,0.0,0.0,253.92640518872042,False
1767844927.9441826,93.8911235332489,2.146393670915232,0.520206843291379,0.07330880695480499,0.0,0.0,254.33909985320037,False
1767844928.0298717,93.97681260108948,2.1523690883356896,0.5419040538264722,0.0733088069731387,0.0,0.0,254.87136395902513,False
1767844928.088638,94.03557896614075,2.1555237524049224,0.5536955564779962,0.07330880698766651,0.0,0.0,255.1744583453759,False
1767844928.168468,94.1154088973999,2.1600982978164063,0.5712679381286838,0.07330880701472824,0.0,0.0,255.6463050484686,False
1767844928.227604,94.17454481124878,2.1640035689910073,0.5867730421374359,0.0733088070374696,0.0,0.0,256.0828528864705,False
1767844928.2927191,94.23966002464294,2.167753580361394,0.6021648182004008,0.07330880706521312,0.0,0.0,256.5353692496308,False
1767844928.3614635,94.3084044456482,2.170896738536292,0.6155014601231708,0.07330880709297413,0.0,0.0,256.94462656554674,False
1767844928.4427028,94.38964366912842,2.1747472433854993,0.6324693530281004,0.07330880712671778,0.0,0.0,257.4888582561714,False
1767844928.505776,94.45271682739258,2.1783802555836576,0.6492281231775842,0.0733088071647216,0.0,0.0,258.05288097069945,False
1767844928.5649662,94.51190710067749,2.181049863022492,0.6620935854279282,0.07330880719476622,0.0,0.0,258.50468333466654,False
1767844928.6235626,94.57050347328186,2.183230136846895,0.6730065681773045,0.07330880721935412,0.0,0.0,258.900936776956,False
1767844928.6953642,94.64230513572693,2.1859860391982338,0.6874093239744327,0.07330880724499342,0.0,0.0,259.4305432595445,False
1767844928.7601316,94.70707249641418,2.188905511838299,0.7034788231581672,0.07330880726608738,0.0,0.0,259.9640636670673,False
1767844928.8179307,94.76487159729004,2.191060580664073,0.7158903126537873,0.07330880728104514,0.0,0.0,260.32850714436546,False
1767844928.905965,94.85290598869324,2.1937009107763346,0.7317298951145003,0.07330880730521527,0.0,0.0,260.7328905454167,False
1767844928.9666378,94.913578748703,2.195658640754588,0.7439093386935043,0.0733088073281483,0.0,0.0,260.997159260255,False
1767844929.0244339,94.97137475013733,2.197808123697589,0.7576764072785178,0.07330880735233145,0.0,0.0,261.2459397133907,False
1767844929.088779,95.035719871521,2.1998791081119755,0.7712844912553924,0.07330880737806626,0.0,0.0,261.43865694637003,False
1767844929.1560006,95.10294151306152,2.2016339459243888,0.7830310797467951,0.07330880740336093,0.0,0.0,261.56133221014215,False
1767844929.2156975,95.16263842582703,2.203103189691823,0.7929801313675083,0.0733088074236348,0.0,0.0,261.63269448147014,False
1767844929.2875154,95.23445630073547,2.2052608977788757,0.807704043895036,0.0733088074539194,0.0,0.0,261.68198778199996,False
1767844929.3525102,95.29945111274719,2.2073764543697973,0.8221663966642262,0.07330880748524296,0.0,0.0,261.6622145077542,False
1767844929.434247,95.381187915802,2.209468394380502,0.8363740959310082,0.07330880751389739,0.0,0.0,261.57434425450595,False
1767844929.499086,95.44602680206299,2.211090597282241,0.8472550095850953,0.07330880753584454,0.0,0.0,261.45959318990674,False
1767844929.564519,95.5114598274231,2.2131819330424554,0.8610215583768712,0.07330880756308783,0.0,0.0,261.2529379787864,False
1767844929.6278586,95.57479953765869,2.215058409367292,0.8730568178566827,0.07330880758545649,0.0,0.0,261.0142311071505,False
1767844929.6956701,95.64261102676392,2.2167227546244312,0.8834387436730399,0.07330880760398123,0.0,0.0,260.76355502204996,False
1767844929.7600887,95.70702958106995,2.218414794658186,0.8936844320144567,0.07330880762167177,0.0,0.0,260.47453732125564,False
1767844929.845119,95.79205989837646,2.2211450792632554,0.9095204113060982,0.0733088076474045,0.0,0.0,259.94416677559525,False
1767844929.9061043,95.85304522514343,2.2231977446792652,0.9208457328792578,0.07330880766375002,0.0,0.0,259.50093220924265,False
1767844929.962802,95.90974283218384,2.2247812607597175,0.9292435316555164,0.07330880767496825,0.0,0.0,259.13728158388574,False
1767844930.0223553,95.96929621696472,2.226406416737918,0.9375613110335979,0.07330880768567907,0.0,0.0,258.74720892726737,True
1767844930.0962083,96.04314923286438,2.2289303516844683,0.9498977581337144,0.0733088076984249,0.0,0.0,258.1241014073054,False
1767844930.1595056,96.1064465045929,2.231565570810492,0.9621067161379769,0.07330880770796297,0.0,0.0,257.5199439446462,False
1767844930.2220736,96.16901445388794,2.2336879953527284,0.9715200116310561,0.07330880771523926,0.0,0.0,257.07038750836784,False
1767844930.2895625,96.23650336265564,2.2358699861782796,0.9808619729295464,0.07330880772242906,0.0,0.0,256.6384980055624,False
1767844930.3506355,96.29757642745972,2.238107704277605,0.9901330845441565,0.07330880772953612,0.0,0.0,256.2248073675122,False
1767844930.4166255,96.3635663986206,2.2410607389769197,1.0019506958017876,0.07330880773847005,0.0,0.0,255.7194537250808,False
1767844930.4883964,96.43533730506897,2.2437517993312537,1.012360412803717,0.07330880774625914,0.0,0.0,255.29505830570977,False
1767844930.5678473,96.51478815078735,2.246499549640436,1.0226822181658557,0.07330880775392568,0.0,0.0,254.89466458016201,False
1767844930.6319394,96.5788803100586,2.2492988786716777,1.032918104957106,0.07330880776139959,0.0,0.0,254.51811896501854,False
1767844930.6954675,96.64240837097168,2.252504851209521,1.0443378132915562,0.07330880776827332,0.0,0.0,254.12415220329405,False
1767844930.7576494,96.70459032058716,2.2550384459910413,1.0531630427165601,0.07330880777278125,0.0,0.0,253.8433681012558,False
1767844930.83559,96.78253078460693,2.257972015796456,1.0631914429594111,0.07330880777784382,0.0,0.0,253.55004640748962,False
1767844930.893873,96.84081387519836,2.260567815831328,1.0719166233352753,0.07330880778249926,0.0,0.0,253.31722231195081,False
1767844930.9586604,96.90560126304626,2.263937640273353,1.0830645841872246,0.07330880778860671,0.0,0.0,253.05028384225363,False
1767844931.0252986,96.97223949432373,2.2669580862992276,1.092909896409997,0.073308807793894,0.0,0.0,252.84316225341303,False
1767844931.093615,97.04055595397949,2.2696158439901093,1.1014757911339377,0.07330880779904375,0.0,0.0,252.68489249875242,False
1767844931.155191,97.1021318435669,2.2722814997039347,1.1099895890120206,0.07330880780480149,0.0,0.0,252.54795205486081,False
1767844931.2208514,97.16779232025146,2.275714812533005,1.1208605510924323,0.0733088078119794,0.0,0.0,252.40281756595294,False
1767844931.2947881,97.24172902107239,2.2791488339160666,1.1316497805023131,0.07330880781930302,0.0,0.0,252.29193981397788,False
1767844931.3550167,97.30195760726929,2.281434152437037,1.1387947761424317,0.07330880782450608,0.0,0.0,252.23680405518843,False
1767844931.4167385,97.3636794090271,2.2840931835085874,1.1470828482092956,0.07330880783041496,0.0,0.0,252.19121896956938,False
1767844931.488738,97.43567895889282,2.2878727963171848,1.1588356543593483,0.07330880783927494,0.0,0.0,252.16058260909796,False
1767844931.5738132,97.52075409889221,2.2916188414770424,1.1704766137857716,0.07330880784871811,0.0,0.0,252.16971603394617,False
1767844931.6535203,97.60046124458313,2.2945862657543046,1.1797109576547247,0.07330880785598279,0.0,0.0,252.20513495391097,False
1767844931.7246494,97.67159032821655,2.29788687065805,1.1900141078157511,0.07330880786520662,0.0,0.0,252.274496018206,False
1767844931.790282,97.73722290992737,2.3011395704441933,1.2002197347534425,0.07330880787439423,0.0,0.0,252.37487158050686,False
1767844931.8640895,97.81103038787842,2.303987211433007,1.2092131069382848,0.07330880788225994,0.0,0.0,252.4897083896547,False
1767844931.9291117,97.87605261802673,2.306441943882665,1.2170213946239603,0.07330880788963093,0.0,0.0,252.60969600449454,False
1767844931.9918437,97.9387845993042,2.3092011263297123,1.2258731630116557,0.07330880789788208,0.0,0.0,252.76884329776777,False
1767844932.0621247,98.00906562805176,2.312243289198922,1.235743244509262,0.07330880790682875,0.0,0.0,252.97553229149992,False
1767844932.128894,98.07583498954773,2.31456050485063,1.243353079647023,0.07330880791466451,0.0,0.0,253.1563425878016,False
1767844932.1953108,98.14225172996521,2.3168311366130756,1.2508994309169748,0.07330880792240115,0.0,0.0,253.35461738292625,False
1767844932.2624338,98.20937466621399,2.319679868080438,1.260511737505225,0.07330880793200917,0.0,0.0,253.63483145442447,False
1767844932.3314364,98.2783772945404,2.322444636753885,1.2700196798811356,0.07330880794224906,0.0,0.0,253.94311516314912,False
1767844932.4099858,98.3569266796112,2.3248284095422,1.2783822671334615,0.0733088079510051,0.0,0.0,254.240368469967,False
1767844932.473107,98.42004799842834,2.326855803260421,1.2856326719302429,0.07330880795869771,0.0,0.0,254.5181261866489,False
1767844932.5388691,98.48581004142761,2.329376496738838,1.29485057353156,0.0733088079697931,0.0,0.0,254.89925818790914,False
1767844932.6159215,98.56286239624023,2.3317971569719576,1.3039483898295339,0.07330880798047117,0.0,0.0,255.3070483711933,False
1767844932.6866443,98.63358521461487,2.3336096321176467,1.3109431603985302,0.07330880798872516,0.0,0.0,255.64236275357337,False
1767844932.7465491,98.69349002838135,2.3353585377158477,1.3178630157897848,0.07330880799722395,0.0,0.0,255.99338176496576,False
1767844932.8082552,98.75519609451294,2.3375123313369954,1.3266500330558446,0.07330880800778691,0.0,0.0,256.4674566663536,False
1767844932.8758461,98.8227870464325,2.3393365133008306,1.3343588172276843,0.07330880801697766,0.0,0.0,256.91003243696053,False
1767844932.944495,98.89143586158752,2.3408613121968695,1.3410218218905,0.07330880802534567,0.0,0.0,257.31344292707587,False
1767844933.0099063,98.95684719085693,2.3423186396531945,1.3476067863212542,0.07330880803348032,0.0,0.0,257.7317517509286,False
1767844933.0779672,99.0249080657959,2.3440927967622347,1.3559597524589848,0.07330880804381679,0.0,0.0,258.29115593424837,False
1767844933.1375186,99.08445954322815,2.345574170712144,1.363272033208016,0.07330880805325768,0.0,0.0,258.80855413621583,False
1767844933.2036378,99.15057873725891,2.34679609703601,1.3695823309793982,0.07330880806127117,0.0,0.0,259.27662311365805,False
1767844933.2707605,99.21770143508911,2.3479487878778125,1.3758114040646137,0.07330880806906659,0.0,0.0,259.7588154348223,False
1767844933.33351,99.28045082092285,2.3491805911640986,1.3828263592293513,0.07330880807844598,0.0,0.0,260.3270085919607,False
1767844933.3916461,99.33858704566956,2.350320870009217,1.3897275204224389,0.07330880808751096,0.0,0.0,260.91323817958573,False
1767844933.4620621,99.40900301933289,2.351370187432341,1.3965157991409742,0.07330880809629602,0.0,0.0,261.5172307967354,False
1767844933.5217519,99.46869277954102,2.352097537637635,1.4015310971945663,0.07330880810314902,0.0,0.0,261.981746885307,False
1767844933.585962,99.53290295600891,2.3529877148641876,1.4081120323861294,0.07330880811212113,0.0,0.0,262.6163141567927,False
1767844933.6460829,99.59302377700806,2.3537878335771967,1.4145722658975388,0.07330880812081343,0.0,0.0,263.26802547483356,False
1767844933.725852,99.67279291152954,2.3545797430332893,1.4216705946405392,0.07330880813416453,0.0,0.0,263.9937178978164,False
1767844933.7934957,99.74043655395508,2.355118521100497,1.427022235685508,0.07330880814529575,0.0,0.0,264.5025508118693,False
1767844933.8588357,99.80577659606934,2.3556622020332334,1.4329576344924577,0.07330880815730227,0.0,0.0,265.0221510374077,False
1767844933.9219987,99.86893963813782,2.3561938942555707,1.4393978262317237,0.0733088081711806,0.0,0.0,265.5286515255077,False
1767844933.9829133,99.92985415458679,2.356557012597026,1.444227686568075,0.07330880818138273,0.0,0.0,265.8660868684308,False
1767844934.0452137,99.99215459823608,2.3568384165219762,1.4482455150213849,0.07330880818967284,0.0,0.0,266.116509790028,False
1767844934.115128,100.06206893920898,2.3571772025430544,1.4534284739218484,0.07330880820043581,0.0,0.0,266.3952997830391,False
1767844934.1717427,100.11868357658386,2.3574813209886525,1.4584120403550018,0.0733088082105916,0.0,0.0,266.6117572650113,False
1767844934.2390754,100.18601632118225,2.3577579763540495,1.4632010639193072,0.07330880822008494,0.0,0.0,266.76682126705674,False
1767844934.3063014,100.2532422542572,2.3579826046270878,1.4672357021149438,0.07330880822788122,0.0,0.0,266.8528723673474,False
1767844934.3684745,100.31541538238525,2.3581950111763548,1.4711282915896733,0.07330880823522909,0.0,0.0,266.8932463739632,False
1767844934.433451,100.38039183616638,2.3584556723066443,1.4759292581672518,0.07330880824405801,0.0,0.0,266.87901344237855,False
1767844934.489768,100.43670892715454,2.358652573687473,1.4795092920282729,0.07330880825033942,0.0,0.0,266.81728222158307,False
1767844934.5586357,100.50557661056519,2.358847535289764,1.4829623894854513,0.07330880825610978,0.0,0.0,266.71208828480127,False
1767844934.6227295,100.56967043876648,2.3590428982953333,1.486291929789185,0.07330880826155425,0.0,0.0,266.56404368855056,False
1767844934.6837757,100.63071656227112,2.3592692888374254,1.489950227505241,0.07330880826721047,0.0,0.0,266.3431232411612,False
1767844934.764359,100.71129989624023,2.3595615299106,1.4943216399366546,0.07330880827344396,0.0,0.0,265.9907674018662,False
1767844934.8333955,100.78033638000488,2.3597743986157056,1.4972531515700531,0.07330880827752151,0.0,0.0,265.6945528000396,False
1767844934.894477,100.84141778945923,2.359995604862799,1.500083117269121,0.0733088082811571,0.0,0.0,265.3581617534944,False
1767844934.9601526,100.90709352493286,2.3602946864935284,1.5035860618927699,0.07330880828537209,0.0,0.0,264.8676049757381,False
1767844935.0198624,100.96680331230164,2.3605397889353665,1.5062077357791959,0.07330880828845891,0.0,0.0,264.4415707172222,False
1767844935.0877154,101.03465628623962,2.360796601549003,1.5087420336594815,0.07330880829122009,0.0,0.0,263.97719771275547,False
1767844935.149499,101.09643983840942,2.3610668625479834,1.5112019972347557,0.07330880829348793,0.0,0.0,263.4752843627696,False
1767844935.214535,101.16147589683533,2.3614354183884907,1.5142621576603912,0.073308808296252,0.0,0.0,262.7757246384109,False
1767844935.2820506,101.22899150848389,2.361783941818251,1.516890071422002,0.07330880829808065,0.0,0.0,262.10739049549545,False
1767844935.3437026,101.29064345359802,2.36210989800169,1.5191575377294848,0.07330880829851308,0.0,0.0,261.53580920502117,True
1767844935.402778,101.34971880912781,2.362405123354575,1.5210869787096934,0.07330880829890271,0.0,0.0,261.06829572696904,False
1767844935.470315,101.41725587844849,2.362819772723178,1.5236386091509173,0.0733088082994039,0.0,0.0,260.47669874405557,False
1767844935.5410678,101.48800873756409,2.363370376855544,1.5268024910572853,0.07330880829979403,0.0,0.0,259.7873558160064,False
1767844935.604198,101.55113887786865,2.3637756253631674,1.529001948479603,0.07330880830008987,0.0,0.0,259.33741937061825,False
1767844935.6634343,101.61037516593933,2.364134822001145,1.5308766863177483,0.07330880830035777,0.0,0.0,258.97281925391144,False
1767844935.7257485,101.67268943786621,2.3645742537010537,1.533089713538254,0.07330880829856447,0.0,0.0,258.5711276547705,False
1767844935.7841334,101.73107433319092,2.3651089001480714,1.5356835354288023,0.07330880829656984,0.0,0.0,258.142378624669,False
1767844935.8494573,101.7963981628418,2.3656774535668204,1.5383447729306616,0.07330880829456342,0.0,0.0,257.7455084868458,False
1767844935.9207375,101.86767840385437,2.366202095733847,1.5407274585202309,0.07330880829279986,0.0,0.0,257.4240177076156,False
1767844935.9839118,101.93085265159607,2.366751426907424,1.5431596268077086,0.0733088082910304,0.0,0.0,257.12624500318066,False
1767844936.045044,101.99198484420776,2.3674085764879105,1.5459986658317475,0.07330880828900259,0.0,0.0,256.81457214071736,False
1767844936.123089,102.07002997398376,2.368272372193877,1.5496347105490766,0.07330880828646226,0.0,0.0,256.4672614945842,False
1767844936.188701,102.1356418132782,2.368903852668018,1.552236451854273,0.07330880828468203,0.0,0.0,256.25165481735166,False
1767844936.2585006,102.20544147491455,2.3695564263927262,1.5548838622293766,0.07330880828290143,0.0,0.0,256.058360485073,False
1767844936.3402355,102.28717637062073,2.3707215198039657,1.5595264892673482,0.07330880827985121,0.0,0.0,255.77805789494522,False
1767844936.3998597,102.3468005657196,2.3714265767878935,1.5622943598335934,0.07330880827807491,0.0,0.0,255.64384374557548,False
1767844936.4690998,102.4160406589508,2.372149094968981,1.5651054257054666,0.07330880827630203,0.0,0.0,255.5308613643487,False
1767844936.5290246,102.47596549987793,2.372886948039601,1.5679550167264922,0.07330880827483362,0.0,0.0,255.4388673587004,False
1767844936.588627,102.53556799888611,2.3737465948240897,1.5712544703009512,0.0733088082731586,0.0,0.0,255.3591092914312,False
1767844936.6531599,102.60010075569153,2.374622097378619,1.5745989011494488,0.07330880827149798,0.0,0.0,255.30602772925687,False
1767844936.7219708,102.66891169548035,2.375399234331929,1.5775594747061539,0.07330880827028305,0.0,0.0,255.2811676093575,False
1767844936.785975,102.7329158782959,2.376184170894205,1.580546605323673,0.07330880826916082,0.0,0.0,255.2762223600409,False
1767844936.847772,102.79471278190613,2.3770892276715414,1.5839923956792878,0.07330880826789718,0.0,0.0,255.29461891699333,False
1767844936.9137352,102.86067605018616,2.378114981683125,1.5879072124733844,0.07330880826666739,0.0,0.0,255.34560069081908,False
1767844936.9796815,102.92662239074707,2.3789158718494448,1.5909763642284767,0.07330880826578869,0.0,0.0,255.40724804268046,False
1767844937.046003,102.99294400215149,2.3797180933521287,1.5940663217028102,0.07330880826492712,0.0,0.0,255.4878696978344,False
1767844937.110282,103.05722284317017,2.3806344321499084,1.5976206597800895,0.0733088082642013,0.0,0.0,255.60294176063445,False
1767844937.172712,103.11965298652649,2.3815468497436947,1.6011925693094258,0.07330880826362574,0.0,0.0,255.7421865089911,False
1767844937.2347062,103.18164706230164,2.382340538965404,1.6043318343271908,0.07330880826314068,0.0,0.0,255.88357023533956,False
1767844937.294255,103.24119591712952,2.3830162265976655,1.6070318859871089,0.07330880826288699,0.0,0.0,256.0190914085381,False
1767844937.3541799,103.30112075805664,2.383796852005306,1.6101874264030145,0.07330880826275639,0.0,0.0,256.1937651424686,False
1767844937.4159362,103.36287713050842,2.3847864862343275,1.6142521959672298,0.07330880826261131,0.0,0.0,256.4442035340007,False
1767844937.4935374,103.44047832489014,2.3857581447630936,1.6183249299344395,0.0733088082625499,0.0,0.0,256.72325647369803,False
1767844937.5531778,103.50011873245239,2.3863943943299843,1.6210425120906549,0.07330880826259235,0.0,0.0,256.92486077026206,False
1767844937.6140049,103.56094574928284,2.3871239122189567,1.6242147379542469,0.07330880826265519,0.0,0.0,257.1755612127111,False
1767844937.682306,103.62924695014954,2.3880400629880456,1.628295480530745,0.0733088082628192,0.0,0.0,257.5220827697381,False
1767844937.7463477,103.693288564682,2.388831359076809,1.6319203256627592,0.07330880826315454,0.0,0.0,257.85280361596824,False
1767844937.8073595,103.75430035591125,2.3894094903293674,1.63463620150776,0.07330880826341629,0.0,0.0,258.114711325591,False
1767844937.8984122,103.84535312652588,2.3903421523505757,1.6391570136207207,0.0733088082638727,0.0,0.0,258.57723739471555,False
1767844937.9685473,103.91548824310303,2.3912329439075695,1.643664768802373,0.07330880826472949,0.0,0.0,259.07180394283023,False
1767844938.0261006,103.97304153442383,2.391829247370008,1.6468064587274882,0.07330880826539601,0.0,0.0,259.43679884354503,False
1767844938.0935028,104.04044365882874,2.392402270211951,1.6499364691381493,0.07330880826606986,0.0,0.0,259.8170408439262,False
1767844938.1791205,104.12606143951416,2.3931791248753433,1.6543871026258743,0.0733088082670456,0.0,0.0,260.3862920200788,False
1767844938.2428334,104.18977427482605,2.3938348771383318,1.6583710707712835,0.07330880826793729,0.0,0.0,260.9243897641214,False
1767844938.3135335,104.26047444343567,2.394381632465003,1.6618914057444816,0.07330880826901619,0.0,0.0,261.4228805779444,False
1767844938.3987744,104.34571528434753,2.3949538627501927,1.6658196905022606,0.07330880827032227,0.0,0.0,262.00609845508336,False
1767844938.460822,104.40776300430298,2.3954236657634493,1.669282230817273,0.07330880827148485,0.0,0.0,262.5441265215374,False
1767844938.5217524,104.46869325637817,2.3958557633078743,1.6727123593770654,0.07330880827295935,0.0,0.0,263.1003683876829,False
1767844938.586599,104.53354001045227,2.3962020347929625,1.6756821886781288,0.07330880827427234,0.0,0.0,263.601852908779,False
1767844938.6653664,104.61230731010437,2.3965611661988055,1.679039710886984,0.0733088082757644,0.0,0.0,264.19161604051027,False
1767844938.7416148,104.68855571746826,2.396954781310086,1.6831607147269896,0.07330880827859525,0.0,0.0,264.88246434782343,False
1767844938.8194182,104.76635909080505,2.397293774060757,1.6871847732400764,0.07330880828122437,0.0,0.0,265.4728893565561,False
1767844938.8975308,104.84447169303894,2.3975318620522517,1.690335054782024,0.07330880828336611,0.0,0.0,265.8741895951964,False
1767844938.9734306,104.92037153244019,2.3977697561539624,1.693796461703907,0.07330880828590487,0.0,0.0,266.2513372053145,False
1767844939.0317369,104.97867774963379,2.397959196020687,1.6967999209404172,0.07330880828803137,0.0,0.0,266.52154378143535,False
1767844939.0924141,105.03935503959656,2.3981111598845892,1.6993717455260173,0.07330880828994893,0.0,0.0,266.7085117865556,False
1767844939.1515555,105.09849643707275,2.398232825768641,1.7015296396098483,0.07330880829166961,0.0,0.0,266.8324523578889,False
1767844939.2131505,105.16009140014648,2.3983667829214412,1.7039929657339008,0.07330880829358578,0.0,0.0,266.93520233818504,False
1767844939.2815657,105.228506565094,2.3985297437571655,1.707076124543228,0.07330880829597194,0.0,0.0,267.00199260495225,False
1767844939.364211,105.31115198135376,2.3987029870090275,1.7103861091086952,0.07330880829864606,0.0,0.0,266.99105125167944,False
1767844939.4255402,105.37248110771179,2.3988050525416265,1.712313812124179,0.07330880830015937,0.0,0.0,266.9420746556204,False
1767844939.4955726,105.44251346588135,2.3989411114210446,1.7148178734789041,0.07330880830207726,0.0,0.0,266.828042387435,False
1767844939.5676289,105.5145697593689,2.399114242235877,1.7178443075688417,0.07330880830432378,0.0,0.0,266.6083721450605,False
1767844939.6349835,105.58192443847656,2.399257594736683,1.720184831142212,0.07330880830600837,0.0,0.0,266.3719446497743,False
1767844939.7029793,105.64992022514343,2.399388052139844,1.7221755243886068,0.07330880830740558,0.0,0.0,266.1215153922115,False
1767844939.7673542,105.71429514884949,2.399524275717894,1.7241139521008197,0.07330880830873523,0.0,0.0,265.8309999194192,False
1767844939.831604,105.77854490280151,2.3997093438105863,1.7265311261772118,0.07330880831035162,0.0,0.0,265.3994334862474,False
1767844939.8946135,105.84155440330505,2.3998845669979114,1.7286116118197645,0.07330880831161873,0.0,0.0,264.9618850902851,False
1767844939.9537013,105.90064215660095,2.400023591291962,1.7301346108037208,0.0733088083124673,0.0,0.0,264.6010741335995,False
1767844940.0203059,105.96724677085876,2.4001946770899663,1.7318723192402652,0.07330880831341582,0.0,0.0,264.1452548031707,False
1767844940.0845854,106.03152632713318,2.400402667816971,1.7338080568117349,0.07330880831440945,0.0,0.0,263.5789206781955,False
1767844940.1480012,106.09494209289551,2.4006539443847945,1.735927356390881,0.07330880831540527,0.0,0.0,262.88458529240575,False
1767844940.2108643,106.15780520439148,2.4008627177425184,1.7375343495463027,0.07330880831614252,0.0,0.0,262.30327361792786,False
1767844940.2743514,106.22129225730896,2.401051362863939,1.7388839536455107,0.07330880831664933,0.0,0.0,261.77796889154314,False
1767844940.342263,106.28920388221741,2.4013198266221987,1.7406659506970286,0.07330880831681721,0.0,0.0,261.0928417455131,False
1767844940.405329,106.3522698879242,2.4016447161061163,1.7426556090546605,0.07330880831702294,0.0,0.0,260.3661806133992,False
1767844940.4717443,106.4186851978302,2.401952133376317,1.7444097731470984,0.07330880831721229,0.0,0.0,259.7588495922305,False
1767844940.8862853,106.83322620391846,2.4040981321685746,1.7546892523972906,0.07330880831549448,0.0,0.0,256.84980361399454,False
1767844940.9551816,106.9021224975586,2.4048240900197864,1.7577353548373513,0.07330880828509725,0.0,0.0,256.38264702724,False
1767844941.013426,106.96036696434021,2.405559281109382,1.7607332400193654,0.0733088082552174,0.0,0.0,256.0735440742809,True
1767844941.0830107,107.02995157241821,2.4064873669610995,1.7644337108736792,0.0733088082186338,0.0,0.0,255.77896414091103,False
1767844941.1667492,107.11369013786316,2.4081555624768294,1.770917501746949,0.07330880815544026,0.0,0.0,255.38294695649518,False
1767844941.2313728,107.17831373214722,2.4100070986755733,1.7779306312284713,0.07330880808845558,0.0,0.0,255.05107928660175,False
1767844941.2929652,107.23990607261658,2.4116756837144693,1.7841262380408818,0.07330880803414896,0.0,0.0,254.80894647456432,False
1767844941.3712924,107.31823325157166,2.4138047791504587,1.7918961730293945,0.073308807972667,0.0,0.0,254.5504272643952,False
1767844941.4296691,107.37661004066467,2.4158580775006726,1.7992715323940047,0.07330880791572573,0.0,0.0,254.34010073362134,False
1767844941.4942765,107.44121742248535,2.418748291496971,1.809493643900425,0.07330880784668772,0.0,0.0,254.09159211962617,False
1767844941.5523596,107.49930047988892,2.421167129537838,1.817930225878204,0.07330880779581733,0.0,0.0,253.91632887814689,False
1767844941.611772,107.55871295928955,2.4233550642214334,1.8254838188865312,0.07330880775147136,0.0,0.0,253.77857929554503,False
1767844941.6743374,107.62127828598022,2.426037650611995,1.8346597211694844,0.07330880770095843,0.0,0.0,253.632270955494,False
1767844941.7313812,107.67832207679749,2.4292505067805252,1.8455454820269115,0.07330880765277838,0.0,0.0,253.48496350520298,False
1767844941.795428,107.7423689365387,2.4326054246722135,1.8568136449040644,0.0733088076048145,0.0,0.0,253.35908706927012,False
1767844941.8651478,107.81208872795105,2.435652047454648,1.866975756762385,0.07330880756310806,0.0,0.0,253.26626981469298,False
1767844941.9317076,107.87864851951599,2.438788034568859,1.8773800538513055,0.07330880753131783,0.0,0.0,253.18974535082236,False
1767844941.9961188,107.94305968284607,2.442460284851471,1.889508135405122,0.0733088074970373,0.0,0.0,253.12252710567043,False
1767844942.0696754,108.0166163444519,2.447172454136681,1.905010541194675,0.07330880745525534,0.0,0.0,253.06838276615548,False
1767844942.1314485,108.07838940620422,2.450534239411095,1.9160464092263638,0.07330880743642414,0.0,0.0,253.0504496759093,False
1767844942.1927466,108.13968753814697,2.453445619530776,1.9255979656137228,0.07330880742047205,0.0,0.0,253.04836336363036,False
1767844942.2623835,108.2093243598938,2.4573650912098848,1.9384618472915929,0.07330880739981419,0.0,0.0,253.06440416697296,False
1767844942.3347924,108.28173327445984,2.462303041092584,1.9547010284173814,0.07330880738449137,0.0,0.0,253.1144930971963,False
1767844942.3959076,108.34284853935242,2.465770889230678,1.966144197457389,0.07330880737477966,0.0,0.0,253.1692619234965,False
1767844942.4660177,108.41295862197876,2.469243398806975,1.9776481495084637,0.07330880736541298,0.0,0.0,253.2400135747626,False
1767844942.541673,108.48861384391785,2.4737005749491137,1.9925000560157402,0.07330880736082943,0.0,0.0,253.35449680693108,False
1767844942.5997024,108.54664325714111,2.4776421478867756,2.0057342901718074,0.0733088073575549,0.0,0.0,253.47848389960893,False
1767844942.6718135,108.61875438690186,2.4815590677921358,2.0189993352361495,0.07330880735445233,0.0,0.0,253.62305768245315,False
1767844942.7297335,108.67667436599731,2.484472884851722,2.02895287483777,0.07330880735762602,0.0,0.0,253.7449207613247,False
1767844942.7878659,108.73480677604675,2.4878386664379932,2.0405545665321307,0.073308807361015,0.0,0.0,253.9015725773851,False
1767844942.8479614,108.79490232467651,2.491637349732368,2.0538011372942324,0.0733088073647623,0.0,0.0,254.0994419981771,False
1767844942.917568,108.8645088672638,2.4953784817425464,2.0670278561746955,0.07330880737175866,0.0,0.0,254.31724670611436,False
1767844942.9858396,108.93278050422668,2.498595753431115,2.0785659483509757,0.07330880737920076,0.0,0.0,254.52427184355145,False
1767844943.0504153,108.99735617637634,2.501757666919742,2.090071919704505,0.07330880738637677,0.0,0.0,254.74645460227117,False
1767844943.1082468,109.05518770217896,2.505735077577133,2.104810914717032,0.07330880739871959,0.0,0.0,255.05418944425216,False
1767844943.1688383,109.11577916145325,2.5087526409112395,2.1162166983037385,0.07330880740910396,0.0,0.0,255.31067253927893,False
1767844943.2390912,109.18603205680847,2.511701360292084,2.12757355651883,0.0733088074191029,0.0,0.0,255.5819415594491,False
1767844943.3028643,109.24980521202087,2.5145777507666196,2.138877485698652,0.07330880743118842,0.0,0.0,255.8678379867572,False
1767844943.3674812,109.31442213058472,2.5181618419183334,2.1533169315501306,0.07330880744711052,0.0,0.0,256.25672211184445,False
1767844943.4309266,109.37786746025085,2.521237456117785,2.1660667192754075,0.0733088074606246,0.0,0.0,256.62221449089736,False
1767844943.4975002,109.44444108009338,2.5238412114056614,2.1771577145233683,0.07330880747326886,0.0,0.0,256.9571232913315,False
1767844943.5632126,109.5101535320282,2.5263588009997786,2.1881768287683783,0.07330880748692278,0.0,0.0,257.3061469825408,False
1767844943.6250844,109.57202529907227,2.5291284629745663,2.2006827169795,0.07330880750191186,0.0,0.0,257.72211645315315,False
1767844943.6928437,109.63978457450867,2.532104587092617,2.2146418042387546,0.0733088075193181,0.0,0.0,258.2115564696613,False
1767844943.7583714,109.70531225204468,2.534313272494269,2.225409592712391,0.07330880753340419,0.0,0.0,258.6077980635081,False
1767844943.8236055,109.77054643630981,2.536427828409804,2.2360999096477596,0.0733088075469863,0.0,0.0,259.01747595294927,False
1767844943.8873034,109.83424425125122,2.538727497999522,2.248221691482502,0.0733088075639215,0.0,0.0,259.5019723441311,False
1767844943.9511442,109.89808511734009,2.541157896803874,2.261705739700241,0.07330880758538055,0.0,0.0,260.0681502242725,False
1767844944.0129964,109.95993733406067,2.5429321884985447,2.2720797833799766,0.0733088076013648,0.0,0.0,260.5238304164832,False
1767844944.084737,110.03167796134949,2.5446042357587744,2.282354170687426,0.07330880761888564,0.0,0.0,260.99275768545647,False
1767844944.1426394,110.08958029747009,2.5461684451337168,2.2924961377786266,0.07330880764024372,0.0,0.0,261.47520128343893,False
1767844944.2217004,110.16864132881165,2.5484070477997025,2.3081540392616104,0.07330880767204766,0.0,0.0,262.26045272224724,False
1767844944.2933297,110.24027061462402,2.549867414874208,2.3193261441651862,0.07330880769726111,0.0,0.0,262.8443036210831,False
1767844944.3510985,110.29803943634033,2.5508705441154427,2.3275542726339413,0.0733088077188485,0.0,0.0,263.24914394650733,False
1767844944.4122317,110.35917258262634,2.5519508089140097,2.3369855167107594,0.07330880774274687,0.0,0.0,263.67575888715015,False
1767844944.483072,110.43001294136047,2.5533467138087502,2.3501455165895324,0.07330880777858476,0.0,0.0,264.2009291192858,False
1767844944.550213,110.49715399742126,2.554350553317508,2.3603460137878893,0.07330880781159184,0.0,0.0,264.5495711775172,False
1767844944.630712,110.57765293121338,2.5552694176174824,2.370245178553442,0.07330880784234861,0.0,0.0,264.8353412335959,False
1767844944.6918938,110.63883471488953,2.556014459662561,2.378656634988645,0.07330880787127922,0.0,0.0,265.0343833426228,False
1767844944.7715414,110.71848225593567,2.5570899648072265,2.3913357271679274,0.07330880791680083,0.0,0.0,265.2511975033374,False
1767844944.8534198,110.80036067962646,2.5579031857029375,2.4012333715347687,0.07330880795073358,0.0,0.0,265.3427578470937,False
1767844944.9193766,110.86631751060486,2.5585037751045743,2.4086264358911573,0.07330880797925457,0.0,0.0,265.3611255608519,False
1767844945.0026422,110.94958305358887,2.5594038953556297,2.419666274908768,0.07330880802106361,0.0,0.0,265.2971348081966,False
1767844945.0690184,111.0159592628479,2.560036194095878,2.427266188771631,0.07330880804877546,0.0,0.0,265.1804836143864,False
1767844945.1426914,111.08963227272034,2.560655435061099,2.4344871095740173,0.07330880807832055,0.0,0.0,265.0053931089209,False
1767844945.2006538,111.14759469032288,2.561113629606017,2.4396453994368508,0.07330880809884104,0.0,0.0,264.8360526067688,False
1767844945.2733142,111.22025513648987,2.56179572853141,2.4469794403983567,0.07330880812730403,0.0,0.0,264.52182190127036,False
1767844945.336598,111.28353881835938,2.5624733844432988,2.4538135259819143,0.07330880815594705,0.0,0.0,264.13602597031615,False
1767844945.397746,111.34468698501587,2.5629979069229654,2.4587763048147115,0.07330880817623248,0.0,0.0,263.7870483769336,False
1767844945.4710073,111.4179482460022,2.5635209298772628,2.4634368949062933,0.07330880819493639,0.0,0.0,263.39589308648374,False
1767844945.5325065,111.47944736480713,2.5640405692194417,2.467785253928594,0.07330880821373142,0.0,0.0,262.9627718452239,False
1767844945.5965824,111.54352331161499,2.564700121139264,2.472908661764765,0.07330880823544017,0.0,0.0,262.34475165053186,False
1767844945.6636732,111.61061406135559,2.565275496005342,2.47702917014597,0.07330880825261331,0.0,0.0,261.7385228562812,False
1767844945.7301238,111.6770646572113,2.5657942403773575,2.480485531408628,0.07330880825150629,0.0,0.0,261.19215252266326,False
1767844945.7907195,111.73766040802002,2.5663479074846887,2.4839506952770685,0.07330880825086222,0.0,0.0,260.65334765167614,False
1767844945.8576553,111.8045961856842,2.567110518956795,2.488417401343933,0.07330880825007326,0.0,0.0,259.9715536425523,False
1767844945.9230902,111.87003111839294,2.567833324077097,2.4923843088819355,0.07330880825069522,0.0,0.0,259.3771692920119,False
1767844945.9821596,111.92910051345825,2.56839923695161,2.495339252503587,0.07330880825145034,0.0,0.0,258.940440327719,False
1767844946.0476506,111.99459147453308,2.569084181785238,2.4987639310720686,0.07330880825233797,0.0,0.0,258.440663344664,False
1767844946.1131465,112.06008744239807,2.5700042304645736,2.5031394009149914,0.07330880825262742,0.0,0.0,257.8114309591908,False
1767844946.1776748,112.12461566925049,2.570862239183015,2.5070209515765147,0.07330880825256092,0.0,0.0,257.2605082133248,False
1767844946.248584,112.19552493095398,2.571643642930962,2.5104115491387673,0.07330880825252029,0.0,0.0,256.78465322120644,False
1767844946.3156781,112.26261901855469,2.572564934125395,2.514253580259766,0.07330880825500662,0.0,0.0,256.24432276531525,True
1767844946.3880641,112.33500504493713,2.573740742969669,2.5189368591284844,0.07330880825890843,0.0,0.0,255.56465100836124,False
1767844946.4561455,112.4030864238739,2.5746990438131974,2.522587661456906,0.07330880826192798,0.0,0.0,255.01739866118373,False
1767844946.523712,112.47065281867981,2.5755414818142865,2.5256835046311608,0.07330880826715913,0.0,0.0,254.53219346298897,False
1767844946.5854208,112.53236174583435,2.576375335248236,2.528647370120564,0.07330880827246633,0.0,0.0,254.03578759375392,False
1767844946.6459842,112.59292507171631,2.577316124405195,2.5318748407106826,0.07330880827820407,0.0,0.0,253.4549421563167,False
1767844946.7087235,112.65566444396973,2.578235284182241,2.534911883491636,0.07330880828560873,0.0,0.0,252.85681237762373,False
1767844946.7758884,112.72282934188843,2.579003062137525,2.537360285580257,0.07330880829245798,0.0,0.0,252.31182641964784,False
1767844946.8395302,112.78647112846375,2.579733310118948,2.5396123896050393,0.07330880829872732,0.0,0.0,251.74644355391445,False
1767844946.9006066,112.84754753112793,2.5805114258288597,2.5419271808284014,0.07330880830669345,0.0,0.0,251.0725130514683,False
1767844946.9596164,112.90655732154846,2.5812028852191977,2.543904910102613,0.07330880831423917,0.0,0.0,250.35998025589458,False
1767844947.0214515,112.96839237213135,2.581730851543874,2.5453589584787433,0.07330880831978052,0.0,0.0,249.70479644195504,False
1767844947.0915358,113.03847670555115,2.5821789802709616,2.5465497985090613,0.07330880832486232,0.0,0.0,249.01919218071947,False
1767844947.156607,113.10354781150818,2.5825620920460124,2.5475292421386353,0.07330880832965647,0.0,0.0,248.18957979169616,False
1767844947.2290885,113.17602944374084,2.58282675431735,2.5481755759600726,0.07330880833287,0.0,0.0,247.08247460492035,False
1767844947.291798,113.23873901367188,2.5828586810194927,2.5482506221678376,0.07330880833329799,0.0,0.0,246.26187569101816,False
1767844947.3517258,113.29866671562195,2.5827756296950013,2.548065620218025,0.07330880833242512,0.0,0.0,245.5289363021643,False
1767844947.411797,113.35873794555664,2.582541328975111,2.547562185745158,0.07330880832995108,0.0,0.0,244.63976004603308,False
1767844947.4775844,113.4245252609253,2.5820076137258496,2.5464678882587517,0.07330880832441271,0.0,0.0,243.44332392953237,False
1767844947.5418603,113.48880124092102,2.581290790686139,2.545069296784852,0.07330880831702419,0.0,0.0,242.32987530512264,False
1767844947.602482,113.54942297935486,2.5805920327330707,2.5437613597446274,0.07330880831008646,0.0,0.0,241.46427283699592,False
1767844947.6662822,113.6132230758667,2.579592664470338,2.5419635338161735,0.07330880830052827,0.0,0.0,240.42178325577123,False
1767844947.731075,113.67801594734192,2.577994193503485,2.5392270560096337,0.07330880828537831,0.0,0.0,239.03052912486498,False
1767844947.7976246,113.74456548690796,2.576257115369748,2.536405968404763,0.073308808269775,0.0,0.0,237.74650028085722,False
1767844947.8686104,113.81555128097534,2.5744805750352575,2.533653606143215,0.07330880825457549,0.0,0.0,236.5869659053607,False
1767844947.9298143,113.87675523757935,2.5724476140068706,2.5306415137705636,0.07330880823679682,0.0,0.0,235.394005410232,False
1767844947.9894602,113.93640112876892,2.569786789285359,2.526885782292246,0.07330880821452664,0.0,0.0,233.98979816870997,False
1767844948.0597966,114.00673747062683,2.5663463957195094,2.522292762494334,0.07330880818744331,0.0,0.0,232.35880339745358,False
1767844948.124453,114.0713939666748,2.5633255527309338,2.5184676553233043,0.07330880816336519,0.0,0.0,231.0531815068847,False
1767844948.189957,114.1368978023529,2.559978671537408,2.514424965609845,0.07330880813748863,0.0,0.0,229.71532958691685,False
1767844948.2741287,114.22106957435608,2.554041476758467,2.5076855971473027,0.07330880809413579,0.0,0.0,227.54887314023242,False
1767844948.3415785,114.2885193824768,2.5491649745205756,2.50250525183509,0.07330880805751852,0.0,0.0,225.9243517407793,False
1767844948.4103215,114.35726237297058,2.5444911535687127,2.4977998821564573,0.07330880802456083,0.0,0.0,224.4693930895703,False
1767844948.4815059,114.42844676971436,2.538677344859866,2.4922607597329187,0.07330880798462096,0.0,0.0,222.7687923289649,False
1767844948.540963,114.48790383338928,2.531486881816424,2.4858359678116337,0.07330880793414185,0.0,0.0,220.8070764250808,False
1767844948.5986242,114.54556512832642,2.525407771067501,2.4807308179373058,0.07330880789453523,0.0,0.0,219.24606397209718,False
1767844948.6692245,114.61616539955139,2.5189043270047353,2.475567515937803,0.07330880785496205,0.0,0.0,217.65467040956463,False
1767844948.7307749,114.67771577835083,2.511954401020392,2.4703606958483153,0.07330880780900147,0.0,0.0,216.03280700782358,False
1767844948.7951264,114.74206733703613,2.502342906143829,2.4636399646987197,0.07330880775067065,0.0,0.0,213.90289325456038,False
1767844948.8598828,114.80682373046875,2.493172981628792,2.457700392531931,0.07330880769987914,0.0,0.0,211.9680962018324,False
1767844948.9257326,114.87267351150513,2.4846589685331217,2.452563882318225,0.07330880764942453,0.0,0.0,210.24330084694867,False
1767844948.9907675,114.93770837783813,2.475657220548876,2.4474992791425794,0.07330880759767475,0.0,0.0,208.48860148603268,False
1767844949.0589507,115.00589156150818,2.463389638528772,2.441158011665023,0.07330880753347963,0.0,0.0,206.18923171644468,False
1767844949.127691,115.07463192939758,2.4503412314010253,2.435070435608446,0.07330880746185449,0.0,0.0,203.84126858271134,False
1767844949.1949315,115.14187240600586,2.4396355442267854,2.430546195623264,0.07330880740664437,0.0,0.0,201.98122097194923,False
1767844949.2620091,115.20895004272461,2.4284686514099803,2.4262518608609116,0.07330880735411194,0.0,0.0,200.09196673533262,False
1767844949.3248816,115.27182245254517,2.4151509690004933,2.421668321562785,0.07330880728961825,0.0,0.0,197.8971626155794,False
1767844949.391014,115.33795499801636,2.399477267462618,2.416984674980725,0.07330880722131344,0.0,0.0,195.38266936466331,False
1767844949.4636207,115.41056156158447,2.3849865026717203,2.413306160561224,0.0733088071658151,0.0,0.0,193.1078994053341,False
1767844949.524634,115.4715747833252,2.3737954708637266,2.41087802383615,0.07330880712232227,0.0,0.0,191.3775712403047,False
1767844949.5917892,115.53873014450073,2.358461569393926,2.4081171511736645,0.07330880706819895,0.0,0.0,189.03832447622335,False
1767844949.65741,115.60435080528259,2.34071884877207,2.4057182278471343,0.07330880701444084,0.0,0.0,186.36340060736634,False
1767844949.725281,115.67222189903259,2.3245661989928235,2.404261045964019,0.0733088069669767,0.0,0.0,183.94761696455464,False
1767844949.7845373,115.73147821426392,2.312237754359464,2.40360850354554,0.07330880693429169,0.0,0.0,182.1123135501601,False
1767844949.851142,115.79808282852173,2.297666584655917,2.4033467128153876,0.07330880690087933,0.0,0.0,179.94603428590358,False
1767844949.9107058,115.85764670372009,2.2786949906971175,2.403832240605099,0.07330880685939316,0.0,0.0,177.1213842646349,False
1767844949.9696248,115.91656565666199,2.2637913793042848,2.4048723112812476,0.07330880683104553,0.0,0.0,174.89371416101926,False
1767844950.028674,115.97561478614807,2.2509556774286645,2.4062374884455475,0.07330880681095278,0.0,0.0,172.96316443894088,False
1767844950.0923083,116.03924918174744,2.2359546852110133,2.4083922606616217,0.07330880679210794,0.0,0.0,170.68654473887693,False
1767844950.151268,116.09820890426636,2.2188370456762017,2.4116045496261,0.0733088067764901,0.0,0.0,168.05316924130676,False
1767844950.2128422,116.1597831249237,2.2018199756054244,2.4156203221355503,0.07330880676730656,0.0,0.0,165.38667386934847,False
1767844950.2814353,116.22837615013123,2.1870709393637644,2.419791510106912,0.07330880676383485,0.0,0.0,163.026713669263,False
1767844950.345714,116.2926549911499,2.172496096388896,2.424573244055078,0.07330880676270526,0.0,0.0,160.64201192293552,False
1767844950.4087727,116.35571360588074,2.1561093931802775,2.4307759671569737,0.07330880676675862,0.0,0.0,157.88671003582715,False
1767844950.4735773,116.42051815986633,2.138100957747899,2.4386728099276347,0.0733088067762525,0.0,0.0,154.74940552768115,False
1767844950.537491,116.4844319820404,2.1244406101509465,2.445478275294699,0.07330880678129084,0.0,0.0,152.28186899917716,False
1767844950.5966372,116.54357814788818,2.1129990914873567,2.4517639634530095,0.07330880678873411,0.0,0.0,150.14787317969348,False
1767844950.6631675,116.61010837554932,2.0981767490940233,2.460770645513718,0.07330880680289956,0.0,0.0,147.27567579623025,False
1767844950.7275517,116.67449259757996,2.082505110139965,2.4714763222614056,0.07330880695408931,0.0,0.0,144.0140782811625,False
1767844950.7886622,116.73560309410095,2.0713369295065838,2.479969512238296,0.0733088070727856,0.0,0.0,141.46013465275456,False
1767844950.8567433,116.80368423461914,2.0610395225123406,2.488553060822512,0.07330880718374796,0.0,0.0,138.89140673088625,False
1767844950.920804,116.86774492263794,2.0515662442969664,2.4972004754397856,0.07330880727622718,0.0,0.0,136.3076355148999,False
1767844950.9825687,116.92950963973999,2.040517906897335,2.508383691314362,0.07330880738538852,0.0,0.0,132.96297373822617,False
1767844951.0525215,116.99946236610413,2.0317335822058604,2.5183196284521285,0.07330880747538049,0.0,0.0,129.9688547893625,False
1767844951.1186788,117.06561970710754,2.024786324738779,2.527004122215007,0.07330880752984914,0.0,0.0,127.33213861053554,False
1767844951.1812203,117.12816119194031,2.0184367206251834,2.535739481020012,0.07330880757566197,0.0,0.0,124.67803234005578,False
1767844951.2417839,117.18872475624084,2.011897416399531,2.5457473350250153,0.0733088076259291,0.0,0.0,121.6237030238632,False
1767844951.3021824,117.24912333488464,2.0060630659577474,2.555816450201871,0.07330880764447135,0.0,0.0,118.54605945365205,False
1767844951.386017,117.33295798301697,2.0001826228867046,2.5674564036230465,0.07330880764863272,0.0,0.0,115.0519967487345,False
1767844951.4480786,117.39501953125,1.9966734296614737,2.5753829079201647,0.0733088076524462,0.0,0.0,112.70408410922745,False
1767844951.5108187,117.45775961875916,1.9925014426118406,2.5861800558750088,0.07330880763893022,0.0,0.0,109.55123593518046,True
1767844951.592939,117.53987979888916,1.987664990825466,2.601650698684371,0.07330880760922914,0.0,0.0,105.17720388195563,False
1767844951.660693,117.60763382911682,1.9851697807605921,2.611830208449121,0.07330880759265065,0.0,0.0,102.37075386222882,False
1767844951.724769,117.67171001434326,1.983147010734132,2.6222792367049306,0.07330880756280705,0.0,0.0,99.54910378178685,False
1767844951.787496,117.73443698883057,1.9814339398751182,2.6345851899198296,0.07330880752879218,0.0,0.0,96.30988494299021,False
1767844951.8486598,117.7956006526947,1.9803997217267117,2.6472218700715073,0.07330880749738544,0.0,0.0,93.05544949645224,False
1767844951.934248,117.88118886947632,1.98009147427314,2.661836877344953,0.07330880744267798,0.0,0.0,89.38014340697113,False
1767844951.9914484,117.93838930130005,1.9804150789753572,2.6718499644445872,0.073308807404308,0.0,0.0,86.92558735284918,False
1767844952.057755,118.00469589233398,1.981540031148597,2.6854755012942975,0.07330880735568071,0.0,0.0,83.64762147373875,False
1767844952.122675,118.06961584091187,1.9837919896265868,2.7010897864312486,0.07330880730470182,0.0,0.0,79.95287651626788,False
1767844952.1827857,118.12972664833069,1.9862888959043339,2.713373153655841,0.07330880726793318,0.0,0.0,77.07411545847717,False
1767844952.2439573,118.19089818000793,1.9889589531766623,2.723953181434516,0.07330880723849134,0.0,0.0,74.60312383635109,False
1767844952.3096447,118.25658559799194,1.993288968020794,2.738071408229036,0.07330880720226703,0.0,0.0,71.3035347086618,False
1767844952.3732188,118.3201596736908,1.9992175013122506,2.7538774356114235,0.07330880716568185,0.0,0.0,67.58485513691097,False
1767844952.434293,118.38123393058777,2.0046006703139714,2.766044792188373,0.07330880714026036,0.0,0.0,64.68776054048972,False
1767844952.4940872,118.44102811813354,2.0097476299147967,2.776342370774214,0.07330880712055167,0.0,0.0,62.20124830473683,False
1767844952.565442,118.51238298416138,2.0173637929091153,2.789825343844027,0.07330880709719384,0.0,0.0,58.88123967670137,False
1767844952.623487,118.57042789459229,2.02582212529518,2.8029585798815124,0.07330880707706823,0.0,0.0,55.555980508256134,False
1767844952.6905634,118.63750433921814,2.0350963438870626,2.815671741884412,0.0733088070600375,0.0,0.0,52.225550388475156,False
1767844952.748408,118.6953489780426,2.042568541208124,2.8248906891014167,0.07330880704920192,0.0,0.0,49.724381558725,False
1767844952.8056698,118.75261068344116,2.050466700210292,2.8338091080784675,0.073308807039948,0.0,0.0,47.22038081170019,False
1767844952.870386,118.81732678413391,2.061631162322483,2.8451892882776675,0.07330880702993994,0.0,0.0,43.877363643502854,False
1767844952.9376123,118.88455319404602,2.0750068350225104,2.8572300553367485,0.07330880702165281,0.0,0.0,40.11061389419698,False
1767844953.0022163,118.94915723800659,2.0859661131012683,2.8659923768422737,0.07330880701721781,0.0,0.0,37.17669829674107,False
1767844953.063872,119.010812997818,2.0957190461166584,2.8730569592368136,0.07330880701471061,0.0,0.0,34.65901452657055,False
1767844953.1231844,119.0701253414154,2.107485486327637,2.880753429222162,0.07330880701318372,0.0,0.0,31.718377437330474,False
1767844953.1857674,119.13270831108093,2.1231713897721542,2.8897462288340505,0.07330880701324183,0.0,0.0,27.932347501750094,False
1767844953.2521393,119.19908022880554,2.1375810205056287,2.896851582137708,0.07330880701501054,0.0,0.0,24.56214081522722,False
1767844953.3217716,119.26871252059937,2.1505020958675063,2.9023592501999165,0.07330880701774091,0.0,0.0,21.60952473291596,False
1767844953.3899386,119.33687949180603,2.1655731598644383,2.907821161902415,0.07330880702206351,0.0,0.0,18.23095586118553,False
1767844953.458283,119.40522384643555,2.1828441378486607,2.9128810693479013,0.07330880702827071,0.0,0.0,14.424854193597692,False
1767844953.5196764,119.46661734580994,2.196497206028034,2.9160187024637567,0.07330880701755071,0.0,0.0,11.462782164282373,False
1767844953.5785716,119.52551245689392,2.2083667692169286,2.918152875837268,0.0733088070075627,0.0,0.0,8.924944237067974,False
1767844953.6375525,119.58449339866638,2.222371518905672,2.9199827348790985,0.07330880699705428,0.0,0.0,5.965378485718717,False
1767844953.6939752,119.64091610908508,2.2385829955109715,2.921194050758219,0.0733088069623383,0.0,0.0,2.5948252154123645,False
1767844953.7547495,119.70169043540955,2.253028219287322,2.9214793324430035,0.07330880692100988,0.0,0.0,359.6806273733173,False
1767844953.8143992,119.76134014129639,2.265577052247314,2.9211377317151115,0.07330880688571993,0.0,0.0,357.2097382476841,False
1767844953.877305,119.82424592971802,2.280364090375916,2.920046394412045,0.07330880685682829,0.0,0.0,354.35971617590235,False
1767844953.9403017,119.88724255561829,2.299341674767856,2.9175677521585297,0.07330880685083488,0.0,0.0,350.77499979076725,False
1767844954.0027595,119.94970035552979,2.316099715605571,2.9143755253725745,0.07330880684119512,0.0,0.0,347.6689734704319,False
1767844954.0720391,120.01898002624512,2.3306577035637974,2.910836131927239,0.073308806829462,0.0,0.0,345.01232380695177,False
1767844954.1325057,120.07944655418396,2.345102248807783,2.906614031154535,0.07330880681466391,0.0,0.0,342.4119292974685,False
1767844954.1908972,120.13783812522888,2.3614543442108262,2.9009683596106552,0.07330880679403218,0.0,0.0,339.5079761169989,False
1767844954.262687,120.209627866745,2.3796295596351986,2.893590903964179,0.07330880676614482,0.0,0.0,336.3263223873866,False
1767844954.3287437,120.27568459510803,2.393571352750207,2.8871236223348196,0.07330880674930268,0.0,0.0,333.913480216298,False
1767844954.3949401,120.34188103675842,2.4073077313215503,2.880042362029536,0.07330880673023048,0.0,0.0,331.5543239761589,False
1767844954.457401,120.40434193611145,2.422746377067174,2.871211753703253,0.07330880670449118,0.0,0.0,328.9229694221222,False
1767844954.5240138,120.47095465660095,2.4395001993886116,2.8605325305582854,0.07330880679043128,0.0,0.0,326.04905601852795,False
1767844954.5894773,120.53641819953918,2.4517740450393077,2.8519272113584604,0.07330880686821786,0.0,0.0,323.8821766069923,False
1767844954.657279,120.60421991348267,2.4634282028122714,2.8430900396404764,0.07330880693550781,0.0,0.0,321.7743851825309,False
1767844954.7160988,120.66303968429565,2.475953931126513,2.832804125044597,0.07330880704544682,0.0,0.0,319.43655523697566,False
1767844954.79504,120.74198079109192,2.490293989091283,2.8199060313624806,0.07330880717537418,0.0,0.0,316.6184599945749,False
1767844954.8643165,120.81125736236572,2.499540315120083,2.8108724607506876,0.07330880725230679,0.0,0.0,314.7135778678744,False
1767844954.9245527,120.87149357795715,2.5081347239356377,2.8019072451928495,0.07330880734466508,0.0,0.0,312.86205820909606,False
1767844954.9845004,120.93144130706787,2.517175093940075,2.79180967412221,0.07330880743533379,0.0,0.0,310.80899489481885,False
1767844955.0557842,121.00272512435913,2.525458688656681,2.781873574644185,0.07330880751307045,0.0,0.0,308.82211229564007,False
1767844955.1359687,121.08290958404541,2.5339235180994777,2.770939956050947,0.0733088076041808,0.0,0.0,306.66350745696707,False
1767844955.1959414,121.14288234710693,2.539894825568744,2.7626767114793966,0.07330880766808542,0.0,0.0,305.0383367466456,False
1767844955.2606063,121.20754718780518,2.5468657347976027,2.752353824056617,0.07330880773873324,0.0,0.0,303.0167973275162,False
1767844955.3286245,121.27556538581848,2.552442296418592,2.743482189225276,0.07330880780027454,0.0,0.0,301.28248729087494,False
1767844955.3886917,121.33563256263733,2.556262553314547,2.7370359528883257,0.07330880784136426,0.0,0.0,300.019335642343,False
1767844955.4592724,121.40621328353882,2.560363003764909,2.7297303319550483,0.07330880788381335,0.0,0.0,298.58583074673953,False
1767844955.51962,121.46656084060669,2.5651136726775197,2.7206811808776945,0.07330880793525386,0.0,0.0,296.80512466014466,False
1767844955.583189,121.53012990951538,2.5688803885611526,2.712973526516818,0.07330880797519046,0.0,0.0,295.27983505601117,False
1767844955.6439905,121.59093141555786,2.5714522874639343,2.7073885876480035,0.07330880800147768,0.0,0.0,294.1708968134834,False
1767844955.7084653,121.65540623664856,2.574194761912044,2.7010946626900685,0.07330880803390057,0.0,0.0,292.91255241784694,False
1767844955.79011,121.73705101013184,2.577962761449512,2.6917515829501273,0.07330880807986825,0.0,0.0,291.00235216286666,False
1767844955.8559115,121.80285239219666,2.580334175050701,2.6853531865734803,0.07330880810806868,0.0,0.0,289.6636944879191,False
1767844955.919274,121.86621499061584,2.582170982150691,2.6800479454258643,0.07330880813557777,0.0,0.0,288.5211850255645,False
1767844955.9840598,121.93100070953369,2.5837897262591123,2.675055295804125,0.0733088081606445,0.0,0.0,287.39746158896077,False
1767844956.0506158,121.99755668640137,2.5853985922509777,2.6697173318398817,0.07330880818578017,0.0,0.0,286.1358897446444,False
1767844956.1159723,122.06291317939758,2.5869316896236354,2.6641697908771107,0.07330880821122447,0.0,0.0,284.7430385817862,False
1767844956.17619,122.12313079833984,2.58780456610067,2.6607426230952,0.07330880822637485,0.0,0.0,283.82678109393,False
1767844956.2409282,122.18786907196045,2.588687356496065,2.657009363046527,0.07330880824210274,0.0,0.0,282.7698903306613,False
1767844956.3029387,122.24987959861755,2.589538991675068,2.6530636232771387,0.07330880825621329,0.0,0.0,281.5746955921501,False
1767844956.3615875,122.30852842330933,2.5902472922080246,2.6494157957875983,0.0733088082681162,0.0,0.0,280.38699602208203,False
1767844956.4448366,122.39177751541138,2.5908927186105455,2.6456530221084344,0.07330880827971237,0.0,0.0,279.0594808982813,False
1767844956.5095005,122.4564414024353,2.591297976980048,2.6429578733054795,0.07330880828683181,0.0,0.0,278.03134433196425,False
1767844956.5707014,122.51764225959778,2.59167275616187,2.6400923576763744,0.07330880829378188,0.0,0.0,276.85567324369816,False
1767844956.6393678,122.58630871772766,2.591994601216095,2.637131778095807,0.07330880830060843,0.0,0.0,275.5320385897506,False
1767844956.7035453,122.65048623085022,2.5921810960422182,2.6350097292804895,0.07330880830485727,0.0,0.0,274.5007335081853,True
1767844956.7700427,122.71698355674744,2.592319700188762,2.6330218302714843,0.07330880830842586,0.0,0.0,273.4638347527083,False
1767844956.8331714,122.78011226654053,2.5924259216283136,2.6309075519264704,0.07330880831207781,0.0,0.0,272.2716578544183,False
1767844956.8985064,122.84544730186462,2.5924874144259,2.6287136375132456,0.07330880831517483,0.0,0.0,270.9196288764813,False
1767844956.9818804,122.92882132530212,2.592496111745365,2.626670789895848,0.07330880831757919,0.0,0.0,269.54906291811295,False
1767844957.0566254,123.0035662651062,2.592464730258939,2.6249750633207216,0.07330880831950781,0.0,0.0,268.3148603146734,False
1767844957.1209922,123.06793308258057,2.5923903859586037,2.6231867164059977,0.07330880832111897,0.0,0.0,266.90601201729254,False
1767844957.176128,123.12306880950928,2.5923066051224875,2.621871444454687,0.07330880832225029,0.0,0.0,265.7932989852547,False
1767844957.2490902,123.19603109359741,2.592202404008233,2.6206212782096117,0.07330880832330444,0.0,0.0,264.6659770710654,False
1767844957.3152287,123.26216959953308,2.592060153251944,2.619263583871692,0.07330880832418452,0.0,0.0,263.35828646955076,False
1767844957.3733325,123.32027339935303,2.591894017929396,2.6179668109776655,0.07330880832494878,0.0,0.0,262.02704724670065,False
1767844957.438922,123.38586282730103,2.5917060732012565,2.6167304054838736,0.07330880832567159,0.0,0.0,260.67253703038386,False
1767844957.5256138,123.4725546836853,2.5914696179669345,2.615402566153651,0.07330880832618797,0.0,0.0,259.119392117865,False
1767844957.5866573,123.53359818458557,2.591265888339083,2.6144005725351716,0.07330880832649703,0.0,0.0,257.8867233927245,False
1767844957.652782,123.59972286224365,2.5910127172836432,2.613288517343433,0.07330880832684944,0.0,0.0,256.45170154706483,False
1767844957.7224238,123.66936469078064,2.5907024843965654,2.6120773105126713,0.07330880832714383,0.0,0.0,254.80254619794607,False
1767844957.7815866,123.72852754592896,2.590480072260897,2.611289000633164,0.07330880832731802,0.0,0.0,253.68036732709837,False
1767844957.8432863,123.79022717475891,2.5902054395839795,2.610389691160992,0.07330880832752995,0.0,0.0,252.3483133621115,False
1767844957.9058142,123.85275506973267,2.589826664946881,2.6092591316290985,0.07330880832761534,0.0,0.0,250.59774017161357,False
1767844957.969621,123.91656184196472,2.5894623962321366,2.6082688623092065,0.07330880832767345,0.0,0.0,249.00309264682062,False
1767844958.025991,123.97293186187744,2.5891725765329237,2.6075370299208935,0.07330880832773322,0.0,0.0,247.78357871923222,False
1767844958.0944946,124.0414354801178,2.5888180094948767,2.6066991190958797,0.07330880832793071,0.0,0.0,246.3356947658674,False
1767844958.1522348,124.09917569160461,2.5884527167361555,2.6058936671794277,0.07330880832826635,0.0,0.0,244.8613020348576,False
1767844958.2093992,124.1563401222229,2.5880253698108606,2.6050170433463844,0.07330880832865057,0.0,0.0,243.14431309657698,False
1767844958.2730987,124.22003960609436,2.587644993753843,2.6042898685835594,0.073308808329036,0.0,0.0,241.6143754929723,False
1767844958.3394942,124.2864351272583,2.5872692327097537,2.603616187765319,0.0733088083296293,0.0,0.0,240.05943622958853,False
1767844958.4060185,124.35295939445496,2.5868537509367244,2.6029199745088483,0.07330880833025902,0.0,0.0,238.25238112419532,False
1767844958.4859104,124.43285131454468,2.586315851728141,2.6020909776202004,0.07330880833110456,0.0,0.0,235.716349378235,False
1767844958.5514798,124.49842071533203,2.586008107966816,2.601652845202535,0.07330880833166771,0.0,0.0,234.0722845207858,False
1767844958.6202667,124.56720757484436,2.585734634942283,2.6012864360720895,0.07330880833214773,0.0,0.0,232.405151729726,False
1767844958.6913533,124.6382942199707,2.5854424971126115,2.600920778876187,0.07330880833270922,0.0,0.0,230.2284006409202,False
1767844958.7510202,124.69796109199524,2.5852618740150266,2.60071058980097,0.07330880833309748,0.0,0.0,228.26307957153352,False
1767844958.8252158,124.77215671539307,2.5851649566206807,2.600605116399072,0.07330880833329943,0.0,0.0,226.2696595477372,False
1767844958.8939562,124.84089708328247,2.585154325036074,2.6005939603644177,0.0733088083333258,0.0,0.0,224.50271647788608,False
1767844958.950539,124.89748001098633,2.5852222988229334,2.600658329100973,0.0733088083331957,0.0,0.0,222.7149700770658,False
1767844959.0131176,124.96005845069885,2.5854324231119397,2.600843782259773,0.07330880833280001,0.0,0.0,220.38633579593878,False
1767844959.081909,125.02884984016418,2.5857413816295343,2.601096455989217,0.07330880833220887,0.0,0.0,218.28845279676878,False
1767844959.1521032,125.09904408454895,2.5861215985057138,2.601386337191802,0.07330880833142418,0.0,0.0,216.43169874449913,False
1767844959.2132928,125.16023373603821,2.586611436033762,2.6017352713983803,0.07330880833045031,0.0,0.0,214.5555761261002,False
1767844959.2766232,125.22356414794922,2.5874067611470637,2.6022576188874975,0.07330880832891645,0.0,0.0,212.11538942354807,False
1767844959.3426604,125.28960132598877,2.5882782427166426,2.6027810795636612,0.07330880832725156,0.0,0.0,209.92053307744877,False
1767844959.4094899,125.35643076896667,2.5891712232828694,2.6032747075766696,0.07330880832561443,0.0,0.0,207.9804986061601,False
1767844959.4801424,125.42708325386047,2.5903420400272577,2.603867187801212,0.07330880832355562,0.0,0.0,205.74131487057318,False
1767844959.537824,125.48476481437683,2.591673480078272,2.6044765723162135,0.0733088083213169,0.0,0.0,203.4790038565788,False
1767844959.6093202,125.55626106262207,2.59316488568717,2.6050888916689865,0.07330880831892027,0.0,0.0,201.1939161335522,False
1767844959.6781232,125.62506413459778,2.5945996411419503,2.605616061095174,0.07330880831673461,0.0,0.0,199.1760460803815,False
1767844959.7404,125.68734097480774,2.5963802549192847,2.6061946559197544,0.07330880831426184,0.0,0.0,196.84892364455166,False
1767844959.7985432,125.74548411369324,2.5983053160043412,2.6067344632255214,0.07330880831171635,0.0,0.0,194.4996368006229,False
1767844959.8697686,125.81670951843262,2.600369982461057,2.607222714489927,0.07330880830911925,0.0,0.0,192.1285215225286,False
1767844959.9284925,125.8754334449768,2.60198308634439,2.607543024756996,0.07330880830844216,0.0,0.0,190.3356831419453,False
1767844959.9996836,125.9466245174408,2.604183243296604,2.6078965760105546,0.07330880830755043,0.0,0.0,187.9256658005288,False
1767844960.0648882,126.01182913780212,2.6067173923038567,2.608187782015648,0.07330880830664555,0.0,0.0,185.18805572868447,False
1767844960.126501,126.07344198226929,2.608686744445824,2.608329599666819,0.07330880830783595,0.0,0.0,183.0392008316928,False
1767844960.1933722,126.14031314849854,2.6106157730204664,2.6083956688367196,0.07330880830900276,0.0,0.0,180.87290900753334,False
1767844960.2655172,126.21245813369751,2.613028784999901,2.608373664668813,0.07330880831053782,0.0,0.0,178.06242725220167,False
1767844960.3310106,126.27795147895813,2.615371991257979,2.608236610300191,0.07330880831152996,0.0,0.0,175.23094329626662,False
1767844960.3927836,126.33972454071045,2.617152292189389,2.6080535631177857,0.07330880831232113,0.0,0.0,173.02037111206502,False
1767844960.4606388,126.40757966041565,2.6188899026976147,2.6078067531122344,0.07330880831316333,0.0,0.0,170.80263605773536,False
1767844960.5241082,126.47104907035828,2.6208393667942156,2.6074466245839716,0.07330880831324976,0.0,0.0,168.26559898750128,False
1767844960.5830786,126.53001952171326,2.6227689723204195,2.6070011265913333,0.07330880831334449,0.0,0.0,165.73343090152338,False
1767844960.6465797,126.5935206413269,2.624433974913327,2.606543385908184,0.07330880831351771,0.0,0.0,163.52171986655847,False
1767844960.7144582,126.66139912605286,2.626075120423265,2.606023449889595,0.07330880831354321,0.0,0.0,161.32830721743406,False
1767844960.7780678,126.72500872612,2.6279233881058954,2.605354417285531,0.07330880831365762,0.0,0.0,158.88305840028713,False
1767844960.8499281,126.79686903953552,2.6299546807066316,2.6045147779587117,0.07330880831400774,0.0,0.0,156.21079874128884,False
1767844960.9141395,126.86108040809631,2.6317000086976754,2.6037030337109055,0.07330880831488636,0.0,0.0,153.9043675268179,False
1767844960.9741814,126.92112231254578,2.6329534472583114,2.6030660561424686,0.07330880831578354,0.0,0.0,152.2167050210643,False
1767844961.0356045,126.98254537582397,2.6343506441044773,2.602299718400275,0.07330880831689897,0.0,0.0,150.2928505598343,False
1767844961.1252742,127.07221508026123,2.6366438518890964,2.6009041037003797,0.07330880831621563,0.0,0.0,147.0937263579616,False
1767844961.187566,127.13450694084167,2.637996597404909,2.5999976636365294,0.07330880831515386,0.0,0.0,145.2700743222713,False
1767844961.256668,127.20360898971558,2.6393580340418326,2.5990217796122685,0.07330880831415212,0.0,0.0,143.47635548763125,False
1767844961.3174307,127.26437163352966,2.6407804733844062,2.5979299138359027,0.07330880831967745,0.0,0.0,141.43661547256207,False
1767844961.3804777,127.32741856575012,2.6418996387202434,2.5970056313767076,0.07330880832478291,0.0,0.0,139.37618689767336,False
1767844961.4423478,127.38928866386414,2.642641684284785,2.5963492790757003,0.07330880832826446,0.0,0.0,137.5565874609237,False
1767844961.5126505,127.45959138870239,2.6431327358615206,2.5958870814437724,0.07330880833182932,0.0,0.0,135.71810671166472,False
1767844961.57046,127.51740097999573,2.6432996124005035,2.5957206282950285,0.07330880833332873,0.0,0.0,133.85335381825135,False
1767844961.6346304,127.58157134056091,2.6430693765754887,2.5959744053668,0.07330880833146815,0.0,0.0,131.41743289637628,False
1767844961.6926632,127.63960409164429,2.6425526075554813,2.5965827037152107,0.07330880832582029,0.0,0.0,129.49295540572473,False
1767844961.7515619,127.69850277900696,2.6418353956464458,2.5974808960591838,0.07330880831689493,0.0,0.0,127.82155657064192,False
1767844961.8233268,127.77026772499084,2.640519196111826,2.5992512031799984,0.07330880829985939,0.0,0.0,125.56190548084817,False
1767844961.9031026,127.85004353523254,2.6380825431117385,2.602880353473204,0.07330880825836007,0.0,0.0,122.39638175976432,False
1767844961.9802263,127.92716717720032,2.6355009531068467,2.607173141172864,0.0733088082059269,0.0,0.0,119.75284255876781,True
1767844962.0408208,127.98776173591614,2.6335435713046147,2.610727752729133,0.07330880816438223,0.0,0.0,117.9638801434676,False
1767844962.0988674,128.0458083152771,2.631068694130331,2.61560977924292,0.07330880810273405,0.0,0.0,115.85011510667279,False
1767844962.1649034,128.11184430122375,2.6276203282515236,2.6231995042181926,0.07330880800555634,0.0,0.0,113.0902312083382,False
1767844962.2489977,128.19593858718872,2.624020137291809,2.632265765399395,0.0733088078968334,0.0,0.0,110.28358643420225,False
1767844962.3220882,128.2690291404724,2.6208194906616757,2.6415628954960395,0.07330880778627132,0.0,0.0,107.75141714987807,False
1767844962.384085,128.33102583885193,2.6177260189095968,2.6520388831372563,0.07330880766792217,0.0,0.0,105.18716316737577,False
1767844962.44267,128.38961100578308,2.614859541282172,2.6636443461251518,0.07330880754595633,0.0,0.0,102.59136917954183,False
1767844962.5036922,128.45063304901123,2.612626279503892,2.6746878867651596,0.07330880743281616,0.0,0.0,100.29509636990585,False
1767844962.5634449,128.51038575172424,2.6109698838056388,2.684807970629491,0.07330880733272259,0.0,0.0,98.31014248083706,False
1767844962.6361587,128.58309960365295,2.6090359343306733,2.7010432795699764,0.07330880718448997,0.0,0.0,95.30441494701924,False
1767844962.6999755,128.64691638946533,2.6078889586522314,2.718438544127021,0.0733088070353056,0.0,0.0,92.26586475504881,False
1767844962.7610831,128.70802402496338,2.6076230797723077,2.7327121681385993,0.07330880692080885,0.0,0.0,89.88189669160178,False
1767844962.819617,128.76655793190002,2.6078781320283664,2.745405395269063,0.07330880682704183,0.0,0.0,87.82444642942242,False
1767844962.8881946,128.8351354598999,2.6089678809654897,2.7629022480430745,0.07330880670687417,0.0,0.0,85.06142911292972,False
1767844962.950647,128.89758801460266,2.6112921280975323,2.7832611317717975,0.07330880657881825,0.0,0.0,81.92791108638325,False
1767844963.0117862,128.95872712135315,2.61394993592838,2.7994854094004373,0.07330880648848566,0.0,0.0,79.47282863427536,False
1767844963.0839145,129.0308554172516,2.6173773662720814,2.8159422667496083,0.073308806425868,0.0,0.0,77.00173705243724,False
1767844963.14749,129.0944309234619,2.622199819641439,2.834693908926415,0.07330880641160956,0.0,0.0,74.14977319573191,False
1767844963.2303953,129.1773362159729,2.630372667980465,2.860100271582451,0.07330880640656863,0.0,0.0,70.17684255998138,False
1767844963.2944424,129.2413833141327,2.6364819783638764,2.875933058013836,0.07330880641979426,0.0,0.0,67.61820515024134,False
1767844963.3545804,129.30152130126953,2.642246313608249,2.889199687414576,0.07330880644346804,0.0,0.0,65.40713775586508,False
1767844963.4145536,129.3614945411682,2.6495606253487947,2.9042700492112172,0.07330880647508067,0.0,0.0,62.8069995595487,False
1767844963.4848115,129.4317524433136,2.6598534936460396,2.922935283473613,0.0733088065169305,0.0,0.0,59.43182769443293,False
1767844963.5453188,129.49225974082947,2.6698217277497593,2.938838875831452,0.07330880654745349,0.0,0.0,56.40092971155933,False
1767844963.6044393,129.5513801574707,2.6777801191609005,2.950314080035789,0.07330880657368234,0.0,0.0,54.108831780001296,False
1767844963.6675003,129.61444115638733,2.687553859754416,2.963174447676355,0.07330880660747865,0.0,0.0,51.41448826829556,False
1767844963.7319453,129.67888617515564,2.7008511377110813,2.978839009207428,0.07330880664757064,0.0,0.0,47.91855435950029,False
1767844963.8156192,129.76256012916565,2.716506746971811,2.9950305860967656,0.07330880669804722,0.0,0.0,43.9927753336398,False
1767844963.8857865,129.83272743225098,2.7279546343595262,3.0055612449357643,0.07330880673467963,0.0,0.0,41.21919936570872,False
1767844963.9519722,129.8989131450653,2.7414847610035715,3.0167651067365084,0.07330880677512591,0.0,0.0,38.02372875693808,False
1767844964.0157304,129.96267127990723,2.757200738442217,3.0282748972369244,0.07330880682381842,0.0,0.0,34.39648642463031,False
1767844964.084393,130.03133392333984,2.7715328799764007,3.037503027449784,0.07330880687003638,0.0,0.0,31.143997576328264,False
1767844964.1434872,130.09042811393738,2.782456199256435,3.04378916368853,0.07330880690703644,0.0,0.0,28.6875909247573,False
1767844964.215329,130.16226983070374,2.797193491526224,3.051313018725507,0.07330880695727497,0.0,0.0,25.390065270366716,False
1767844964.2862856,130.23322653770447,2.8157928024994554,3.059331969205044,0.07330880702209218,0.0,0.0,21.23285707640937,False
1767844964.3538914,130.30083227157593,2.8307177247388715,3.0646359090713755,0.07330880707592535,0.0,0.0,17.87949535464805,False
1767844964.422641,130.36958193778992,2.8437496555430246,3.0684735356890056,0.07330880712273907,0.0,0.0,14.925544242196771,False
1767844964.4892612,130.43620204925537,2.8585304029645644,3.071950348415277,0.07330880719110551,0.0,0.0,11.52958488456399,False
1767844964.553554,130.50049495697021,2.8747246008642593,3.074698524681665,0.0733088072882088,0.0,0.0,7.705369984493795,False
1767844964.6132188,130.56015968322754,2.8869323703737533,3.0760304755565695,0.07330880735828951,0.0,0.0,4.731311512379297,False
1767844964.6828866,130.62982749938965,2.8987558879934414,3.0767028496117264,0.07330880743826225,0.0,0.0,1.7590475779390138,False
1767844964.7652173,130.712158203125,2.914557252995922,3.0766145970961745,0.07330880758134234,0.0,0.0,357.5487696646699,False
1767844964.828021,130.77496194839478,2.927604949841694,3.0756327644182915,0.07330880769179911,0.0,0.0,353.80209479177256,False
1767844964.9092839,130.85622477531433,2.9394903257795675,3.073957789860972,0.07330880780919341,0.0,0.0,350.10152597150056,False
1767844964.9695308,130.91647171974182,2.9466280463704506,3.072557513555393,0.0733088078863941,0.0,0.0,347.6737732563267,False
1767844965.0303667,130.9773075580597,2.9541796993531553,3.0707161102355562,0.07330880796447936,0.0,0.0,344.8823061641923,False
1767844965.117503,131.06444382667542,2.9652791549180124,3.0672379872416253,0.07330880807672036,0.0,0.0,340.20192902086154,False
1767844965.179485,131.1264259815216,2.9707168399004016,3.0651388200362715,0.07330880812982227,0.0,0.0,337.5384279760112,False
1767844965.2465506,131.19349145889282,2.975452707004902,3.0630553148653363,0.0733088081739447,0.0,0.0,334.92390600215697,False
1767844965.3103302,131.25727105140686,2.9800689443306623,3.060752865485751,0.07330880821573185,0.0,0.0,331.99593673616215,False
1767844965.369071,131.31601190567017,2.9839016976861386,3.0585930466280224,0.07330880824886457,0.0,0.0,329.1328567671415,False
1767844965.4386916,131.3856325149536,2.98703098343575,3.0566201219612417,0.0733088082745332,0.0,0.0,326.33372562625635,False
1767844965.5000231,131.44696402549744,2.988959064375251,3.05528644438602,0.07330880829014311,0.0,0.0,324.27598256198297,False
1767844965.561076,131.5080168247223,2.9907886989754027,3.053914389944506,0.07330880830458715,0.0,0.0,321.9204984826612,False
1767844965.6256447,131.57258558273315,2.9925516540251755,3.052461659398088,0.0733088083178407,0.0,0.0,318.96261610871744,False
1767844965.700309,131.6472499370575,2.9937164084937615,3.0513993449484436,0.07330880832768347,0.0,0.0,316.07974256399825,False
1767844965.7604406,131.7073814868927,2.994123764124015,3.0509953302037793,0.07330880833188416,0.0,0.0,314.18854910915974,False
1767844965.824589,131.7715299129486,2.9942561475692058,3.050856121665455,0.07330880833332887,0.0,0.0,312.01067598496456,False
1767844965.898946,131.8458869457245,2.9938936772216977,3.051287360485122,0.07330880833001353,0.0,0.0,308.9517940256679,False
1767844965.9617026,131.9086434841156,2.993212264852703,3.0521707172472734,0.07330880832365626,0.0,0.0,306.5478732761201,False
1767844966.0387297,131.98567056655884,2.9922500908487355,3.0535296537442043,0.07330880831472453,0.0,0.0,304.18164381305496,False
1767844966.1033294,132.05027031898499,2.991223595122624,3.0551027513937714,0.07330880830527411,0.0,0.0,302.1417083578786,False
1767844966.1633608,132.11030173301697,2.989888587671056,3.057328384754643,0.07330880829305862,0.0,0.0,299.84492826303097,False
1767844966.2249086,132.17184948921204,2.9884285567388345,3.059996786275751,0.07330880827972915,0.0,0.0,297.5845087060215,False
1767844966.3126433,132.2595841884613,2.986693889369704,3.0635059143826955,0.07330880826401609,0.0,0.0,295.0844289116842,False
1767844966.3727295,132.31967043876648,2.985315106752458,3.0665863826042488,0.07330880825154941,0.0,0.0,293.1711551151639,False
1767844966.4548209,132.4017617702484,2.9831604234867104,3.0720109351647222,0.07330880823183143,0.0,0.0,290.2189196243737,False
1767844966.5155137,132.46245455741882,2.9818313802539973,3.07580903427532,0.0733088082197405,0.0,0.0,288.37452169959647,False
1767844966.5942137,132.54115462303162,2.980383480423532,3.0804506857141982,0.07330880820631364,0.0,0.0,286.29926789425997,False
1767844966.6746025,132.62154340744019,2.97887465938038,3.086027628538715,0.07330880819186084,0.0,0.0,284.00559417041814,False
1767844966.740522,132.68746280670166,2.9773842289679293,3.0926185420182977,0.0733088081771191,0.0,0.0,281.5080067010799,False
1767844966.8040218,132.7509627342224,2.9764757363861625,3.097452780538234,0.07330880816747158,0.0,0.0,279.79135645178525,False
1767844966.8725758,132.81951665878296,2.9756895818246227,3.1024501411104253,0.073308808158521,0.0,0.0,278.1004028033895,False
1767844966.9494863,132.89642715454102,2.97479589635326,3.1098299979112722,0.07330880814752494,0.0,0.0,275.7297779145914,False
1767844967.0110707,132.95801162719727,2.9742861132679517,3.115907734875415,0.07330880813968238,0.0,0.0,273.87114129998946,False
1767844967.076326,133.02326679229736,2.9739953496079328,3.1213335667779463,0.07330880813351262,0.0,0.0,272.27200691101916,False
1767844967.1449108,133.0918517112732,2.9738529774936353,3.12683778674749,0.07330880812894824,0.0,0.0,270.69850262643627,False
1767844967.2086403,133.15558123588562,2.9738739856525593,3.1332001756646184,0.07330880812447912,0.0,0.0,268.93172752348295,False
1767844967.2729495,133.21989035606384,2.9741322893808415,3.140426235533593,0.07330880812055884,0.0,0.0,266.9837037177992,False
1767844967.3634777,133.31041860580444,2.974707695473983,3.148495371755675,0.07330880811838204,0.0,0.0,264.8691141863143,True
1767844967.4278083,133.37474918365479,2.9752875793827775,3.1541475948084114,0.07330880811752034,0.0,0.0,263.420108432848,False
1767844967.491018,133.43795895576477,2.976124207717978,3.160593702350881,0.07330880811769536,0.0,0.0,261.7953302427199,False
1767844967.5647633,133.51170420646667,2.977420014949256,3.168594283162923,0.07330880811936415,0.0,0.0,259.8121788697089,False
1767844967.6314366,133.57837748527527,2.9784854218889474,3.174143576382762,0.07330880812103222,0.0,0.0,258.4552146483854,False
1767844967.6979477,133.64488863945007,2.9796749792371586,3.1796399579684307,0.07330880812354067,0.0,0.0,257.12387205391565,False
1767844967.7809,133.72784090042114,2.981778044911503,3.1881387343301455,0.0733088081286156,0.0,0.0,255.08479606490755,False
1767844967.851794,133.79873490333557,2.983475135211584,3.1942014367364493,0.0733088081327327,0.0,0.0,253.64197779657752,False
1767844967.921383,133.868323802948,2.985300732795736,3.2001490485221566,0.07330880813824638,0.0,0.0,252.2330485634809,False
1767844967.983663,133.93060398101807,2.9869921347165453,3.2052425125343658,0.07330880814352182,0.0,0.0,251.02870415674232,False
1767844968.0444345,133.99137544631958,2.9890231538614533,3.2109323174471736,0.0733088081497053,0.0,0.0,249.6844044275909,False
1767844968.1061358,134.0530767440796,2.9911475913922443,3.216474924334462,0.07330880815659341,0.0,0.0,248.37429519575147,False
1767844968.1649833,134.11192417144775,2.992793434736968,3.2205269580915776,0.07330880816203024,0.0,0.0,247.4147412348595,False
1767844968.2230153,134.1699562072754,2.9944791695185358,3.2244876081108336,0.07330880816747833,0.0,0.0,246.4747337793019,False
1767844968.2932465,134.24018740653992,2.997071875527607,3.230253240750244,0.07330880817618111,0.0,0.0,245.1011781736992,False
1767844968.358331,134.30527186393738,2.999721489742174,3.2357924460935044,0.07330880818539448,0.0,0.0,243.77242069157742,False
1767844968.422027,134.36896800994873,3.0018114377723206,3.239942583241914,0.07330880819245057,0.0,0.0,242.7696251345945,False
1767844968.4897163,134.43665719032288,3.003918938830849,3.2439536255719648,0.07330880819971913,0.0,0.0,241.79342801376117,False
1767844968.5533433,134.5002841949463,3.0063354630520167,3.248358774932574,0.07330880820826947,0.0,0.0,240.71096551678,False
1767844968.6227515,134.56969237327576,3.0090518183304376,3.253087082174811,0.0733088082176025,0.0,0.0,239.53507688743392,False
1767844968.6960285,134.6429693698883,3.0114537354372164,3.257089457225426,0.07330880822587338,0.0,0.0,238.52664047560796,False
1767844968.7550778,134.70201873779297,3.0132386607204613,3.259963792668645,0.07330880823215455,0.0,0.0,237.7935156591701,False
1767844968.8391423,134.78608322143555,3.0164596639105254,3.2649518355904767,0.07330880824319672,0.0,0.0,236.50072502151193,False
1767844968.9002104,134.84715127944946,3.018749334893573,3.268353040816486,0.07330880825109978,0.0,0.0,235.6018320552866,False
1767844968.9884608,134.93540167808533,3.0212563952227667,3.2719492328715116,0.07330880825970859,0.0,0.0,234.63258982167523,False
1767844969.0542643,135.00120520591736,3.023149468685014,3.2745809455956336,0.07330880826607257,0.0,0.0,233.9090716782184,False
1767844969.1172829,135.0642237663269,3.0254990350176323,3.2777520972200307,0.07330880827423814,0.0,0.0,233.0177320013775,False
1767844969.2045352,135.15147614479065,3.0282214005013364,3.281300569308902,0.07330880828360133,0.0,0.0,231.98792385229618,False
1767844969.2765424,135.2234833240509,3.0298615097212314,3.283375664458662,0.07330880828916359,0.0,0.0,231.3661745386933,False
1767844969.334612,135.28155279159546,3.031423157556254,3.285308921956204,0.07330880829452793,0.0,0.0,230.77058928876465,False
1767844969.3923154,135.3392562866211,3.0331060745220597,3.2873466668384985,0.07330880830022786,0.0,0.0,230.12176373054874,False
1767844969.4576023,135.4045431613922,3.034675672338016,3.2892050691110932,0.0733088083054694,0.0,0.0,229.50641086362032,False
1767844969.516696,135.4636368751526,3.0357752150963244,3.2904828441051346,0.07330880830915137,0.0,0.0,229.0666612427004,False
1767844969.5807958,135.52773666381836,3.0369701699482223,3.291848956235569,0.07330880831312307,0.0,0.0,228.57708779212624,False
1767844969.655159,135.6020998954773,3.0385080180735167,3.293572129237808,0.0733088083181766,0.0,0.0,227.9209013824441,False
1767844969.7217238,135.6686646938324,3.0395895450121992,3.2947598494569816,0.0733088083217443,0.0,0.0,227.4321663300965,False
1767844969.7798257,135.7267665863037,3.040310689609812,3.295540283757017,0.07330880832411009,0.0,0.0,227.08659768303866,False
1767844969.8390043,135.78594517707825,3.040953167858375,3.2962274445429696,0.07330880832620656,0.0,0.0,226.7587866111808,False
1767844969.9026845,135.8496253490448,3.041686796596338,3.297002094976358,0.07330880832852084,0.0,0.0,226.3489412920529,False
1767844969.9607854,135.9077262878418,3.0422818814448642,3.2976218708505107,0.07330880833035763,0.0,0.0,225.9696811542269,False
1767844970.0243697,135.97131061553955,3.042687211183291,3.29803898772185,0.07330880833160572,0.0,0.0,225.66254720391294,False
1767844970.0925267,136.0394675731659,3.0429832501933363,3.298340525965628,0.07330880833251756,0.0,0.0,225.378163188295,False
1767844970.1557062,136.10264706611633,3.0431859644061454,3.298544978786147,0.07330880833314635,0.0,0.0,225.08062268696733,False
1767844970.2237868,136.17072772979736,3.043238882718333,3.2985979241423293,0.07330880833332427,0.0,0.0,224.78038288547668,False
1767844970.2908657,136.237806558609,3.0431506368586794,3.29851074224325,0.07330880833307643,0.0,0.0,224.57168836595318,False
1767844970.3558357,136.3027765750885,3.042949579413597,3.298313386699347,0.07330880833249834,0.0,0.0,224.38413819469835,False
1767844970.4195573,136.36649823188782,3.042580958514106,3.2979538994642277,0.07330880833143115,0.0,0.0,224.1952755074781,False
1767844970.4875343,136.43447518348694,3.041988823056933,3.2973801276372794,0.07330880832974512,0.0,0.0,224.01473050010338,False
1767844970.551463,136.49840378761292,3.04140224538919,3.2968146165400696,0.07330880832812378,0.0,0.0,223.8968610010814,False
1767844970.6094434,136.55638432502747,3.040812368872439,3.296247917472913,0.07330880832649417,0.0,0.0,223.81122548469787,False
1767844970.6793911,136.62633204460144,3.0399006710216003,3.2953747957808344,0.07330880832397782,0.0,0.0,223.7188576903946,False
1767844970.7479808,136.69492173194885,3.0385659802084124,3.2941004971377255,0.07330880832048542,0.0,0.0,223.63729403175665,False
1767844970.8118973,136.7588381767273,3.0375055527066017,3.293090033411893,0.07330880831771314,0.0,0.0,223.60199119987197,False
1767844970.8882778,136.835218667984,3.0363368242717796,3.2919773948107958,0.07330880831336414,0.0,0.0,223.58458166524835,False
1767844970.9461458,136.89308667182922,3.034669706749961,3.290390529291799,0.07330880829925099,0.0,0.0,223.59537555140136,False
1767844971.0103703,136.95731115341187,3.0322709931947145,3.288104636347207,0.0733088082789653,0.0,0.0,223.65079844024024,False
1767844971.0743647,137.02130556106567,3.0300269737688534,3.285961205852969,0.0733088082601025,0.0,0.0,223.72510673395516,False
1767844971.132917,137.0798578262329,3.027843362062372,3.283869622805932,0.07330880824179019,0.0,0.0,223.81019775650728,False
1767844971.1987574,137.1456983089447,3.0249962807747166,3.281132576058677,0.07330880821807668,0.0,0.0,223.93406513495407,False
1767844971.2613568,137.2082977294922,3.020871585044894,3.2771450266074513,0.07330880818408336,0.0,0.0,224.13170112524483,False
1767844971.3217769,137.2687177658081,3.01678173300264,3.2731627710762075,0.07330880815136911,0.0,0.0,224.34296395263436,False
1767844971.3883185,137.33525943756104,3.012889784225165,3.269345078790339,0.07330880812068377,0.0,0.0,224.5547562224455,False
1767844971.447597,137.39453792572021,3.0093280657922112,3.265826006123717,0.0733088080929344,0.0,0.0,224.75603726976323,False
1767844971.5133955,137.46033644676208,3.004269821989022,3.260784800524675,0.07330880805522985,0.0,0.0,225.0523005746859,False
1767844971.5754893,137.5224301815033,2.9981879487201906,3.2546524945125808,0.07330880801142836,0.0,0.0,225.4228390329812,False
1767844971.636295,137.5832359790802,2.9931853357510807,3.24954759755179,0.07330880797605238,0.0,0.0,225.73787046944477,False
1767844971.7065504,137.65349125862122,2.9879591012262154,3.244153345065903,0.07330880794084478,0.0,0.0,226.07598546423444,False
1767844971.7687037,137.7156445980072,2.9825299474477083,3.238480834821339,0.07330880790567543,0.0,0.0,226.43667816936158,False
1767844971.8290274,137.77596831321716,2.9760922498486795,3.231659893846366,0.07330880786480672,0.0,0.0,226.87614000843408,False
1767844971.8923187,137.8392596244812,2.9694273685062282,3.2244852789973164,0.07330880782570554,0.0,0.0,227.3440907366279,False
1767844971.951312,137.89825296401978,2.9643041440067543,3.218888746982222,0.07330880779779778,0.0,0.0,227.7130376391138,False
1767844972.0177944,137.9647352695465,2.9582047855362394,3.212129626339782,0.07330880776522844,0.0,0.0,228.16262861048818,False
1767844972.0877032,138.0346441268921,2.9501890466955336,3.203080450817477,0.07330880772504984,0.0,0.0,228.7705099828102,False
1767844972.1510196,138.09796047210693,2.9429354707422295,3.1947204164863154,0.07330880769217352,0.0,0.0,229.33818680316688,False
1767844972.22575,138.17269086837769,2.9355824088017335,3.186070270346522,0.07330880765975734,0.0,0.0,229.93108180045073,False
1767844972.2996953,138.24663615226746,2.9281503645901514,3.177137709737621,0.07330880763056642,0.0,0.0,230.54867727574992,False
1767844972.3594282,138.3063690662384,2.9206752004884984,3.1679498954692624,0.07330880760444146,0.0,0.0,231.1899520214916,False
1767844972.4241014,138.3710422515869,2.913174055272446,3.1585124805937683,0.07330880757904168,0.0,0.0,231.8544666633106,False
1767844972.4951174,138.44205832481384,2.906602670163185,3.1500547962513505,0.07330880755920335,0.0,0.0,232.4546586463221,False
1767844972.5595932,138.50653409957886,2.900046112104309,3.1414286041693757,0.07330880754203344,0.0,0.0,233.0718188752142,False
1767844972.6251297,138.5720705986023,2.8916549158214884,3.1300970535595307,0.07330880752086336,0.0,0.0,233.889815538493,True
1767844972.6984754,138.64541625976562,2.8833258199499494,3.118501216069215,0.07330880750239138,0.0,0.0,234.7348889574722,False
1767844972.7645981,138.71153903007507,2.8769132238158495,3.1093186581771795,0.07330880749103016,0.0,0.0,235.41021715640568,False
1767844972.828304,138.77524495124817,2.8705691329790617,3.09999946209498,0.07330880748026287,0.0,0.0,236.10101364937725,False
1767844972.898437,138.8453779220581,2.862526946900372,3.0878237952322882,0.07330880746897685,0.0,0.0,237.01154168304507,False
1767844972.9651778,138.91211867332458,2.854639446018487,3.075453644416602,0.07330880746051084,0.0,0.0,237.94660544145927,False
1767844973.0320284,138.97896933555603,2.8486217660057025,3.065703490439636,0.07330880745453397,0.0,0.0,238.69054662822916,False
1767844973.1060815,139.05302238464355,2.8418810337700235,3.054430254925927,0.07330880745055551,0.0,0.0,239.55826676789297,False
1767844973.1757085,139.12264943122864,2.834496106543827,3.041610615550832,0.0733088074489944,0.0,0.0,240.55593170969638,False
1767844973.2480528,139.19499373435974,2.827333164784458,3.028654140163636,0.07330880744810543,0.0,0.0,241.57590485183806,False
1767844973.3228824,139.2698233127594,2.8211622072178213,3.017030165784621,0.07330880744906186,0.0,0.0,242.50096081415074,False
1767844973.3972087,139.34414958953857,2.8151874077468007,3.00531885555487,0.07330880745111419,0.0,0.0,243.44305049008216,False
1767844973.4718037,139.4187445640564,2.808004504686051,2.9905647275140477,0.07330880745430184,0.0,0.0,244.6442212317633,False
1767844973.5377827,139.48472356796265,2.8024962311230763,2.978680607900343,0.07330880745913908,0.0,0.0,245.6235290992461,False
1767844973.6053607,139.55230164527893,2.797858633488872,2.9682363187162233,0.07330880746410023,0.0,0.0,246.49332129272688,False
1767844973.7074587,139.6543996334076,2.790313206040314,2.95024330367985,0.07330880747317065,0.0,0.0,248.01190858269837,False
1767844973.7789233,139.7258641719818,2.784431025074451,2.935191569193568,0.07330880748552168,0.0,0.0,249.30212100755892,False
1767844973.8452203,139.79216122627258,2.7805431736887756,2.9246483596842285,0.07330880749491073,0.0,0.0,250.21693920379985,False
1767844973.9103713,139.8573122024536,2.776848985170889,2.914112720358878,0.0733088075078366,0.0,0.0,251.14020059275674,False
1767844973.9735157,139.92045664787292,2.772872502771293,2.9021100036232834,0.07330880752377052,0.0,0.0,252.20286584325817,False
1767844974.0397701,139.98671102523804,2.768710335560888,2.888661398726329,0.07330880754139268,0.0,0.0,253.40769752669382,False
1767844974.1025684,140.0495092868805,2.765701063744192,2.8782503920721454,0.07330880755724528,0.0,0.0,254.35095031933463,False
1767844974.1629941,140.1099350452423,2.7632833556009215,2.8693788733559256,0.07330880757188699,0.0,0.0,255.16201938827965,False
1767844974.22889,140.17583084106445,2.760289180323498,2.8576296822916305,0.07330880759094904,0.0,0.0,256.2468738271278,False
1767844974.2949488,140.2418897151947,2.7572302545817116,2.8445289079111276,0.07330880761374112,0.0,0.0,257.471474504817,False
1767844974.3560958,140.3030366897583,2.7550775193168904,2.8344468201806317,0.07330880763260893,0.0,0.0,258.4249843594,False
1767844974.417297,140.36423778533936,2.7533871000176995,2.8258836339777753,0.07330880764833814,0.0,0.0,259.2427384174607,False
1767844974.4815683,140.42850923538208,2.751592005411856,2.8159873096972756,0.07330880766694267,0.0,0.0,260.1971899125222,False
1767844974.545249,140.4921898841858,2.7497712202129487,2.804818859844366,0.07330880768932185,0.0,0.0,261.28667411123826,False
1767844974.6097572,140.55669808387756,2.7480089411080186,2.7924416186965337,0.07330880771348304,0.0,0.0,262.51009045511364,False
1767844974.6874092,140.63435006141663,2.7466886571146842,2.7816083758471226,0.07330880773486223,0.0,0.0,263.59548656318077,False
1767844974.7520826,140.69902348518372,2.745718800512908,2.7722745269567826,0.07330880775458765,0.0,0.0,264.5422244711516,False
1767844974.8157706,140.76271152496338,2.7448153116595173,2.761779017274128,0.07330880777624194,0.0,0.0,265.6202871775737,False
1767844974.8828852,140.8298261165619,2.7440501969704876,2.7501908241692665,0.07330880779991032,0.0,0.0,266.82809467582774,False
1767844974.9520595,140.89900040626526,2.7435847809323866,2.7400941922370894,0.07330880782102006,0.0,0.0,267.895978125337,False
1767844975.0121043,140.95904517173767,2.7433630226450294,2.7326494498833545,0.07330880783624266,0.0,0.0,268.6930779953353,False
1767844975.078561,141.02550196647644,2.7432369577129863,2.7241017723228182,0.07330880785361,0.0,0.0,269.6189262070485,False
1767844975.1376,141.08454084396362,2.743276146313718,2.7133407810962518,0.07330880787629722,0.0,0.0,270.8015783974169,False
1767844975.204318,141.1512589454651,2.7434918700516784,2.703993840509125,0.07330880789548716,0.0,0.0,271.84517122164976,False
1767844975.2728817,141.21982264518738,2.743813360865978,2.6959820721454646,0.07330880791155647,0.0,0.0,272.7524955372895,False
1767844975.334966,141.28190684318542,2.7442526856528997,2.688129733699774,0.07330880792798296,0.0,0.0,273.65390994022687,False
1767844975.3956108,141.34255170822144,2.7448916292715984,2.679353394485637,0.07330880794588515,0.0,0.0,274.6764556129402,False
1767844975.4603605,141.40730142593384,2.745668762517817,2.67078513975368,0.0733088079629379,0.0,0.0,275.69096802408285,False
1767844975.5290813,141.47602224349976,2.746455521951037,2.663460079565236,0.07330880797797755,0.0,0.0,276.5717676357637,False
1767844975.5905147,141.53745555877686,2.747335815055633,2.6562987180693316,0.07330880799246671,0.0,0.0,277.44565384237217,False
1767844975.6576385,141.60457944869995,2.748596739467708,2.647327810004385,0.07330880801018186,0.0,0.0,278.5592109185768,False
1767844975.7246423,141.67158317565918,2.7498312882279317,2.6395753325161566,0.07330880802552964,0.0,0.0,279.5394045316367,False
1767844975.792685,141.73962593078613,2.7509927709315383,2.6329635554287147,0.07330880803843152,0.0,0.0,280.3892050237266,False
1767844975.8616302,141.80857110023499,2.7524067054103547,2.625599792084364,0.07330880805248355,0.0,0.0,281.3515279599759,False
1767844975.9259024,141.87284326553345,2.754069738579746,2.617696110616974,0.07330880808627971,0.0,0.0,282.4234666027483,False
1767844975.9926233,141.93956422805786,2.7555704871075677,2.6111389199429182,0.07330880811527253,0.0,0.0,283.367432530558,False
1767844976.052665,141.99960589408875,2.756701987146347,2.6065030644361538,0.07330880813541636,0.0,0.0,284.0700090556601,False
1767844976.1127477,142.05968856811523,2.7576443911505693,2.6028214512173924,0.07330880815140103,0.0,0.0,284.6465575323377,False
1767844976.1760044,142.1229453086853,2.758395010406616,2.599994135424084,0.07330880816355037,0.0,0.0,285.0900019150193,False
1767844976.2395904,142.1865313053131,2.7591406281386703,2.5972693001620644,0.07330880817506451,0.0,0.0,285.5171179228927,False
1767844976.317365,142.26430583000183,2.760063276388692,2.594002836802768,0.07330880818834008,0.0,0.0,286.0282327806905,False
1767844976.3774505,142.32439136505127,2.760792596453347,2.5914963888899227,0.07330880819821628,0.0,0.0,286.4190351639534,False
1767844976.4427638,142.38970470428467,2.7615125520544366,2.5890823700713548,0.0733088082075676,0.0,0.0,286.79388960808865,False
1767844976.517342,142.46428298950195,2.762398160557527,2.586188835933736,0.07330880821794192,0.0,0.0,287.24016917657707,False
1767844976.5795188,142.5264596939087,2.763095518346337,2.583964942064942,0.07330880822548555,0.0,0.0,287.5794131999105,False
1767844976.6474888,142.59442973136902,2.7637819363451115,2.581819483279558,0.07330880823263208,0.0,0.0,287.9029778669029,False
