EpochTime(s),TimeFromStart(s),right_prop_rate(rad/s),left_prop_rate(rad/s),LastDT(s),Yaw(rad),North(m),East(m),IMUSensedYawRate(rad/s),IMUIntegratedYaw(rad),IMUSensedTimeStamp(s),ARUCOSensedNorth(m),ARUCOSensedEast(m),ARUCOSensedYaw(rad),ArucoSensedTimeStamp(s),DepthTimeStamp(s),Depth(m)
1776178693.2466455,2.0006322860717773,-0.0,0.0,0.2,0.0,0.0,0.0,0.0,0.0,None,None,None,None,None,None,None
1776178693.446596,2.20058274269104,-0.0,0.0,0.2,0.0,0.0,0.0,0.0,0.0,None,None,None,None,None,None,None
1776178693.646788,2.4007747173309326,-0.0,0.0,0.2,0.0,0.0,0.0,0.0,0.0,1776178693.6166906,None,None,None,None,1776178693.5835636,1.0387341783503854
1776178693.8468034,2.60079026222229,-0.0,0.0,0.2,0.0,0.0,0.0,0.0,0.0,1776178693.8446953,None,None,None,None,1776178693.7853005,1.0636732570419845
1776178694.0497916,2.8037784099578857,-0.0,0.0,0.2,0.0,0.2,1.0,0.0,0.0,1776178694.0512998,0.2,1.0,0.0,1776178694.036163,1776178693.9879754,1.0691452010910385
1776178694.2497551,3.003741979598999,-3.0244413457683006,3.0244413457683006,0.2,0.0,0.2,1.0,0.0,0.0,1776178694.1936638,0.2,1.0,0.0,1776178694.241311,1776178694.2011821,1.032583382166805
1776178694.4473672,3.2013540267944336,-10.31705560931447,10.31705560931225,0.2,0.0,0.20004878665193335,0.9999999999999215,0.0,0.0,1776178694.4087594,0.20004878665193335,0.9999999999999215,0.0,1776178694.409775,1776178694.4223197,1.094769193616802
1776178694.6473632,3.4013500213623047,-18.807727039169723,18.807727039131965,0.2,0.0,0.2005210672782036,0.9999999999991613,0.0,0.0,1776178694.6174989,0.2005210672782036,0.9999999999991613,0.0,1776178694.624014,1776178694.6356456,1.0381057339864892
1776178694.8498857,3.603872537612915,-18.80772708759581,18.80772699070587,0.2,6.283185305512957,0.20147270455671829,0.9999999999976293,7.84786522761491e-09,6.2831853067567405,1776178694.7759857,0.20147270455671829,0.9999999999976293,6.283185305512957,1776178694.782504,1776178694.784505,1.0935667424223563
1776178695.0468137,3.8008005619049072,-18.807727092259885,18.8077269860418,0.2,6.283185305635334,0.20433537003326085,0.9999999999930212,3.5820462379777227e-09,6.283185306501276,1776178695.0177307,0.20433537003326085,0.9999999999930212,6.283185305635334,1776178695.01622,1776178695.01222,1.0073993904113583
1776178695.247057,4.001043796539307,-18.807727106016845,18.80772697228502,0.2,6.283185305525312,0.20851428782250211,0.9999999999862943,2.2699233143273987e-09,6.2831853060296705,1776178695.2399225,0.20851428782250211,0.9999999999862943,6.283185305525312,1776178695.228381,1776178695.2218626,1.0073085656808525
1776178695.4465947,4.2005815505981445,-18.80772711572461,18.80772696257707,0.2,6.2831853055624896,0.2138899069278609,0.9999999999776408,1.5886783066645063e-09,6.28318530586519,1776178695.4304585,0.2138899069278609,0.9999999999776408,6.2831853055624896,1776178695.420291,1776178695.4420133,1.043869793259168
1776178695.6472726,4.401259422302246,-18.807727127500378,18.807726950801303,0.2,6.283185305575657,0.220578146171696,0.9999999999668745,-5.78803844154302e-09,6.283185304607924,1776178695.5976539,0.220578146171696,0.9999999999668745,6.283185305575657,1776178695.617719,1776178695.619719,0.9781267826011353
1776178695.8470418,4.601028680801392,-18.807727141062074,18.807726937239607,0.2,6.283185305576771,0.2285507402068937,0.9999999999540409,1.8011472713566074e-09,6.283185305991667,1776178695.8280053,0.2285507402068937,0.9999999999540409,6.283185305576771,1776178695.834514,1776178695.8224926,1.0190051122983124
1776178696.048276,4.802262783050537,-18.807727157249822,18.80772692105186,0.2,6.283185305556601,0.23575166028384664,0.999999999942449,-1.8928739728390133e-09,6.283185305193035,1776178696.0200763,0.23575166028384664,0.999999999942449,6.283185305556601,1776178695.990007,1776178696.0200763,1.0505872559883127
1776178696.251091,5.005077838897705,-18.807727172411433,18.807726905890433,0.2,6.283185305575142,0.24639076966942408,0.9999999999253227,9.7081913816369e-10,6.283185305738265,1776178696.2526202,0.24639076966942408,0.9999999999253227,6.283185305575142,1776178696.190104,1776178696.2370086,0.9683249469451982
1776178696.4482548,5.202241659164429,-18.807727190106366,18.807726888195315,0.2,6.28318530556761,0.25881378996220916,0.9999999999053246,9.89089832524118e-10,6.283185305769722,1776178696.3924444,0.25881378996220916,0.9999999999053246,6.28318530556761,1776178696.41465,1776178696.431706,0.9686245273752819
1776178696.6472785,5.401265382766724,-18.80772720787348,18.8077268704282,0.2,6.283185305567032,0.26765955561998545,0.9999999998910852,4.929478202342484e-10,6.283185305671192,1776178696.6037457,0.26765955561998545,0.9999999998910852,6.283185305567032,1776178696.570457,1776178696.6462772,0.9784132527070329
1776178696.8467274,5.600714206695557,-18.80772722709411,18.807726851207576,0.2,6.283185305573529,0.2822518101973597,0.9999999998675951,-8.78470659912782e-10,6.283185305382088,1776178696.8216703,0.2822518101973597,0.9999999998675951,6.283185305573529,1776178696.781569,1776178696.821162,1.0651690201401576
1776178697.0462902,5.8002769947052,-18.807727247315512,18.80772683098617,0.2,6.28318530557007,0.29807669077407617,0.9999999998421207,-1.0512038792929264e-09,6.2831853054222435,1776178696.9622965,0.29807669077407617,0.9999999998421207,6.28318530557007,1776178696.99358,1776178696.9622965,0.9289862771646249
1776178697.2472274,6.001214265823364,-18.807727268785346,18.80772680951634,0.2,6.283185305564482,0.3090605504023385,0.9999999998244392,-7.327721839075396e-10,6.283185305359344,1776178697.2422447,0.31778668044838393,0.9999999998103922,6.283185305564641,1776178697.247227,1776178697.2271836,0.9126576019443253
1776178697.447125,6.201111793518066,-18.807727291891,18.807726786410683,0.2,6.283185305566356,0.32890237842293546,0.9999999997924988,-6.316673150686255e-10,6.283185305470158,1776178697.3945367,0.32890237842293546,0.9999999997924988,6.283185305566356,1776178697.393537,1776178697.4205506,1.0195804614427348
1776178697.6483338,6.402320623397827,-18.807727313815413,18.80772676448627,0.2,6.283185305567565,0.35006097710939166,0.9999999997584381,5.614369772036208e-10,6.283185305679345,1776178697.5936344,0.35006097710939166,0.9999999997584381,6.283185305567565,1776178697.631194,1776178697.6473374,1.0528305313438968
1776178697.8470333,6.601020097732544,-18.807727314439717,18.807726763861965,0.2,6.283185305706116,0.36515639840924635,0.9999999997341039,3.8247086620244015e-10,6.283185305706116,1776178697.6636271,0.35006097710939166,0.9999999997584381,6.283185305567565,1776178697.631194,1776178697.6473374,1.0528305313438968
1776178698.0471442,6.801131010055542,-18.807727362215775,18.807726716085906,0.2,6.283185305565246,0.3614927717392689,0.9999999997400356,-3.644862822444745e-10,6.283185305454587,1776178698.055082,0.3614927717392689,0.9999999997400356,6.283185305565246,1776178698.037625,1776178697.9752548,0.9036543141338793
1776178698.2472377,7.001224517822266,-18.807727393896446,18.807726684405424,0.2,6.283185305571093,0.3692906379087902,0.9999999997274829,1.6757861559974884e-10,6.283185305617092,1776178698.2417204,0.3692906379087902,0.9999999997274829,6.283185305571093,1776178698.193566,1776178698.1955643,0.9535238971756222
1776178698.4462953,7.200282096862793,-18.80772742552251,18.80772665277917,0.2,6.283185305565372,0.3804373531273134,0.9999999997095393,-2.735668992052357e-10,6.283185305526703,1776178698.3830693,0.3804373531273134,0.9999999997095393,6.283185305565372,1776178698.413963,1776178698.416477,0.976393997039466
1776178698.6467638,7.400750637054443,-18.807727455610856,18.80772662269101,0.2,6.2831853055683204,0.3993082735046465,0.9999999996791615,1.519457365054789e-10,6.28318530560111,1776178698.598869,0.3993082735046465,0.9999999996791615,6.2831853055683204,1776178698.582102,1776178698.6291885,0.9226535722746732
1776178698.846638,7.6006247997283936,-18.807727484549424,18.80772659375226,0.2,6.283185305569705,0.42143077285421887,0.9999999996435497,1.346470441502053e-10,6.283185305598809,1776178698.8150208,0.42143077285421887,0.9999999996435497,6.283185305569705,1776178698.814022,1776178698.8015134,0.9355191760505591
1776178699.0463197,7.800306558609009,-18.80772751326736,18.807726565034322,0.2,6.28318530557063,0.4345532205947341,0.9999999996224256,-2.600224634917058e-10,6.283185305517948,1776178699.0176244,0.4345532205947341,0.9999999996224256,6.28318530557063,1776178699.020623,1776178699.0475874,1.0552847304721404
1776178699.2472587,8.001245498657227,-18.807727546810955,18.807726531490726,0.2,6.283185305570622,0.4533411633725286,0.9999999995921813,1.2179092903201426e-10,6.283185305594683,1776178699.215186,0.4533411633725286,0.9999999995921813,6.283185305570622,1776178699.183502,1776178699.2000206,1.0048236901776983
1776178699.4471722,8.201159000396729,-18.80772757937209,18.80772649892959,0.2,6.28318530557057,0.47630472329413687,0.9999999995552152,9.237478423085485e-11,6.283185305590656,1776178699.432628,0.47630472329413687,0.9999999995552152,6.28318530557057,1776178699.402041,1776178699.4040477,0.951362485306892
1776178699.6470318,8.401018619537354,-18.807727610843244,18.807726467458437,0.2,6.283185305571541,0.5017827827483752,0.9999999995142015,-4.638118890114215e-10,6.283185305501015,1776178699.6500382,0.5017827827483752,0.9999999995142015,6.283185305571541,1776178699.629397,1776178699.6153803,0.9279890989616241
1776178699.847493,8.601479768753052,-18.80772764252965,18.807726435772036,0.2,6.283185305571097,0.5113865843889984,0.9999999994987417,9.527944140137423e-11,6.28318530559332,1776178699.8179276,0.5113865843889984,0.9999999994987417,6.283185305571097,1776178699.783358,1776178699.7988908,0.9310206583705447
1776178700.0469775,8.80096435546875,-18.807727683250278,18.807726395051404,0.2,6.2831853055676,0.5367530937432934,0.9999999994579077,-1.9830076916593486e-10,6.283185305526275,1776178700.026326,0.5367530937432934,0.9999999994579077,6.2831853055676,1776178700.023327,1776178700.0253358,0.9789152666591799
1776178700.2466063,9.000593185424805,-18.807729496959297,18.807724581342384,0.2,6.283185305571424,0.5586377655947836,0.9999999994226784,7.813211724025458e-11,6.283185305583137,1776178700.1762445,0.5586377655947836,0.9999999994226784,6.283185305571424,1776178700.174243,1776178700.2410994,1.033112115368169
1776178700.44695,9.200936794281006,-18.80773899112765,18.807715087173104,0.2,6.283185305571282,0.5829187149734029,0.999999999383592,5.526017421166547e-10,6.28318530570951,1776178700.4263844,0.5829187149734029,0.999999999383592,6.283185305571282,1776178700.438414,1776178700.434415,1.0095612992553902
1776178700.6470542,9.401041030883789,-18.807738970235853,18.80771510806472,0.2,6.283185305568258,0.5972660423189997,0.9999999993604961,-2.2334611303392527e-10,6.283185305519535,1776178700.6445363,0.5972660423189997,0.9999999993604961,6.283185305568258,1776178700.576829,1776178700.6445363,1.0523028295734047
1776178700.848241,9.602227926254272,-18.807738927161257,18.80771515113932,0.2,6.283185305570913,0.6231995939011281,0.999999999318749,5.227541962807499e-11,6.283185305577967,1776178700.7794707,0.6231995939011281,0.999999999318749,6.283185305570913,1776178700.777471,1776178700.8421984,0.9068427982713037
1776178701.0463789,9.800365686416626,-18.80773890597683,18.807715172323743,0.2,6.283185305567476,0.6389411071818765,0.999999999293409,5.457060373128771e-11,6.283185305579271,1776178700.9956074,0.6389411071818765,0.999999999293409,6.283185305567476,1776178700.996606,1776178700.9796088,0.9400209550364022
1776178701.2468085,10.000795364379883,-18.80773887829169,18.807715200008882,0.2,6.283185305567547,0.6654575791622879,0.9999999992507238,-1.9951043453718334e-10,6.283185305523633,1776178701.2157152,0.6654575791622879,0.9999999992507238,6.283185305567547,1776178701.212706,1776178701.2448087,1.0585805038788956
1776178701.4466672,10.200654029846191,-18.80773881005324,18.80771526824733,0.2,6.28318530557086,0.6933794853408629,0.9999999992057763,4.1820328668599426e-11,6.283185305579347,1776178701.4186716,0.6933794853408629,0.9999999992057763,6.28318530557086,1776178701.429833,1776178701.4343534,0.9257806195386322
1776178701.6486387,10.402625560760498,-18.807738763318312,18.807715314982442,0.2,6.283185305570652,0.7183483135350891,0.9999999991655826,3.999578643503269e-11,6.28318530557923,1776178701.6331465,0.7183483135350891,0.9999999991655826,6.283185305570652,1776178701.601522,1776178701.6331465,0.9492590667969869
1776178701.846703,10.600689888000488,-18.807738739070473,18.807715339230285,0.2,6.2831853055678195,0.7336613208499702,0.9999999991409323,3.921118238390852e-11,6.283185305575745,1776178701.835267,0.7336613208499702,0.9999999991409323,6.2831853055678195,1776178701.817682,1776178701.835267,0.9874166522274445
1776178702.0472076,10.801194429397583,-18.8077387069765,18.807715371324072,0.2,6.283185305568673,0.756782542949436,0.9999999991037128,3.557490582659052e-11,6.283185305575999,1776178702.0411975,0.756782542949436,0.9999999991037128,6.283185305568673,1776178701.973967,1776178702.0215943,1.029097480799025
1776178702.248402,11.002388954162598,-18.8077386745688,18.807715403731773,0.2,6.283185305567529,0.7856432632103372,0.9999999990572539,2.831360694144546e-11,6.28318530557314,1776178702.239343,0.7856432632103372,0.9999999990572539,6.283185305567529,1776178702.189508,1776178702.221598,1.0902817100521693
1776178702.446435,11.200421810150146,-18.80773860691172,18.807715471389038,0.2,6.283185305570244,0.8001640606653293,0.9999999990338786,3.3283836019050666e-11,6.2831853055747855,1776178702.3757946,0.8001640606653293,0.9999999990338786,6.283185305570244,1776178702.389855,1776178702.3757946,0.9142341419446903
1776178702.6470914,11.401078224182129,-18.80773857642414,18.80771550187662,0.2,6.283185305571103,0.8293727471258624,0.9999999989868595,3.966076270407162e-11,6.283185305580233,1776178702.60598,0.8293727471258624,0.9999999989868595,6.283185305571103,1776178702.621531,1776178702.599763,0.9057192247008807
1776178702.8465118,11.600498676300049,-18.807738527138678,18.807715551162083,0.2,6.283185305570945,0.8587872020171734,0.9999999989395095,2.5525094836754343e-11,6.28318530557612,1776178702.808721,0.8587872020171734,0.9999999989395095,6.283185305570945,1776178702.837477,1776178702.8234358,1.0437862713131627
1776178703.0491073,11.803094148635864,-18.807738496837295,18.807715581463277,0.2,6.283185305567732,0.8815417952142575,0.9999999989028803,3.2874474234815524e-11,6.28318530557381,1776178702.9936361,0.8815417952142575,0.9999999989028803,6.283185305567732,1776178702.980241,1776178703.0235014,1.0914711415081617
1776178703.2462766,12.000263452529907,-18.80773844873215,18.807715629568424,0.2,6.283185305569115,0.8975315092533475,0.9999999988771407,2.2069120189583945e-11,6.283185305573606,1776178703.1971345,0.8975315092533475,0.9999999988771407,6.283185305569115,1776178703.195149,1776178703.2276907,1.0294800246466875
1776178703.446724,12.200710773468018,-18.807738416251336,18.80771566204942,0.2,6.283185305569905,0.9250520639559272,0.9999999988328392,2.1203464514233428e-11,6.283185305574801,1776178703.4280233,0.9250520639559272,0.9999999988328392,6.283185305569905,1776178703.379998,1776178703.4280233,1.089584936432769
1776178703.6471574,12.40114426612854,-18.807738364440887,18.80771571385987,0.2,6.283185305570609,0.955010254506765,0.9999999987846133,1.84580722128755e-11,6.283185305573458,1776178703.5823479,0.955010254506765,0.9999999987846133,6.283185305570609,1776178703.5939,1776178703.5823479,1.0109968387397876
1776178703.8468924,12.600879192352295,-18.807738312758143,18.807715765542614,0.2,6.283185305570621,0.9851047987631278,0.9999999987361683,2.417542827944758e-11,6.283185305575818,1776178703.7973185,0.9851047987631278,0.9999999987361683,6.283185305570621,1776178703.811327,1776178703.7847662,1.0460703242642948
1776178704.0484102,12.802397012710571,-18.80773826514552,18.807715813155234,0.2,6.283185305569906,0.9978749993733402,0.9999999987156113,1.6128332325992397e-11,6.28318530557315,1776178703.9985087,0.9978749993733402,0.9999999987156113,6.283185305569906,1776178703.982472,1776178703.9985087,0.9081591798691457
1776178704.2463162,13.000303030014038,-18.80773824837178,18.807715829928977,0.2,6.28318530556906,1.0281418012766537,0.9999999986668889,1.3184401988571543e-11,6.283185305572156,1776178704.2332723,1.0281418012766537,0.9999999986668889,6.28318530556906,1776178704.2157,1776178704.2167003,1.0436414812902544
1776178704.4472458,13.201232671737671,-18.807738190017854,18.807715888282903,0.2,6.283185305570074,1.05266689133488,0.9999999986274094,1.3359889058736662e-11,6.283185305571932,1776178704.3723276,1.05266689133488,0.9999999986274094,6.283185305570074,1776178704.356232,1776178704.4063973,0.9406519662073471
1776178704.6463397,13.400326490402222,-18.807738151505163,18.8077159267956,0.2,6.283185305569433,1.06905314684131,0.9999999986010314,6.204877559303633e-11,6.28318530558425,1776178704.61111,1.06905314684131,0.9999999986010314,6.283185305569433,1776178704.577226,1776178704.6227713,1.0960255718874679
1776178704.8467712,13.600758075714111,-18.807738114393782,18.80771596390716,0.2,6.283185305570946,1.1007307638053936,0.999999998550038,1.0688392065511289e-11,6.283185305572926,1776178704.7963722,1.1007307638053936,0.999999998550038,6.283185305570946,1776178704.808426,1776178704.8104267,1.0164839714258673
1776178705.0463886,13.80037546157837,-18.80773807429413,18.80771600400663,0.2,6.283185305568477,1.1313214743242157,0.9999999985007944,1.026826104224494e-11,6.283185305570534,1776178704.9966686,1.1313214743242157,0.9999999985007944,6.283185305568477,1776178705.02632,1776178705.0127704,0.9551217517802363
1776178705.2473717,14.00135850906372,-18.80773800914409,18.80771606915667,0.2,6.283185305570586,1.1478255776212158,0.9999999984742267,9.136140739728094e-12,6.283185305572716,1776178705.229833,1.1619887163006402,0.9999999984514276,6.283185305568969,1776178705.244858,1776178705.212793,0.951102096363439
1776178705.446318,14.200304746627808,-18.807737982985564,18.807716095315193,0.2,6.283185305570204,1.1726207770843047,0.9999999984343125,8.861018438509517e-12,6.283185305571976,1776178705.4297879,1.1726207770843047,0.9999999984343125,6.283185305570204,1776178705.382169,1776178705.4297879,0.9260940983390306
1776178705.6460938,14.400080680847168,-18.807737940250973,18.80771613804978,0.2,6.283185305570214,1.2033796172864488,0.9999999983847982,7.447342621870841e-12,6.283185305571362,1776178705.5838416,1.2033796172864488,0.9999999983847982,6.283185305570214,1776178705.598007,1776178705.63005,0.9234024134056092
1776178705.8469925,14.600979328155518,-18.807737889569758,18.807716188731188,0.2,6.283185305569803,1.2330124942998377,0.9999999983370963,6.468967020631825e-12,6.283185305571198,1776178705.7994993,1.2330124942998377,0.9999999983370963,6.283185305569803,1776178705.798499,1776178705.818038,1.0312568713086347
1776178706.0471122,14.801099061965942,-18.80773784223847,18.80771623606229,0.2,6.283185305569133,1.2626960779441982,0.9999999982893127,-2.0269961918101592e-10,6.283185305531471,1776178706.0481408,1.2626960779441982,0.9999999982893127,6.283185305569133,1776178706.014738,1776178706.0312836,0.9527427246216064
1776178706.2464077,15.000394582748413,-18.807737783918046,18.80771629438271,0.2,6.283185305570398,1.2781500032666495,0.9999999982644356,6.368219193926473e-12,6.283185305571684,1776178706.1873026,1.2781500032666495,0.9999999982644356,6.283185305570398,1776178706.202338,1776178706.2333605,0.9037264428014354
1776178706.4468896,15.200876474380493,-18.807737763513032,18.807716314787722,0.2,6.2831853055692894,1.3067109460926634,0.9999999982184591,5.775004338220219e-12,6.283185305570439,1776178706.3862429,1.3067109460926634,0.9999999982184591,6.2831853055692894,1776178706.416335,1776178706.4333465,0.9685754502173768
1776178706.6473367,15.401323556900024,-18.80773772047027,18.807716357830486,0.2,6.2831853055681535,1.3376932826984436,0.9999999981685849,-1.9188247880218418e-10,6.283185305532193,1776178706.5736532,1.3376932826984436,0.9999999981685849,6.2831853055681535,1776178706.634802,1776178706.574657,0.9262306733051067
1776178706.846767,15.600753784179688,-18.807737663134898,18.80771641516605,0.2,6.283185305568841,1.3484272054849216,0.9999999981513058,5.5130174780359896e-12,6.283185305570136,1776178706.8084803,1.3484272054849216,0.9999999981513058,6.283185305568841,1776178706.774857,1776178706.8084803,0.972200199552092
1776178707.0462387,15.800225496292114,-18.807737634437128,18.807716443863626,0.2,6.283185305570764,1.3806553536414852,0.9999999980994262,4.4937870051125415e-12,6.283185305571676,1776178707.011437,1.3806553536414852,0.9999999980994262,6.283185305570764,1776178707.008434,1776178707.0256631,1.037326815085379
1776178707.2467356,16.000722408294678,-18.807737587367562,18.80771649093338,0.2,6.283185305569178,1.411724376574185,0.9999999980494125,4.1214825258385985e-12,6.2831853055699405,1776178707.196425,1.411724376574185,0.9999999980494125,6.283185305569178,1776178707.226288,1776178707.211477,0.9181412416698491
1776178707.4489784,16.202965259552002,-18.807737528448186,18.807716549852753,0.2,6.283185305570179,1.4320554414776379,0.9999999980166844,2.5364021269112783e-11,6.283185305574923,1776178707.383446,1.4320554414776379,0.9999999980166844,6.283185305570179,1776178707.377236,1776178707.3671966,1.083406464706862
1776178707.6477144,16.40170121192932,-18.807737504663255,18.80771657363769,0.2,6.283185305568034,1.4559899126525417,0.9999999979781556,3.0297997628904185e-12,6.283185305568654,1776178707.5883665,1.4559899126525417,0.9999999979781556,6.283185305568034,1776178707.617453,1776178707.6497145,0.9665419985017978
1776178707.8473074,16.60129427909851,-18.80773745738731,18.80771662091363,0.2,6.28318530556919,1.4835337986341113,0.9999999979338166,2.8360944283505674e-12,6.283185305569814,1776178707.808644,1.4835337986341113,0.9999999979338166,6.28318530556919,1776178707.789036,1776178707.7980485,1.0315195737253076
1776178708.0486586,16.802645444869995,-18.80773740386089,18.807716674440048,0.2,6.283185305570376,1.5146930199156117,0.9999999978836579,2.699485723523126e-12,6.283185305570956,1776178708.0236332,1.5146930199156117,0.9999999978836579,6.283185305570376,1776178708.00651,1776178707.99196,0.9341800063473886
1776178708.24766,17.001646757125854,-18.807737346896992,18.807716731403954,0.2,6.283185305571006,1.5326795489172813,0.999999997854704,2.7143422064601186e-12,6.283185305571515,1776178708.211263,1.5326795489172813,0.999999997854704,6.283185305571006,1776178708.212267,1776178708.1943862,1.0867328159764926
1776178708.448986,17.202972888946533,-18.807737327752438,18.807716750548504,0.2,6.283185305568678,1.560272033271437,0.9999999978102867,2.2565794469741605e-12,6.2831853055690985,1776178708.397554,1.560272033271437,0.9999999978102867,6.283185305568678,1776178708.411567,1776178708.382535,1.0796957841108188
1776178708.647358,17.401344776153564,-18.80773727561308,18.80771680268786,0.2,6.2831853055695985,1.5914811555560235,0.9999999977600474,2.3148665043669605e-12,6.283185305570132,1776178708.628241,1.5914811555560235,0.9999999977600474,6.2831853055695985,1776178708.626242,1776178708.628241,1.0940056952559092
1776178708.8469446,17.600931406021118,-18.807737217755196,18.80771686054575,0.2,6.28318530557043,1.6227072255821493,0.9999999977097811,2.047590774802048e-12,6.283185305570872,1776178708.8444204,1.6227072255821493,0.9999999977097811,6.28318530557043,1776178708.842405,1776178708.78272,0.9269028111488402
1776178709.047315,17.80130171775818,-18.80773716237529,18.807716915925653,0.2,6.283185305570727,1.6347214110322836,0.9999999976904412,1.8668880766779525e-12,6.283185305571002,1776178708.9912457,1.6347214110322836,0.9999999976904412,6.283185305570727,1776178708.996767,1776178709.0114634,1.0607488929750495
1776178709.2467656,18.000752449035645,-18.807737153956676,18.807716924344266,0.2,6.283185305568234,1.6659682605718449,0.9999999976401411,1.5364767443509825e-12,6.283185305568533,1776178709.1851907,1.6659682605718449,0.9999999976401411,6.283185305568234,1776178709.214118,1776178709.2161129,1.016046496383623
1776178709.446761,18.20074772834778,-16.042781610059787,10.531164964003825,0.2,6.283185305568884,1.6972283878500185,0.9999999975898198,1.4474016873664837e-12,6.283185305569179,1776178709.3889787,1.6972283878500185,0.9999999975898198,6.283185305568884,1776178709.434645,1776178709.4050117,0.9330521471356121
1776178709.6477575,18.40174436569214,-18.860640487551695,18.75479215490543,0.2,6.283174164155672,1.7092294943244137,0.9999999645717302,-0.00020571452722847297,6.283130072388776,1776178709.6033134,1.728294174296205,0.9999990464567009,6.283086023007415,1776178709.649763,1776178709.6163533,0.9497170243129799
1776178709.8476677,18.601654529571533,-14.501145985783031,8.919198936332496,0.2,6.283011982248302,1.7389719051674453,0.9999975898723933,-0.000576723555230547,6.282886820032263,1776178709.8203363,1.7389719051674453,0.9999975898723933,6.283011982248302,1776178709.788628,1776178709.7790127,0.9241265201845098
1776178710.0471935,18.801180362701416,-14.460873389876735,8.877064457725725,0.2,6.282743605850733,1.7684632399210525,0.9999889698826578,-0.0008713596075474464,6.282583092020134,1776178710.004547,1.7684632399210525,0.9999889698826578,6.282743605850733,1776178710.002537,1776178710.0502017,1.0619466909794062
1776178710.246883,19.000869750976562,-13.901863542444515,8.292078583629776,0.2,6.282372566643137,1.792835806023862,0.999973962310912,-0.0013998865119388333,6.282091479859238,1776178710.2053397,1.7997352997893798,0.9999679122155583,6.282242478154907,1776178710.249899,1776178710.2514207,0.9740223468375908
1776178710.4483953,19.20238208770752,-13.460984062463826,7.830537227774438,0.2,6.282004979913903,1.8111709099919604,0.9999557958864985,-0.001561256442633014,6.281666402404349,1776178710.4222019,1.8111709099919604,0.9999557958864985,6.282004979913903,1776178710.40517,1776178710.3914974,1.058119411066191
1776178710.6467345,19.400721311569214,-21.420969970085313,16.141143725687357,0.2,6.281337187569544,1.8382898920222783,0.9999150904248967,-0.002021111132762689,6.280926963550231,1776178710.6251714,1.8382898920222783,0.9999150904248967,6.281337187569544,1776178710.593341,1776178710.5948074,1.0006845514753937
1776178710.8469434,19.600930213928223,-13.402776859887608,7.769590489584884,0.2,6.280486248723218,1.866326612650879,0.9998516698549942,-0.0024396139695786177,6.280034025120175,1776178710.8105383,1.866326612650879,0.9998516698549942,6.280486248723218,1776178710.794365,1776178710.7963612,1.0024757219098301
1776178711.0511417,19.805128574371338,-13.20930136640483,7.566989384988829,0.2,6.279486259126614,1.8943266957240508,0.9997625024564254,-0.028278742648765075,6.273811954775557,1776178711.0111945,1.8943266957240508,0.9997625024564254,6.279486259126614,1776178711.014198,1776178710.970586,1.0420685433916748
1776178711.2467465,20.000733375549316,-12.298276669151985,6.612584558795322,0.2,6.278811205534932,1.9109003991041127,0.9996956863286033,-0.002879295728920035,6.278256975787963,1776178711.2036824,1.9109003991041127,0.9996956863286033,6.278811205534932,1776178711.2305,1776178711.2036824,0.971970228408706
1776178711.4470797,20.201066493988037,-11.944479253737708,6.241755706535911,0.2,6.2775666183265635,1.9381311247841777,0.9995600134398156,-0.003381395042783592,6.2767855525307,1776178711.4346716,1.9381311247841777,0.9995600134398156,6.2775666183265635,1776178711.432664,1776178711.4226296,0.9227589809357052
1776178711.6475077,20.40149450302124,-10.934628517637885,5.18271179670362,0.2,6.276866315824052,1.952090333199157,0.9994767338572994,-0.003561825435219039,6.2761306441260825,1776178711.641215,1.952090333199157,0.9994767338572994,6.276866315824052,1776178711.5726,1776178711.641215,1.0728491325138048
1776178711.8473237,20.60131049156189,-21.420969970085313,16.141143725687357,0.2,6.2755583048684676,1.9764465842147108,0.9993071182842305,-0.004042995382414581,6.27483072736917,1776178711.821175,1.9764465842147108,0.9993071182842305,6.2755583048684676,1776178711.80563,1776178711.806645,1.0601231513361418
1776178712.0468135,20.800800323486328,-11.486823603335965,5.761913345696569,0.2,6.274035218164886,2.0027839791814936,0.9990863772035927,-0.003701450009344757,6.273275596063056,1776178712.026398,2.0027839791814936,0.9990863772035927,6.274035218164886,1776178712.024397,1776178712.0083625,0.9417287090188641
1776178712.252553,21.006539821624756,-10.802336001042947,5.0439103784349,0.2,6.273065850411249,2.0186389157916196,0.9989336880237843,-0.01873466948660074,6.27040952578504,1776178712.1681845,2.0186389157916196,0.9989336880237843,6.273065850411249,1776178712.172224,1776178712.223768,1.0584188379485062
1776178712.4466186,21.200605392456055,-10.836494463313983,5.07975091046851,0.2,6.271565714361733,2.041560505122897,0.998684740922003,-0.004477148630616584,6.270552071287096,1776178712.3945882,2.041560505122897,0.998684740922003,6.271565714361733,1776178712.410352,1776178712.3955789,1.0765026061667362
1776178712.647396,21.40138292312622,-10.417270261458443,4.63981288042312,0.2,6.269702378145195,2.068141417625258,0.9983513822648235,-0.005462225389103263,6.268512024890136,1776178712.6125128,2.068141417625258,0.9983513822648235,6.269702378145195,1776178712.624375,1776178712.598481,1.0832561982065585
1776178712.8467507,21.60073757171631,-9.885478475822818,4.081524459639156,0.2,6.268046783825838,2.090217907295176,0.9980356408412693,-0.00481716310305123,6.267089285281137,1776178712.811281,2.090217907295176,0.9980356408412693,6.268046783825838,1776178712.794244,1776178712.811281,0.9598406204017221
1776178713.0469596,21.800946474075317,-9.687949818574916,3.8740903305279017,0.2,6.26655500048407,2.1089759074955254,0.9977377611876452,-0.02274169331532128,6.261708296598052,1776178713.0244007,2.1089759074955254,0.9977377611876452,6.26655500048407,1776178713.014795,1776178713.0284069,0.9139084345095491
1776178713.2471733,22.001160144805908,-21.420969970085313,16.141143725687357,0.2,6.264853043942574,2.129373847178094,0.9973813026452301,-0.010266520556561621,6.262652949018988,1776178713.2386987,2.129373847178094,0.9973813026452301,6.264853043942574,1776178713.244138,1776178713.2456422,1.0196545278212326
1776178713.448127,22.20211386680603,-9.463799108867297,3.6386570651030237,0.2,6.26308644090334,2.1497791986541337,0.9969891956596665,-0.0054982224405264405,6.262271189907124,1776178713.386974,2.1497791986541337,0.9969891956596665,6.26308644090334,1776178713.384974,1776178713.4546378,1.0711356991896053
1776178713.6466877,22.40067458152771,-9.156546737618532,3.3158660909593545,0.2,6.260723524062194,2.1761529713716725,0.9964282138673035,-0.005333112580148024,6.259564832298099,1776178713.6042378,2.1761529713716725,0.9964282138673035,6.260723524062194,1776178713.617754,1776178713.6042378,1.0911146366708262
1776178713.8466065,22.600593328475952,-8.998790143641767,3.1500982361903103,0.2,6.259455162118759,2.1896014098598484,0.9961176025061939,-0.006009497682474988,6.258239851513299,1776178713.8064694,2.1896014098598484,0.9961176025061939,6.259455162118759,1776178713.834565,1776178713.8203595,0.9655418730260167
1776178714.0485487,22.80253553390503,-8.675679507925796,2.810508707032889,0.2,6.257218429992336,2.2123011689914573,0.9955536417159006,-0.006046414404005585,6.256094116286043,1776178713.9924166,2.2123011689914573,0.9955536417159006,6.257218429992336,1776178714.037504,1776178714.0071611,1.043392970027563
1776178714.246444,23.000430822372437,-8.408780645378855,2.529925795323728,0.2,6.254913946598048,2.2345359887656406,0.9949507387790346,-0.006266887177909238,6.253551665311169,1776178714.2097943,2.2345359887656406,0.9949507387790346,6.254913946598048,1776178714.223879,1776178714.2258797,0.9734470761743568
1776178714.4468722,23.20085906982422,-8.118977013324281,2.225189410743044,0.2,6.252332096525955,2.258110236391281,0.9942539074026311,-0.007998425978999994,6.250463933890754,1776178714.4433606,2.258110236391281,0.9942539074026311,6.252332096525955,1776178714.439842,1776178714.3804483,1.0649611076902463
1776178714.6469412,23.400928020477295,-8.039852721602614,2.141974536598791,0.2,6.2514184676786755,2.2661531672646933,0.9940020117333924,-0.00647002371151659,6.250111031437258,1776178714.6454365,2.2661531672646933,0.9940020117333924,6.2514184676786755,1776178714.581277,1776178714.5994315,1.0264040744134777
1776178714.8473566,23.601343393325806,-7.679569509014002,1.7629914418679329,0.2,6.2486185167265695,2.289940749480577,0.993213053291116,-0.006323181719363543,6.247609330770886,1776178714.8050375,2.289940749480577,0.993213053291116,6.2486185167265695,1776178714.813748,1776178714.8050375,0.9599763194199669
1776178715.0477405,23.801727294921875,-7.508343283253833,1.5828352930029856,0.2,6.245834797507513,2.312346319369974,0.9924073303481782,-0.006977016983858699,6.244340867606378,1776178715.019159,2.312346319369974,0.9924073303481782,6.245834797507513,1776178715.031183,1776178715.032695,0.9622071778542578
1776178715.2472546,24.001241445541382,-7.334536539967855,1.3999357113867543,0.2,6.244849640278829,2.31997903090659,0.9921183588086399,-0.007592347752779307,6.24312968362708,1776178715.2456973,2.31997903090659,0.9921183588086399,6.244849640278829,1776178715.171472,1776178715.2456973,0.9589935605895578
1776178715.4471705,24.201157331466675,-3.4845873372486156,-5.759488811100539,0.2,6.241830128895536,2.3425178344837323,0.9912201251134333,-0.0077398427223287335,6.240678760342297,1776178715.394456,2.3425178344837323,0.9912201251134333,6.241830128895536,1776178715.408541,1776178715.3934524,1.0594837282799836
1776178715.6464982,24.400485038757324,-3.4845873372486156,-5.759488811100539,0.2,6.238856099880855,2.363623921044943,0.9903155803527293,-0.007649098745729102,6.2371821628816955,1776178715.613297,2.363623921044943,0.9903155803527293,6.238856099880855,1776178715.625972,1776178715.6002574,1.0178133151016784
1776178715.8471255,24.601112365722656,-3.4845873372486156,-5.759488811100539,0.2,6.237241358305874,2.374690731212793,0.9898157583396856,-0.007368671702460609,6.235529445139418,1776178715.8456202,2.374690731212793,0.9898157583396856,6.237241358305874,1776178715.84363,1776178715.7984903,0.9276335042764028
1776178716.047732,24.801718950271606,-3.4845873372486156,-5.759488811100539,0.2,6.234685938630682,2.391680903602119,0.9890129895171612,-0.007504323008768166,6.233188118838484,1776178716.0452144,2.391680903602119,0.9890129895171612,6.234685938630682,1776178715.997087,1776178715.999096,1.0796060387896023
1776178716.2478416,25.00182843208313,-3.4845873372486156,-5.759488811100539,0.2,6.2316386764279725,2.4111607901655967,0.9880379399488721,-0.00791425988410204,6.23007290435228,1776178716.2430563,2.4111607901655967,0.9880379399488721,6.2316386764279725,1776178716.228175,1776178716.197307,1.0283280735698284
1776178716.4468155,25.200802326202393,-3.4845873372486156,-5.759488811100539,0.2,6.230340900540925,2.4192159938750697,0.9876171270283192,-0.0069422363504724844,6.229229091103583,1776178716.4032078,2.4192159938750697,0.9876171270283192,6.230340900540925,1776178716.399696,1776178716.4287937,1.036542269926651
1776178716.6465948,25.40058159828186,-3.4845873372486156,-5.759488811100539,0.2,6.227134758258219,2.4385414818525994,0.9865640741684301,-0.0073962005754198154,6.2255388394563465,1776178716.6189833,2.4385414818525994,0.9865640741684301,6.227134758258219,1776178716.630042,1776178716.5700653,0.9809625594736529
1776178716.8465538,25.60054063796997,-3.4845873372486156,-5.759488811100539,0.2,6.22426112151443,2.455211995376672,0.985604813945353,-0.008548995748254804,6.2225529586633845,1776178716.8187919,2.455211995376672,0.985604813945353,6.22426112151443,1776178716.833558,1776178716.8497136,0.9705662564888022
1776178717.046824,25.80081081390381,-3.4845873372486156,-5.759488811100539,0.2,6.221850116311239,2.4687581074023703,0.9847893849995432,-0.00856206891758151,6.220129751036641,1776178717.0197206,2.4687581074023703,0.9847893849995432,6.221850116311239,1776178716.976311,1776178717.042817,0.9407387173078503
1776178717.2497487,26.003735542297363,-3.4845873372486156,-5.759488811100539,0.2,6.220032492307899,2.478720046465398,0.9841685434829052,-0.00782733920830003,6.218322430360836,1776178717.2381935,2.478720046465398,0.9841685434829052,6.220032492307899,1776178717.2066,1776178717.192561,1.025636445705393
1776178717.446203,26.20018982887268,-3.4845873372486156,-5.759488811100539,0.2,6.216985939324241,2.494962645084505,0.9831167087543381,-0.007742319421659475,6.215530837648095,1776178717.4261348,2.494962645084505,0.9831167087543381,6.216985939324241,1776178717.409337,1776178717.4416895,0.997756265443087
1776178717.6481674,26.402154207229614,-3.4845873372486156,-5.759488811100539,0.2,6.214410870615807,2.5082726173049856,0.9822171730279727,-0.008037071175102297,6.213136516140359,1776178717.6511512,2.5113982896788243,0.9820009020688842,6.213795679454543,1776178717.644629,1776178717.5846944,1.0505249541401076
1776178717.8495302,26.603517055511475,-3.4845873372486156,-5.759488811100539,0.2,6.212068996169259,2.5200638031736693,0.9813911428526596,-0.12383695504490494,6.186851785410088,1776178717.7883267,2.5200638031736693,0.9813911428526596,6.212068996169259,1776178717.791326,1776178717.7883267,0.9167108970458282
1776178718.0465367,26.80052351951599,-3.4845873372486156,-5.759488811100539,0.2,6.2093436034380485,2.5334307747639984,0.9804207020325223,-0.00669397847598619,6.20777655355659,1776178718.0224252,2.5334307747639984,0.9804207020325223,6.2093436034380485,1776178718.0199,1776178718.03395,1.002875671021686
1776178718.2461913,27.00017809867859,-3.4845873372486156,-5.759488811100539,0.2,6.206229392457364,2.5482637098370082,0.979300310158361,-0.00828088252646236,6.204445674727738,1776178718.237827,2.5482637098370082,0.979300310158361,6.206229392457364,1776178718.234827,1776178718.1891632,1.0117814647044874
1776178718.4487982,27.2027850151062,-3.4845873372486156,-5.759488811100539,0.2,6.203474423164195,2.561016259244318,0.9782993881600204,-0.008591438071866643,6.202181181810239,1776178718.3883538,2.561016259244318,0.9782993881600204,6.203474423164195,1776178718.387353,1776178718.4342337,0.9625777534705923
1776178718.6495812,27.403568029403687,-3.4845873372486156,-5.759488811100539,0.2,6.201714479827626,2.5689905758462994,0.9776553552664792,-0.008306211824707987,6.199909437532953,1776178718.6056662,2.5689905758462994,0.9776553552664792,6.201714479827626,1776178718.604161,1776178718.6536498,1.0835777799005364
1776178718.8492346,27.60322141647339,-3.4845873372486156,-5.759488811100539,0.2,6.198685623204387,2.5824150024253787,0.9765388545879775,-0.00891446998012564,6.197031088697108,1776178718.7912672,2.5824150024253787,0.9765388545879775,6.198685623204387,1776178718.807412,1776178718.854332,0.9314790858552356
1776178719.0462804,27.800267219543457,-3.4845873372486156,-5.759488811100539,0.2,6.195515322226923,2.596080817402282,0.975359621250929,-0.00742923678755702,6.19399145247458,1776178718.996385,2.596080817402282,0.975359621250929,6.195515322226923,1776178719.008407,1776178718.978279,1.0740160871263729
1776178719.2469528,28.00093960762024,-3.4845873372486156,-5.759488811100539,0.2,6.19220247930952,2.60996392461826,0.974116292489901,-0.008776943880137344,6.190180285337659,1776178719.2267835,2.60996392461826,0.974116292489901,6.19220247930952,1776178719.22478,1776178719.2267835,0.9673763334390337
1776178719.447085,28.201071739196777,-3.484439288354004,-5.759768485698095,0.2,6.189515537847085,2.620942001001069,0.973099892261274,-0.007972320563231843,6.187905146975562,1776178719.4287813,2.620942001001069,0.973099892261274,6.189515537847085,1776178719.439289,1776178719.4322891,1.0209705296080576
1776178719.6463556,28.40034246444702,-3.4832723563355716,-5.761972866991293,0.2,6.1875904123348375,2.6286592233687935,0.9723674249365082,-0.004893431751680113,6.186860625172015,1776178719.5779173,2.6286592233687935,0.9723674249365082,6.1875904123348375,1776178719.597207,1776178719.6001856,0.959444135710642
1776178719.846964,28.600950717926025,-3.482406335278985,-5.76360877646258,0.2,6.184113320012985,2.6422981836583608,0.9710357987610612,-0.008558968325252051,6.182085207847687,1776178719.814875,2.6422981836583608,0.9710357987610612,6.184113320012985,1776178719.828932,1776178719.7997994,1.0509239604545608
1776178720.0479896,28.801976442337036,-3.4818799357399564,-5.764603126351616,0.2,6.18282176242211,2.647269705266454,0.9705384052902788,-0.008123132692284266,6.181685187283113,1776178720.049991,2.647269705266454,0.9705384052902788,6.18282176242211,1776178719.98541,1776178720.049991,0.9555089168169119
1776178720.2478185,29.001805305480957,-3.4808202100399384,-5.766604873068359,0.2,6.179324847406123,2.660484205950076,0.9691844391490092,-0.008344720737625053,6.1772421270256235,1776178720.2043786,2.660484205950076,0.9691844391490092,6.179324847406123,1776178720.218436,1776178720.2043786,0.9792389041407078
1776178720.4466968,29.20068359375,-4.794483759598256,-8.260573304825236,0.2,6.176074815825684,2.672457040523085,0.9679168516441136,-0.007890941396564917,6.174330158059009,1776178720.425475,2.672457040523085,0.9679168516441136,6.176074815825684,1776178720.439519,1776178720.393483,0.9324705283883408
1776178720.6466777,29.400664567947388,-4.794483759598256,-8.260573304825236,0.2,6.173308021203169,2.6823181258179014,0.9668428640686877,-0.008571942190245433,6.171848503465039,1776178720.5957417,2.6823181258179014,0.9668428640686877,6.173308021203169,1776178720.593747,1776178720.609917,1.0247487281775622
1776178720.8465195,29.60050630569458,8.260573304825236,4.794483759598256,0.2,6.169518078421854,2.695183202133932,0.9653991092088983,-0.06780382379263819,6.154615768204093,1776178720.8155274,2.695183202133932,0.9653991092088983,6.169518078421854,1776178720.843517,1776178720.8195605,1.0705681592777796
1776178721.0467093,29.80069613456726,8.260573304825236,4.794483759598256,0.2,6.1681736015093565,2.6997017002798476,0.9648801827014184,-0.009424768515661461,6.166600880294523,1776178721.0477138,2.6997017002798476,0.9648801827014184,6.1681736015093565,1776178720.996447,1776178721.0487163,0.9644446022603332
1776178721.2463963,30.000383138656616,8.260573304825236,4.794483759598256,0.2,6.165095268455512,2.7108281935725054,0.9635771634708266,-0.007246951429784471,6.163273457478226,1776178721.2337885,2.7108281935725054,0.9635771634708266,6.165095268455512,1776178721.201509,1776178721.1864827,0.9844033892540772
1776178721.4497898,30.203776597976685,8.260573304825236,4.794483759598256,0.2,6.162405916123469,2.7217198479846054,0.9622698033005239,-0.04089217692056364,6.1566911562471915,1776178721.3735404,2.7217198479846054,0.9622698033005239,6.162405916123469,1776178721.402252,1776178721.3873868,0.9219706854397884
1776178721.6467826,30.400769472122192,8.260573304825236,4.794483759598256,0.2,6.161155125115607,2.7272937563046047,0.9615897196204168,-0.005629444987011519,6.159849819355991,1776178721.6054115,2.7272937563046047,0.9615897196204168,6.161155125115607,1776178721.603405,1776178721.606411,0.9844200220987092
1776178721.8468502,30.600836992263794,8.260573304825236,4.794483759598256,0.2,6.158867095471765,2.7386806796146836,0.9601796605011035,-0.005188406546708992,6.157734009324672,1776178721.8237996,2.7386806796146836,0.9601796605011035,6.158867095471765,1776178721.836332,1776178721.8237996,0.9974640409944884
1776178722.0470705,30.8010573387146,8.260573304825236,4.794483759598256,0.2,6.157170372525905,2.748594422724216,0.9589320382315898,-0.004282894547969199,6.156498983010248,1776178721.9805603,2.748594422724216,0.9589320382315898,6.157170372525905,1776178722.036459,1776178722.04146,1.0710189472643987
1776178722.2474246,31.00141143798828,8.260573304825236,4.794483759598256,0.2,6.156494621771666,2.753074847655431,0.9583628704524817,-0.05679525858662671,6.1446249751679,1776178722.1895504,2.753074847655431,0.9583628704524817,6.156494621771666,1776178722.182471,1776178722.252668,1.0593896436346986
1776178722.447178,31.201164722442627,8.260573304825236,4.794483759598256,0.2,6.155188140380917,2.763113885518319,0.9570772596357382,-0.0030023177964556827,6.154566747874131,1776178722.3965213,2.763113885518319,0.9570772596357382,6.155188140380917,1776178722.409578,1776178722.4421601,0.9868874158639035
1776178722.6470742,31.401061058044434,8.260573304825236,4.794483759598256,0.2,6.154188051952904,2.7729592084077774,0.9558049207610612,-0.0023335880891672944,6.153719120980927,1776178722.5974698,2.7729592084077774,0.9558049207610612,6.154188051952904,1776178722.625243,1776178722.5974698,1.0051845734417963
1776178722.8470564,31.601043224334717,8.260573304825236,4.794483759598256,0.2,6.153457637287869,2.783000329007112,0.9544984323963779,-0.001644326636136739,6.15310248808521,1776178722.8134544,2.783000329007112,0.9544984323963779,6.153457637287869,1776178722.843043,1776178722.8134544,0.9558774764773498
1776178723.0470858,31.801072597503662,8.260573304825236,4.794483759598256,0.2,6.153275604236013,2.786430400442463,0.9540506166862236,-0.0011259552142632856,6.153046452716651,1776178723.0169718,2.786430400442463,0.9540506166862236,6.153275604236013,1776178722.98216,1776178723.0189717,1.0792535344519119
1776178723.2466853,32.00067210197449,8.260573304825236,4.794483759598256,0.2,6.152961638568845,2.7954655139061058,0.9528685935114343,-0.00040728521387833937,6.152872982189251,1776178723.2346482,2.7954655139061058,0.9528685935114343,6.152961638568845,1776178723.186151,1776178723.215573,0.9386481648341001
1776178723.447193,32.20117974281311,8.260573304825236,4.794483759598256,0.2,6.152895398315206,2.8054410709645414,0.9515615613522899,0.00016931352063176061,6.152926483865264,1776178723.4182458,2.8054410709645414,0.9515615613522899,6.152895398315206,1776178723.431288,1776178723.4182458,0.9989690195182825
1776178723.64674,32.40072679519653,8.260573304825236,4.794483759598256,0.2,6.153033557566344,2.8127055181854788,0.9506100985334683,0.0007773225094542201,6.153203807583369,1776178723.6372669,2.8127055181854788,0.9506100985334683,6.153033557566344,1776178723.578359,1776178723.6372669,1.0579481585646864
1776178723.848163,32.60214972496033,8.260573304825236,4.794483759598256,0.2,6.153237695009135,2.8180860432183126,0.949906351816172,0.001043790121682232,6.153398390952745,1776178723.7912211,2.8180860432183126,0.949906351816172,6.153237695009135,1776178723.790221,1776178723.8401346,0.988045548411425
1776178724.0666134,32.820600271224976,8.260573304825236,4.794483759598256,0.2,6.1537622191719645,2.8269278035023486,0.9487530570204062,0.0016041338732694173,6.1540831932684075,1776178723.991313,2.8269278035023486,0.9487530570204062,6.1537622191719645,1776178724.004154,1776178723.991313,0.9340689048594654
1776178724.2466116,33.000598430633545,8.260573304825236,4.794483759598256,0.2,6.154576674389157,2.836305368106221,0.9475362332448231,0.0022721982819936403,6.155145393001498,1776178724.2416074,2.836305368106221,0.9475362332448231,6.154576674389157,1776178724.240104,1776178724.2416074,0.9658919648095855
1776178724.4464931,33.20047998428345,8.260573304825236,4.794483759598256,0.2,6.155421933948645,2.8438187332620286,0.9465677057228878,0.002412117851451845,6.155764138285394,1776178724.3834763,2.8438187332620286,0.9465677057228878,6.155421933948645,1776178724.409369,1776178724.3834763,0.9968920971892139
1776178724.6475484,33.40153527259827,8.260573304825236,4.794483759598256,0.2,6.155858066550798,2.8471969442671465,0.9461344691225048,0.003300935539610731,6.156467801327547,1776178724.6482263,2.8488775200982435,0.9459195173215774,6.156088018491977,1776178724.645198,1776178724.6136205,1.0602900679675253
1776178724.8464155,33.60040235519409,8.260573304825236,4.794483759598256,0.2,6.157138387552158,2.8558747471287305,0.9450290147684489,0.003617061308093433,6.157925471691393,1776178724.8484337,2.8558747471287305,0.9450290147684489,6.157138387552158,1776178724.800371,1776178724.8013468,0.9928650065000169
1776178725.0479457,33.80193257331848,8.260573304825236,4.794483759598256,0.2,6.158621980966944,2.864403859616785,0.9439544828726846,0.00616861605581825,6.1598719808494256,1776178725.0534606,2.864403859616785,0.9439544828726846,6.158621980966944,1776178725.019775,1776178725.0047164,0.9754865657496382
1776178725.2468054,34.000792264938354,8.260573304825236,4.794483759598256,0.2,6.159829008580309,2.8705452552361157,0.943189212789011,0.06512485164035484,6.17632952447954,1776178725.2418013,2.8705452552361157,0.943189212789011,6.159829008580309,1776178725.24481,1776178725.2047107,1.0222244225506203
1776178725.4703214,34.224308252334595,-4.794483759598256,-8.260573304825236,0.2,6.160993517462723,2.875976313546282,0.9425190073327805,0.004274593464053351,6.161633578699241,1776178725.3915374,2.875976313546282,0.9425190073327805,6.160993517462723,1776178725.403599,1776178725.405584,1.064604526150379
1776178725.6471486,34.40113544464111,-4.794483759598256,-8.260573304825236,0.2,6.162800039253897,2.8844809500350466,0.9414826284126051,0.004127152748722055,6.16351611231558,1776178725.5650403,2.8844809500350466,0.9414826284126051,6.162800039253897,1776178725.638619,1776178725.63963,0.9239000551493646
1776178725.850442,34.60442876815796,-4.794483759598256,-8.260573304825236,0.2,6.16374793580527,2.8897608087374254,0.9408465223519905,0.05372388684801477,6.1757418913006425,1776178725.7882922,2.8897608087374254,0.9408465223519905,6.16374793580527,1776178725.790292,1776178725.8590546,0.9178100091459902
1776178726.0465796,34.80056643486023,-4.794483759598256,-8.260573304825236,0.2,6.164678260186368,2.895899588996031,0.9401128081114494,0.0027921987730384,6.165307626368844,1776178726.0136938,2.895899588996031,0.9401128081114494,6.164678260186368,1776178726.027229,1776178725.9985547,1.0246996269355466
1776178726.2475314,35.00151824951172,-4.794483759598256,-8.260573304825236,0.2,6.1656006526629135,2.9037643268344535,0.9391802725954005,0.0019288797231110388,6.1660178472933485,1776178726.2299824,2.9037643268344535,0.9391802725954005,6.1656006526629135,1776178726.244545,1776178726.2194426,1.0600122455962537
1776178726.446697,35.20068383216858,-4.794483759598256,-8.260573304825236,0.2,6.165967970489861,2.9079459036234416,0.9386871133783871,0.009487387903532717,6.167320718755564,1776178726.3725662,2.9079459036234416,0.9386871133783871,6.165967970489861,1776178726.373565,1776178726.3715596,1.0479108193914248
1776178726.6476235,35.401610374450684,-4.794483759598256,-8.260573304825236,0.2,6.1663693218914775,2.914442856793572,0.9379234853057578,0.0009105131508214422,6.166596036475776,1776178726.6215627,2.914442856793572,0.9379234853057578,6.1663693218914775,1776178726.618054,1776178726.6060283,1.0129037834999515
1776178726.8493474,35.603334188461304,-4.794483759598256,-8.260573304825236,0.2,6.1665635102187375,2.9208506558975507,0.937172267276824,0.00034454364552720173,6.166621626181629,1776178726.790238,2.9208506558975507,0.937172267276824,6.1665635102187375,1776178726.788238,1776178726.8198555,0.9525802857427952
1776178727.0462196,35.800206422805786,-4.794483759598256,-8.260573304825236,0.2,6.166542774703373,2.9280260112252123,0.936331725228915,-0.0003702857164899533,6.1664624747870365,1776178727.0070972,2.9280260112252123,0.936331725228915,6.166542774703373,1776178727.004096,1776178727.0211172,0.9822416694239836
1776178727.2464077,36.00039458274841,-4.794483759598256,-8.260573304825236,0.2,6.166246829105827,2.935650929695416,0.9354373180334984,-0.0010660067493134858,6.1660169606751305,1776178727.2227323,2.935650929695416,0.9354373180334984,6.166246829105827,1776178727.239824,1776178727.2227323,1.0820370347998758
1776178727.446386,36.20037293434143,-4.794483759598256,-8.260573304825236,0.2,6.166087285895855,2.938164305241285,0.9351418638285501,-0.0013099618900701173,6.165885744095976,1776178727.3765855,2.938164305241285,0.9351418638285501,6.166087285895855,1776178727.374594,1776178727.3765855,0.901789651245398
1776178727.647361,36.40134787559509,-4.794483759598256,-8.260573304825236,0.2,6.165433152145268,2.945621022900045,0.9342623814058779,-0.0017165373891653286,6.165055704583094,1776178727.5964744,2.945621022900045,0.9342623814058779,6.165433152145268,1776178727.611294,1776178727.6273239,1.005387413019409
1776178727.8464327,36.60041952133179,-4.794483759598256,-8.260573304825236,0.2,6.164564035177495,2.9526851928517024,0.9334237258446666,-0.002863522099158249,6.163941583773663,1776178727.813847,2.9526851928517024,0.9334237258446666,6.164564035177495,1776178727.82889,1776178727.8449256,0.9610085617745371
1776178728.046877,36.80086374282837,-4.794483759598256,-8.260573304825236,0.2,6.164210626955425,2.955104299523843,0.9331349869824136,-0.04401776831674201,6.154351466442956,1776178728.0378284,2.959637464578429,0.9325914352499691,6.16347173137026,1776178728.04536,1776178728.0378284,0.9553088450994741
1776178728.2476587,37.00164556503296,-4.794483759598256,-8.260573304825236,0.2,6.163043611624394,2.9620183475544497,0.9323045302280761,-0.0030261194676726483,6.162639388450348,1776178728.2486784,2.9620183475544497,0.9323045302280761,6.163043611624394,1776178728.185678,1776178728.1871817,1.007519738523823
1776178728.4476948,37.20168161392212,-4.794483759598256,-8.260573304825236,0.2,6.161667836537379,2.9688234066319974,0.9314783820886872,-0.0032792572608245783,6.160960263359588,1776178728.449704,2.9688234066319974,0.9314783820886872,6.161667836537379,1776178728.418411,1776178728.403236,1.097755236595082
1776178728.6468213,37.40080809593201,-4.794483759598256,-8.260573304825236,0.2,6.160093411835293,2.9755215518198512,0.9306551817701464,-0.02793125678016499,6.154886028440605,1776178728.5736146,2.9755215518198512,0.9306551817701464,6.160093411835293,1776178728.635761,1776178728.622224,1.0984590811890238
1776178728.847802,37.60178875923157,-4.794483759598256,-8.260573304825236,0.2,6.159437020621586,2.9780697196892274,0.9303390867631504,-0.004407150664678485,6.158410269922316,1776178728.8065884,2.9780697196892274,0.9303390867631504,6.159437020621586,1776178728.789239,1776178728.8533096,0.904676840534426
1776178729.0467587,37.800745487213135,8.260573304825236,4.794483759598256,0.2,6.157750756141562,2.9841226695980345,0.9295811058714001,-0.004601583665987036,6.1567429660665205,1776178729.0255978,2.9841226695980345,0.9295811058714001,6.157750756141562,1776178728.992472,1776178729.0412147,1.0122441711260421
1776178729.2467406,38.00072741508484,8.260573304825236,4.794483759598256,0.2,6.155954506089296,2.990581717981534,0.928760580343547,-0.003969143656676826,6.155150408676518,1776178729.228185,2.990581717981534,0.928760580343547,6.155954506089296,1776178729.211535,1776178729.2442327,0.9168828260944509
1776178729.4466434,38.20063018798828,8.260573304825236,4.794483759598256,0.2,6.1547065306150905,2.9959690264218226,0.9280679040715105,-0.002974314608081804,6.154062712633509,1776178729.4446442,2.9959690264218226,0.9280679040715105,6.1547065306150905,1776178729.419162,1776178729.3863752,0.9747569270169594
1776178729.6473343,38.40132117271423,8.260573304825236,4.794483759598256,0.2,6.153951480805625,2.9998431193993484,0.9275658824927553,-0.0026493496549412484,6.153418468268759,1776178729.6458304,2.9998431193993484,0.9275658824927553,6.153951480805625,1776178729.614211,1776178729.599041,1.0465765423291051
1776178729.847254,38.60124087333679,8.260573304825236,4.794483759598256,0.2,6.152987616005202,3.0060612890175773,0.9267545726678773,-0.002150614488732157,6.152557932428614,1776178729.845626,3.0060612890175773,0.9267545726678773,6.152987616005202,1776178729.830321,1776178729.8020992,1.0123966518597365
1776178730.0464401,38.800426959991455,8.260573304825236,4.794483759598256,0.2,6.152395498771495,3.011483995592488,0.9260427931945322,-0.02432462486810495,6.149386127463065,1776178729.9693432,3.011483995592488,0.9260427931945322,6.152395498771495,1776178730.00131,1776178729.9864824,1.0705107397043687
1776178730.2466483,39.00063514709473,8.260573304825236,4.794483759598256,0.2,6.15215011227532,3.01474967478106,0.9256127928396698,-0.0009403054446304191,6.151926820490579,1776178730.2068105,3.01474967478106,0.9256127928396698,6.15215011227532,1776178730.218899,1776178730.1897123,1.0328002545138777
1776178730.4463768,39.200363636016846,8.260573304825236,4.794483759598256,0.2,6.1519162754141306,3.0207454780808383,0.9248217484649505,-0.0002985160915981373,6.151852019393829,1776178730.422062,3.0207454780808383,0.9248217484649505,6.1519162754141306,1776178730.43625,1776178730.3754935,0.9393793362251556
1776178730.6465871,39.40057396888733,8.260573304825236,4.794483759598256,0.2,6.151929717562611,3.0255240065714104,0.9241908091931599,0.00032118214577441916,6.151994707666015,1776178730.6244085,3.0255240065714104,0.9241908091931599,6.151929717562611,1776178730.59398,1776178730.6395502,1.03149988856333
1776178730.8474762,39.601463079452515,8.260573304825236,4.794483759598256,0.2,6.152091662389555,3.029799001837047,0.9236267486941466,0.0063675179467402735,6.153288486822965,1776178730.8123662,3.029799001837047,0.9236267486941466,6.152091662389555,1776178730.807266,1776178730.850479,1.0400034693088356
1776178731.0468915,39.800878286361694,8.260573304825236,4.794483759598256,0.2,6.152449807359348,3.0346926136461776,0.9229823422126942,0.0013360674848543253,6.152755825229127,1776178731.04141,3.0346926136461776,0.9229823422126942,6.152449807359348,1776178731.040423,1776178730.9797828,0.9543711763445843
1776178731.2464168,40.00040364265442,8.260573304825236,4.794483759598256,0.2,6.152983873953121,3.0395268752984324,0.9223479471641103,0.0020599965162702173,6.153364897554975,1776178731.2263732,3.0395268752984324,0.9223479471641103,6.152983873953121,1776178731.194374,1776178731.211453,1.0250438408081677
1776178731.4469955,40.200982332229614,8.260573304825236,4.794483759598256,0.2,6.1538691431215105,3.0453804308079007,0.9215839757952677,0.0020179155696754205,6.154224801183285,1776178731.4026234,3.0453804308079007,0.9215839757952677,6.1538691431215105,1776178731.423607,1776178731.4255974,1.0365570335482426
1776178731.646351,40.40033793449402,8.260573304825236,4.794483759598256,0.2,6.154637503038459,3.0494481866160625,0.9210565432998371,0.00276828201902251,6.155255279532701,1776178731.6257858,3.0494481866160625,0.9210565432998371,6.154637503038459,1776178731.6383,1776178731.6257858,1.0508780882998288
1776178731.8463619,40.600348711013794,-4.794483759598256,-8.260573304825236,0.2,6.155570715209844,3.0536850186600737,0.9205108492826625,0.0032955688193310657,6.1562744025150336,1776178731.8393111,3.0536850186600737,0.9205108492826625,6.155570715209844,1776178731.837325,1776178731.8393111,1.0405483794073813
1776178732.0472007,40.80118751525879,-4.794483759598256,-8.260573304825236,0.2,6.156555700336722,3.0582930474892187,0.9199219783773402,0.0024429576461561238,6.156912804687144,1776178731.9854882,3.0582930474892187,0.9199219783773402,6.156555700336722,1776178731.997537,1776178731.9995255,1.0126517708757663
1776178732.247269,41.00125575065613,-4.794483759598256,-8.260573304825236,0.2,6.157061538841471,3.0611970750913446,0.9195530322801934,0.0020916581866275742,6.157503268124063,1776178732.1966743,3.0611970750913446,0.9195530322801934,6.157061538841471,1776178732.198671,1776178732.2097309,0.9449259405367043
1776178732.4472814,41.20126819610596,-4.794483759598256,-8.260573304825236,0.2,6.157760984094578,3.0665322946754725,0.918878573057209,0.001282459469864809,6.158056520960831,1776178732.4271197,3.0665322946754725,0.918878573057209,6.157760984094578,1776178732.440168,1776178732.4411695,1.092684218011433
1776178732.646894,41.40088081359863,-4.794483759598256,-8.260573304825236,0.2,6.158106843144187,3.0707869910206895,0.918342929391494,0.0007751559913986327,6.158262376697332,1776178732.6277678,3.0707869910206895,0.918342929391494,6.158106843144187,1776178732.595168,1776178732.6443608,0.9379276533659943
1776178732.8473713,41.60135817527771,-4.794483759598256,-8.260573304825236,0.2,6.158276124174066,3.0759879513055233,0.9176895568211836,0.00010089420809782792,6.158294854160554,1776178732.8134077,3.0759879513055233,0.9176895568211836,6.158276124174066,1776178732.811209,1776178732.786576,0.9276077247523987
1776178733.0468454,41.80083227157593,-4.794483759598256,-8.260573304825236,0.2,6.158253321280833,3.078758157929636,0.9173417076269831,-0.0002081001758045936,6.1582106251867526,1776178733.0185785,3.078758157929636,0.9173417076269831,6.158253321280833,1776178733.021196,1776178732.9988818,0.9110541816985422
1776178733.2467844,42.000771284103394,-4.794483759598256,-8.260573304825236,0.2,6.158021621652792,3.0836527045808846,0.9167265455859034,-0.0008657867422927505,6.15783882033724,1776178733.2297175,3.0836527045808846,0.9167265455859034,6.158021621652792,1776178733.24528,1776178733.2141528,0.9373861993420267
1776178733.4511235,42.20511031150818,-4.794483759598256,-8.260573304825236,0.2,6.15757824831837,3.088289050692577,0.9161422349482309,-0.001425183049852042,6.157354777192499,1776178733.4531293,3.088289050692577,0.9161422349482309,6.15757824831837,1776178733.432453,1776178733.4531293,0.9774502932579193
1776178733.6471334,42.40112018585205,-4.794483759598256,-8.260573304825236,0.2,6.156896841226936,3.0930542896587885,0.9155389619195219,-0.018390693703577633,6.15323414884771,1776178733.5856793,3.0930542896587885,0.9155389619195219,6.156896841226936,1776178733.634486,1776178733.5886867,0.9380450856025715
1776178733.8463423,42.60032916069031,-4.794483759598256,-8.260573304825236,0.2,6.156598681748021,3.094753858214672,0.9153229242752505,-0.0028964938424193747,6.155913609779701,1776178733.822197,3.094753858214672,0.9153229242752505,6.156598681748021,1776178733.778069,1776178733.7815752,0.9260538387536903
1776178734.047041,42.80102777481079,-4.794483759598256,-8.260573304825236,0.2,6.155542708421963,3.099802468660331,0.9146778017104692,-0.0027339312034459864,6.154954219911406,1776178734.0374506,3.099802468660331,0.9146778017104692,6.155542708421963,1776178734.003837,1776178734.0058365,0.9226452295863123
1776178734.2485774,43.00256419181824,-4.794483759598256,-8.260573304825236,0.2,6.154408302851488,3.1042276082889577,0.9141073990227232,-0.003026757752681549,6.1537936283504076,1776178734.2405307,3.1042276082889577,0.9141073990227232,6.154408302851488,1776178734.189504,1776178734.1759744,0.9756114217601012
1776178734.4466302,43.20061707496643,-4.794483759598256,-8.260573304825236,0.2,6.153719980776109,3.1066002276581135,0.9137993408084363,-0.0037490863402279057,6.153139499090774,1776178734.3953636,3.1066002276581135,0.9137993408084363,6.153719980776109,1776178734.39229,1776178734.3943624,1.0205710393241938
1776178734.6473806,43.40136742591858,-4.794483759598256,-8.260573304825236,0.2,6.152131181813105,3.1114738625099,0.913160984189661,-0.003935303267551073,6.151338719470072,1776178734.5967362,3.1114738625099,0.913160984189661,6.152131181813105,1776178734.625832,1776178734.6123018,0.9228363113702333
1776178734.8468819,43.600868701934814,-4.794483759598256,-8.260573304825236,0.2,6.150545670825378,3.1157452310375646,0.9125945964361967,-0.004578658548867979,6.149545794405221,1776178734.8151138,3.1157452310375646,0.9125945964361967,6.150545670825378,1776178734.82867,1776178734.8141131,1.025478642012403
1776178735.0470543,43.80104112625122,-4.794483759598256,-8.260573304825236,0.2,6.149910646149716,3.1173323822394403,0.9123823243135786,-0.03664253236401408,6.143134881131554,1776178735.000029,3.1173323822394403,0.9123823243135786,6.149910646149716,1776178734.983576,1776178735.0315015,0.9566910575468789
1776178735.2473276,44.00131440162659,-4.794483759598256,-8.260573304825236,0.2,6.147878122461394,3.122046429206856,0.9117455246851935,-0.005201488966170172,6.146821222778291,1776178735.2032208,3.122046429206856,0.9117455246851935,6.147878122461394,1776178735.216811,1776178735.2032208,1.036605899586636
1776178735.4470053,44.20099210739136,-4.794483759598256,-8.260573304825236,0.2,6.145832173196933,3.1263484361316247,0.9111554369370886,-0.005462865430578895,6.144731326696733,1776178735.4047353,3.1263484361316247,0.9111554369370886,6.145832173196933,1776178735.418396,1776178735.4047353,1.074082362386671
1776178735.65123,44.40521693229675,-4.794483759598256,-8.260573304825236,0.2,6.143636091079433,3.1305906662216842,0.9105643768904514,-0.006190591096078582,6.142479051032558,1776178735.5916383,3.1305906662216842,0.9105643768904514,6.143636091079433,1776178735.622016,1776178735.624024,1.005138192048107
1776178735.8469183,44.60090517997742,-4.794483759598256,-8.260573304825236,0.2,6.141680488590291,3.134108401345072,0.9100667963733164,-0.006195932710774725,6.140529267575164,1776178735.777441,3.134108401345072,0.9100667963733164,6.141680488590291,1776178735.823289,1776178735.8272874,0.9612267887938439
1776178736.047276,44.801262855529785,-4.794483759598256,-8.260573304825236,0.2,6.1401251792274065,3.136760790109631,0.9096868560207797,-0.005264002179765552,6.138961606560067,1776178735.9984844,3.136760790109631,0.9096868560207797,6.1401251792274065,1776178736.010058,1776178736.0292294,1.0938153831745576
1776178736.2482042,45.00219106674194,-4.794483759598256,-8.260573304825236,0.2,6.137690312248537,3.1406946820866906,0.9091153632982033,-0.006862913858129358,6.1362225258024745,1776178736.2123566,3.1406946820866906,0.9091153632982033,6.137690312248537,1776178736.226036,1776178736.227035,1.0993290288488151
1776178736.4470036,45.200990438461304,-4.794483759598256,-8.260573304825236,0.2,6.135463309605749,3.144093205741763,0.9086135429541786,-0.006489761457110925,6.1342476660960745,1776178736.3996737,3.144093205741763,0.9086135429541786,6.135463309605749,1776178736.37999,1776178736.4424996,1.0347420907695395
1776178736.6472569,45.401243686676025,-4.794483759598256,-8.260573304825236,0.2,6.133708401188884,3.1466554456085305,0.9082299821112234,-0.03717956110628115,6.1251927713609735,1776178736.6287143,3.1466554456085305,0.9082299821112234,6.133708401188884,1776178736.616029,1776178736.6322122,0.9609613461022576
1776178736.8492162,45.6032030582428,-4.794483759598256,-8.260573304825236,0.2,6.131100919396395,3.1502979098540913,0.9076766094667473,-0.0069756237471480945,6.12968360831619,1776178736.8318949,3.1502979098540913,0.9076766094667473,6.131100919396395,1776178736.829976,1776178736.7846992,0.9779300228372585
1776178737.04644,45.800426721572876,-4.794483759598256,-8.260573304825236,0.2,6.12839728161144,3.1538926900561117,0.9071207097682459,-0.007367989954990038,6.12725407870986,1776178736.987053,3.1538926900561117,0.9071207097682459,6.12839728161144,1776178736.999705,1776178737.0029747,1.085972052898621
1776178737.2471244,46.00111126899719,-4.794483759598256,-8.260573304825236,0.2,6.125106318095206,3.1580523730961905,0.9064646969216471,-0.007977605572589815,6.123251119062937,1776178737.2196038,3.1580523730961905,0.9064646969216471,6.125106318095206,1776178737.231555,1776178737.2196038,1.0741150073755752
1776178737.4473698,46.201356649398804,-4.794483759598256,-8.260573304825236,0.2,6.123856546160997,3.1595766016449343,0.9062207473640047,-0.008721218864554816,6.121969647395295,1776178737.435961,3.161394049764658,0.9059272871550264,6.122335453193157,1776178737.447369,1776178737.435961,1.0283675383910027
1776178737.6469367,46.40092349052429,-4.794483759598256,-8.260573304825236,0.2,6.120661878004786,3.1633487015713224,0.905608469334643,-0.007849603542245724,6.119192441034157,1776178737.62316,3.1633487015713224,0.905608469334643,6.120661878004786,1776178737.591267,1776178737.6374114,0.9233580225243682
1776178737.8461294,46.60011625289917,-4.794483759598256,-8.260573304825236,0.2,6.117103282908459,3.1673613103880247,0.9049432456614629,-0.007616599610949558,6.115645076742671,1776178737.814611,3.1673613103880247,0.9049432456614629,6.117103282908459,1776178737.825329,1776178737.8396087,1.057666500435412
1776178738.0470738,46.80106067657471,-4.794483759598256,-8.260573304825236,0.2,6.114261228166964,3.1704386377555003,0.9044229339441983,-0.008989092525233376,6.112503364289463,1776178738.0101662,3.1704386377555003,0.9044229339441983,6.114261228166964,1776178738.02459,1776178737.980556,1.0703800512933217
1776178738.2473207,47.00130748748779,-4.794483759598256,-8.260573304825236,0.2,6.112192974109158,3.1726135532928694,0.9040496974922612,-0.009907951763565761,6.110210896662602,1776178738.2102153,3.1726135532928694,0.9040496974922612,6.112192974109158,1776178738.194185,1776178738.2102153,0.9805448471755936
1776178738.447238,47.20122480392456,-4.794483759598256,-8.260573304825236,0.2,6.1085354777602285,3.176337992903523,0.9033995963034533,-0.009453499251062675,6.1064656089926785,1776178738.429168,3.176337992903523,0.9033995963034533,6.1085354777602285,1776178738.427181,1776178738.429168,1.0328071617694254
1776178738.6489375,47.40292429924011,-4.794483759598256,-8.260573304825236,0.2,6.106385008629772,3.1784606796634045,0.903022708175873,-0.03996769724871056,6.1009191789620205,1776178738.6514657,3.1800052854745022,0.9027454718085655,6.104789834528687,1776178738.646897,1776178738.5840044,0.9441972312381033
1776178738.8487191,47.60270595550537,-4.794483759598256,-8.260573304825236,0.2,6.103326641817869,3.1814006751596926,0.9024928140685239,-0.01007347342164258,6.101091405451635,1776178738.8512285,3.1814006751596926,0.9024928140685239,6.103326641817869,1776178738.802573,1776178738.8045733,0.999522140336174
1776178739.0474102,47.80139708518982,-4.794483759598256,-8.260573304825236,0.2,6.099465952464745,3.1849896872506775,0.9018331302473839,-0.009917427118220976,6.097607243538696,1776178738.975236,3.1849896872506775,0.9018331302473839,6.099465952464745,1776178739.036307,1776178739.0383062,1.0786398623703335
1776178739.2469845,48.00097131729126,-4.794483759598256,-8.260573304825236,0.2,6.096290357342047,3.18784764337084,0.9012974059438046,-0.010129519710176409,6.094075766249214,1776178739.1938634,3.18784764337084,0.9012974059438046,6.096290357342047,1776178739.191864,1776178739.241308,0.9374113733371561
1776178739.4471686,48.20115542411804,-4.794483759598256,-8.260573304825236,0.2,6.092290891468277,3.191335887274718,0.9006305850334912,-0.015393902308455241,6.088933777568132,1776178739.4119442,3.191335887274718,0.9006305850334912,6.092290891468277,1776178739.410434,1776178739.4014304,0.9991108701960634
1776178739.6472735,48.40126037597656,-4.794483759598256,-8.260573304825236,0.2,6.090107457217458,3.19319133255263,0.9002699292736399,-0.010966638596902167,6.088067951472348,1776178739.5979178,3.19319133255263,0.9002699292736399,6.090107457217458,1776178739.627166,1776178739.6442654,1.0763208158509179
1776178739.8495746,48.60356140136719,-4.794483759598256,-8.260573304825236,0.2,6.086158559980705,3.196465143951902,0.8996231756672022,-0.010054857818421149,6.0841233971373185,1776178739.8003237,3.196465143951902,0.8996231756672022,6.086158559980705,1776178739.833918,1776178739.7845132,0.9867518983540172
1776178740.0475745,48.80156135559082,-4.794483759598256,-8.260573304825236,0.2,6.082471247207453,3.199432641870586,0.8990251489500968,-0.011408249723075506,6.08015478150363,1776178740.0033755,3.199432641870586,0.8990251489500968,6.082471247207453,1776178740.001313,1776178740.0188966,1.0554591124723347
1776178740.246668,49.00065493583679,-4.794483759598256,-8.260573304825236,0.2,6.079061055473313,3.2021052024023637,0.8984766789997779,-0.010363833037881012,6.076955121073504,1776178740.2065759,3.2021052024023637,0.8984766789997779,6.079061055473313,1776178740.234163,1776178740.2201526,1.0991970518999983
1776178740.44683,49.20081686973572,-4.794483759598256,-8.260573304825236,0.2,6.076765355708414,3.2038674644614518,0.8981097733263915,-0.010568224508433718,6.07430673342693,1776178740.4392188,3.2038674644614518,0.8981097733263915,6.076765355708414,1776178740.375541,1776178740.4392188,0.9679849575903375
1776178740.6470566,49.40104341506958,-4.794483759598256,-8.260573304825236,0.2,6.0724565088935485,3.2070992295573832,0.8974257972383632,-0.01006932766520105,6.070935399194784,1776178740.5902824,3.2070992295573832,0.8974257972383632,6.0724565088935485,1776178740.603343,1776178740.5777285,0.9461176093416431
1776178740.846683,49.600669860839844,-4.794483759598256,-8.260573304825236,0.2,6.068091059805596,3.2102780497979992,0.896738608193075,-0.00855982711424949,6.066192948575746,1776178740.812029,3.2102780497979992,0.896738608193075,6.068091059805596,1776178740.821291,1776178740.812029,1.09033844090294
1776178741.0465322,49.80051898956299,-4.794483759598256,-8.260573304825236,0.2,6.066397553892265,3.2114866651253497,0.8964734866626336,-0.012081544034268017,6.063627586831324,1776178741.0413015,3.2114866651253497,0.8964734866626336,6.066397553892265,1776178740.994392,1776178741.0413015,1.0812669166181907
1776178741.2465532,50.000540018081665,-4.794483759598256,-8.260573304825236,0.2,6.061958229565652,3.214592874533132,0.8957821475381319,-0.010091106685252645,6.05995828542531,1776178741.2394903,3.214592874533132,0.8957821475381319,6.061958229565652,1776178741.19229,1776178741.1782389,1.0767304007305396
1776178741.4528728,50.20685958862305,-4.794483759598256,-8.260573304825236,0.2,6.057642199124474,3.217530619815424,0.8951147894924985,-0.011512327810223842,6.056042837134889,1776178741.456053,3.217530619815424,0.8951147894924985,6.057642199124474,1776178741.408734,1776178741.3966851,1.0840080934391254
1776178741.6466107,50.40059757232666,-4.794483759598256,-8.260573304825236,0.2,6.053281846559906,3.2204206961696906,0.8944450622065089,-0.012780069927317025,6.049911982726301,1776178741.6420975,3.2204206961696906,0.8944450622065089,6.053281846559906,1776178741.62686,1776178741.6123114,1.0722215717054202
1776178741.8467188,50.60070562362671,-4.794483759598256,-8.260573304825236,0.2,6.050821463256973,3.2220184492919732,0.894069052618972,-0.011261736312844167,6.049090527739759,1776178741.795798,3.2220184492919732,0.894069052618972,6.050821463256973,1776178741.839689,1776178741.8411937,1.0187336671371834
1776178742.0473826,50.801369428634644,-4.794483759598256,-8.260573304825236,0.2,6.046929213987202,3.2244993729254308,0.8934768888855209,-0.01242326428844901,6.044644109196062,1776178741.9797356,3.2244993729254308,0.8934768888855209,6.046929213987202,1776178741.994697,1776178741.9797356,0.9613439597191872
1776178742.2468603,51.00084710121155,-4.794483759598256,-8.260573304825236,0.2,6.0422899975255095,3.227384651015098,0.8927751970879354,-0.012278414029754173,6.039102706601798,1776178742.2393205,3.227384651015098,0.8927751970879354,6.0422899975255095,1776178742.208292,1776178742.1957633,0.9149904926301252
1776178742.44664,51.200626850128174,-4.794483759598256,-8.260573304825236,0.2,6.037971560693478,3.230003372175322,0.8921258909301621,-0.011232355695930965,6.036227318889216,1776178742.3946078,3.230003372175322,0.8921258909301621,6.037971560693478,1776178742.428411,1776178742.433566,0.9231305159938746
1776178742.6470163,51.40100312232971,-4.794483759598256,-8.260573304825236,0.2,6.035799856015674,3.231296768052706,0.8918007289002158,-0.00962324922571514,6.033539939856738,1776178742.629447,3.231296768052706,0.8918007289002158,6.035799856015674,1776178742.576377,1776178742.62997,1.0018770572708342
1776178742.8472545,51.60124135017395,-4.794483759598256,-8.260573304825236,0.2,6.030518595168643,3.234378807429309,0.8910137088369888,-0.011389600902783842,6.028078190237926,1776178742.843713,3.234378807429309,0.8910137088369888,6.030518595168643,1776178742.84156,1776178742.826504,1.0407270627631577
1776178743.0495434,51.80353021621704,-4.794483759598256,-8.260573304825236,0.2,6.027769245291293,3.2359488553054057,0.8906060492451768,-0.09205658189951482,6.0142911324629384,1776178742.9901242,3.2359488553054057,0.8906060492451768,6.027769245291293,1776178742.998372,1776178742.9954898,1.0778792361701732
1776178743.2466657,52.000652551651,-4.794483759598256,-8.260573304825236,0.2,6.0240854605005305,3.238016835218329,0.8900620019481764,-0.011448683432963116,6.021487452822945,1776178743.2170506,3.238016835218329,0.8900620019481764,6.0240854605005305,1776178743.215065,1776178743.2481787,0.9700435203073037
1776178743.4465723,52.20055913925171,-4.794483759598256,-8.260573304825236,0.2,6.019266979779479,3.2406620301618565,0.8893540742117731,-0.01421963619539124,6.016406917779405,1776178743.4181852,3.2406620301618565,0.8893540742117731,6.019266979779479,1776178743.432565,1776178743.4041348,1.084023796637218
1776178743.6467214,52.40070819854736,-4.794483759598256,-8.260573304825236,0.2,6.014790783582186,3.2430607077177793,0.8887001568298813,-0.01234892653568389,6.012312895210605,1776178743.6188414,3.2430607077177793,0.8887001568298813,6.014790783582186,1776178743.632013,1776178743.6188414,0.9898146933324613
1776178743.8469772,52.600964069366455,-4.794483759598256,-8.260573304825236,0.2,6.013105448401394,3.243949617497189,0.8884548747449802,-0.12273393738672615,5.990441287644206,1776178743.8035023,3.243949617497189,0.8884548747449802,6.013105448401394,1776178743.770208,1776178743.8334308,1.0691513202305571
1776178744.046756,52.800742864608765,-4.794483759598256,-8.260573304825236,0.2,6.008405311578937,3.2463886531742774,0.8877734900489015,-0.012535162038728996,6.005874545977607,1776178744.0053957,3.2463886531742774,0.8877734900489015,6.008405311578937,1776178743.97152,1776178744.035552,0.9454913837645745
1776178744.2462642,53.000251054763794,-4.794483759598256,-8.260573304825236,0.2,6.003109853328102,3.2490680200335613,0.8870105150724937,-0.010802025004801017,6.000578466095454,1776178744.2397394,3.2490680200335613,0.8870105150724937,6.003109853328102,1776178744.221177,1776178744.2397394,0.9605639374464685
1776178744.4469783,53.20096516609192,-4.794483759598256,-8.260573304825236,0.2,6.001020806955975,3.250105582584935,0.886710902837818,-0.012549507399659298,5.999080768001373,1776178744.3943303,3.250105582584935,0.886710902837818,6.001020806955975,1776178744.39234,1776178744.3801897,0.9486770040455326
1776178744.6465466,53.40053343772888,-4.794483759598256,-8.260573304825236,0.2,5.99568204320146,3.2527085857317997,0.8859487872901358,-0.01307154815117603,5.99266124786116,1776178744.6254272,3.2527085857317997,0.8859487872901358,5.99568204320146,1776178744.639451,1776178744.5801587,1.02832257697152
1776178744.8466547,53.60064148902893,-4.794483759598256,-8.260573304825236,0.2,5.990890601147149,3.2549867761434617,0.8852692187502968,-0.011968165089269095,5.988284846209138,1776178744.843151,3.2549867761434617,0.8852692187502968,5.990890601147149,1776178744.841145,1776178744.8421507,1.0199644426966907
1776178745.049933,53.80391979217529,-4.794483759598256,-8.260573304825236,0.2,5.986848619308649,3.256867201536981,0.8846992391608839,-0.012366582502557871,5.984347221437528,1776178745.0454218,3.256867201536981,0.8846992391608839,5.986848619308649,1776178744.980496,1776178744.9835956,0.9035875445932655
1776178745.246964,54.00095081329346,-4.794483759598256,-8.260573304825236,0.2,5.984145581945674,3.2581040411971522,0.8843197742700465,-0.012928457758345616,5.981740958291899,1776178745.2314165,3.2581040411971522,0.8843197742700465,5.984145581945674,1776178745.199322,1776178745.248973,0.9884641741241931
1776178745.4466789,54.20066571235657,-4.794483759598256,-8.260573304825236,0.2,5.97949677605614,3.260193276508393,0.8836703929009377,-0.012551000766960769,5.9775540794109,1776178745.3862007,3.260193276508393,0.8836703929009377,5.97949677605614,1776178745.401255,1776178745.3862007,1.0231198514043685
1776178745.6479163,54.40190315246582,-4.794483759598256,-8.260573304825236,0.2,5.974829721272495,3.2622434937008253,0.883022651685047,-0.012886949178414594,5.972237555226983,1776178745.6499171,3.2622434937008253,0.883022651685047,5.974829721272495,1776178745.586347,1776178745.6499171,1.0792364881715422
1776178745.8462715,54.600258350372314,-4.794483759598256,-8.260573304825236,0.2,5.97209917177583,3.2634215344496305,0.8826456590288384,-0.011479761921990898,5.969237127507229,1776178745.8366594,3.2634215344496305,0.8826456590288384,5.97209917177583,1776178745.788512,1776178745.787513,0.9440626472628393
1776178746.050085,54.80407190322876,-4.794483759598256,-8.260573304825236,0.2,5.967012946873372,3.265574493290055,0.881947404953375,-0.0134232065078456,5.965153237841292,1776178745.9752038,3.265574493290055,0.881947404953375,5.967012946873372,1776178746.020341,1776178745.9897285,0.9544950830068909
1776178746.2473018,55.001288652420044,-4.794483759598256,-8.260573304825236,0.2,5.962104460054685,3.267602190137617,0.8812785574379837,-0.013020588541060255,5.9594964954356815,1776178746.1754992,3.267602190137617,0.8812785574379837,5.962104460054685,1776178746.235755,1776178746.1905603,1.0903080536267864
1776178746.4467335,55.20072031021118,-4.794483759598256,-8.260573304825236,0.2,5.957376584737133,3.2695098791680994,0.880639085814953,-0.01221615279204214,5.954486162385577,1776178746.4121058,3.2695098791680994,0.880639085814953,5.957376584737133,1776178746.423678,1776178746.4131105,1.0877670994171722
1776178746.6466224,55.400609254837036,-4.794483759598256,-8.260573304825236,0.2,5.954809468677241,3.2705273871220686,0.880293869314134,-0.012254784910873711,5.952132655491188,1776178746.6305358,3.2705273871220686,0.880293869314134,5.954809468677241,1776178746.641607,1776178746.6305358,0.9894519897890337
1776178746.8466303,55.60061717033386,-4.794483759598256,-8.260573304825236,0.2,5.950257402300569,3.272300498394213,0.8796852584339796,-0.013570453837383515,5.948149485070862,1776178746.7858672,3.272300498394213,0.8796852584339796,5.950257402300569,1776178746.795908,1776178746.7858672,0.9624130113281448
1776178747.0469663,55.80095314979553,-4.794483759598256,-8.260573304825236,0.2,5.945096432379173,3.2742634223056424,0.8790008263968939,-0.013669332529898773,5.942172433828959,1776178746.9997766,3.2742634223056424,0.8790008263968939,5.945096432379173,1776178747.014375,1776178746.9997766,0.919429828739852
1776178747.2477458,56.00173258781433,-4.794483759598256,-8.260573304825236,0.2,5.943107319464198,3.2750067374232597,0.8787386559743624,-0.09964828678608367,5.921581000767432,1776178747.2157996,3.2750067374232597,0.8787386559743624,5.943107319464198,1776178747.169362,1776178747.2322357,0.931066130986423
1776178747.4498534,56.203840255737305,-4.794483759598256,-8.260573304825236,0.2,5.9379253171334705,3.2769092168448672,0.8780599823763185,-0.012835785631940419,5.935506864995626,1776178747.4042144,3.2769092168448672,0.8780599823763185,5.9379253171334705,1776178747.387663,1776178747.4197648,1.0236955130966725
1776178747.6466794,56.40066623687744,-4.794483759598256,-8.260573304825236,0.2,5.932528864298485,3.278839043450689,0.8773600271143717,-0.012338358552117658,5.9300192375611145,1776178747.6076148,3.278839043450689,0.8773600271143717,5.932528864298485,1776178747.621138,1776178747.6076148,1.029982774285058
1776178747.8533814,56.6073682308197,-4.794483759598256,-8.260573304825236,0.2,5.927318413227526,3.2806535719826466,0.8766909791310598,-0.020314517672994813,5.923560078476316,1776178747.792622,3.2806535719826466,0.8766909791310598,5.927318413227526,1776178747.837308,1776178747.8086867,1.0839320679139497
1776178748.0471954,56.80118227005005,-4.794483759598256,-8.260573304825236,0.2,5.925310913648564,3.281340081996213,0.8764350258450959,-0.014005306698695305,5.922481639371147,1776178747.9946365,3.281340081996213,0.8764350258450959,5.925310913648564,1776178747.992637,1776178748.010688,1.025427489681747
1776178748.246421,57.00040793418884,-4.794483759598256,-8.260573304825236,0.2,5.920284028649138,3.283028831366885,0.8757986469471968,-0.01241635468468855,5.917789022532003,1776178748.1955817,3.283028831366885,0.8757986469471968,5.920284028649138,1776178748.193582,1776178748.2111378,1.0173751791352847
1776178748.4477327,57.201719522476196,-4.794483759598256,-8.260573304825236,0.2,5.915044206960725,3.2847436399312877,0.875142377597844,-0.01298967899480757,5.912206793404336,1776178748.4140177,3.2847436399312877,0.875142377597844,5.915044206960725,1776178748.426606,1776178748.413012,0.90179520470256
1776178748.6469982,57.4009850025177,-4.794483759598256,-8.260573304825236,0.2,5.913227710634872,3.2853274228343285,0.8749165888082581,-0.018245940961420053,5.9095194679969065,1776178748.6172543,3.2864164288044124,0.8744921095095352,5.909792869692813,1776178748.644997,1776178748.6313307,0.9023207483469013
1776178748.8466315,57.60061836242676,-4.794483759598256,-8.260573304825236,0.2,5.907770177241984,3.287048681161224,0.8742436746255413,-0.013211920395508817,5.905323449601009,1776178748.8024452,3.287048681161224,0.8742436746255413,5.907770177241984,1776178748.799828,1776178748.8164802,1.0466679165172215
1776178749.046396,57.80038285255432,-4.794483759598256,-8.260573304825236,0.2,5.902706555248831,3.288602409274602,0.8736268102303637,-0.013452421503542202,5.900235424462076,1776178748.9861393,3.288602409274602,0.8736268102303637,5.902706555248831,1776178748.999474,1776178749.017532,0.9313754008335169
1776178749.246912,58.00089883804321,-4.794483759598256,-8.260573304825236,0.2,5.897633457114184,3.2901179067414703,0.8730162146911917,-0.013636373069089032,5.894464530633817,1776178749.218527,3.2901179067414703,0.8730162146911917,5.897633457114184,1776178749.217527,1776178749.2056353,0.9164193240924723
1776178749.4469035,58.20089030265808,-4.794483759598256,-8.260573304825236,0.2,5.8956016641820685,3.290713457459012,0.8727737979127196,-0.01621114438193003,5.8920627155647125,1776178749.4368305,3.290713457459012,0.8727737979127196,5.8956016641820685,1776178749.373166,1776178749.4368305,0.9107473718000515
1776178749.647248,58.4012348651886,-4.794483759598256,-8.260573304825236,0.2,5.889701541812682,3.292406338599397,0.8720769031069011,-0.01501244888085997,5.886926272640886,1776178749.621695,3.292406338599397,0.8720769031069011,5.889701541812682,1776178749.63722,1776178749.6101353,0.9622956199141923
1776178749.8471012,58.60108804702759,-4.794483759598256,-8.260573304825236,0.2,5.8854219590632795,3.2936006199938426,0.8715781295197987,-0.012700517832411292,5.88263050642343,1776178749.8414855,3.2936006199938426,0.8715781295197987,5.8854219590632795,1776178749.779965,1776178749.826425,1.0966090308496237
1776178750.047157,58.80114388465881,-4.794483759598256,-8.260573304825236,0.2,5.880115577132867,3.2950427257462103,0.870967729275627,-0.01405953854918304,5.8772802781114075,1776178750.0431492,3.2950427257462103,0.870967729275627,5.880115577132867,1776178749.995501,1776178750.0431492,0.9796580328173885
1776178750.2468293,59.000816106796265,-4.794483759598256,-8.260573304825236,0.2,5.87725483390449,3.2958025945729568,0.870642426614118,-0.01314011317806584,5.875211221341336,1776178750.198674,3.2958025945729568,0.870642426614118,5.87725483390449,1776178750.214278,1776178750.2152786,0.9858084089308949
1776178750.4464796,59.20046639442444,-4.794483759598256,-8.260573304825236,0.2,5.872345291758434,3.297078264925319,0.8700904437741331,-0.01357498777384656,5.869383174834994,1776178750.416878,3.297078264925319,0.8700904437741331,5.872345291758434,1776178750.414876,1776178750.4474895,1.0096676156245854
1776178750.6466086,59.40059542655945,-4.794483759598256,-8.260573304825236,0.2,5.867224202582162,3.2983710747567856,0.869523331786696,-0.013606024171457102,5.864276074537233,1776178750.6335561,3.2983710747567856,0.869523331786696,5.867224202582162,1776178750.617489,1776178750.5711744,0.9969913097584217
1776178750.8467386,59.600725412368774,-4.794483759598256,-8.260573304825236,0.2,5.862096315866659,3.2996273772562237,0.8689645405915644,-0.011795958122162144,5.860410187027023,1776178750.7764974,3.2996273772562237,0.8689645405915644,5.862096315866659,1776178750.818057,1776178750.7764974,1.0957718454335346
1776178751.046405,59.80039191246033,-4.794483759598256,-8.260573304825236,0.2,5.859221848852323,3.300315051029544,0.8686553614679231,-0.012650062693501107,5.856082894248857,1776178751.0246348,3.300315051029544,0.8686553614679231,5.859221848852323,1776178751.037905,1776178750.9964967,0.9338511121566412
1776178751.246965,60.00095176696777,-4.794483759598256,-8.260573304825236,0.2,5.8544952393917145,3.301420224736037,0.8681534246581174,-0.013243500382852188,5.851640508876677,1776178751.240192,3.301420224736037,0.8681534246581174,5.8544952393917145,1776178751.207836,1776178751.1938288,0.9546275210970064
1776178751.4483788,60.20236563682556,-4.794483759598256,-8.260573304825236,0.2,5.8518214024098505,3.302031433194524,0.8678730941365576,-0.047844767706786716,5.8447538370542,1776178751.3879106,3.302031433194524,0.8678730941365576,5.8518214024098505,1776178751.361964,1776178751.3934188,1.0143815401611553
1776178751.646875,60.400861740112305,-4.794483759598256,-8.260573304825236,0.2,5.846674965732284,3.303179671051513,0.8673410243512502,-0.012048318734246166,5.843816282719237,1776178751.6251788,3.303179671051513,0.8673410243512502,5.846674965732284,1776178751.623192,1776178751.6090975,0.9358975181565388
1776178751.848534,60.60252094268799,-4.794483759598256,-8.260573304825236,0.2,5.8421414470685145,3.3041607150667285,0.8668806447849199,-0.012267147154433953,5.839686411383713,1776178751.8253098,3.3041607150667285,0.8668806447849199,5.8421414470685145,1776178751.777339,1776178751.8095834,1.0086172846764165
1776178752.0462172,60.800204038619995,-4.794483759598256,-8.260573304825236,0.2,5.836984669130375,3.305242339712419,0.8663666602020623,-0.013300462632374081,5.834106539029664,1776178752.041703,3.305242339712419,0.8663666602020623,5.836984669130375,1776178751.99448,1776178752.041703,0.9522736334511973
1776178752.2469325,61.000919342041016,-4.794483759598256,-8.260573304825236,0.2,5.831822757141507,3.30628887754365,0.865862714173519,-0.012773433240459646,5.829258711296982,1776178752.2424357,3.30628887754365,0.865862714173519,5.831822757141507,1776178752.194528,1776178752.229245,1.043683526566683
1776178752.447231,61.20121788978577,-4.794483759598256,-8.260573304825236,0.2,5.8289299335348845,3.3068597020585706,0.8655849973175362,-0.013841136952819705,5.826382375428142,1776178752.4264927,3.3068597020585706,0.8655849973175362,5.8289299335348845,1776178752.410576,1776178752.4115868,0.9174067384277818
1776178752.6472986,61.40128540992737,-4.794483759598256,-8.260573304825236,0.2,5.824174211960941,3.3077738717149745,0.8651359137142152,-0.012487228769081364,5.82224062405358,1776178752.581338,3.3077738717149745,0.8651359137142152,5.824174211960941,1776178752.580336,1776178752.6267312,1.0854255173204521
1776178752.8471835,61.60117030143738,-4.794483759598256,-8.260573304825236,0.2,5.81858649512933,3.3088097876513176,0.8646203617305853,-0.013738866139746946,5.815395417792572,1776178752.8136044,3.3088097876513176,0.8646203617305853,5.81858649512933,1776178752.811049,1776178752.8126047,1.058501770214056
1776178753.0469182,61.800904989242554,-4.794483759598256,-8.260573304825236,0.2,5.814029793104767,3.3096243279900324,0.8642098099222794,-0.01275385417166992,5.811442769771758,1776178753.0164468,3.3096243279900324,0.8642098099222794,5.814029793104767,1776178753.031158,1776178753.0206134,0.9368147438135005
1776178753.246767,62.00075387954712,-4.794483759598256,-8.260573304825236,0.2,5.811335676020368,3.31009325102309,0.86397131890979,-0.011055725293075618,5.808901942676899,1776178753.2365801,3.31009325102309,0.86397131890979,5.811335676020368,1776178753.169695,1776178753.2365801,0.9636612272950622
1776178753.44652,62.200506925582886,-4.794483759598256,-8.260573304825236,0.2,5.8059441824016575,3.311003628057747,0.8635036802921411,-0.013792123749406499,5.803166408645465,1776178753.437983,3.311003628057747,0.8635036802921411,5.8059441824016575,1776178753.392685,1776178753.437983,0.9425146221538627
1776178753.648538,62.40252494812012,-4.794483759598256,-8.260573304825236,0.2,5.802001595910508,3.311645867541675,0.8631699737615626,-0.06920129549345287,5.791983083314684,1776178753.5827565,3.311645867541675,0.8631699737615626,5.802001595910508,1776178753.601348,1776178753.5923214,1.0212277004809673
1776178753.8471532,62.60114002227783,-4.794483759598256,-8.260573304825236,0.2,5.7972261252930535,3.31239745509245,0.8627752845736021,-0.013362643166118753,5.79435964147064,1776178753.7972713,3.31239745509245,0.8627752845736021,5.7972261252930535,1776178753.845154,1776178753.7972713,0.911622050771729
1776178754.0470252,62.80101203918457,-4.794483759598256,-8.260573304825236,0.2,5.7928632793826225,3.31305909875979,0.8624239607234848,-0.012813584044939989,5.790285809384531,1776178753.9984226,3.31305909875979,0.8624239607234848,5.7928632793826225,1776178753.997434,1776178753.9984226,1.0740565384986325
1776178754.247297,63.00128388404846,-4.794483759598256,-8.260573304825236,0.2,5.787458329352858,3.3138459747804636,0.8620012080507768,-0.013802610949016449,5.784246351677523,1776178754.2311306,3.3138459747804636,0.8620012080507768,5.787458329352858,1776178754.229132,1776178754.2311306,1.0874064697291956
1776178754.4466105,63.200597286224365,-4.794483759598256,-8.260573304825236,0.2,5.785378556048786,3.3141391552793023,0.861842272539679,-0.04196946121560578,5.776398212614522,1776178754.445104,3.3141391552793023,0.861842272539679,5.785378556048786,1776178754.399899,1776178754.4030626,0.9272885845408599
1776178754.6473856,63.40137243270874,-4.794483759598256,-8.260573304825236,0.2,5.779552505354982,3.3149322614385626,0.861408279635354,-0.01333812779085972,5.777642187588251,1776178754.5883262,3.3149322614385626,0.861408279635354,5.779552505354982,1776178754.633998,1776178754.6359947,1.0869478284021992
1776178754.847338,63.601324796676636,-4.794483759598256,-8.260573304825236,0.2,5.7751804657752395,3.315500360141627,0.8610936302474422,-0.013698983981557068,5.772435991281542,1776178754.85476,3.315500360141627,0.8610936302474422,5.7751804657752395,1776178754.787666,1776178754.7745512,1.0120057795124604
1776178755.0469835,63.80097031593323,-4.794483759598256,-8.260573304825236,0.2,5.769556270167897,3.3161973556475495,0.8607030337732663,-0.052109346092964685,5.758541719356068,1776178755.0000415,3.3161973556475495,0.8607030337732663,5.769556270167897,1776178755.036287,1776178755.0065544,1.0857546105931968
1776178755.248193,64.00217986106873,-4.794483759598256,-8.260573304825236,0.2,5.76684716560425,3.3165196185021015,0.8605206612374402,-0.013001697551672903,5.764358674126561,1776178755.191439,3.3165196185021015,0.8605206612374402,5.76684716560425,1776178755.235599,1776178755.2062037,0.9188744353217086
1776178755.4497068,64.20369362831116,-4.794483759598256,-8.260573304825236,0.2,5.762677897138956,3.316998592379594,0.8602474301816669,-0.013154990930406087,5.760033223646684,1776178755.3924785,3.316998592379594,0.8602474301816669,5.762677897138956,1776178755.375619,1776178755.4066224,0.9125769080940199
1776178755.6464314,64.40041828155518,-4.794483759598256,-8.260573304825236,0.2,5.756838148728418,3.317635122728933,0.8598800992095501,-0.012530029409738103,5.754070879898426,1776178755.6133294,3.317635122728933,0.8598800992095501,5.756838148728418,1776178755.625401,1776178755.6133294,1.0217584479048467
1776178755.8469975,64.60098433494568,-4.794483759598256,-8.260573304825236,0.2,5.7522476046128554,3.3181075955178705,0.8596041421490818,-0.012521286295462706,5.749562634165385,1776178755.827762,3.3181075955178705,0.8596041421490818,5.7522476046128554,1776178755.841275,1776178755.827762,0.9420049303370379
1776178756.046996,64.80098295211792,-4.794483759598256,-8.260573304825236,0.2,5.7493253946222245,3.318395669892093,0.8594344279428324,-0.013434099223028694,5.746440773445517,1776178756.0424857,3.318395669892093,0.8594344279428324,5.7493253946222245,1776178755.99606,1776178755.9855106,0.9387851575233428
1776178756.246731,65.00071787834167,-4.794483759598256,-8.260573304825236,0.2,5.7438965394790635,3.318904850509134,0.8591315957689617,-0.013018301858896752,5.74208645314937,1776178756.1815274,3.318904850509134,0.8591315957689617,5.7438965394790635,1776178756.212118,1776178756.244225,1.0782351127228371
1776178756.4463582,65.20034503936768,-4.794483759598256,-8.260573304825236,0.2,5.741390110737363,3.3191285990036623,0.8589973113132973,-0.012624466883835854,5.738635864820347,1776178756.3996947,3.3191285990036623,0.8589973113132973,5.741390110737363,1776178756.399694,1776178756.382154,0.9387313452186042
1776178756.6473281,65.40131497383118,-4.794483759598256,-8.260573304825236,0.2,5.735957844134529,3.3195891576552388,0.8587184264501683,-0.013542583889372637,5.733020339958996,1776178756.6166034,3.3195891576552388,0.8587184264501683,5.735957844134529,1776178756.615603,1776178756.6312973,0.9816465547319445
1776178756.8462923,65.6002790927887,-4.794483759598256,-8.260573304825236,0.2,5.730523381972675,3.3200167827383544,0.8584562994405598,-0.0144076624223165,5.72757583736074,1776178756.821185,3.3200167827383544,0.8584562994405598,5.730523381972675,1776178756.833236,1776178756.835237,0.9530700526582979
1776178757.0480354,65.80202221870422,-4.794483759598256,-8.260573304825236,0.2,5.726550717185375,3.320308607764012,0.8582755159227442,-0.014359850645090192,5.7238665817898005,1776178757.0081046,3.320397156500035,0.8582203377381485,5.725295966105351,1776178757.052537,1776178757.054538,0.9727483187338208
1776178757.2475493,66.00153613090515,-4.794483759598256,-8.260573304825236,0.2,5.723204479226584,3.3205409052988473,0.8581304287111622,-0.013031805473273251,5.720575992388746,1776178757.2098024,3.3205409052988473,0.8581304287111622,5.723204479226584,1776178757.207802,1776178757.1927583,0.9111816647919373
1776178757.4469237,66.2009105682373,-4.794483759598256,-8.260573304825236,0.2,5.717974509456017,3.320879412098671,0.8579169934150359,-0.01228197012542402,5.7150990412939775,1776178757.4439235,3.320879412098671,0.8579169934150359,5.717974509456017,1776178757.424372,1776178757.4082732,0.9125199508548864
1776178757.646735,66.40072178840637,-4.794483759598256,-8.260573304825236,0.2,5.7137892895256845,3.3211288853899803,0.8577580452999578,-0.013894212735885323,5.711879367946764,1776178757.5813851,3.3211288853899803,0.8577580452999578,5.7137892895256845,1776178757.564816,1776178757.6301565,0.9383134902440123
1776178757.8465395,66.60052633285522,-4.794483759598256,-8.260573304825236,0.2,5.7079282080491,3.321446549018506,0.8575534132398626,-0.011935306483610207,5.705338596459751,1776178757.7983558,3.321446549018506,0.8575534132398626,5.7079282080491,1776178757.811942,1776178757.832014,0.9489096072600586
1776178758.0469816,66.8009684085846,-4.794483759598256,-8.260573304825236,0.2,5.70520631510159,3.3215815897845724,0.8574655925400316,-0.014346578638826366,5.7022938355151345,1776178758.0013645,3.3215815897845724,0.8574655925400316,5.70520631510159,1776178758.015923,1776178758.0324667,0.9066689670156354
1776178758.2469106,67.00089740753174,-4.794483759598256,-8.260573304825236,0.2,5.699970749358723,3.3218192660426635,0.857309689281455,-0.014374569770438498,5.696811856441579,1776178758.22112,3.3218192660426635,0.857309689281455,5.699970749358723,1776178758.219128,1776178758.2371962,0.9084443313414641
1776178758.4474163,67.20140314102173,-4.794483759598256,-8.260573304825236,0.2,5.695152736300324,3.3220125202568065,0.8571815298456401,-0.013894172474983197,5.692175630367688,1776178758.4353902,3.3220125202568065,0.8571815298456401,5.695152736300324,1776178758.388181,1776178758.3736646,1.091281663271308
1776178758.647026,67.40101289749146,-4.794483759598256,-8.260573304825236,0.2,5.689495300983429,3.322208584440016,0.8570500313896063,-0.06333028540896686,5.677430517905499,1776178758.625896,3.322208584440016,0.8570500313896063,5.689495300983429,1776178758.636481,1776178758.5934188,0.9511498614466107
1776178758.849478,67.60346484184265,-4.794483759598256,-8.260573304825236,0.2,5.6873995570607185,3.322272818969499,0.8570065817368293,-0.013087067998815274,5.68456544493602,1776178758.8424542,3.322272818969499,0.8570065817368293,5.6873995570607185,1776178758.792537,1776178758.7935245,1.0212714557624198
1776178759.0466733,67.80066013336182,-4.794483759598256,-8.260573304825236,0.2,5.681949656799425,3.32241878383144,0.8569070604114996,-0.013933918443028565,5.679789537729959,1776178758.9974802,3.32241878383144,0.8569070604114996,5.681949656799425,1776178759.012043,1776178758.9974802,1.0083310656421813
1776178759.2470038,68.00099062919617,-4.794483759598256,-8.260573304825236,0.2,5.676498414969245,3.3225345775719783,0.8568271862712445,-0.014379707808957434,5.673177604899775,1776178759.2284174,3.3225345775719783,0.8568271862712445,5.676498414969245,1776178759.22743,1776178759.2294161,0.9107107126253693
1776178759.4472723,68.20125913619995,-4.794483759598256,-8.260573304825236,0.2,5.674401440129089,3.3225711406460703,0.8568017558229539,-0.013458377624957598,5.671896027371669,1776178759.4145775,3.3225711406460703,0.8568017558229539,5.674401440129089,1776178759.383482,1776178759.4502702,0.9616856047199803
1776178759.6463914,68.40037822723389,-4.794483759598256,-8.260573304825236,0.2,5.6693679513832,3.3226409539644326,0.8567528423239975,-0.012929390749309535,5.666718700382705,1776178759.619479,3.3226409539644326,0.8567528423239975,5.6693679513832,1776178759.590505,1776178759.604349,1.081846061485617
1776178759.8466918,68.60067868232727,-4.794483759598256,-8.260573304825236,0.2,5.663913856378201,3.322688222069189,0.8567193630789928,-0.013872854657977439,5.660949243097588,1776178759.8331778,3.322688222069189,0.8567193630789928,5.663913856378201,1776178759.801907,1776178759.8331778,0.9789810836137215
1776178760.0484285,68.80241537094116,-4.794483759598256,-8.260573304825236,0.2,5.658458622953862,3.3227062773717746,0.8567064385977335,-0.01306508485816452,5.656380979586938,1776178760.0529444,3.3227062773717746,0.8567064385977335,5.658458622953862,1776178760.018768,1776178759.9922004,0.9728617960828289
1776178760.249039,69.00302577018738,-4.794483759598256,-8.260573304825236,0.2,5.656360164880168,3.3227055053972503,0.8567069976020947,-0.01416673767985624,5.653520061441737,1776178760.1926773,3.3227055053972503,0.8567069976020947,5.656360164880168,1776178760.176349,1776178760.2228324,1.0061841181171496
1776178760.446534,69.20052075386047,-4.794483759598256,-8.260573304825236,0.2,5.650903445632099,3.322683598712106,0.8567229750860633,-0.013065126821153707,5.64826481459992,1776178760.394637,3.322683598712106,0.8567229750860633,5.650903445632099,1776178760.392636,1776178760.4394891,0.902847098369716
1776178760.64692,69.40090680122375,-4.794483759598256,-8.260573304825236,0.2,5.645235782816972,3.322630680893711,0.8567619968338664,-0.07000043629648661,5.6323593230710856,1776178760.5785854,3.322630680893711,0.8567619968338664,5.645235782816972,1776178760.627012,1776178760.6452537,1.0582908968285631
1776178760.8463972,69.6003839969635,-4.794483759598256,-8.260573304825236,0.2,5.642716485918896,3.3225973818925043,0.8567867504507422,-0.017160928090961876,5.639167340318167,1776178760.849403,3.3225973818925043,0.8567867504507422,5.642716485918896,1776178760.814473,1776178760.8484054,0.9141391720493964
1776178761.0469954,69.80098223686218,-4.794483759598256,-8.260573304825236,0.2,5.637467313796958,3.3225088484153065,0.8568531120039509,-0.013393374932035629,5.634751302933519,1776178760.9881885,3.3225088484153065,0.8568531120039509,5.637467313796958,1776178761.016808,1776178761.0037556,0.9446181569997224
1776178761.2469087,70.0008955001831,-4.794483759598256,-8.260573304825236,0.2,5.6322173142086145,3.322394645820453,0.8569396489549335,-0.013514440790012862,5.629470337497131,1776178761.1914508,3.322394645820453,0.8569396489549335,5.6322173142086145,1776178761.22027,1776178761.2081594,1.0676212865652692
1776178761.447108,70.20109486579895,-4.794483759598256,-8.260573304825236,0.2,5.626966525722887,3.3222550464613425,0.85704658459279,-0.10325627056143888,5.603327329519238,1776178761.420388,3.3222550464613425,0.85704658459279,5.626966525722887,1776178761.435062,1776178761.406262,1.0283717726927308
1776178761.6470406,70.40102744102478,-4.794483759598256,-8.260573304825236,0.2,5.624865997732565,3.3221921570669677,0.8570951198803886,-0.013479248886499033,5.622168366920859,1776178761.62052,3.3221921570669677,0.8570951198803886,5.624865997732565,1776178761.588384,1776178761.590385,1.0628472377178133
1776178761.8467484,70.60073518753052,-4.794483759598256,-8.260573304825236,0.2,5.619404078061155,3.322009960139875,0.8572368508448163,-0.014061278613685757,5.616371141973266,1776178761.8362143,3.322009960139875,0.8572368508448163,5.619404078061155,1776178761.806183,1776178761.807184,1.083640454287434
1776178762.0463338,70.80032062530518,-4.794483759598256,-8.260573304825236,0.2,5.613941398915474,3.3218010233904662,0.857401219317819,-0.046682168279778134,5.607387592909747,1776178761.9766064,3.3218010233904662,0.857401219317819,5.613941398915474,1776178762.034239,1776178762.0362394,0.9922470505129517
1776178762.2504601,71.0044469833374,-4.794483759598256,-8.260573304825236,0.2,5.61184017409166,3.321713609719996,0.8574705162192411,-0.013135404394591087,5.609182386028149,1776178762.178944,3.321713609719996,0.8574705162192411,5.61184017409166,1776178762.189454,1776178762.2061536,0.9569629554343155
1776178762.447115,71.20110177993774,-4.794483759598256,-8.260573304825236,0.2,5.606166348850965,3.3214582091779103,0.8576746253394196,-0.013065861828347111,5.602970731118688,1776178762.4235218,3.3214582091779103,0.8576746253394196,5.606166348850965,1776178762.436607,1776178762.4543266,1.036538283119756
1776178762.6469932,71.40097999572754,-4.794483759598256,-8.260573304825236,0.2,5.601122337829349,3.3212076636848566,0.8578770576048732,-0.013975640210277886,5.598108043382102,1776178762.6392038,3.3212076636848566,0.8578770576048732,5.601122337829349,1776178762.623163,1776178762.6088614,0.9338805513725462
1776178762.8465772,71.60056400299072,-4.794483759598256,-8.260573304825236,0.2,5.597549163622594,3.3210169438193007,0.858032509155046,-0.013509997995513928,5.595416220327914,1776178762.7970827,3.3210169438193007,0.858032509155046,5.597549163622594,1776178762.843547,1776178762.8134618,0.9333780726614056
1776178763.0466003,71.80058717727661,-4.794483759598256,-8.260573304825236,0.2,5.593134875974388,3.3207663308302466,0.8582384527461214,-0.01461731050288324,5.589502214832403,1776178763.0456004,3.3207663308302466,0.8582384527461214,5.593134875974388,1776178763.030223,1776178762.9990468,1.0233328463294695
1776178763.2468421,72.00082898139954,-4.794483759598256,-8.260573304825236,0.2,5.58766902849301,3.3204332934344944,0.8585149028798463,-0.013919149828259923,5.584888864898877,1776178763.245337,3.3204332934344944,0.8585149028798463,5.58766902849301,1776178763.244324,1776178763.1996698,0.9712456954002686
1776178763.4493504,72.2033371925354,-4.794483759598256,-8.260573304825236,0.2,5.585776870307119,3.3203122007745227,0.858616168532216,-0.013114763762677282,5.583675058115356,1776178763.4056,3.3203122007745227,0.858616168532216,5.585776870307119,1776178763.401592,1776178763.4056,0.9528526909666729
1776178763.6462457,72.40023255348206,-4.794483759598256,-8.260573304825236,0.2,5.579889732373101,3.319916563289177,0.8589496730277553,-0.013515732060407152,5.5769419856981575,1776178763.6236975,3.319916563289177,0.8589496730277553,5.579889732373101,1776178763.63822,1776178763.6236975,1.0373613525900753
1776178763.8485286,72.60251545906067,-4.794483759598256,-8.260573304825236,0.2,5.5752636907921875,3.3195858382599117,0.8592314372036178,-0.013409954623126248,5.573227079255484,1776178763.7755706,3.3195858382599117,0.8592314372036178,5.5752636907921875,1776178763.791088,1776178763.8383973,0.9914178641873774
1776178764.0466657,72.80065250396729,-4.794483759598256,-8.260573304825236,0.2,5.5723196556030175,3.319366377017518,0.8594198423510591,-0.012690346398923382,5.569559230293419,1776178763.9930923,3.319366377017518,0.8594198423510591,5.5723196556030175,1776178763.997087,1776178763.9765263,0.9017941662415725
1776178764.246205,73.00019192695618,-4.794483759598256,-8.260573304825236,0.2,5.567062095320648,3.318957262566111,0.8597739994750907,-0.016099798818599746,5.563358189339484,1776178764.2231514,3.318957262566111,0.8597739994750907,5.567062095320648,1776178764.221144,1776178764.2125986,0.9610493245008497
1776178764.447168,73.20115494728088,-4.794483759598256,-8.260573304825236,0.2,5.561593769893728,3.3185086441221823,0.860166582818909,-0.01285151713101993,5.558970693885982,1776178764.4272578,3.3185086441221823,0.860166582818909,5.561593769893728,1776178764.438131,1776178764.4272578,0.9694667522093167
1776178764.6484807,73.40246748924255,-4.794483759598256,-8.260573304825236,0.2,5.5573870588627585,3.318147711418883,0.8604855218172194,-0.013972533763307413,5.555262934605601,1776178764.5792792,3.3180553467623954,0.8605675712727097,5.556335340748471,1776178764.641418,1776178764.5792792,0.9004929836653862
1776178764.8465881,73.60057497024536,-4.794483759598256,-8.260573304825236,0.2,5.554231857160535,3.3178680769785083,0.8607344571241156,-0.012691708027410202,5.551438410137014,1776178764.7993793,3.3178680769785083,0.8607344571241156,5.554231857160535,1776178764.79838,1776178764.8144455,0.998264752357417
1776178765.046642,73.80062890052795,-4.794483759598256,-8.260573304825236,0.2,5.549393610979711,3.3174245972138467,0.8611324467471256,-0.013536227259384427,5.546250409900785,1776178765.031586,3.3173258527624108,0.8612215857995017,5.548341776214635,1776178765.046642,1776178765.031586,1.0856273714007412
1776178765.2477503,74.00173711776733,-4.794483759598256,-8.260573304825236,0.2,5.543923910989665,3.316902105749158,0.8616062314124736,-0.014493076139069184,5.541868199522647,1776178765.2497509,3.316902105749158,0.8616062314124736,5.543923910989665,1776178765.184536,1776178765.1734269,0.9416504435353448
1776178765.447157,74.20114374160767,-4.794483759598256,-8.260573304825236,0.2,5.5407681395589785,3.3165905824145483,0.8618911638712828,-0.014495520986889785,5.537654900816405,1776178765.4524584,3.3165905824145483,0.8618911638712828,5.5407681395589785,1776178765.409841,1776178765.4158573,1.0071204688862945
1776178765.6513479,74.40533471107483,-4.794483759598256,-8.260573304825236,0.2,5.535508247221232,3.3160551994632432,0.8623850127907434,-0.013334228663968804,5.532799331453754,1776178765.5913544,3.3160551994632432,0.8623850127907434,5.535508247221232,1776178765.621256,1776178765.6065276,1.0177143908971078
1776178765.8468168,74.60080361366272,-4.794483759598256,-8.260573304825236,0.2,5.530248027096944,3.315499870617664,0.8629026922819257,-0.014083075229440734,5.526992137906965,1776178765.822546,3.315499870617664,0.8629026922819257,5.530248027096944,1776178765.821506,1776178765.8075638,1.0800291224930703
1776178766.0467634,74.80075025558472,-4.794483759598256,-8.260573304825236,0.2,5.528143850713661,3.3152722259251637,0.8631164691030662,-0.014941252847062351,5.525845127102199,1776178765.9763968,3.3152722259251637,0.8631164691030662,5.528143850713661,1776178765.974395,1776178765.995593,1.030995790367123
1776178766.2470183,75.00100517272949,-4.794483759598256,-8.260573304825236,0.2,5.522462332101578,3.31464206194898,0.8637128975565254,-0.016377248472451672,5.518629060806776,1776178766.2104576,3.31464206194898,0.8637128975565254,5.522462332101578,1776178766.208462,1776178766.2255569,0.9917089666302094
1776178766.446955,75.20094180107117,-4.794483759598256,-8.260573304825236,0.2,5.516780473831139,3.313989564984592,0.8643375286914625,-0.012671279484732147,5.513999930766717,1776178766.4298942,3.313989564984592,0.8643375286914625,5.516780473831139,1776178766.437418,1776178766.4384198,1.0581161709550686
1776178766.64698,75.40096688270569,-4.794483759598256,-8.260573304825236,0.2,5.512571481028064,3.3134920773305954,0.8648184993623372,-0.010477607089029495,5.510933115884531,1776178766.5862625,3.3134920773305954,0.8648184993623372,5.512571481028064,1776178766.583264,1776178766.587264,0.942133856652879
1776178766.846452,75.6004388332367,-4.794483759598256,-8.260573304825236,0.2,5.509204163818911,3.313085539524336,0.8652145273110305,-0.012040752703447948,5.506625588403643,1776178766.8004165,3.313085539524336,0.8652145273110305,5.509204163818911,1776178766.804561,1776178766.8115635,0.9365890929611734
1776178767.0468051,75.80079197883606,-4.794483759598256,-8.260573304825236,0.2,5.503942520184547,3.312435333541492,0.8658534253376602,-0.013400593068878433,5.500876109068774,1776178767.029243,3.312435333541492,0.8658534253376602,5.503942520184547,1776178767.027254,1776178767.029243,1.0975696897933374
1776178767.2471619,76.00114870071411,-4.794483759598256,-8.260573304825236,0.2,5.498470149845728,3.3117400409461464,0.8665440002682004,-0.013313116821070437,5.4955956042602585,1776178767.2451613,3.3117400409461464,0.8665440002682004,5.498470149845728,1776178767.243161,1776178767.2451613,0.9159167737482656
1776178767.4472842,76.2012710571289,-4.794483759598256,-8.260573304825236,0.2,5.4938394842521765,3.3111367971327503,0.8671492293103475,-0.013043047616509448,5.491216224287244,1776178767.4462845,3.3111367971327503,0.8671492293103475,5.4938394842521765,1776178767.396541,1776178767.3985395,0.9760236486827935
1776178767.646719,76.40070581436157,-4.794483759598256,-8.260573304825236,0.2,5.490892606043289,3.310745905906087,0.8675443850483824,-0.011226334993081396,5.489137797969809,1776178767.6025963,3.310745905906087,0.8675443850483824,5.490892606043289,1776178767.615478,1776178767.645713,0.9194180017515744
1776178767.8467095,76.60069632530212,-4.794483759598256,-8.260573304825236,0.2,5.485419651683935,3.3100057342829543,0.8682989738513737,-0.012737626556694305,5.482904808741226,1776178767.8000305,3.3100057342829543,0.8682989738513737,5.485419651683935,1776178767.831139,1776178767.847731,0.9798854757415751
1776178768.0493073,76.80329418182373,-4.794483759598256,-8.260573304825236,0.2,5.481209533059209,3.3094239821054234,0.8688978228993642,-0.012939336336491292,5.478786930541203,1776178767.9872582,3.309247385045593,0.8690806054321562,5.4799464722552695,1776178768.046791,1776178768.0513022,0.9933880740391491
1776178768.2500281,77.00401496887207,-4.794483759598256,-8.260573304825236,0.2,5.476157221942032,3.3087119268126437,0.8696376338058647,-0.08387648796752396,5.45800267807777,1776178768.203702,3.3087119268126437,0.8696376338058647,5.476157221942032,1776178768.205705,1776178768.1911685,0.9234738653806395
1776178768.4486518,77.20263862609863,-4.794483759598256,-8.260573304825236,0.2,5.472578394418037,3.3081984999629515,0.8701756960377331,-0.013043468021183478,5.469936493692852,1776178768.4062479,3.3081984999629515,0.8701756960377331,5.472578394418037,1776178768.419026,1776178768.3901088,0.9644648027256405
1776178768.646355,77.40034174919128,-4.794483759598256,-8.260573304825236,0.2,5.467104728802032,3.307399009719266,0.8710211886006552,-0.010573582663471566,5.464935050262782,1776178768.611446,3.307399009719266,0.8710211886006552,5.467104728802032,1776178768.63577,1776178768.611446,0.919591897507897
1776178768.8504055,77.60439229011536,-4.794483759598256,-8.260573304825236,0.2,5.462473016324099,3.306709311275253,0.8717579883783504,-0.013506235346872475,5.4596250881301485,1776178768.8223062,3.306709311275253,0.8717579883783504,5.462473016324099,1776178768.790155,1776178768.8233097,0.9926497304088954
1776178769.0470874,77.80107426643372,-4.794483759598256,-8.260573304825236,0.2,5.459314955183546,3.3062322502859405,0.8722716195917949,-0.2094584000561973,5.41307274899934,1776178769.0430765,3.3062322502859405,0.8722716195917949,5.459314955183546,1776178769.022517,1776178769.0245204,0.9829419972963773
1776178769.2470539,78.00104069709778,-4.794483759598256,-8.260573304825236,0.2,5.454683025722522,3.30552274762116,0.8730415096151344,-0.012512972312842026,5.452779601672188,1776178769.1951926,3.30552274762116,0.8730415096151344,5.454683025722522,1776178769.175366,1776178769.2394905,0.9064159261099091
1776178769.446805,78.20079183578491,-4.794483759598256,-8.260573304825236,0.2,5.449419321786496,3.3047025999402067,0.8739403495154747,-0.014507758508797822,5.446265904734697,1776178769.4125533,3.3047025999402067,0.8739403495154747,5.449419321786496,1776178769.395527,1776178769.3799715,1.088872036862583
1776178769.6464424,78.40042924880981,-4.794483759598256,-8.260573304825236,0.2,5.443944910541404,3.303834326873997,0.8749022553462911,-0.12600001168180455,5.420685173754346,1776178769.5971544,3.303834326873997,0.8749022553462911,5.443944910541404,1776178769.611192,1776178769.6131995,0.9408888779259692
1776178769.8469157,78.60090255737305,-4.794483759598256,-8.260573304825236,0.2,5.4409970861552495,3.3033604615562813,0.8754316784784779,-0.014407081510902035,5.437651794078157,1776178769.8293521,3.3033604615562813,0.8754316784784779,5.4409970861552495,1776178769.827351,1776178769.8147364,1.0062768808173508
1776178770.0475507,78.80153751373291,-4.794483759598256,-8.260573304825236,0.2,5.436364703021945,3.302607042582671,0.8762798859418581,-0.013098824099663205,5.434112262070767,1776178770.0013096,3.3024689208753517,0.8764362425634609,5.435522440320844,1776178770.04755,1776178770.0314898,0.9243373486586456
1776178770.2491548,79.00314164161682,-4.794483759598256,-8.260573304825236,0.2,5.431311076514881,3.301773150359675,0.8772279008461819,-0.011982689160344458,5.428878684070104,1776178770.2043018,3.301773150359675,0.8772279008461819,5.431311076514881,1776178770.185733,1776178770.187725,1.0943604893638912
1776178770.446757,79.20074391365051,-4.794483759598256,-8.260573304825236,0.2,5.427731353059476,3.3011750783424563,0.8779137637482994,-0.07196348764935391,5.412954102564112,1776178770.4096456,3.3011750783424563,0.8779137637482994,5.427731353059476,1776178770.411151,1776178770.4096456,0.9275584444942941
1776178770.647129,79.40111589431763,-4.794483759598256,-8.260573304825236,0.2,5.423519840838543,3.300463779927566,0.8787359199641281,-0.014424055343553106,5.420434864253437,1776178770.6235228,3.300463779927566,0.8787359199641281,5.423519840838543,1776178770.576184,1776178770.6235228,0.9890235814630016
1776178770.846502,79.6004889011383,-4.794483759598256,-8.260573304825236,0.2,5.418044761812888,3.2995269577736943,0.8798294155754167,-0.013645103224578346,5.415310164453469,1776178770.8239315,3.2995269577736943,0.8798294155754167,5.418044761812888,1776178770.79542,1776178770.777397,0.944777320621685
1776178771.0463247,79.80031156539917,-4.794483759598256,-8.260573304825236,0.2,5.412358973594486,3.2985399818213663,0.8809945510046179,-0.014919277412143186,5.409317859841709,1776178771.0277693,3.2985399818213663,0.8809945510046179,5.412358973594486,1776178771.025769,1776178771.0005975,0.9229772965862874
1776178771.2539322,80.00791907310486,-4.794483759598256,-8.260573304825236,0.2,5.410253094008859,3.298170872311753,0.8814337388435379,-0.017783229613077812,5.406481435846601,1776178771.23986,3.298170872311753,0.8814337388435379,5.410253094008859,1776178771.18295,1776178771.1533732,0.9037509472519801
1776178771.446422,80.20040893554688,-4.794483759598256,-8.260573304825236,0.2,5.404777729080417,3.297202398953018,0.8825950110863753,-0.013186804394138298,5.402174492322667,1776178771.4372723,3.297202398953018,0.8825950110863753,5.404777729080417,1776178771.420301,1776178771.4372723,0.9189682419601264
1776178771.647018,80.40100479125977,-4.794483759598256,-8.260573304825236,0.2,5.400355239615205,3.296411117389617,0.8835534141627943,-0.013996063095809835,5.398212982744309,1776178771.5903337,3.296411117389617,0.8835534141627943,5.400355239615205,1776178771.574284,1776178771.63745,0.9081099845623387
1776178771.8476467,80.60163354873657,-4.794483759598256,-8.260573304825236,0.2,5.397196276847961,3.29584109095122,0.8842491835890377,-0.014595403491291023,5.394282909310563,1776178771.7899423,3.29584109095122,0.8842491835890377,5.397196276847961,1776178771.791446,1776178771.7899423,1.0177699978091066
1776178772.047381,80.80136775970459,-4.794483759598256,-8.260573304825236,0.2,5.391720662209113,3.294843772002041,0.8854772939321842,-0.013957283814897874,5.388911035670865,1776178771.991244,3.294843772002041,0.8854772939321842,5.391720662209113,1776178772.035828,1776178772.0057824,0.9407756330349443
1776178772.25239,81.00637674331665,-4.794483759598256,-8.260573304825236,0.2,5.387297979911051,3.294029893159328,0.8864897058770855,-0.01311122669067978,5.384676459170452,1776178772.2543876,3.294029893159328,0.8864897058770855,5.387297979911051,1776178772.189683,1776178772.2102137,0.9138799483983
1776178772.4464054,81.20039224624634,-4.794483759598256,-8.260573304825236,0.2,5.381611585817946,3.2929728775674074,0.8878182691282412,-0.01313522014515942,5.378957693265452,1776178772.3932328,3.2929728775674074,0.8878182691282412,5.381611585817946,1776178772.42331,1776178772.4087734,0.991515972012796
1776178772.6469321,81.40091896057129,-4.794483759598256,-8.260573304825236,0.2,5.379505489642784,3.2925784462144168,0.8883180065167022,-0.012124956656810095,5.37700050888393,1776178772.59983,3.2925784462144168,0.8883180065167022,5.379505489642784,1776178772.577459,1776178772.6100886,1.074073337895955
1776178772.8470535,81.60104036331177,-4.794483759598256,-8.260573304825236,0.2,5.373818967007545,3.2915057772274503,0.8896880215380832,-0.013977725489802782,5.3704405083559665,1776178772.841533,3.2915057772274503,0.8896880215380832,5.373818967007545,1776178772.808693,1776178772.841533,1.0902067136149847
1776178773.047287,81.80127382278442,-4.794483759598256,-8.260573304825236,0.2,5.368342972877651,3.290462541847372,0.8910358724416582,-0.014466398561334156,5.3654535554207445,1776178773.041266,3.290462541847372,0.8910358724416582,5.368342972877651,1776178773.025195,1776178773.041266,0.9008250179731397
1776178773.2470193,82.00100612640381,-4.794483759598256,-8.260573304825236,0.2,5.365604946377191,3.2899372645022913,0.8917203072217009,-0.32501826022228747,5.318846159109084,1776178773.185131,3.2894096146465905,0.892411744888316,5.362866900893165,1776178773.242004,1776178773.1829782,0.994888291742946
1776178773.4477005,82.20168733596802,-4.794483759598256,-8.260573304825236,0.2,5.360760699434226,3.2890021473882136,0.8929483834486117,-0.013425644597202812,5.357700981847842,1776178773.413032,3.2890021473882136,0.8929483834486117,5.360760699434226,1776178773.396575,1776178773.4005797,0.953903548789332
1776178773.6467392,82.4007260799408,-4.794483759598256,-8.260573304825236,0.2,5.355284525836746,3.287936466783723,0.8943630170584315,-0.012327221216399786,5.352766028420491,1776178773.6173358,3.287936466783723,0.8943630170584315,5.355284525836746,1776178773.628656,1776178773.6173358,0.909059235446622
1776178773.8468595,82.60084629058838,-4.794483759598256,-8.260573304825236,0.2,5.350861411896336,3.287069332637496,0.8955260181924485,-0.013650403878257807,5.348804717858023,1776178773.8488655,3.287069332637496,0.8955260181924485,5.350861411896336,1776178773.781568,1776178773.834611,1.0750298741695696
1776178774.0486171,82.80260396003723,-4.794483759598256,-8.260573304825236,0.2,5.348123271912055,3.286529774065254,0.8962551036496611,-0.01382783227803075,5.34510562724529,1776178773.9862347,3.286529774065254,0.8962551036496611,5.348123271912055,1776178773.984235,1776178773.9862347,1.0202155171294995
1776178774.2468746,83.0008614063263,-4.794483759598256,-8.260573304825236,0.2,5.3424363144781735,3.2854026568370043,0.8977916476716689,-0.01396659115639698,5.339434494216861,1776178774.2011633,3.2854026568370043,0.8977916476716689,5.3424363144781735,1776178774.215258,1776178774.2011633,1.0244342030876965
1776178774.447082,83.20106887817383,-4.794483759598256,-8.260573304825236,0.2,5.336959922313869,3.2843093433829273,0.8992996841908071,-0.013300005044980205,5.333845248209317,1776178774.4353492,3.2843093433829273,0.8992996841908071,5.336959922313869,1776178774.434358,1776178774.4220362,1.0534615408490808
1776178774.6464038,83.400390625,-4.794483759598256,-8.260573304825236,0.2,5.333379172508389,3.2835904666168747,0.9003007506987022,-0.013360070281808646,5.330896332127093,1776178774.6211896,3.2835904666168747,0.9003007506987022,5.333379172508389,1776178774.588205,1776178774.5751414,1.0701060945807273
1776178774.8463993,83.60038614273071,-4.794483759598256,-8.260573304825236,0.2,5.329587763956988,3.2828259861752342,0.9013736480999509,-0.012435644459487326,5.327261346263135,1776178774.8082662,3.2828259861752342,0.9013736480999509,5.329587763956988,1776178774.790327,1776178774.792621,1.077171757633021
1776178775.0466454,83.80063223838806,-4.794483759598256,-8.260573304825236,0.2,5.323900602174229,3.2816731545094013,0.9030079170156451,-0.013423190094540884,5.32096681720901,1776178775.026827,3.2816731545094013,0.9030079170156451,5.323900602174229,1776178775.024314,1776178775.0278268,0.906600912868375
1776178775.2477403,84.00172710418701,-4.794483759598256,-8.260573304825236,0.2,5.3192665768758856,3.2807286616490132,0.9043616129466747,-0.012772068559083832,5.316489900820057,1776178775.2442293,3.2807286616490132,0.9043616129466747,5.3192665768758856,1776178775.180069,1776178775.2442293,0.9702750471082981
1776178775.4465404,84.20052719116211,-4.794483759598256,-8.260573304825236,0.2,5.316106993599853,3.280082172744503,0.9052959270080966,-0.01292571645403972,5.313917978470851,1776178775.4135828,3.280082172744503,0.9052959270080966,5.316106993599853,1776178775.412583,1776178775.4135828,1.0588240862476628
1776178775.6467402,84.40072703361511,-4.794483759598256,-8.260573304825236,0.2,5.311262268059636,3.2790871244855246,0.9067463633681576,-0.013088966235607864,5.309232667297885,1776178775.6515815,3.2790871244855246,0.9067463633681576,5.311262268059636,1776178775.582762,1776178775.5847638,1.0619337018320798
1776178775.8465383,84.60052514076233,-4.794483759598256,-8.260573304825236,0.2,5.3055749353372335,3.277913538335803,0.9084765133003508,-0.012937279132131226,5.302566662235891,1776178775.8011723,3.277913538335803,0.9084765133003508,5.3055749353372335,1776178775.8127,1776178775.8011723,0.9513701971922369
1776178776.0468261,84.80081295967102,-4.794483759598256,-8.260573304825236,0.2,5.300098199616785,3.2767782111601593,0.9101705363466573,-0.013056626034242411,5.297913583456048,1776178776.0478325,3.2767782111601593,0.9101705363466573,5.300098199616785,1776178776.029972,1776178776.0149195,0.9748052577183715
1776178776.2504613,85.0044481754303,-4.794483759598256,-8.260573304825236,0.2,5.297991751520688,3.276340271281759,0.9108293678638313,-0.013498587120391078,5.29504960108057,1776178776.2581403,3.276340271281759,0.9108293678638313,5.297991751520688,1776178776.184483,1776178776.2519662,0.9949888458591695
1776178776.4478593,85.2018461227417,-4.794483759598256,-8.260573304825236,0.2,5.2923043115878325,3.2751545284133363,0.9126283727821186,-0.013138366936615806,5.289654813928801,1776178776.3881118,3.2751545284133363,0.9126283727821186,5.2923043115878325,1776178776.417445,1776178776.4033678,0.9727467481717502
1776178776.6505337,85.4045205116272,-4.794483759598256,-8.260573304825236,0.2,5.287459422024107,3.274140902681668,0.9141840036442493,-0.013440260470356865,5.2841209385930785,1776178776.636506,3.274140902681668,0.9141840036442493,5.287459422024107,1776178776.589188,1776178776.6198337,1.0366041761423457
1776178776.8494618,85.60344862937927,-4.794483759598256,-8.260573304825236,0.2,5.284720993156229,3.273566648923573,0.9150726649241925,-0.013895174799613105,5.282611614011577,1776178776.7883127,3.273566648923573,0.9150726649241925,5.284720993156229,1776178776.786311,1776178776.8555224,1.0873482068515237
1776178777.0469832,85.80097007751465,-4.794483759598256,-8.260573304825236,0.2,5.27903345816336,3.2723711386677548,0.9169399529739107,-0.013995856604219132,5.2760425528328225,1776178777.002012,3.2723711386677548,0.9169399529739107,5.27903345816336,1776178777.015621,1776178777.002012,1.0743516787158887
1776178777.2474387,86.00142550468445,-4.794483759598256,-8.260573304825236,0.2,5.273767188698902,3.2712610896418473,0.9186948461756211,-0.013627239468607041,5.270812634583072,1776178777.2188244,3.2712610896418473,0.9186948461756211,5.273767188698902,1776178777.234387,1776178777.1753452,0.9450878463838001
1776178777.447822,86.20180892944336,-4.794483759598256,-8.260573304825236,0.2,5.268922193782632,3.2702375192740325,0.9203312752019763,-0.013956008010226529,5.265901489386392,1776178777.435269,3.2702375192740325,0.9203312752019763,5.268922193782632,1776178777.404153,1776178777.389599,1.0654703279001863
1776178777.646636,86.40062284469604,-4.794483759598256,-8.260573304825236,0.2,5.265762401093477,3.269568903765103,0.9214097934269393,-0.01400071976389594,5.262915617494005,1776178777.6386003,3.269568903765103,0.9214097934269393,5.265762401093477,1776178777.635593,1776178777.6065207,0.9207748468980222
1776178777.8489234,86.60291028022766,8.260573304825236,4.794483759598256,0.2,5.261128020069233,3.2685869175189115,0.9230076762865097,-0.012316828812320298,5.25903597889915,1776178777.8084526,3.2685869175189115,0.9230076762865097,5.261128020069233,1776178777.790349,1776178777.7833705,0.9573949540949336
1776178778.0464442,86.8004310131073,-4.794483759598256,-8.260573304825236,0.2,5.255659096419595,3.2673797553511124,0.9249946044420366,-0.011351318900651072,5.25315717534562,1776178778.0288606,3.2673797553511124,0.9249946044420366,5.255659096419595,1776178778.02686,1776178777.9967818,0.9960516094261466
1776178778.2461495,87.00013637542725,8.260573304825236,4.794483759598256,0.2,5.253746828091479,3.2669320484596263,0.9257375896168795,-0.023077800088067296,5.2491570501716,1776178778.2277434,3.2659179268341885,0.927367187934436,5.249806940508247,1776178778.246149,1776178778.2171896,0.9182327401592326
1776178778.4473217,87.20130848884583,-4.794483759598256,-8.260573304825236,0.2,5.245638013277783,3.264819830408005,0.9291086237080031,-0.021847508929524726,5.240928440127241,1776178778.443309,3.264819830408005,0.9291086237080031,5.245638013277783,1776178778.397609,1776178778.443309,1.0470657230618592
1776178778.6468723,87.40085911750793,8.260573304825236,4.794483759598256,0.2,5.238605482980422,3.2629162447666022,0.9320878256218296,-0.020878417334623443,5.235676210420861,1776178778.5836105,3.2623867751348543,0.9329073802731682,5.236654953280742,1776178778.64339,1776178778.5836105,1.0950684157460338
1776178778.846491,87.60047793388367,-4.794483759598256,-8.260573304825236,0.2,5.2330743645792355,3.2614076746408545,0.9345878297111434,-0.11984472217608759,5.206733180950538,1776178778.8034048,3.2614076746408545,0.9345878297111434,5.2330743645792355,1776178778.786859,1776178778.7843525,0.927794687030401
1776178779.0470579,87.80104470252991,-4.794483759598256,-8.260573304825236,0.2,5.22781170116377,3.2599345775694037,0.9383169621702904,-0.009678647295176888,5.2254778047694765,1776178779.0445435,3.2599345775694037,0.9383169621702904,5.22781170116377,1776178779.027479,1776178779.0294678,0.9778475091533438
1776178779.2841458,88.0381326675415,-4.794483759598256,-8.260573304825236,0.2,5.22529938947451,3.2592683143935184,0.9418130250671508,-0.004875480691419294,5.224604423452615,1776178779.2866573,3.2592683143935184,0.9418130250671508,5.22529938947451,1776178779.185084,1776178779.1870866,1.0084103925774757
1776178779.446695,88.20068192481995,-4.794483759598256,-8.260573304825236,0.2,5.2307880836089184,3.26103920829262,0.9358098197188268,-0.010512485466007086,5.228306595020991,1776178779.4231381,3.26103920829262,0.9358098197188268,5.2307880836089184,1776178779.36335,1776178779.436677,1.085586885802763
1776178779.6471791,88.40116596221924,-4.794483759598256,-8.260573304825236,0.2,5.22741175125036,3.2601351744833584,0.9374019270460361,-0.010395498529087685,5.225496245598958,1776178779.6074011,3.2601351744833584,0.9374019270460361,5.22741175125036,1776178779.606397,1776178779.5760157,0.9385766277964139
1776178779.8463411,88.60032796859741,-4.794483759598256,-8.260573304825236,0.2,5.223661635391747,3.259140177508944,0.939169735964419,-0.01261582881500899,5.221501582451049,1776178779.7786188,3.259140177508944,0.939169735964419,5.223661635391747,1776178779.775613,1776178779.8463411,0.9069180137254949
1776178780.0468287,88.80081558227539,-4.794483759598256,-8.260573304825236,0.2,5.219182880237495,3.257963386925326,0.9412809824283711,-0.011411365813694415,5.216903969293106,1776178779.9783242,3.257963386925326,0.9412809824283711,5.219182880237495,1776178779.991369,1776178779.9944222,0.9309249977797942
1776178780.246587,89.0005738735199,-4.794483759598256,-8.260573304825236,0.2,5.2146557547945065,3.25678600829851,0.9434160129983317,-0.011178934109384413,5.212233076351405,1776178780.1950424,3.25678600829851,0.9434160129983317,5.2146557547945065,1776178780.223378,1776178780.2253838,0.986647456517554
1776178780.446909,89.2008957862854,-4.794483759598256,-8.260573304825236,0.2,5.210082599897372,3.2556084305753332,0.9455747454770067,-0.08706484840379548,5.189385771368815,1776178780.4327598,3.2556084305753332,0.9455747454770067,5.210082599897372,1776178780.440292,1776178780.4287243,1.0765397786926056
1776178780.6476045,89.40159130096436,-4.794483759598256,-8.260573304825236,0.2,5.208311912566044,3.255155544204275,0.9464113183676712,-0.011042128496286236,5.206636015863654,1776178780.5845327,3.255155544204275,0.9464113183676712,5.208311912566044,1776178780.596086,1776178780.6273968,1.0014505736867
1776178780.8465912,89.60057806968689,-4.794483759598256,-8.260573304825236,0.2,5.203857646516764,3.2540235875216186,0.948517986342097,-0.01426134208772538,5.2005734165598465,1776178780.8148217,3.2540235875216186,0.948517986342097,5.203857646516764,1776178780.811804,1776178780.834367,0.9543250674502708
1776178781.0468316,89.80081844329834,-4.794483759598256,-8.260573304825236,0.2,5.199185042531512,3.2528470298697734,0.9507319107683391,-0.011919409595506166,5.196563101729292,1776178781.034794,3.2528470298697734,0.9507319107683391,5.199185042531512,1776178781.03111,1776178781.048836,1.079083682157126
1776178781.2491035,90.00309038162231,-4.794483759598256,-8.260573304825236,0.2,5.197196317595464,3.252349551338017,0.9516755911353522,-0.012846896062026793,5.195043077811745,1776178781.2024019,3.252349551338017,0.9516755911353522,5.197196317595464,1776178781.200246,1776178781.1871622,0.9922040490378894
1776178781.4469614,90.2009482383728,-4.794483759598256,-8.260573304825236,0.2,5.1924687890116505,3.2511747165552887,0.9539225775393138,-0.016557099241159848,5.188610676318711,1776178781.4354205,3.2511747165552887,0.9539225775393138,5.1924687890116505,1776178781.433402,1776178781.405308,1.0559102577566024
1776178781.6467865,90.40077328681946,-4.794483759598256,-8.260573304825236,0.2,5.1888073122967135,3.2502695192814803,0.9556660658913864,-0.010378551962587152,5.187323039490941,1776178781.6573157,3.250044601074531,0.9561071913276872,5.187888591478283,1776178781.652302,1776178781.6081042,1.054076320745299
1776178781.8470104,90.60099720954895,-4.794483759598256,-8.260573304825236,0.2,5.183831770710591,3.2490479404500845,0.9580447462531736,-0.015358296913669741,5.180482842757849,1776178781.7964873,3.2490479404500845,0.9580447462531736,5.183831770710591,1776178781.807347,1776178781.8245428,1.0026115579131454
1776178782.0470371,90.80102396011353,-4.794483759598256,-8.260573304825236,0.2,5.181051994544279,3.2483709635640885,0.9593768757265584,-0.011518982930434022,5.1787402934437194,1776178781.9971735,3.2483709635640885,0.9593768757265584,5.181051994544279,1776178782.040015,1776178782.043531,1.0807156404074996
1776178782.2463074,91.00029420852661,-4.794483759598256,-8.260573304825236,0.2,5.176955653400595,3.247379940827228,0.9613438565593527,-0.01330092254117365,5.174130325521151,1776178782.2095895,3.247379940827228,0.9613438565593527,5.176955653400595,1776178782.194534,1776178782.1955373,1.061205537752483
1776178782.4467907,91.20077753067017,-4.794483759598256,-8.260573304825236,0.2,5.171710172183661,3.24612063659964,0.9638708934240059,-0.012745761580358344,5.169073194139033,1776178782.41648,3.24612063659964,0.9638708934240059,5.171710172183661,1776178782.443287,1776178782.4287088,1.0359400340778375
1776178782.6465225,91.40050935745239,-4.794483759598256,-8.260573304825236,0.2,5.169828449549304,3.245671762418496,0.9647798120135315,-0.01213604328502748,5.167061001457806,1776178782.6445155,3.245671762418496,0.9647798120135315,5.169828449549304,1776178782.595717,1776178782.6445155,1.0856534819248869
1776178782.8469737,91.60096049308777,-4.794483759598256,-8.260573304825236,0.2,5.164916256527622,3.244507045439064,0.9671587073508524,-0.011368205895886578,5.163157112161823,1776178782.799258,3.244507045439064,0.9671587073508524,5.164916256527622,1776178782.812368,1776178782.799258,1.0747999256343783
1776178783.0468416,91.80082845687866,-4.794483759598256,-8.260573304825236,0.2,5.159976686407741,3.243346001305236,0.9695601858750662,-0.011843738174518904,5.157237462771692,1776178783.0305383,3.243346001305236,0.9695601858750662,5.159976686407741,1776178783.042592,1776178783.0305383,0.9191194497045768
1776178783.2466304,92.0006172657013,8.260573304825236,4.794483759598256,0.2,5.155967955454225,3.2424111479708695,0.9715162339187347,-0.011235918812714104,5.154251893707687,1776178783.1832683,3.2424111479708695,0.9715162339187347,5.155967955454225,1776178783.181445,1776178783.1968627,1.0244069039339951
1776178783.4468238,92.20081067085266,-4.794483759598256,-8.260573304825236,0.2,5.1522305216242845,3.2415233637571537,0.9733926546470086,-0.012251127367556285,5.149594786516644,1776178783.3984106,3.2415233637571537,0.9733926546470086,5.1522305216242845,1776178783.422782,1776178783.4197469,0.9227696971173404
1776178783.6473806,92.40136742591858,-4.794483759598256,-8.260573304825236,0.2,5.149259327082712,3.240770533179229,0.9749977612370855,-0.010188401722644623,5.14702459974373,1776178783.617751,3.240770533179229,0.9749977612370855,5.149259327082712,1776178783.569904,1776178783.5724232,1.0478770189297255
1776178783.8486106,92.60259747505188,-4.794483759598256,-8.260573304825236,0.2,5.1447311297052,3.2396221457851753,0.9774703430198449,-0.010754095774858507,5.1428834156159065,1776178783.7895658,3.2396221457851753,0.9774703430198449,5.1447311297052,1776178783.803592,1776178783.8055978,1.0045464755239113
1776178784.0465913,92.8005781173706,-4.794483759598256,-8.260573304825236,0.2,5.139980140483706,3.238433754963799,0.9800605789046196,-0.010690959994554395,5.137406828892609,1776178784.0302656,3.238433754963799,0.9800605789046196,5.139980140483706,1776178784.035554,1776178784.038065,1.0597288085061851
1776178784.2472465,93.00123333930969,-4.794483759598256,-8.260573304825236,0.2,5.13820843631877,3.2379947670183498,0.9810257317495872,-0.010847079485414132,5.136549700840276,1776178784.2512631,3.2379947670183498,0.9810257317495872,5.13820843631877,1776178784.190195,1776178784.1923397,1.0490295655320163
