epoch [s],elapsed [s],x [m],y [m],z [m],roll [deg],pitch [deg],yaw [deg],broadcast
1776076254.954108,0.1056373119354248,0.2,1.0,0.07330880833333334,0.0,0.0,0.0,True
1776076255.015065,0.1665942668914795,0.2,1.0,0.07330880833333334,0.0,0.0,0.0,True
1776076255.092532,0.24406123161315918,0.2,1.0,0.07330880833333334,0.0,0.0,0.0,True
1776076255.16928,0.32080936431884766,0.2,1.0,0.07330880833333334,0.0,0.0,0.0,True
1776076255.246752,0.3982813358306885,0.2,1.0,0.07330880833333334,0.0,0.0,0.0,True
1776076255.32444,0.4759693145751953,0.2,1.0,0.07330880833333334,0.0,0.0,0.0,True
1776076255.386999,0.5385282039642334,0.2,1.0,0.07330880833333334,0.0,0.0,0.0,True
1776076255.448736,0.6002652645111084,0.2,1.0,0.07330880833333334,0.0,0.0,0.0,True
1776076255.526898,0.6784272193908691,0.2,1.0,0.07330880833333334,0.0,0.0,0.0,True
1776076255.60492,0.7564492225646973,0.2,1.0,0.07330880833333334,0.0,0.0,0.0,True
1776076255.680937,0.8324663639068604,0.2,1.0,0.07330880833333334,0.0,0.0,0.0,True
1776076255.74453,0.8960592746734619,0.2,1.0,0.07330880833333334,0.0,0.0,0.0,True
1776076255.821966,0.9734952449798584,0.2,1.0,0.07330880833333334,0.0,0.0,0.0,True
1776076255.901825,1.053354263305664,0.2,1.0,0.07330880833333334,0.0,0.0,0.0,True
1776076255.976033,1.1275622844696045,0.2,1.0,0.07330880833333334,0.0,0.0,0.0,True
1776076256.054018,1.2055473327636719,0.2,1.0,0.07330880833333334,0.0,0.0,0.0,True
1776076256.134291,1.2858202457427979,0.2,1.0,0.07330880833333334,0.0,0.0,0.0,True
1776076256.210986,1.3625152111053467,0.2,1.0,0.07330880833333334,0.0,0.0,0.0,True
1776076256.288195,1.4397242069244385,0.2,1.0,0.07330880833333334,0.0,0.0,0.0,True
1776076256.366144,1.5176732540130615,0.2,1.0,0.07330880833333334,0.0,0.0,0.0,True
1776076256.442779,1.5943083763122559,0.2,1.0,0.07330880833333334,0.0,0.0,0.0,True
1776076256.519742,1.6712713241577148,0.2,1.0,0.07330880833333334,0.0,0.0,0.0,True
1776076256.583399,1.7349283695220947,0.2,1.0,0.07330880833333334,0.0,0.0,0.0,True
1776076256.662198,1.8137273788452148,0.2,1.0,0.07330880833333334,0.0,0.0,0.0,True
1776076256.738383,1.8899123668670654,0.2,1.0,0.07330880833333334,0.0,0.0,0.0,True
1776076256.817752,1.9692811965942383,0.2,1.0,0.07330880833333334,0.0,0.0,0.0,True
1776076256.885281,2.0368103981018066,0.2,1.0,0.07330880833333334,0.0,0.0,0.0,True
1776076257.037922,2.189451217651367,0.2,1.0,0.07330880833333334,0.0,0.0,0.0,True
1776076257.162351,2.313880205154419,0.2,1.0,0.07330880833333334,0.0,0.0,0.0,True
1776076257.239048,2.3905773162841797,0.2,1.0,0.07330880833333334,0.0,0.0,0.0,True
1776076257.318969,2.4704983234405518,0.2,1.0,0.07330880833333334,0.0,0.0,0.0,True
1776076257.39178,2.543309211730957,0.20000813132234757,0.9999999999999869,0.07330880833333155,0.0,0.0,0.0,True
1776076257.467786,2.6193153858184814,0.20008878977485126,0.9999999999998571,0.07330880833331473,0.0,0.0,0.0,True
1776076257.544661,2.696190357208252,0.2001403521609648,0.9999999999997741,0.07330880833327749,0.0,0.0,0.0,True
1776076257.626206,2.7777352333068848,0.20022325054180368,0.9999999999996406,0.07330880833321107,0.0,0.0,0.0,True
1776076257.702968,2.854497194290161,0.20043232797557042,0.9999999999993042,0.07330880833295317,0.0,0.0,0.0,True
1776076257.77782,2.929349422454834,0.20108589211752448,0.9999999999982521,0.07330880833195101,0.0,0.0,359.99999989228115,True
1776076257.853822,3.0053513050079346,0.20144420165311963,0.9999999999976753,0.07330880833140013,0.0,0.0,359.99999990888534,True
1776076257.916082,3.0676112174987793,0.20177355799921323,0.9999999999971452,0.07330880833089368,0.0,0.0,359.99999991888166,True
1776076258.007842,3.1593713760375977,0.20276274925293938,0.9999999999955528,0.07330880832937356,0.0,0.0,359.9999999099412,True
1776076258.071943,3.2234723567962646,0.2042615245049195,0.99999999999314,0.07330880832707609,0.0,0.0,359.9999999122532,True
1776076258.148865,3.300394296646118,0.20498603068043192,0.9999999999919738,0.07330880832596857,0.0,0.0,359.9999999066073,True
1776076258.227222,3.378751277923584,0.20576917336682282,0.9999999999907131,0.07330880832477392,0.0,0.0,359.99999990314495,True
1776076258.304224,3.4557533264160156,0.20696379694482092,0.99999999998879,0.07330880832295666,0.0,0.0,359.9999999036391,True
1776076258.381895,3.5334243774414062,0.20969512967561596,0.9999999999843932,0.07330880831882594,0.0,0.0,359.9999999058996,True
1776076258.446125,3.597654342651367,0.21055884875264969,0.9999999999830027,0.07330880831752683,0.0,0.0,359.9999999098503,True
1776076258.522226,3.673755407333374,0.21169031088178986,0.9999999999811814,0.07330880831583023,0.0,0.0,359.9999999091351,True
1776076258.584052,3.735581398010254,0.21542803488832907,0.9999999999751648,0.07330880831026804,0.0,0.0,359.99999990860346,True
1776076258.645068,3.7965972423553467,0.21651117868435138,0.9999999999734211,0.07330880830866837,0.0,0.0,359.9999999080087,True
1776076258.72413,3.875659227371216,0.21791592412151556,0.9999999999711598,0.07330880830660193,0.0,0.0,359.99999990830105,True
1776076258.801046,3.952575206756592,0.2193768902913551,0.999999999968808,0.07330880830446256,0.0,0.0,359.99999990866786,True
1776076258.879566,4.031095266342163,0.22442661802278174,0.999999999960679,0.07330880829714435,0.0,0.0,359.9999999081912,True
1776076258.957947,4.109476327896118,0.22612069245789015,0.999999999957952,0.07330880829471567,0.0,0.0,359.99999990656517,True
1776076259.065801,4.21733021736145,0.22858428518101365,0.9999999999539861,0.07330880829120731,0.0,0.0,359.9999999084362,True
1776076259.143279,4.294808387756348,0.23500860194195827,0.9999999999436446,0.07330880828218847,0.0,0.0,359.9999999079426,True
1776076259.220637,4.372166395187378,0.23701568065009898,0.9999999999404137,0.07330880827940894,0.0,0.0,359.99999990708585,True
1776076259.315192,4.466721296310425,0.239493873682306,0.9999999999364243,0.07330880827600181,0.0,0.0,359.9999999068342,True
1776076259.378262,4.529791355133057,0.24512131007952237,0.9999999999273654,0.0733088082683657,0.0,0.0,359.9999999070067,True
1776076259.454697,4.606226205825806,0.24875761970364185,0.9999999999215119,0.073308808263505,0.0,0.0,359.9999999077752,True
1776076259.532816,4.684345245361328,0.25109650315705556,0.9999999999177468,0.07330880826040874,0.0,0.0,359.9999999073478,True
1776076259.59432,4.745849370956421,0.2530039542496507,0.9999999999146763,0.07330880825790098,0.0,0.0,359.9999999077407,True
1776076259.659136,4.8106653690338135,0.25891802910328804,0.999999999905156,0.07330880825022362,0.0,0.0,359.9999999078162,True
1776076259.735213,4.886742353439331,0.2635397859450576,0.999999999897716,0.07330880824432577,0.0,0.0,359.9999999079367,True
1776076259.8107,4.962229251861572,0.266175402310557,0.9999999998934733,0.0733088082410019,0.0,0.0,359.9999999077062,True
1776076259.904162,5.055691242218018,0.2710402598430275,0.999999999885642,0.07330880823494103,0.0,0.0,359.9999999078983,True
1776076259.983185,5.134714365005493,0.27833700887235074,0.9999999998738959,0.07330880822602838,0.0,0.0,359.99999990766423,True
1776076260.046115,5.197644233703613,0.28064528687488716,0.9999999998701801,0.07330880822325272,0.0,0.0,359.9999999080398,True
1776076260.123936,5.275465250015259,0.28357183719794005,0.999999999865469,0.07330880821976347,0.0,0.0,359.99999990791605,True
1776076260.202151,5.353680372238159,0.2938588754159789,0.9999999998489092,0.07330880820775917,0.0,0.0,359.9999999074614,True
1776076260.28001,5.431539297103882,0.2969817767693349,0.9999999998438821,0.07330880820419386,0.0,0.0,359.9999999073961,True
1776076260.370685,5.522214412689209,0.3007865441874698,0.9999999998377573,0.07330880819989886,0.0,0.0,359.9999999075881,True
1776076260.452141,5.603670358657837,0.30660925949910584,0.9999999998283842,0.0733088081934282,0.0,0.0,359.9999999078639,True
1776076260.527996,5.679525375366211,0.3145845211303276,0.9999999998155458,0.07330880818476254,0.0,0.0,359.9999999076207,True
1776076260.605377,5.756906270980835,0.3179776044668524,0.9999999998100837,0.07330880818114353,0.0,0.0,359.9999999075777,True
1776076260.68372,5.835249423980713,0.32141123504948604,0.9999999998045563,0.07330880817752185,0.0,0.0,359.9999999075376,True
1776076260.76305,5.914579391479492,0.33266605687924916,0.9999999997864387,0.07330880816593115,0.0,0.0,359.99999990762865,True
1776076260.836928,5.988457202911377,0.33626504193014034,0.9999999997806451,0.07330880816231371,0.0,0.0,359.9999999075898,True
1776076260.913983,6.065512418746948,0.339902220599645,0.9999999997747904,0.0733088081587008,0.0,0.0,359.99999990755146,True
1776076260.978326,6.129855394363403,0.35103840591917684,0.9999999997568637,0.073308808147902,0.0,0.0,359.99999990790417,True
1776076261.053353,6.204882383346558,0.35558526750671965,0.9999999997495446,0.07330880814360455,0.0,0.0,359.99999990757027,True
1776076261.13417,6.285699367523193,0.3594137920058489,0.9999999997433815,0.0733088081400352,0.0,0.0,359.9999999075256,True
1776076261.209428,6.360957384109497,0.3632777251846814,0.9999999997371615,0.0733088081364778,0.0,0.0,359.9999999079214,True
1776076261.285323,6.436852216720581,0.37587508822423216,0.9999999997168826,0.0733088081251868,0.0,0.0,359.9999999079073,True
1776076261.395379,6.546908378601074,0.38149532321668994,0.9999999997078354,0.07330880812029734,0.0,0.0,359.99999990773745,True
1776076261.473411,6.624940395355225,0.3855493758915353,0.9999999997013095,0.07330880811682577,0.0,0.0,359.9999999076739,True
1776076261.551936,6.703465223312378,0.3945821091337599,0.9999999996867689,0.07330880810925426,0.0,0.0,359.99999990768265,True
1776076261.629371,6.780900239944458,0.40376759911284826,0.9999999996719824,0.07330880810178052,0.0,0.0,359.9999999076713,True
1776076261.703481,6.855010271072388,0.4096903736532828,0.9999999996624481,0.0733088080970791,0.0,0.0,359.9999999078546,True
1776076261.784264,6.935793399810791,0.42171140798042617,0.9999999996430969,0.07330880808781232,0.0,0.0,359.99999990782055,True
1776076261.859131,7.010660409927368,0.42605997518982164,0.9999999996360968,0.07330880808454879,0.0,0.0,359.99999990772557,True
1776076261.952807,7.104336261749268,0.43043701397613976,0.9999999996290507,0.0733088080813104,0.0,0.0,359.9999999076285,True
1776076262.018927,7.170456409454346,0.44016472859306705,0.9999999996133915,0.0733088080742771,0.0,0.0,359.99999990787705,True
1776076262.096572,7.248101234436035,0.4491224068480145,0.9999999995989717,0.07330880806799545,0.0,0.0,359.99999990765497,True
1776076262.172397,7.323926210403442,0.45364104416222284,0.9999999995916977,0.07330880806489587,0.0,0.0,359.9999999078648,True
1776076262.238103,7.389632225036621,0.4572747027265972,0.9999999995858484,0.07330880806243634,0.0,0.0,359.9999999076404,True
1776076262.313225,7.464754343032837,0.47197191243358566,0.9999999995621893,0.07330880805278112,0.0,0.0,359.99999990768174,True
1776076262.388914,7.540443420410156,0.4766168156339256,0.9999999995547121,0.07330880804982495,0.0,0.0,359.99999990785676,True
1776076262.46709,7.618619203567505,0.48128584849679745,0.999999999547196,0.07330880804689835,0.0,0.0,359.99999990771965,True
1776076262.54553,7.697059392929077,0.49069484306853905,0.9999999995320499,0.07330880804113475,0.0,0.0,359.9999999077373,True
1776076262.619991,7.771520376205444,0.5001960132584057,0.9999999995167552,0.07330880803549195,0.0,0.0,359.99999990773546,True
1776076262.712128,7.863657236099243,0.5059397829670389,0.9999999995075091,0.07330880803216477,0.0,0.0,359.99999990766776,True
1776076262.785834,7.937363386154175,0.5155825886483293,0.9999999994919865,0.07330880802671774,0.0,0.0,359.9999999076378,True
1776076262.868002,8.01953125,0.5253103584675859,0.9999999994763271,0.07330880802139408,0.0,0.0,359.9999999078694,True
1776076262.946627,8.098156213760376,0.5302052703228164,0.9999999994684474,0.07330880801877869,0.0,0.0,359.9999999076989,True
1776076263.012216,8.163745403289795,0.5450102004000165,0.9999999994446149,0.0733088080111185,0.0,0.0,359.9999999077172,True
1776076263.086337,8.237866401672363,0.5499841775106061,0.999999999436608,0.07330880800862707,0.0,0.0,359.99999990780356,True
1776076263.165269,8.316798210144043,0.5549771323065771,0.9999999994285705,0.07330880800616663,0.0,0.0,359.9999999076185,True
1776076263.264464,8.415993213653564,0.5599887570788435,0.999999999420503,0.07330880800373706,0.0,0.0,359.99999990769555,True
1776076263.348623,8.500152349472046,0.5894090105380296,0.9999999993731433,0.07330880799025086,0.0,0.0,359.9999999077366,True
1776076263.41175,8.563279390335083,0.6007182195180071,0.9999999993549381,0.0733088079854026,0.0,0.0,359.99999990762984,True
1776076263.484473,8.6360023021698,0.6100292057409579,0.9999999993399495,0.0733088079815435,0.0,0.0,359.9999999076427,True
1776076263.565135,8.71666431427002,0.6183480936461883,0.999999999326558,0.0733088079781937,0.0,0.0,359.9999999078339,True
1776076263.6402,8.791729211807251,0.6277532163343054,0.999999999311418,0.07330880797451472,0.0,0.0,359.9999999078213,True
1776076263.733859,8.885388374328613,0.6403672764747936,0.9999999992911124,0.07330880796975506,0.0,0.0,359.99999990770664,True
1776076263.826662,8.978191375732422,0.6509412521657623,0.9999999992740907,0.07330880796591385,0.0,0.0,359.999999907716,True
1776076263.903975,9.055504322052002,0.6605045207920553,0.9999999992586961,0.07330880796255247,0.0,0.0,359.9999999076654,True
1776076263.976043,9.127572298049927,0.6711805371636721,0.9999999992415104,0.07330880795892222,0.0,0.0,359.999999907649,True
1776076264.049604,9.201133251190186,0.6797581902169194,0.9999999992277024,0.07330880795609604,0.0,0.0,359.9999999077648,True
1776076264.11843,9.269959211349487,0.687289724070732,0.9999999992155785,0.07330880795367914,0.0,0.0,359.9999999078293,True
1776076264.207555,9.359084367752075,0.6991727062352264,0.9999999991964496,0.07330880794998501,0.0,0.0,359.99999990781936,True
1776076264.300646,9.452175378799438,0.7122001610783952,0.9999999991754785,0.07330880794609686,0.0,0.0,359.9999999078327,True
1776076264.367703,9.519232273101807,0.7198293660132273,0.9999999991631973,0.07330880794389569,0.0,0.0,359.9999999076464,True
1776076264.429166,9.580695390701294,0.7274798995262586,0.9999999991508818,0.0733088079417429,0.0,0.0,359.99999990767844,True
1776076264.50798,9.659509420394897,0.7395439934825637,0.9999999991314615,0.07330880793845586,0.0,0.0,359.99999990784283,True
1776076264.578122,9.72965121269226,0.7472469764413529,0.9999999991190616,0.07330880793642398,0.0,0.0,359.9999999076403,True
1776076264.643849,9.7953782081604,0.7549694561988038,0.9999999991066302,0.07330880793443777,0.0,0.0,359.9999999076525,True
1776076264.71792,9.869449377059937,0.7660344280747559,0.9999999990888183,0.073308807931678,0.0,0.0,359.9999999077536,True
1776076264.783973,9.935502290725708,0.7749134103614889,0.9999999990745252,0.07330880792953465,0.0,0.0,359.99999990778304,True
1776076264.864349,10.015878200531006,0.783815652118279,0.9999999990601947,0.07330880792744733,0.0,0.0,359.99999990780583,True
1776076264.931988,10.08351731300354,0.792740484937801,0.9999999990458279,0.07330880792541493,0.0,0.0,359.99999990782226,True
1776076264.996165,10.14769434928894,0.802807115552838,0.9999999990296231,0.07330880792319268,0.0,0.0,359.99999990764775,True
1776076265.064632,10.216161251068115,0.8117778148411754,0.9999999990151824,0.07330880792127314,0.0,0.0,359.99999990765207,True
1776076265.137621,10.28915023803711,0.8196441071776013,0.9999999990025196,0.07330880791963573,0.0,0.0,359.99999990783505,True
1776076265.228114,10.379643201828003,0.8320363480262105,0.999999998982571,0.07330880791714027,0.0,0.0,359.99999990769317,True
1776076265.336784,10.4883131980896,0.8478608487785648,0.9999999989570973,0.07330880791409741,0.0,0.0,359.999999907821,True
1776076265.406836,10.55836534500122,0.8557943178729556,0.9999999989443263,0.07330880791263023,0.0,0.0,359.9999999077749,True
1776076265.477084,10.628613233566284,0.8648778496274346,0.9999999989297043,0.0733088079109965,0.0,0.0,359.99999990774734,True
1776076265.551992,10.703521251678467,0.8762565648378369,0.9999999989113872,0.07330880790901739,0.0,0.0,359.99999990775757,True
1776076265.624833,10.776362419128418,0.8853783594741003,0.9999999988967032,0.07330880790748323,0.0,0.0,359.9999999077195,True
1776076265.710682,10.862211227416992,0.8968033247970816,0.9999999988783117,0.07330880790562526,0.0,0.0,359.9999999077167,True
1776076265.785122,10.936651229858398,0.9082526706224152,0.999999998859881,0.07330880790383178,0.0,0.0,359.99999990770704,True
1776076265.8576,11.009129285812378,0.9174290970992259,0.9999999988451092,0.07330880790244212,0.0,0.0,359.99999990765417,True
1776076265.925476,11.077005386352539,0.9254704482132612,0.9999999988321645,0.07330880790125821,0.0,0.0,359.99999990778076,True
1776076265.999241,11.150770425796509,0.93582526808338,0.9999999988154957,0.07330880789977892,0.0,0.0,359.99999990773745,True
1776076266.065138,11.216667413711548,0.9461974661345626,0.9999999987987991,0.0733088078983466,0.0,0.0,359.99999990768947,True
1776076266.148347,11.29987621307373,0.9565864618207672,0.9999999987820755,0.07330880789695993,0.0,0.0,359.9999999078363,True
1776076266.213797,11.365326404571533,0.9646780445414858,0.9999999987690499,0.07330880789591211,0.0,0.0,359.99999990774774,True
1776076266.280777,11.432306289672852,0.9750955264351436,0.9999999987522802,0.07330880789460337,0.0,0.0,359.9999999076872,True
1776076266.358252,11.50978136062622,0.9866884053354599,0.9999999987336184,0.07330880789319852,0.0,0.0,359.9999999078346,True
1776076266.428197,11.579726219177246,0.9948142678392381,0.9999999987205377,0.07330880789224511,0.0,0.0,359.99999990773694,True
1776076266.502981,11.654510259628296,1.0041115648788543,0.9999999987055712,0.07330880789118496,0.0,0.0,359.99999990765093,True
1776076266.590121,11.741650342941284,1.0180779915872429,0.9999999986830886,0.07330880788965186,0.0,0.0,359.99999990781066,True
1776076266.656495,11.808024406433105,1.0274021194798995,0.9999999986680791,0.07330880788866669,0.0,0.0,359.99999990771715,True
1776076266.728417,11.879946231842041,1.035569086119555,0.9999999986549323,0.07330880788782816,0.0,0.0,359.99999990780407,True
1776076266.815568,11.967097282409668,1.0472492842169516,0.99999999863613,0.07330880788666726,0.0,0.0,359.9999999077291,True
1776076266.882232,12.033761262893677,1.058944376101627,0.9999999986173036,0.07330880788554853,0.0,0.0,359.99999990765025,True
1776076266.962669,12.114198207855225,1.0694822298576598,0.9999999986003402,0.07330880788457654,0.0,0.0,359.99999990775035,True
1776076267.042136,12.193665266036987,1.0788586390560893,0.9999999985852465,0.07330880788373947,0.0,0.0,359.99999990783624,True
1776076267.143343,12.294872283935547,1.0941135173979948,0.9999999985606897,0.07330880788243135,0.0,0.0,359.99999990777695,True
1776076267.214235,12.365764379501343,1.1046872986983014,0.9999999985436684,0.07330880788156224,0.0,0.0,359.9999999076731,True
1776076267.287569,12.439098358154297,1.1129182781956435,0.9999999985304184,0.07330880788090624,0.0,0.0,359.9999999077401,True
1776076267.363234,12.514763355255127,1.1235095913676914,0.999999998513369,0.07330880788008773,0.0,0.0,359.99999990782345,True
1776076267.451901,12.603430271148682,1.1376459037388191,0.9999999984906128,0.07330880787903858,0.0,0.0,359.99999990773836,True
1776076267.526156,12.677685260772705,1.147079018708032,0.9999999984754279,0.07330880787836502,0.0,0.0,359.99999990780674,True
1776076267.601807,12.753336429595947,1.1565190064305697,0.9999999984602317,0.0733088078777115,0.0,0.0,359.9999999076819,True
1776076267.669536,12.821065425872803,1.1671469473488778,0.9999999984431232,0.07330880787699952,0.0,0.0,359.999999907754,True
1776076267.733375,12.884904384613037,1.1766008524885911,0.9999999984279047,0.07330880787638669,0.0,0.0,359.9999999078159,True
1776076267.808591,12.96012020111084,1.1860609967964375,0.9999999984126761,0.07330880787579216,0.0,0.0,359.99999990768566,True
1776076267.878865,13.030394315719604,1.1955271898675692,0.9999999983974378,0.07330880787521543,0.0,0.0,359.9999999077438,True
1776076267.950884,13.102413415908813,1.2073681564133567,0.9999999983783767,0.07330880787451872,0.0,0.0,359.9999999078139,True
1776076268.070476,13.222005367279053,1.2227745398404413,0.9999999983535761,0.07330880787365177,0.0,0.0,359.9999999077115,True
1776076268.134594,13.286123275756836,1.2310761968690307,0.9999999983402125,0.07330880787320243,0.0,0.0,359.99999990775666,True
1776076268.203906,13.355435371398926,1.242942612063984,0.9999999983211103,0.07330880787258101,0.0,0.0,359.99999990781885,True
1776076268.290264,13.441793203353882,1.2548168718961026,0.9999999983019956,0.0733088078719829,0.0,0.0,359.9999999076901,True
1776076268.361098,13.512627363204956,1.2631333605974804,0.9999999982886081,0.07330880787157765,0.0,0.0,359.9999999077306,True
1776076268.421193,13.57272219657898,1.2714534469008434,0.9999999982752146,0.0733088078711831,0.0,0.0,359.99999990777,True
1776076268.510136,13.661665201187134,1.2857245445837544,0.9999999982522416,0.07330880787053091,0.0,0.0,359.99999990783505,True
1776076268.583646,13.735175371170044,1.2952440930854048,0.9999999982369174,0.07330880787011251,0.0,0.0,359.99999990768885,True
1776076268.65091,13.802439212799072,1.3035771722325438,0.9999999982235029,0.07330880786975684,0.0,0.0,359.99999990772426,True
1776076268.723177,13.874706268310547,1.3142957494406498,0.9999999982062487,0.07330880786931337,0.0,0.0,359.99999990776837,True
1776076268.794512,13.946041345596313,1.3262111708372968,0.9999999981870678,0.07330880786883832,0.0,0.0,359.99999990781555,True
1776076268.861942,14.013471364974976,1.3345555327231222,0.9999999981736353,0.07330880786851651,0.0,0.0,359.9999999076604,True
1776076268.929318,14.080847263336182,1.3429027416203012,0.9999999981601984,0.07330880786820329,0.0,0.0,359.9999999076915,True
1776076269.003216,14.15474534034729,1.3548321126228196,0.9999999981409948,0.07330880786777025,0.0,0.0,359.99999990773443,True
1776076269.08451,14.236039400100708,1.3667669207586202,0.9999999981217826,0.07330880786735362,0.0,0.0,359.9999999077757,True
1776076269.157203,14.308732271194458,1.375124409575893,0.999999998108329,0.07330880786707142,0.0,0.0,359.9999999078036,True
1776076269.22642,14.377949237823486,1.3846788736658118,0.9999999980929486,0.07330880786675813,0.0,0.0,359.9999999078346,True
1776076269.312237,14.46376633644104,1.3990164557619493,0.9999999980698685,0.07330880786630602,0.0,0.0,359.99999990769294,True
1776076269.385951,14.537480354309082,1.4085786270238814,0.9999999980544758,0.07330880786601608,0.0,0.0,359.9999999077216,True
1776076269.465058,14.616587400436401,1.4181437160848485,0.9999999980390784,0.073308807865735,0.0,0.0,359.9999999077493,True
1776076269.540606,14.692135334014893,1.4289078169811626,0.9999999980217508,0.07330880786542905,0.0,0.0,359.9999999077795,True
1776076269.609223,14.760752201080322,1.4408719759648696,0.9999999980024914,0.07330880786510141,0.0,0.0,359.99999990781174,True
1776076269.67074,14.822269201278687,1.4492493371634694,0.9999999979890059,0.07330880786487953,0.0,0.0,359.9999999078336,True
1776076269.74078,14.892309427261353,1.4576286535713512,0.9999999979755172,0.0733088078646636,0.0,0.0,359.99999990766923,True
1776076269.807615,14.959144353866577,1.4672073414590834,0.9999999979600978,0.07330880786442391,0.0,0.0,359.9999999076929,True
1776076269.892176,15.043705224990845,1.4803819536442258,0.9999999979388898,0.07330880786410629,0.0,0.0,359.99999990772415,True
1776076269.970055,15.121584415435791,1.4899662391918835,0.9999999979234613,0.07330880786388369,0.0,0.0,359.999999907746,True
1776076270.040905,15.192434310913086,1.4995527595951246,0.9999999979080292,0.07330880786366793,0.0,0.0,359.99999990776723,True
1776076270.14605,15.297579288482666,1.51393657997285,0.9999999978848746,0.07330880786335664,0.0,0.0,359.99999990779776,True
1776076270.224847,15.376376390457153,1.5259266575591401,0.9999999978655734,0.07330880786310814,0.0,0.0,359.99999990782214,True
1776076270.308676,15.460205316543579,1.5391193233756435,0.9999999978443364,0.07330880786284576,0.0,0.0,359.999999907663,True
1776076270.396813,15.548342227935791,1.5499160051196739,0.9999999978269563,0.07330880786263931,0.0,0.0,359.9999999076833,True
1776076270.466671,15.618200302124023,1.5595150092203294,0.9999999978115042,0.0733088078624618,0.0,0.0,359.99999990770067,True
1776076270.554527,15.706056356430054,1.573916834571911,0.9999999977883206,0.07330880786220573,0.0,0.0,359.99999990772574,True
1776076270.649875,15.801404237747192,1.5859212810558145,0.9999999977689964,0.07330880786200131,0.0,0.0,359.99999990774575,True
1776076270.735877,15.887406349182129,1.5967274660468735,0.999999997751601,0.07330880786182406,0.0,0.0,359.9999999077631,True
1776076270.802868,15.954397201538086,1.608736673474397,0.999999997732269,0.0733088078616343,0.0,0.0,359.99999990778167,True
1776076270.880069,16.031598329544067,1.6195469860712606,0.9999999977148669,0.07330880786146975,0.0,0.0,359.99999990779776,True
1776076270.950714,16.102243423461914,1.6279562893569213,0.9999999977013299,0.07330880786134572,0.0,0.0,359.99999990780987,True
1776076271.030267,16.181796312332153,1.6387698462918885,0.9999999976839227,0.07330880786119116,0.0,0.0,359.99999990782493,True
1776076271.123432,16.274961233139038,1.6543924794051905,0.999999997658774,0.07330880786097732,0.0,0.0,359.9999999076617,True
1776076271.203074,16.35460329055786,1.6640081303839382,0.9999999976432951,0.07330880786085106,0.0,0.0,359.99999990767407,True
1776076271.289465,16.440994262695312,1.6748272461449765,0.9999999976258789,0.07330880786071366,0.0,0.0,359.9999999076875,True
1776076271.357394,16.508923292160034,1.6868502938727241,0.9999999976065246,0.07330880786056657,0.0,0.0,359.9999999077018,True
1776076271.423871,16.575400352478027,1.696470054579303,0.9999999975910391,0.07330880786045299,0.0,0.0,359.99999990771295,True
1776076271.500687,16.65221619606018,1.7060909513757176,0.9999999975755517,0.07330880786034291,0.0,0.0,359.99999990772363,True
1776076271.571809,16.72333836555481,1.7157129490088006,0.9999999975600625,0.07330880786023625,0.0,0.0,359.99999990773404,True
1776076271.634062,16.78559136390686,1.7265389696941005,0.9999999975426352,0.07330880786012019,0.0,0.0,359.9999999077454,True
1776076271.751179,16.902708292007446,1.7421788435355046,0.9999999975174588,0.07330880785995962,0.0,0.0,359.99999990776104,True
1776076271.818117,16.969646215438843,1.7506013923579677,0.9999999975039006,0.07330880785987651,0.0,0.0,359.9999999077691,True
1776076271.906087,17.057616233825684,1.7650417312219544,0.999999997480655,0.07330880785973923,0.0,0.0,359.99999990778247,True
1776076271.975587,17.127116203308105,1.7758733307067869,0.9999999974632188,0.07330880785964042,0.0,0.0,359.99999990779213,True
1776076272.045328,17.196857213974,1.784298676466963,0.9999999974496561,0.07330880785956596,0.0,0.0,359.99999990779935,True
1776076272.113639,17.26516842842102,1.7927246745263343,0.9999999974360921,0.07330880785949354,0.0,0.0,359.9999999078064,True
1776076272.181789,17.33331823348999,1.8047629110405472,0.9999999974167135,0.07330880785939345,0.0,0.0,359.9999999078161,True
1776076272.267236,17.41876530647278,1.816802392528721,0.9999999973973329,0.07330880785929723,0.0,0.0,359.9999999078255,True
1776076272.354058,17.505587339401245,1.8276389504831,0.9999999973798885,0.07330880785921381,0.0,0.0,359.9999999078336,True
1776076272.438331,17.589860200881958,1.840884899670313,0.9999999973585657,0.07330880785911578,0.0,0.0,359.99999990765974,True
1776076272.528568,17.680097341537476,1.854132187172759,0.9999999973372408,0.07330880785902191,0.0,0.0,359.9999999076689,True
1776076272.62409,17.77561926841736,1.866176289279106,0.9999999973178526,0.07330880785894003,0.0,0.0,359.99999990767685,True
1776076272.716828,17.86835741996765,1.8806305521519564,0.9999999972945847,0.07330880785884594,0.0,0.0,359.999999907686,True
1776076272.786225,17.9377543926239,1.8902675082765759,0.9999999972790714,0.07330880785878564,0.0,0.0,359.99999990769186,True
1776076272.852059,18.00358819961548,1.8987003394232351,0.9999999972654966,0.0733088078587344,0.0,0.0,359.99999990769686,True
1776076272.917298,18.068827390670776,1.908338409072679,0.9999999972499816,0.07330880785867756,0.0,0.0,359.9999999077024,True
1776076272.99187,18.143399238586426,1.9203867920530255,0.9999999972305865,0.07330880785860898,0.0,0.0,359.9999999077091,True
1776076273.054025,18.205554246902466,1.9288211692963138,0.9999999972170092,0.07330880785856256,0.0,0.0,359.9999999077136,True
1776076273.134084,18.285613298416138,1.9384609543829314,0.9999999972014915,0.07330880785851104,0.0,0.0,359.9999999077186,True
1776076273.21692,18.368449211120605,1.9505114068587228,0.9999999971820931,0.0733088078584489,0.0,0.0,359.9999999077246,True
1776076273.309661,18.461190223693848,1.9649729665767053,0.9999999971588135,0.0733088078583775,0.0,0.0,359.99999990773154,True
1776076273.381989,18.533518314361572,1.9758198351529026,0.9999999971413526,0.07330880785832611,0.0,0.0,359.99999990773654,True
1776076273.449285,18.60081434249878,1.9842566875784349,0.9999999971277712,0.07330880785828739,0.0,0.0,359.9999999077403,True
1776076273.5211,18.672629356384277,1.993899218929376,0.9999999971122491,0.07330880785824442,0.0,0.0,359.9999999077445,True
1776076273.585117,18.7366464138031,2.0047475785062403,0.9999999970947858,0.07330880785819767,0.0,0.0,359.999999907749,True
1776076273.650037,18.80156636238098,2.014391005007586,0.9999999970792622,0.0733088078581575,0.0,0.0,359.9999999077529,True
1776076273.731161,18.8826904296875,2.024034832406415,0.9999999970637379,0.07330880785811855,0.0,0.0,359.99999990775666,True
1776076273.800203,18.951732397079468,2.034884601917333,0.9999999970462723,0.0733088078580762,0.0,0.0,359.9999999077608,True
1776076273.862107,19.013636350631714,2.045734845874343,0.999999997028806,0.07330880785803533,0.0,0.0,359.9999999077648,True
1776076273.933212,19.084741353988647,2.0553798920611337,0.9999999970132798,0.07330880785800019,0.0,0.0,359.9999999077682,True
1776076273.994232,19.145761251449585,2.0626139073300087,0.9999999970016348,0.07330880785797456,0.0,0.0,359.9999999077707,True
1776076274.057318,19.208847284317017,2.0710538348418273,0.9999999969880485,0.07330880785794541,0.0,0.0,359.9999999077735,True
1776076274.119054,19.270583391189575,2.080699778029805,0.9999999969725208,0.07330880785791306,0.0,0.0,359.9999999077766,True
1776076274.188783,19.340312242507935,2.091551849234762,0.9999999969550517,0.07330880785787788,0.0,0.0,359.99999990778,True
1776076274.267627,19.419156312942505,2.1011984659911183,0.9999999969395228,0.07330880785784763,0.0,0.0,359.999999907783,True
1776076274.360739,19.51226830482483,2.114463054653565,0.99999999691817,0.07330880785780758,0.0,0.0,359.99999990778684,True
1776076274.422031,19.57356023788452,2.125316307175639,0.999999996900699,0.07330880785777608,0.0,0.0,359.9999999077899,True
1776076274.513241,19.664770364761353,2.137375889863384,0.9999999968812857,0.07330880785774235,0.0,0.0,359.99999990779315,True
1776076274.588294,19.73982334136963,2.1470238582451713,0.999999996865755,0.07330880785771632,0.0,0.0,359.9999999077957,True
1776076274.654187,19.805716276168823,2.1578781325729595,0.999999996848282,0.07330880785768801,0.0,0.0,359.99999990779844,True
1776076274.717323,19.868852376937866,2.1675266429619504,0.9999999968327504,0.07330880785766367,0.0,0.0,359.9999999078008,True
1776076274.788346,19.93987536430359,2.1759692889306153,0.9999999968191596,0.07330880785764299,0.0,0.0,359.9999999078028,True
1776076274.853787,20.005316257476807,2.1844121156687484,0.9999999968055687,0.07330880785762287,0.0,0.0,359.9999999078048,True
1776076274.920661,20.072190284729004,2.194061275542136,0.9999999967900359,0.07330880785760055,0.0,0.0,359.99999990780697,True
1776076274.983847,20.13537621498108,2.204916846036166,0.9999999967725609,0.07330880785757628,0.0,0.0,359.9999999078093,True
1776076275.052125,20.203654289245605,2.2145664705026484,0.9999999967570276,0.0733088078575554,0.0,0.0,359.99999990781134,True
1776076275.130416,20.28194522857666,2.224216303032669,0.9999999967414934,0.07330880785753519,0.0,0.0,359.9999999078133,True
1776076275.195068,20.34659719467163,2.233866337150767,0.9999999967259592,0.0733088078575156,0.0,0.0,359.99999990781515,True
1776076275.285697,20.43722629547119,2.247135451727522,0.9999999967045992,0.07330880785748965,0.0,0.0,359.9999999078177,True
1776076275.371529,20.52305841445923,2.257992263699109,0.9999999966871221,0.07330880785746925,0.0,0.0,359.9999999078197,True
1776076275.438179,20.58970832824707,2.2688493040823796,0.9999999966696451,0.07330880785744956,0.0,0.0,359.9999999078216,True
1776076275.506423,20.657952308654785,2.279706564894987,0.9999999966521674,0.07330880785743056,0.0,0.0,359.9999999078234,True
1776076275.576904,20.72843337059021,2.2881512485371136,0.9999999966385734,0.07330880785741624,0.0,0.0,359.99999990782476,True
1776076275.640075,20.7916042804718,2.2965960573482587,0.9999999966249794,0.0733088078574023,0.0,0.0,359.9999999078262,True
1776076275.720726,20.872255325317383,2.3098667159030475,0.9999999966036169,0.07330880785738117,0.0,0.0,359.99999990782817,True
1776076275.796505,20.948034286499023,2.3207247421404107,0.9999999965861379,0.07330880785736457,0.0,0.0,359.9999999078298,True
1776076275.86818,21.01970934867859,2.3291700025698985,0.9999999965725431,0.07330880785735204,0.0,0.0,359.999999907831,True
1776076275.935875,21.087404251098633,2.338821862593674,0.9999999965570062,0.07330880785733815,0.0,0.0,359.9999999078324,True
1776076275.997451,21.148980379104614,2.3496803704314466,0.9999999965395264,0.07330880785732304,0.0,0.0,359.99999990783385,True
1776076276.0823,21.233829259872437,2.361745577257715,0.9999999965201042,0.07330880785730687,0.0,0.0,359.9999999078354,True
1776076276.170879,21.322408199310303,2.3726044352484226,0.9999999965026242,0.07330880785729284,0.0,0.0,359.99999990765406,True
1776076276.235655,21.387184381484985,2.382256885355835,0.9999999964870864,0.07330880785728079,0.0,0.0,359.9999999076552,True
1776076276.312602,21.464131355285645,2.3943226164552778,0.999999996467663,0.07330880785726626,0.0,0.0,359.9999999076566,True
1776076276.399956,21.551485300064087,2.406388527961959,0.9999999964482397,0.07330880785725229,0.0,0.0,359.99999990765804,True
1776076276.477071,21.628600358963013,2.4160413823520597,0.999999996432701,0.07330880785724149,0.0,0.0,359.99999990765906,True
1776076276.543083,21.69461226463318,2.426900971898906,0.99999999641522,0.07330880785722976,0.0,0.0,359.9999999076602,True
1776076276.613134,21.764663219451904,2.4377606927779247,0.9999999963977383,0.07330880785721844,0.0,0.0,359.9999999076613,True
1776076276.699446,21.850975275039673,2.4486205403983057,0.9999999963802563,0.0733088078572075,0.0,0.0,359.99999990766236,True
1776076276.77217,21.923699378967285,2.4582738410981575,0.9999999963647167,0.07330880785719811,0.0,0.0,359.99999990766327,True
1776076276.844434,21.99596333503723,2.470340598296434,0.9999999963452922,0.07330880785718677,0.0,0.0,359.9999999076644,True
1776076276.927001,22.078530311584473,2.481200800172469,0.9999999963278102,0.07330880785717696,0.0,0.0,359.9999999076653,True
1776076276.989855,22.14138436317444,2.489647700051889,0.9999999963142129,0.07330880785716956,0.0,0.0,359.999999907666,True
1776076277.072722,22.22425127029419,2.50292152986368,0.9999999962928448,0.07330880785715832,0.0,0.0,359.99999990766713,True
1776076277.150933,22.302462339401245,2.5137820501275687,0.9999999962753617,0.0733088078571495,0.0,0.0,359.999999907668,True
1776076277.220516,22.372045278549194,2.5222291899269145,0.9999999962617638,0.07330880785714285,0.0,0.0,359.9999999076686,True
1776076277.286193,22.437722206115723,2.531883135072646,0.9999999962462234,0.07330880785713546,0.0,0.0,359.9999999076693,True
1776076277.386371,22.53790020942688,2.546364190007545,0.9999999962229127,0.07330880785712482,0.0,0.0,359.9999999076704,True
1776076277.459178,22.61070728302002,2.5560183147941244,0.9999999962073722,0.07330880785711799,0.0,0.0,359.99999990767105,True
1776076277.543026,22.694555282592773,2.569292846927086,0.999999996186003,0.07330880785710897,0.0,0.0,359.9999999076719,True
1776076277.606284,22.757813215255737,2.5777403408685733,0.9999999961724043,0.07330880785710342,0.0,0.0,359.9999999076724,True
1776076277.666152,22.817681312561035,2.58498108858601,0.9999999961607483,0.07330880785709878,0.0,0.0,359.9999999076729,True
1776076277.737833,22.889362335205078,2.5958422751033425,0.9999999961432643,0.07330880785709204,0.0,0.0,359.99999990767355,True
1776076277.813844,22.965373277664185,2.6079103485626147,0.9999999961238376,0.07330880785708482,0.0,0.0,359.99999990767424,True
1776076277.88671,23.038239240646362,2.6175648720141544,0.9999999961082963,0.07330880785707924,0.0,0.0,359.9999999076748,True
1776076277.949494,23.101023197174072,2.6260126256694645,0.9999999960946976,0.0733088078570745,0.0,0.0,359.99999990767526,True
1776076278.008615,23.160144329071045,2.6356672518727384,0.9999999960791562,0.07330880785706925,0.0,0.0,359.9999999076758,True
1776076278.099347,23.250876426696777,2.648942448060801,0.9999999960577868,0.0733088078570623,0.0,0.0,359.99999990767645,True
1776076278.167702,23.319231271743774,2.6573903497899787,0.9999999960441873,0.07330880785705803,0.0,0.0,359.99999990767685,True
1776076278.236165,23.387694358825684,2.6670451402772133,0.9999999960286451,0.07330880785705328,0.0,0.0,359.9999999076773,True
1776076278.33517,23.48669934272766,2.682734274925608,0.999999996003389,0.07330880785704588,0.0,0.0,359.999999907678,True
1776076278.410307,23.56183624267578,2.6923891863107183,0.9999999959878467,0.07330880785704152,0.0,0.0,359.99999990767844,True
1776076278.49626,23.647789239883423,2.7032510135223498,0.9999999959703617,0.07330880785703678,0.0,0.0,359.9999999076789,True
1776076278.565032,23.716561317443848,2.715319772627293,0.9999999959509339,0.0733088078570317,0.0,0.0,359.9999999076794,True
1776076278.62767,23.779199361801147,2.724974825405889,0.9999999959353917,0.07330880785702779,0.0,0.0,359.9999999076798,True
1776076278.703203,23.854732275009155,2.734629917260872,0.9999999959198494,0.07330880785702398,0.0,0.0,359.99999990768015,True
1776076278.779078,23.930607318878174,2.744285046975433,0.9999999959043072,0.0733088078570203,0.0,0.0,359.9999999076805,True
1776076278.839596,23.991125345230103,2.7539402133706465,0.999999995888765,0.07330880785701674,0.0,0.0,359.9999999076809,True
1776076278.928647,24.08017635345459,2.767216124964688,0.9999999958673944,0.073308807857012,0.0,0.0,359.99999990768134,True
1776076279.025409,24.17693829536438,2.7792851914051924,0.9999999958479665,0.07330880785700788,0.0,0.0,359.9999999076817,True
1776076279.121495,24.273024320602417,2.7949750538834577,0.9999999958227089,0.07330880785700278,0.0,0.0,359.9999999076822,True
1776076279.188779,24.34030842781067,2.8046303949185623,0.9999999958071658,0.07330880785699975,0.0,0.0,359.9999999076825,True
1776076279.258161,24.409690380096436,2.8130788430481513,0.9999999957935656,0.07330880785699719,0.0,0.0,359.99999990768276,True
1776076279.327262,24.47879123687744,2.8227342397511817,0.9999999957780225,0.07330880785699434,0.0,0.0,359.999999907683,True
1776076279.413176,24.56470537185669,2.8372173877160938,0.9999999957547078,0.07330880785699023,0.0,0.0,359.9999999076834,True
1776076279.498392,24.649921417236328,2.8480797887944957,0.9999999957372218,0.07330880785698729,0.0,0.0,359.99999990768373,True
1776076279.570101,24.721630334854126,2.8577352841944257,0.9999999957216786,0.07330880785698475,0.0,0.0,359.99999990768396,True
1776076279.633901,24.785430192947388,2.8685977467131267,0.9999999957041926,0.07330880785698199,0.0,0.0,359.99999990768424,True
1776076279.701036,24.8525652885437,2.878253294920853,0.9999999956886495,0.07330880785697962,0.0,0.0,359.9999999076844,True
1776076279.771804,24.923333406448364,2.884288024607056,0.999999995678935,0.07330880785697816,0.0,0.0,359.9999999076846,True
1776076279.851981,25.003510236740112,2.8951505607452437,0.999999995661449,0.07330880785697563,0.0,0.0,359.9999999076848,True
1776076279.936781,25.08831024169922,2.909633986142526,0.9999999956381344,0.0733088078569724,0.0,0.0,359.99999990768515,True
1776076279.998394,25.14992332458496,2.918082673276621,0.9999999956245341,0.07330880785697058,0.0,0.0,359.99999990768526,True
1776076280.059017,25.210546255111694,2.9253244177700437,0.9999999956128768,0.07330880785696905,0.0,0.0,359.99999990768544,True
1776076280.137856,25.289385318756104,2.936187055802871,0.9999999955953908,0.07330880785696685,0.0,0.0,359.9999999076857,True
1776076280.206026,25.357555389404297,2.9482566826144114,0.9999999955759619,0.07330880785696448,0.0,0.0,359.9999999076859,True
1776076280.26793,25.419459342956543,2.956705438931655,0.9999999955623616,0.07330880785696288,0.0,0.0,359.99999990768606,True
1776076280.348459,25.499988317489624,2.9663611775596586,0.9999999955468185,0.07330880785696109,0.0,0.0,359.99999990768623,True
1776076280.416975,25.568504333496094,2.9772239046680404,0.9999999955293325,0.07330880785695916,0.0,0.0,359.9999999076864,True
1776076280.500863,25.652392387390137,2.990500600447259,0.9999999955079607,0.0733088078569569,0.0,0.0,359.9999999076867,True
1776076280.573747,25.725276231765747,3.0001563987145587,0.9999999954924176,0.0733088078569553,0.0,0.0,359.9999999076868,True
1776076280.63717,25.78869938850403,3.0086052352269332,0.9999999954788173,0.07330880785695394,0.0,0.0,359.9999999076869,True
1776076280.733326,25.884855270385742,3.023088982264954,0.9999999954555014,0.07330880785695171,0.0,0.0,359.99999990768714,True
1776076280.823141,25.97467041015625,3.035158796820716,0.9999999954360714,0.07330880785694993,0.0,0.0,359.9999999076873,True
1776076280.894166,26.045695304870605,3.046021648840576,0.9999999954185844,0.07330880785694839,0.0,0.0,359.9999999076875,True
1776076280.976209,26.12773823738098,3.0580915046516006,0.9999999953991544,0.07330880785694674,0.0,0.0,359.99999990768765,True
1776076281.045457,26.196986198425293,3.0665404159645693,0.9999999953855534,0.07330880785694562,0.0,0.0,359.9999999076877,True
1776076281.117078,26.26860737800598,3.0774033162567545,0.9999999953680664,0.07330880785694423,0.0,0.0,359.9999999076879,True
1776076281.197484,26.349013328552246,3.0894732237266678,0.9999999953486364,0.07330880785694273,0.0,0.0,359.99999990768805,True
1776076281.272147,26.423676252365112,3.0991291630550513,0.9999999953330924,0.07330880785694158,0.0,0.0,359.99999990768816,True
1776076281.337914,26.48944330215454,3.108785113852126,0.9999999953175484,0.07330880785694047,0.0,0.0,359.9999999076882,True
1776076281.401845,26.55337429046631,3.119648071763236,0.9999999953000613,0.07330880785693925,0.0,0.0,359.99999990768833,True
1776076281.487172,26.63870120048523,3.1305110432459524,0.9999999952825743,0.07330880785693808,0.0,0.0,359.99999990768845,True
1776076281.566803,26.718332290649414,3.141374027825731,0.9999999952650873,0.07330880785693696,0.0,0.0,359.9999999076886,True
1776076281.631145,26.782674312591553,3.152237025044618,0.9999999952476003,0.07330880785693586,0.0,0.0,359.9999999076887,True
1776076281.69782,26.8493492603302,3.1618930328255064,0.9999999952320563,0.07330880785693493,0.0,0.0,359.99999990768873,True
1776076281.768218,26.919747352600098,3.1703420473030164,0.9999999952184553,0.07330880785693414,0.0,0.0,359.99999990768885,True
1776076281.848177,26.999706268310547,3.1812050761073194,0.9999999952009683,0.07330880785693314,0.0,0.0,359.99999990768896,True
1776076281.943037,27.094566345214844,3.1968961371950817,0.9999999951757093,0.07330880785693177,0.0,0.0,359.9999999076891,True
1776076282.009896,27.161425352096558,3.2053451792670016,0.9999999951621082,0.07330880785693106,0.0,0.0,359.9999999076892,True
1776076282.081811,27.2333402633667,3.2137942275387834,0.9999999951485072,0.07330880785693036,0.0,0.0,359.9999999076892,True
1776076282.148905,27.300434350967407,3.224657298440617,0.9999999951310202,0.0733088078569295,0.0,0.0,359.9999999076893,True
1776076282.216973,27.368502378463745,3.235520378963203,0.9999999951135332,0.07330880785692867,0.0,0.0,359.99999990768936,True
1776076282.295095,27.446624279022217,3.2451764583432974,0.9999999950979892,0.07330880785692796,0.0,0.0,359.99999990768947,True
1776076282.365661,27.5171902179718,3.2548325448305606,0.9999999950824452,0.07330880785692727,0.0,0.0,359.9999999076895,True
1776076282.427179,27.57870841026306,3.265695650348705,0.9999999950649582,0.07330880785692652,0.0,0.0,359.9999999076896,True
1776076282.497185,27.648714303970337,3.2753517512123795,0.9999999950494142,0.07330880785692587,0.0,0.0,359.99999990768964,True
1776076282.565599,27.71712827682495,3.2838008447562776,0.9999999950358132,0.07330880785692533,0.0,0.0,359.9999999076897,True
1776076282.631835,27.783364295959473,3.2934569575267374,0.9999999950202692,0.07330880785692472,0.0,0.0,359.99999990768976,True
1776076282.704275,27.855804204940796,3.305527106999696,0.9999999950008391,0.07330880785692398,0.0,0.0,359.9999999076898,True
1776076282.781759,27.93328833580017,3.3151832331565876,0.9999999949852951,0.07330880785692342,0.0,0.0,359.99999990768987,True
1776076282.865551,28.017080307006836,3.326046381828288,0.9999999949678081,0.0733088078569228,0.0,0.0,359.9999999076899,True
1776076282.932823,28.084352254867554,3.3369095374014015,0.9999999949503211,0.0733088078569222,0.0,0.0,359.99999990769004,True
1776076283.024133,28.17566227912903,3.3501867365673026,0.9999999949289481,0.07330880785692151,0.0,0.0,359.9999999076901,True
1776076283.113265,28.26479434967041,3.361049906625192,0.9999999949114611,0.07330880785692095,0.0,0.0,359.99999990769015,True
1776076283.18114,28.332669258117676,3.3719130828366914,0.9999999948939741,0.07330880785692043,0.0,0.0,359.99999990769015,True
1776076283.254022,28.405551195144653,3.3827762649866293,0.999999994876487,0.07330880785691991,0.0,0.0,359.9999999076902,True
1776076283.317476,28.469005346298218,3.391225410631205,0.999999994862886,0.07330880785691953,0.0,0.0,359.99999990769027,True
1776076283.383546,28.535075426101685,3.39967455964776,0.999999994849285,0.07330880785691915,0.0,0.0,359.99999990769027,True
1776076283.445213,28.596742391586304,3.4093307339633605,0.999999994833741,0.07330880785691873,0.0,0.0,359.9999999076903,True
1776076283.516853,28.66838240623474,3.4214009576794515,0.999999994814311,0.07330880785691823,0.0,0.0,359.9999999076904,True
1776076283.61356,28.76508927345276,3.433471187629725,0.999999994794881,0.07330880785691775,0.0,0.0,359.99999990769044,True
1776076283.679712,28.831241369247437,3.4431273759157928,0.999999994779337,0.07330880785691737,0.0,0.0,359.9999999076905,True
1776076283.751167,28.90269637107849,3.455197616484735,0.999999994759907,0.07330880785691693,0.0,0.0,359.99999990769055,True
1776076283.817301,28.968830347061157,3.463646788216553,0.999999994746306,0.07330880785691662,0.0,0.0,359.99999990769055,True
1776076283.884424,29.035953283309937,3.472095962608075,0.999999994732705,0.07330880785691632,0.0,0.0,359.9999999076906,True
1776076283.94975,29.101279258728027,3.4817521650763865,0.999999994717161,0.073308807856916,0.0,0.0,359.9999999076906,True
1776076284.01402,29.165549278259277,3.4926153967614346,0.9999999946996739,0.07330880785691564,0.0,0.0,359.9999999076906,True
1776076284.09615,29.247679233551025,3.503478632445189,0.9999999946821869,0.07330880785691529,0.0,0.0,359.99999990769066,True
1776076284.164246,29.315775394439697,3.5119278184296325,0.9999999946685859,0.07330880785691503,0.0,0.0,359.99999990769066,True
1776076284.235792,29.38732123374939,3.522791060880096,0.9999999946510989,0.07330880785691471,0.0,0.0,359.9999999076907,True
1776076284.31201,29.463539361953735,3.5348613345123012,0.9999999946316689,0.07330880785691436,0.0,0.0,359.9999999076908,True
1776076284.38412,29.535649299621582,3.5445175565211873,0.9999999946161249,0.0733088078569141,0.0,0.0,359.9999999076908,True
1776076284.470756,29.62228536605835,3.555380809462924,0.9999999945986379,0.07330880785691381,0.0,0.0,359.99999990769084,True
1776076284.542053,29.69358229637146,3.5662440656600882,0.9999999945811509,0.07330880785691352,0.0,0.0,359.99999990769084,True
1776076284.63052,29.782049417495728,3.5807284121241327,0.9999999945578348,0.07330880785691317,0.0,0.0,359.9999999076909,True
1776076284.720024,29.871553421020508,3.591591675481471,0.9999999945403478,0.0733088078569129,0.0,0.0,359.9999999076909,True
1776076284.788896,29.940425395965576,3.6012479120072585,0.9999999945248038,0.07330880785691268,0.0,0.0,359.99999990769095,True
1776076284.852014,30.003543376922607,3.6121111807408184,0.9999999945073168,0.07330880785691243,0.0,0.0,359.99999990769095,True
1776076284.939116,30.09064531326294,3.624181482499984,0.9999999944878868,0.07330880785691218,0.0,0.0,359.999999907691,True
1776076285.010901,30.16243028640747,3.6326306956476553,0.9999999944742858,0.07330880785691202,0.0,0.0,359.999999907691,True
1776076285.081207,30.232736349105835,3.642286941114666,0.9999999944587418,0.07330880785691182,0.0,0.0,359.999999907691,True
1776076285.148543,30.300072193145752,3.6543572506621067,0.9999999944393118,0.07330880785691159,0.0,0.0,359.99999990769106,True
1776076285.217868,30.369397401809692,3.6640135003978527,0.9999999944237677,0.0733088078569114,0.0,0.0,359.99999990769106,True
1776076285.286599,30.438128232955933,3.6724627203966334,0.9999999944101667,0.07330880785691124,0.0,0.0,359.99999990769106,True
1776076285.357562,30.5090913772583,3.6821189734647284,0.9999999943946227,0.07330880785691107,0.0,0.0,359.9999999076911,True
1776076285.426045,30.577574253082275,3.6941892921815054,0.9999999943751927,0.07330880785691087,0.0,0.0,359.9999999076911,True
1776076285.497263,30.648792266845703,3.703845548996054,0.9999999943596487,0.07330880785691071,0.0,0.0,359.9999999076911,True
1776076285.567051,30.71858024597168,3.7122947750077078,0.9999999943460477,0.07330880785691057,0.0,0.0,359.9999999076911,True
1776076285.630512,30.782041311264038,3.7207440021970246,0.9999999943324467,0.07330880785691045,0.0,0.0,359.9999999076911,True
1776076285.715843,30.867372274398804,3.735228394312128,0.9999999943091307,0.07330880785691023,0.0,0.0,359.9999999076911,True
1776076285.793441,30.94497036933899,3.7460916905137758,0.9999999942916437,0.07330880785691007,0.0,0.0,359.9999999076912,True
1776076285.854836,31.006365299224854,3.753333888953546,0.9999999942799856,0.07330880785690996,0.0,0.0,359.9999999076912,True
1776076285.926074,31.077603340148926,3.764197188025802,0.9999999942624986,0.07330880785690982,0.0,0.0,359.9999999076912,True
1776076285.996234,31.1477632522583,3.7762675222520437,0.9999999942430686,0.07330880785690967,0.0,0.0,359.9999999076912,True
1776076286.091971,31.243500232696533,3.7883378584273406,0.9999999942236386,0.07330880785690952,0.0,0.0,359.99999990769123,True
1776076286.159918,31.311447381973267,3.7955800610365027,0.9999999942119806,0.07330880785690944,0.0,0.0,359.99999990769123,True
1776076286.244779,31.396308422088623,3.8112715022617403,0.9999999941867216,0.07330880785690924,0.0,0.0,359.99999990769123,True
1776076286.318978,31.470507383346558,3.8221348094549965,0.9999999941692346,0.07330880785690913,0.0,0.0,359.9999999076913,True
1776076286.388968,31.540497303009033,3.830584049324693,0.9999999941556336,0.07330880785690903,0.0,0.0,359.9999999076913,True
1776076286.451734,31.60326337814331,3.8390332899936763,0.9999999941420326,0.07330880785690894,0.0,0.0,359.9999999076913,True
1776076286.515894,31.667423248291016,3.8498966005646356,0.9999999941245455,0.07330880785690883,0.0,0.0,359.9999999076913,True
1776076286.578276,31.72980523109436,3.8595528776703145,0.9999999941090015,0.07330880785690874,0.0,0.0,359.9999999076913,True
1776076286.650982,31.80251121520996,3.868002120917652,0.9999999940954005,0.07330880785690866,0.0,0.0,359.9999999076913,True
1776076286.717101,31.868630409240723,3.876451364872053,0.9999999940817995,0.07330880785690858,0.0,0.0,359.99999990769135,True
1776076286.781138,31.93266725540161,3.886107644518133,0.9999999940662555,0.07330880785690849,0.0,0.0,359.99999990769135,True
1776076286.846936,31.998465299606323,3.8969709601589377,0.9999999940487685,0.0733088078569084,0.0,0.0,359.99999990769135,True
1776076286.943947,32.095476388931274,3.9090413121160776,0.9999999940293385,0.0733088078569083,0.0,0.0,359.99999990769135,True
1776076287.036271,32.18780040740967,3.9223187007240874,0.9999999940079655,0.07330880785690819,0.0,0.0,359.99999990769135,True
1776076287.119064,32.2705934047699,3.935596090793597,0.9999999939865925,0.07330880785690809,0.0,0.0,359.99999990769135,True
1776076287.189191,32.340720415115356,3.9440453397520163,0.9999999939729914,0.07330880785690802,0.0,0.0,359.9999999076914,True
1776076287.272803,32.4243323802948,3.954908660649118,0.9999999939555044,0.07330880785690794,0.0,0.0,359.9999999076914,True
1776076287.347268,32.49879741668701,3.966979018231303,0.9999999939360744,0.07330880785690785,0.0,0.0,359.9999999076914,True
1776076287.430244,32.58177328109741,3.9790493768568918,0.9999999939166444,0.07330880785690777,0.0,0.0,359.9999999076914,True
1776076287.49978,32.65130925178528,3.987498628493899,0.9999999939030434,0.07330880785690773,0.0,0.0,359.9999999076914,True
1776076287.580457,32.73198628425598,3.9995689888012627,0.9999999938836134,0.07330880785690765,0.0,0.0,359.9999999076914,True
1776076287.644766,32.796295404434204,4.010432313880698,0.9999999938661264,0.07330880785690758,0.0,0.0,359.9999999076914,True
1776076287.739975,32.89150428771973,4.0225026759386235,0.9999999938466964,0.07330880785690752,0.0,0.0,359.99999990769146,True
1776076287.824729,32.976258277893066,4.034573038866401,0.9999999938272663,0.07330880785690744,0.0,0.0,359.99999990769146,True
1776076287.896228,33.047757387161255,4.046643402630302,0.9999999938078363,0.07330880785690738,0.0,0.0,359.99999990769146,True
1776076287.988048,33.13957738876343,4.057506730705873,0.9999999937903493,0.07330880785690733,0.0,0.0,359.99999990769146,True
1776076288.079125,33.23065423965454,4.071991169113378,0.9999999937670333,0.07330880785690724,0.0,0.0,359.99999990769146,True
1776076288.157189,33.30871820449829,4.0828544986207564,0.9999999937495463,0.0733088078569072,0.0,0.0,359.99999990769146,True
1776076288.227727,33.37925624847412,4.091303755305028,0.9999999937359453,0.07330880785690716,0.0,0.0,359.99999990769146,True
1776076288.310385,33.46191430091858,4.10337412258465,0.9999999937165153,0.0733088078569071,0.0,0.0,359.99999990769146,True
1776076288.377046,33.52857542037964,4.11423745370766,0.9999999936990283,0.07330880785690706,0.0,0.0,359.99999990769146,True
1776076288.448161,33.599690198898315,4.123893748477734,0.9999999936834842,0.07330880785690702,0.0,0.0,359.9999999076915,True
1776076288.516982,33.668511390686035,4.132343006729552,0.9999999936698832,0.073308807856907,0.0,0.0,359.9999999076915,True
1776076288.585483,33.73701238632202,4.143206339203433,0.9999999936523962,0.07330880785690694,0.0,0.0,359.9999999076915,True
1776076288.654268,33.80579733848572,4.154069672151732,0.9999999936349092,0.07330880785690691,0.0,0.0,359.9999999076915,True
1776076288.751788,33.90331721305847,4.166140042630554,0.9999999936154792,0.07330880785690685,0.0,0.0,359.9999999076915,True
1776076288.839038,33.990567207336426,4.179417450783976,0.9999999935941062,0.07330880785690681,0.0,0.0,359.9999999076915,True
1776076288.913225,34.064754247665405,4.191487822379473,0.9999999935746762,0.07330880785690677,0.0,0.0,359.9999999076915,True
1776076288.980031,34.13156032562256,4.199937082795001,0.9999999935610752,0.07330880785690674,0.0,0.0,359.9999999076915,True
1776076289.048854,34.20038342475891,4.2083863434488356,0.9999999935474742,0.07330880785690672,0.0,0.0,359.9999999076915,True
1776076289.118791,34.270320415496826,4.219249678914906,0.9999999935299871,0.07330880785690669,0.0,0.0,359.9999999076915,True
1776076289.185091,34.33662033081055,4.23011301475077,0.9999999935125001,0.07330880785690666,0.0,0.0,359.9999999076915,True
1776076289.276007,34.42753624916077,4.2409763509434955,0.9999999934950131,0.07330880785690663,0.0,0.0,359.9999999076915,True
1776076289.349928,34.50145721435547,4.250632650070966,0.9999999934794691,0.0733088078569066,0.0,0.0,359.9999999076915,True
1776076289.420464,34.571993350982666,4.261495986904074,0.9999999934619821,0.07330880785690658,0.0,0.0,359.9999999076915,True
1776076289.493208,34.644737243652344,4.273566361540234,0.9999999934425521,0.07330880785690654,0.0,0.0,359.9999999076915,True
1776076289.570944,34.72247338294983,4.284429699039916,0.9999999934250651,0.07330880785690651,0.0,0.0,359.9999999076915,True
1776076289.670117,34.821646213531494,4.296500074389416,0.9999999934056351,0.07330880785690648,0.0,0.0,359.9999999076916,True
1776076289.743917,34.89544630050659,4.307363412507421,0.999999993388148,0.07330880785690647,0.0,0.0,359.9999999076916,True
1776076289.820389,34.97191834449768,4.3194337885186185,0.999999993368718,0.07330880785690644,0.0,0.0,359.9999999076916,True
1776076289.892961,35.044490337371826,4.32909008956493,0.999999993353174,0.07330880785690641,0.0,0.0,359.9999999076916,True
1776076289.963318,35.11484742164612,4.338746390815108,0.99999999333763,0.07330880785690638,0.0,0.0,359.9999999076916,True
1776076290.027893,35.17942237854004,4.349609729957348,0.999999993320143,0.07330880785690637,0.0,0.0,359.9999999076916,True
1776076290.103157,35.25468635559082,4.360473069340836,0.999999993302656,0.07330880785690636,0.0,0.0,359.9999999076916,True
1776076290.202023,35.35355234146118,4.372543446706297,0.999999993283226,0.07330880785690633,0.0,0.0,359.9999999076916,True
1776076290.286155,35.437684297561646,4.385820862126997,0.999999993261853,0.0733088078569063,0.0,0.0,359.9999999076916,True
1776076290.361929,35.513458251953125,4.3978912400602965,0.999999993242423,0.07330880785690629,0.0,0.0,359.9999999076916,True
1776076290.449988,35.60151720046997,4.40875458041795,0.9999999932249359,0.07330880785690627,0.0,0.0,359.9999999076916,True
1776076290.511016,35.6625452041626,4.417203845278334,0.9999999932113349,0.07330880785690624,0.0,0.0,359.9999999076916,True
1776076290.573165,35.72469425201416,4.428067185984502,0.9999999931938479,0.07330880785690623,0.0,0.0,359.9999999076916,True
1776076290.640582,35.79211139678955,4.437723488991251,0.9999999931783039,0.07330880785690622,0.0,0.0,359.9999999076916,True
1776076290.730676,35.88220524787903,4.448586830044329,0.9999999931608169,0.0733088078569062,0.0,0.0,359.9999999076916,True
1776076290.800126,35.95165538787842,4.4582431333492485,0.9999999931452729,0.07330880785690619,0.0,0.0,359.9999999076916,True
1776076290.902056,36.05358529090881,4.475141664451652,0.9999999931180709,0.07330880785690616,0.0,0.0,359.9999999076916,True
1776076290.968107,36.11963629722595,4.483590930149297,0.9999999931044699,0.07330880785690616,0.0,0.0,359.9999999076916,True
1776076291.045895,36.19742441177368,4.493247233918799,0.9999999930889258,0.07330880785690615,0.0,0.0,359.9999999076916,True
1776076291.137276,36.28880524635315,4.5077316897951265,0.9999999930656098,0.07330880785690613,0.0,0.0,359.9999999076916,True
1776076291.221868,36.37339735031128,4.519802069887743,0.9999999930461798,0.07330880785690612,0.0,0.0,359.9999999076916,True
1776076291.29345,36.444979429244995,4.528251336054444,0.9999999930325788,0.0733088078569061,0.0,0.0,359.9999999076916,True
1776076291.368446,36.519975423812866,4.539114678387886,0.9999999930150918,0.07330880785690609,0.0,0.0,359.9999999076916,True
1776076291.430761,36.58229041099548,4.549978020850987,0.9999999929976048,0.07330880785690608,0.0,0.0,359.9999999076916,True
1776076291.498006,36.64953541755676,4.559634325367815,0.9999999929820608,0.07330880785690608,0.0,0.0,359.9999999076916,True
1776076291.565229,36.716758251190186,4.568083591898717,0.9999999929684598,0.07330880785690606,0.0,0.0,359.9999999076916,True
1776076291.626833,36.77836227416992,4.5765328585009515,0.9999999929548588,0.07330880785690605,0.0,0.0,359.9999999076916,True
1776076291.715736,36.86726522445679,4.591017315693724,0.9999999929315427,0.07330880785690605,0.0,0.0,359.9999999076916,True
1776076291.81616,36.96768927574158,4.604294734958162,0.9999999929101697,0.07330880785690604,0.0,0.0,359.9999999076916,True
1776076291.885746,37.037275314331055,4.613951039976407,0.9999999928946257,0.07330880785690602,0.0,0.0,359.9999999076916,True
1776076291.967629,37.11915826797485,4.6272284595068855,0.9999999928732527,0.07330880785690602,0.0,0.0,359.9999999076916,True
1776076292.050352,37.201881408691406,4.638091802867322,0.9999999928557657,0.07330880785690601,0.0,0.0,359.9999999076916,True
1776076292.121052,37.272581338882446,4.646541069990424,0.9999999928421647,0.073308807856906,0.0,0.0,359.9999999076916,True
1776076292.195466,37.34699535369873,4.6574044135152555,0.9999999928246777,0.073308807856906,0.0,0.0,359.9999999076916,True
1776076292.281173,37.43270230293274,4.6706818334981355,0.9999999928033046,0.07330880785690598,0.0,0.0,359.9999999076916,True
1776076292.35196,37.50348925590515,4.6803381390195975,0.9999999927877606,0.07330880785690598,0.0,0.0,359.9999999076916,True
1776076292.43015,37.581679344177246,4.6912014828082365,0.9999999927702736,0.07330880785690597,0.0,0.0,359.9999999076916,True
1776076292.505992,37.65752124786377,4.7044789031010525,0.9999999927489006,0.07330880785690597,0.0,0.0,359.9999999076916,True
1776076292.568261,37.71979022026062,4.712928170619089,0.9999999927352996,0.07330880785690595,0.0,0.0,359.9999999076916,True
1776076292.63903,37.7905592918396,4.721377438181507,0.9999999927216986,0.07330880785690595,0.0,0.0,359.9999999076916,True
1776076292.713174,37.86470341682434,4.732240782253593,0.9999999927042116,0.07330880785690594,0.0,0.0,359.9999999076916,True
1776076292.808587,37.960116386413574,4.7467252411230785,0.9999999926808956,0.07330880785690594,0.0,0.0,359.9999999076916,True
1776076292.868448,38.0199773311615,4.7539674706019515,0.9999999926692376,0.07330880785690594,0.0,0.0,359.9999999076916,True
1776076292.93934,38.090869426727295,4.763623776618003,0.9999999926536935,0.07330880785690592,0.0,0.0,359.9999999076916,True
1776076293.003019,38.15454840660095,4.774487120944666,0.9999999926362065,0.07330880785690592,0.0,0.0,359.9999999076916,True
1776076293.070038,38.22156739234924,4.784143427063219,0.9999999926206625,0.07330880785690591,0.0,0.0,359.9999999076916,True
1776076293.149012,38.300541400909424,4.793799733227674,0.9999999926051185,0.07330880785690591,0.0,0.0,359.9999999076916,True
1776076293.219687,38.37121629714966,4.803456039436601,0.9999999925895745,0.07330880785690591,0.0,0.0,359.9999999076916,True
1776076293.2903,38.441829204559326,4.815526422258195,0.9999999925701445,0.07330880785690591,0.0,0.0,359.9999999076916,True
1776076293.370575,38.522104263305664,4.8263897668530324,0.9999999925526575,0.0733088078569059,0.0,0.0,359.9999999076916,True
1776076293.437877,38.58940625190735,4.834839034906303,0.9999999925390565,0.0733088078569059,0.0,0.0,359.9999999076916,True
1776076293.515902,38.667431354522705,4.845702379589847,0.9999999925215695,0.07330880785690588,0.0,0.0,359.9999999076916,True
1776076293.610128,38.76165723800659,4.861393877549471,0.9999999924963104,0.07330880785690588,0.0,0.0,359.9999999076916,True
1776076293.699047,38.850576400756836,4.872257222346171,0.9999999924788234,0.07330880785690588,0.0,0.0,359.9999999076916,True
1776076293.782568,38.93409729003906,4.884327605504601,0.9999999924593934,0.07330880785690588,0.0,0.0,359.9999999076916,True
1776076293.854768,39.00629734992981,4.896397988714687,0.9999999924399634,0.07330880785690587,0.0,0.0,359.9999999076916,True
1776076293.939462,39.090991258621216,4.9072613336462725,0.9999999924224764,0.07330880785690587,0.0,0.0,359.9999999076916,True
1776076294.010271,39.161800384521484,4.916917640284751,0.9999999924069324,0.07330880785690587,0.0,0.0,359.9999999076916,True
1776076294.104543,39.25607228279114,4.932609138635231,0.9999999923816734,0.07330880785690586,0.0,0.0,359.9999999076916,True
1776076294.179444,39.330973386764526,4.9422654453497366,0.9999999923661294,0.07330880785690586,0.0,0.0,359.9999999076916,True
1776076294.258756,39.410285234451294,4.951921752091585,0.9999999923505853,0.07330880785690586,0.0,0.0,359.9999999076916,True
1776076294.329795,39.481324195861816,4.962785097207787,0.9999999923330983,0.07330880785690586,0.0,0.0,359.9999999076916,True
1776076294.403716,39.5552453994751,4.972441404004943,0.9999999923175543,0.07330880785690586,0.0,0.0,359.9999999076916,True
1776076294.468729,39.62025833129883,4.982097710826867,0.9999999923020103,0.07330880785690586,0.0,0.0,359.9999999076916,True
1776076294.537093,39.68862223625183,4.992961056030179,0.9999999922845233,0.07330880785690584,0.0,0.0,359.9999999076916,True
1776076294.616182,39.76771140098572,5.0038244012628015,0.9999999922670363,0.07330880785690584,0.0,0.0,359.9999999076916,True
1776076294.703341,39.854870319366455,5.014687746523706,0.9999999922495493,0.07330880785690584,0.0,0.0,359.9999999076916,True
1776076294.779665,39.93119430541992,5.026758130178907,0.9999999922301193,0.07330880785690584,0.0,0.0,359.9999999076916,True
1776076294.848869,40.00039839744568,5.0376214754963184,0.9999999922126322,0.07330880785690583,0.0,0.0,359.9999999076916,True
1776076294.930129,40.081658363342285,5.047277782466415,0.9999999921970882,0.07330880785690583,0.0,0.0,359.9999999076916,True
1776076295.038684,40.190213203430176,5.064176319710356,0.9999999921698862,0.07330880785690583,0.0,0.0,359.9999999076916,True
1776076295.107617,40.259146213531494,5.075039665111316,0.9999999921523992,0.07330880785690583,0.0,0.0,359.9999999076916,True
1776076295.175648,40.32717728614807,5.083488933772035,0.9999999921387982,0.07330880785690583,0.0,0.0,359.9999999076916,True
1776076295.247059,40.39858841896057,5.091938202445932,0.9999999921251972,0.07330880785690583,0.0,0.0,359.9999999076916,True
1776076295.333393,40.48492240905762,5.106422663059385,0.9999999921018812,0.07330880785690583,0.0,0.0,359.9999999076916,True
1776076295.398928,40.550457239151,5.116078970155087,0.9999999920863372,0.07330880785690583,0.0,0.0,359.9999999076916,True
1776076295.488584,40.64011335372925,5.12694231565622,0.9999999920688502,0.07330880785690583,0.0,0.0,359.9999999076916,True
1776076295.577881,40.72941040992737,5.140219737960975,0.9999999920474771,0.07330880785690583,0.0,0.0,359.9999999076916,True
1776076295.645542,40.7970712184906,5.151083083503204,0.9999999920299901,0.07330880785690581,0.0,0.0,359.9999999076916,True
1776076295.73957,40.89109921455383,5.163153467459462,0.9999999920105601,0.07330880785690581,0.0,0.0,359.9999999076916,True
1776076295.803393,40.95492219924927,5.171602736241219,0.9999999919969591,0.07330880785690581,0.0,0.0,359.9999999076916,True
1776076295.869883,41.02141237258911,5.182466081832236,0.9999999919794721,0.07330880785690581,0.0,0.0,359.9999999076916,True
1776076295.964068,41.11559724807739,5.195743504242594,0.9999999919580991,0.07330880785690581,0.0,0.0,359.9999999076916,True
1776076296.0322,41.18372941017151,5.204192773060977,0.9999999919444981,0.07330880785690581,0.0,0.0,359.9999999076916,True
1776076296.111633,41.26316237449646,5.216263157102572,0.999999991925068,0.07330880785690581,0.0,0.0,359.9999999076916,True
1776076296.185238,41.33676719665527,5.228333541161579,0.999999991905638,0.0733088078569058,0.0,0.0,359.9999999076916,True
1776076296.25725,41.40877938270569,5.236782810012878,0.999999991892037,0.0733088078569058,0.0,0.0,359.9999999076916,True
1776076296.32796,41.47948932647705,5.24643911728126,0.999999991876493,0.0733088078569058,0.0,0.0,359.9999999076916,True
1776076296.408799,41.560328245162964,5.2597165397917,0.99999999185512,0.0733088078569058,0.0,0.0,359.9999999076916,True
1776076296.489132,41.64066123962402,5.270579885495685,0.999999991837633,0.0733088078569058,0.0,0.0,359.9999999076916,True
1776076296.606602,41.75813126564026,5.286271384866613,0.999999991812374,0.0733088078569058,0.0,0.0,359.9999999076916,True
1776076296.683072,41.834601402282715,5.299548807429565,0.999999991791001,0.0733088078569058,0.0,0.0,359.9999999076916,True
1776076296.766046,41.91757535934448,5.3104121531748465,0.999999991773514,0.0733088078569058,0.0,0.0,359.9999999076916,True
1776076296.83727,41.98879933357239,5.318861422095024,0.9999999917599129,0.0733088078569058,0.0,0.0,359.9999999076916,True
1776076296.906156,42.05768537521362,5.329724767858471,0.9999999917424259,0.0733088078569058,0.0,0.0,359.9999999076916,True
1776076296.997708,42.149237394332886,5.344209228891466,0.9999999917191099,0.0733088078569058,0.0,0.0,359.9999999076916,True
1776076297.115041,42.26657032966614,5.358693689940947,0.9999999916957939,0.0733088078569058,0.0,0.0,359.9999999076916,True
1776076297.185054,42.336583375930786,5.369557035738415,0.9999999916783069,0.0733088078569058,0.0,0.0,359.9999999076916,True
1776076297.256153,42.40768241882324,5.3804203815444165,0.9999999916608199,0.0733088078569058,0.0,0.0,359.9999999076916,True
1776076297.347667,42.49919629096985,5.392490765782953,0.9999999916413899,0.0733088078569058,0.0,0.0,359.9999999076916,True
1776076297.417439,42.568968296051025,5.4021470731808385,0.9999999916258459,0.0733088078569058,0.0,0.0,359.9999999076916,True
1776076297.508854,42.660383224487305,5.417838572715242,0.9999999916005868,0.0733088078569058,0.0,0.0,359.9999999076916,True
1776076297.613893,42.765422344207764,5.431115995410103,0.9999999915792138,0.0733088078569058,0.0,0.0,359.9999999076916,True
1776076297.690059,42.841588258743286,5.441979341259123,0.9999999915617268,0.07330880785690579,0.0,0.0,359.9999999076916,True
1776076297.789123,42.94065237045288,5.457670840830641,0.9999999915364678,0.07330880785690579,0.0,0.0,359.9999999076916,True
1776076297.866422,43.017951250076294,5.467327148265942,0.9999999915209238,0.07330880785690579,0.0,0.0,359.9999999076916,True
1776076297.951979,43.10350823402405,5.479397532566932,0.9999999915014938,0.07330880785690579,0.0,0.0,359.9999999076916,True
1776076298.026887,43.17841625213623,5.4914679168752745,0.9999999914820638,0.07330880785690579,0.0,0.0,359.9999999076916,True
1776076298.101208,43.252737283706665,5.50112422432705,0.9999999914665197,0.07330880785690579,0.0,0.0,359.9999999076916,True
1776076298.179046,43.33057522773743,5.509573493350952,0.9999999914529187,0.07330880785690579,0.0,0.0,359.9999999076916,True
1776076298.247332,43.39886140823364,5.519229800810829,0.9999999914373747,0.07330880785690579,0.0,0.0,359.9999999076916,True
1776076298.323426,43.474955320358276,5.532507223574878,0.9999999914160017,0.07330880785690579,0.0,0.0,359.9999999076916,True
1776076298.402128,43.5536572933197,5.543370569478308,0.9999999913985147,0.07330880785690579,0.0,0.0,359.9999999076916,True
1776076298.469357,43.62088632583618,5.551819838517658,0.9999999913849137,0.07330880785690579,0.0,0.0,359.9999999076916,True
1776076298.540067,43.691596269607544,5.561476145994675,0.9999999913693697,0.07330880785690579,0.0,0.0,359.9999999076916,True
1776076298.610062,43.76159119606018,5.573546530345987,0.9999999913499397,0.07330880785690579,0.0,0.0,359.9999999076916,True
1776076298.680204,43.83173322677612,5.583202837830935,0.9999999913343957,0.07330880785690579,0.0,0.0,359.9999999076916,True
1776076298.759103,43.910632371902466,5.592859145319232,0.9999999913188516,0.07330880785690579,0.0,0.0,359.9999999076916,True
1776076298.831749,43.98327827453613,5.603722491247439,0.9999999913013646,0.07330880785690579,0.0,0.0,359.9999999076916,True
1776076298.919767,44.07129621505737,5.616999914053944,0.9999999912799916,0.07330880785690579,0.0,0.0,359.9999999076916,True
1776076298.990152,44.14168119430542,5.625449183115597,0.9999999912663906,0.07330880785690579,0.0,0.0,359.9999999076916,True
1776076299.064584,44.216113328933716,5.636312529055279,0.9999999912489036,0.07330880785690579,0.0,0.0,359.9999999076916,True
1776076299.129428,44.28095722198486,5.647175874998522,0.9999999912314166,0.07330880785690579,0.0,0.0,359.9999999076916,True
1776076299.203761,44.35529041290283,5.658039220945201,0.9999999912139296,0.07330880785690579,0.0,0.0,359.9999999076916,True
1776076299.306816,44.45834541320801,5.670109605334286,0.9999999911944996,0.07330880785690579,0.0,0.0,359.9999999076916,True
1776076299.369643,44.521172285079956,5.679765912848393,0.9999999911789555,0.07330880785690579,0.0,0.0,359.9999999076916,True
1776076299.439831,44.591360330581665,5.691836297244449,0.9999999911595255,0.07330880785690579,0.0,0.0,359.9999999076916,True
1776076299.513875,44.665404319763184,5.701492604763939,0.9999999911439815,0.07330880785690579,0.0,0.0,359.9999999076916,True
1776076299.581001,44.73253035545349,5.70994187384536,0.9999999911303805,0.07330880785690579,0.0,0.0,359.9999999076916,True
1776076299.694613,44.846142292022705,5.728047450454047,0.9999999911012355,0.07330880785690577,0.0,0.0,359.9999999076916,True
1776076299.765722,44.91725134849548,5.737703757981702,0.9999999910856915,0.07330880785690577,0.0,0.0,359.9999999076916,True
1776076299.824811,44.97634029388428,5.744945988628771,0.9999999910740335,0.07330880785690577,0.0,0.0,359.9999999076916,True
1776076299.903189,45.054718255996704,5.7558093346014445,0.9999999910565465,0.07330880785690577,0.0,0.0,359.9999999076916,True
1776076299.992057,45.14358639717102,5.770293795902073,0.9999999910332305,0.07330880785690577,0.0,0.0,359.9999999076916,True
1776076300.052875,45.20440435409546,5.778743064996003,0.9999999910196294,0.07330880785690577,0.0,0.0,359.9999999076916,True
1776076300.120552,45.27208137512207,5.7871923340912845,0.9999999910060284,0.07330880785690577,0.0,0.0,359.9999999076916,True
1776076300.186924,45.33845329284668,5.796848641630357,0.9999999909904844,0.07330880785690577,0.0,0.0,359.9999999076916,True
1776076300.263916,45.41544532775879,5.808919026056525,0.9999999909710544,0.07330880785690577,0.0,0.0,359.9999999076916,True
1776076300.328291,45.479820251464844,5.817368295156337,0.9999999909574534,0.07330880785690577,0.0,0.0,359.9999999076916,True
1776076300.390455,45.54198431968689,5.825817564257338,0.9999999909438524,0.07330880785690577,0.0,0.0,359.9999999076916,True
1776076300.472029,45.62355828285217,5.839094987132668,0.9999999909224794,0.07330880785690577,0.0,0.0,359.9999999076916,True
1776076300.553182,45.70471119880676,5.849958333123615,0.9999999909049924,0.07330880785690577,0.0,0.0,359.9999999076916,True
1776076300.62268,45.77420926094055,5.858407602228911,0.9999999908913914,0.07330880785690577,0.0,0.0,359.9999999076916,True
1776076300.695243,45.84677219390869,5.869270948222958,0.9999999908739043,0.07330880785690577,0.0,0.0,359.9999999076916,True
1776076300.785413,45.93694233894348,5.8837554095509255,0.9999999908505883,0.07330880785690577,0.0,0.0,359.9999999076916,True
1776076300.870514,46.022043228149414,5.893411717104476,0.9999999908350443,0.07330880785690577,0.0,0.0,359.9999999076916,True
1776076300.938707,46.09023642539978,5.903068024659238,0.9999999908195003,0.07330880785690577,0.0,0.0,359.9999999076916,True
1776076301.013057,46.164586305618286,5.915138409104339,0.9999999908000703,0.07330880785690577,0.0,0.0,359.9999999076916,True
1776076301.085693,46.23722219467163,5.926001755106439,0.9999999907825833,0.07330880785690577,0.0,0.0,359.9999999076916,True
1776076301.175974,46.3275032043457,5.936865101109917,0.9999999907650963,0.07330880785690577,0.0,0.0,359.9999999076916,True
1776076301.248685,46.400214195251465,5.946521408669681,0.9999999907495523,0.07330880785690577,0.0,0.0,359.9999999076916,True
1776076301.323555,46.47508430480957,5.959798831566014,0.9999999907281792,0.07330880785690577,0.0,0.0,359.9999999076916,True
1776076301.395564,46.54709339141846,5.969455139128147,0.9999999907126352,0.07330880785690577,0.0,0.0,359.9999999076916,True
1776076301.466224,46.61775326728821,5.977904408245788,0.9999999906990342,0.07330880785690577,0.0,0.0,359.9999999076916,True
1776076301.563965,46.71549439430237,5.9923888695919425,0.9999999906757182,0.07330880785690577,0.0,0.0,359.9999999076916,True
1776076301.635801,46.78733038902283,6.00445925404858,0.9999999906562882,0.07330880785690577,0.0,0.0,359.9999999076916,True
1776076301.72367,46.87519931793213,6.015298872526725,0.9999999906388393,0.07330880786472893,0.0,0.0,359.99999990767225,True
1776076301.788765,46.94029426574707,6.023616689974782,0.9999999906254496,0.07330880787733479,0.0,0.0,359.9999999077297,True
1776076301.859039,47.010568380355835,6.034147144766279,0.999999990608498,0.07330880789280728,0.0,0.0,359.9999999076879,True
1776076301.922835,47.07436442375183,6.044499025957827,0.999999990591834,0.07330880790750496,0.0,0.0,359.99999990772704,True
1776076302.020573,47.172102212905884,6.055798918212742,0.999999990573644,0.07330880792298877,0.0,0.0,359.9999999076809,True
1776076302.116134,47.26766324043274,6.067991899602055,0.9999999905540162,0.0733088079390647,0.0,0.0,359.999999907782,True
1776076302.193484,47.34501338005066,6.079946132042031,0.9999999905347727,0.0733088079542136,0.0,0.0,359.9999999077749,True
1776076302.27813,47.429659366607666,6.089555715769247,0.9999999905193037,0.0733088079659677,0.0,0.0,359.99999990771994,True
1776076302.369161,47.52069020271301,6.100058590942663,0.9999999905023966,0.07330880797839759,0.0,0.0,359.9999999078184,True
1776076302.439396,47.590925216674805,6.110383852814745,0.9999999904857754,0.0733088079902068,0.0,0.0,359.9999999077536,True
1776076302.527619,47.67914819717407,6.1205374136697355,0.9999999904694304,0.073308808001436,0.0,0.0,359.99999990776496,True
1776076302.605232,47.75676131248474,6.128540424712536,0.9999999904565475,0.07330880801002695,0.0,0.0,359.9999999076156,True
1776076302.67355,47.82507920265198,6.137420190496635,0.9999999904422534,0.07330880801929882,0.0,0.0,359.9999999076341,True
1776076302.751801,47.90333032608032,6.147137478503917,0.9999999904266109,0.07330880802914047,0.0,0.0,359.999999907853,True
1776076302.822247,47.97377634048462,6.153848731321004,0.9999999904158074,0.07330880803575676,0.0,0.0,359.9999999077063,True
1776076302.904159,48.05568838119507,6.162370506123534,0.9999999904020895,0.07330880804395079,0.0,0.0,359.99999990760097,True
1776076302.98908,48.14060926437378,6.173550988074528,0.9999999903840916,0.07330880805435973,0.0,0.0,359.9999999077443,True
1776076303.060705,48.21223425865173,6.1808925220119155,0.9999999903722735,0.07330880806098995,0.0,0.0,359.9999999075792,True
1776076303.138767,48.29029631614685,6.18814684866141,0.9999999903605957,0.07330880806738649,0.0,0.0,359.9999999077733,True
1776076303.228227,48.3797562122345,6.1988692875259215,0.9999999903433352,0.07330880807656666,0.0,0.0,359.9999999078183,True
1776076303.321764,48.47329330444336,6.208535512367821,0.999999990327775,0.07330880808457038,0.0,0.0,359.9999999077345,True
1776076303.404752,48.556281328201294,6.215470631555181,0.9999999903166111,0.07330880809015843,0.0,0.0,359.99999990774694,True
1776076303.476164,48.62769341468811,6.2231796556158905,0.9999999903042015,0.07330880809622273,0.0,0.0,359.9999999076673,True
1776076303.556965,48.708494424819946,6.232471543660008,0.9999999902892436,0.07330880810333135,0.0,0.0,359.9999999077513,True
1776076303.626293,48.77782225608826,6.2383118018287265,0.9999999902798421,0.07330880810768978,0.0,0.0,359.9999999076312,True
1776076303.71066,48.862189292907715,6.245739572663686,0.9999999902678852,0.0733088081131137,0.0,0.0,359.9999999076767,True
1776076303.77864,48.930169343948364,6.253888077245243,0.9999999902547682,0.07330880811891397,0.0,0.0,359.99999990764354,True
1776076303.83928,48.990809202194214,6.259528033895221,0.9999999902456892,0.0733088081228388,0.0,0.0,359.9999999076078,True
1776076303.908529,49.06005835533142,6.265116390725707,0.9999999902366933,0.07330880812665681,0.0,0.0,359.9999999075945,True
1776076303.969957,49.12148642539978,6.269866051981529,0.9999999902290475,0.07330880812984727,0.0,0.0,359.99999990772335,True
1776076304.053794,49.205323219299316,6.278478989227078,0.9999999902151828,0.0733088081355076,0.0,0.0,359.9999999077215,True
1776076304.130792,49.2823212146759,6.286204924441989,0.9999999902027458,0.07330880814045079,0.0,0.0,359.9999999078912,True
1776076304.197918,49.34944725036621,6.291555520384739,0.9999999901941325,0.07330880814380156,0.0,0.0,359.99999990753713,True
1776076304.25957,49.41109919548035,6.2961047368531355,0.9999999901868094,0.07330880814660462,0.0,0.0,359.99999990777263,True
1776076304.32901,49.480539321899414,6.302118133781603,0.9999999901771294,0.07330880815024628,0.0,0.0,359.9999999078055,True
1776076304.403793,49.55532240867615,6.310291073503618,0.9999999901639727,0.07330880815508205,0.0,0.0,359.99999990753156,True
1776076304.483112,49.63464140892029,6.316897637938511,0.9999999901533377,0.07330880815889744,0.0,0.0,359.99999990751485,True
1776076304.550868,49.70239734649658,6.321987131903376,0.9999999901451447,0.07330880816178088,0.0,0.0,359.9999999077491,True
1776076304.614157,49.76568627357483,6.327752245608931,0.9999999901358644,0.07330880816498953,0.0,0.0,359.9999999079031,True
1776076304.678147,49.829676389694214,6.334173624824033,0.9999999901255275,0.07330880816849275,0.0,0.0,359.99999990745397,True
1776076304.754216,49.90574526786804,6.339825400123141,0.9999999901164296,0.07330880817151572,0.0,0.0,359.999999907661,True
1776076304.829233,49.980762243270874,6.345425368421608,0.999999990107415,0.07330880817445624,0.0,0.0,359.99999990790036,True
1776076304.919855,50.07138442993164,6.353730235698586,0.9999999900940463,0.07330880817871893,0.0,0.0,359.9999999077575,True
1776076304.998661,50.150190353393555,6.359885628940319,0.9999999900841376,0.07330880818180434,0.0,0.0,359.99999990796647,True
1776076305.067402,50.21893119812012,6.364630645717236,0.9999999900764993,0.07330880818414066,0.0,0.0,359.9999999078301,True
1776076305.143121,50.2946503162384,6.370008776501109,0.9999999900678418,0.07330880818674516,0.0,0.0,359.9999999076053,True
1776076305.208829,50.360358238220215,6.376665540421098,0.9999999900571259,0.07330880818990596,0.0,0.0,359.99999990779804,True
1776076305.276846,50.428375244140625,6.3812824930482455,0.9999999900496938,0.07330880819205804,0.0,0.0,359.99999990771164,True
1776076305.342515,50.49404430389404,6.3858648178330855,0.9999999900423173,0.07330880819416205,0.0,0.0,359.9999999076386,True
1776076305.402144,50.5536732673645,6.391060020191619,0.9999999900339542,0.07330880819650956,0.0,0.0,359.9999999074812,True
1776076305.462861,50.61439037322998,6.396211419440027,0.9999999900256618,0.07330880819879815,0.0,0.0,359.99999990798455,True
1776076305.529464,50.68099331855774,6.400683538117501,0.9999999900184627,0.07330880820075386,0.0,0.0,359.9999999079634,True
1776076305.598411,50.749940395355225,6.405123160878045,0.999999990011316,0.07330880820266723,0.0,0.0,359.9999999079566,True
1776076305.663742,50.81527137756348,6.4101578258236644,0.9999999900032115,0.07330880820480365,0.0,0.0,359.9999999078697,True
1776076305.733433,50.88496232032776,6.416393372353362,0.9999999899931736,0.07330880820740124,0.0,0.0,359.9999999076113,True
1776076305.800223,50.95175242424011,6.420720697757202,0.9999999899862078,0.07330880820917297,0.0,0.0,359.9999999076514,True
1776076305.885777,51.03730630874634,6.426239745345393,0.9999999899773235,0.07330880821139647,0.0,0.0,359.9999999075219,True
1776076305.954125,51.10565423965454,6.431709387477489,0.9999999899685187,0.07330880821356077,0.0,0.0,359.99999990741065,True
1776076306.050607,51.202136278152466,6.438926903385082,0.9999999899569002,0.07330880821635796,0.0,0.0,359.99999990778565,True
1776076306.151861,51.30339026451111,6.444284637239946,0.9999999899482755,0.07330880821839203,0.0,0.0,359.9999999077266,True
1776076306.228947,51.380476236343384,6.4507698160665115,0.999999989937836,0.07330880822080685,0.0,0.0,359.99999990750933,True
1776076306.300766,51.45229530334473,6.456606294099848,0.9999999899284407,0.07330880822293669,0.0,0.0,359.9999999074028,True
1776076306.366918,51.518447399139404,6.461811880627475,0.9999999899200611,0.07330880822480224,0.0,0.0,359.99999990740514,True
1776076306.43428,51.58580923080444,6.465830231301996,0.9999999899135925,0.07330880822622071,0.0,0.0,359.9999999076011,True
1776076306.502421,51.653950214385986,6.469822329379167,0.9999999899071662,0.07330880822761156,0.0,0.0,359.9999999078147,True
1776076306.578148,51.72967720031738,6.475480460956805,0.9999999898980579,0.07330880822955194,0.0,0.0,359.9999999077914,True
1776076306.648162,51.79969120025635,6.480528368131103,0.9999999898899321,0.07330880823125295,0.0,0.0,359.9999999078754,True
1776076306.723032,51.87456130981445,6.4849806550020315,0.9999999898827651,0.0733088082327301,0.0,0.0,359.9999999080648,True
1776076306.843813,51.99534225463867,6.492694942292186,0.999999989870347,0.07330880823523903,0.0,0.0,359.99999990777906,True
1776076306.919578,52.071107387542725,6.498146126246999,0.999999989861572,0.07330880823697408,0.0,0.0,359.99999990785153,True
1776076306.985316,52.1368453502655,6.501933226531824,0.9999999898554758,0.07330880823816135,0.0,0.0,359.99999990727855,True
1776076307.053606,52.205135345458984,6.505697001359797,0.999999989849417,0.07330880823932683,0.0,0.0,359.9999999076247,True
1776076307.116037,52.267566204071045,6.50997026277496,0.999999989842538,0.07330880824063275,0.0,0.0,359.9999999079113,True
1776076307.197833,52.34936237335205,6.51579762770229,0.9999999898331572,0.07330880824238442,0.0,0.0,359.99999990798227,True
1776076307.283741,52.43527030944824,6.520524482536617,0.999999989825548,0.07330880824378093,0.0,0.0,359.9999999072676,True
1776076307.373336,52.52486538887024,6.525734015039275,0.9999999898171619,0.07330880824529519,0.0,0.0,359.9999999074529,True
1776076307.453004,52.604533195495605,6.531413669053643,0.9999999898080191,0.07330880824691695,0.0,0.0,359.9999999075876,True
1776076307.532898,52.68442726135254,6.536021713789057,0.9999999898006012,0.0733088082482107,0.0,0.0,359.99999990790565,True
1776076307.6193,52.77082920074463,6.540595271917979,0.9999999897932389,0.07330880824947564,0.0,0.0,359.99999990721363,True
1776076307.691065,52.842594385147095,6.545134856013799,0.9999999897859314,0.07330880825071258,0.0,0.0,359.99999990756623,True
1776076307.77367,52.92519927024841,6.550637829202268,0.9999999897770729,0.07330880825218755,0.0,0.0,359.9999999077959,True
1776076307.842925,52.9944543838501,6.554114096000355,0.999999989771477,0.0733088082531057,0.0,0.0,359.9999999072698,True
1776076307.940063,53.09159231185913,6.559537160712191,0.9999999897627471,0.07330880825451733,0.0,0.0,359.99999990753736,True
1776076308.00476,53.15628933906555,6.563938696434069,0.9999999897556617,0.07330880825564476,0.0,0.0,359.99999990798426,True
1776076308.085501,53.237030267715454,6.568308757936035,0.9999999897486269,0.07330880825674815,0.0,0.0,359.99999990732385,True
1776076308.154098,53.30562734603882,6.5716862212591955,0.9999999897431902,0.07330880825759019,0.0,0.0,359.99999990795357,True
1776076308.220438,53.37196731567383,6.575523461139872,0.9999999897370131,0.07330880825853561,0.0,0.0,359.9999999073737,True
1776076308.28497,53.43649935722351,6.579336758171599,0.9999999897308747,0.07330880825946343,0.0,0.0,359.9999999079663,True
1776076308.357801,53.50933027267456,6.584070161842339,0.9999999897232551,0.07330880826059913,0.0,0.0,359.9999999072506,True
1776076308.430214,53.581743240356445,6.587830665195122,0.9999999897172016,0.07330880826148893,0.0,0.0,359.9999999078822,True
1776076308.510711,53.66224026679993,6.591568171224729,0.9999999897111851,0.0733088082623625,0.0,0.0,359.99999990731703,True
1776076308.579498,53.731027364730835,6.595745724552136,0.9999999897044602,0.07330880826332635,0.0,0.0,359.9999999079173,True
1776076308.646027,53.79755640029907,6.599894916265583,0.999999989697781,0.07330880826427069,0.0,0.0,359.99999990728986,True
1776076308.737403,53.88893222808838,6.604016129008897,0.999999989691147,0.07330880826519603,0.0,0.0,359.9999999079325,True
1776076308.806601,53.95813035964966,6.607656243990855,0.9999999896852872,0.07330880826600306,0.0,0.0,359.9999999073824,True
1776076308.867898,54.01942729949951,6.611725624521739,0.9999999896787365,0.07330880826689391,0.0,0.0,359.9999999080676,True
1776076308.937078,54.08860731124878,6.61532024440473,0.99999998967295,0.07330880826767103,0.0,0.0,359.9999999075252,True
1776076309.003239,54.154768228530884,6.618448286983649,0.9999999896679146,0.07330880826833988,0.0,0.0,359.99999990705066,True
1776076309.065278,54.21680736541748,6.621560401573821,0.9999999896629048,0.07330880826899855,0.0,0.0,359.99999990792037,True
1776076309.135608,54.287137269973755,6.62553854690981,0.9999999896565009,0.0733088082698308,0.0,0.0,359.99999990731897,True
1776076309.202084,54.35361337661743,6.629053068572679,0.9999999896508434,0.0733088082705571,0.0,0.0,359.9999999081654,True
1776076309.268027,54.41955637931824,6.632111783691268,0.9999999896459195,0.07330880827118241,0.0,0.0,359.99999990770465,True
1776076309.342708,54.494237422943115,6.636454992650854,0.9999999896389279,0.07330880827205967,0.0,0.0,359.99999990704634,True
1776076309.40481,54.556339263916016,6.639907474110909,0.9999999896333702,0.07330880827274816,0.0,0.0,359.999999907947,True
1776076309.494275,54.6458044052124,6.643768346245545,0.9999999896271551,0.07330880827350891,0.0,0.0,359.99999990736353,True
1776076309.570579,54.722108364105225,6.647179877074868,0.9999999896216634,0.07330880827417319,0.0,0.0,359.999999908312,True
1776076309.636694,54.78822326660156,6.651417685751814,0.9999999896148415,0.07330880827498808,0.0,0.0,359.999999907674,True
1776076309.722832,54.87436127662659,6.65562631352675,0.9999999896080666,0.07330880827578623,0.0,0.0,359.99999990703594,True
1776076309.793716,54.94524526596069,6.6585552044651415,0.9999999896033518,0.07330880827633524,0.0,0.0,359.99999990810835,True
1776076309.878566,55.03009533882141,6.663129576881927,0.9999999895959882,0.07330880827718222,0.0,0.0,359.99999990741793,True
1776076309.943985,55.09551429748535,6.666846947346617,0.999999989590004,0.07330880827786124,0.0,0.0,359.9999999068531,True
1776076310.008149,55.1596782207489,6.6697226851776,0.9999999895853745,0.07330880827838088,0.0,0.0,359.9999999079867,True
1776076310.069233,55.22076225280762,6.672176880000027,0.9999999895814237,0.0733088082788205,0.0,0.0,359.9999999076164,True
1776076310.136902,55.28843140602112,6.6754338857731526,0.9999999895761807,0.0733088082793985,0.0,0.0,359.99999990712274,True
1776076310.203504,55.35503339767456,6.679077390868989,0.9999999895703156,0.07330880828003783,0.0,0.0,359.9999999081924,True
1776076310.267802,55.419331312179565,6.682297928839497,0.9999999895651313,0.0733088082805966,0.0,0.0,359.9999999077074,True
1776076310.329366,55.48089528083801,6.6847022450527955,0.9999999895612609,0.07330880828100995,0.0,0.0,359.9999999073436,True
1776076310.419425,55.57095432281494,6.688688540466111,0.9999999895548439,0.07330880828168813,0.0,0.0,359.99999990673723,True
1776076310.504639,55.65616822242737,6.693438029516649,0.9999999895471985,0.07330880828248469,0.0,0.0,359.9999999077033,True
1776076310.57878,55.73030924797058,6.696583975711117,0.9999999895421342,0.07330880828300552,0.0,0.0,359.999999907227,True
1776076310.647712,55.79924130439758,6.69932345860713,0.9999999895377243,0.07330880828345472,0.0,0.0,359.9999999068102,True
1776076310.720359,55.871888399124146,6.70282770538035,0.9999999895320834,0.07330880828402347,0.0,0.0,359.9999999080264,True
1776076310.787716,55.93924522399902,6.706311976604821,0.9999999895264745,0.07330880828458257,0.0,0.0,359.9999999075005,True
1776076310.84976,56.00128936767578,6.70900830022028,0.9999999895221341,0.07330880828501085,0.0,0.0,359.9999999070916,True
1776076310.94224,56.09376931190491,6.712839674752919,0.9999999895159665,0.07330880828561297,0.0,0.0,359.9999999083229,True
1776076311.012938,56.164467334747314,6.7166471830842465,0.9999999895098373,0.0733088082862039,0.0,0.0,359.99999990774995,True
1776076311.081725,56.233254194259644,6.719676204900941,0.9999999895049613,0.07330880828666878,0.0,0.0,359.9999999072916,True
1776076311.149143,56.30067229270935,6.7223143415463325,0.9999999895007146,0.07330880828706993,0.0,0.0,359.9999999068906,True
1776076311.213486,56.365015268325806,6.725315478202928,0.9999999894958834,0.07330880828752208,0.0,0.0,359.9999999083227,True
1776076311.286054,56.437583208084106,6.7286742370633625,0.9999999894904766,0.07330880828802286,0.0,0.0,359.99999990781754,True
1776076311.377457,56.52898621559143,6.732384672389072,0.9999999894845036,0.07330880828856973,0.0,0.0,359.99999990725627,True
1776076311.452086,56.603615283966064,6.735704915394901,0.9999999894791588,0.07330880828905348,0.0,0.0,359.99999990675104,True
1776076311.526472,56.678001403808594,6.739373044757337,0.999999989473254,0.07330880828958183,0.0,0.0,359.9999999081649,True
1776076311.618145,56.76967430114746,6.743019293124683,0.9999999894673843,0.0733088082901008,0.0,0.0,359.9999999076154,True
1776076311.693694,56.84522342681885,6.7459207120928975,0.9999999894627137,0.07330880829050934,0.0,0.0,359.99999990717583,True
1776076311.765527,56.91705632209778,6.749168430919374,0.9999999894574857,0.07330880829096206,0.0,0.0,359.9999999066813,True
1776076311.83305,56.98457932472229,6.752040876886339,0.9999999894528616,0.0733088082913585,0.0,0.0,359.9999999083026,True
1776076311.919945,57.07147431373596,6.755612556062506,0.9999999894471123,0.07330880829184624,0.0,0.0,359.9999999077652,True
1776076311.996259,57.147788286209106,6.759517448057015,0.9999999894408266,0.07330880829237302,0.0,0.0,359.999999907174,True
1776076312.0599,57.21142935752869,6.761989453934882,0.9999999894368474,0.07330880829270303,0.0,0.0,359.9999999067978,True
1776076312.131782,57.28331136703491,6.76445150318518,0.9999999894328839,0.07330880829302906,0.0,0.0,359.9999999085732,True
1776076312.199478,57.35100722312927,6.767602493417786,0.9999999894278117,0.07330880829344252,0.0,0.0,359.9999999081006,True
1776076312.266228,57.41775727272034,6.770737324248885,0.9999999894227654,0.07330880829384964,0.0,0.0,359.99999990762814,True
1776076312.328993,57.4805223941803,6.772818315581938,0.9999999894194155,0.07330880829411761,0.0,0.0,359.99999990731317,True
1776076312.403328,57.55485725402832,6.775581996199897,0.9999999894149666,0.07330880829447067,0.0,0.0,359.9999999068931,True
1776076312.470459,57.62198829650879,6.778676274252478,0.9999999894099856,0.07330880829486218,0.0,0.0,359.99999990642056,True
1776076312.539701,57.69123029708862,6.7817549680713745,0.9999999894050297,0.07330880829524782,0.0,0.0,359.9999999082147,True
1776076312.609022,57.76055121421814,6.784138833520712,0.9999999894011922,0.07330880829554376,0.0,0.0,359.999999907856,True
1776076312.691875,57.8434042930603,6.787190206304642,0.9999999893962802,0.07330880829591922,0.0,0.0,359.9999999073949,True
1776076312.780317,57.931846380233765,6.791235153332887,0.9999999893897689,0.07330880829641119,0.0,0.0,359.9999999067801,True
1776076312.852749,58.00427842140198,6.793916990934089,0.9999999893854518,0.07330880829673378,0.0,0.0,359.9999999063702,True
1776076312.934202,58.08573126792908,6.796587114212907,0.9999999893811535,0.07330880829705218,0.0,0.0,359.99999990834147,True
1776076313.009579,58.16110825538635,6.799908450187106,0.9999999893758069,0.07330880829744436,0.0,0.0,359.99999990784204,True
1776076313.076193,58.22772240638733,6.802552586867953,0.9999999893715505,0.07330880829775355,0.0,0.0,359.99999990744254,True
1776076313.152032,58.303561210632324,6.805185335656498,0.9999999893673124,0.07330880829805875,0.0,0.0,359.99999990704305,True
1776076313.224015,58.37554430961609,6.80846040613498,0.9999999893620404,0.07330880829843477,0.0,0.0,359.9999999065437,True
1776076313.296874,58.44840335845947,6.81139304199436,0.9999999893573194,0.07330880829876807,0.0,0.0,359.99999990859885,True
1776076313.376354,58.52788329124451,6.813988070652594,0.9999999893531418,0.07330880829906034,0.0,0.0,359.99999990821,True
1776076313.463712,58.615241289138794,6.817538342670776,0.9999999893474267,0.07330880829945619,0.0,0.0,359.9999999076754,True
1776076313.539471,58.69100022315979,6.820748067238465,0.9999999893422599,0.07330880829981012,0.0,0.0,359.99999990718925,True
1776076313.607633,58.75916242599487,6.822984888813852,0.9999999893386591,0.0733088083000546,0.0,0.0,359.9999999068491,True
1776076313.675996,58.82752537727356,6.825213555490103,0.9999999893350714,0.0733088083002964,0.0,0.0,359.99999990650883,True
1776076313.74514,58.89666938781738,6.828067096661063,0.9999999893304778,0.07330880830060345,0.0,0.0,359.9999999087178,True
1776076313.811566,58.96309542655945,6.830907379579032,0.9999999893259057,0.07330880830090622,0.0,0.0,359.9999999082927,True
1776076313.894912,59.046441316604614,6.833734526908018,0.9999999893213547,0.07330880830120483,0.0,0.0,359.99999990786756,True
1776076313.960542,59.11207127571106,6.835924415377608,0.9999999893178295,0.07330880830143421,0.0,0.0,359.99999990753696,True
1776076314.055957,59.207486391067505,6.839970654864502,0.9999999893113161,0.07330880830185377,0.0,0.0,359.99999990692294,True
1776076314.12918,59.2807092666626,6.842756290959988,0.9999999893068318,0.0733088083021394,0.0,0.0,359.9999999064978,True
1776076314.199169,59.35069823265076,6.844914154945412,0.9999999893033582,0.07330880830235889,0.0,0.0,359.99999990616715,True
1776076314.262995,59.41452431678772,6.847064428753178,0.9999999892998969,0.07330880830257605,0.0,0.0,359.9999999086481,True
1776076314.336585,59.48811435699463,6.850123187238758,0.999999989294973,0.07330880830288236,0.0,0.0,359.9999999081898,True
1776076314.420414,59.571943283081055,6.85286304523859,0.9999999892905626,0.07330880830315413,0.0,0.0,359.9999999077774,True
1776076314.494207,59.64573621749878,6.855288208296562,0.9999999892866586,0.07330880830339268,0.0,0.0,359.9999999074108,True
1776076314.568812,59.720341205596924,6.858607175994573,0.9999999892813158,0.07330880830371606,0.0,0.0,359.9999999069068,True
1776076314.634912,59.78644132614136,6.861009702891308,0.9999999892774484,0.07330880830394798,0.0,0.0,359.99999990654027,True
1776076314.721297,59.87282633781433,6.863701307326874,0.9999999892731155,0.07330880830420564,0.0,0.0,359.9999999061278,True
1776076314.788142,59.93967127799988,6.866083936122073,0.99999998926928,0.07330880830443184,0.0,0.0,359.9999999087537,True
1776076314.853964,60.00549340248108,6.86875334023441,0.9999999892649829,0.07330880830468317,0.0,0.0,359.9999999083544,True
1776076314.939911,60.091440200805664,6.871411138886044,0.9999999892607043,0.07330880830493125,0.0,0.0,359.99999990795516,True
1776076315.003364,60.15489339828491,6.873470356467104,0.9999999892573896,0.07330880830512197,0.0,0.0,359.99999990764456,True
1776076315.064765,60.216294288635254,6.875815285763446,0.9999999892536149,0.0733088083053376,0.0,0.0,359.99999990728963,True
1776076315.151008,60.30253720283508,6.879024947084828,0.9999999892484478,0.07330880830563007,0.0,0.0,359.99999990680163,True
1776076315.228982,60.38051128387451,6.881348707032704,0.9999999892447068,0.07330880830583991,0.0,0.0,359.9999999064467,True
1776076315.308477,60.46000623703003,6.88395242217664,0.9999999892405151,0.07330880830607314,0.0,0.0,359.99999990604744,True
1776076315.386372,60.537901401519775,6.887119754293653,0.9999999892354164,0.0733088083063542,0.0,0.0,359.99999990876177,True
1776076315.46745,60.61897921562195,6.889699057424611,0.9999999892312645,0.07330880830658092,0.0,0.0,359.999999908376,True
1776076315.545113,60.69664239883423,6.891982671052335,0.9999999892275884,0.07330880830678006,0.0,0.0,359.9999999080331,True
1776076315.617159,60.7686882019043,6.894825244427604,0.9999999892230125,0.07330880830702588,0.0,0.0,359.99999990760455,True
1776076315.710533,60.862062215805054,6.897936884568756,0.9999999892180035,0.07330880830729236,0.0,0.0,359.99999990713303,True
1776076315.787305,60.93883442878723,6.900189989127687,0.9999999892143765,0.07330880830748364,0.0,0.0,359.99999990679015,True
1776076315.875036,61.02656531333923,6.9032745114811656,0.9999999892094112,0.07330880830774321,0.0,0.0,359.99999990631875,True
1776076315.956451,61.107980251312256,6.906065181427915,0.9999999892049188,0.0733088083079758,0.0,0.0,359.99999990589015,True
1776076316.02308,61.174609422683716,6.908011098353627,0.9999999892017863,0.07330880830813674,0.0,0.0,359.9999999090244,True
1776076316.103868,61.2553973197937,6.910780279015447,0.9999999891973286,0.073308808308364,0.0,0.0,359.99999990861136,True
1776076316.177039,61.32856822013855,6.913536972856204,0.9999999891928909,0.0733088083085882,0.0,0.0,359.9999999081984,True
1776076316.246582,61.39811134338379,6.915459288993122,0.9999999891897965,0.07330880830874334,0.0,0.0,359.9999999079093,True
1776076316.338047,61.48957633972168,6.918195011772698,0.9999999891853926,0.07330880830896247,0.0,0.0,359.9999999074963,True
1776076316.404738,61.55626726150513,6.920374809782403,0.9999999891818836,0.07330880830913566,0.0,0.0,359.99999990716594,True
1776076316.470259,61.62178826332092,6.92254686325459,0.9999999891783871,0.07330880830930701,0.0,0.0,359.9999999068355,True
1776076316.554108,61.70563721656799,6.925251122841014,0.9999999891740339,0.07330880830951866,0.0,0.0,359.99999990642254,True
1776076316.617944,61.76947331428528,6.9274059507578745,0.9999999891705651,0.07330880830968597,0.0,0.0,359.99999990609217,True
1776076316.71201,61.86353921890259,6.930088848824362,0.9999999891662463,0.07330880830989264,0.0,0.0,359.99999990567915,True
1776076316.776162,61.92769122123718,6.932226722311156,0.9999999891628047,0.07330880831005604,0.0,0.0,359.999999909062,True
1776076316.863355,62.01488423347473,6.9351541445755895,0.9999999891580924,0.07330880831027792,0.0,0.0,359.9999999086256,True
1776076316.955043,62.10657238960266,6.937009777593915,0.9999999891551052,0.07330880831041747,0.0,0.0,359.9999999083479,True
1776076317.02924,62.180769205093384,6.9393873452015935,0.999999989151278,0.07330880831059505,0.0,0.0,359.9999999079908,True
1776076317.107078,62.258607387542725,6.94254312022187,0.9999999891461979,0.07330880831082862,0.0,0.0,359.9999999075147,True
1776076317.19902,62.35054922103882,6.945421673326948,0.9999999891415642,0.07330880831103956,0.0,0.0,359.9999999070782,True
1776076317.298682,62.4502112865448,6.9480268303242765,0.9999999891373704,0.07330880831122877,0.0,0.0,359.99999990668147,True
1776076317.365564,62.51709342002869,6.950362017735816,0.9999999891336113,0.07330880831139701,0.0,0.0,359.9999999063244,True
1776076317.432906,62.58443522453308,6.952688319535531,0.9999999891298665,0.07330880831156335,0.0,0.0,359.9999999059673,True
1776076317.521546,62.6730751991272,6.9550058031025195,0.999999989126136,0.07330880831172779,0.0,0.0,359.9999999056102,True
1776076317.620781,62.77231025695801,6.957826404745478,0.9999999891215955,0.07330880831192625,0.0,0.0,359.99999990921077,True
1776076317.699049,62.85057830810547,6.960634053041245,0.9999999891170759,0.073308808312122,0.0,0.0,359.9999999087929,True
1776076317.766629,62.918158292770386,6.962667910788787,0.9999999891138018,0.07330880831226266,0.0,0.0,359.99999990848903,True
1776076317.840289,62.99181842803955,6.964695024894202,0.9999999891105387,0.07330880831240195,0.0,0.0,359.99999990818515,True
1776076317.916777,63.06830620765686,6.9672195021536885,0.9999999891064747,0.07330880831257412,0.0,0.0,359.99999990780526,True
1776076317.983079,63.13460826873779,6.969231605393128,0.9999999891032355,0.07330880831271033,0.0,0.0,359.9999999075014,True
1776076318.053163,63.204692363739014,6.970986779893475,0.99999998910041,0.07330880831282843,0.0,0.0,359.99999990723546,True
1776076318.128445,63.27997422218323,6.972986542892669,0.9999999890971908,0.07330880831296215,0.0,0.0,359.99999990693163,True
1776076318.193003,63.34453225135803,6.975228485232717,0.9999999890935819,0.07330880831311101,0.0,0.0,359.9999999065898,True
1776076318.262166,63.413695335388184,6.977462236300237,0.999999989089986,0.07330880831325826,0.0,0.0,359.99999990624787,True
1776076318.330636,63.48216533660889,6.9791939733477255,0.9999999890871983,0.07330880831337168,0.0,0.0,359.999999905982,True
1776076318.394532,63.546061277389526,6.980920819072545,0.9999999890844186,0.07330880831348414,0.0,0.0,359.9999999057161,True
1776076318.460525,63.61205434799194,6.9831339063652695,0.999999989080856,0.07330880831362734,0.0,0.0,359.99999990537424,True
1776076318.54982,63.70134925842285,6.9853390115475005,0.9999999890773063,0.073308808313769,0.0,0.0,359.9999999050323,True
1776076318.626678,63.778207302093506,6.987536192003156,0.9999999890737693,0.07330880831390912,0.0,0.0,359.99999990912596,True
1776076318.720735,63.87226438522339,6.991180702832976,0.9999999890679026,0.07330880831413936,0.0,0.0,359.9999999085827,True
1776076318.794624,63.94615340232849,6.99335702656614,0.9999999890643991,0.07330880831427554,0.0,0.0,359.99999990825677,True
1776076318.854957,64.00648641586304,6.994803617046949,0.9999999890620705,0.07330880831436552,0.0,0.0,359.99999990803946,True
1776076318.937194,64.0887234210968,6.996967105257673,0.9999999890585879,0.0733088083144993,0.0,0.0,359.9999999077135,True
1776076319.001053,64.15258240699768,6.999122964586171,0.9999999890551174,0.07330880831463168,0.0,0.0,359.9999999073876,True
1776076319.075224,64.22675323486328,7.001271248655741,0.9999999890516592,0.07330880831476266,0.0,0.0,359.99999990706164,True
1776076319.137951,64.28948020935059,7.002699255783605,0.9999999890493604,0.07330880831484922,0.0,0.0,359.9999999068444,True
1776076319.223443,64.37497234344482,7.0050718806338015,0.9999999890455409,0.07330880831499215,0.0,0.0,359.9999999064822,True
1776076319.295576,64.44710540771484,7.007435333572872,0.9999999890417361,0.07330880831513342,0.0,0.0,359.99999990612,True
1776076319.393832,64.54536128044128,7.010024622548172,0.999999989037568,0.07330880831528694,0.0,0.0,359.99999990572167,True
1776076319.459002,64.61053133010864,7.01166666065105,0.9999999890349247,0.07330880831538364,0.0,0.0,359.99999990546814,True
1776076319.579525,64.73105430603027,7.015403412396138,0.9999999890289094,0.07330880831560173,0.0,0.0,359.99999990488874,True
1776076319.651872,64.80340123176575,7.0172632585517825,0.9999999890259156,0.0733088083157093,0.0,0.0,359.9999999094947,True
1776076319.74529,64.89681935310364,7.019348845056483,0.9999999890225583,0.07330880831582913,0.0,0.0,359.9999999091855,True
1776076319.839146,64.99067521095276,7.0223488542510255,0.9999999890177289,0.07330880831600009,0.0,0.0,359.99999990873886,True
1776076319.916237,65.06776642799377,7.024417193911875,0.9999999890143995,0.07330880831611698,0.0,0.0,359.99999990842963,True
1776076319.991034,65.1425633430481,7.026249862234797,0.9999999890114494,0.0733088083162199,0.0,0.0,359.9999999081548,True
1776076320.06231,65.21383929252625,7.028077053519839,0.999999989008508,0.0733088083163219,0.0,0.0,359.99999990788,True
1776076320.144582,65.29611134529114,7.030353390247155,0.9999999890048437,0.07330880831644812,0.0,0.0,359.99999990753645,True
1776076320.219353,65.37088227272034,7.032394872100418,0.9999999890015574,0.0733088083165605,0.0,0.0,359.9999999072272,True
1776076320.288071,65.4396002292633,7.034203817703691,0.9999999889986454,0.07330880831665948,0.0,0.0,359.9999999069524,True
1776076320.378258,65.52978730201721,7.036682411078239,0.9999999889946555,0.07330880831679415,0.0,0.0,359.9999999065745,True
1776076320.444244,65.59577322006226,7.03825448211361,0.9999999889921247,0.07330880831687898,0.0,0.0,359.999999906334,True
1776076320.51433,65.66585922241211,7.040269794851329,0.9999999889888805,0.0733088083169871,0.0,0.0,359.9999999060248,True
1776076320.578635,65.73016428947449,7.042055624147356,0.9999999889860057,0.07330880831708234,0.0,0.0,359.99999990575,True
1776076320.647254,65.79878330230713,7.043613957300386,0.9999999889834972,0.07330880831716498,0.0,0.0,359.99999990550947,True
1776076320.732146,65.88367533683777,7.045611709949574,0.9999999889802813,0.0733088083172703,0.0,0.0,359.99999990520035,True
1776076320.808116,65.95964527130127,7.047823806013072,0.9999999889767204,0.07330880831738613,0.0,0.0,359.9999999048568,True
1776076320.877854,66.02938342094421,7.049807872502856,0.9999999889735265,0.0733088083174893,0.0,0.0,359.99999990454756,True
1776076320.944899,66.09642839431763,7.05134659629682,0.9999999889710495,0.07330880831756886,0.0,0.0,359.9999999097799,True
1776076321.03395,66.18547940254211,7.053756793872766,0.9999999889671696,0.07330880831769268,0.0,0.0,359.9999999094236,True
1776076321.116924,66.26845335960388,7.056157527604507,0.999999988963305,0.07330880831781504,0.0,0.0,359.99999990906736,True
1776076321.187522,66.33905124664307,7.0576803737108085,0.9999999889608536,0.07330880831789216,0.0,0.0,359.9999999088406,True
1776076321.286498,66.43802738189697,7.060065780469446,0.9999999889570136,0.07330880831801219,0.0,0.0,359.99999990848437,True
1776076321.36208,66.51360940933228,7.062441916728839,0.9999999889531885,0.07330880831813083,0.0,0.0,359.9999999081281,True
1776076321.425441,66.57697033882141,7.063949209532917,0.9999999889507623,0.0733088083182056,0.0,0.0,359.9999999079014,True
1776076321.50309,66.65461921691895,7.065667292058407,0.9999999889479966,0.0733088083182904,0.0,0.0,359.9999999076423,True
1776076321.593188,66.74471735954285,7.068235397371622,0.9999999889438625,0.07330880831841624,0.0,0.0,359.9999999072536,True
1776076321.660895,66.81242442131042,7.069941494425958,0.9999999889411161,0.07330880831849927,0.0,0.0,359.9999999069945,True
1776076321.740901,66.89243030548096,7.071642843992119,0.9999999889383774,0.07330880831858161,0.0,0.0,359.99999990673547,True
1776076321.816761,66.96829032897949,7.073762894920167,0.9999999889349647,0.07330880831868357,0.0,0.0,359.9999999064115,True
1776076321.88329,67.03481936454773,7.075453658656293,0.9999999889322428,0.07330880831876438,0.0,0.0,359.9999999061525,True
1776076321.961806,67.11333537101746,7.077139759753588,0.9999999889295287,0.07330880831884451,0.0,0.0,359.9999999058934,True
1776076322.024227,67.1757562160492,7.07882122386217,0.999999988926822,0.073308808318924,0.0,0.0,359.99999990563424,True
1776076322.089206,67.24073529243469,7.080707360000169,0.9999999889237855,0.07330880831901264,0.0,0.0,359.99999990534275,True
1776076322.162903,67.31443238258362,7.082379054713327,0.9999999889210948,0.07330880831909074,0.0,0.0,359.9999999050837,True
1776076322.231855,67.38338422775269,7.083838047604087,0.9999999889187462,0.07330880831915856,0.0,0.0,359.99999990485696,True
1776076322.331155,67.48268437385559,7.086331106827175,0.9999999889147327,0.0733088083192737,0.0,0.0,359.9999999044683,True
1776076322.41059,67.56211924552917,7.0886075152780545,0.9999999889110678,0.073308808319378,0.0,0.0,359.99999990411214,True
1776076322.476584,67.62811326980591,7.090051738415579,0.9999999889087431,0.0733088083194438,0.0,0.0,359.99999991009304,True
1776076322.54579,67.6973192691803,7.091492558211106,0.999999988906424,0.0733088083195091,0.0,0.0,359.999999909881,True
1776076322.615962,67.7674913406372,7.093340065720763,0.9999999889034504,0.07330880831959241,0.0,0.0,359.99999990960833,True
1776076322.683612,67.83514142036438,7.095182007488311,0.9999999889004858,0.07330880831967496,0.0,0.0,359.9999999093357,True
1776076322.751152,67.90268135070801,7.096610802359311,0.9999999888981855,0.07330880831973864,0.0,0.0,359.9999999091237,True
1776076322.821943,67.97347235679626,7.098036266142114,0.9999999888958906,0.0733088083198019,0.0,0.0,359.9999999089116,True
1776076322.891856,68.04338526725769,7.099864135561201,0.9999999888929479,0.07330880831988257,0.0,0.0,359.9999999086389,True
1776076322.965243,68.11677241325378,7.101686556776449,0.9999999888900143,0.07330880831996252,0.0,0.0,359.99999990836636,True
1776076323.02819,68.17971920967102,7.10310024958267,0.9999999888877388,0.07330880832002422,0.0,0.0,359.9999999081543,True
1776076323.130135,68.28166437149048,7.105516144209782,0.9999999888838497,0.07330880832012898,0.0,0.0,359.9999999077907,True
1776076323.203656,68.35518527030945,7.1075221232925045,0.9999999888806206,0.07330880832021536,0.0,0.0,359.99999990748785,True
1776076323.271017,68.42254638671875,7.108922403040095,0.9999999888783665,0.07330880832027531,0.0,0.0,359.99999990727576,True
1776076323.336049,68.48757839202881,7.110319483205275,0.9999999888761174,0.07330880832033485,0.0,0.0,359.99999990706374,True
1776076323.40415,68.55567932128906,7.112111051174782,0.9999999888732336,0.07330880832041081,0.0,0.0,359.99999990679106,True
1776076323.485112,68.63664126396179,7.114095544672876,0.9999999888700389,0.07330880832049443,0.0,0.0,359.9999999064882,True
1776076323.563158,68.71468734741211,7.115678514937267,0.9999999888674908,0.07330880832056075,0.0,0.0,359.9999999062459,True
1776076323.624971,68.77650022506714,7.117060260011737,0.9999999888652665,0.07330880832061834,0.0,0.0,359.9999999060338,True
1776076323.70993,68.8614592552185,7.119421725266921,0.9999999888614651,0.07330880832071619,0.0,0.0,359.9999999056703,True
1776076323.802069,68.95359826087952,7.121382669776668,0.9999999888583084,0.07330880832079686,0.0,0.0,359.99999990536736,True
1776076323.884979,69.03650832176208,7.123142158745415,0.999999988855476,0.07330880832086882,0.0,0.0,359.99999990509474,True
1776076323.965994,69.11752319335938,7.125285791921647,0.9999999888520253,0.07330880832095593,0.0,0.0,359.9999999047615,True
1776076324.042951,69.19448041915894,7.127034100783346,0.9999999888492109,0.07330880832102651,0.0,0.0,359.9999999044889,True
1776076324.138545,69.2900743484497,7.128970821026192,0.9999999888460933,0.07330880832110423,0.0,0.0,359.99999990418604,True
1776076324.209229,69.36075830459595,7.130901426035035,0.9999999888429856,0.07330880832118122,0.0,0.0,359.99999990388307,True
1776076324.282142,69.43367123603821,7.132633773847732,0.9999999888401969,0.07330880832124989,0.0,0.0,359.99999990361044,True
1776076324.361857,69.51338624954224,7.134169528889587,0.9999999888377247,0.07330880832131045,0.0,0.0,359.9999999033682,True
1776076324.424361,69.57589030265808,7.135510157541839,0.9999999888355665,0.07330880832136306,0.0,0.0,359.99999991034,True
1776076324.493994,69.64552330970764,7.137038713852178,0.9999999888331059,0.07330880832142278,0.0,0.0,359.99999991011566,True
1776076324.571812,69.72334122657776,7.139134258710775,0.9999999888297325,0.07330880832150415,0.0,0.0,359.9999999098072,True
1776076324.639253,69.79078221321106,7.14065379295227,0.9999999888272865,0.07330880832156281,0.0,0.0,359.9999999095828,True
1776076324.723008,69.87453722953796,7.1423587671881235,0.999999988824542,0.07330880832162827,0.0,0.0,359.9999999093304,True
1776076324.833985,69.98551440238953,7.145001535421201,0.9999999888202877,0.07330880832172902,0.0,0.0,359.9999999089378,True
1776076324.908389,70.05991840362549,7.146506575940577,0.9999999888178649,0.07330880832178602,0.0,0.0,359.9999999087135,True
1776076324.974392,70.12592124938965,7.148007920924085,0.9999999888154482,0.0733088083218426,0.0,0.0,359.9999999084892,True
1776076325.048582,70.20011138916016,7.149879432877849,0.9999999888124355,0.07330880832191272,0.0,0.0,359.99999990820874,True
1776076325.132205,70.28373432159424,7.151558909806962,0.999999988809732,0.0733088083219753,0.0,0.0,359.99999990795635,True
1776076325.222901,70.37443041801453,7.153419600736212,0.9999999888067367,0.07330880832204423,0.0,0.0,359.99999990767594,True
1776076325.305249,70.45677828788757,7.155644981251912,0.9999999888031544,0.0733088083221261,0.0,0.0,359.99999990733943,True
1776076325.38597,70.53749942779541,7.157308717448621,0.9999999888004761,0.07330880832218693,0.0,0.0,359.99999990708704,True
1776076325.476939,70.62846827507019,7.159152019190246,0.9999999887975088,0.07330880832225395,0.0,0.0,359.99999990680664,True
1776076325.551734,70.70326328277588,7.160989780652276,0.9999999887945505,0.07330880832232035,0.0,0.0,359.9999999065262,True
1776076325.644957,70.79648637771606,7.163004958863888,0.9999999887913067,0.07330880832239271,0.0,0.0,359.99999990621774,True
1776076325.718125,70.86965441703796,7.1642838955930435,0.9999999887892479,0.07330880832243838,0.0,0.0,359.99999990602146,True
1776076325.782807,70.9343364238739,7.165742269401086,0.9999999887869003,0.07330880832249025,0.0,0.0,359.99999990579715,True
1776076325.847552,70.99908137321472,7.167378792848844,0.9999999887842659,0.07330880832254813,0.0,0.0,359.9999999055448,True
1776076325.93705,71.08857941627502,7.169192029750301,0.999999988781347,0.07330880832261191,0.0,0.0,359.99999990526436,True
1776076326.005308,71.15683722496033,7.170458103743639,0.999999988779309,0.07330880832265624,0.0,0.0,359.9999999050681,True
1776076326.099326,71.25085520744324,7.172802451380656,0.9999999887755351,0.0733088083227378,0.0,0.0,359.99999990470354,True
1776076326.184924,71.3364531993866,7.174420211829135,0.9999999887729308,0.07330880832279373,0.0,0.0,359.9999999044512,True
1776076326.256897,71.40842628479004,7.175854636584786,0.9999999887706218,0.07330880832284306,0.0,0.0,359.9999999042269,True
1776076326.334515,71.48604440689087,7.1776429482726805,0.999999988767743,0.07330880832290425,0.0,0.0,359.9999999039465,True
1776076326.403688,71.55521726608276,7.179069841311587,0.9999999887654459,0.0733088083229528,0.0,0.0,359.99999990372214,True
1776076326.472121,71.6236503124237,7.180315647034253,0.9999999887634405,0.07330880832299504,0.0,0.0,359.99999990352586,True
1776076326.552793,71.70432233810425,7.181736323806611,0.9999999887611536,0.07330880832304297,0.0,0.0,359.99999990330156,True
1776076326.625677,71.77720642089844,7.1836843802316475,0.9999999887580175,0.07330880832310833,0.0,0.0,359.9999999029931,True
1776076326.709356,71.86088538169861,7.185449970917188,0.9999999887551754,0.07330880832316722,0.0,0.0,359.9999999027127,True
1776076326.785872,71.93740129470825,7.186858781893797,0.9999999887529075,0.07330880832321396,0.0,0.0,359.9999999109845,True
1776076326.850988,72.00251722335815,7.188264354353673,0.9999999887506449,0.0733088083232604,0.0,0.0,359.99999991077976,True
1776076326.927366,72.07889533042908,7.1900167883885295,0.9999999887478239,0.07330880832331796,0.0,0.0,359.9999999105238,True
1776076326.998722,72.1502513885498,7.191415128351783,0.9999999887455729,0.07330880832336367,0.0,0.0,359.999999910319,True
1776076327.086033,72.23756241798401,7.192984447767895,0.9999999887430467,0.07330880832341471,0.0,0.0,359.99999991008866,True
1776076327.160482,72.31201124191284,7.19472342509868,0.9999999887402474,0.07330880832347098,0.0,0.0,359.9999999098327,True
1776076327.242192,72.39372134208679,7.1962842873301,0.9999999887377349,0.07330880832352121,0.0,0.0,359.9999999096023,True
1776076327.319538,72.47106742858887,7.197668383349359,0.9999999887355068,0.07330880832356554,0.0,0.0,359.99999990939756,True
1776076327.388581,72.54011034965515,7.199221755531426,0.9999999887330062,0.07330880832361504,0.0,0.0,359.99999990916723,True
1776076327.460507,72.61203622817993,7.200943108854611,0.9999999887302352,0.07330880832366962,0.0,0.0,359.99999990891126,True
1776076327.55049,72.70201921463013,7.202659629847959,0.999999988727472,0.07330880832372372,0.0,0.0,359.99999990865535,True
1776076327.613678,72.76520729064941,7.203687234191775,0.9999999887258177,0.07330880832375597,0.0,0.0,359.99999990850176,True
1776076327.683574,72.83510327339172,7.2050546924022125,0.9999999887236165,0.07330880832379871,0.0,0.0,359.99999990829696,True
1776076327.774182,72.92571139335632,7.205907803396804,0.9999999887222432,0.07330880832382529,0.0,0.0,359.999999908169,True
1776076327.873252,73.02478122711182,7.209138813097689,0.999999988717042,0.07330880832392525,0.0,0.0,359.9999999076827,True
1776076327.945051,73.09658026695251,7.211001623714254,0.9999999887140434,0.0733088083239824,0.0,0.0,359.99999990740116,True
1776076328.010953,73.16248226165771,7.212352839415214,0.9999999887118682,0.07330880832402364,0.0,0.0,359.9999999071964,True
1776076328.089886,73.24141526222229,7.213701075737073,0.9999999887096979,0.07330880832406461,0.0,0.0,359.99999990699166,True
1776076328.173946,73.32547521591187,7.215550059982428,0.9999999887067212,0.0733088083241205,0.0,0.0,359.9999999067102,True
1776076328.245626,73.39715528488159,7.216891272669763,0.9999999887045621,0.07330880832416084,0.0,0.0,359.99999990650537,True
1776076328.333953,73.48548221588135,7.218563662026319,0.9999999887018698,0.07330880832421088,0.0,0.0,359.99999990624946,True
1776076328.400096,73.55162525177002,7.220231489726986,0.9999999886991849,0.07330880832426051,0.0,0.0,359.99999990599355,True
1776076328.463921,73.61545038223267,7.221396268231815,0.9999999886973099,0.07330880832429501,0.0,0.0,359.9999999058144,True
1776076328.544521,73.69605040550232,7.222558832146098,0.9999999886954385,0.07330880832432932,0.0,0.0,359.9999999056352,True
1776076328.627058,73.7785873413086,7.224381264123222,0.9999999886925047,0.07330880832438283,0.0,0.0,359.99999990535366,True
1776076328.709064,73.86059331893921,7.226363196426869,0.9999999886893144,0.07330880832444067,0.0,0.0,359.99999990504654,True
1776076328.779607,73.9311363697052,7.227680924678423,0.9999999886871931,0.07330880832447892,0.0,0.0,359.99999990484184,True
1776076328.852051,74.00358033180237,7.228831611989247,0.9999999886853408,0.0733088083245122,0.0,0.0,359.9999999046627,True
1776076328.934753,74.08628225326538,7.230307892341858,0.9999999886829644,0.07330880832455469,0.0,0.0,359.9999999044324,True
1776076329.016099,74.16762828826904,7.232270738052908,0.9999999886798047,0.07330880832461087,0.0,0.0,359.9999999041253,True
1776076329.095328,74.24685740470886,7.233738748392771,0.9999999886774414,0.07330880832465266,0.0,0.0,359.99999990389495,True
1776076329.163685,74.31521439552307,7.2348781025414315,0.9999999886756074,0.07330880832468495,0.0,0.0,359.9999999037158,True
1776076329.2286,74.38012933731079,7.236177627281894,0.9999999886735155,0.07330880832472164,0.0,0.0,359.999999903511,True
1776076329.30271,74.45423936843872,7.2377981589660525,0.9999999886709068,0.07330880832476716,0.0,0.0,359.9999999032551,True
1776076329.378156,74.52968525886536,7.23909149912742,0.9999999886688248,0.07330880832480333,0.0,0.0,359.99999990305037,True
1776076329.453235,74.60476422309875,7.240382109444884,0.9999999886667472,0.07330880832483927,0.0,0.0,359.9999999028457,True
1776076329.519168,74.67069721221924,7.2418307973527165,0.9999999886644152,0.07330880832487942,0.0,0.0,359.99999990261534,True
1776076329.609659,74.7611882686615,7.243596767468218,0.9999999886615724,0.07330880832492812,0.0,0.0,359.9999999023338,True
1776076329.687267,74.838796377182,7.24487791342763,0.99999998865951,0.07330880832496325,0.0,0.0,359.9999999021291,True
1776076329.775451,74.9269802570343,7.246635117661496,0.9999999886566814,0.07330880832501124,0.0,0.0,359.99999990184756,True
1776076329.842486,74.99401521682739,7.248069083638382,0.999999988654373,0.07330880832505018,0.0,0.0,359.99999990161723,True
1776076329.919548,75.07107734680176,7.24934090305593,0.9999999886523256,0.07330880832508457,0.0,0.0,359.99999990141254,True
1776076329.985326,75.13685536384583,7.250451579183383,0.9999999886505377,0.07330880832511448,0.0,0.0,359.9999999116605,True
1776076330.047864,75.1993932723999,7.2517184578875336,0.9999999886484984,0.07330880832514847,0.0,0.0,359.9999999114774,True
1776076330.123407,75.27493619918823,7.253140565989325,0.9999999886462092,0.07330880832518646,0.0,0.0,359.9999999112714,True
1776076330.187987,75.3395164012909,7.254244367961778,0.9999999886444323,0.07330880832521582,0.0,0.0,359.9999999111111,True
1776076330.249779,75.40130829811096,7.255346180973869,0.9999999886426587,0.07330880832524503,0.0,0.0,359.9999999109509,True
1776076330.3229,75.47442936897278,7.256916763503661,0.9999999886401304,0.07330880832528647,0.0,0.0,359.999999910722,True
1776076330.393786,75.54531526565552,7.258170331416913,0.9999999886381125,0.0733088083253194,0.0,0.0,359.9999999105389,True
1776076330.454467,75.60599637031555,7.2591088237086465,0.9999999886366018,0.07330880832534396,0.0,0.0,359.9999999104016,True
1776076330.51561,75.6671392917633,7.260201913957377,0.9999999886348422,0.07330880832537248,0.0,0.0,359.9999999102414,True
1776076330.586348,75.737877368927,7.261760089531049,0.9999999886323339,0.07330880832541295,0.0,0.0,359.9999999100125,True
1776076330.664924,75.81645321846008,7.2631590607205165,0.9999999886300818,0.07330880832544912,0.0,0.0,359.9999999098065,True
1776076330.746335,75.89786434173584,7.264399909351454,0.9999999886280843,0.07330880832548105,0.0,0.0,359.9999999096234,True
1776076330.812036,75.96356534957886,7.265638245040483,0.9999999886260909,0.07330880832551279,0.0,0.0,359.9999999094403,True
1776076330.873727,76.02525639533997,7.267028381586563,0.9999999886238531,0.07330880832554826,0.0,0.0,359.9999999092343,True
1776076330.951767,76.10329627990723,7.268415364918092,0.9999999886216204,0.07330880832558351,0.0,0.0,359.99999990902836,True
1776076331.020343,76.17187237739563,7.269491958872315,0.9999999886198874,0.07330880832561076,0.0,0.0,359.9999999088681,True
1776076331.116713,76.26824235916138,7.271333149955413,0.9999999886169234,0.07330880832565713,0.0,0.0,359.99999990859345,True
1776076331.180413,76.33194231987,7.272710414136047,0.9999999886147063,0.07330880832569163,0.0,0.0,359.9999999083875,True
1776076331.257642,76.40917134284973,7.27393205013623,0.9999999886127398,0.0733088083257221,0.0,0.0,359.9999999082044,True
1776076331.32458,76.47610926628113,7.274998983192925,0.9999999886110222,0.07330880832574863,0.0,0.0,359.9999999080442,True
1776076331.393176,76.54470539093018,7.276368024452519,0.9999999886088184,0.07330880832578252,0.0,0.0,359.99999990783823,True
1776076331.480485,76.63201427459717,7.278188657749052,0.9999999886058877,0.07330880832582734,0.0,0.0,359.99999990756356,True
1776076331.570318,76.72184729576111,7.279550584090093,0.9999999886036952,0.0733088083258607,0.0,0.0,359.99999990735756,True
1776076331.633219,76.78474831581116,7.280607766938712,0.9999999886019935,0.0733088083258865,0.0,0.0,359.9999999071974,True
1776076331.728235,76.87976431846619,7.282415838844632,0.9999999885990829,0.07330880832593042,0.0,0.0,359.9999999069227,True
1776076331.817595,76.96912431716919,7.283918492157768,0.9999999885966641,0.07330880832596672,0.0,0.0,359.99999990669386,True
1776076331.885794,77.03732323646545,7.285117961743097,0.9999999885947332,0.07330880832599557,0.0,0.0,359.99999990651077,True
1776076331.951726,77.10325527191162,7.2860160223737065,0.9999999885932875,0.07330880832601708,0.0,0.0,359.9999999063735,True
1776076332.018001,77.16953039169312,7.2875098652662516,0.9999999885908828,0.07330880832605276,0.0,0.0,359.99999990614464,True
1776076332.102551,77.25408029556274,7.289297672722888,0.999999988588005,0.07330880832609521,0.0,0.0,359.99999990586997,True
1776076332.172328,77.32385730743408,7.290486646994534,0.999999988586091,0.0733088083261233,0.0,0.0,359.99999990568693,True
1776076332.248601,77.40013027191162,7.291525106391328,0.9999999885844193,0.07330880832614775,0.0,0.0,359.99999990552675,True
1776076332.348948,77.50047731399536,7.293449007362045,0.9999999885813223,0.07330880832619283,0.0,0.0,359.9999999052292,True
1776076332.41541,77.56693935394287,7.294777401687099,0.9999999885791838,0.07330880832622379,0.0,0.0,359.99999990502323,True
1776076332.501844,77.65337324142456,7.296102916416499,0.9999999885770502,0.07330880832625454,0.0,0.0,359.9999999048173,True
1776076332.572373,77.72390222549438,7.297278744366905,0.9999999885751575,0.07330880832628171,0.0,0.0,359.9999999046342,True
1776076332.636258,77.78778719902039,7.298598853787475,0.9999999885730324,0.07330880832631209,0.0,0.0,359.99999990442825,True
1776076332.727371,77.87890028953552,7.300062307216477,0.9999999885706765,0.07330880832634562,0.0,0.0,359.9999999041994,True
1776076332.79619,77.94771933555603,7.301084644618174,0.9999999885690307,0.07330880832636896,0.0,0.0,359.9999999040392,True
1776076332.863761,78.01529026031494,7.302250941078114,0.9999999885671531,0.07330880832639547,0.0,0.0,359.9999999038561,True
1776076332.93098,78.0825092792511,7.303560371080336,0.999999988565045,0.07330880832642513,0.0,0.0,359.9999999036502,True
1776076333.001164,78.15269327163696,7.304867003041992,0.9999999885629415,0.07330880832645459,0.0,0.0,359.99999990344423,True
1776076333.070887,78.22241640090942,7.305881345539825,0.9999999885613085,0.07330880832647738,0.0,0.0,359.999999903284,True
1776076333.143748,78.29527735710144,7.3070385374885545,0.9999999885594455,0.07330880832650329,0.0,0.0,359.99999990310096,True
1776076333.21617,78.36769938468933,7.308481954630689,0.9999999885571218,0.07330880832653545,0.0,0.0,359.9999999028721,True
1776076333.286741,78.43827033042908,7.309634240148105,0.9999999885552668,0.07330880832656103,0.0,0.0,359.99999990268907,True
1776076333.363937,78.51546621322632,7.310784358360845,0.9999999885534154,0.07330880832658646,0.0,0.0,359.999999902506,True
1776076333.434004,78.58553338050842,7.312218970748711,0.9999999885511062,0.07330880832661804,0.0,0.0,359.9999999022771,True
1776076333.507614,78.6591432094574,7.313507250440789,0.9999999885490324,0.07330880832664628,0.0,0.0,359.9999999020712,True
1776076333.576224,78.72775340080261,7.314507372655305,0.9999999885474223,0.07330880832666811,0.0,0.0,359.99999990191105,True
1776076333.643203,78.79473233222961,7.315648370067664,0.9999999885455856,0.07330880832669295,0.0,0.0,359.99999990172796,True
1776076333.707414,78.85894322395325,7.316787242396121,0.9999999885437524,0.07330880832671764,0.0,0.0,359.99999990154487,True
1776076333.775879,78.92740821838379,7.318065943463552,0.9999999885416939,0.07330880832674525,0.0,0.0,359.9999999013389,True
1776076333.852937,79.00446629524231,7.319200326171234,0.9999999885398678,0.07330880832676966,0.0,0.0,359.9999999011559,True
1776076333.914599,79.06612825393677,7.320191187678951,0.9999999885382729,0.07330880832679089,0.0,0.0,359.9999999009957,True
1776076333.985405,79.13693428039551,7.321462797745239,0.9999999885362257,0.07330880832681805,0.0,0.0,359.99999990078976,True
1776076334.053121,79.20465040206909,7.32273176892225,0.9999999885341831,0.07330880832684503,0.0,0.0,359.9999999005839,True
1776076334.122898,79.27442741394043,7.323716929087079,0.9999999885325972,0.07330880832686591,0.0,0.0,359.99999990042363,True
1776076334.190046,79.34157538414001,7.324700504615684,0.9999999885310139,0.07330880832688669,0.0,0.0,359.9999999002635,True
1776076334.250678,79.40220737457275,7.325682500598257,0.9999999885294331,0.07330880832690735,0.0,0.0,359.9999999001033,True
1776076334.324765,79.47629427909851,7.327082622010718,0.9999999885271793,0.07330880832693672,0.0,0.0,359.9999998998745,True
1776076334.397626,79.54915523529053,7.328060802994585,0.9999999885256046,0.07330880832695714,0.0,0.0,359.99999989971434,True
1776076334.460866,79.61239528656006,7.329594790018227,0.9999999885231352,0.07330880832698908,0.0,0.0,359.9999999129321,True
1776076334.533796,79.68532538414001,7.330985992180679,0.9999999885208958,0.07330880832701787,0.0,0.0,359.9999999127339,True
1776076334.617295,79.76882433891296,7.3322353736573245,0.9999999885188846,0.07330880832704363,0.0,0.0,359.99999991255555,True
1776076334.682941,79.83447027206421,7.3332053530263215,0.9999999885173231,0.07330880832706355,0.0,0.0,359.9999999124169,True
1776076334.746654,79.89818334579468,7.334312020088785,0.9999999885155416,0.07330880832708621,0.0,0.0,359.9999999122583,True
1776076334.807751,79.95928025245667,7.335554631193068,0.9999999885135413,0.07330880832711155,0.0,0.0,359.99999991208,True
1776076334.883697,80.03522634506226,7.336519363744986,0.9999999885119883,0.07330880832713116,0.0,0.0,359.9999999119413,True
1776076334.949905,80.10143423080444,7.337345067666038,0.9999999885106592,0.07330880832714788,0.0,0.0,359.9999999118224,True
1776076335.014073,80.16560220718384,7.338444274694009,0.9999999885088897,0.07330880832717007,0.0,0.0,359.9999999116639,True
1776076335.081973,80.23350238800049,7.339815510641607,0.9999999885066824,0.07330880832719766,0.0,0.0,359.99999991146575,True
1776076335.168099,80.31962823867798,7.341183678527452,0.9999999885044799,0.07330880832722506,0.0,0.0,359.99999991126754,True
1776076335.236835,80.38836431503296,7.3421395778908956,0.9999999885029411,0.07330880832724412,0.0,0.0,359.9999999111289,True
1776076335.322033,80.47356224060059,7.343638692878621,0.999999988500528,0.0733088083272739,0.0,0.0,359.99999991091096,True
1776076335.382899,80.534428358078,7.34472665455106,0.9999999884987766,0.07330880832729543,0.0,0.0,359.9999999107524,True
1776076335.449343,80.6008722782135,7.345677035718164,0.9999999884972467,0.07330880832731418,0.0,0.0,359.99999991061367,True
1776076335.517665,80.66919422149658,7.346625942086809,0.9999999884957191,0.07330880832733283,0.0,0.0,359.999999910475,True
1776076335.600232,80.75176119804382,7.348114111957371,0.9999999884933236,0.07330880832736196,0.0,0.0,359.9999999102571,True
1776076335.681791,80.8333203792572,7.3494638580019425,0.9999999884911508,0.07330880832738827,0.0,0.0,359.9999999100589,True
1776076335.772768,80.92429733276367,7.350676087372634,0.9999999884891994,0.0733088083274118,0.0,0.0,359.9999999098806,True
1776076335.842082,80.9936113357544,7.351751610830662,0.999999988487468,0.07330880832743258,0.0,0.0,359.9999999097221,True
1776076335.902901,81.05443024635315,7.352959317858493,0.9999999884855238,0.07330880832745584,0.0,0.0,359.99999990954376,True
1776076335.96765,81.11917924880981,7.354030836441224,0.9999999884837989,0.07330880832747641,0.0,0.0,359.9999999093852,True
1776076336.073564,81.22509336471558,7.355501115377642,0.9999999884814321,0.07330880832750451,0.0,0.0,359.9999999091673,True
1776076336.142827,81.29435634613037,7.356701446954963,0.9999999884794999,0.07330880832752736,0.0,0.0,359.99999990898897,True
1776076336.210205,81.36173439025879,7.357899426947629,0.9999999884775714,0.07330880832755006,0.0,0.0,359.99999990881065,True
1776076336.277998,81.42952728271484,7.358829569266582,0.9999999884760742,0.07330880832756763,0.0,0.0,359.99999990867195,True
1776076336.351836,81.50336527824402,7.359890859480229,0.9999999884743658,0.07330880832758761,0.0,0.0,359.9999999085135,True
1776076336.441862,81.59339141845703,7.361479349119055,0.9999999884718087,0.07330880832761738,0.0,0.0,359.9999999082757,True
1776076336.542895,81.69442439079285,7.3629318485101996,0.9999999884694705,0.07330880832764447,0.0,0.0,359.99999990805776,True
1776076336.608053,81.75958228111267,7.3638543731607955,0.9999999884679854,0.07330880832766162,0.0,0.0,359.99999990791906,True
1776076336.673769,81.82529830932617,7.365038434912733,0.9999999884660794,0.07330880832768354,0.0,0.0,359.99999990774074,True
1776076336.743175,81.89470434188843,7.366220208342803,0.999999988464177,0.07330880832770534,0.0,0.0,359.9999999075624,True
1776076336.812087,81.96361637115479,7.367137789058887,0.9999999884627,0.0733088083277222,0.0,0.0,359.9999999074238,True
1776076336.900424,82.05195331573486,7.3684462347833835,0.9999999884605937,0.07330880832774617,0.0,0.0,359.99999990722563,True
1776076336.964184,82.11571335792542,7.369621446919227,0.9999999884587017,0.0733088083277676,0.0,0.0,359.9999999070473,True
1776076337.05436,82.2058892250061,7.370924594656268,0.9999999884566041,0.07330880832779127,0.0,0.0,359.9999999068492,True
1776076337.123678,82.27520728111267,7.371835148497103,0.9999999884551384,0.07330880832780776,0.0,0.0,359.9999999067105,True
1776076337.192536,82.34406542778015,7.373003871801703,0.9999999884532571,0.07330880832782884,0.0,0.0,359.9999999065322,True
1776076337.264653,82.41618227958679,7.374299838810993,0.999999988451171,0.07330880832785212,0.0,0.0,359.9999999063341,True
1776076337.348745,82.50027441978455,7.375463865414427,0.9999999884492972,0.07330880832787295,0.0,0.0,359.9999999061558,True
1776076337.414119,82.56564831733704,7.376367690000645,0.9999999884478422,0.07330880832788907,0.0,0.0,359.9999999060171,True
1776076337.486868,82.63839721679688,7.3776565549926385,0.9999999884457674,0.07330880832791198,0.0,0.0,359.999999905819,True
1776076337.581113,82.73264241218567,7.379071175879239,0.9999999884434903,0.073308808327937,0.0,0.0,359.9999999056011,True
1776076337.643533,82.79506230354309,7.379841410152441,0.9999999884422504,0.07330880832795059,0.0,0.0,359.9999999054822,True
1776076337.704713,82.85624241828918,7.380738792319636,0.9999999884408057,0.07330880832796635,0.0,0.0,359.99999990534354,True
1776076337.774596,82.92612528800964,7.382018486684706,0.9999999884387457,0.07330880832798878,0.0,0.0,359.99999990514544,True
1776076337.839273,82.99080228805542,7.383040317472523,0.9999999884371008,0.07330880832800661,0.0,0.0,359.99999990498696,True
1776076337.93069,83.08221936225891,7.384187839786436,0.9999999884352536,0.07330880832802657,0.0,0.0,359.99999990480865,True
1776076337.99742,83.14894938468933,7.3852060549508645,0.9999999884336146,0.0733088083280442,0.0,0.0,359.99999990465017,True
1776076338.064264,83.21579337120056,7.386349524069148,0.9999999884317738,0.07330880832806395,0.0,0.0,359.99999990447185,True
1776076338.127537,83.27906632423401,7.3872374130083385,0.9999999884303445,0.07330880832807923,0.0,0.0,359.9999999043332,True
1776076338.191832,83.34336137771606,7.388124014610368,0.9999999884289174,0.07330880832809444,0.0,0.0,359.9999999041945,True
1776076338.261816,83.41334533691406,7.389135702034383,0.9999999884272888,0.07330880832811176,0.0,0.0,359.99999990403603,True
1776076338.330352,83.48188138008118,7.390397962099687,0.9999999884252567,0.07330880832813327,0.0,0.0,359.99999990383793,True
1776076338.401087,83.55261635780334,7.391405897493163,0.9999999884236342,0.07330880832815038,0.0,0.0,359.99999990367945,True
1776076338.463252,83.6147813796997,7.392160760250831,0.9999999884224191,0.07330880832816317,0.0,0.0,359.9999999035606,True
1776076338.546314,83.69784331321716,7.393416797781347,0.9999999884203972,0.07330880832818436,0.0,0.0,359.99999990336255,True
1776076338.609904,83.76143336296082,7.394545029931234,0.999999988418581,0.07330880832820333,0.0,0.0,359.99999990318423,True
1776076338.673902,83.82543134689331,7.395421106940635,0.9999999884171706,0.07330880832821801,0.0,0.0,359.99999990304553,True
1776076338.744103,83.89563226699829,7.396295930616208,0.9999999884157624,0.07330880832823262,0.0,0.0,359.9999999029069,True
1776076338.812177,83.9637062549591,7.397294199001524,0.9999999884141555,0.07330880832824925,0.0,0.0,359.9999999027484,True
1776076338.873399,84.02492833137512,7.398415306414935,0.9999999884123507,0.07330880832826786,0.0,0.0,359.99999990257015,True
1776076338.939858,84.0913872718811,7.399410123734702,0.9999999884107493,0.07330880832828432,0.0,0.0,359.9999999024117,True
1776076339.009966,84.16149520874023,7.400279263259843,0.9999999884093502,0.07330880832829864,0.0,0.0,359.99999990227303,True
1776076339.079929,84.23145842552185,7.4012710552788965,0.9999999884077537,0.07330880832831496,0.0,0.0,359.99999990211455,True
1776076339.150089,84.30161833763123,7.402384901909515,0.9999999884059607,0.0733088083283332,0.0,0.0,359.9999999019363,True
1776076339.21598,84.36750936508179,7.403373287424125,0.9999999884043697,0.07330880832834935,0.0,0.0,359.9999999017778,True
1776076339.29479,84.44631934165955,7.404360077962668,0.9999999884027811,0.07330880832836541,0.0,0.0,359.99999990161933,True
1776076339.364175,84.51570439338684,7.405468317222518,0.9999999884009971,0.07330880832838338,0.0,0.0,359.9999999014411,True
1776076339.435893,84.58742237091064,7.406697343118232,0.9999999883990187,0.07330880832840325,0.0,0.0,359.999999901243,True
1776076339.502425,84.65395426750183,7.407556193861709,0.9999999883976362,0.07330880832841707,0.0,0.0,359.99999990110433,True
1776076339.568269,84.71979832649231,7.408413840046241,0.9999999883962556,0.07330880832843084,0.0,0.0,359.9999999009657,True
1776076339.651945,84.80347442626953,7.409759144175593,0.9999999883940899,0.07330880832845237,0.0,0.0,359.99999990074775,True
1776076339.715572,84.86710143089294,7.410735691554383,0.9999999883925179,0.07330880832846794,0.0,0.0,359.9999999005893,True
1776076339.781707,84.93323636054993,7.411588893094598,0.9999999883911445,0.0733088083284815,0.0,0.0,359.9999999004507,True
1776076339.849561,85.00109028816223,7.412440905860642,0.9999999883897729,0.073308808328495,0.0,0.0,359.999999900312,True
1776076339.914938,85.06646728515625,7.413413183337632,0.9999999883882078,0.07330880832851036,0.0,0.0,359.9999999001535,True
1776076339.987824,85.13935327529907,7.414626360284693,0.9999999883862548,0.07330880832852946,0.0,0.0,359.99999989995547,True
1776076340.07117,85.22269940376282,7.415716165481243,0.9999999883845005,0.07330880832854655,0.0,0.0,359.9999998997772,True
1776076340.170531,85.3220603466034,7.417045517410852,0.9999999883823605,0.07330880832856732,0.0,0.0,359.9999998995593,True
1776076340.249762,85.40129137039185,7.4182515165225595,0.9999999883804193,0.07330880832858608,0.0,0.0,359.9999998993613,True
1776076340.329851,85.4813802242279,7.419334885881466,0.9999999883786753,0.07330880832860287,0.0,0.0,359.999999899183,True
1776076340.402943,85.55447220802307,7.4202962722017825,0.9999999883771277,0.07330880832861772,0.0,0.0,359.99999989902454,True
1776076340.513976,85.66550540924072,7.422094807812898,0.9999999883742324,0.07330880832864538,0.0,0.0,359.9999998987275,True
1776076340.577901,85.72943019866943,7.422932317573237,0.9999999883728843,0.07330880832865821,0.0,0.0,359.99999989858884,True
1776076340.658554,85.81008338928223,7.423888069145961,0.9999999883713458,0.0733088083286728,0.0,0.0,359.99999989843036,True
1776076340.729094,85.88062334060669,7.424961507135794,0.9999999883696179,0.07330880832868913,0.0,0.0,359.9999998982521,True
1776076340.803146,85.95467519760132,7.4261520101720855,0.9999999883677014,0.07330880832870718,0.0,0.0,359.99999989805406,True
1776076340.872096,86.02362537384033,7.426983985399687,0.9999999883663622,0.07330880832871975,0.0,0.0,359.9999998979154,True
1776076340.944443,86.0959722995758,7.427933430254518,0.9999999883648337,0.07330880832873406,0.0,0.0,359.999999897757,True
1776076341.008331,86.15986037254333,7.428999796616507,0.9999999883631171,0.07330880832875007,0.0,0.0,359.99999989757873,True
1776076341.073249,86.22477841377258,7.429946119224858,0.9999999883615938,0.07330880832876424,0.0,0.0,359.9999998974203,True
1776076341.141128,86.2926573753357,7.430772951894085,0.9999999883602627,0.07330880832877658,0.0,0.0,359.99999989728167,True
1776076341.241742,86.39327120780945,7.432070005806899,0.9999999883581748,0.07330880832879587,0.0,0.0,359.9999998970638,True
1776076341.321887,86.47341632843018,7.433364314388619,0.9999999883560914,0.07330880832881503,0.0,0.0,359.99999989684596,True
1776076341.395622,86.54715132713318,7.434303912005926,0.9999999883545789,0.0733088083288289,0.0,0.0,359.9999998966875,True
1776076341.489143,86.64067220687866,7.4354763824321894,0.9999999883526914,0.07330880832884613,0.0,0.0,359.9999998964895,True
1776076341.552097,86.70362639427185,7.436412742876628,0.9999999883511841,0.07330880832885987,0.0,0.0,359.99999991535464,True
1776076341.627171,86.77870035171509,7.437581180766032,0.9999999883493031,0.07330880832887693,0.0,0.0,359.9999999151929,True
1776076341.708152,86.85968136787415,7.438630869398624,0.9999999883476135,0.07330880832889221,0.0,0.0,359.9999999150474,True
1776076341.779214,86.93074321746826,7.439446049985394,0.9999999883463012,0.07330880832890403,0.0,0.0,359.9999999149342,True
1776076341.85655,87.00807929039001,7.440724856528244,0.9999999883442426,0.07330880832892252,0.0,0.0,359.99999991475636,True
1776076341.936091,87.0876202583313,7.441769167303376,0.9999999883425617,0.07330880832893756,0.0,0.0,359.9999999146108,True
1776076342.000915,87.15244436264038,7.442580177817231,0.999999988341256,0.0733088083289492,0.0,0.0,359.9999999144976,True
1776076342.068669,87.22019839286804,7.443505731826434,0.9999999883397661,0.07330880832896246,0.0,0.0,359.9999999143683,True
1776076342.129072,87.28060126304626,7.444429887073269,0.9999999883382785,0.07330880832897566,0.0,0.0,359.9999999142389,True
1776076342.2178,87.36932921409607,7.445698324372841,0.9999999883362366,0.07330880832899368,0.0,0.0,359.99999991406105,True
1776076342.28939,87.44091939926147,7.44650414399063,0.9999999883349394,0.0733088083290051,0.0,0.0,359.9999999139479,True
1776076342.368504,87.52003335952759,7.447538639925857,0.9999999883332741,0.07330880832901973,0.0,0.0,359.99999991380236,True
1776076342.432235,87.58376431465149,7.448571388751205,0.9999999883316116,0.07330880832903428,0.0,0.0,359.99999991365684,True
1776076342.499423,87.65095233917236,7.449487925761237,0.9999999883301363,0.07330880832904715,0.0,0.0,359.99999991352746,True
1776076342.568486,87.72001528739929,7.450288770316054,0.9999999883288471,0.07330880832905835,0.0,0.0,359.9999999134143,True
1776076342.651155,87.80268430709839,7.451431017676547,0.9999999883270083,0.0733088083290743,0.0,0.0,359.9999999132526,True
1776076342.730986,87.88251543045044,7.452685030345087,0.9999999883249897,0.07330880832909173,0.0,0.0,359.99999991307476,True
1776076342.797951,87.94948029518127,7.453481701562479,0.9999999883237073,0.07330880832910278,0.0,0.0,359.9999999129615,True
1776076342.883771,88.03530025482178,7.454504470416487,0.9999999883220608,0.0733088083291169,0.0,0.0,359.99999991281607,True
1776076342.956035,88.10756421089172,7.455638877581872,0.9999999883202347,0.07330880832913252,0.0,0.0,359.9999999126544,True
1776076343.048248,88.19977736473083,7.456884299652131,0.9999999883182299,0.0733088083291496,0.0,0.0,359.99999991247654,True
1776076343.132044,88.28357338905334,7.457788470657564,0.9999999883167743,0.07330880832916195,0.0,0.0,359.99999991234716,True
1776076343.213732,88.36526131629944,7.4590295269220075,0.9999999883147765,0.07330880832917884,0.0,0.0,359.9999999121693,True
1776076343.282922,88.43445134162903,7.459930533919146,0.9999999883133261,0.07330880832919107,0.0,0.0,359.99999991204,True
1776076343.347943,88.49947237968445,7.460717827503422,0.9999999883120588,0.07330880832920172,0.0,0.0,359.9999999119268,True
1776076343.417455,88.56898427009583,7.461616352199448,0.9999999883106124,0.07330880832921384,0.0,0.0,359.9999999117975,True
1776076343.506213,88.6577422618866,7.462961668622013,0.9999999883084468,0.07330880832923194,0.0,0.0,359.9999999116035,True
1776076343.578179,88.72970819473267,7.463856904783595,0.9999999883070056,0.07330880832924393,0.0,0.0,359.9999999114741,True
1776076343.644674,88.79620337486267,7.464639162765225,0.9999999883057464,0.07330880832925438,0.0,0.0,359.99999991136093,True
1776076343.71186,88.86338925361633,7.465643454878761,0.9999999883041297,0.07330880832926776,0.0,0.0,359.99999991121547,True
1776076343.783414,88.93494319915771,7.466646100340469,0.9999999883025158,0.07330880832928106,0.0,0.0,359.99999991106995,True
1776076343.851777,89.00330638885498,7.467424800725851,0.9999999883012622,0.07330880832929138,0.0,0.0,359.9999999109568,True
1776076343.941874,89.09340333938599,7.468535512543445,0.9999999882994743,0.07330880832930603,0.0,0.0,359.9999999107951,True
1776076344.005841,89.1573703289032,7.469533431202648,0.9999999882978678,0.07330880832931914,0.0,0.0,359.9999999106496,True
1776076344.073113,89.22464227676392,7.470419104949159,0.9999999882964422,0.07330880832933076,0.0,0.0,359.9999999105203,True
1776076344.144998,89.29652738571167,7.471193018618585,0.9999999882951964,0.07330880832934089,0.0,0.0,359.99999991040715,True
1776076344.208749,89.36027836799622,7.47196595408424,0.9999999882939522,0.07330880832935097,0.0,0.0,359.999999910294,True
1776076344.270212,89.42174124717712,7.4728481142696035,0.9999999882925321,0.07330880832936244,0.0,0.0,359.9999999101646,True
1776076344.33886,89.49038934707642,7.473839025709632,0.999999988290937,0.07330880832937528,0.0,0.0,359.9999999100191,True
1776076344.430286,89.58181524276733,7.474938158470534,0.9999999882891676,0.07330880832938949,0.0,0.0,359.9999999098575,True
1776076344.49791,89.64943933486938,7.475706377624119,0.9999999882879309,0.07330880832939939,0.0,0.0,359.9999999097443,True
1776076344.589902,89.74143123626709,7.477021083612373,0.9999999882858145,0.07330880832941628,0.0,0.0,359.9999999095503,True
1776076344.668242,89.81977128982544,7.4781145169163565,0.9999999882840543,0.07330880832943025,0.0,0.0,359.99999990938863,True
1776076344.737359,89.88888835906982,7.478878758584029,0.9999999882828241,0.07330880832943999,0.0,0.0,359.99999990927546,True
1776076344.805375,89.95690441131592,7.479642046332474,0.9999999882815954,0.0733088083294497,0.0,0.0,359.99999990916234,True
1776076344.903799,90.05532836914062,7.481165769577149,0.9999999882791425,0.07330880832946901,0.0,0.0,359.99999990893605,True
1776076344.978928,90.13045740127563,7.481926209803946,0.9999999882779184,0.07330880832947861,0.0,0.0,359.9999999088229,True
1776076345.048545,90.20007419586182,7.482794128006405,0.9999999882765213,0.07330880832948954,0.0,0.0,359.99999990869355,True
1776076345.140023,90.29155230522156,7.484093699996685,0.9999999882744292,0.07330880832950584,0.0,0.0,359.99999990849955,True
1776076345.201763,90.35329222679138,7.4849585495206155,0.9999999882730369,0.07330880832951665,0.0,0.0,359.9999999083702,True
1776076345.2619,90.4134292602539,7.4856063849288255,0.9999999882719941,0.07330880832952473,0.0,0.0,359.99999990827325,True
1776076345.349324,90.5008533000946,7.486576853022624,0.9999999882704319,0.0733088083295368,0.0,0.0,359.9999999081278,True
1776076345.417736,90.56926536560059,7.487653347666218,0.999999988268699,0.07330880832955014,0.0,0.0,359.99999990796607,True
1776076345.480925,90.63245439529419,7.488513181040547,0.9999999882673148,0.07330880832956077,0.0,0.0,359.9999999078368,True
1776076345.548318,90.69984722137451,7.4892645447763,0.9999999882661053,0.07330880832957003,0.0,0.0,359.99999990772363,True
1776076345.606906,90.75843524932861,7.48990783686647,0.9999999882650698,0.07330880832957794,0.0,0.0,359.99999990762666,True
1776076345.671136,90.82266521453857,7.490764508332844,0.9999999882636906,0.07330880832958844,0.0,0.0,359.99999990749734,True
1776076345.751105,90.90263438224792,7.491940475475692,0.9999999882617976,0.07330880832960282,0.0,0.0,359.99999990731953,True
1776076345.83083,90.98235940933228,7.492794306141716,0.9999999882604231,0.07330880832961323,0.0,0.0,359.9999999071903,True
1776076345.895028,91.04655742645264,7.493540431281234,0.9999999882592221,0.07330880832962229,0.0,0.0,359.99999990707704,True
1776076345.968205,91.11973428726196,7.494498399297421,0.99999998825768,0.0733088083296339,0.0,0.0,359.99999990693163,True
1776076346.034661,91.186190366745,7.495454868964935,0.9999999882561403,0.07330880832964545,0.0,0.0,359.9999999067861,True
1776076346.11196,91.26348924636841,7.496303810136008,0.9999999882547737,0.07330880832965568,0.0,0.0,359.99999990665685,True
1776076346.178173,91.32970237731934,7.497045668115456,0.9999999882535795,0.07330880832966459,0.0,0.0,359.9999999065437,True
1776076346.268351,91.41988039016724,7.498103906473836,0.999999988251876,0.07330880832967726,0.0,0.0,359.9999999063821,True
1776076346.361934,91.51346325874329,7.499476884233531,0.9999999882496657,0.07330880832969365,0.0,0.0,359.9999999061719,True
1776076346.42622,91.57774925231934,7.500320263998342,0.9999999882483082,0.07330880832970368,0.0,0.0,359.99999990604266,True
1776076346.49504,91.64656925201416,7.5010572683495775,0.9999999882471218,0.07330880832971241,0.0,0.0,359.9999999059295,True
1776076346.581118,91.73264741897583,7.50210859326912,0.9999999882454295,0.07330880832972485,0.0,0.0,359.9999999057678,True
1776076346.644363,91.79589223861694,7.503053242812013,0.9999999882439088,0.07330880832973598,0.0,0.0,359.9999999056224,True
1776076346.735201,91.8867301940918,7.504101144778699,0.9999999882422219,0.07330880832974829,0.0,0.0,359.9999999054608,True
1776076346.808507,91.960036277771,7.504938175374197,0.9999999882408745,0.07330880832975809,0.0,0.0,359.9999999053315,True
1776076346.874288,92.02581739425659,7.505878467348694,0.9999999882393609,0.07330880832976906,0.0,0.0,359.999999905186,True
1776076346.965733,92.11726236343384,7.507025753093828,0.999999988237514,0.07330880832978241,0.0,0.0,359.9999999050082,True
1776076347.034109,92.18563842773438,7.507754724917984,0.9999999882363406,0.07330880832979086,0.0,0.0,359.9999999048951,True
1776076347.097088,92.24861741065979,7.508482828795342,0.9999999882351686,0.0733088083297993,0.0,0.0,359.99999990478193,True
1776076347.158897,92.31042623519897,7.509417690323243,0.9999999882336637,0.07330880832981009,0.0,0.0,359.99999990463647,True
1776076347.22529,92.37681937217712,7.510247480248249,0.9999999882323278,0.07330880832981963,0.0,0.0,359.9999999045072,True
1776076347.298796,92.45032525062561,7.510972623936603,0.9999999882311604,0.07330880832982796,0.0,0.0,359.99999990439403,True
1776076347.364947,92.51647639274597,7.51180030803441,0.9999999882298282,0.07330880832983744,0.0,0.0,359.99999990426477,True
1776076347.431763,92.58329224586487,7.51273011554744,0.9999999882283315,0.07330880832984804,0.0,0.0,359.9999999041193,True
1776076347.527801,92.6793303489685,7.513761579600522,0.9999999882266711,0.07330880832985978,0.0,0.0,359.99999990395776,True
1776076347.588978,92.74050736427307,7.514482570658374,0.9999999882255105,0.07330880832986797,0.0,0.0,359.9999999038446,True
1776076347.652444,92.80397319793701,7.515408311848857,0.9999999882240204,0.07330880832987845,0.0,0.0,359.9999999036991,True
1776076347.720083,92.87161231040955,7.516230018055866,0.9999999882226976,0.07330880832988772,0.0,0.0,359.99999990356986,True
1776076347.790349,92.94187831878662,7.516948106367669,0.9999999882215417,0.07330880832989581,0.0,0.0,359.99999990345674,True
1776076347.887132,93.03866124153137,7.5180748299563405,0.999999988219728,0.07330880832990845,0.0,0.0,359.99999990327893,True
1776076347.974547,93.12607622146606,7.51930161993611,0.9999999882177533,0.07330880832992216,0.0,0.0,359.99999990308504,True
1776076348.064154,93.21568322181702,7.520220100023877,0.9999999882162748,0.07330880832993239,0.0,0.0,359.9999999029395,True
1776076348.127476,93.27900528907776,7.520933520904096,0.9999999882151265,0.07330880832994031,0.0,0.0,359.99999990282646,True
1776076348.205803,93.35733222961426,7.522052931980771,0.9999999882133244,0.07330880832995272,0.0,0.0,359.99999990264865,True
1776076348.265366,93.41689538955688,7.522764219066549,0.9999999882121793,0.07330880832996058,0.0,0.0,359.99999990253554,True
1776076348.356785,93.50831437110901,7.523677517051098,0.9999999882107091,0.07330880832997064,0.0,0.0,359.9999999023901,True
1776076348.43193,93.58345937728882,7.524690695406589,0.9999999882090782,0.07330880832998175,0.0,0.0,359.9999999022285,True
1776076348.499185,93.65071439743042,7.5256011229010955,0.9999999882076126,0.07330880832999173,0.0,0.0,359.99999990208306,True
1776076348.576949,93.72847819328308,7.526409255458257,0.9999999882063116,0.07330880833000054,0.0,0.0,359.99999990195386,True
1776076348.644339,93.79586839675903,7.5271154964508025,0.9999999882051748,0.07330880833000823,0.0,0.0,359.9999999018407,True
1776076348.72474,93.87626934051514,7.528122999385782,0.999999988203553,0.07330880833001917,0.0,0.0,359.9999999016791,True
1776076348.787235,93.93876433372498,7.528927808317141,0.9999999882022574,0.07330880833002788,0.0,0.0,359.9999999015498,True
1776076348.860386,94.01191520690918,7.529731559454979,0.9999999882009636,0.07330880833003656,0.0,0.0,359.99999990142055,True
1776076348.927555,94.0790843963623,7.530534255576478,0.9999999881996715,0.0733088083300452,0.0,0.0,359.99999990129123,True
1776076348.994738,94.14626741409302,7.531436031082836,0.9999999881982198,0.07330880833005489,0.0,0.0,359.9999999011459,True
1776076349.062413,94.21394228935242,7.532136493824619,0.9999999881970922,0.0733088083300624,0.0,0.0,359.99999990103277,True
1776076349.127138,94.27866721153259,7.5328361551485115,0.9999999881959659,0.07330880833006986,0.0,0.0,359.9999999009196,True
1776076349.192362,94.34389138221741,7.533734545061578,0.9999999881945197,0.07330880833007944,0.0,0.0,359.9999999007742,True
1776076349.254624,94.40615320205688,7.5345320073787745,0.999999988193236,0.07330880833008792,0.0,0.0,359.9999999006449,True
1776076349.344386,94.49591541290283,7.535427911191868,0.9999999881917938,0.07330880833009741,0.0,0.0,359.99999990049946,True
1776076349.405012,94.55654120445251,7.536123818973119,0.9999999881906736,0.07330880833010478,0.0,0.0,359.9999999003864,True
1776076349.470416,94.62194538116455,7.537017395465001,0.9999999881892351,0.07330880833011419,0.0,0.0,359.99999990024094,True
1776076349.544641,94.69617033004761,7.537909668145042,0.9999999881877988,0.07330880833012357,0.0,0.0,359.99999990009553,True
1776076349.604164,94.75569319725037,7.538503794135485,0.9999999881868424,0.0733088083301298,0.0,0.0,359.99999989999856,True
1776076349.66706,94.81858921051025,7.539196212367206,0.9999999881857278,0.07330880833013706,0.0,0.0,359.9999998998855,True
1776076349.749035,94.90056419372559,7.5402827166099415,0.9999999881839788,0.07330880833014838,0.0,0.0,359.99999989970775,True
1776076349.823035,94.97456431388855,7.541170241027835,0.9999999881825501,0.07330880833015763,0.0,0.0,359.99999989956234,True
1776076349.901995,95.05352425575256,7.54195807171443,0.9999999881812819,0.07330880833016579,0.0,0.0,359.999999899433,True
1776076349.966888,95.118417263031,7.542744888742565,0.9999999881800153,0.07330880833017393,0.0,0.0,359.9999998993038,True
1776076350.034081,95.18561029434204,7.543628849504092,0.9999999881785924,0.07330880833018305,0.0,0.0,359.9999998991584,True
1776076350.097636,95.24916529655457,7.544315492234597,0.9999999881774869,0.07330880833019013,0.0,0.0,359.9999998990453,True
1776076350.157257,95.30878639221191,7.544903430127479,0.9999999881765406,0.07330880833019615,0.0,0.0,359.9999998989483,True
1776076350.231129,95.38265824317932,7.545784278462859,0.9999999881751226,0.07330880833020519,0.0,0.0,359.99999989880297,True
1776076350.297724,95.44925332069397,7.546663859841604,0.9999999881737066,0.07330880833021416,0.0,0.0,359.99999989865756,True
1776076350.374535,95.52606439590454,7.547444649280842,0.9999999881724497,0.07330880833022213,0.0,0.0,359.9999998985283,True
1776076350.439071,95.59060025215149,7.548127023225437,0.9999999881713513,0.07330880833022907,0.0,0.0,359.9999998984152,True
1776076350.50557,95.65709924697876,7.5489059479386675,0.9999999881700974,0.07330880833023695,0.0,0.0,359.9999998982859,True
1776076350.575183,95.72671222686768,7.549683881768947,0.999999988168845,0.07330880833024483,0.0,0.0,359.99999989815666,True
1776076350.654017,95.80554628372192,7.550654909462795,0.999999988167282,0.07330880833025462,0.0,0.0,359.9999998979951,True
1776076350.725263,95.87679243087769,7.5514306229983905,0.9999999881660333,0.07330880833026242,0.0,0.0,359.99999989786585,True
1776076350.793788,95.94531726837158,7.552302126175291,0.9999999881646304,0.07330880833027117,0.0,0.0,359.99999989772044,True
1776076350.883138,96.03466725349426,7.553269008597426,0.999999988163074,0.07330880833028083,0.0,0.0,359.9999998975589,True
1776076350.949688,96.10121726989746,7.5539449178470965,0.999999988161986,0.07330880833028758,0.0,0.0,359.9999998974458,True
1776076351.028722,96.18025135993958,7.555005553870627,0.9999999881602787,0.07330880833029813,0.0,0.0,359.9999998972681,True
1776076351.118533,96.27006220817566,7.556064353509154,0.9999999881585742,0.07330880833030862,0.0,0.0,359.9999998970904,True
1776076351.18917,96.34069919586182,7.556737181869117,0.9999999881574911,0.07330880833031526,0.0,0.0,359.99999989697733,True
1776076351.252223,96.40375232696533,7.557409270769681,0.9999999881564092,0.0733088083303219,0.0,0.0,359.9999998968642,True
1776076351.316694,96.46822333335876,7.558272301130307,0.9999999881550199,0.07330880833033038,0.0,0.0,359.9999998967188,True
1776076351.393018,96.54454731941223,7.5591341152409335,0.9999999881536326,0.07330880833033884,0.0,0.0,359.9999998965734,True
1776076351.474704,96.62623333930969,7.559899153946713,0.9999999881524011,0.07330880833034632,0.0,0.0,359.9999998964442,True
1776076351.536627,96.68815636634827,7.560567778606093,0.9999999881513247,0.07330880833035285,0.0,0.0,359.99999989633113,True
1776076351.619099,96.77062821388245,7.561712294235852,0.9999999881494823,0.07330880833036398,0.0,0.0,359.99999989613724,True
1776076351.696245,96.84777426719666,7.562569277437663,0.9999999881481028,0.07330880833037229,0.0,0.0,359.99999989599183,True
1776076351.75689,96.90841937065125,7.56313993310056,0.9999999881471842,0.07330880833037781,0.0,0.0,359.9999998958949,True
1776076351.832979,96.98450827598572,7.5638999799066235,0.9999999881459607,0.07330880833038515,0.0,0.0,359.9999998957657,True
1776076351.927428,97.07895731925964,7.565133044781757,0.9999999881439757,0.07330880833039702,0.0,0.0,359.9999998955557,True
1776076351.992358,97.14388728141785,7.565795974396907,0.9999999881429085,0.07330880833040337,0.0,0.0,359.9999998954426,True
1776076352.055156,97.20668530464172,7.566458186140714,0.9999999881418425,0.07330880833040972,0.0,0.0,359.9999998953295,True
1776076352.118406,97.26993536949158,7.567308548907521,0.9999999881404736,0.07330880833041784,0.0,0.0,359.99999989518415,True
1776076352.204192,97.35572123527527,7.568252011645211,0.999999988138955,0.07330880833042681,0.0,0.0,359.9999998950226,True
1776076352.265322,97.41685128211975,7.568817391406281,0.9999999881380448,0.07330880833043218,0.0,0.0,359.9999998949257,True
1776076352.358313,97.50984239578247,7.5698525653184525,0.9999999881363785,0.07330880833044198,0.0,0.0,359.99999989474804,True
1776076352.456823,97.60835242271423,7.571073697784463,0.9999999881344127,0.07330880833045351,0.0,0.0,359.999999894538,True
1776076352.535276,97.6868052482605,7.571823953721928,0.999999988133205,0.07330880833046058,0.0,0.0,359.9999998944088,True
1776076352.603751,97.75528025627136,7.572573290336523,0.9999999881319988,0.0733088083304676,0.0,0.0,359.99999989427954,True
1776076352.689219,97.84074831008911,7.573695576448508,0.9999999881301921,0.0733088083304781,0.0,0.0,359.9999998940857,True
1776076352.768372,97.9199013710022,7.574442624583347,0.9999999881289896,0.07330880833048507,0.0,0.0,359.9999998939565,True
1776076352.833176,97.98470520973206,7.575095543924813,0.9999999881279386,0.07330880833049115,0.0,0.0,359.99999989384344,True
1776076352.899443,98.05097222328186,7.575933988627148,0.9999999881265889,0.07330880833049894,0.0,0.0,359.9999998936981,True
1776076352.982766,98.13429522514343,7.576864247589905,0.9999999881250913,0.07330880833050754,0.0,0.0,359.99999989353654,True
1776076353.060463,98.21199226379395,7.577607437225555,0.999999988123895,0.0733088083305144,0.0,0.0,359.9999998934073,True
1776076353.127618,98.2791473865509,7.5783497247649985,0.9999999881227001,0.07330880833052124,0.0,0.0,359.9999998932781,True
1776076353.188826,98.34035539627075,7.579183722683351,0.9999999881213576,0.0733088083305289,0.0,0.0,359.9999998931327,True
1776076353.272612,98.42414140701294,7.580016584757049,0.9999999881200169,0.07330880833053652,0.0,0.0,359.9999998929874,True
1776076353.342014,98.49354338645935,7.580663583073047,0.9999999881189753,0.07330880833054243,0.0,0.0,359.9999998928743,True
1776076353.404094,98.55562329292297,7.5814021725006056,0.9999999881177863,0.07330880833054917,0.0,0.0,359.9999998927451,True
1776076353.481935,98.63346433639526,7.582324156611681,0.9999999881163021,0.07330880833055756,0.0,0.0,359.99999989258356,True
1776076353.548097,98.69962620735168,7.582968719411792,0.9999999881152644,0.0733088083305634,0.0,0.0,359.99999989247056,True
1776076353.613954,98.76548337936401,7.583612603550082,0.9999999881142279,0.07330880833056923,0.0,0.0,359.99999989235744,True
1776076353.67307,98.82459926605225,7.584347641953516,0.9999999881130445,0.07330880833057586,0.0,0.0,359.99999989222823,True
1776076353.744183,98.89571237564087,7.5851735054870915,0.999999988111715,0.0733088083305833,0.0,0.0,359.99999989208294,True
1776076353.806143,98.9576723575592,7.585723462207911,0.9999999881108296,0.07330880833058824,0.0,0.0,359.99999989198596,True
1776076353.876416,99.02794528007507,7.586455969332576,0.9999999881096504,0.0733088083305948,0.0,0.0,359.99999989185676,True
1776076353.949624,99.10115337371826,7.587278992424892,0.9999999881083255,0.07330880833060217,0.0,0.0,359.9999998917114,True
1776076354.028351,99.1798803806305,7.588192165302411,0.9999999881068554,0.07330880833061032,0.0,0.0,359.9999998915499,True
1776076354.103093,99.25462222099304,7.58892172308379,0.9999999881056809,0.07330880833061681,0.0,0.0,359.9999998914207,True
1776076354.168509,99.32003831863403,7.58965041154168,0.999999988104508,0.07330880833062328,0.0,0.0,359.9999998912915,True
1776076354.236653,99.3881824016571,7.590469149519949,0.99999998810319,0.07330880833063053,0.0,0.0,359.99999989114616,True
1776076354.308096,99.45962524414062,7.591195997527347,0.99999998810202,0.07330880833063694,0.0,0.0,359.99999989101696,True
1776076354.373938,99.52546739578247,7.591831281631713,0.9999999881009973,0.07330880833064253,0.0,0.0,359.9999998909039,True
1776076354.437295,99.58882427215576,7.592556513416185,0.9999999880998298,0.07330880833064891,0.0,0.0,359.9999998907747,True
1776076354.520366,99.67189526557922,7.593552304867626,0.9999999880982268,0.07330880833065764,0.0,0.0,359.99999989059705,True
1776076354.589254,99.74078321456909,7.594185147126452,0.9999999880972081,0.07330880833066317,0.0,0.0,359.99999989048405,True
1776076354.663128,99.81465721130371,7.594907594420556,0.9999999880960452,0.07330880833066947,0.0,0.0,359.99999989035484,True
1776076354.733961,99.88549041748047,7.595809454988801,0.9999999880945933,0.07330880833067732,0.0,0.0,359.99999989019335,True
1776076354.802974,99.95450329780579,7.596619993896867,0.9999999880932886,0.07330880833068434,0.0,0.0,359.99999989004795,True
1776076354.870962,100.02249121665955,7.597249671157294,0.999999988092275,0.0733088083306898,0.0,0.0,359.99999988993494,True
1776076354.948247,100.09977626800537,7.597968509298443,0.9999999880911178,0.073308808330696,0.0,0.0,359.99999988980574,True
1776076355.012888,100.1644172668457,7.598776193488965,0.9999999880898176,0.07330880833070297,0.0,0.0,359.9999998896604,True
1776076355.089764,100.24129343032837,7.599672371015016,0.9999999880883749,0.07330880833071066,0.0,0.0,359.99999988949895,True
1776076355.15723,100.3087592124939,7.600298914779659,0.9999999880873663,0.07330880833071603,0.0,0.0,359.9999998893859,True
1776076355.223428,100.37495732307434,7.600924817280505,0.9999999880863588,0.07330880833072138,0.0,0.0,359.9999998892729,True
1776076355.331025,100.4825541973114,7.602174703732432,0.9999999880843468,0.07330880833073204,0.0,0.0,359.99999988904676,True
1776076355.394445,100.54597425460815,7.60288777927964,0.9999999880831989,0.0733088083307381,0.0,0.0,359.99999988891756,True
1776076355.465226,100.61675524711609,7.603511039041984,0.9999999880821956,0.0733088083307434,0.0,0.0,359.99999988880455,True
1776076355.528182,100.67971134185791,7.604133664242308,0.9999999880811934,0.07330880833074865,0.0,0.0,359.999999921293,True
1776076355.619957,100.77148628234863,7.605288289054426,0.9999999880793347,0.0733088083307584,0.0,0.0,359.9999999211446,True
1776076355.712847,100.86437630653381,7.606174980909323,0.9999999880779074,0.07330880833076586,0.0,0.0,359.9999999210304,True
1776076355.787676,100.93920540809631,7.606883409885464,0.9999999880767669,0.0733088083307718,0.0,0.0,359.99999992093905,True
1776076355.880914,101.0324432849884,7.608032859495877,0.9999999880749166,0.0733088083307814,0.0,0.0,359.99999992079063,True
1776076355.955738,101.10726737976074,7.6087391407345715,0.9999999880737797,0.0733088083307873,0.0,0.0,359.9999999206993,True
1776076356.017568,101.16909742355347,7.609268316871938,0.9999999880729278,0.0733088083307917,0.0,0.0,359.9999999206308,True
1776076356.084688,101.23621726036072,7.609973173506345,0.9999999880717931,0.07330880833079756,0.0,0.0,359.99999992053944,True
1776076356.180879,101.33240842819214,7.611116835627708,0.9999999880699522,0.07330880833080702,0.0,0.0,359.999999920391,True
1776076356.26796,101.41948938369751,7.611907350656752,0.9999999880686796,0.07330880833081355,0.0,0.0,359.9999999202883,True
1776076356.340437,101.4919662475586,7.612609173837909,0.9999999880675499,0.07330880833081932,0.0,0.0,359.99999992019696,True
1776076356.407319,101.55884838104248,7.613397763360575,0.9999999880662804,0.0733088083308258,0.0,0.0,359.9999999200942,True
1776076356.473101,101.62463021278381,7.614097879147377,0.9999999880651534,0.07330880833083153,0.0,0.0,359.99999992000284,True
1776076356.54359,101.69511938095093,7.614709823649326,0.9999999880641683,0.07330880833083653,0.0,0.0,359.99999991992297,True
1776076356.607397,101.75892639160156,7.615321156411314,0.9999999880631842,0.07330880833084152,0.0,0.0,359.999999919843,True
1776076356.690292,101.84182119369507,7.616193430168599,0.9999999880617801,0.07330880833084862,0.0,0.0,359.99999991972885,True
1776076356.763482,101.91501140594482,7.6170644615196474,0.999999988060378,0.0733088083308557,0.0,0.0,359.99999991961465,True
1776076356.832142,101.98367142677307,7.617673446126953,0.9999999880593977,0.07330880833086062,0.0,0.0,359.9999999195348,True
1776076356.904652,102.05618143081665,7.618368686761929,0.9999999880582785,0.07330880833086623,0.0,0.0,359.99999991944344,True
1776076356.970435,102.1219642162323,7.619149888863105,0.999999988057021,0.07330880833087253,0.0,0.0,359.99999991934067,True
1776076357.04594,102.19746923446655,7.619930094299546,0.9999999880557651,0.0733088083308788,0.0,0.0,359.99999991923795,True
1776076357.127242,102.27877140045166,7.620622775590481,0.99999998805465,0.07330880833088435,0.0,0.0,359.9999999191466,True
1776076357.210339,102.36186838150024,7.621487525328722,0.999999988053258,0.07330880833089128,0.0,0.0,359.99999991903246,True
1776076357.275251,102.42678022384644,7.622264755972504,0.9999999880520067,0.07330880833089748,0.0,0.0,359.9999999189297,True
1776076357.349172,102.50070142745972,7.622954799352665,0.999999988050896,0.07330880833090296,0.0,0.0,359.99999991883834,True
1776076357.418757,102.5702862739563,7.623557949253339,0.999999988049925,0.07330880833090775,0.0,0.0,359.9999999187585,True
1776076357.484313,102.63584232330322,7.624246535791393,0.9999999880488165,0.07330880833091322,0.0,0.0,359.99999991866713,True
1776076357.563963,102.71549224853516,7.625192078072561,0.9999999880472944,0.07330880833092068,0.0,0.0,359.99999991854156,True
1776076357.64018,102.79170942306519,7.625878828085116,0.999999988046189,0.0733088083309261,0.0,0.0,359.9999999184502,True
1776076357.708156,102.85968542098999,7.626479102362418,0.9999999880452226,0.07330880833093081,0.0,0.0,359.99999991837035,True
1776076357.778816,102.93034529685974,7.6272500187980325,0.9999999880439816,0.07330880833093686,0.0,0.0,359.9999999182676,True
1776076357.841891,102.99342036247253,7.628019964626739,0.9999999880427421,0.07330880833094289,0.0,0.0,359.99999991816486,True
1776076357.906532,103.05806136131287,7.628618141908538,0.9999999880417791,0.07330880833094756,0.0,0.0,359.99999991808494,True
1776076357.978982,103.13051128387451,7.629215734654722,0.9999999880408172,0.07330880833095223,0.0,0.0,359.9999999180051,True
1776076358.05029,103.20181941986084,7.629983211112518,0.9999999880395818,0.0733088083309582,0.0,0.0,359.9999999179023,True
1776076358.14626,103.29778933525085,7.631090090557625,0.9999999880377999,0.07330880833096677,0.0,0.0,359.9999999177539,True
1776076358.21355,103.36507940292358,7.631685273778195,0.9999999880368419,0.07330880833097138,0.0,0.0,359.999999917674,True
1776076358.276712,103.42824125289917,7.6322798782976395,0.9999999880358847,0.07330880833097597,0.0,0.0,359.9999999175941,True
1776076358.340757,103.49228620529175,7.6330435212953445,0.9999999880346554,0.07330880833098184,0.0,0.0,359.9999999174914,True
1776076358.413316,103.56484532356262,7.633806211904637,0.9999999880334277,0.07330880833098771,0.0,0.0,359.9999999173886,True
1776076358.503392,103.65492129325867,7.6345679524982915,0.9999999880322014,0.07330880833099354,0.0,0.0,359.99999991728595,True
1776076358.577794,103.729323387146,7.635328745440227,0.9999999880309767,0.07330880833099936,0.0,0.0,359.9999999171832,True
1776076358.644863,103.79639220237732,7.6361729623520604,0.9999999880296178,0.07330880833100578,0.0,0.0,359.99999991706903,True
1776076358.715561,103.86709022521973,7.6368474977805985,0.999999988028532,0.07330880833101092,0.0,0.0,359.99999991697774,True
1776076358.785342,103.93687129020691,7.63743710656834,0.9999999880275828,0.0733088083310154,0.0,0.0,359.9999999168979,True
1776076358.852822,104.00435137748718,7.638110249839093,0.9999999880264993,0.07330880833102049,0.0,0.0,359.99999991680653,True
1776076358.923053,104.07458233833313,7.63895063830067,0.9999999880251464,0.07330880833102685,0.0,0.0,359.9999999166924,True
1776076358.986208,104.13773727416992,7.639538223827886,0.9999999880242005,0.07330880833103126,0.0,0.0,359.99999991661247,True
1776076359.058311,104.20984029769897,7.640125245328265,0.9999999880232556,0.07330880833103569,0.0,0.0,359.9999999165326,True
1776076359.126857,104.27838635444641,7.640795437785545,0.9999999880221768,0.07330880833104071,0.0,0.0,359.99999991644125,True
1776076359.199487,104.35101628303528,7.641632146828561,0.9999999880208299,0.07330880833104697,0.0,0.0,359.9999999163271,True
1776076359.269848,104.42137742042542,7.6423006907949755,0.9999999880197538,0.07330880833105197,0.0,0.0,359.9999999162358,True
1776076359.338022,104.48955130577087,7.642885067831975,0.9999999880188131,0.07330880833105632,0.0,0.0,359.99999991615596,True
1776076359.406966,104.55849528312683,7.643635590134157,0.9999999880176049,0.0733088083310619,0.0,0.0,359.99999991605324,True
1776076359.477174,104.62870335578918,7.644385192476582,0.9999999880163983,0.07330880833106747,0.0,0.0,359.9999999159505,True
1776076359.543326,104.69485521316528,7.644967581941476,0.9999999880154609,0.07330880833107178,0.0,0.0,359.9999999158706,True
1776076359.619241,104.77077031135559,7.645632491473616,0.9999999880143904,0.0733088083310767,0.0,0.0,359.9999999157793,True
1776076359.688102,104.83963131904602,7.646379651580742,0.9999999880131877,0.0733088083310822,0.0,0.0,359.99999991567665,True
1776076359.756524,104.90805339813232,7.647125899947681,0.9999999880119863,0.07330880833108769,0.0,0.0,359.9999999155739,True
1776076359.834681,104.98621034622192,7.64778846821484,0.9999999880109198,0.07330880833109255,0.0,0.0,359.9999999154826,True
1776076359.913911,105.06544041633606,7.648533000463397,0.9999999880097213,0.073308808331098,0.0,0.0,359.9999999153799,True
1776076359.977425,105.12895441055298,7.649276627370452,0.9999999880085242,0.07330880833110343,0.0,0.0,359.9999999152772,True
1776076360.044397,105.19592642784119,7.649936870803907,0.9999999880074614,0.07330880833110824,0.0,0.0,359.9999999151859,True
1776076360.127259,105.27878832817078,7.650596402182875,0.9999999880063997,0.07330880833111303,0.0,0.0,359.9999999150946,True
1776076360.206415,105.35794425010681,7.651419817416913,0.9999999880050742,0.07330880833111901,0.0,0.0,359.9999999149805,True
1776076360.288431,105.43996024131775,7.652324295470276,0.9999999880036181,0.07330880833112555,0.0,0.0,359.9999999148549,True
1776076360.387516,105.5390453338623,7.653145389013718,0.9999999880022964,0.07330880833113147,0.0,0.0,359.99999991474084,True
1776076360.474388,105.6259171962738,7.6539653815859925,0.9999999880009763,0.07330880833113737,0.0,0.0,359.9999999146267,True
1776076360.535746,105.68727540969849,7.6547024360080655,0.9999999879997898,0.07330880833114264,0.0,0.0,359.999999914524,True
1776076360.605212,105.7567412853241,7.655356850570568,0.9999999879987364,0.07330880833114733,0.0,0.0,359.9999999144327,True
1776076360.688013,105.83954238891602,7.656010565589811,0.9999999879976841,0.073308808331152,0.0,0.0,359.9999999143414,True
1776076360.754958,105.9064872264862,7.656663582559867,0.9999999879966329,0.07330880833115666,0.0,0.0,359.9999999142501,True
1776076360.836686,105.98821520805359,7.657560343845134,0.9999999879951893,0.07330880833116303,0.0,0.0,359.9999999141246,True
1776076360.905807,106.05733633041382,7.658211708908421,0.9999999879941408,0.07330880833116765,0.0,0.0,359.9999999140333,True
1776076360.977715,106.12924432754517,7.658781084777479,0.9999999879932242,0.07330880833117168,0.0,0.0,359.99999991395345,True
1776076361.065928,106.21745729446411,7.65959356038654,0.9999999879919164,0.07330880833117742,0.0,0.0,359.99999991383936,True
1776076361.135067,106.28659629821777,7.6604049580003775,0.9999999879906102,0.07330880833118314,0.0,0.0,359.99999991372516,True
1776076361.202112,106.35364127159119,7.661053301855154,0.9999999879895665,0.07330880833118769,0.0,0.0,359.9999999136339,True
1776076361.264513,106.41604232788086,7.66153910906529,0.9999999879887844,0.07330880833119109,0.0,0.0,359.99999991356543,True
1776076361.338087,106.48961639404297,7.662186252270031,0.9999999879877427,0.07330880833119562,0.0,0.0,359.9999999134742,True
1776076361.418919,106.57044839859009,7.663074957479021,0.9999999879863121,0.07330880833120182,0.0,0.0,359.9999999133487,True
1776076361.486526,106.63805532455444,7.663801120542516,0.9999999879851431,0.07330880833120688,0.0,0.0,359.999999913246,True
1776076361.557367,106.70889639854431,7.664365318505032,0.999999987984235,0.0733088083312108,0.0,0.0,359.9999999131661,True
1776076361.621883,106.77341222763062,7.664928996429841,0.9999999879833276,0.07330880833121473,0.0,0.0,359.99999991308624,True
1776076361.695166,106.84669542312622,7.665733350400282,0.9999999879820327,0.07330880833122028,0.0,0.0,359.99999991297216,True
1776076361.771888,106.92341732978821,7.666456365532434,0.9999999879808689,0.07330880833122527,0.0,0.0,359.99999991286944,True
1776076361.851828,107.00335741043091,7.667098328820818,0.9999999879798355,0.0733088083312297,0.0,0.0,359.99999991277815,True
1776076361.923455,107.0749843120575,7.6678197329197495,0.9999999879786741,0.07330880833123465,0.0,0.0,359.9999999126755,True
1776076361.993615,107.14514422416687,7.668620296207044,0.9999999879773854,0.07330880833124015,0.0,0.0,359.99999991256135,True
1776076362.078765,107.2302942276001,7.669339908214988,0.999999987976227,0.07330880833124506,0.0,0.0,359.9999999124587,True
1776076362.15388,107.30540919303894,7.669978853232991,0.9999999879751984,0.07330880833124942,0.0,0.0,359.9999999123674,True
1776076362.240189,107.39171838760376,7.670936020801812,0.9999999879736576,0.07330880833125593,0.0,0.0,359.9999999122305,True
1776076362.30815,107.45967936515808,7.6715733012354175,0.9999999879726318,0.07330880833126026,0.0,0.0,359.99999991213923,True
1776076362.377117,107.52864623069763,7.672130377366035,0.9999999879717351,0.07330880833126403,0.0,0.0,359.99999991205937,True
1776076362.446808,107.5983374118805,7.672766415042382,0.9999999879707112,0.07330880833126834,0.0,0.0,359.9999999119681,True
1776076362.51052,107.66204929351807,7.673481167605546,0.9999999879695606,0.07330880833127315,0.0,0.0,359.9999999118654,True
1776076362.592209,107.74373841285706,7.674195085766166,0.9999999879684113,0.07330880833127795,0.0,0.0,359.99999991176276,True
1776076362.661026,107.81255531311035,7.674749779821731,0.9999999879675183,0.07330880833128169,0.0,0.0,359.9999999116829,True
1776076362.727993,107.8795223236084,7.675383100421723,0.9999999879664989,0.07330880833128593,0.0,0.0,359.9999999115916,True
1776076362.799178,107.95070719718933,7.676173829965912,0.999999987965226,0.07330880833129122,0.0,0.0,359.9999999114775,True
1776076362.887562,108.03909134864807,7.676963538415493,0.9999999879639547,0.0733088083312965,0.0,0.0,359.99999991136343,True
1776076362.970436,108.1219654083252,7.677594571757373,0.999999987962939,0.07330880833130068,0.0,0.0,359.9999999112722,True
1776076363.063366,108.21489524841309,7.67861861420118,0.9999999879612905,0.07330880833130748,0.0,0.0,359.9999999111239,True
1776076363.128026,108.27955532073975,7.679247942912799,0.9999999879602774,0.07330880833131165,0.0,0.0,359.9999999110326,True
1776076363.19379,108.34531927108765,7.679798074778311,0.9999999879593918,0.07330880833131528,0.0,0.0,359.99999991095274,True
1776076363.263174,108.41470336914062,7.680347712203402,0.9999999879585071,0.0733088083313189,0.0,0.0,359.99999991087293,True
1776076363.327415,108.47894430160522,7.6809752649624565,0.9999999879574969,0.07330880833132303,0.0,0.0,359.9999999107817,True
1776076363.408161,108.55969023704529,7.681837099857263,0.9999999879561096,0.07330880833132869,0.0,0.0,359.9999999106562,True
1776076363.48663,108.63815927505493,7.682463126886357,0.9999999879551018,0.0733088083313328,0.0,0.0,359.9999999105649,True
1776076363.548786,108.70031523704529,7.68301037533189,0.9999999879542208,0.07330880833133638,0.0,0.0,359.99999991048503,True
1776076363.612521,108.76405024528503,7.683713261666881,0.9999999879530893,0.07330880833134096,0.0,0.0,359.9999999103824,True
1776076363.677028,108.82855725288391,7.684337372030533,0.9999999879520846,0.07330880833134501,0.0,0.0,359.99999991029114,True
1776076363.766016,108.91754531860352,7.685038735697316,0.9999999879509556,0.07330880833134958,0.0,0.0,359.9999999101885,True
1776076363.827742,108.97927141189575,7.685583685205235,0.9999999879500784,0.0733088083313531,0.0,0.0,359.9999999101086,True
1776076363.903292,109.05482125282288,7.686361343090743,0.9999999879488266,0.07330880833135814,0.0,0.0,359.9999999099946,True
1776076363.988292,109.13982129096985,7.687138013343334,0.9999999879475764,0.07330880833136315,0.0,0.0,359.9999999098805,True
1776076364.05602,109.20754933357239,7.687681096220686,0.9999999879467022,0.07330880833136665,0.0,0.0,359.99999990980064,True
1776076364.129668,109.28119730949402,7.688378637721387,0.9999999879455794,0.07330880833137113,0.0,0.0,359.999999909698,True
1776076364.204198,109.35572719573975,7.689152751830782,0.9999999879443333,0.07330880833137608,0.0,0.0,359.9999999095839,True
1776076364.288016,109.43954539299011,7.689848617706764,0.9999999879432131,0.07330880833138054,0.0,0.0,359.9999999094813,True
1776076364.354711,109.5062403678894,7.690389299827249,0.9999999879423427,0.07330880833138398,0.0,0.0,359.9999999094014,True
1776076364.450921,109.60245037078857,7.691392157285437,0.9999999879407283,0.07330880833139036,0.0,0.0,359.9999999092531,True
1776076364.537668,109.68919730186462,7.692162468574528,0.9999999879394883,0.07330880833139526,0.0,0.0,359.9999999091391,True
1776076364.60725,109.75877928733826,7.692701109734553,0.9999999879386212,0.07330880833139866,0.0,0.0,359.9999999090592,True
1776076364.671952,109.82348132133484,7.693316119261387,0.9999999879376312,0.07330880833140255,0.0,0.0,359.999999908968,True
1776076364.736729,109.88825821876526,7.694007266493665,0.9999999879365187,0.07330880833140692,0.0,0.0,359.99999990886533,True
1776076364.798208,109.94973731040955,7.694544285946652,0.9999999879356543,0.07330880833141029,0.0,0.0,359.9999999087855,True
1776076364.872153,110.02368235588074,7.695080834239679,0.9999999879347905,0.07330880833141366,0.0,0.0,359.99999990870566,True
1776076364.945507,110.09703636169434,7.695769991057514,0.9999999879336811,0.073308808331418,0.0,0.0,359.999999908603,True
1776076365.007173,110.15870237350464,7.696458372134916,0.9999999879325729,0.0733088083314223,0.0,0.0,359.9999999085004,True
1776076365.076729,110.22825837135315,7.697069616597505,0.9999999879315891,0.07330880833142611,0.0,0.0,359.9999999084091,True
1776076365.146444,110.29797339439392,7.697603954798575,0.9999999879307289,0.07330880833142944,0.0,0.0,359.9999999083293,True
1776076365.213661,110.36519026756287,7.698214055889802,0.9999999879297468,0.07330880833143325,0.0,0.0,359.99999990823807,True
1776076365.283885,110.43541431427002,7.6989758273245545,0.9999999879285205,0.07330880833143796,0.0,0.0,359.999999908124,True
1776076365.356597,110.5081262588501,7.699584562004144,0.9999999879275406,0.07330880833144174,0.0,0.0,359.99999990803275,True
1776076365.428478,110.580007314682,7.700116708246836,0.999999987926684,0.07330880833144503,0.0,0.0,359.99999990795294,True
1776076365.513094,110.66462326049805,7.700952003622784,0.9999999879253394,0.07330880833145018,0.0,0.0,359.9999999078275,True
1776076365.579632,110.73116135597229,7.701634579523195,0.9999999879242406,0.07330880833145437,0.0,0.0,359.9999999077248,True
1776076365.659213,110.81074237823486,7.70224067473743,0.9999999879232649,0.0733088083314581,0.0,0.0,359.99999990763365,True
1776076365.726604,110.87813329696655,7.702770515743437,0.9999999879224121,0.07330880833146135,0.0,0.0,359.9999999075538,True
1776076365.796864,110.94839334487915,7.703451066066622,0.9999999879213165,0.0733088083314655,0.0,0.0,359.9999999074511,True
1776076365.861199,111.01272821426392,7.704130859894512,0.9999999879202222,0.07330880833146966,0.0,0.0,359.9999999073485,True
1776076365.92758,111.07910943031311,7.704659066493913,0.9999999879193718,0.07330880833147287,0.0,0.0,359.9999999072687,True
1776076365.995533,111.14706230163574,7.70518681726495,0.9999999879185223,0.07330880833147607,0.0,0.0,359.99999990718885,True
1776076366.074807,111.22633624076843,7.706015220835889,0.9999999879171888,0.0733088083314811,0.0,0.0,359.99999990706345,True
1776076366.169395,111.32092428207397,7.7068425037707655,0.9999999879158571,0.0733088083314861,0.0,0.0,359.999999906938,True
1776076366.239951,111.39148020744324,7.707368374461812,0.9999999879150105,0.07330880833148928,0.0,0.0,359.99999990685814,True
1776076366.323005,111.47453427314758,7.708193830154461,0.9999999879136817,0.07330880833149425,0.0,0.0,359.99999990673274,True
1776076366.390299,111.54182839393616,7.7088683752458085,0.9999999879125959,0.0733088083314983,0.0,0.0,359.99999990663014,True
1776076366.471989,111.62351822853088,7.709467346902327,0.9999999879116317,0.0733088083315019,0.0,0.0,359.99999990653885,True
1776076366.570691,111.7222204208374,7.710364705848556,0.9999999879101871,0.07330880833150727,0.0,0.0,359.999999906402,True
1776076366.635648,111.78717732429504,7.711036862001879,0.9999999879091052,0.07330880833151127,0.0,0.0,359.9999999062994,True
1776076366.707743,111.85927224159241,7.7116337145678555,0.9999999879081444,0.07330880833151482,0.0,0.0,359.9999999062082,True
1776076366.795063,111.94659233093262,7.712304478160419,0.9999999879070646,0.07330880833151882,0.0,0.0,359.9999999061056,True
1776076366.862278,112.01380729675293,7.712974506848538,0.999999987905986,0.07330880833152278,0.0,0.0,359.999999906003,True
1776076366.956248,112.10777735710144,7.713866738027692,0.9999999879045497,0.07330880833152806,0.0,0.0,359.9999999058661,True
1776076367.033446,112.1849753856659,7.71446083644728,0.9999999879035933,0.07330880833153156,0.0,0.0,359.9999999057749,True
1776076367.112232,112.26376128196716,7.715202648781039,0.9999999879023992,0.07330880833153593,0.0,0.0,359.9999999056609,True
1776076367.210292,112.36182141304016,7.716091637449135,0.9999999879009681,0.07330880833154114,0.0,0.0,359.999999905524,True
1776076367.281204,112.43273329734802,7.7166096180112085,0.9999999879001342,0.07330880833154418,0.0,0.0,359.99999990544427,True
1776076367.347136,112.49866533279419,7.717201059077379,0.9999999878991822,0.07330880833154764,0.0,0.0,359.99999990535304,True
1776076367.408525,112.56005430221558,7.717791928703458,0.9999999878982311,0.07330880833155108,0.0,0.0,359.9999999052618,True
1776076367.477388,112.62891721725464,7.718382227992678,0.9999999878972808,0.07330880833155452,0.0,0.0,359.9999999051706,True
1776076367.544274,112.69580340385437,7.718898272881148,0.9999999878964501,0.07330880833155752,0.0,0.0,359.9999999050908,True
1776076367.610698,112.76222729682922,7.719561119957524,0.9999999878953831,0.07330880833156136,0.0,0.0,359.99999990498816,True
1776076367.695084,112.84661340713501,7.72037029192958,0.9999999878940806,0.07330880833156606,0.0,0.0,359.9999999048628,True
1776076367.775755,112.92728424072266,7.7208112076083815,0.9999999878933709,0.0733088083315686,0.0,0.0,359.9999999047944,True
1776076367.846982,112.99851131439209,7.7213986011182545,0.9999999878924253,0.07330880833157198,0.0,0.0,359.99999990470315,True
1776076367.910092,113.06162142753601,7.7219854309793705,0.9999999878914806,0.07330880833157535,0.0,0.0,359.99999990461197,True
1776076367.974486,113.1260154247284,7.722644942182266,0.9999999878904189,0.07330880833157916,0.0,0.0,359.99999990450937,True
1776076368.039313,113.19084239006042,7.7231574040752475,0.999999987889594,0.07330880833158208,0.0,0.0,359.9999999044295,True
1776076368.130923,113.28245234489441,7.723815653284749,0.9999999878885344,0.07330880833158585,0.0,0.0,359.99999990432696,True
1776076368.194147,113.34567642211914,7.724473194743244,0.9999999878874759,0.0733088083315896,0.0,0.0,359.99999990422435,True
1776076368.264157,113.41568636894226,7.725130029971142,0.9999999878864185,0.07330880833159335,0.0,0.0,359.99999990412175,True
1776076368.336748,113.48827719688416,7.725640414527197,0.999999987885597,0.07330880833159625,0.0,0.0,359.99999990404194,True
1776076368.40365,113.55517935752869,7.7262231900636476,0.9999999878846588,0.07330880833159956,0.0,0.0,359.9999999039507,True
1776076368.479909,113.63143825531006,7.726950879385783,0.9999999878834873,0.07330880833160368,0.0,0.0,359.99999990383674,True
1776076368.544877,113.69640636444092,7.727532408050665,0.9999999878825512,0.07330880833160697,0.0,0.0,359.9999999037455,True
1776076368.614668,113.76619720458984,7.7280407924116,0.9999999878817328,0.07330880833160983,0.0,0.0,359.99999990366575,True
1776076368.684927,113.83645629882812,7.728621286085531,0.9999999878807984,0.0733088083316131,0.0,0.0,359.9999999035745,True
1776076368.755948,113.90747737884521,7.729346129173515,0.9999999878796315,0.07330880833161718,0.0,0.0,359.99999990346055,True
1776076368.817182,113.96871137619019,7.729853008642119,0.9999999878788155,0.07330880833162001,0.0,0.0,359.99999990338074,True
1776076368.894378,114.04590725898743,7.7304317854943,0.9999999878778838,0.07330880833162326,0.0,0.0,359.99999990328956,True
1776076368.96362,114.11514925956726,7.73101001510637,0.999999987876953,0.0733088083316265,0.0,0.0,359.9999999031984,True
1776076369.074424,114.2259533405304,7.732092724243222,0.9999999878752102,0.07330880833163253,0.0,0.0,359.9999999030274,True
1776076369.14353,114.29505920410156,7.732597333263338,0.9999999878743979,0.07330880833163533,0.0,0.0,359.9999999029476,True
1776076369.261976,114.41350531578064,7.733677238289544,0.9999999878726596,0.07330880833164131,0.0,0.0,359.9999999027766,True
1776076369.335759,114.48728823661804,7.734324267157259,0.999999987871618,0.07330880833164488,0.0,0.0,359.999999902674,True
1776076369.41261,114.5641393661499,7.734898829796125,0.9999999878706931,0.07330880833164806,0.0,0.0,359.99999990258283,True
1776076369.484109,114.63563823699951,7.735472853131793,0.9999999878697691,0.07330880833165122,0.0,0.0,359.9999999024916,True
1776076369.550188,114.70171737670898,7.7360463381757905,0.9999999878688459,0.07330880833165437,0.0,0.0,359.9999999024004,True
1776076369.629158,114.78068733215332,7.736834003034286,0.9999999878675779,0.07330880833165869,0.0,0.0,359.9999999022751,True
1776076369.693815,114.84534430503845,7.737334716615923,0.9999999878667719,0.07330880833166142,0.0,0.0,359.99999990219527,True
1776076369.764093,114.91562223434448,7.737835020570007,0.9999999878659666,0.07330880833166417,0.0,0.0,359.9999999021155,True
1776076369.837216,114.98874521255493,7.73847766768686,0.999999987864932,0.07330880833166767,0.0,0.0,359.9999999020129,True
1776076369.909712,115.06124138832092,7.739190928887538,0.9999999878637839,0.07330880833167155,0.0,0.0,359.99999990189895,True
1776076369.979323,115.13085222244263,7.73976093949622,0.9999999878628663,0.07330880833167465,0.0,0.0,359.99999990180777,True
1776076370.051113,115.20264220237732,7.7402592633271485,0.9999999878620641,0.07330880833167734,0.0,0.0,359.99999990172796,True
1776076370.129503,115.28103232383728,7.740899369315873,0.9999999878610337,0.07330880833168081,0.0,0.0,359.9999999016254,True
1776076370.200148,115.35167741775513,7.74160981328202,0.99999998785989,0.07330880833168466,0.0,0.0,359.9999999015114,True
1776076370.266877,115.41840624809265,7.742177574818382,0.999999987858976,0.07330880833168771,0.0,0.0,359.99999990142027,True
1776076370.338595,115.49012422561646,7.7426739341392885,0.9999999878581771,0.07330880833169037,0.0,0.0,359.99999990134046,True
1776076370.428958,115.58048725128174,7.743453114320656,0.9999999878569228,0.07330880833169456,0.0,0.0,359.99999990121506,True
1776076370.527408,115.67893719673157,7.744372685538767,0.9999999878554425,0.07330880833169948,0.0,0.0,359.99999990106693,True
1776076370.595245,115.74677419662476,7.744867267140586,0.9999999878546464,0.07330880833170213,0.0,0.0,359.9999999009871,True
1776076370.662967,115.81449627876282,7.745432013915713,0.9999999878537372,0.07330880833170514,0.0,0.0,359.999999900896,True
1776076370.733042,115.88457131385803,7.7460667312788605,0.9999999878527155,0.07330880833170851,0.0,0.0,359.9999999007934,True
1776076370.801215,115.95274424552917,7.746630371990092,0.9999999878518081,0.0733088083317115,0.0,0.0,359.9999999007023,True
1776076370.868438,116.01996731758118,7.74712313183525,0.9999999878510148,0.07330880833171412,0.0,0.0,359.99999990062247,True
1776076370.934047,116.08557629585266,7.747685800199658,0.999999987850109,0.07330880833171709,0.0,0.0,359.99999990053135,True
1776076370.997601,116.14913034439087,7.7483181839241215,0.999999987849091,0.07330880833172043,0.0,0.0,359.99999990042875,True
1776076371.060642,116.21217131614685,7.7488095862353115,0.9999999878482999,0.07330880833172301,0.0,0.0,359.999999900349,True
1776076371.154038,116.30556726455688,7.749440809563985,0.9999999878472838,0.07330880833172634,0.0,0.0,359.9999999002464,True
1776076371.21763,116.36915922164917,7.750001350530394,0.9999999878463814,0.07330880833172929,0.0,0.0,359.9999999001553,True
1776076371.288444,116.4399733543396,7.750701305003151,0.9999999878452548,0.07330880833173295,0.0,0.0,359.99999990004125,True
1776076371.383613,116.53514242172241,7.751400459259264,0.9999999878441294,0.07330880833173661,0.0,0.0,359.99999989992733,True
1776076371.44776,116.59928941726685,7.751889392088623,0.9999999878433422,0.07330880833173915,0.0,0.0,359.9999998998476,True
1776076371.533713,116.68524241447449,7.7527266542898845,0.9999999878419945,0.07330880833174352,0.0,0.0,359.9999998997109,True
1776076371.608283,116.7598123550415,7.753353849557255,0.9999999878409849,0.07330880833174677,0.0,0.0,359.99999989960827,True
1776076371.69022,116.84174942970276,7.7539108169736,0.9999999878400883,0.07330880833174966,0.0,0.0,359.9999998995171,True
1776076371.758282,116.90981125831604,7.754467277599136,0.9999999878391925,0.07330880833175255,0.0,0.0,359.999999899426,True
1776076371.835374,116.98690342903137,7.755231585157128,0.9999999878379622,0.07330880833175649,0.0,0.0,359.99999989930063,True
1776076371.899197,117.0507264137268,7.755717465821619,0.99999998783718,0.07330880833175898,0.0,0.0,359.9999998992208,True
1776076371.958892,117.11042141914368,7.756133627933162,0.99999998783651,0.07330880833176114,0.0,0.0,359.9999998991525,True
1776076372.020687,117.17221641540527,7.756618792736904,0.999999987835729,0.07330880833176362,0.0,0.0,359.9999998990727,True
1776076372.09278,117.244309425354,7.75731121831809,0.9999999878346144,0.07330880833176717,0.0,0.0,359.9999998989588,True
1776076372.159236,117.31076526641846,7.757864594863705,0.9999999878337236,0.07330880833177,0.0,0.0,359.9999998988676,True
1776076372.218396,117.36992526054382,7.758279298914895,0.9999999878330561,0.07330880833177213,0.0,0.0,359.9999998987993,True
1776076372.287247,117.43877625465393,7.758831800564286,0.9999999878321667,0.07330880833177494,0.0,0.0,359.9999998987081,True
1776076372.3501,117.50162935256958,7.7594527688627215,0.9999999878311671,0.07330880833177811,0.0,0.0,359.99999989860555,True
1776076372.419134,117.57066321372986,7.760004211850384,0.9999999878302793,0.07330880833178091,0.0,0.0,359.99999989851443,True
1776076372.498073,117.64960241317749,7.760555158046929,0.9999999878293925,0.0733088083317837,0.0,0.0,359.99999989842325,True
1776076372.564557,117.71608638763428,7.761105608346718,0.9999999878285064,0.07330880833178649,0.0,0.0,359.99999989833213,True
1776076372.641938,117.7934672832489,7.761792975225224,0.9999999878274,0.07330880833178996,0.0,0.0,359.99999989821816,True
1776076372.736485,117.88801431655884,7.762479570395324,0.9999999878262947,0.07330880833179343,0.0,0.0,359.99999989810425,True
1776076372.806501,117.95803022384644,7.763028292064747,0.9999999878254114,0.07330880833179619,0.0,0.0,359.9999998980131,True
1776076372.873735,118.02526426315308,7.763645016010277,0.9999999878244187,0.07330880833179929,0.0,0.0,359.9999998979106,True
1776076372.947591,118.09912037849426,7.764261118646861,0.9999999878234269,0.07330880833180237,0.0,0.0,359.99999989780804,True
1776076373.0358,118.18732929229736,7.764876601225162,0.9999999878224362,0.07330880833180545,0.0,0.0,359.99999989770555,True
1776076373.10976,118.26128935813904,7.765491464992077,0.9999999878214464,0.07330880833180853,0.0,0.0,359.999999897603,True
1776076373.17831,118.32983922958374,7.7661057111907414,0.9999999878204576,0.07330880833181158,0.0,0.0,359.99999989750046,True
1776076373.254678,118.40620732307434,7.766651190361442,0.9999999878195795,0.07330880833181429,0.0,0.0,359.9999998974093,True
1776076373.315663,118.46719241142273,7.767128085845855,0.9999999878188118,0.07330880833181666,0.0,0.0,359.99999989732953,True
1776076373.38905,118.54057931900024,7.76780872064701,0.9999999878177163,0.07330880833182003,0.0,0.0,359.9999998972156,True
1776076373.458664,118.61019325256348,7.76835268360213,0.9999999878168405,0.07330880833182273,0.0,0.0,359.9999998971245,True
1776076373.519945,118.67147421836853,7.768760338533493,0.9999999878161844,0.07330880833182474,0.0,0.0,359.9999998970561,True
1776076373.585965,118.73749423027039,7.76923559276228,0.9999999878154193,0.07330880833182707,0.0,0.0,359.99999989697636,True
1776076373.659148,118.81067728996277,7.769913887338835,0.9999999878143274,0.07330880833183041,0.0,0.0,359.9999998968625,True
1776076373.735855,118.88738441467285,7.770591430433518,0.9999999878132367,0.07330880833183374,0.0,0.0,359.99999989674853,True
1776076373.796692,118.94822120666504,7.770997596271225,0.9999999878125829,0.07330880833183573,0.0,0.0,359.9999998966802,True
1776076373.860954,119.01248335838318,7.771471115725955,0.9999999878118206,0.07330880833183805,0.0,0.0,359.99999989660046,True
1776076373.934821,119.08635020256042,7.772146936715794,0.9999999878107327,0.07330880833184135,0.0,0.0,359.9999998964866,True
1776076374.000421,119.15195035934448,7.772687056298815,0.9999999878098632,0.07330880833184399,0.0,0.0,359.9999998963954,True
1776076374.091738,119.24326729774475,7.773294121178544,0.999999987808886,0.07330880833184694,0.0,0.0,359.9999998962929,True
1776076374.172188,119.32371735572815,7.77390058405023,0.9999999878079098,0.07330880833184988,0.0,0.0,359.9999998961904,True
1776076374.240253,119.39178228378296,7.774573727077363,0.9999999878068261,0.07330880833185315,0.0,0.0,359.9999998960765,True
1776076374.311218,119.46274733543396,7.775111708537411,0.9999999878059601,0.07330880833185574,0.0,0.0,359.99999989598535,True
1776076374.372729,119.52425837516785,7.775514884284778,0.9999999878053112,0.0733088083318577,0.0,0.0,359.99999989591703,True
1776076374.455472,119.60700130462646,7.776186253763591,0.9999999878042304,0.07330880833186093,0.0,0.0,359.9999998958031,True
1776076374.519928,119.67145729064941,7.776789856777778,0.9999999878032587,0.07330880833186383,0.0,0.0,359.9999998957006,True
1776076374.593471,119.74500036239624,7.777325893109581,0.9999999878023959,0.07330880833186641,0.0,0.0,359.99999989560945,True
1776076374.663647,119.81517624855042,7.777794539792725,0.9999999878016413,0.07330880833186865,0.0,0.0,359.99999989552975,True
1776076374.731881,119.88341021537781,7.778329696617747,0.9999999878007798,0.07330880833187121,0.0,0.0,359.99999989543863,True
1776076374.797187,119.94871640205383,7.7789311888104935,0.9999999877998116,0.07330880833187409,0.0,0.0,359.99999989533615,True
1776076374.866489,120.01801824569702,7.779465352343872,0.9999999877989517,0.07330880833187664,0.0,0.0,359.99999989524497,True
1776076374.928146,120.07967519760132,7.779865669034183,0.9999999877983073,0.07330880833187854,0.0,0.0,359.99999989517664,True
1776076374.989948,120.14147734642029,7.780399017327229,0.9999999877974488,0.07330880833188108,0.0,0.0,359.9999998950856,True
1776076375.05057,120.2020993232727,7.780998478693354,0.9999999877964838,0.07330880833188393,0.0,0.0,359.9999998949831,True
1776076375.113707,120.26523637771606,7.7814643205167435,0.9999999877957338,0.07330880833188613,0.0,0.0,359.99999989490334,True
1776076375.172903,120.32443237304688,7.781863331274703,0.9999999877950916,0.07330880833188802,0.0,0.0,359.99999989483496,True
1776076375.242645,120.39417433738708,7.78232851503031,0.9999999877943427,0.07330880833189021,0.0,0.0,359.99999989475526,True
1776076375.310716,120.46224522590637,7.78292608896732,0.9999999877933807,0.07330880833189303,0.0,0.0,359.9999998946528,True
1776076375.376465,120.52799439430237,7.783523079564869,0.9999999877924197,0.07330880833189585,0.0,0.0,359.9999998945503,True
1776076375.450314,120.60184335708618,7.784053249076642,0.9999999877915662,0.07330880833189833,0.0,0.0,359.99999989445917,True
1776076375.529242,120.6807713508606,7.784582959374237,0.9999999877907135,0.07330880833190082,0.0,0.0,359.99999989436805,True
1776076375.59338,120.74490928649902,7.785178335544204,0.9999999877897552,0.0733088083319036,0.0,0.0,359.99999989426556,True
1776076375.653652,120.80518126487732,7.785707072648304,0.9999999877889041,0.07330880833190608,0.0,0.0,359.99999989417444,True
1776076375.719351,120.8708803653717,7.786169342920301,0.9999999877881599,0.07330880833190823,0.0,0.0,359.9999998940947,True
1776076375.788145,120.9396743774414,7.786631264031295,0.9999999877874163,0.07330880833191038,0.0,0.0,359.999999894015,True
1776076375.858974,121.01050329208374,7.787224650397792,0.999999987786461,0.07330880833191314,0.0,0.0,359.9999998939125,True
1776076375.926037,121.07756638526917,7.787817461568326,0.9999999877855068,0.07330880833191589,0.0,0.0,359.99999989381,True
1776076375.993135,121.14466428756714,7.7882781399701475,0.9999999877847653,0.07330880833191802,0.0,0.0,359.99999989373026,True
1776076376.057287,121.20881628990173,7.788738471610791,0.9999999877840242,0.07330880833192015,0.0,0.0,359.9999998936506,True
1776076376.148236,121.29976534843445,7.7895268063177046,0.9999999877827552,0.0733088083319238,0.0,0.0,359.999999893514,True
1776076376.231816,121.38334536552429,7.790182976524529,0.999999987781699,0.07330880833192681,0.0,0.0,359.99999989340006,True
1776076376.300808,121.45233726501465,7.79064187712734,0.9999999877809602,0.07330880833192892,0.0,0.0,359.99999989332036,True
1776076376.375082,121.526611328125,7.791231386657423,0.9999999877800112,0.07330880833193162,0.0,0.0,359.9999998932179,True
1776076376.436897,121.58842635154724,7.79182032847978,0.9999999877790631,0.07330880833193432,0.0,0.0,359.9999998931154,True
1776076376.528492,121.68002128601074,7.792474043780938,0.9999999877780108,0.07330880833193731,0.0,0.0,359.99999989300153,True
1776076376.593764,121.74529337882996,7.792931229074509,0.9999999877772748,0.0733088083319394,0.0,0.0,359.99999989292183,True
1776076376.664946,121.81647539138794,7.793518536977676,0.9999999877763295,0.07330880833194207,0.0,0.0,359.99999989281935,True
1776076376.732464,121.88399338722229,7.794105281403803,0.999999987775385,0.07330880833194474,0.0,0.0,359.99999989271686,True
1776076376.798435,121.94996428489685,7.794561249306935,0.999999987774651,0.0733088083319468,0.0,0.0,359.99999989263716,True
1776076376.867608,122.01913738250732,7.79501687750175,0.9999999877739175,0.07330880833194887,0.0,0.0,359.99999989255747,True
1776076376.929311,122.08084034919739,7.795537180118146,0.99999998777308,0.07330880833195122,0.0,0.0,359.99999989246635,True
1776076377.018769,122.1702983379364,7.796316804989941,0.999999987771825,0.07330880833195474,0.0,0.0,359.99999989232975,True
1776076377.109973,122.26150226593018,7.796900872104274,0.9999999877708847,0.07330880833195738,0.0,0.0,359.9999998922272,True
1776076377.188849,122.34037828445435,7.7974843819403645,0.9999999877699455,0.07330880833195999,0.0,0.0,359.9999998921248,True
1776076377.257593,122.40912222862244,7.7980673355606935,0.9999999877690071,0.07330880833196261,0.0,0.0,359.9999998920223,True
1776076377.323459,122.47498822212219,7.798585050466511,0.9999999877681738,0.07330880833196493,0.0,0.0,359.9999998919312,True
1776076377.407597,122.55912637710571,7.7991669563452,0.9999999877672371,0.07330880833196754,0.0,0.0,359.9999998918288,True
1776076377.470685,122.62221431732178,7.7996837415983675,0.9999999877664052,0.07330880833196984,0.0,0.0,359.9999998917377,True
1776076377.537193,122.68872237205505,7.800264603495068,0.99999998776547,0.07330880833197242,0.0,0.0,359.9999998916352,True
1776076377.606369,122.75789833068848,7.800716003853183,0.9999999877647434,0.07330880833197444,0.0,0.0,359.9999998915555,True
1776076377.673855,122.82538437843323,7.80116707127265,0.9999999877640173,0.07330880833197644,0.0,0.0,359.9999998914758,True
1776076377.74008,122.89160943031311,7.801746526671435,0.9999999877630845,0.073308808331979,0.0,0.0,359.99999989137336,True
1776076377.809257,122.96078634262085,7.802261137621943,0.9999999877622561,0.07330880833198128,0.0,0.0,359.9999998912823,True
1776076377.889983,123.04151225090027,7.802775315905726,0.9999999877614283,0.07330880833198355,0.0,0.0,359.9999998911912,True
1776076377.994086,123.14561533927917,7.8036740889835965,0.9999999877599817,0.07330880833198752,0.0,0.0,359.9999998910318,True
1776076378.076951,123.2284803390503,7.804251174955326,0.9999999877590526,0.07330880833199005,0.0,0.0,359.99999989092936,True
1776076378.152955,123.3044843673706,7.804763683505456,0.9999999877582275,0.0733088083319923,0.0,0.0,359.9999998908383,True
1776076378.219817,123.37134623527527,7.805339742703745,0.9999999877573003,0.07330880833199482,0.0,0.0,359.9999998907358,True
1776076378.288324,123.43985342979431,7.805851340189669,0.9999999877564768,0.07330880833199707,0.0,0.0,359.99999989064474,True
1776076378.351151,123.50268030166626,7.806298637186529,0.9999999877557567,0.07330880833199901,0.0,0.0,359.99999989056505,True
1776076378.419614,123.57114338874817,7.806809433478125,0.9999999877549344,0.07330880833200125,0.0,0.0,359.999999890474,True
1776076378.488244,123.63977336883545,7.807383569805742,0.9999999877540101,0.07330880833200375,0.0,0.0,359.99999989037156,True
1776076378.553121,123.70465040206909,7.807829747937165,0.999999987753292,0.07330880833200569,0.0,0.0,359.99999989029186,True
1776076378.619347,123.77087640762329,7.808275600786498,0.9999999877525743,0.07330880833200762,0.0,0.0,359.99999989021217,True
1776076378.720728,123.87225723266602,7.808784749203384,0.9999999877517546,0.07330880833200983,0.0,0.0,359.9999998901211,True
1776076378.790258,123.9417872428894,7.809357034952732,0.9999999877508333,0.0733088083320123,0.0,0.0,359.99999989001867,True
1776076378.851829,124.00335836410522,7.810182725622624,0.9999999877495042,0.07330880833201586,0.0,0.0,359.99999988987065,True
1776076378.919994,124.07152342796326,7.810880517285138,0.999999987748381,0.07330880833201886,0.0,0.0,359.9999998897455,True
1776076378.992034,124.14356327056885,7.811450846128947,0.9999999877474628,0.07330880833202132,0.0,0.0,359.99999988964305,True
1776076379.06002,124.21154928207397,7.811894067804553,0.9999999877467494,0.07330880833202322,0.0,0.0,359.99999988956336,True
1776076379.12439,124.27591919898987,7.812336968493213,0.9999999877460365,0.0733088083320251,0.0,0.0,359.99999988948366,True
1776076379.188196,124.33972525596619,7.812905941329093,0.9999999877451206,0.07330880833202755,0.0,0.0,359.99999988938123,True
1776076379.280313,124.43184232711792,7.813537513145977,0.9999999877441038,0.07330880833203024,0.0,0.0,359.99999988926743,True
1776076379.366686,124.51821541786194,7.814168433398789,0.9999999877430882,0.07330880833203293,0.0,0.0,359.99999988915357,True
1776076379.430679,124.58220839500427,7.814672701377582,0.9999999877422764,0.07330880833203507,0.0,0.0,359.99999988906256,True
1776076379.50218,124.6537094116211,7.8151765539007405,0.9999999877414654,0.0733088083320372,0.0,0.0,359.9999998889715,True
1776076379.579581,124.73111033439636,7.815554171061908,0.9999999877408575,0.0733088083320388,0.0,0.0,359.99999988890323,True
1776076379.649964,124.80149340629578,7.816120159979071,0.9999999877399464,0.0733088083320412,0.0,0.0,359.9999998888008,True
1776076379.735808,124.88733720779419,7.816936775879323,0.9999999877386319,0.07330880833204464,0.0,0.0,359.9999998886528,True
1776076379.808387,124.95991635322571,7.817438767292826,0.9999999877378237,0.07330880833204675,0.0,0.0,359.9999998885618,True
1776076379.876037,125.0275661945343,7.817877672022246,0.9999999877371173,0.0733088083320486,0.0,0.0,359.99999988848214,True
1776076379.938823,125.09035229682922,7.818378892025225,0.9999999877363105,0.07330880833205071,0.0,0.0,359.9999998883911,True
1776076380.034344,125.18587327003479,7.819129952645404,0.9999999877351015,0.07330880833205386,0.0,0.0,359.9999998882545,True
1776076380.113794,125.26532340049744,7.819630147781658,0.9999999877342962,0.07330880833205594,0.0,0.0,359.9999998881635,True
1776076380.179754,125.33128333091736,7.820129934143853,0.9999999877334915,0.07330880833205804,0.0,0.0,359.9999998880724,True
1776076380.255227,125.40675640106201,7.820754093274987,0.9999999877324868,0.07330880833206063,0.0,0.0,359.99999988795855,True
1776076380.323253,125.47478222846985,7.821252962334019,0.9999999877316839,0.07330880833206271,0.0,0.0,359.99999988786755,True
1776076380.391075,125.54260420799255,7.821689139190519,0.9999999877309818,0.07330880833206452,0.0,0.0,359.9999998877879,True
1776076380.458971,125.61050033569336,7.8221872463986335,0.9999999877301798,0.07330880833206659,0.0,0.0,359.99999988769684,True
1776076380.52106,125.67258930206299,7.822747132497074,0.9999999877292786,0.0733088083320689,0.0,0.0,359.9999998875944,True
1776076380.591764,125.74329328536987,7.82324437908243,0.9999999877284782,0.07330880833207096,0.0,0.0,359.99999988750335,True
1776076380.660495,125.81202435493469,7.823679138439983,0.9999999877277783,0.07330880833207275,0.0,0.0,359.9999998874237,True
1776076380.730064,125.88159322738647,7.824175628118396,0.999999987726979,0.07330880833207479,0.0,0.0,359.9999998873327,True
1776076380.796979,125.94850826263428,7.824795673936725,0.9999999877259809,0.07330880833207734,0.0,0.0,359.9999998872189,True
1776076380.869166,126.02069520950317,7.825291258363116,0.9999999877251832,0.07330880833207938,0.0,0.0,359.99999988712784,True
1776076380.958194,126.10972332954407,7.825848311225633,0.9999999877242864,0.07330880833208166,0.0,0.0,359.99999988702547,True
1776076381.018911,126.17044019699097,7.826343043717829,0.99999998772349,0.07330880833208368,0.0,0.0,359.99999988693446,True
1776076381.085768,126.23729729652405,7.826899139801294,0.9999999877225947,0.07330880833208596,0.0,0.0,359.999999886832,True
1776076381.150575,126.30210423469543,7.827331309655798,0.9999999877218991,0.07330880833208772,0.0,0.0,359.99999988675233,True
1776076381.211196,126.36272525787354,7.827701498042173,0.9999999877213032,0.07330880833208922,0.0,0.0,359.9999998866841,True
1776076381.309019,126.4605484008789,7.828379595310616,0.9999999877202116,0.07330880833209198,0.0,0.0,359.99999988655895,True
1776076381.375884,126.5274133682251,7.828995395602425,0.9999999877192203,0.07330880833209448,0.0,0.0,359.99999988644515,True
1776076381.442115,126.59364438056946,7.829487589776947,0.999999987718428,0.07330880833209646,0.0,0.0,359.9999998863541,True
1776076381.509935,126.66146421432495,7.82991793497334,0.9999999877177354,0.07330880833209821,0.0,0.0,359.99999988627445,True
1776076381.573344,126.72487330436707,7.8303479775570395,0.999999987717043,0.07330880833209995,0.0,0.0,359.9999998861948,True
1776076381.652115,126.80364441871643,7.831023148381513,0.9999999877159561,0.07330880833210267,0.0,0.0,359.9999998860697,True
1776076381.730284,126.88181328773499,7.831575006986235,0.9999999877150678,0.07330880833210489,0.0,0.0,359.99999988596727,True
1776076381.809527,126.96105623245239,7.832065130257683,0.9999999877142789,0.07330880833210685,0.0,0.0,359.99999988587626,True
1776076381.874533,127.02606225013733,7.832554861045725,0.9999999877134905,0.07330880833210882,0.0,0.0,359.9999998857852,True
1776076381.94025,127.09177923202515,7.833105339823976,0.9999999877126043,0.07330880833211101,0.0,0.0,359.9999998856828,True
1776076382.003252,127.15478134155273,7.833533147682562,0.9999999877119158,0.07330880833211273,0.0,0.0,359.9999998856032,True
1776076382.082756,127.23428535461426,7.834021704783078,0.9999999877111293,0.07330880833211467,0.0,0.0,359.9999998855122,True
1776076382.153911,127.3054404258728,7.834570865404246,0.9999999877102452,0.07330880833211686,0.0,0.0,359.9999998854098,True
1776076382.223932,127.37546133995056,7.835119533342657,0.9999999877093619,0.07330880833211904,0.0,0.0,359.99999988530743,True
1776076382.2957,127.44722938537598,7.835545935017862,0.9999999877086757,0.07330880833212074,0.0,0.0,359.9999998852278,True
1776076382.383495,127.53502440452576,7.836215394701933,0.999999987707598,0.07330880833212339,0.0,0.0,359.9999998851026,True
1776076382.45226,127.60378932952881,7.836762589882247,0.9999999877067172,0.07330880833212555,0.0,0.0,359.99999988500025,True
1776076382.524023,127.67555236816406,7.83718784790146,0.9999999877060325,0.07330880833212723,0.0,0.0,359.9999998849206,True
1776076382.589564,127.7410933971405,7.837612810418053,0.9999999877053485,0.07330880833212891,0.0,0.0,359.999999884841,True
1776076382.657267,127.80879640579224,7.838219387934349,0.999999987704372,0.0733088083321313,0.0,0.0,359.9999998847272,True
1776076382.730153,127.88168239593506,7.83870421714456,0.9999999877035914,0.0733088083321332,0.0,0.0,359.99999988463617,True
1776076382.797717,127.94924640655518,7.839128127638984,0.9999999877029091,0.07330880833213485,0.0,0.0,359.99999988455653,True
1776076382.870624,128.02215337753296,7.839612237248068,0.9999999877021298,0.07330880833213675,0.0,0.0,359.9999998844656,True
1776076382.959412,128.1109414100647,7.840216835856899,0.9999999877011565,0.07330880833213912,0.0,0.0,359.99999988435184,True
1776076383.032258,128.18378734588623,7.84082083734362,0.9999999877001842,0.07330880833214147,0.0,0.0,359.99999988423804,True
1776076383.136786,128.2883152961731,7.84166543850283,0.9999999876988246,0.07330880833214476,0.0,0.0,359.9999998840788,True
1776076383.207683,128.35921239852905,7.84208730207097,0.9999999876981454,0.0733088083321464,0.0,0.0,359.9999998839992,True
1776076383.284226,128.43575525283813,7.842569075798295,0.99999998769737,0.07330880833214827,0.0,0.0,359.9999998839082,True
1776076383.356872,128.50840139389038,7.843170759735976,0.9999999876964014,0.0733088083321506,0.0,0.0,359.99999988379443,True
1776076383.429448,128.5809772014618,7.843711769615778,0.9999999876955304,0.0733088083321527,0.0,0.0,359.99999988369206,True
1776076383.514118,128.6656472682953,7.844252301323601,0.9999999876946603,0.07330880833215478,0.0,0.0,359.99999988358974,True
1776076383.597745,128.74927425384521,7.844792355704006,0.999999987693791,0.07330880833215686,0.0,0.0,359.9999998834873,True
1776076383.665209,128.8167383670807,7.845391857322646,0.9999999876928259,0.07330880833215916,0.0,0.0,359.99999988337356,True
1776076383.736965,128.88849425315857,7.845930906775275,0.9999999876919582,0.07330880833216123,0.0,0.0,359.9999998832712,True
1776076383.818841,128.97037029266357,7.846409663292819,0.9999999876911874,0.07330880833216306,0.0,0.0,359.99999988318024,True
1776076383.889843,129.04137229919434,7.846888045314429,0.9999999876904173,0.0733088083321649,0.0,0.0,359.99999988308923,True
1776076383.966499,129.1180284023285,7.847545210187689,0.9999999876893595,0.0733088083321674,0.0,0.0,359.9999998829641,True
1776076384.034763,129.18629240989685,7.848022705125317,0.9999999876885909,0.07330880833216921,0.0,0.0,359.99999988287317,True
1776076384.105667,129.2571964263916,7.848440207588531,0.9999999876879186,0.07330880833217081,0.0,0.0,359.99999988279353,True
1776076384.200289,129.35181832313538,7.849036145689779,0.9999999876869594,0.07330880833217307,0.0,0.0,359.9999998826798,True
1776076384.273931,129.42546033859253,7.849571993924569,0.9999999876860969,0.0733088083321751,0.0,0.0,359.9999998825774,True
1776076384.349393,129.50092220306396,7.8501668307149,0.9999999876851393,0.07330880833217734,0.0,0.0,359.99999988246367,True
1776076384.416781,129.5683102607727,7.850642283930466,0.9999999876843738,0.07330880833217915,0.0,0.0,359.9999998823727,True
1776076384.489443,129.64097237586975,7.851058002493983,0.9999999876837047,0.07330880833218072,0.0,0.0,359.99999988229314,True
1776076384.558881,129.7104103565216,7.851473438659934,0.9999999876830359,0.07330880833218228,0.0,0.0,359.9999998822135,True
1776076384.629572,129.78110122680664,7.85206642978365,0.9999999876820812,0.0733088083321845,0.0,0.0,359.9999998820998,True
1776076384.713868,129.86539721488953,7.852658846483253,0.9999999876811275,0.07330880833218674,0.0,0.0,359.99999988198607,True
1776076384.791059,129.94258832931519,7.853073196986154,0.9999999876804606,0.07330880833218828,0.0,0.0,359.9999998819065,True
1776076384.875301,130.02683019638062,7.853723752540744,0.9999999876794133,0.07330880833219072,0.0,0.0,359.9999998817814,True
1776076384.952853,130.10438227653503,7.854255511013814,0.9999999876785572,0.07330880833219271,0.0,0.0,359.99999988167906,True
1776076385.030286,130.18181538581848,7.8547868075226,0.9999999876777019,0.07330880833219469,0.0,0.0,359.9999998815766,True
1776076385.108729,130.26025819778442,7.855435543732966,0.9999999876766577,0.0733088083321971,0.0,0.0,359.9999998814516,True
1776076385.185157,130.33668637275696,7.855906920024277,0.9999999876758989,0.07330880833219885,0.0,0.0,359.9999998813606,True
1776076385.270898,130.42242741584778,7.856377933272844,0.9999999876751406,0.0733088083322006,0.0,0.0,359.9999998812696,True
1776076385.376903,130.52843236923218,7.857083773662595,0.9999999876740044,0.07330880833220321,0.0,0.0,359.9999998811332,True
1776076385.447211,130.59874033927917,7.857730079153689,0.9999999876729639,0.0733088083322056,0.0,0.0,359.99999988100814,True
1776076385.534104,130.6856334209442,7.858258366996564,0.9999999876721136,0.07330880833220754,0.0,0.0,359.99999988090576,True
1776076385.603173,130.75470232963562,7.85872757338784,0.9999999876713583,0.07330880833220926,0.0,0.0,359.9999998808148,True
1776076385.666691,130.81822037696838,7.8592550006406565,0.9999999876705092,0.0733088083322112,0.0,0.0,359.99999988071244,True
1776076385.743621,130.89515042304993,7.859781973421159,0.9999999876696609,0.07330880833221314,0.0,0.0,359.9999998806102,True
1776076385.827656,130.9791853427887,7.8602500127708765,0.9999999876689076,0.07330880833221486,0.0,0.0,359.99999988051917,True
1776076385.918054,131.0695834159851,7.860951400861615,0.9999999876677785,0.07330880833221741,0.0,0.0,359.99999988038275,True
1776076385.994898,131.1464273929596,7.861535277088973,0.9999999876668386,0.07330880833221955,0.0,0.0,359.99999988026906,True
1776076386.092695,131.24422430992126,7.862118596408037,0.9999999876658996,0.07330880833222167,0.0,0.0,359.99999988015537,True
1776076386.189587,131.34111642837524,7.862759605696635,0.9999999876648676,0.07330880833222399,0.0,0.0,359.9999998800303,True
1776076386.265921,131.41745042800903,7.8633417589595584,0.9999999876639306,0.07330880833222611,0.0,0.0,359.99999987991663,True
1776076386.336813,131.48834228515625,7.863807082907359,0.9999999876631817,0.07330880833222779,0.0,0.0,359.9999998798256,True
1776076386.400305,131.5518343448639,7.86421395113075,0.9999999876625265,0.07330880833222926,0.0,0.0,359.9999998797461,True
1776076386.500735,131.65226435661316,7.864968846152215,0.9999999876613114,0.07330880833223198,0.0,0.0,359.99999987959825,True
1776076386.56597,131.71749925613403,7.865432934209026,0.9999999876605644,0.07330880833223365,0.0,0.0,359.9999998795073,True
1776076386.647568,131.7990972995758,7.865896670359086,0.9999999876598179,0.07330880833223531,0.0,0.0,359.99999987941635,True
1776076386.749326,131.90085530281067,7.866591615925287,0.9999999876586992,0.07330880833223781,0.0,0.0,359.9999998792799,True
1776076386.827658,131.97918725013733,7.867170134602172,0.9999999876577679,0.07330880833223988,0.0,0.0,359.99999987916624,True
1776076386.901015,132.05254435539246,7.867690333919825,0.9999999876569305,0.07330880833224174,0.0,0.0,359.999999879064,True
1776076386.984153,132.13568234443665,7.868210091131474,0.9999999876560939,0.0733088083322436,0.0,0.0,359.9999998789616,True
1776076387.052409,132.20393824577332,7.868729406987992,0.9999999876552579,0.07330880833224544,0.0,0.0,359.99999987885934,True
1776076387.133137,132.28466629981995,7.869248282238335,0.9999999876544226,0.07330880833224729,0.0,0.0,359.999999878757,True
1776076387.211815,132.36334443092346,7.869709135395453,0.9999999876536808,0.07330880833224893,0.0,0.0,359.9999998786661,True
1776076387.293106,132.44463539123535,7.870284713906817,0.9999999876527542,0.07330880833225095,0.0,0.0,359.99999987855244,True
1776076387.375789,132.52731823921204,7.8708597512197365,0.9999999876518285,0.07330880833225299,0.0,0.0,359.99999987843876,True
1776076387.453902,132.60543131828308,7.871376822917169,0.9999999876509962,0.07330880833225481,0.0,0.0,359.9999998783364,True
1776076387.53485,132.68637919425964,7.871950834752063,0.9999999876500723,0.07330880833225684,0.0,0.0,359.99999987822275,True
1776076387.614474,132.76600337028503,7.872524308329458,0.9999999876491491,0.07330880833225886,0.0,0.0,359.99999987810907,True
1776076387.694218,132.84574723243713,7.872982700323823,0.999999987648411,0.07330880833226047,0.0,0.0,359.9999998780182,True
1776076387.764894,132.91642332077026,7.8734407489940015,0.9999999876476738,0.07330880833226208,0.0,0.0,359.9999998779272,True
1776076387.836229,132.98775839805603,7.874012827814905,0.9999999876467529,0.07330880833226408,0.0,0.0,359.9999998778136,True
1776076387.942168,133.09369730949402,7.874641497047271,0.9999999876457408,0.07330880833226627,0.0,0.0,359.99999987768854,True
1776076388.027096,133.1786253452301,7.8751553825354135,0.9999999876449135,0.07330880833226806,0.0,0.0,359.9999998775863,True
1776076388.116595,133.26812434196472,7.875782878961149,0.9999999876439034,0.07330880833227024,0.0,0.0,359.9999998774612,True
1776076388.187627,133.33915638923645,7.876238835941763,0.9999999876431694,0.07330880833227182,0.0,0.0,359.99999987737027,True
1776076388.264897,133.4164264202118,7.876637519632575,0.9999999876425275,0.07330880833227321,0.0,0.0,359.99999987729075,True
1776076388.340674,133.49220323562622,7.877149731346186,0.9999999876417031,0.07330880833227499,0.0,0.0,359.99999987718843,True
1776076388.429745,133.58127427101135,7.877945653402208,0.9999999876404218,0.07330880833227774,0.0,0.0,359.9999998770293,True
1776076388.532829,133.68435835838318,7.878683797523172,0.9999999876392335,0.07330880833228029,0.0,0.0,359.9999998768816,True
1776076388.614743,133.76627230644226,7.879194298977685,0.9999999876384117,0.07330880833228204,0.0,0.0,359.9999998767793,True
1776076388.68721,133.8387393951416,7.879647720579962,0.9999999876376816,0.07330880833228359,0.0,0.0,359.9999998766884,True
1776076388.764141,133.91567039489746,7.880157418376093,0.9999999876368613,0.07330880833228534,0.0,0.0,359.9999998765861,True
1776076388.826911,133.978440284729,7.880610126739587,0.9999999876361325,0.0733088083322869,0.0,0.0,359.99999987649517,True
1776076388.894787,134.04631638526917,7.881062500237186,0.9999999876354042,0.07330880833228845,0.0,0.0,359.9999998764043,True
1776076388.976096,134.1276252269745,7.881571020768952,0.9999999876345858,0.07330880833229018,0.0,0.0,359.999999876302,True
1776076389.059784,134.21131324768066,7.8821919721889895,0.9999999876335862,0.0733088083322923,0.0,0.0,359.999999876177,True
1776076389.137048,134.28857731819153,7.882699554817822,0.999999987632769,0.07330880833229403,0.0,0.0,359.99999987607475,True
1776076389.21635,134.36787939071655,7.8831503859830185,0.9999999876320433,0.07330880833229556,0.0,0.0,359.9999998759838,True
1776076389.294818,134.4463472366333,7.883544590813807,0.9999999876314087,0.07330880833229689,0.0,0.0,359.9999998759043,True
1776076389.385789,134.5373182296753,7.884051052516031,0.9999999876305934,0.07330880833229861,0.0,0.0,359.99999987580196,True
1776076389.460376,134.61190533638,7.884669492222691,0.999999987629598,0.07330880833230069,0.0,0.0,359.999999875677,True
1776076389.566779,134.71830821037292,7.885455693896353,0.9999999876283323,0.07330880833230335,0.0,0.0,359.9999998755179,True
1776076389.638789,134.79031825065613,7.886016648366922,0.9999999876274294,0.07330880833230524,0.0,0.0,359.9999998754043,True
1776076389.728068,134.87959742546082,7.886689115258181,0.9999999876263469,0.07330880833230749,0.0,0.0,359.999999875268,True
1776076389.807395,134.95892429351807,7.88702507162094,0.999999987625806,0.07330880833230863,0.0,0.0,359.99999987519976,True
1776076389.877392,135.02892136573792,7.887472726548488,0.9999999876250855,0.07330880833231013,0.0,0.0,359.99999987510887,True
1776076389.946194,135.09772324562073,7.888031834809995,0.9999999876241854,0.07330880833231199,0.0,0.0,359.99999987499524,True
1776076390.02397,135.17549920082092,7.888590432390465,0.9999999876232861,0.07330880833231386,0.0,0.0,359.9999998748816,True
1776076390.102086,135.2536153793335,7.889036943390946,0.9999999876225675,0.07330880833231534,0.0,0.0,359.9999998747907,True
1776076390.174005,135.32553434371948,7.889483128628204,0.9999999876218492,0.07330880833231683,0.0,0.0,359.9999998746998,True
1776076390.243385,135.39491438865662,7.889984698222671,0.9999999876210418,0.0733088083323185,0.0,0.0,359.9999998745976,True
1776076390.337319,135.4888482093811,7.890541515743002,0.9999999876201455,0.07330880833232034,0.0,0.0,359.999999874484,True
1776076390.413584,135.56511330604553,7.891097826756676,0.9999999876192499,0.07330880833232217,0.0,0.0,359.99999987437036,True
1776076390.50119,135.65271925926208,7.891709184955293,0.9999999876182657,0.0733088083323242,0.0,0.0,359.9999998742454,True
1776076390.572024,135.72355341911316,7.892097913121744,0.9999999876176401,0.07330880833232548,0.0,0.0,359.99999987416584,True
1776076390.646257,135.79778623580933,7.892541871540726,0.9999999876169253,0.07330880833232695,0.0,0.0,359.99999987407494,True
1776076390.715572,135.86710143089294,7.893096366735755,0.9999999876160327,0.07330880833232876,0.0,0.0,359.99999987396137,True
1776076390.786762,135.93829131126404,7.893539601197719,0.9999999876153193,0.07330880833233022,0.0,0.0,359.9999998738705,True
1776076390.861973,136.01350235939026,7.893982514658373,0.9999999876146062,0.07330880833233168,0.0,0.0,359.9999998737796,True
1776076390.941043,136.09257221221924,7.894480409183222,0.9999999876138048,0.0733088083323333,0.0,0.0,359.9999998736774,True
1776076391.006953,136.15848231315613,7.8950331503280315,0.9999999876129151,0.07330880833233511,0.0,0.0,359.99999987356375,True
1776076391.089946,136.24147534370422,7.895530190584491,0.9999999876121148,0.07330880833233673,0.0,0.0,359.9999998734615,True
1776076391.171836,136.32336521148682,7.895971665274633,0.9999999876114043,0.07330880833233817,0.0,0.0,359.9999998733706,True
1776076391.259506,136.41103529930115,7.89657817308474,0.999999987610428,0.07330880833234014,0.0,0.0,359.9999998732457,True
1776076391.330346,136.4818754196167,7.8970739597493065,0.9999999876096297,0.07330880833234175,0.0,0.0,359.99999987314345,True
1776076391.395026,136.54655528068542,7.897459293917956,0.9999999876090095,0.073308808332343,0.0,0.0,359.999999873064,True
1776076391.488382,136.63991141319275,7.898174271019626,0.9999999876078586,0.07330880833234532,0.0,0.0,359.9999998729163,True
1776076391.581163,136.7326922416687,7.898339147099638,0.9999999876075931,0.07330880833234585,0.0,0.0,359.9999998728822,True
1776076391.658955,136.81048440933228,7.8986138418275385,0.9999999876071508,0.07330880833234674,0.0,0.0,359.9999998728254,True
1776076391.75327,136.90479922294617,7.898943312718549,0.9999999876066206,0.07330880833234779,0.0,0.0,359.99999987275726,True
1776076391.827485,136.97901439666748,7.8992177362722,0.9999999876061787,0.07330880833234868,0.0,0.0,359.99999987270047,True
1776076391.93767,137.0891993045807,7.899601722490745,0.9999999876055606,0.07330880833234991,0.0,0.0,359.99999987262095,True
1776076392.015283,137.16681241989136,7.8998758508279305,0.9999999876051193,0.07330880833235079,0.0,0.0,359.9999998725641,True
1776076392.092781,137.24431037902832,7.900752236701991,0.9999999876037085,0.0733088083323536,0.0,0.0,359.99999987238243,True
1776076392.171899,137.32342839241028,7.901025849935941,0.999999987603268,0.07330880833235448,0.0,0.0,359.9999998723256,True
1776076392.248727,137.40025639533997,7.901299340811472,0.9999999876028278,0.07330880833235535,0.0,0.0,359.9999998722688,True
1776076392.323616,137.47514533996582,7.9017913163933,0.9999999876020358,0.07330880833235692,0.0,0.0,359.9999998721666,True
1776076392.40203,137.5535593032837,7.902392082915059,0.9999999876010686,0.07330880833235885,0.0,0.0,359.99999987204166,True
1776076392.480034,137.6315634250641,7.902664963636451,0.9999999876006295,0.07330880833235971,0.0,0.0,359.9999998719849,True
1776076392.547445,137.69897437095642,7.903210360074972,0.9999999875997514,0.07330880833236145,0.0,0.0,359.99999987187135,True
1776076392.619646,137.77117538452148,7.903809734918845,0.9999999875987866,0.07330880833236336,0.0,0.0,359.9999998717464,True
1776076392.697891,137.84942030906677,7.904081983961393,0.9999999875983484,0.07330880833236422,0.0,0.0,359.9999998716896,True
1776076392.775606,137.92713522911072,7.904354111862383,0.9999999875979104,0.07330880833236508,0.0,0.0,359.99999987163284,True
1776076392.869165,138.02069425582886,7.905278442036684,0.9999999875964224,0.073308808332368,0.0,0.0,359.99999987143974,True
1776076392.960911,138.1124403476715,7.9056043429536365,0.9999999875958977,0.07330880833236902,0.0,0.0,359.9999998713716,True
1776076393.03764,138.18916940689087,7.905875794449329,0.9999999875954608,0.07330880833236988,0.0,0.0,359.9999998713148,True
1776076393.114205,138.26573419570923,7.906201377282056,0.9999999875949366,0.07330880833237091,0.0,0.0,359.99999987124664,True
1776076393.194601,138.34613037109375,7.907014576846651,0.9999999875936275,0.07330880833237347,0.0,0.0,359.99999987107634,True
1776076393.271781,138.4233102798462,7.907285403255778,0.9999999875931916,0.07330880833237433,0.0,0.0,359.99999987101955,True
1776076393.348745,138.50027441978455,7.907556109785865,0.9999999875927559,0.07330880833237516,0.0,0.0,359.99999987096277,True
1776076393.440305,138.59183430671692,7.908475616720119,0.9999999875912756,0.07330880833237804,0.0,0.0,359.9999998707697,True
1776076393.533893,138.6854224205017,7.90879981878464,0.9999999875907538,0.07330880833237906,0.0,0.0,359.9999998707016,True
1776076393.610483,138.76201224327087,7.909069855948559,0.9999999875903192,0.0733088083323799,0.0,0.0,359.9999998706448,True
1776076393.675738,138.82726740837097,7.909771395067861,0.9999999875891898,0.07330880833238208,0.0,0.0,359.99999987049716,True
1776076393.749151,138.9006803035736,7.910148813840368,0.9999999875885821,0.07330880833238326,0.0,0.0,359.9999998704177,True
1776076393.826186,138.97771525382996,7.910418256147113,0.9999999875881486,0.0733088083323841,0.0,0.0,359.99999987036097,True
1776076393.903562,139.055091381073,7.910687579796794,0.999999987587715,0.07330880833238493,0.0,0.0,359.9999998703042,True
1776076393.967279,139.11880826950073,7.911548619316251,0.9999999875863289,0.07330880833238759,0.0,0.0,359.9999998701225,True
1776076394.044085,139.19561433792114,7.911817445745438,0.9999999875858961,0.07330880833238843,0.0,0.0,359.99999987006566,True
1776076394.121876,139.27340531349182,7.912086154059286,0.9999999875854637,0.07330880833238926,0.0,0.0,359.99999987000893,True
1776076394.189239,139.34076833724976,7.912408448269728,0.9999999875849448,0.07330880833239026,0.0,0.0,359.99999986994084,True
1776076394.260704,139.41223335266113,7.913159808234289,0.9999999875837353,0.07330880833239256,0.0,0.0,359.99999986978185,True
1776076394.339206,139.4907352924347,7.913427927525,0.9999999875833037,0.0733088083323934,0.0,0.0,359.9999998697251,True
1776076394.4176,139.56912922859192,7.913695929320844,0.9999999875828723,0.07330880833239421,0.0,0.0,359.9999998696683,True
1776076394.482871,139.63440036773682,7.914178036794782,0.9999999875820962,0.0733088083323957,0.0,0.0,359.9999998695661,True
1776076394.553917,139.70544624328613,7.914766763612233,0.9999999875811485,0.0733088083323975,0.0,0.0,359.99999986944124,True
1776076394.630416,139.78194522857666,7.91503417947508,0.9999999875807181,0.0733088083323983,0.0,0.0,359.99999986938445,True
1776076394.708234,139.85976338386536,7.915301478458652,0.9999999875802879,0.07330880833239914,0.0,0.0,359.9999998693277,True
1776076394.772676,139.92420530319214,7.915995909553424,0.99999998757917,0.07330880833240125,0.0,0.0,359.99999986918004,True
1776076394.860266,140.0117952823639,7.916422860170398,0.9999999875784825,0.07330880833240255,0.0,0.0,359.99999986908927,True
1776076394.939075,140.09060430526733,7.916689553025039,0.9999999875780533,0.07330880833240336,0.0,0.0,359.9999998690325,True
1776076394.999898,140.15142726898193,7.916902823605164,0.99999998757771,0.07330880833240401,0.0,0.0,359.9999998689871,True
1776076395.091946,140.24347519874573,7.917808394762999,0.9999999875762522,0.07330880833240676,0.0,0.0,359.9999998687941,True
1776076395.171945,140.32347440719604,7.918074484231535,0.9999999875758238,0.07330880833240756,0.0,0.0,359.99999986873735,True
1776076395.249374,140.40090322494507,7.9183404579771715,0.9999999875753958,0.07330880833240837,0.0,0.0,359.99999986868056,True
1776076395.315324,140.46685338020325,7.919137685882213,0.9999999875741125,0.07330880833241078,0.0,0.0,359.99999986851026,True
1776076395.389622,140.5411512851715,7.919403197741118,0.999999987573685,0.07330880833241157,0.0,0.0,359.99999986845353,True
1776076395.466929,140.6184582710266,7.919668594378899,0.9999999875732577,0.07330880833241238,0.0,0.0,359.99999986839674,True
1776076395.529205,140.68073439598083,7.919880828797096,0.9999999875729162,0.07330880833241302,0.0,0.0,359.9999998683513,True
1776076395.605835,140.7573642730713,7.920729030716121,0.9999999875715508,0.07330880833241557,0.0,0.0,359.9999998681697,True
1776076395.666595,140.818124294281,7.920940897512377,0.9999999875712098,0.07330880833241621,0.0,0.0,359.99999986812435,True
1776076395.742513,140.89404225349426,7.921205627834828,0.9999999875707835,0.073308808332417,0.0,0.0,359.99999986806756,True
1776076395.817764,140.96929335594177,7.921840513458111,0.9999999875697616,0.0733088083324189,0.0,0.0,359.9999998679313,True
1776076395.896837,141.04836630821228,7.922316245522719,0.9999999875689959,0.07330880833242032,0.0,0.0,359.99999986782916,True
1776076395.97498,141.1265094280243,7.922580381297235,0.9999999875685707,0.07330880833242111,0.0,0.0,359.99999986777243,True
1776076396.050289,141.20181822776794,7.922844403041655,0.9999999875681455,0.0733088083324219,0.0,0.0,359.99999986771564,True
1776076396.130915,141.28244423866272,7.923688507487106,0.9999999875667867,0.07330880833242441,0.0,0.0,359.99999986753403,True
1776076396.204248,141.35577726364136,7.923952051378362,0.9999999875663625,0.07330880833242519,0.0,0.0,359.9999998674773,True
1776076396.284007,141.43553638458252,7.924215481749905,0.9999999875659384,0.07330880833242598,0.0,0.0,359.9999998674205,True
1776076396.353359,141.50488829612732,7.924899870144813,0.9999999875648368,0.073308808332428,0.0,0.0,359.99999986727295,True
1776076396.43446,141.58598923683167,7.925320651879051,0.9999999875641593,0.07330880833242925,0.0,0.0,359.99999986718217,True
1776076396.51025,141.66177940368652,7.925583493521103,0.9999999875637363,0.07330880833243003,0.0,0.0,359.99999986712544,True
1776076396.58882,141.74034929275513,7.92584622224751,0.9999999875633133,0.0733088083324308,0.0,0.0,359.9999998670687,True
1776076396.654935,141.80646419525146,7.926476311075118,0.9999999875622991,0.07330880833243265,0.0,0.0,359.99999986693246,True
1776076396.745412,141.89694142341614,7.9269484520459494,0.999999987561539,0.07330880833243406,0.0,0.0,359.9999998668303,True
1776076396.808084,141.95961332321167,7.927158175534774,0.9999999875612015,0.07330880833243467,0.0,0.0,359.99999986678495,True
1776076396.924982,142.07651138305664,7.927891641897301,0.9999999875600207,0.07330880833243682,0.0,0.0,359.99999986662607,True
1776076397.011836,142.1633653640747,7.928415008399684,0.9999999875591781,0.07330880833243834,0.0,0.0,359.99999986651255,True
1776076397.087941,142.23947024345398,7.9286765237907195,0.9999999875587573,0.07330880833243911,0.0,0.0,359.99999986645577,True
1776076397.153241,142.30477023124695,7.9289901947198125,0.9999999875582524,0.07330880833244002,0.0,0.0,359.9999998663877,True
1776076397.245543,142.39707231521606,7.929825864859341,0.9999999875569071,0.07330880833244247,0.0,0.0,359.9999998662061,True
1776076397.323448,142.47497725486755,7.93008677777576,0.999999987556487,0.07330880833244323,0.0,0.0,359.9999998661494,True
1776076397.400195,142.55172419548035,7.930347579427321,0.9999999875560673,0.07330880833244399,0.0,0.0,359.99999986609265,True
1776076397.464788,142.61631727218628,7.931025143682198,0.9999999875549765,0.07330880833244596,0.0,0.0,359.99999986594514,True
1776076397.538283,142.6898124217987,7.931441733490215,0.999999987554306,0.07330880833244716,0.0,0.0,359.9999998658543,True
1776076397.616132,142.7676613330841,7.9317019580909145,0.999999987553887,0.07330880833244792,0.0,0.0,359.9999998657976,True
1776076397.692727,142.844256401062,7.931962072012939,0.9999999875534684,0.07330880833244867,0.0,0.0,359.99999986574085,True
1776076397.769754,142.92128324508667,7.9327936938981445,0.9999999875521297,0.07330880833245107,0.0,0.0,359.9999998655593,True
1776076397.834045,142.98557424545288,7.933001422794692,0.9999999875517953,0.07330880833245168,0.0,0.0,359.99999986551387,True
1776076397.910718,143.06224727630615,7.933260984732607,0.9999999875513773,0.07330880833245242,0.0,0.0,359.99999986545714,True
1776076397.988187,143.13971638679504,7.933520436554718,0.9999999875509598,0.07330880833245317,0.0,0.0,359.9999998654004,True
1776076398.065678,143.21720719337463,7.934401750340199,0.9999999875495411,0.0733088083324557,0.0,0.0,359.99999986520754,True
1776076398.145173,143.29670238494873,7.93466071876071,0.9999999875491242,0.07330880833245644,0.0,0.0,359.9999998651508,True
1776076398.220415,143.37194442749023,7.93491957756834,0.9999999875487073,0.07330880833245719,0.0,0.0,359.999999865094,True
1776076398.288578,143.44010734558105,7.935333523897233,0.9999999875480412,0.07330880833245837,0.0,0.0,359.99999986500325,True
1776076398.377198,143.52872729301453,7.93605725646917,0.9999999875468761,0.07330880833246044,0.0,0.0,359.99999986484437,True
1776076398.453895,143.6054244041443,7.936315524967091,0.9999999875464604,0.07330880833246117,0.0,0.0,359.9999998647877,True
1776076398.538597,143.69012641906738,7.93657368444374,0.9999999875460446,0.07330880833246191,0.0,0.0,359.99999986473097,True
1776076398.608327,143.75985622406006,7.937399063217015,0.999999987544716,0.07330880833246425,0.0,0.0,359.9999998645494,True
1776076398.701922,143.85345125198364,7.937708293297588,0.9999999875442184,0.07330880833246514,0.0,0.0,359.99999986448137,True
1776076398.779052,143.93058133125305,7.937914359854226,0.9999999875438866,0.07330880833246572,0.0,0.0,359.99999986443595,True
1776076398.84221,143.99373936653137,7.938120357001133,0.9999999875435549,0.07330880833246631,0.0,0.0,359.9999998643906,True
1776076398.924568,144.07609724998474,7.939046486469055,0.9999999875420641,0.07330880833246893,0.0,0.0,359.99999986418635,True
1776076398.998495,144.1500244140625,7.939303495953934,0.9999999875416505,0.07330880833246965,0.0,0.0,359.9999998641296,True
1776076399.092117,144.24364638328552,7.939611764835088,0.9999999875411543,0.07330880833247053,0.0,0.0,359.9999998640616,True
1776076399.172631,144.32416033744812,7.940125201253451,0.9999999875403278,0.07330880833247197,0.0,0.0,359.99999986394806,True
1776076399.246457,144.39798641204834,7.940689483899521,0.9999999875394193,0.07330880833247357,0.0,0.0,359.9999998638233,True
1776076399.323197,144.47472620010376,7.940945803997066,0.9999999875390069,0.07330880833247429,0.0,0.0,359.99999986376656,True
1776076399.413844,144.56537342071533,7.9412532463767205,0.9999999875385119,0.07330880833247515,0.0,0.0,359.9999998636985,True
1776076399.492106,144.64363527297974,7.942072337928442,0.9999999875371934,0.07330880833247744,0.0,0.0,359.999999863517,True
1776076399.569193,144.72072219848633,7.942328079225743,0.9999999875367817,0.07330880833247816,0.0,0.0,359.9999998634603,True
1776076399.665147,144.81667637825012,7.942634827684374,0.999999987536288,0.07330880833247902,0.0,0.0,359.99999986339225,True
1776076399.756047,144.90757632255554,7.943452072181787,0.9999999875349724,0.0733088083324813,0.0,0.0,359.9999998632107,True
1776076399.833318,144.9848473072052,7.943707237287056,0.9999999875345617,0.073308808332482,0.0,0.0,359.99999986315396,True
1776076399.910891,145.06242036819458,7.943962295974911,0.9999999875341509,0.07330880833248271,0.0,0.0,359.9999998630973,True
1776076399.985795,145.13732433319092,7.944675894915118,0.9999999875330022,0.0733088083324847,0.0,0.0,359.99999986293847,True
1776076400.064837,145.21636629104614,7.945032382386218,0.9999999875324285,0.07330880833248568,0.0,0.0,359.99999986285906,True
1776076400.14254,145.29406929016113,7.945286889131356,0.9999999875320188,0.07330880833248639,0.0,0.0,359.9999998628023,True
1776076400.2087,145.36022925376892,7.945592157486098,0.9999999875315272,0.07330880833248724,0.0,0.0,359.9999998627343,True
1776076400.298329,145.44985842704773,7.946354662395536,0.9999999875302998,0.07330880833248934,0.0,0.0,359.9999998625641,True
1776076400.377404,145.52893328666687,7.946608619581688,0.999999987529891,0.07330880833249004,0.0,0.0,359.9999998625074,True
1776076400.469225,145.62075424194336,7.9469132290683575,0.9999999875294008,0.07330880833249089,0.0,0.0,359.9999998624394,True
1776076400.546451,145.69798040390015,7.947724780077965,0.9999999875280944,0.07330880833249312,0.0,0.0,359.9999998622579,True
1776076400.607173,145.7587022781372,7.947927499673477,0.999999987527768,0.07330880833249367,0.0,0.0,359.9999998622125,True
1776076400.684074,145.8356032371521,7.948180804710219,0.9999999875273602,0.07330880833249437,0.0,0.0,359.99999986215585,True
1776076400.761883,145.9134123325348,7.948383373227729,0.9999999875270342,0.07330880833249492,0.0,0.0,359.9999998621104,True
1776076400.840017,145.9915463924408,7.949243541674584,0.9999999875256496,0.07330880833249728,0.0,0.0,359.9999998619176,True
1776076400.920248,146.07177734375,7.949496302324473,0.9999999875252427,0.07330880833249798,0.0,0.0,359.99999986186094,True
1776076401.013126,146.16465520858765,7.949799477275391,0.9999999875247545,0.0733088083324988,0.0,0.0,359.9999998617929,True
1776076401.087845,146.23937439918518,7.950354907976251,0.9999999875238605,0.07330880833250031,0.0,0.0,359.99999986166813,True
1776076401.167618,146.31914734840393,7.9509098346934675,0.9999999875229673,0.07330880833250182,0.0,0.0,359.99999986154336,True
1776076401.247315,146.39884424209595,7.951161907751475,0.9999999875225615,0.07330880833250251,0.0,0.0,359.99999986148663,True
1776076401.322967,146.4744963645935,7.95141387695512,0.9999999875221557,0.0733088083325032,0.0,0.0,359.99999986142996,True
1776076401.396597,146.54812622070312,7.951967844057186,0.9999999875212641,0.0733088083325047,0.0,0.0,359.9999998613052,True
1776076401.462761,146.61429023742676,7.9524207169353724,0.999999987520535,0.07330880833250591,0.0,0.0,359.99999986120315,True
1776076401.556938,146.70846724510193,7.952722445986995,0.9999999875200494,0.07330880833250675,0.0,0.0,359.9999998611351,True
1776076401.634518,146.7860472202301,7.95352632977674,0.9999999875187553,0.07330880833250891,0.0,0.0,359.9999998609536,True
1776076401.71196,146.86348938941956,7.953777326916369,0.9999999875183512,0.07330880833250958,0.0,0.0,359.99999986089693,True
1776076401.790365,146.94189429283142,7.954028221086157,0.9999999875179472,0.07330880833251026,0.0,0.0,359.99999986084026,True
1776076401.882991,147.03452038764954,7.954479571377285,0.9999999875172207,0.07330880833251148,0.0,0.0,359.99999986073817,True
1776076401.960318,147.11184740066528,7.955130934289677,0.9999999875161723,0.07330880833251323,0.0,0.0,359.9999998605907,True
1776076402.02195,147.17347931861877,7.955331214158358,0.9999999875158498,0.07330880833251377,0.0,0.0,359.9999998605454,True
1776076402.100139,147.25166821479797,7.955581471796136,0.9999999875154468,0.07330880833251444,0.0,0.0,359.9999998604887,True
1776076402.195026,147.3465552330017,7.956481552317936,0.9999999875139979,0.07330880833251684,0.0,0.0,359.9999998602846,True
1776076402.273001,147.42453026771545,7.956731339773316,0.999999987513596,0.0733088083325175,0.0,0.0,359.9999998602279,True
1776076402.348693,147.50022220611572,7.95698102524883,0.9999999875131941,0.07330880833251817,0.0,0.0,359.9999998601712,True
1776076402.426159,147.5776882171631,7.957529974735891,0.9999999875123103,0.07330880833251963,0.0,0.0,359.9999998600465,True
1776076402.552513,147.7040421962738,7.958128267291611,0.9999999875113471,0.07330880833252122,0.0,0.0,359.9999998599104,True
1776076402.615677,147.76720643043518,7.958327568147765,0.9999999875110264,0.07330880833252175,0.0,0.0,359.99999985986506,True
1776076402.690508,147.84203720092773,7.958925081321629,0.9999999875100645,0.07330880833252335,0.0,0.0,359.999999859729,True
1776076402.769451,147.92098021507263,7.959372833411433,0.9999999875093438,0.07330880833252452,0.0,0.0,359.99999985962694,True
1776076402.847754,147.99928331375122,7.95962144299796,0.9999999875089436,0.07330880833252518,0.0,0.0,359.99999985957027,True
1776076402.941768,148.0932972431183,7.960366665962601,0.999999987507744,0.07330880833252715,0.0,0.0,359.9999998594002,True
1776076403.01721,148.16873931884766,7.960763747219138,0.9999999875071046,0.07330880833252819,0.0,0.0,359.9999998593095,True
1776076403.094906,148.24643540382385,7.9610117921462455,0.9999999875067055,0.07330880833252884,0.0,0.0,359.9999998592528,True
1776076403.187378,148.3389072418213,7.961606689832608,0.9999999875057477,0.07330880833253041,0.0,0.0,359.99999985911677,True
1776076403.262024,148.41355323791504,7.9621019962429465,0.9999999875049506,0.07330880833253171,0.0,0.0,359.9999998590034,True
1776076403.327047,148.47857642173767,7.96230000654188,0.9999999875046317,0.07330880833253223,0.0,0.0,359.99999985895806,True
1776076403.387902,148.53943133354187,7.9624979527515665,0.9999999875043131,0.07330880833253275,0.0,0.0,359.9999998589127,True
1776076403.462515,148.6140444278717,7.962893653069054,0.9999999875036762,0.07330880833253378,0.0,0.0,359.999999858822,True
1776076403.527845,148.67937421798706,7.963486723911502,0.9999999875027215,0.07330880833253534,0.0,0.0,359.99999985868595,True
1776076403.605102,148.75663137435913,7.963733667120895,0.999999987502324,0.07330880833253597,0.0,0.0,359.9999998586293,True
1776076403.683007,148.83453631401062,7.96398051065925,0.9999999875019265,0.07330880833253661,0.0,0.0,359.9999998585726,True
1776076403.751245,148.90277433395386,7.964276591452746,0.9999999875014499,0.07330880833253739,0.0,0.0,359.9999998585046,True
1776076403.823544,148.97507333755493,7.965016166925988,0.9999999875002593,0.0733088083325393,0.0,0.0,359.99999985833455,True
1776076403.90036,149.05188941955566,7.965262493469274,0.999999987499863,0.07330880833253994,0.0,0.0,359.9999998582779,True
1776076403.977294,149.12882328033447,7.965508720838619,0.9999999874994666,0.0733088083325406,0.0,0.0,359.9999998582212,True
1776076404.043994,149.19552326202393,7.9658040628846205,0.999999987498991,0.07330880833254136,0.0,0.0,359.99999985815316,True
1776076404.119626,149.27115535736084,7.966541794610246,0.9999999874978035,0.07330880833254326,0.0,0.0,359.99999985798314,True
1776076404.197256,149.34878540039062,7.966787507559753,0.9999999874974079,0.0733088083325439,0.0,0.0,359.99999985792647,True
1776076404.276232,149.42776131629944,7.967033121828703,0.9999999874970127,0.07330880833254454,0.0,0.0,359.9999998578698,True
1776076404.347744,149.4992733001709,7.967671257671276,0.9999999874959853,0.07330880833254617,0.0,0.0,359.99999985772246,True
1776076404.43075,149.58227920532227,7.968063625953036,0.9999999874953538,0.07330880833254719,0.0,0.0,359.99999985763174,True
1776076404.506443,149.65797233581543,7.968308728358186,0.9999999874949591,0.07330880833254783,0.0,0.0,359.99999985757506,True
1776076404.584928,149.73645734786987,7.968553732572492,0.9999999874945648,0.07330880833254844,0.0,0.0,359.99999985751845,True
1776076404.652846,149.80437541007996,7.96919028456062,0.99999998749354,0.07330880833255007,0.0,0.0,359.99999985737105,True
1776076404.72337,149.87489938735962,7.969581679801706,0.9999999874929101,0.07330880833255107,0.0,0.0,359.9999998572804,True
1776076404.802605,149.95413422584534,7.969826174689246,0.9999999874925165,0.07330880833255171,0.0,0.0,359.9999998572237,True
1776076404.910493,150.06202220916748,7.970168303405279,0.9999999874919656,0.07330880833255257,0.0,0.0,359.9999998571444,True
1776076404.987737,150.1392662525177,7.970949593940091,0.999999987490708,0.07330880833255457,0.0,0.0,359.99999985696303,True
1776076405.049856,150.2013852596283,7.97114476071994,0.9999999874903939,0.07330880833255507,0.0,0.0,359.9999998569177,True
1776076405.130113,150.28164219856262,7.9713886316434985,0.9999999874900014,0.07330880833255568,0.0,0.0,359.99999985686105,True
1776076405.19321,150.3447391986847,7.972119661483216,0.9999999874888246,0.07330880833255754,0.0,0.0,359.99999985669103,True
1776076405.269763,150.42129230499268,7.972363144044046,0.9999999874884327,0.07330880833255816,0.0,0.0,359.99999985663436,True
1776076405.347371,150.49890041351318,7.972606529707394,0.9999999874880408,0.07330880833255878,0.0,0.0,359.9999998565777,True
1776076405.407316,150.55884528160095,7.972801168523698,0.9999999874877273,0.07330880833255927,0.0,0.0,359.9999998565324,True
1776076405.499657,150.65118622779846,7.973627693111207,0.9999999874863967,0.07330880833256137,0.0,0.0,359.99999985633974,True
1776076405.592057,150.7435863018036,7.973919141182834,0.9999999874859278,0.07330880833256209,0.0,0.0,359.99999985627176,True
1776076405.669195,150.8207242488861,7.974161908524023,0.999999987485537,0.0733088083325627,0.0,0.0,359.9999998562151,True
1776076405.730262,150.8817913532257,7.974647154295389,0.9999999874847558,0.07330880833256392,0.0,0.0,359.99999985610174,True
1776076405.794445,150.9459743499756,7.9751320153610825,0.9999999874839753,0.07330880833256515,0.0,0.0,359.99999985598845,True
1776076405.857798,151.0093274116516,7.975325852206355,0.9999999874836631,0.07330880833256564,0.0,0.0,359.9999998559431,True
1776076405.936173,151.0877022743225,7.975568061900663,0.9999999874832735,0.07330880833256624,0.0,0.0,359.9999998558864,True
1776076406.001071,151.1526002883911,7.976294115964011,0.9999999874821046,0.07330880833256806,0.0,0.0,359.99999985571645,True
1776076406.075042,151.22657132148743,7.976535942564614,0.9999999874817155,0.07330880833256867,0.0,0.0,359.99999985565984,True
1776076406.151928,151.30345726013184,7.976777673581076,0.9999999874813263,0.07330880833256928,0.0,0.0,359.99999985560316,True
1776076406.227856,151.37938523292542,7.977019309088927,0.9999999874809372,0.07330880833256988,0.0,0.0,359.9999998555465,True
1776076406.320354,151.47188329696655,7.977888407271092,0.9999999874795382,0.07330880833257204,0.0,0.0,359.99999985534254,True
1776076406.398132,151.54966139793396,7.978129604409692,0.9999999874791501,0.07330880833257264,0.0,0.0,359.99999985528586,True
1776076406.461768,151.6132972240448,7.978322493654143,0.9999999874788397,0.07330880833257312,0.0,0.0,359.99999985524056,True
1776076406.524123,151.6756522655487,7.97851532208112,0.9999999874785293,0.07330880833257361,0.0,0.0,359.99999985519526,True
1776076406.586547,151.73807621002197,7.979286028380574,0.9999999874772886,0.07330880833257551,0.0,0.0,359.9999998550139,True
1776076406.649109,151.80063819885254,7.979478553294575,0.9999999874769786,0.073308808332576,0.0,0.0,359.9999998549686,True
1776076406.71392,151.86544942855835,7.979671017620603,0.9999999874766686,0.07330880833257647,0.0,0.0,359.9999998549233,True
1776076406.77532,151.92684936523438,7.979863421396784,0.999999987476359,0.07330880833257694,0.0,0.0,359.999999854878,True
1776076406.838657,151.99018621444702,7.980488315957069,0.999999987475353,0.0733088083325785,0.0,0.0,359.9999998547307,True
1776076406.899901,152.05143022537231,7.980776513619058,0.9999999874748892,0.0733088083325792,0.0,0.0,359.99999985466275,True
1776076406.991983,152.14351224899292,7.981064575535541,0.9999999874744255,0.07330880833257991,0.0,0.0,359.99999985459476,True
1776076407.070838,152.22236728668213,7.981304523530349,0.9999999874740392,0.0733088083325805,0.0,0.0,359.99999985453815,True
1776076407.146545,152.29807424545288,7.98207172509116,0.9999999874728043,0.07330880833258238,0.0,0.0,359.9999998543569,True
1776076407.224383,152.37591242790222,7.9823112783401005,0.9999999874724185,0.07330880833258298,0.0,0.0,359.99999985430014,True
1776076407.314973,152.4665024280548,7.982598618434912,0.9999999874719561,0.07330880833258369,0.0,0.0,359.9999998542322,True
1776076407.390726,152.54225540161133,7.983077218791025,0.9999999874711856,0.07330880833258485,0.0,0.0,359.9999998541189,True
1776076407.470463,152.62199234962463,7.983603246952956,0.9999999874703389,0.07330880833258614,0.0,0.0,359.9999998539943,True
1776076407.548269,152.6997983455658,7.983842201175735,0.9999999874699542,0.07330880833258673,0.0,0.0,359.9999998539377,True
1776076407.620542,152.77207136154175,7.984081062071203,0.9999999874695695,0.07330880833258731,0.0,0.0,359.99999985388104,True
1776076407.700356,152.8518853187561,7.984892492008005,0.9999999874682634,0.07330880833258928,0.0,0.0,359.99999985368845,True
1776076407.779354,152.93088340759277,7.985130943127912,0.9999999874678795,0.07330880833258986,0.0,0.0,359.9999998536318,True
1776076407.857942,153.0094714164734,7.985369301313021,0.999999987467496,0.07330880833259044,0.0,0.0,359.99999985357516,True
1776076407.921874,153.07340335845947,7.985798112081628,0.9999999874668055,0.07330880833259149,0.0,0.0,359.99999985347324,True
1776076407.996743,153.14827227592468,7.986369392475256,0.999999987465886,0.07330880833259287,0.0,0.0,359.9999998533373,True
1776076408.075142,153.22667121887207,7.986607268564859,0.999999987465503,0.07330880833259344,0.0,0.0,359.99999985328066,True
1776076408.136705,153.2882342338562,7.986797502842321,0.9999999874651967,0.0733088083325939,0.0,0.0,359.99999985323535,True
1776076408.202029,153.35355830192566,7.987320342198091,0.9999999874643553,0.07330880833259516,0.0,0.0,359.99999985311075,True
1776076408.276376,153.42790532112122,7.9877477876400285,0.999999987463667,0.0733088083325962,0.0,0.0,359.99999985300883,True
1776076408.35115,153.50267934799194,7.98798512830328,0.9999999874632851,0.07330880833259677,0.0,0.0,359.99999985295216,True
1776076408.41331,153.56483936309814,7.9881749345390745,0.9999999874629796,0.07330880833259723,0.0,0.0,359.99999985290685,True
1776076408.479669,153.63119840621948,7.988506953771787,0.9999999874624449,0.07330880833259802,0.0,0.0,359.9999998528276,True
1776076408.551787,153.70331621170044,7.98917045197609,0.999999987461377,0.07330880833259962,0.0,0.0,359.999999852669,True
1776076408.629335,153.780864238739,7.989407241280666,0.9999999874609956,0.07330880833260019,0.0,0.0,359.9999998526124,True
1776076408.707233,153.8587622642517,7.989643938941095,0.9999999874606147,0.07330880833260076,0.0,0.0,359.99999985255573,True
1776076408.779383,153.93091225624084,7.9903062054467355,0.9999999874595484,0.07330880833260234,0.0,0.0,359.9999998523972,True
1776076408.879821,154.0313503742218,7.990684321709975,0.99999998745894,0.07330880833260324,0.0,0.0,359.9999998523066,True
1776076408.953316,154.10484528541565,7.990920525715308,0.9999999874585598,0.07330880833260381,0.0,0.0,359.99999985224997,True
1776076409.031774,154.18330335617065,7.99115663852892,0.9999999874581795,0.07330880833260436,0.0,0.0,359.9999998521933,True
1776076409.106497,154.25802636146545,7.991911587543473,0.9999999874569644,0.07330880833260617,0.0,0.0,359.9999998520121,True
1776076409.170524,154.32205319404602,7.992100179272701,0.9999999874566606,0.07330880833260661,0.0,0.0,359.99999985196683,True
1776076409.247232,154.39876127243042,7.992335837181908,0.9999999874562815,0.07330880833260717,0.0,0.0,359.99999985191016,True
1776076409.322459,154.47398829460144,7.992759792723522,0.999999987455599,0.07330880833260818,0.0,0.0,359.9999998518083,True
1776076409.384762,154.5362913608551,7.993277561811258,0.9999999874547656,0.07330880833260942,0.0,0.0,359.9999998516837,True
1776076409.463159,154.61468839645386,7.99351276656563,0.999999987454387,0.07330880833260997,0.0,0.0,359.9999998516271,True
1776076409.533352,154.68488121032715,7.9937478808980975,0.9999999874540084,0.07330880833261053,0.0,0.0,359.9999998515704,True
1776076409.616927,154.76845622062683,7.994499639935794,0.9999999874527984,0.0733088083326123,0.0,0.0,359.99999985138925,True
1776076409.693985,154.84551429748535,7.994734375254255,0.9999999874524204,0.07330880833261286,0.0,0.0,359.99999985133263,True
1776076409.755922,154.9074513912201,7.994922098661512,0.9999999874521183,0.0733088083326133,0.0,0.0,359.9999998512873,True
1776076409.849108,155.00063729286194,7.995719280925676,0.9999999874508348,0.07330880833261516,0.0,0.0,359.9999998510948,True
1776076409.927844,155.07937335968018,7.995953548678421,0.9999999874504579,0.07330880833261572,0.0,0.0,359.99999985103824,True
1776076410.019961,155.1714904308319,7.996234551579786,0.9999999874500056,0.07330880833261638,0.0,0.0,359.9999998509703,True
1776076410.097665,155.24919438362122,7.996983262042695,0.9999999874488004,0.07330880833261813,0.0,0.0,359.99999985078915,True
1776076410.160574,155.31210327148438,7.997170296528531,0.9999999874484993,0.07330880833261857,0.0,0.0,359.99999985074385,True
1776076410.266228,155.41775727272034,7.997497469305745,0.9999999874479724,0.07330880833261932,0.0,0.0,359.99999985066455,True
1776076410.329746,155.4812753200531,7.997824467150542,0.9999999874474462,0.0733088083326201,0.0,0.0,359.9999998505853,True
1776076410.405026,155.55655527114868,7.998431285393452,0.9999999874464692,0.0733088083326215,0.0,0.0,359.9999998504381,True
1776076410.480293,155.631822347641,7.998664516797786,0.999999987446094,0.07330880833262204,0.0,0.0,359.9999998503815,True
1776076410.543848,155.69537734985352,7.998851037901911,0.9999999874457938,0.07330880833262249,0.0,0.0,359.9999998503362,True
1776076410.621121,155.7726502418518,7.999223909539361,0.9999999874451934,0.07330880833262335,0.0,0.0,359.9999998502457,True
1776076410.698369,155.84989833831787,7.999829341505081,0.9999999874442189,0.07330880833262475,0.0,0.0,359.99999985009845,True
1776076410.760724,155.91225337982178,8.000015507749188,0.9999999874439192,0.07330880833262518,0.0,0.0,359.9999998500532,True
1776076410.822083,155.9736123085022,8.000201617340961,0.9999999874436194,0.07330880833262562,0.0,0.0,359.9999998500079,True
1776076410.886909,156.0384383201599,8.000573666705359,0.9999999874430208,0.07330880833262648,0.0,0.0,359.9999998499173,True
1776076410.961813,156.11334228515625,8.00117776461082,0.9999999874420481,0.07330880833262787,0.0,0.0,359.9999998497701,True
1776076411.024751,156.17628026008606,8.001363520905244,0.9999999874417492,0.07330880833262832,0.0,0.0,359.9999998497249,True
1776076411.103803,156.2553322315216,8.001595636960381,0.9999999874413756,0.07330880833262884,0.0,0.0,359.99999984966826,True
1776076411.197246,156.3487753868103,8.002013223985706,0.9999999874407032,0.0733088083326298,0.0,0.0,359.9999998495664,True
1776076411.288748,156.44027733802795,8.002662237593967,0.9999999874396587,0.07330880833263129,0.0,0.0,359.99999984940786,True
1776076411.352079,156.50360822677612,8.00284754362041,0.9999999874393602,0.07330880833263172,0.0,0.0,0.0,True
1776076411.414075,156.5656042098999,8.0030327935168,0.999999987439062,0.07330880833263215,0.0,0.0,0.0,True
1776076411.478293,156.6298222541809,8.003588206765427,0.9999999874381681,0.07330880833263342,0.0,0.0,0.0,True
1776076411.570774,156.72230339050293,8.004050666139802,0.9999999874374236,0.07330880833263448,0.0,0.0,0.0,True
1776076411.664015,156.81554436683655,8.004327974001678,0.9999999874369773,0.07330880833263512,0.0,0.0,0.0,True
1776076411.740374,156.89190340042114,8.004651340999608,0.9999999874364566,0.07330880833263585,0.0,0.0,0.0,True
1776076411.804858,156.95638728141785,8.005251426472544,0.9999999874354907,0.07330880833263721,0.0,0.0,0.0,True
1776076411.879869,157.0313982963562,8.00548207188487,0.9999999874351193,0.07330880833263774,0.0,0.0,0.0,True
1776076411.943885,157.0954144001007,8.005666525606992,0.9999999874348222,0.07330880833263816,0.0,0.0,0.0,True
1776076412.006932,157.15846133232117,8.005850923714146,0.9999999874345256,0.07330880833263859,0.0,0.0,0.0,True
1776076412.084781,157.23631024360657,8.006587960663213,0.999999987433339,0.07330880833264025,0.0,0.0,0.0,True
1776076412.164873,157.31640219688416,8.006818102671735,0.9999999874329687,0.07330880833264078,0.0,0.0,0.0,True
1776076412.225762,157.37729120254517,8.007002153943775,0.9999999874326725,0.0733088083326412,0.0,0.0,0.0,True
1776076412.28787,157.43939924240112,8.00718614984324,0.9999999874323763,0.07330880833264161,0.0,0.0,0.0,True
1776076412.35101,157.502539396286,8.007921580381126,0.9999999874311924,0.07330880833264326,0.0,0.0,0.0,True
1776076412.429497,157.5810263156891,8.008151221178585,0.9999999874308227,0.07330880833264378,0.0,0.0,0.0,True
1776076412.507702,157.65923142433167,8.008380775780914,0.999999987430453,0.0733088083326443,0.0,0.0,0.0,True
1776076412.573955,157.7254843711853,8.008564357445756,0.9999999874301576,0.07330880833264472,0.0,0.0,0.0,True
1776076412.647419,157.79894828796387,8.009298133531551,0.9999999874289763,0.07330880833264637,0.0,0.0,0.0,True
1776076412.726361,157.87789034843445,8.009527258127054,0.9999999874286076,0.07330880833264689,0.0,0.0,0.0,True
1776076412.804855,157.9563844203949,8.009756296914444,0.999999987428239,0.0733088083326474,0.0,0.0,0.0,True
1776076412.87212,158.02364921569824,8.010168350700347,0.9999999874275756,0.07330880833264831,0.0,0.0,0.0,True
1776076412.942199,158.0937283039093,8.010717324245594,0.999999987426692,0.07330880833264955,0.0,0.0,0.0,True
1776076413.036542,158.18807125091553,8.010991626337386,0.9999999874262504,0.07330880833265016,0.0,0.0,0.0,True
1776076413.129367,158.2808964252472,8.011265805455823,0.999999987425809,0.07330880833265077,0.0,0.0,0.0,True
1776076413.207672,158.3592014312744,8.012041979441479,0.9999999874245595,0.0733088083326525,0.0,0.0,0.0,True
1776076413.267927,158.41945624351501,8.012224465545106,0.9999999874242658,0.07330880833265291,0.0,0.0,0.0,True
1776076413.345616,158.49714541435242,8.012452496629356,0.9999999874238988,0.07330880833265342,0.0,0.0,0.0,True
1776076413.406027,158.55755639076233,8.012634860300096,0.9999999874236053,0.07330880833265382,0.0,0.0,0.0,True
1776076413.480361,158.63189029693604,8.01309053171452,0.9999999874228716,0.07330880833265484,0.0,0.0,0.0,True
1776076413.559404,158.71093320846558,8.013636889638358,0.9999999874219923,0.07330880833265604,0.0,0.0,0.0,True
1776076413.623584,158.7751133441925,8.013818900535174,0.9999999874216992,0.07330880833265645,0.0,0.0,0.0,True
1776076413.700352,158.85188126564026,8.014046338009,0.999999987421333,0.07330880833265696,0.0,0.0,0.0,True
1776076413.792158,158.94368720054626,8.014818993367276,0.9999999874200892,0.07330880833265865,0.0,0.0,0.0,True
1776076413.868568,159.0200972557068,8.015046059293896,0.9999999874197237,0.07330880833265915,0.0,0.0,0.0,True
1776076413.960597,159.11212635040283,8.015318427170579,0.9999999874192854,0.07330880833265976,0.0,0.0,0.0,True
1776076414.027127,159.17865633964539,8.015862799295293,0.9999999874184089,0.07330880833266096,0.0,0.0,0.0,True
1776076414.117025,159.26855421066284,8.016270760638273,0.9999999874177524,0.07330880833266185,0.0,0.0,0.0,True
1776076414.194834,159.34636330604553,8.016497288294557,0.9999999874173877,0.07330880833266235,0.0,0.0,0.0,True
1776076414.276838,159.42836737632751,8.016859558111921,0.9999999874168044,0.07330880833266315,0.0,0.0,0.0,True
1776076414.369085,159.52061438560486,8.017538236171578,0.9999999874157119,0.07330880833266464,0.0,0.0,0.0,True
1776076414.445375,159.5969042778015,8.017764294930496,0.999999987415348,0.07330880833266512,0.0,0.0,0.0,True
1776076414.522267,159.67379641532898,8.017990270161937,0.9999999874149844,0.07330880833266562,0.0,0.0,0.0,True
1776076414.629922,159.78145122528076,8.01884821535802,0.9999999874136033,0.0733088083326675,0.0,0.0,0.0,True
1776076414.709495,159.86102437973022,8.019073790515332,0.9999999874132403,0.07330880833266798,0.0,0.0,0.0,True
1776076414.769822,159.9213511943817,8.019254190755454,0.9999999874129498,0.07330880833266837,0.0,0.0,0.0,True
1776076414.837079,159.98860836029053,8.019975260052036,0.9999999874117891,0.07330880833266994,0.0,0.0,0.0,True
1776076414.910227,160.06175637245178,8.02020041996912,0.9999999874114266,0.07330880833267042,0.0,0.0,0.0,True
1776076414.988283,160.13981223106384,8.020425497021549,0.9999999874110641,0.07330880833267092,0.0,0.0,0.0,True
1776076415.065095,160.21662425994873,8.020650491270292,0.999999987410702,0.07330880833267141,0.0,0.0,0.0,True
1776076415.127723,160.2792522907257,8.021324977803138,0.9999999874096162,0.07330880833267286,0.0,0.0,0.0,True
1776076415.204032,160.3555612564087,8.021549641445528,0.9999999874092546,0.07330880833267335,0.0,0.0,0.0,True
1776076415.280124,160.4316532611847,8.021774222588093,0.9999999874088932,0.07330880833267384,0.0,0.0,0.0,True
1776076415.363855,160.5153841972351,8.022402611403507,0.9999999874078814,0.07330880833267518,0.0,0.0,0.0,True
1776076415.436292,160.58782124519348,8.022716563854488,0.9999999874073763,0.07330880833267586,0.0,0.0,0.0,True
1776076415.498115,160.6496443748474,8.02289589292112,0.9999999874070876,0.07330880833267625,0.0,0.0,0.0,True
1776076415.560179,160.71170830726624,8.023075169419815,0.999999987406799,0.07330880833267664,0.0,0.0,0.0,True
1776076415.622401,160.773930311203,8.023254393381386,0.9999999874065103,0.07330880833267701,0.0,0.0,0.0,True
1776076415.700898,160.8524272441864,8.023970764471683,0.9999999874053573,0.07330880833267855,0.0,0.0,0.0,True
1776076415.762493,160.91402220726013,8.024149726208844,0.9999999874050691,0.07330880833267894,0.0,0.0,0.0,True
1776076415.856293,161.00782227516174,8.024418070662607,0.9999999874046372,0.07330880833267951,0.0,0.0,0.0,True
1776076415.93032,161.08184933662415,8.025133080776891,0.9999999874034862,0.07330880833268104,0.0,0.0,0.0,True
1776076416.012147,161.16367626190186,8.025400994202807,0.999999987403055,0.07330880833268161,0.0,0.0,0.0,True
1776076416.092939,161.24446821212769,8.025624165772744,0.9999999874026958,0.07330880833268208,0.0,0.0,0.0,True
1776076416.160438,161.3119673728943,8.025847255934876,0.9999999874023366,0.07330880833268255,0.0,0.0,0.0,True
1776076416.251057,161.40258622169495,8.02656059808441,0.9999999874011883,0.07330880833268408,0.0,0.0,0.0,True
1776076416.323881,161.4754102230072,8.026783346981354,0.9999999874008297,0.07330880833268455,0.0,0.0,0.0,True
1776076416.386695,161.53822422027588,8.026961487704234,0.9999999874005429,0.07330880833268492,0.0,0.0,0.0,True
1776076416.479171,161.63070034980774,8.027718007426174,0.9999999873993252,0.07330880833268652,0.0,0.0,0.0,True
1776076416.556444,161.70797324180603,8.027940335248188,0.9999999873989671,0.07330880833268699,0.0,0.0,0.0,True
1776076416.635776,161.78730535507202,8.028162582276705,0.9999999873986094,0.07330880833268746,0.0,0.0,0.0,True
1776076416.696753,161.84828233718872,8.028518009618354,0.9999999873980374,0.07330880833268821,0.0,0.0,0.0,True
1776076416.775719,161.9272482395172,8.02905076362887,0.9999999873971795,0.07330880833268934,0.0,0.0,0.0,True
1776076416.836859,161.98838829994202,8.029228245218333,0.999999987396894,0.07330880833268971,0.0,0.0,0.0,True
1776076416.92874,162.08026933670044,8.029494371067166,0.9999999873964657,0.07330880833269027,0.0,0.0,0.0,True
1776076416.990483,162.1420123577118,8.030159179490632,0.9999999873953954,0.07330880833269167,0.0,0.0,0.0,True
1776076417.070303,162.22183227539062,8.030380621802223,0.999999987395039,0.07330880833269213,0.0,0.0,0.0,True
1776076417.146293,162.29782223701477,8.03060198396253,0.9999999873946827,0.0733088083326926,0.0,0.0,0.0,True
1776076417.209485,162.3610143661499,8.030779016020828,0.9999999873943975,0.07330880833269297,0.0,0.0,0.0,True
1776076417.287014,162.43854331970215,8.031530831091642,0.9999999873931874,0.07330880833269454,0.0,0.0,0.0,True
1776076417.380505,162.53203439712524,8.031795957083322,0.9999999873927604,0.0733088083326951,0.0,0.0,0.0,True
1776076417.457811,162.60934042930603,8.032016807646226,0.999999987392405,0.07330880833269555,0.0,0.0,0.0,True
1776076417.541775,162.69330430030823,8.032458269658921,0.9999999873916945,0.07330880833269648,0.0,0.0,0.0,True
1776076417.613001,162.76453042030334,8.032943510099058,0.9999999873909132,0.07330880833269748,0.0,0.0,0.0,True
1776076417.704419,162.85594820976257,8.033208024519867,0.9999999873904876,0.07330880833269804,0.0,0.0,0.0,True
1776076417.768581,162.9201102256775,8.033604581765303,0.9999999873898491,0.07330880833269886,0.0,0.0,0.0,True
1776076417.863816,163.0153453350067,8.034132925090997,0.9999999873889986,0.07330880833269995,0.0,0.0,0.0,True
1776076417.941181,163.09271025657654,8.034352933502788,0.9999999873886445,0.07330880833270041,0.0,0.0,0.0,True
1776076418.004383,163.155912399292,8.034528883265404,0.9999999873883612,0.07330880833270077,0.0,0.0,0.0,True
1776076418.079748,163.23127722740173,8.03527610553913,0.9999999873871585,0.07330880833270231,0.0,0.0,0.0,True
1776076418.173789,163.32531833648682,8.035539613228636,0.9999999873867341,0.07330880833270287,0.0,0.0,0.0,True
1776076418.247021,163.39855027198792,8.035715221967326,0.9999999873864513,0.07330880833270323,0.0,0.0,0.0,True
1776076418.323758,163.47528719902039,8.036329455766461,0.9999999873854628,0.07330880833270449,0.0,0.0,0.0,True
1776076418.390314,163.54184341430664,8.036636341483925,0.9999999873849685,0.07330880833270512,0.0,0.0,0.0,True
1776076418.466204,163.61773324012756,8.036855451324996,0.999999987384616,0.07330880833270556,0.0,0.0,0.0,True
1776076418.543615,163.69514441490173,8.03707448269413,0.9999999873842635,0.07330880833270602,0.0,0.0,0.0,True
1776076418.60793,163.75945925712585,8.037774856398046,0.999999987383136,0.07330880833270745,0.0,0.0,0.0,True
1776076418.685189,163.83671832084656,8.037993558797934,0.9999999873827841,0.07330880833270789,0.0,0.0,0.0,True
1776076418.794681,163.9462103843689,8.038255898484579,0.9999999873823617,0.07330880833270845,0.0,0.0,0.0,True
1776076418.888549,164.04007840156555,8.038518125687979,0.9999999873819394,0.07330880833270897,0.0,0.0,0.0,True
1776076418.96689,164.11841940879822,8.039260492760862,0.9999999873807446,0.07330880833271049,0.0,0.0,0.0,True
1776076419.064653,164.21618223190308,8.039522289670629,0.9999999873803229,0.07330880833271101,0.0,0.0,0.0,True
1776076419.140494,164.29202342033386,8.039740368188454,0.9999999873799721,0.07330880833271146,0.0,0.0,0.0,True
1776076419.219437,164.37096619606018,8.040481254022167,0.9999999873787793,0.07330880833271297,0.0,0.0,0.0,True
1776076419.311978,164.46350741386414,8.04074252899849,0.9999999873783588,0.0733088083327135,0.0,0.0,0.0,True
1776076419.387815,164.5393443107605,8.040960172912591,0.9999999873780085,0.07330880833271394,0.0,0.0,0.0,True
1776076419.450118,164.60164737701416,8.04113423229481,0.9999999873777283,0.07330880833271429,0.0,0.0,0.0,True
1776076419.51191,164.66343927383423,8.041786514133381,0.9999999873766783,0.07330880833271561,0.0,0.0,0.0,True
1776076419.575616,164.72714519500732,8.041960338526504,0.9999999873763985,0.07330880833271597,0.0,0.0,0.0,True
1776076419.654161,164.8056902885437,8.042177549565725,0.9999999873760488,0.0733088083327164,0.0,0.0,0.0,True
1776076419.71634,164.86786937713623,8.04235126286955,0.999999987375769,0.07330880833271675,0.0,0.0,0.0,True
1776076419.784049,164.93557834625244,8.042785330382747,0.9999999873750705,0.07330880833271763,0.0,0.0,0.0,True
1776076419.872238,165.0237672328949,8.043262449086551,0.9999999873743023,0.07330880833271858,0.0,0.0,0.0,True
1776076419.950139,165.10166835784912,8.043479198238042,0.9999999873739532,0.07330880833271902,0.0,0.0,0.0,True
1776076420.015323,165.16685223579407,8.043869153235546,0.9999999873733257,0.0733088083327198,0.0,0.0,0.0,True
1776076420.09037,165.24189925193787,8.044302145148311,0.9999999873726285,0.07330880833272067,0.0,0.0,0.0,True
1776076420.155077,165.3066062927246,8.044475256115064,0.9999999873723499,0.07330880833272102,0.0,0.0,0.0,True
1776076420.227426,165.3789553642273,8.044691575940183,0.9999999873720018,0.07330880833272145,0.0,0.0,0.0,True
1776076420.309545,165.4610743522644,8.045383285657593,0.999999987370888,0.07330880833272284,0.0,0.0,0.0,True
1776076420.417226,165.5687553882599,8.045642475238521,0.999999987370471,0.07330880833272335,0.0,0.0,0.0,True
1776076420.491879,165.64340829849243,8.045858382678086,0.9999999873701235,0.07330880833272378,0.0,0.0,0.0,True
1776076420.570702,165.72223138809204,8.046548774717774,0.9999999873690121,0.07330880833272516,0.0,0.0,0.0,True
1776076420.663461,165.81499028205872,8.046807470936539,0.9999999873685957,0.07330880833272567,0.0,0.0,0.0,True
1776076420.742002,165.89353132247925,8.047022967559931,0.9999999873682488,0.0733088083327261,0.0,0.0,0.0,True
1776076420.805672,165.9572012424469,8.04771204693276,0.9999999873671396,0.07330880833272746,0.0,0.0,0.0,True
1776076420.894182,166.0457112789154,8.047970251664065,0.9999999873667239,0.07330880833272797,0.0,0.0,0.0,True
1776076421.004197,166.1557261943817,8.048271352802896,0.999999987366239,0.07330880833272857,0.0,0.0,0.0,True
1776076421.063903,166.2154324054718,8.048529321557561,0.9999999873658239,0.07330880833272908,0.0,0.0,0.0,True
1776076421.130919,166.28244829177856,8.049087880850838,0.9999999873649247,0.07330880833273018,0.0,0.0,0.0,True
1776076421.223938,166.37546730041504,8.049345505491434,0.9999999873645098,0.0733088083327307,0.0,0.0,0.0,True
1776076421.3,166.45152926445007,8.049560109823721,0.9999999873641645,0.07330880833273112,0.0,0.0,0.0,True
1776076421.363578,166.51510739326477,8.050160601641757,0.9999999873631977,0.07330880833273229,0.0,0.0,0.0,True
1776076421.439951,166.59148025512695,8.050417774896982,0.9999999873627838,0.0733088083327328,0.0,0.0,0.0,True
1776076421.518038,166.66956734657288,8.05063200336488,0.9999999873624391,0.07330880833273323,0.0,0.0,0.0,True
1776076421.579633,166.7311623096466,8.050888978511267,0.9999999873620254,0.07330880833273373,0.0,0.0,0.0,True
1776076421.65934,166.81086921691895,8.051488167612026,0.9999999873610609,0.0733088083327349,0.0,0.0,0.0,True
1776076421.768684,166.92021322250366,8.051787542163282,0.999999987360579,0.07330880833273548,0.0,0.0,0.0,True
1776076421.8304,166.98192930221558,8.051958547562078,0.9999999873603037,0.07330880833273581,0.0,0.0,0.0,True
1776076421.90953,167.0610592365265,8.052684787541644,0.9999999873591346,0.07330880833273724,0.0,0.0,0.0,True
1776076422.002136,167.15366530418396,8.052898223515337,0.999999987358791,0.07330880833273766,0.0,0.0,0.0,True
1776076422.095131,167.24666023254395,8.053154248399776,0.9999999873583787,0.07330880833273815,0.0,0.0,0.0,True
1776076422.171839,167.32336831092834,8.053836457901353,0.9999999873572807,0.07330880833273948,0.0,0.0,0.0,True
1776076422.250015,167.40154433250427,8.054049492401749,0.9999999873569376,0.0733088083327399,0.0,0.0,0.0,True
1776076422.341836,167.49336528778076,8.054305035887566,0.9999999873565262,0.0733088083327404,0.0,0.0,0.0,True
1776076422.41941,167.57093930244446,8.054985963625583,0.9999999873554302,0.07330880833274171,0.0,0.0,0.0,True
1776076422.496847,167.64837622642517,8.055198598160244,0.9999999873550877,0.07330880833274211,0.0,0.0,0.0,True
1776076422.57471,167.72623920440674,8.055411158791935,0.9999999873547457,0.07330880833274253,0.0,0.0,0.0,True
1776076422.653646,167.80517530441284,8.055793581857388,0.9999999873541302,0.07330880833274327,0.0,0.0,0.0,True
1776076422.730781,167.8823103904724,8.056345548904496,0.9999999873532415,0.07330880833274434,0.0,0.0,0.0,True
1776076422.792223,167.94375228881836,8.056515284745522,0.9999999873529684,0.07330880833274467,0.0,0.0,0.0,True
1776076422.872779,168.02430820465088,8.056769800212718,0.9999999873525587,0.07330880833274515,0.0,0.0,0.0,True
1776076422.952648,168.104177236557,8.057236136985573,0.9999999873518077,0.07330880833274604,0.0,0.0,0.0,True
1776076423.027201,168.1787302494049,8.057659771160967,0.999999987351126,0.07330880833274686,0.0,0.0,0.0,True
1776076423.103759,168.25528836250305,8.057871478257486,0.9999999873507852,0.07330880833274726,0.0,0.0,0.0,True
1776076423.181138,168.33266735076904,8.05804079118522,0.9999999873505125,0.07330880833274758,0.0,0.0,0.0,True
1776076423.247995,168.39952421188354,8.058633017577492,0.9999999873495593,0.07330880833274872,0.0,0.0,0.0,True
1776076423.336929,168.48845839500427,8.059013431933035,0.9999999873489468,0.07330880833274944,0.0,0.0,0.0,True
1776076423.411178,168.56270742416382,8.059224671041452,0.9999999873486066,0.07330880833274986,0.0,0.0,0.0,True
1776076423.488456,168.63998532295227,8.059562501928363,0.9999999873480631,0.0733088083327505,0.0,0.0,0.0,True
1776076423.564801,168.7163302898407,8.060111079418562,0.9999999873471798,0.07330880833275154,0.0,0.0,0.0,True
1776076423.641167,168.7926962375641,8.060321939807444,0.9999999873468404,0.07330880833275194,0.0,0.0,0.0,True
1776076423.719189,168.87071824073792,8.060532727521288,0.9999999873465012,0.07330880833275234,0.0,0.0,0.0,True
1776076423.797788,168.94931721687317,8.06120676041229,0.9999999873454158,0.07330880833275362,0.0,0.0,0.0,True
1776076423.859962,169.01149129867554,8.061375152627052,0.999999987345145,0.07330880833275394,0.0,0.0,0.0,True
1776076423.936501,169.08803033828735,8.061585577715856,0.9999999873448063,0.07330880833275434,0.0,0.0,0.0,True
1776076424.029139,169.18066835403442,8.06209030273238,0.9999999873439936,0.0733088083327553,0.0,0.0,0.0,True
1776076424.105989,169.2575182914734,8.062552601698806,0.9999999873432497,0.07330880833275617,0.0,0.0,0.0,True
1776076424.185057,169.33658623695374,8.062762622126003,0.9999999873429116,0.07330880833275656,0.0,0.0,0.0,True
1776076424.276304,169.42783331871033,8.063014551474597,0.999999987342506,0.07330880833275705,0.0,0.0,0.0,True
1776076424.354269,169.50579833984375,8.063685856155915,0.9999999873414255,0.0733088083327583,0.0,0.0,0.0,True
1776076424.432194,169.58372330665588,8.063895487845029,0.999999987341088,0.0733088083327587,0.0,0.0,0.0,True
1776076424.495048,169.64657735824585,8.064063141475884,0.999999987340818,0.07330880833275902,0.0,0.0,0.0,True
1776076424.559498,169.71102738380432,8.064272643905245,0.9999999873404807,0.0733088083327594,0.0,0.0,0.0,True
1776076424.634959,169.78648829460144,8.064900720937052,0.9999999873394698,0.07330880833276059,0.0,0.0,0.0,True
1776076424.743667,169.89519619941711,8.065193602959019,0.9999999873389981,0.07330880833276113,0.0,0.0,0.0,True
1776076424.819538,169.97106742858887,8.06540271856381,0.9999999873386617,0.07330880833276152,0.0,0.0,0.0,True
1776076424.896781,170.0483102798462,8.066071408411197,0.9999999873375852,0.07330880833276276,0.0,0.0,0.0,True
1776076425.020398,170.17192721366882,8.066405479361112,0.9999999873370474,0.0733088083327634,0.0,0.0,0.0,True
1776076425.090242,170.2417712211609,8.066614181075664,0.9999999873367116,0.07330880833276379,0.0,0.0,0.0,True
1776076425.175087,170.32661628723145,8.067323234658177,0.9999999873355699,0.0733088083327651,0.0,0.0,0.0,True
1776076425.251976,170.40350532531738,8.067531623478335,0.9999999873352347,0.07330880833276548,0.0,0.0,0.0,True
1776076425.313387,170.46491622924805,8.06769828342542,0.9999999873349664,0.0733088083327658,0.0,0.0,0.0,True
1776076425.388007,170.53953623771667,8.068156364242775,0.9999999873342288,0.07330880833276665,0.0,0.0,0.0,True
1776076425.464974,170.61650323867798,8.06861410221051,0.9999999873334922,0.0733088083327675,0.0,0.0,0.0,True
1776076425.543817,170.69534635543823,8.068780467476769,0.9999999873332244,0.0733088083327678,0.0,0.0,0.0,True
1776076425.620788,170.77231740951538,8.068988360439455,0.9999999873328896,0.07330880833276819,0.0,0.0,0.0,True
1776076425.695899,170.84742832183838,8.069362389781139,0.9999999873322875,0.07330880833276887,0.0,0.0,0.0,True
1776076425.790861,170.94239020347595,8.069943758911759,0.9999999873313518,0.07330880833276995,0.0,0.0,0.0,True
1776076425.866906,171.01843523979187,8.070151256884323,0.9999999873310176,0.07330880833277034,0.0,0.0,0.0,True
1776076425.944929,171.09645819664001,8.070358684480833,0.9999999873306836,0.07330880833277072,0.0,0.0,0.0,True
1776076426.022101,171.17363023757935,8.071021980418163,0.999999987329616,0.07330880833277194,0.0,0.0,0.0,True
1776076426.132862,171.28439140319824,8.07131194633227,0.9999999873291491,0.07330880833277247,0.0,0.0,0.0,True
1776076426.206051,171.3575804233551,8.071518980703432,0.999999987328816,0.07330880833277284,0.0,0.0,0.0,True
1776076426.267487,171.41901636123657,8.072139663634655,0.9999999873278168,0.07330880833277398,0.0,0.0,0.0,True
1776076426.346213,171.4977424144745,8.072346418042159,0.9999999873274839,0.07330880833277437,0.0,0.0,0.0,True
1776076426.422234,171.57376337051392,8.072553102577022,0.9999999873271513,0.07330880833277474,0.0,0.0,0.0,True
1776076426.493149,171.6446783542633,8.07275971728645,0.9999999873268188,0.07330880833277512,0.0,0.0,0.0,True
1776076426.575393,171.72692227363586,8.0734204156788,0.999999987325755,0.07330880833277632,0.0,0.0,0.0,True
1776076426.652091,171.80362033843994,8.073626737635903,0.9999999873254231,0.0733088083327767,0.0,0.0,0.0,True
1776076426.732594,171.8841233253479,8.073832990012308,0.9999999873250911,0.07330880833277707,0.0,0.0,0.0,True
1776076426.80793,171.95945930480957,8.074533728259794,0.9999999873239629,0.07330880833277835,0.0,0.0,0.0,True
1776076426.900074,172.05160331726074,8.074780856072648,0.9999999873235652,0.0733088083327788,0.0,0.0,0.0,True
1776076426.99075,172.14227938652039,8.075027884066756,0.9999999873231675,0.07330880833277924,0.0,0.0,0.0,True
1776076427.05521,172.20673942565918,8.075645017873775,0.9999999873221741,0.07330880833278036,0.0,0.0,0.0,True
1776076427.136209,172.28773832321167,8.07585059083487,0.9999999873218433,0.07330880833278072,0.0,0.0,0.0,True
1776076427.22799,172.37951922416687,8.076097187211296,0.9999999873214462,0.07330880833278117,0.0,0.0,0.0,True
1776076427.300413,172.45194220542908,8.076343684197758,0.9999999873210492,0.07330880833278162,0.0,0.0,0.0,True
1776076427.382622,172.5341513156891,8.076959492358142,0.9999999873200582,0.07330880833278274,0.0,0.0,0.0,True
1776076427.460557,172.61208629608154,8.077164624030432,0.999999987319728,0.0733088083327831,0.0,0.0,0.0,True
1776076427.539036,172.6905653476715,8.077369686922433,0.9999999873193977,0.07330880833278347,0.0,0.0,0.0,True
1776076427.630609,172.78213834762573,8.078066386899138,0.9999999873182764,0.07330880833278472,0.0,0.0,0.0,True
1776076427.722996,172.874525308609,8.078312091640925,0.9999999873178808,0.07330880833278516,0.0,0.0,0.0,True
1776076427.799841,172.9513702392578,8.078516770214117,0.9999999873175511,0.07330880833278552,0.0,0.0,0.0,True
1776076427.877693,173.02922224998474,8.079171281709778,0.9999999873164978,0.07330880833278669,0.0,0.0,0.0,True
1776076427.956407,173.1079363822937,8.07937567298792,0.9999999873161686,0.07330880833278706,0.0,0.0,0.0,True
1776076428.019816,173.17134523391724,8.079539136843229,0.9999999873159053,0.07330880833278736,0.0,0.0,0.0,True
1776076428.094415,173.2459442615509,8.079784250735592,0.999999987315511,0.0733088083327878,0.0,0.0,0.0,True
1776076428.174213,173.32574224472046,8.080396606019056,0.9999999873145251,0.07330880833278888,0.0,0.0,0.0,True
1776076428.266032,173.41756129264832,8.080641376559745,0.9999999873141311,0.07330880833278933,0.0,0.0,0.0,True
1776076428.331934,173.48346328735352,8.080804502513223,0.9999999873138686,0.0733088083327896,0.0,0.0,0.0,True
1776076428.404693,173.55622220039368,8.081456571573927,0.9999999873128188,0.07330880833279077,0.0,0.0,0.0,True
1776076428.497338,173.64886736869812,8.081700918343012,0.9999999873124255,0.0733088083327912,0.0,0.0,0.0,True
1776076428.574585,173.7261142730713,8.081904466103072,0.9999999873120979,0.07330880833279156,0.0,0.0,0.0,True
1776076428.65212,173.8036494255066,8.08259602219349,0.9999999873109844,0.07330880833279278,0.0,0.0,0.0,True
1776076428.729463,173.88099241256714,8.082799272311863,0.9999999873106574,0.07330880833279314,0.0,0.0,0.0,True
1776076428.808117,173.9596462249756,8.083002454905758,0.9999999873103305,0.0733088083327935,0.0,0.0,0.0,True
1776076428.915081,174.0666103363037,8.083733353833908,0.9999999873091536,0.0733088083327948,0.0,0.0,0.0,True
1776076429.008956,174.16048526763916,8.083976792829601,0.9999999873087619,0.07330880833279523,0.0,0.0,0.0,True
1776076429.084447,174.23597621917725,8.084179584664625,0.9999999873084355,0.07330880833279557,0.0,0.0,0.0,True
1776076429.174878,174.32640719413757,8.084909079005731,0.9999999873072611,0.07330880833279686,0.0,0.0,0.0,True
1776076429.26887,174.42039942741394,8.085152050550356,0.9999999873068701,0.07330880833279729,0.0,0.0,0.0,True
1776076429.345997,174.49752640724182,8.085354453126678,0.9999999873065443,0.07330880833279764,0.0,0.0,0.0,True
1776076429.409018,174.56054735183716,8.085678157985065,0.9999999873060229,0.07330880833279821,0.0,0.0,0.0,True
1776076429.482291,174.63382029533386,8.08620381323155,0.999999987305177,0.07330880833279912,0.0,0.0,0.0,True
1776076429.560365,174.71189427375793,8.08640586808565,0.9999999873048517,0.07330880833279949,0.0,0.0,0.0,True
1776076429.65057,174.80209922790527,8.086648245827256,0.9999999873044614,0.0733088083327999,0.0,0.0,0.0,True
1776076429.729101,174.88063025474548,8.087294117251869,0.9999999873034219,0.07330880833280103,0.0,0.0,0.0,True
1776076429.820391,174.9719202518463,8.087536143295395,0.9999999873030322,0.07330880833280146,0.0,0.0,0.0,True
1776076429.896966,175.04849529266357,8.08773775852662,0.9999999873027074,0.0733088083328018,0.0,0.0,0.0,True
1776076429.973071,175.12460041046143,8.08797960910359,0.9999999873023182,0.07330880833280222,0.0,0.0,0.0,True
1776076430.055927,175.20745635032654,8.088624076793925,0.9999999873012808,0.07330880833280334,0.0,0.0,0.0,True
1776076430.149487,175.301016330719,8.08882533375413,0.9999999873009566,0.07330880833280369,0.0,0.0,0.0,True
1776076430.240261,175.39179039001465,8.089066754717244,0.9999999873005682,0.0733088083328041,0.0,0.0,0.0,True
1776076430.331812,175.48334121704102,8.089790446331834,0.9999999872994031,0.07330880833280536,0.0,0.0,0.0,True
1776076430.395245,175.54677438735962,8.089951150462579,0.9999999872991443,0.07330880833280563,0.0,0.0,0.0,True
1776076430.487874,175.63940334320068,8.09019212750944,0.9999999872987566,0.07330880833280605,0.0,0.0,0.0,True
1776076430.569907,175.72143626213074,8.090593545040914,0.9999999872981105,0.07330880833280674,0.0,0.0,0.0,True
1776076430.644541,175.79607033729553,8.091034800227037,0.9999999872973999,0.0733088083328075,0.0,0.0,0.0,True
1776076430.720384,175.87191319465637,8.091235265570374,0.9999999872970774,0.07330880833280784,0.0,0.0,0.0,True
1776076430.795944,175.9474732875824,8.091515806706429,0.9999999872966259,0.07330880833280833,0.0,0.0,0.0,True
1776076430.859807,176.01133632659912,8.09207650321073,0.999999987295723,0.07330880833280928,0.0,0.0,0.0,True
1776076430.938014,176.08954334259033,8.092276627450824,0.9999999872954011,0.07330880833280963,0.0,0.0,0.0,True
1776076431.015263,176.1667923927307,8.092476686227181,0.9999999872950791,0.07330880833280998,0.0,0.0,0.0,True
1776076431.107823,176.25935220718384,8.092956560454525,0.9999999872943064,0.0733088083328108,0.0,0.0,0.0,True
1776076431.170473,176.32200241088867,8.093356168218204,0.9999999872936632,0.07330880833281148,0.0,0.0,0.0,True
1776076431.263254,176.41478323936462,8.09359580760717,0.9999999872932775,0.07330880833281189,0.0,0.0,0.0,True
1776076431.370575,176.52210426330566,8.093875268268354,0.9999999872928276,0.07330880833281236,0.0,0.0,0.0,True
1776076431.447549,176.59907841682434,8.09455342727787,0.999999987291736,0.07330880833281352,0.0,0.0,0.0,True
1776076431.524172,176.675701379776,8.094752742783614,0.9999999872914151,0.07330880833281386,0.0,0.0,0.0,True
1776076431.585906,176.73743534088135,8.09491214843242,0.9999999872911585,0.07330880833281413,0.0,0.0,0.0,True
1776076431.66494,176.81646943092346,8.095111347084226,0.9999999872908376,0.07330880833281446,0.0,0.0,0.0,True
1776076431.728762,176.880291223526,8.095748347121086,0.9999999872898124,0.07330880833281554,0.0,0.0,0.0,True
1776076431.802986,176.95451521873474,8.095947273645846,0.9999999872894921,0.07330880833281588,0.0,0.0,0.0,True
1776076431.880313,177.0318422317505,8.096146135488004,0.9999999872891718,0.07330880833281622,0.0,0.0,0.0,True
1776076431.949112,177.10064125061035,8.096464180000602,0.99999998728866,0.07330880833281675,0.0,0.0,0.0,True
1776076432.021101,177.1726303100586,8.096980649839386,0.9999999872878287,0.07330880833281762,0.0,0.0,0.0,True
1776076432.09831,177.24983930587769,8.097179176008988,0.9999999872875089,0.07330880833281796,0.0,0.0,0.0,True
1776076432.174962,177.326491355896,8.097377637756049,0.9999999872871894,0.0733088083328183,0.0,0.0,0.0,True
1776076432.249941,177.40147042274475,8.097853683355085,0.9999999872864234,0.0733088083328191,0.0,0.0,0.0,True
1776076432.329141,177.48067021369934,8.098210474542187,0.9999999872858488,0.07330880833281969,0.0,0.0,0.0,True
1776076432.409807,177.5613362789154,8.098408601964932,0.9999999872855297,0.07330880833282002,0.0,0.0,0.0,True
1776076432.486182,177.6377112865448,8.098606665223636,0.9999999872852111,0.07330880833282036,0.0,0.0,0.0,True
1776076432.580191,177.7317202091217,8.099279600915281,0.9999999872841278,0.0733088083328215,0.0,0.0,0.0,True
1776076432.641773,177.79330229759216,8.099437831175791,0.9999999872838728,0.07330880833282175,0.0,0.0,0.0,True
1776076432.719691,177.8712203502655,8.09963556145032,0.9999999872835548,0.07330880833282208,0.0,0.0,0.0,True
1776076432.828439,177.97996830940247,8.1003468615841,0.9999999872824097,0.07330880833282327,0.0,0.0,0.0,True
1776076432.907296,178.0588252544403,8.100544298227645,0.9999999872820917,0.0733088083328236,0.0,0.0,0.0,True
1776076432.982187,178.13371634483337,8.100741671153733,0.9999999872817742,0.07330880833282394,0.0,0.0,0.0,True
1776076433.05926,178.2107892036438,8.1014122630491,0.9999999872806946,0.07330880833282505,0.0,0.0,0.0,True
1776076433.138952,178.29048132896423,8.101609356106284,0.9999999872803772,0.07330880833282538,0.0,0.0,0.0,True
1776076433.217508,178.36903738975525,8.101806385667553,0.9999999872800602,0.0733088083328257,0.0,0.0,0.0,True
1776076433.305273,178.45680236816406,8.102318365659372,0.9999999872792361,0.07330880833282655,0.0,0.0,0.0,True
1776076433.369918,178.52144742012024,8.102633217371853,0.999999987278729,0.07330880833282707,0.0,0.0,0.0,True
1776076433.448826,178.600355386734,8.102829917412803,0.9999999872784125,0.0733088083328274,0.0,0.0,0.0,True
1776076433.529729,178.68125820159912,8.103026554210784,0.9999999872780961,0.07330880833282771,0.0,0.0,0.0,True
1776076433.607819,178.75934839248657,8.103694646813612,0.9999999872770203,0.07330880833282882,0.0,0.0,0.0,True
1776076433.682487,178.8340163230896,8.103891005825005,0.9999999872767045,0.07330880833282916,0.0,0.0,0.0,True
1776076433.790491,178.94202041625977,8.104165802569884,0.9999999872762623,0.0733088083328296,0.0,0.0,0.0,True
1776076433.884025,179.0355544090271,8.104871856331954,0.9999999872751254,0.07330880833283077,0.0,0.0,0.0,True
1776076433.960315,179.11184430122375,8.105067837805908,0.9999999872748101,0.07330880833283109,0.0,0.0,0.0,True
1776076434.023568,179.17509722709656,8.105224577780245,0.9999999872745579,0.07330880833283135,0.0,0.0,0.0,True
1776076434.08604,179.2375693321228,8.105381277594814,0.9999999872743056,0.0733088083328316,0.0,0.0,0.0,True
1776076434.164784,179.31631326675415,8.106007675666746,0.9999999872732971,0.07330880833283263,0.0,0.0,0.0,True
1776076434.245312,179.39684128761292,8.106203293565322,0.9999999872729823,0.07330880833283294,0.0,0.0,0.0,True
1776076434.320888,179.47241735458374,8.106398848914788,0.9999999872726676,0.07330880833283326,0.0,0.0,0.0,True
1776076434.40413,179.55565929412842,8.107063269773734,0.9999999872715978,0.07330880833283435,0.0,0.0,0.0,True
1776076434.473727,179.62525629997253,8.10725855038167,0.9999999872712836,0.07330880833283468,0.0,0.0,0.0,True
1776076434.56504,179.71656942367554,8.107492804834315,0.9999999872709066,0.07330880833283505,0.0,0.0,0.0,True
1776076434.626044,179.77757334709167,8.10764892463646,0.9999999872706552,0.0733088083328353,0.0,0.0,0.0,True
1776076434.721239,179.8727684020996,8.108350970987061,0.9999999872695251,0.07330880833283646,0.0,0.0,0.0,True
1776076434.794931,179.9464602470398,8.108545840927183,0.9999999872692115,0.07330880833283676,0.0,0.0,0.0,True
1776076434.857938,180.00946736335754,8.108701692185715,0.9999999872689606,0.07330880833283701,0.0,0.0,0.0,True
1776076434.934995,180.08652424812317,8.10889645042513,0.9999999872686469,0.07330880833283733,0.0,0.0,0.0,True
1776076435.010492,180.1620213985443,8.109519260341433,0.9999999872676445,0.07330880833283834,0.0,0.0,0.0,True
1776076435.106208,180.25773739814758,8.109752650642086,0.9999999872672688,0.07330880833283872,0.0,0.0,0.0,True
1776076435.181026,180.33255529403687,8.109947074546415,0.9999999872669557,0.07330880833283904,0.0,0.0,0.0,True
1776076435.254943,180.40647220611572,8.110413439896625,0.999999987266205,0.07330880833283979,0.0,0.0,0.0,True
1776076435.322359,180.4738883972168,8.110724152676434,0.9999999872657049,0.07330880833284029,0.0,0.0,0.0,True
1776076435.400258,180.5517873764038,8.110918268033139,0.9999999872653924,0.0733088083328406,0.0,0.0,0.0,True
1776076435.476419,180.62794828414917,8.111228724508678,0.9999999872648924,0.0733088083328411,0.0,0.0,0.0,True
1776076435.539868,180.69139742851257,8.111694113930113,0.9999999872641435,0.07330880833284185,0.0,0.0,0.0,True
1776076435.620089,180.77161836624146,8.111887921716994,0.9999999872638315,0.07330880833284216,0.0,0.0,0.0,True
1776076435.694251,180.84578037261963,8.112081668106834,0.9999999872635196,0.07330880833284248,0.0,0.0,0.0,True
1776076435.771853,180.92338228225708,8.112701244418975,0.9999999872625223,0.07330880833284346,0.0,0.0,0.0,True
1776076435.881423,181.03295230865479,8.112972111807276,0.9999999872620863,0.0733088083328439,0.0,0.0,0.0,True
1776076435.958304,181.10983324050903,8.11316551509133,0.9999999872617749,0.07330880833284421,0.0,0.0,0.0,True
1776076436.035059,181.18658828735352,8.113783994922848,0.9999999872607793,0.0733088083328452,0.0,0.0,0.0,True
1776076436.113127,181.2646563053131,8.113977141674019,0.9999999872604685,0.0733088083328455,0.0,0.0,0.0,True
1776076436.175713,181.32724237442017,8.114093000452344,0.9999999872602819,0.0733088083328457,0.0,0.0,0.0,True
1776076436.241826,181.39335536956787,8.114247444689589,0.9999999872600333,0.07330880833284595,0.0,0.0,0.0,True
1776076436.307167,181.45869636535645,8.114749119273625,0.9999999872592256,0.07330880833284674,0.0,0.0,0.0,True
1776076436.381856,181.53338527679443,8.115057637678792,0.9999999872587291,0.07330880833284723,0.0,0.0,0.0,True
1776076436.45594,181.60746932029724,8.115250382679,0.9999999872584188,0.07330880833284753,0.0,0.0,0.0,True
1776076436.533784,181.68531322479248,8.115443066953603,0.9999999872581085,0.07330880833284784,0.0,0.0,0.0,True
1776076436.59578,181.74730920791626,8.116020755806161,0.9999999872571786,0.07330880833284875,0.0,0.0,0.0,True
1776076436.658291,181.80982041358948,8.116174714053654,0.9999999872569308,0.073308808332849,0.0,0.0,0.0,True
1776076436.749377,181.9009063243866,8.11640557878021,0.9999999872565591,0.07330880833284936,0.0,0.0,0.0,True
1776076436.815325,181.96685433387756,8.116828604568935,0.999999987255878,0.07330880833285003,0.0,0.0,0.0,True
1776076436.890616,182.04214525222778,8.117174499072874,0.9999999872553215,0.07330880833285058,0.0,0.0,0.0,True
1776076437.003119,182.1546483039856,8.117443392948054,0.9999999872548886,0.073308808332851,0.0,0.0,0.0,True
1776076437.074546,182.2260754108429,8.117635387645716,0.9999999872545794,0.0733088083328513,0.0,0.0,0.0,True
1776076437.141767,182.29329633712769,8.11821101036707,0.9999999872536529,0.07330880833285222,0.0,0.0,0.0,True
1776076437.219098,182.37062740325928,8.118402764276219,0.9999999872533443,0.07330880833285251,0.0,0.0,0.0,True
1776076437.298009,182.449538230896,8.118594458082583,0.9999999872530356,0.07330880833285282,0.0,0.0,0.0,True
1776076437.359855,182.51138424873352,8.119169179261455,0.9999999872521104,0.07330880833285372,0.0,0.0,0.0,True
1776076437.420269,182.57179832458496,8.119322347073066,0.9999999872518639,0.07330880833285397,0.0,0.0,0.0,True
1776076437.498749,182.65027832984924,8.119513752909755,0.9999999872515558,0.07330880833285426,0.0,0.0,0.0,True
1776076437.575022,182.72655129432678,8.119705098861631,0.9999999872512477,0.07330880833285455,0.0,0.0,0.0,True
1776076437.637336,182.78886532783508,8.120278777782826,0.9999999872503241,0.07330880833285545,0.0,0.0,0.0,True
1776076437.698336,182.84986519813538,8.12043166798936,0.9999999872500781,0.07330880833285569,0.0,0.0,0.0,True
1776076437.760796,182.91232538223267,8.120584519984494,0.9999999872498321,0.07330880833285594,0.0,0.0,0.0,True
1776076437.822346,182.97387528419495,8.12073733378732,0.999999987249586,0.07330880833285618,0.0,0.0,0.0,True
1776076437.90024,183.0517692565918,8.121233715111414,0.9999999872487868,0.07330880833285695,0.0,0.0,0.0,True
1776076437.961978,183.113507270813,8.121500830584216,0.999999987248357,0.07330880833285737,0.0,0.0,0.0,True
1776076438.041795,183.19332432746887,8.121691555948253,0.9999999872480501,0.07330880833285766,0.0,0.0,0.0,True
1776076438.125217,183.27674627304077,8.121882221852466,0.9999999872477431,0.07330880833285795,0.0,0.0,0.0,True
1776076438.196477,183.34800624847412,8.122530041666042,0.9999999872467003,0.07330880833285897,0.0,0.0,0.0,True
1776076438.273928,183.425457239151,8.122720446386872,0.9999999872463938,0.07330880833285926,0.0,0.0,0.0,True
1776076438.350513,183.50204229354858,8.122910791847607,0.9999999872460874,0.07330880833285955,0.0,0.0,0.0,True
1776076438.428295,183.57982420921326,8.123101078085128,0.999999987245781,0.07330880833285985,0.0,0.0,0.0,True
1776076438.506671,183.65820026397705,8.123747608798803,0.9999999872447404,0.07330880833286085,0.0,0.0,0.0,True
1776076438.583316,183.73484539985657,8.123937634891396,0.9999999872444345,0.07330880833286114,0.0,0.0,0.0,True
1776076438.644831,183.79636025428772,8.124089613265946,0.9999999872441898,0.07330880833286138,0.0,0.0,0.0,True
1776076438.721815,183.87334442138672,8.124317510039216,0.9999999872438228,0.07330880833286173,0.0,0.0,0.0,True
1776076438.804828,183.95635724067688,8.124886880716886,0.9999999872429064,0.0733088083328626,0.0,0.0,0.0,True
1776076438.866552,184.01808142662048,8.125038623417456,0.9999999872426621,0.07330880833286284,0.0,0.0,0.0,True
1776076438.943708,184.09523725509644,8.125228248864074,0.9999999872423568,0.07330880833286313,0.0,0.0,0.0,True
1776076439.022088,184.17361736297607,8.125569426576757,0.9999999872418073,0.07330880833286366,0.0,0.0,0.0,True
1776076439.100005,184.25153422355652,8.126024034329204,0.9999999872410759,0.07330880833286435,0.0,0.0,0.0,True
1776076439.176932,184.3284614086151,8.126213354537608,0.9999999872407711,0.07330880833286464,0.0,0.0,0.0,True
1776076439.253886,184.40541529655457,8.126402616158986,0.9999999872404663,0.07330880833286493,0.0,0.0,0.0,True
1776076439.360747,184.51227641105652,8.1270834734553,0.9999999872393704,0.07330880833286597,0.0,0.0,0.0,True
1776076439.439342,184.59087133407593,8.127272466042735,0.9999999872390662,0.07330880833286627,0.0,0.0,0.0,True
1776076439.501803,184.65333223342896,8.127423618074138,0.9999999872388229,0.07330880833286649,0.0,0.0,0.0,True
1776076439.58031,184.73183941841125,8.127990105715565,0.9999999872379108,0.07330880833286736,0.0,0.0,0.0,True
1776076439.655908,184.80743741989136,8.128216553933788,0.9999999872375465,0.07330880833286771,0.0,0.0,0.0,True
1776076439.749443,184.900972366333,8.128442918337562,0.9999999872371821,0.07330880833286804,0.0,0.0,0.0,True
1776076439.821185,184.9727144241333,8.12863149136053,0.9999999872368784,0.07330880833286833,0.0,0.0,0.0,True
1776076439.903519,185.05504822731018,8.129234534606818,0.9999999872359077,0.07330880833286925,0.0,0.0,0.0,True
1776076439.982036,185.1335654258728,8.129422863743043,0.9999999872356046,0.07330880833286954,0.0,0.0,0.0,True
1776076440.045231,185.19676041603088,8.129573485308086,0.9999999872353621,0.07330880833286976,0.0,0.0,0.0,True
1776076440.107229,185.2587583065033,8.129987503442543,0.9999999872346953,0.0733088083328704,0.0,0.0,0.0,True
1776076440.170283,185.32181239128113,8.130326037209333,0.9999999872341506,0.0733088083328709,0.0,0.0,0.0,True
1776076440.248913,185.40044236183167,8.130514030584878,0.9999999872338481,0.07330880833287119,0.0,0.0,0.0,True
1776076440.310128,185.4616572856903,8.130664383690075,0.9999999872336061,0.07330880833287141,0.0,0.0,0.0,True
1776076440.404826,185.55635523796082,8.131340515621527,0.9999999872325175,0.07330880833287243,0.0,0.0,0.0,True
1776076440.480304,185.63183331489563,8.131528197466766,0.9999999872322155,0.07330880833287272,0.0,0.0,0.0,True
1776076440.542082,185.6936113834381,8.131678301485442,0.9999999872319739,0.07330880833287294,0.0,0.0,0.0,True
1776076440.606545,185.75807428359985,8.13182836867259,0.9999999872317323,0.07330880833287318,0.0,0.0,0.0,True
1776076440.683394,185.8349232673645,8.132428269467098,0.9999999872307664,0.07330880833287406,0.0,0.0,0.0,True
1776076440.759622,185.91115140914917,8.132615617853748,0.999999987230465,0.07330880833287436,0.0,0.0,0.0,True
1776076440.823341,185.97487020492554,8.132765455252729,0.9999999872302239,0.07330880833287458,0.0,0.0,0.0,True
1776076440.914664,186.06619334220886,8.13321474731666,0.9999999872295005,0.07330880833287526,0.0,0.0,0.0,True
1776076440.991931,186.14346027374268,8.133588905401682,0.9999999872288982,0.07330880833287581,0.0,0.0,0.0,True
1776076441.053895,186.20542430877686,8.133738504566306,0.9999999872286575,0.07330880833287604,0.0,0.0,0.0,True
1776076441.117097,186.26862621307373,8.133888067146717,0.9999999872284168,0.07330880833287626,0.0,0.0,0.0,True
1776076441.182997,186.3345263004303,8.134373893089453,0.9999999872276345,0.07330880833287698,0.0,0.0,0.0,True
1776076441.256311,186.4078402519226,8.13463533191124,0.9999999872272136,0.07330880833287737,0.0,0.0,0.0,True
1776076441.334649,186.48617839813232,8.134822005526717,0.9999999872269133,0.07330880833287765,0.0,0.0,0.0,True
1776076441.399545,186.55107426643372,8.134971303405766,0.999999987226673,0.07330880833287788,0.0,0.0,0.0,True
1776076441.462968,186.614497423172,8.135530846080131,0.9999999872257721,0.07330880833287871,0.0,0.0,0.0,True
1776076441.536227,186.68775629997253,8.135754519888982,0.999999987225412,0.07330880833287903,0.0,0.0,0.0,True
1776076441.59787,186.74939942359924,8.135903590328093,0.9999999872251721,0.07330880833287926,0.0,0.0,0.0,True
1776076441.675649,186.8271782398224,8.13608987729548,0.9999999872248724,0.07330880833287953,0.0,0.0,0.0,True
1776076441.74886,186.90038919448853,8.136499509000508,0.9999999872242129,0.07330880833288014,0.0,0.0,0.0,True
1776076441.816379,186.96790838241577,8.136871663524042,0.9999999872236136,0.0733088083328807,0.0,0.0,0.0,True
1776076441.893415,187.04494428634644,8.137057655898412,0.9999999872233144,0.07330880833288098,0.0,0.0,0.0,True
1776076441.956651,187.10818028450012,8.137206409083346,0.999999987223075,0.0733088083328812,0.0,0.0,0.0,True
1776076442.022071,187.17360019683838,8.137355126096622,0.9999999872228357,0.07330880833288142,0.0,0.0,0.0,True
1776076442.099415,187.25094437599182,8.137949632784736,0.9999999872218782,0.0733088083328823,0.0,0.0,0.0,True
1776076442.160284,187.3118133544922,8.138098169203294,0.9999999872216393,0.0733088083328825,0.0,0.0,0.0,True
1776076442.254846,187.4063754081726,8.138320906212252,0.9999999872212809,0.07330880833288284,0.0,0.0,0.0,True
1776076442.31764,187.46916937828064,8.138803224959503,0.9999999872205044,0.07330880833288356,0.0,0.0,0.0,True
1776076442.378467,187.52999639511108,8.13902570538542,0.999999987220146,0.07330880833288388,0.0,0.0,0.0,True
1776076442.458437,187.60996627807617,8.139211043936605,0.9999999872198478,0.07330880833288414,0.0,0.0,0.0,True
1776076442.535341,187.6868703365326,8.139396326338883,0.9999999872195497,0.07330880833288442,0.0,0.0,0.0,True
1776076442.614219,187.7657482624054,8.139803750147303,0.9999999872188939,0.07330880833288501,0.0,0.0,0.0,True
1776076442.689058,187.84058737754822,8.140210902721211,0.9999999872182381,0.07330880833288561,0.0,0.0,0.0,True
1776076442.751971,187.90350031852722,8.140358891024926,0.9999999872180001,0.07330880833288583,0.0,0.0,0.0,True
1776076442.828396,187.97992539405823,8.140543826061924,0.9999999872177026,0.0733088083328861,0.0,0.0,0.0,True
1776076442.891022,188.042551279068,8.140950486406306,0.999999987217048,0.0733088083328867,0.0,0.0,0.0,True
1776076442.957987,188.1095163822174,8.141283007500544,0.9999999872165124,0.07330880833288718,0.0,0.0,0.0,True
1776076443.032419,188.18394827842712,8.141467663351579,0.9999999872162152,0.07330880833288744,0.0,0.0,0.0,True
1776076443.110158,188.26168727874756,8.141652263466547,0.9999999872159182,0.07330880833288772,0.0,0.0,0.0,True
1776076443.174578,188.32610726356506,8.141984403325951,0.9999999872153836,0.0733088083328882,0.0,0.0,0.0,True
1776076443.249399,188.40092825889587,8.142390107238036,0.9999999872147303,0.07330880833288879,0.0,0.0,0.0,True
1776076443.312677,188.46420621871948,8.14253756923275,0.9999999872144928,0.07330880833288901,0.0,0.0,0.0,True
1776076443.390896,188.54242539405823,8.1427218467409,0.9999999872141964,0.07330880833288927,0.0,0.0,0.0,True
1776076443.46702,188.61854934692383,8.14331116191837,0.9999999872132478,0.07330880833289014,0.0,0.0,0.0,True
1776076443.543977,188.6955063343048,8.143495206517708,0.9999999872129514,0.0733088083328904,0.0,0.0,0.0,True
1776076443.605706,188.75723528862,8.143642402330817,0.9999999872127142,0.07330880833289061,0.0,0.0,0.0,True
1776076443.681873,188.8334023952484,8.143826347292235,0.9999999872124183,0.07330880833289088,0.0,0.0,0.0,True
1776076443.776908,188.9284372329712,8.144451346657627,0.9999999872114124,0.07330880833289177,0.0,0.0,0.0,True
1776076443.838867,188.9903962612152,8.144598312556138,0.9999999872111757,0.073308808332892,0.0,0.0,0.0,True
1776076443.919162,189.0706913471222,8.144781970279748,0.9999999872108798,0.07330880833289226,0.0,0.0,0.0,True
1776076443.993304,189.14483332633972,8.14540599432654,0.9999999872098757,0.07330880833289316,0.0,0.0,0.0,True
1776076444.057502,189.20903134346008,8.145552731027584,0.9999999872096395,0.07330880833289337,0.0,0.0,0.0,True
1776076444.135754,189.28728342056274,8.145736102409087,0.9999999872093441,0.07330880833289363,0.0,0.0,0.0,True
1776076444.198932,189.35046124458313,8.14588275993902,0.9999999872091079,0.07330880833289384,0.0,0.0,0.0,True
1776076444.263586,189.4151153564453,8.146432412672377,0.9999999872082234,0.07330880833289463,0.0,0.0,0.0,True
1776076444.338041,189.4895703792572,8.146615520529465,0.9999999872079286,0.0733088083328949,0.0,0.0,0.0,True
1776076444.415972,189.5675013065338,8.146798573580943,0.9999999872076338,0.07330880833289516,0.0,0.0,0.0,True
1776076444.479323,189.63085222244263,8.146944976584132,0.999999987207398,0.07330880833289537,0.0,0.0,0.0,True
1776076444.572178,189.72370719909668,8.147603356747428,0.9999999872063384,0.07330880833289631,0.0,0.0,0.0,True
1776076444.634325,189.7858543395996,8.147749567249932,0.9999999872061031,0.07330880833289652,0.0,0.0,0.0,True
1776076444.728217,189.87974619865417,8.14796881748563,0.99999998720575,0.07330880833289682,0.0,0.0,0.0,True
1776076444.807891,189.9594202041626,8.14829754553506,0.9999999872052205,0.0733088083328973,0.0,0.0,0.0,True
1776076444.898703,190.0502324104309,8.148772063220953,0.999999987204457,0.07330880833289798,0.0,0.0,0.0,True
1776076444.976404,190.1279332637787,8.148954472035216,0.9999999872041634,0.07330880833289824,0.0,0.0,0.0,True
1776076445.053713,190.205242395401,8.149282670864919,0.9999999872036348,0.0733088083328987,0.0,0.0,0.0,True
1776076445.133444,190.28497338294983,8.149719995515651,0.999999987202931,0.07330880833289932,0.0,0.0,0.0,True
1776076445.210506,190.36203527450562,8.149902121866054,0.9999999872026379,0.07330880833289957,0.0,0.0,0.0,True
1776076445.274738,190.4262673854828,8.150047783906633,0.9999999872024035,0.0733088083328998,0.0,0.0,0.0,True
1776076445.352024,190.50355339050293,8.150630085393166,0.9999999872014658,0.07330880833290061,0.0,0.0,0.0,True
1776076445.444052,190.59558129310608,8.150848305594279,0.9999999872011147,0.07330880833290092,0.0,0.0,0.0,True
1776076445.506427,190.65795636177063,8.150993742483166,0.9999999872008807,0.07330880833290113,0.0,0.0,0.0,True
1776076445.569708,190.72123742103577,8.151139144795097,0.9999999872006466,0.07330880833290133,0.0,0.0,0.0,True
1776076445.647805,190.79933428764343,8.151720408601832,0.9999999871997105,0.07330880833290215,0.0,0.0,0.0,True
1776076445.740049,190.89157819747925,8.151938240181586,0.9999999871993601,0.07330880833290246,0.0,0.0,0.0,True
1776076445.800707,190.9522364139557,8.152083418143448,0.9999999871991265,0.07330880833290267,0.0,0.0,0.0,True
1776076445.865438,191.01696729660034,8.15240994261025,0.999999987198601,0.07330880833290312,0.0,0.0,0.0,True
1776076445.937995,191.089524269104,8.152772543229357,0.999999987198017,0.07330880833290362,0.0,0.0,0.0,True
1776076446.000262,191.15179133415222,8.152917523304032,0.9999999871977835,0.07330880833290383,0.0,0.0,0.0,True
1776076446.077817,191.2293462753296,8.153098700080387,0.9999999871974921,0.0733088083329041,0.0,0.0,0.0,True
1776076446.158464,191.30999326705933,8.153714299964172,0.9999999871965012,0.07330880833290496,0.0,0.0,0.0,True
1776076446.235851,191.387380361557,8.153895240892203,0.9999999871962097,0.0733088083329052,0.0,0.0,0.0,True
1776076446.310644,191.46217322349548,8.154076128303956,0.9999999871959184,0.07330880833290546,0.0,0.0,0.0,True
1776076446.392058,191.5435872077942,8.154510039935065,0.9999999871952203,0.07330880833290607,0.0,0.0,0.0,True
1776076446.466068,191.61759734153748,8.154835271749278,0.9999999871946967,0.07330880833290652,0.0,0.0,0.0,True
1776076446.54397,191.69549942016602,8.155015881385916,0.9999999871944059,0.07330880833290677,0.0,0.0,0.0,True
1776076446.620864,191.77239322662354,8.155196437702042,0.999999987194115,0.07330880833290702,0.0,0.0,0.0,True
1776076446.697325,191.84885430335999,8.155773859966239,0.9999999871931858,0.07330880833290783,0.0,0.0,0.0,True
1776076446.775789,191.92731833457947,8.155954192679594,0.9999999871928955,0.07330880833290808,0.0,0.0,0.0,True
1776076446.855841,192.00737023353577,8.156134472235804,0.9999999871926052,0.07330880833290833,0.0,0.0,0.0,True
1776076446.923039,192.07456827163696,8.156494872002076,0.9999999871920249,0.07330880833290883,0.0,0.0,0.0,True
1776076446.994342,192.14587140083313,8.156855059515363,0.9999999871914453,0.07330880833290933,0.0,0.0,0.0,True
1776076447.071813,192.22334241867065,8.157035073755242,0.9999999871911556,0.07330880833290958,0.0,0.0,0.0,True
1776076447.150086,192.3016152381897,8.157215035025535,0.9999999871908658,0.07330880833290983,0.0,0.0,0.0,True
1776076447.227058,192.37858724594116,8.157826507551453,0.9999999871898815,0.07330880833291067,0.0,0.0,0.0,True
1776076447.305974,192.45750331878662,8.158006236125464,0.9999999871895923,0.07330880833291092,0.0,0.0,0.0,True
1776076447.367805,192.51933431625366,8.158149980966012,0.9999999871893609,0.07330880833291112,0.0,0.0,0.0,True
1776076447.445734,192.59726333618164,8.158509195327062,0.9999999871887825,0.07330880833291162,0.0,0.0,0.0,True
1776076447.519841,192.67137026786804,8.158939974247708,0.999999987188089,0.07330880833291221,0.0,0.0,0.0,True
1776076447.598502,192.75003123283386,8.159119375951056,0.9999999871878004,0.07330880833291245,0.0,0.0,0.0,True
1776076447.677269,192.82879829406738,8.159298725044646,0.9999999871875117,0.0733088083329127,0.0,0.0,0.0,True
1776076447.742948,192.89447736740112,8.159693108016182,0.9999999871868767,0.07330880833291326,0.0,0.0,0.0,True
1776076447.833089,192.98461842536926,8.16008723683377,0.9999999871862422,0.07330880833291378,0.0,0.0,0.0,True
1776076447.940156,193.09168529510498,8.16033791390305,0.9999999871858388,0.07330880833291413,0.0,0.0,0.0,True
1776076448.002837,193.15436625480652,8.160624276225867,0.9999999871853779,0.07330880833291453,0.0,0.0,0.0,True
1776076448.108419,193.2599482536316,8.161125087881118,0.9999999871845713,0.07330880833291521,0.0,0.0,0.0,True
1776076448.170703,193.32223224639893,8.161268101633361,0.9999999871843412,0.0733088083329154,0.0,0.0,0.0,True
1776076448.261805,193.41333436965942,8.161482559576969,0.9999999871839962,0.0733088083329157,0.0,0.0,0.0,True
1776076448.337708,193.4892373085022,8.162054080048287,0.999999987183076,0.07330880833291648,0.0,0.0,0.0,True
1776076448.414777,193.56630635261536,8.162232570723447,0.9999999871827885,0.07330880833291673,0.0,0.0,0.0,True
1776076448.507275,193.6588044166565,8.162446690794866,0.999999987182444,0.07330880833291702,0.0,0.0,0.0,True
1776076448.582715,193.73424434661865,8.163017311429947,0.9999999871815256,0.0733088083329178,0.0,0.0,0.0,True
1776076448.659431,193.81096029281616,8.163195521250653,0.9999999871812386,0.07330880833291803,0.0,0.0,0.0,True
1776076448.738118,193.8896472454071,8.163373679158248,0.9999999871809516,0.07330880833291828,0.0,0.0,0.0,True
1776076448.814011,193.96554040908813,8.163551785182957,0.999999987180665,0.07330880833291852,0.0,0.0,0.0,True
1776076448.893387,194.04491639137268,8.164121376160807,0.9999999871797484,0.07330880833291929,0.0,0.0,0.0,True
1776076448.972115,194.12364435195923,8.164299264607019,0.9999999871794619,0.07330880833291953,0.0,0.0,0.0,True
1776076449.048908,194.2004373073578,8.164477101327158,0.9999999871791755,0.07330880833291976,0.0,0.0,0.0,True
1776076449.116552,194.26808142662048,8.164832619709488,0.9999999871786033,0.07330880833292025,0.0,0.0,0.0,True
1776076449.187309,194.33883833885193,8.165152409651848,0.9999999871780887,0.07330880833292068,0.0,0.0,0.0,True
1776076449.264757,194.41628623008728,8.165329998505005,0.9999999871778028,0.07330880833292092,0.0,0.0,0.0,True
1776076449.35646,194.5079894065857,8.165685021585217,0.999999987177231,0.0733088083329214,0.0,0.0,0.0,True
1776076449.419602,194.57113122940063,8.1660753090887,0.9999999871766029,0.07330880833292193,0.0,0.0,0.0,True
1776076449.496856,194.64838528633118,8.16625263019786,0.9999999871763176,0.07330880833292217,0.0,0.0,0.0,True
1776076449.562414,194.71394324302673,8.166500793410906,0.9999999871759181,0.0733088083329225,0.0,0.0,0.0,True
1776076449.634953,194.78648233413696,8.166961400965262,0.9999999871751762,0.07330880833292311,0.0,0.0,0.0,True
1776076449.730243,194.88177227973938,8.167173872122486,0.9999999871748344,0.0733088083329234,0.0,0.0,0.0,True
1776076449.804904,194.9564332962036,8.167350875051703,0.9999999871745496,0.07330880833292364,0.0,0.0,0.0,True
1776076449.896962,195.04849123954773,8.167952302119252,0.9999999871735814,0.07330880833292444,0.0,0.0,0.0,True
1776076449.974157,195.12568640708923,8.168129079935209,0.9999999871732966,0.07330880833292468,0.0,0.0,0.0,True
1776076450.05119,195.20271921157837,8.168305806668897,0.9999999871730122,0.07330880833292491,0.0,0.0,0.0,True
1776076450.116819,195.2683482170105,8.168765057323188,0.9999999871722732,0.07330880833292552,0.0,0.0,0.0,True
1776076450.192031,195.34356021881104,8.169012203370862,0.9999999871718753,0.07330880833292586,0.0,0.0,0.0,True
1776076450.268115,195.41964435577393,8.169188675135409,0.9999999871715911,0.07330880833292609,0.0,0.0,0.0,True
1776076450.331833,195.48336219787598,8.16932981589363,0.9999999871713637,0.07330880833292627,0.0,0.0,0.0,True
1776076450.405733,195.5572624206543,8.16989405343141,0.9999999871704558,0.07330880833292702,0.0,0.0,0.0,True
1776076450.469391,195.620920419693,8.170035031517122,0.9999999871702289,0.07330880833292722,0.0,0.0,0.0,True
1776076450.54496,195.69648933410645,8.17021120843764,0.9999999871699452,0.07330880833292745,0.0,0.0,0.0,True
1776076450.638605,195.79013442993164,8.17059861911451,0.9999999871693211,0.07330880833292797,0.0,0.0,0.0,True
1776076450.734464,195.8859932422638,8.171020969248454,0.9999999871686417,0.07330880833292852,0.0,0.0,0.0,True
1776076450.809845,195.9613742828369,8.17119686242536,0.9999999871683586,0.07330880833292876,0.0,0.0,0.0,True
1776076450.888574,196.04010319709778,8.171372705029917,0.9999999871680755,0.07330880833292899,0.0,0.0,0.0,True
1776076450.952225,196.10375428199768,8.171935061856793,0.99999998716717,0.07330880833292974,0.0,0.0,0.0,True
1776076451.029319,196.18084836006165,8.17211069237467,0.9999999871668874,0.07330880833292996,0.0,0.0,0.0,True
1776076451.108019,196.25954842567444,8.172286272471105,0.9999999871666049,0.0733088083329302,0.0,0.0,0.0,True
1776076451.186294,196.3378233909607,8.17246180217504,0.9999999871663223,0.07330880833293044,0.0,0.0,0.0,True
1776076451.262396,196.41392540931702,8.173023158926723,0.9999999871654183,0.07330880833293117,0.0,0.0,0.0,True
1776076451.335579,196.48710823059082,8.173163417643789,0.9999999871651927,0.07330880833293135,0.0,0.0,0.0,True
1776076451.419931,196.5714602470398,8.173373745426208,0.9999999871648543,0.07330880833293163,0.0,0.0,0.0,True
1776076451.483214,196.63474321365356,8.173759158597615,0.9999999871642339,0.07330880833293213,0.0,0.0,0.0,True
1776076451.560954,196.7124834060669,8.174109323568414,0.9999999871636699,0.0733088083329326,0.0,0.0,0.0,True
1776076451.636675,196.78820419311523,8.174284330900035,0.9999999871633881,0.07330880833293282,0.0,0.0,0.0,True
1776076451.715315,196.86684441566467,8.174459288167355,0.9999999871631067,0.07330880833293305,0.0,0.0,0.0,True
1776076451.791771,196.94330024719238,8.175018815324094,0.9999999871622061,0.07330880833293378,0.0,0.0,0.0,True
1776076451.871217,197.02274632453918,8.175193562633783,0.9999999871619246,0.07330880833293402,0.0,0.0,0.0,True
1776076451.964935,197.11646437644958,8.175403193519248,0.9999999871615869,0.07330880833293428,0.0,0.0,0.0,True
1776076452.029613,197.18114233016968,8.175717505182911,0.9999999871610813,0.0733088083329347,0.0,0.0,0.0,True
1776076452.120494,197.27202320098877,8.17617122593389,0.999999987160351,0.0733088083329353,0.0,0.0,0.0,True
1776076452.200878,197.35240721702576,8.176345644326393,0.9999999871600701,0.07330880833293552,0.0,0.0,0.0,True
1776076452.26198,197.41350936889648,8.17648514323491,0.9999999871598454,0.0733088083329357,0.0,0.0,0.0,True
1776076452.33957,197.49109935760498,8.177077658875751,0.9999999871588918,0.07330880833293646,0.0,0.0,0.0,True
1776076452.417042,197.56857132911682,8.177251818992202,0.9999999871586115,0.07330880833293668,0.0,0.0,0.0,True
1776076452.495322,197.64685130119324,8.177425929527853,0.9999999871583312,0.07330880833293692,0.0,0.0,0.0,True
1776076452.571162,197.72269129753113,8.17763479676371,0.9999999871579948,0.07330880833293718,0.0,0.0,0.0,True
1776076452.646438,197.79796719551086,8.178156652991715,0.9999999871571549,0.07330880833293786,0.0,0.0,0.0,True
1776076452.722787,197.87431621551514,8.178330506161599,0.9999999871568751,0.07330880833293808,0.0,0.0,0.0,True
1776076452.798623,197.95015239715576,8.178504309925273,0.9999999871565953,0.07330880833293832,0.0,0.0,0.0,True
1776076452.8673,198.01882934570312,8.178678064310814,0.9999999871563156,0.07330880833293854,0.0,0.0,0.0,True
1776076452.93496,198.08648920059204,8.179199031478994,0.9999999871554768,0.07330880833293921,0.0,0.0,0.0,True
1776076453.01045,198.1619791984558,8.179372588632248,0.9999999871551976,0.07330880833293943,0.0,0.0,0.0,True
1776076453.104083,198.25561237335205,8.179580792224286,0.9999999871548625,0.0733088083329397,0.0,0.0,0.0,True
1776076453.179996,198.33152532577515,8.180135655533498,0.999999987153969,0.07330880833294041,0.0,0.0,0.0,True
1776076453.257316,198.4088454246521,8.180308947132371,0.99999998715369,0.07330880833294064,0.0,0.0,0.0,True
1776076453.333415,198.4849443435669,8.180482189643657,0.9999999871534113,0.07330880833294086,0.0,0.0,0.0,True
1776076453.395861,198.54739022254944,8.180620748328314,0.9999999871531884,0.07330880833294104,0.0,0.0,0.0,True
1776076453.457147,198.60867619514465,8.181174669368684,0.9999999871522967,0.07330880833294175,0.0,0.0,0.0,True
1776076453.550722,198.7022511959076,8.181382260485199,0.9999999871519623,0.07330880833294201,0.0,0.0,0.0,True
1776076453.614218,198.76574730873108,8.181520615427452,0.9999999871517394,0.07330880833294219,0.0,0.0,0.0,True
1776076453.674425,198.82595419883728,8.181728089173104,0.9999999871514057,0.07330880833294245,0.0,0.0,0.0,True
1776076453.7401,198.89162921905518,8.182177374315788,0.9999999871506826,0.07330880833294302,0.0,0.0,0.0,True
1776076453.815015,198.96654438972473,8.182350088447864,0.9999999871504045,0.07330880833294325,0.0,0.0,0.0,True
1776076453.876017,199.02754640579224,8.182488224644276,0.999999987150182,0.07330880833294343,0.0,0.0,0.0,True
1776076453.942071,199.09360027313232,8.18266085102635,0.9999999871499039,0.07330880833294365,0.0,0.0,0.0,True
1776076454.014961,199.166490316391,8.183212928243227,0.9999999871490156,0.07330880833294434,0.0,0.0,0.0,True
1776076454.092034,199.24356341362,8.183385350221652,0.9999999871487381,0.07330880833294456,0.0,0.0,0.0,True
1776076454.153933,199.30546236038208,8.18352325281381,0.999999987148516,0.07330880833294474,0.0,0.0,0.0,True
1776076454.236465,199.3879942893982,8.183695587338784,0.9999999871482385,0.07330880833294495,0.0,0.0,0.0,True
1776076454.309313,199.46084237098694,8.18424673171806,0.9999999871473514,0.07330880833294566,0.0,0.0,0.0,True
1776076454.369686,199.5212152004242,8.184384440242724,0.9999999871471298,0.07330880833294584,0.0,0.0,0.0,True
1776076454.430154,199.5816833972931,8.18452211776727,0.9999999871469082,0.07330880833294601,0.0,0.0,0.0,True
1776076454.507757,199.65928626060486,8.184694171100292,0.9999999871466312,0.07330880833294623,0.0,0.0,0.0,True
1776076454.583155,199.7346842288971,8.185244416728285,0.9999999871457451,0.07330880833294692,0.0,0.0,0.0,True
1776076454.659179,199.81070828437805,8.185416267011721,0.9999999871454687,0.07330880833294715,0.0,0.0,0.0,True
1776076454.735146,199.8866753578186,8.185588069020636,0.9999999871451922,0.07330880833294735,0.0,0.0,0.0,True
1776076454.818561,199.9700903892517,8.186034528513574,0.9999999871444735,0.07330880833294792,0.0,0.0,0.0,True
1776076454.90275,200.05427932739258,8.186309110911845,0.9999999871440312,0.07330880833294827,0.0,0.0,0.0,True
1776076454.964485,200.11601424217224,8.186446355895644,0.9999999871438102,0.07330880833294844,0.0,0.0,0.0,True
1776076455.060654,200.2121832370758,8.186960750458265,0.9999999871429825,0.07330880833294909,0.0,0.0,0.0,True
1776076455.13202,200.28354930877686,8.187200653273479,0.9999999871425963,0.0733088083329494,0.0,0.0,0.0,True
1776076455.208655,200.36018443107605,8.187371954830532,0.9999999871423204,0.0733088083329496,0.0,0.0,0.0,True
1776076455.301796,200.45332527160645,8.187714414071213,0.999999987141769,0.07330880833295003,0.0,0.0,0.0,True
1776076455.377901,200.5294303894043,8.18809089788581,0.9999999871411632,0.0733088083329505,0.0,0.0,0.0,True
1776076455.454989,200.6065182685852,8.18826195030872,0.9999999871408879,0.07330880833295073,0.0,0.0,0.0,True
1776076455.533325,200.6848542690277,8.188432954904275,0.9999999871406126,0.07330880833295093,0.0,0.0,0.0,True
1776076455.609139,200.76066827774048,8.188979848521539,0.9999999871397319,0.07330880833295161,0.0,0.0,0.0,True
1776076455.686382,200.83791136741638,8.18915065253393,0.9999999871394571,0.07330880833295184,0.0,0.0,0.0,True
1776076455.747765,200.8992943763733,8.189287261406808,0.9999999871392373,0.073308808332952,0.0,0.0,0.0,True
1776076455.837756,200.9892852306366,8.189526253534959,0.9999999871388526,0.0733088083329523,0.0,0.0,0.0,True
1776076455.919654,201.07118320465088,8.190072170816842,0.9999999871379733,0.07330880833295297,0.0,0.0,0.0,True
1776076456.02703,201.1785593032837,8.190310856481315,0.9999999871375894,0.07330880833295328,0.0,0.0,0.0,True
1776076456.104197,201.25572633743286,8.190481289227856,0.9999999871373152,0.07330880833295349,0.0,0.0,0.0,True
1776076456.180137,201.3316662311554,8.191026355071493,0.9999999871364377,0.07330880833295417,0.0,0.0,0.0,True
1776076456.257068,201.40859723091125,8.191196588573412,0.9999999871361634,0.07330880833295438,0.0,0.0,0.0,True
1776076456.335798,201.48732733726501,8.191366774704779,0.9999999871358894,0.07330880833295458,0.0,0.0,0.0,True
1776076456.397834,201.54936337471008,8.191536913491955,0.9999999871356158,0.07330880833295479,0.0,0.0,0.0,True
1776076456.476811,201.6283402442932,8.192047046051554,0.9999999871347948,0.07330880833295542,0.0,0.0,0.0,True
1776076456.550685,201.70221424102783,8.192216995725083,0.9999999871345211,0.07330880833295564,0.0,0.0,0.0,True
1776076456.615326,201.76685523986816,8.192352921469476,0.9999999871343022,0.0733088083329558,0.0,0.0,0.0,True
1776076456.703959,201.8554883003235,8.192930269096134,0.9999999871333729,0.07330880833295651,0.0,0.0,0.0,True
1776076456.782547,201.9340763092041,8.1931339087902,0.9999999871330452,0.07330880833295676,0.0,0.0,0.0,True
1776076456.844914,201.99644327163696,8.193269630926354,0.9999999871328267,0.07330880833295693,0.0,0.0,0.0,True
1776076456.922299,202.07382822036743,8.193439241252667,0.9999999871325536,0.07330880833295714,0.0,0.0,0.0,True
1776076457.000526,202.1520552635193,8.193981678421313,0.9999999871316803,0.0733088083329578,0.0,0.0,0.0,True
1776076457.078436,202.22996520996094,8.194151091420204,0.9999999871314077,0.07330880833295803,0.0,0.0,0.0,True
1776076457.15483,202.30635929107666,8.194320457504034,0.9999999871311351,0.07330880833295822,0.0,0.0,0.0,True
1776076457.219828,202.3713572025299,8.19455749125355,0.9999999871307536,0.07330880833295851,0.0,0.0,0.0,True
1776076457.310156,202.46168541908264,8.194997453207963,0.9999999871300449,0.07330880833295905,0.0,0.0,0.0,True
1776076457.387856,202.5393853187561,8.195132762467756,0.9999999871298272,0.07330880833295922,0.0,0.0,0.0,True
1776076457.45768,202.60920929908752,8.19550470864852,0.9999999871292288,0.07330880833295968,0.0,0.0,0.0,True
1776076457.541217,202.69274640083313,8.195876428763292,0.9999999871286304,0.07330880833296013,0.0,0.0,0.0,True
1776076457.617958,202.76948738098145,8.196045317793569,0.9999999871283584,0.07330880833296033,0.0,0.0,0.0,True
1776076457.712079,202.86360836029053,8.196247923086714,0.999999987128032,0.07330880833296058,0.0,0.0,0.0,True
1776076457.784926,202.93645524978638,8.196619191892928,0.9999999871274347,0.07330880833296104,0.0,0.0,0.0,True
1776076457.867763,203.01929235458374,8.196956513523006,0.9999999871268918,0.07330880833296144,0.0,0.0,0.0,True
1776076457.94559,203.09711933135986,8.19712510459531,0.9999999871266203,0.07330880833296165,0.0,0.0,0.0,True
1776076458.010365,203.16189432144165,8.197596912507002,0.9999999871258605,0.07330880833296222,0.0,0.0,0.0,True
1776076458.101122,203.2526512145996,8.197832680043057,0.9999999871254812,0.07330880833296251,0.0,0.0,0.0,True
1776076458.191773,203.34330224990845,8.198034694188252,0.9999999871251561,0.07330880833296276,0.0,0.0,0.0,True
1776076458.260231,203.4117603302002,8.198505801194397,0.9999999871243976,0.07330880833296333,0.0,0.0,0.0,True
1776076458.331199,203.48272824287415,8.198707593160417,0.9999999871240726,0.07330880833296356,0.0,0.0,0.0,True
1776076458.404999,203.55652832984924,8.198875702286951,0.999999987123802,0.07330880833296377,0.0,0.0,0.0,True
1776076458.497968,203.6494972705841,8.199077372262618,0.9999999871234776,0.07330880833296402,0.0,0.0,0.0,True
1776076458.559311,203.71084022521973,8.199581256456174,0.9999999871226666,0.07330880833296462,0.0,0.0,0.0,True
1776076458.636054,203.78758335113525,8.19974912564167,0.9999999871223962,0.07330880833296483,0.0,0.0,0.0,True
1776076458.714295,203.8658242225647,8.199916948763164,0.9999999871221259,0.07330880833296502,0.0,0.0,0.0,True
1776076458.777868,203.92939734458923,8.200285997609678,0.9999999871215319,0.07330880833296546,0.0,0.0,0.0,True
1776076458.855043,204.0065722465515,8.200621303424535,0.9999999871209924,0.07330880833296588,0.0,0.0,0.0,True
1776076458.930704,204.08223342895508,8.200788887420163,0.9999999871207226,0.07330880833296607,0.0,0.0,0.0,True
1776076459.009085,204.16061425209045,8.200956425508155,0.9999999871204528,0.07330880833296627,0.0,0.0,0.0,True
1776076459.086676,204.23820519447327,8.20152571195658,0.9999999871195363,0.07330880833296696,0.0,0.0,0.0,True
1776076459.165161,204.3166902065277,8.20169304834941,0.9999999871192671,0.07330880833296716,0.0,0.0,0.0,True
1776076459.247698,204.39922738075256,8.201860338970146,0.9999999871189978,0.07330880833296737,0.0,0.0,0.0,True
1776076459.338867,204.4903962612152,8.202127908819838,0.9999999871185671,0.07330880833296768,0.0,0.0,0.0,True
1776076459.429529,204.5810582637787,8.202662697591347,0.9999999871177059,0.07330880833296832,0.0,0.0,0.0,True
1776076459.506963,204.65849232673645,8.202829723226946,0.9999999871174372,0.07330880833296852,0.0,0.0,0.0,True
1776076459.582877,204.73440623283386,8.202996703260276,0.9999999871171685,0.07330880833296871,0.0,0.0,0.0,True
1776076459.656835,204.8083643913269,8.203297152482001,0.9999999871166849,0.07330880833296907,0.0,0.0,0.0,True
1776076459.722799,204.87432837486267,8.203697521984939,0.9999999871160401,0.07330880833296954,0.0,0.0,0.0,True
1776076459.800966,204.9524953365326,8.203864265287319,0.9999999871157715,0.07330880833296975,0.0,0.0,0.0,True
1776076459.86397,205.0154993534088,8.203997627205293,0.999999987115557,0.0733088083329699,0.0,0.0,0.0,True
1776076459.950971,205.1025002002716,8.204164288718662,0.9999999871152889,0.0733088083329701,0.0,0.0,0.0,True
1776076460.021167,205.172696352005,8.204730598392556,0.9999999871143773,0.07330880833297078,0.0,0.0,0.0,True
1776076460.082888,205.2344172000885,8.204863771554596,0.9999999871141628,0.07330880833297093,0.0,0.0,0.0,True
1776076460.15984,205.3113694190979,8.205030197238683,0.9999999871138947,0.07330880833297113,0.0,0.0,0.0,True
1776076460.22467,205.37619924545288,8.205362912805615,0.9999999871133594,0.07330880833297153,0.0,0.0,0.0,True
1776076460.300994,205.45252323150635,8.205695447468319,0.9999999871128242,0.07330880833297192,0.0,0.0,0.0,True
1776076460.362325,205.513854265213,8.20582841072427,0.9999999871126102,0.07330880833297208,0.0,0.0,0.0,True
1776076460.423976,205.57550525665283,8.205961345079574,0.9999999871123961,0.07330880833297224,0.0,0.0,0.0,True
1776076460.492997,205.64452624320984,8.206293554609935,0.999999987111861,0.07330880833297262,0.0,0.0,0.0,True
1776076460.564079,205.71560835838318,8.20662558378579,0.9999999871113268,0.07330880833297301,0.0,0.0,0.0,True
1776076460.625965,205.777494430542,8.206758345000724,0.9999999871111132,0.07330880833297318,0.0,0.0,0.0,True
1776076460.706774,205.85830330848694,8.206924256002734,0.9999999871108461,0.07330880833297337,0.0,0.0,0.0,True
1776076460.773281,205.9248104095459,8.207090122009024,0.9999999871105791,0.07330880833297357,0.0,0.0,0.0,True
1776076460.842674,205.9942033290863,8.207620591142016,0.9999999871097247,0.07330880833297419,0.0,0.0,0.0,True
1776076460.920032,206.07156133651733,8.20778626843251,0.9999999871094583,0.07330880833297439,0.0,0.0,0.0,True
1776076460.980277,206.1318063735962,8.207918777958017,0.9999999871092451,0.07330880833297454,0.0,0.0,0.0,True
1776076461.043502,206.19503140449524,8.208051258779772,0.9999999871090319,0.07330880833297469,0.0,0.0,0.0,True
1776076461.135197,206.28672623634338,8.208613982334798,0.999999987108126,0.07330880833297536,0.0,0.0,0.0,True
1776076461.212408,206.3639373779297,8.208779390775026,0.9999999871078595,0.07330880833297555,0.0,0.0,0.0,True
1776076461.306946,206.45847535133362,8.208977821870318,0.99999998710754,0.07330880833297579,0.0,0.0,0.0,True
1776076461.384359,206.53588819503784,8.209506656921437,0.9999999871066891,0.0733088083329764,0.0,0.0,0.0,True
1776076461.476687,206.62821626663208,8.209704852233418,0.9999999871063701,0.07330880833297662,0.0,0.0,0.0,True
1776076461.552647,206.70417642593384,8.209869965944375,0.9999999871061042,0.07330880833297682,0.0,0.0,0.0,True
1776076461.644488,206.79601740837097,8.210431019364187,0.9999999871052009,0.07330880833297748,0.0,0.0,0.0,True
1776076461.736264,206.887793302536,8.21062891539751,0.9999999871048825,0.0733088083329777,0.0,0.0,0.0,True
1776076461.798216,206.94974541664124,8.210760810520732,0.9999999871046702,0.07330880833297786,0.0,0.0,0.0,True
1776076461.874277,207.02580642700195,8.211123375511931,0.9999999871040864,0.07330880833297829,0.0,0.0,0.0,True
1776076461.953023,207.10455226898193,8.211485725693963,0.9999999871035028,0.0733088083329787,0.0,0.0,0.0,True
1776076462.046872,207.19840121269226,8.211683280799392,0.999999987103185,0.07330880833297893,0.0,0.0,0.0,True
1776076462.117385,207.26891422271729,8.211847861321218,0.9999999871029203,0.07330880833297912,0.0,0.0,0.0,True
1776076462.187823,207.33935236930847,8.212341337319792,0.9999999871021259,0.07330880833297969,0.0,0.0,0.0,True
1776076462.264991,207.41652035713196,8.212505740876342,0.9999999871018611,0.07330880833297988,0.0,0.0,0.0,True
1776076462.327813,207.47934222221375,8.212637231909499,0.9999999871016493,0.07330880833298004,0.0,0.0,0.0,True
1776076462.394845,207.5463743209839,8.213162913521167,0.9999999871008034,0.07330880833298065,0.0,0.0,0.0,True
1776076462.454913,207.60644221305847,8.213294263354532,0.999999987100592,0.07330880833298078,0.0,0.0,0.0,True
1776076462.531763,207.68329238891602,8.213458410986378,0.9999999871003278,0.07330880833298098,0.0,0.0,0.0,True
1776076462.5943,207.74582934379578,8.213589697378726,0.9999999871001164,0.07330880833298113,0.0,0.0,0.0,True
1776076462.672202,207.82373142242432,8.214147350350013,0.9999999870992184,0.07330880833298177,0.0,0.0,0.0,True
1776076462.735876,207.8874053955078,8.214278488951384,0.9999999870990075,0.07330880833298192,0.0,0.0,0.0,True
1776076462.798065,207.94959425926208,8.214409599439815,0.9999999870987966,0.07330880833298208,0.0,0.0,0.0,True
1776076462.892418,208.04394721984863,8.21460621248705,0.9999999870984801,0.0733088083329823,0.0,0.0,0.0,True
1776076462.969285,208.1208143234253,8.215130205145464,0.9999999870976364,0.0733088083329829,0.0,0.0,0.0,True
1776076463.046534,208.19806337356567,8.215293860826064,0.9999999870973727,0.07330880833298309,0.0,0.0,0.0,True
1776076463.123261,208.27479028701782,8.215457472725806,0.9999999870971095,0.07330880833298328,0.0,0.0,0.0,True
1776076463.185096,208.3366253376007,8.215588330739124,0.999999987096899,0.07330880833298342,0.0,0.0,0.0,True
1776076463.25331,208.40483927726746,8.216078799076096,0.9999999870961096,0.07330880833298399,0.0,0.0,0.0,True
1776076463.327693,208.47922229766846,8.216242201153378,0.9999999870958465,0.07330880833298417,0.0,0.0,0.0,True
1776076463.433809,208.58533835411072,8.216470890742709,0.9999999870954781,0.07330880833298443,0.0,0.0,0.0,True
1776076463.494522,208.64605140686035,8.216993288917628,0.9999999870946374,0.07330880833298503,0.0,0.0,0.0,True
1776076463.572144,208.72367334365845,8.217156446881232,0.9999999870943749,0.07330880833298521,0.0,0.0,0.0,True
1776076463.634058,208.78558731079102,8.2172869419202,0.9999999870941648,0.07330880833298536,0.0,0.0,0.0,True
1776076463.696064,208.84759330749512,8.217417409121456,0.9999999870939548,0.07330880833298552,0.0,0.0,0.0,True
1776076463.806529,208.95805835723877,8.21803674853329,0.9999999870929575,0.07330880833298623,0.0,0.0,0.0,True
1776076463.880375,209.03190422058105,8.218199628401448,0.9999999870926954,0.0733088083329864,0.0,0.0,0.0,True
1776076463.958364,209.10989332199097,8.218362464902812,0.9999999870924334,0.07330880833298659,0.0,0.0,0.0,True
1776076464.020433,209.17196226119995,8.218720552668424,0.999999987091857,0.07330880833298699,0.0,0.0,0.0,True
1776076464.09892,209.2504494190216,8.219013377701748,0.9999999870913854,0.07330880833298732,0.0,0.0,0.0,True
1776076464.192358,209.34388732910156,8.219208516529559,0.999999987091071,0.07330880833298754,0.0,0.0,0.0,True
1776076464.270203,209.4217324256897,8.21937108467137,0.9999999870908095,0.07330880833298772,0.0,0.0,0.0,True
1776076464.348109,209.4996383190155,8.219923493347515,0.9999999870899206,0.07330880833298835,0.0,0.0,0.0,True
1776076464.441208,209.59273719787598,8.220118342049679,0.9999999870896068,0.07330880833298857,0.0,0.0,0.0,True
1776076464.517238,209.6687672138214,8.220280668561378,0.9999999870893453,0.07330880833298875,0.0,0.0,0.0,True
1776076464.598381,209.74991035461426,8.220734953720479,0.999999987088614,0.07330880833298926,0.0,0.0,0.0,True
1776076464.672214,209.82374334335327,8.220961969823056,0.9999999870882488,0.07330880833298953,0.0,0.0,0.0,True
1776076464.751211,209.90274024009705,8.221124072606228,0.9999999870879879,0.07330880833298971,0.0,0.0,0.0,True
1776076464.817579,209.9691083431244,8.221512944076718,0.9999999870873617,0.07330880833299014,0.0,0.0,0.0,True
1776076464.907661,210.0591902732849,8.221804435502499,0.9999999870868921,0.07330880833299047,0.0,0.0,0.0,True
1776076464.985002,210.13653135299683,8.221966315173022,0.9999999870866317,0.07330880833299065,0.0,0.0,0.0,True
1776076465.050601,210.202130317688,8.222095788066515,0.9999999870864235,0.07330880833299079,0.0,0.0,0.0,True
1776076465.125322,210.27685141563416,8.22261340572283,0.9999999870855903,0.07330880833299137,0.0,0.0,0.0,True
1776076465.189965,210.34149432182312,8.222742741715429,0.9999999870853821,0.07330880833299153,0.0,0.0,0.0,True
1776076465.281043,210.43257236480713,8.222936694435232,0.9999999870850697,0.07330880833299173,0.0,0.0,0.0,True
1776076465.344745,210.49627423286438,8.22316289489677,0.9999999870847054,0.07330880833299198,0.0,0.0,0.0,True
1776076465.420317,210.57184624671936,8.223582759638385,0.9999999870840299,0.07330880833299246,0.0,0.0,0.0,True
1776076465.498232,210.64976119995117,8.223744169357785,0.9999999870837701,0.07330880833299264,0.0,0.0,0.0,True
1776076465.563451,210.71498036384583,8.22387326646918,0.9999999870835623,0.07330880833299278,0.0,0.0,0.0,True
1776076465.655276,210.80680537223816,8.22445386648531,0.9999999870826272,0.07330880833299343,0.0,0.0,0.0,True
1776076465.719459,210.87098836898804,8.224582813893953,0.9999999870824198,0.07330880833299357,0.0,0.0,0.0,True
1776076465.794251,210.9457802772522,8.22474395993227,0.9999999870821605,0.07330880833299375,0.0,0.0,0.0,True
1776076465.85723,211.0087592601776,8.224905063522046,0.9999999870819013,0.07330880833299393,0.0,0.0,0.0,True
1776076465.916025,211.06755423545837,8.225355927937414,0.9999999870811754,0.07330880833299443,0.0,0.0,0.0,True
1776076465.980804,211.132333278656,8.225484685316692,0.999999987080968,0.07330880833299457,0.0,0.0,0.0,True
1776076466.042155,211.19368433952332,8.225613415594632,0.9999999870807607,0.07330880833299472,0.0,0.0,0.0,True
1776076466.119612,211.27114129066467,8.22577429034817,0.9999999870805016,0.07330880833299488,0.0,0.0,0.0,True
1776076466.198058,211.34958720207214,8.226288805374413,0.9999999870796739,0.07330880833299547,0.0,0.0,0.0,True
1776076466.292681,211.4442102909088,8.226481636970728,0.9999999870793634,0.07330880833299568,0.0,0.0,0.0,True
1776076466.399033,211.55056238174438,8.22670653035054,0.9999999870790013,0.07330880833299591,0.0,0.0,0.0,True
1776076466.476875,211.628404378891,8.227252355943508,0.9999999870781225,0.07330880833299652,0.0,0.0,0.0,True
1776076466.569796,211.72132539749146,8.227444884024832,0.9999999870778128,0.07330880833299673,0.0,0.0,0.0,True
1776076466.649794,211.80132341384888,8.227605277808197,0.9999999870775547,0.07330880833299691,0.0,0.0,0.0,True
1776076466.714709,211.8662383556366,8.227861820400102,0.9999999870771417,0.07330880833299719,0.0,0.0,0.0,True
1776076466.803075,211.95460438728333,8.228310511159716,0.9999999870764189,0.07330880833299769,0.0,0.0,0.0,True
1776076466.881167,212.03269624710083,8.228470678117496,0.9999999870761612,0.07330880833299785,0.0,0.0,0.0,True
1776076466.94394,212.0954692363739,8.228598781489932,0.9999999870759552,0.073308808332998,0.0,0.0,0.0,True
1776076467.004701,212.15623021125793,8.229014932236327,0.9999999870752855,0.07330880833299847,0.0,0.0,0.0,True
1776076467.068467,212.21999621391296,8.229206906347963,0.9999999870749764,0.07330880833299866,0.0,0.0,0.0,True
1776076467.163657,212.31518626213074,8.229398820219348,0.9999999870746673,0.07330880833299888,0.0,0.0,0.0,True
1776076467.223853,212.37538242340088,8.229526729352127,0.9999999870744612,0.07330880833299902,0.0,0.0,0.0,True
1776076467.300778,212.45230722427368,8.230070044922517,0.999999987073587,0.0733088083329996,0.0,0.0,0.0,True
1776076467.364063,212.51559233665466,8.23019781376631,0.9999999870733813,0.07330880833299974,0.0,0.0,0.0,True
1776076467.439641,212.59117031097412,8.23035748729401,0.9999999870731243,0.07330880833299992,0.0,0.0,0.0,True
1776076467.516892,212.66842126846313,8.230517119145304,0.9999999870728673,0.0733088083330001,0.0,0.0,0.0,True
1776076467.580252,212.73178124427795,8.230995764858214,0.9999999870720963,0.07330880833300062,0.0,0.0,0.0,True
1776076467.657185,212.80871438980103,8.231155230221246,0.9999999870718398,0.0733088083330008,0.0,0.0,0.0,True
1776076467.733875,212.8854043483734,8.231314654016465,0.9999999870715833,0.07330880833300096,0.0,0.0,0.0,True
1776076467.79922,212.95074939727783,8.231569645681825,0.999999987071173,0.07330880833300124,0.0,0.0,0.0,True
1776076467.87178,213.02330923080444,8.231951933952233,0.9999999870705575,0.07330880833300166,0.0,0.0,0.0,True
1776076467.965653,213.11718225479126,8.232142988515914,0.9999999870702497,0.07330880833300187,0.0,0.0,0.0,True
1776076468.041985,213.19351434707642,8.232302155073596,0.9999999870699933,0.07330880833300205,0.0,0.0,0.0,True
1776076468.136961,213.28849029541016,8.232874811942795,0.999999987069072,0.07330880833300266,0.0,0.0,0.0,True
1776076468.230672,213.38220119476318,8.233065578472319,0.9999999870687649,0.07330880833300286,0.0,0.0,0.0,True
1776076468.306016,213.45754528045654,8.233224505138846,0.999999987068509,0.07330880833300303,0.0,0.0,0.0,True
1776076468.376469,213.52799820899963,8.233701037499346,0.9999999870677415,0.07330880833300354,0.0,0.0,0.0,True
1776076468.449072,213.60060119628906,8.233859799144586,0.9999999870674862,0.07330880833300372,0.0,0.0,0.0,True
1776076468.523189,213.67471837997437,8.234018519588036,0.9999999870672308,0.07330880833300389,0.0,0.0,0.0,True
1776076468.600613,213.7521424293518,8.234177198851079,0.9999999870669755,0.07330880833300406,0.0,0.0,0.0,True
1776076468.694657,213.84618639945984,8.234748103554296,0.9999999870660562,0.07330880833300468,0.0,0.0,0.0,True
1776076468.770639,213.9221682548523,8.234906593662377,0.9999999870658008,0.07330880833300485,0.0,0.0,0.0,True
1776076468.850555,214.0020842552185,8.235065042709468,0.9999999870655458,0.07330880833300502,0.0,0.0,0.0,True
1776076468.928079,214.0796082019806,8.235571803978011,0.9999999870647305,0.07330880833300557,0.0,0.0,0.0,True
1776076469.001789,214.15331840515137,8.235730080801057,0.9999999870644757,0.07330880833300574,0.0,0.0,0.0,True
1776076469.077236,214.22876524925232,8.235888316673545,0.9999999870642209,0.0733088083330059,0.0,0.0,0.0,True
1776076469.148119,214.2996482849121,8.236046511616664,0.9999999870639661,0.07330880833300607,0.0,0.0,0.0,True
1776076469.235184,214.38671326637268,8.236552460635735,0.9999999870631516,0.07330880833300661,0.0,0.0,0.0,True
1776076469.310996,214.46252536773682,8.236710483906467,0.9999999870628974,0.07330880833300678,0.0,0.0,0.0,True
1776076469.373056,214.5245852470398,8.236836873132019,0.999999987062694,0.07330880833300692,0.0,0.0,0.0,True
1776076469.452003,214.60353231430054,8.23737373614037,0.9999999870618296,0.07330880833300749,0.0,0.0,0.0,True
1776076469.528932,214.68046140670776,8.237531547379882,0.9999999870615753,0.07330880833300765,0.0,0.0,0.0,True
1776076469.590691,214.74222040176392,8.237657767059275,0.999999987061372,0.07330880833300779,0.0,0.0,0.0,True
1776076469.667051,214.81858038902283,8.23781550503588,0.9999999870611184,0.07330880833300796,0.0,0.0,0.0,True
1776076469.729275,214.88080430030823,8.238288475016171,0.9999999870603573,0.07330880833300846,0.0,0.0,0.0,True
1776076469.793014,214.94454336166382,8.238414538594665,0.9999999870601544,0.0733088083330086,0.0,0.0,0.0,True
1776076469.884016,215.0355453491211,8.238603585254591,0.9999999870598499,0.07330880833300879,0.0,0.0,0.0,True
1776076469.965092,215.11662125587463,8.238761079512031,0.9999999870595963,0.07330880833300896,0.0,0.0,0.0,True
1776076470.040576,215.19210529327393,8.239296256823202,0.9999999870587348,0.07330880833300953,0.0,0.0,0.0,True
1776076470.118046,215.26957535743713,8.239453572831383,0.9999999870584817,0.07330880833300969,0.0,0.0,0.0,True
1776076470.19626,215.34778928756714,8.239610848384627,0.9999999870582286,0.07330880833300986,0.0,0.0,0.0,True
1776076470.257229,215.40875840187073,8.23973663971365,0.9999999870580261,0.07330880833301,0.0,0.0,0.0,True
1776076470.319532,215.4710612297058,8.240208126904506,0.9999999870572667,0.0733088083330105,0.0,0.0,0.0,True
1776076470.380781,215.53231024742126,8.240333795458987,0.9999999870570643,0.07330880833301062,0.0,0.0,0.0,True
1776076470.455695,215.60722422599792,8.240490844848544,0.9999999870568117,0.07330880833301079,0.0,0.0,0.0,True
1776076470.548791,215.70032024383545,8.24077343216244,0.9999999870563571,0.0733088083330111,0.0,0.0,0.0,True
1776076470.644073,215.79560232162476,8.241212753065126,0.9999999870556499,0.07330880833301155,0.0,0.0,0.0,True
1776076470.721841,215.87337040901184,8.24136957694053,0.9999999870553973,0.07330880833301172,0.0,0.0,0.0,True
1776076470.798458,215.94998741149902,8.241526360613681,0.9999999870551447,0.07330880833301189,0.0,0.0,0.0,True
1776076470.875389,216.02691841125488,8.242059124666909,0.9999999870542874,0.07330880833301244,0.0,0.0,0.0,True
1776076470.954248,216.10577726364136,8.242215731694769,0.9999999870540354,0.0733088083330126,0.0,0.0,0.0,True
1776076471.048608,216.20013737678528,8.242403607209678,0.9999999870537329,0.0733088083330128,0.0,0.0,0.0,True
1776076471.128152,216.2796812057495,8.242904326610574,0.9999999870529265,0.07330880833301333,0.0,0.0,0.0,True
1776076471.203389,216.35491824150085,8.24306071738977,0.9999999870526747,0.0733088083330135,0.0,0.0,0.0,True
1776076471.265706,216.41723537445068,8.243185801226165,0.9999999870524735,0.07330880833301362,0.0,0.0,0.0,True
1776076471.336607,216.4881362915039,8.243342120055129,0.999999987052222,0.07330880833301379,0.0,0.0,0.0,True
1776076471.41894,216.57046937942505,8.243842071986348,0.9999999870514173,0.07330880833301431,0.0,0.0,0.0,True
1776076471.496896,216.64842534065247,8.243998223188623,0.9999999870511659,0.07330880833301447,0.0,0.0,0.0,True
1776076471.574143,216.72567224502563,8.244154334532757,0.9999999870509144,0.07330880833301463,0.0,0.0,0.0,True
1776076471.652061,216.80359029769897,8.24465362322415,0.9999999870501108,0.07330880833301515,0.0,0.0,0.0,True
1776076471.729465,216.88099431991577,8.244809567386062,0.9999999870498599,0.07330880833301531,0.0,0.0,0.0,True
1776076471.805744,216.9572732448578,8.244965471795453,0.999999987049609,0.07330880833301548,0.0,0.0,0.0,True
1776076471.882676,217.03420519828796,8.245183671222932,0.9999999870492577,0.0733088083330157,0.0,0.0,0.0,True
1776076471.961843,217.11337232589722,8.245650979449964,0.999999987048505,0.07330880833301619,0.0,0.0,0.0,True
1776076472.040031,217.1915602684021,8.24580666954546,0.9999999870482544,0.07330880833301635,0.0,0.0,0.0,True
1776076472.117857,217.2693862915039,8.245962320017844,0.9999999870480041,0.0733088083330165,0.0,0.0,0.0,True
1776076472.197534,217.34906339645386,8.246304611683067,0.9999999870474533,0.07330880833301687,0.0,0.0,0.0,True
1776076472.272793,217.42432236671448,8.246646711884436,0.9999999870469025,0.07330880833301723,0.0,0.0,0.0,True
1776076472.347695,217.49922442436218,8.246802148740043,0.9999999870466522,0.07330880833301738,0.0,0.0,0.0,True
1776076472.423538,217.57506728172302,8.246957546101319,0.9999999870464018,0.07330880833301753,0.0,0.0,0.0,True
1776076472.492261,217.64379024505615,8.247268222421122,0.9999999870459019,0.07330880833301787,0.0,0.0,0.0,True
1776076472.564037,217.71556639671326,8.247609784193134,0.9999999870453523,0.07330880833301821,0.0,0.0,0.0,True
1776076472.625577,217.77710628509521,8.247733941194475,0.9999999870451525,0.07330880833301834,0.0,0.0,0.0,True
1776076472.704234,217.8557631969452,8.247889102010596,0.9999999870449027,0.0733088083330185,0.0,0.0,0.0,True
1776076472.770356,217.9218852519989,8.248354348413613,0.9999999870441533,0.07330880833301898,0.0,0.0,0.0,True
1776076472.843961,217.9954903125763,8.248509351932643,0.9999999870439038,0.07330880833301914,0.0,0.0,0.0,True
1776076472.936578,218.0881073474884,8.248695304314959,0.9999999870436047,0.07330880833301934,0.0,0.0,0.0,True
1776076473.009652,218.16118121147156,8.248850221456463,0.9999999870433555,0.07330880833301949,0.0,0.0,0.0,True
1776076473.105922,218.25745129585266,8.24937664641081,0.999999987042508,0.07330880833302003,0.0,0.0,0.0,True
1776076473.19732,218.34884929656982,8.249562335322894,0.9999999870422089,0.07330880833302023,0.0,0.0,0.0,True
1776076473.263183,218.41471242904663,8.249686096617284,0.9999999870420095,0.07330880833302035,0.0,0.0,0.0,True
1776076473.327923,218.4794523715973,8.250149978549382,0.9999999870412631,0.07330880833302082,0.0,0.0,0.0,True
1776076473.399405,218.55093431472778,8.250304527705142,0.9999999870410144,0.07330880833302097,0.0,0.0,0.0,True
1776076473.507894,218.65942335128784,8.250520830932754,0.9999999870406663,0.0733088083330212,0.0,0.0,0.0,True
1776076473.571919,218.72344827651978,8.25095320802235,0.99999998703997,0.07330880833302164,0.0,0.0,0.0,True
1776076473.644699,218.79622840881348,8.251138418955758,0.9999999870396715,0.07330880833302184,0.0,0.0,0.0,True
1776076473.706933,218.8584623336792,8.251261861758683,0.999999987039473,0.07330880833302196,0.0,0.0,0.0,True
1776076473.803456,218.95498538017273,8.251446979259192,0.9999999870391753,0.07330880833302214,0.0,0.0,0.0,True
1776076473.892511,219.04404020309448,8.25200199580923,0.999999987038282,0.07330880833302271,0.0,0.0,0.0,True
1776076473.970825,219.1223542690277,8.252156077728731,0.9999999870380338,0.07330880833302286,0.0,0.0,0.0,True
1776076474.045182,219.1967113018036,8.25231012083937,0.9999999870377857,0.07330880833302303,0.0,0.0,0.0,True
1776076474.11035,219.26187920570374,8.252587300702569,0.9999999870373393,0.0733088083330233,0.0,0.0,0.0,True
1776076474.200285,219.35181427001953,8.252956678552128,0.9999999870367451,0.07330880833302368,0.0,0.0,0.0,True
1776076474.262195,219.41372442245483,8.25307975494322,0.999999987036547,0.0733088083330238,0.0,0.0,0.0,True
1776076474.331166,219.48269534111023,8.253202806571558,0.999999987036349,0.07330880833302393,0.0,0.0,0.0,True
1776076474.397522,219.54905128479004,8.253694765656485,0.9999999870355567,0.07330880833302442,0.0,0.0,0.0,True
1776076474.479943,219.63147234916687,8.253879148338006,0.9999999870352596,0.07330880833302461,0.0,0.0,0.0,True
1776076474.5562,219.7077293395996,8.254032758121314,0.9999999870350126,0.07330880833302476,0.0,0.0,0.0,True
1776076474.633945,219.78547430038452,8.254186329333207,0.9999999870347656,0.07330880833302492,0.0,0.0,0.0,True
1776076474.710565,219.86209440231323,8.254708183200094,0.9999999870339257,0.07330880833302544,0.0,0.0,0.0,True
1776076474.788274,219.9398033618927,8.25486158492764,0.9999999870336787,0.0733088083330256,0.0,0.0,0.0,True
1776076474.880393,220.03192234039307,8.25504561622594,0.9999999870333822,0.07330880833302578,0.0,0.0,0.0,True
1776076474.952219,220.1037483215332,8.255290905181838,0.9999999870329871,0.07330880833302603,0.0,0.0,0.0,True
1776076475.019795,220.17132425308228,8.25565865425771,0.9999999870323956,0.0733088083330264,0.0,0.0,0.0,True
1776076475.096895,220.24842429161072,8.25581181780039,0.9999999870321491,0.07330880833302655,0.0,0.0,0.0,True
1776076475.189771,220.34130024909973,8.255995563434382,0.9999999870318533,0.07330880833302673,0.0,0.0,0.0,True
1776076475.25035,220.4018793106079,8.25648528207634,0.9999999870310646,0.07330880833302722,0.0,0.0,0.0,True
1776076475.330073,220.48160243034363,8.256638238769535,0.9999999870308182,0.07330880833302739,0.0,0.0,0.0,True
1776076475.406784,220.55831336975098,8.256791157218565,0.9999999870305722,0.07330880833302753,0.0,0.0,0.0,True
1776076475.480914,220.63244342803955,8.257066314112555,0.9999999870301296,0.0733088083330278,0.0,0.0,0.0,True
1776076475.544856,220.69638538360596,8.25740244895526,0.9999999870295886,0.07330880833302815,0.0,0.0,0.0,True
1776076475.620669,220.77219820022583,8.25755517647,0.9999999870293427,0.0733088083330283,0.0,0.0,0.0,True
1776076475.702702,220.85423135757446,8.257707865855084,0.9999999870290968,0.07330880833302844,0.0,0.0,0.0,True
1776076475.776977,220.92850637435913,8.25816570542268,0.9999999870283596,0.07330880833302891,0.0,0.0,0.0,True
1776076475.854683,221.00621223449707,8.258348745325918,0.9999999870280651,0.07330880833302908,0.0,0.0,0.0,True
1776076475.931868,221.08339738845825,8.258501236743312,0.9999999870278198,0.07330880833302925,0.0,0.0,0.0,True
1776076476.010479,221.16200828552246,8.258988953932546,0.9999999870270346,0.07330880833302972,0.0,0.0,0.0,True
1776076476.086629,221.23815822601318,8.259141285827333,0.9999999870267893,0.07330880833302987,0.0,0.0,0.0,True
1776076476.165708,221.31723737716675,8.259293579789729,0.9999999870265439,0.07330880833303002,0.0,0.0,0.0,True
1776076476.227284,221.37881326675415,8.259445835838617,0.9999999870262987,0.07330880833303018,0.0,0.0,0.0,True
1776076476.317519,221.46904826164246,8.259963223065826,0.9999999870254663,0.07330880833303069,0.0,0.0,0.0,True
1776076476.395111,221.54664039611816,8.260115312519316,0.9999999870252215,0.07330880833303084,0.0,0.0,0.0,True
1776076476.471862,221.6233913898468,8.260267364161054,0.9999999870249767,0.073308808333031,0.0,0.0,0.0,True
1776076476.535335,221.68686437606812,8.260449776246082,0.999999987024683,0.07330880833303118,0.0,0.0,0.0,True
1776076476.62414,221.77566933631897,8.260905568575904,0.999999987023949,0.07330880833303162,0.0,0.0,0.0,True
1776076476.702031,221.8535602092743,8.261057423899189,0.9999999870237047,0.07330880833303177,0.0,0.0,0.0,True
1776076476.795557,221.94708633422852,8.261239600530793,0.9999999870234116,0.07330880833303195,0.0,0.0,0.0,True
1776076476.903073,222.05460238456726,8.261785805060132,0.9999999870225323,0.0733088083330325,0.0,0.0,0.0,True
1776076476.982354,222.13388323783875,8.261937442010055,0.9999999870222881,0.07330880833303263,0.0,0.0,0.0,True
1776076477.060057,222.21158623695374,8.26208904137286,0.9999999870220438,0.07330880833303278,0.0,0.0,0.0,True
1776076477.139543,222.29107236862183,8.26257390696533,0.9999999870212637,0.07330880833303327,0.0,0.0,0.0,True
1776076477.213638,222.36516737937927,8.262725348665523,0.99999998702102,0.07330880833303341,0.0,0.0,0.0,True
1776076477.29027,222.44179940223694,8.262876752875325,0.9999999870207763,0.07330880833303356,0.0,0.0,0.0,True
1776076477.374492,222.52602124214172,8.263300485371788,0.999999987020094,0.07330880833303398,0.0,0.0,0.0,True
1776076477.447366,222.5988953113556,8.263512241579965,0.9999999870197528,0.07330880833303419,0.0,0.0,0.0,True
1776076477.524518,222.67604732513428,8.263663451138568,0.9999999870195094,0.07330880833303433,0.0,0.0,0.0,True
1776076477.585885,222.7374143600464,8.263784391874161,0.9999999870193149,0.07330880833303445,0.0,0.0,0.0,True
1776076477.663822,222.81535124778748,8.26426791580207,0.9999999870185369,0.07330880833303492,0.0,0.0,0.0,True
1776076477.772131,222.9236602783203,8.264479337373285,0.9999999870181965,0.07330880833303513,0.0,0.0,0.0,True
1776076477.850554,223.0020833015442,8.264630308047192,0.9999999870179533,0.07330880833303527,0.0,0.0,0.0,True
1776076477.931188,223.08271741867065,8.265082996597028,0.9999999870172244,0.07330880833303571,0.0,0.0,0.0,True
1776076478.022753,223.1742823123932,8.265294136639904,0.9999999870168848,0.07330880833303592,0.0,0.0,0.0,True
1776076478.099473,223.25100231170654,8.26544490634118,0.9999999870166422,0.07330880833303607,0.0,0.0,0.0,True
1776076478.164071,223.31560039520264,8.265716198176497,0.9999999870162055,0.07330880833303632,0.0,0.0,0.0,True
1776076478.225223,223.3767523765564,8.266047613744865,0.9999999870156718,0.07330880833303666,0.0,0.0,0.0,True
1776076478.301747,223.45327639579773,8.266198197836887,0.9999999870154292,0.0733088083330368,0.0,0.0,0.0,True
1776076478.396044,223.5475733280182,8.266378849820446,0.9999999870151381,0.07330880833303698,0.0,0.0,0.0,True
1776076478.467708,223.61923742294312,8.266860327731077,0.9999999870143637,0.07330880833303743,0.0,0.0,0.0,True
1776076478.551799,223.70332837104797,8.267040784270245,0.9999999870140732,0.07330880833303761,0.0,0.0,0.0,True
1776076478.632173,223.78370237350464,8.26719112405669,0.9999999870138312,0.07330880833303777,0.0,0.0,0.0,True
1776076478.708981,223.86051034927368,8.267341426896275,0.9999999870135892,0.0733088083330379,0.0,0.0,0.0,True
1776076478.818972,223.97050142288208,8.267912241051302,0.99999998701267,0.07330880833303846,0.0,0.0,0.0,True
1776076478.911965,224.06349420547485,8.2680923875263,0.9999999870123802,0.07330880833303863,0.0,0.0,0.0,True
1776076478.974516,224.12604522705078,8.268182440869257,0.9999999870122354,0.07330880833303871,0.0,0.0,0.0,True
1776076479.03992,224.19144940376282,8.268542521701919,0.9999999870116558,0.07330880833303907,0.0,0.0,0.0,True
1776076479.112404,224.26393342018127,8.268812443269477,0.9999999870112212,0.07330880833303932,0.0,0.0,0.0,True
1776076479.210234,224.36176323890686,8.268992324822028,0.9999999870109314,0.07330880833303949,0.0,0.0,0.0,True
1776076479.284393,224.43592238426208,8.269142185711644,0.9999999870106899,0.07330880833303964,0.0,0.0,0.0,True
1776076479.362146,224.5136752128601,8.26962149394321,0.9999999870099189,0.0733088083330401,0.0,0.0,0.0,True
1776076479.438408,224.589937210083,8.269771200763737,0.999999987009678,0.07330880833304024,0.0,0.0,0.0,True
1776076479.501042,224.65257120132446,8.269890939841064,0.9999999870094852,0.07330880833304036,0.0,0.0,0.0,True
1776076479.586128,224.7376573085785,8.270040580728917,0.9999999870092443,0.0733088083330405,0.0,0.0,0.0,True
1776076479.65586,224.80738925933838,8.270519185678202,0.9999999870084734,0.07330880833304096,0.0,0.0,0.0,True
1776076479.781016,224.9325454235077,8.270758347776017,0.9999999870080886,0.07330880833304118,0.0,0.0,0.0,True
1776076479.873308,225.0248372554779,8.271296120795574,0.9999999870072233,0.07330880833304171,0.0,0.0,0.0,True
1776076479.93675,225.08827924728394,8.271415561722401,0.999999987007031,0.07330880833304182,0.0,0.0,0.0,True
1776076479.999944,225.1514732837677,8.271534979327658,0.9999999870068387,0.07330880833304193,0.0,0.0,0.0,True
1776076480.076143,225.22767233848572,8.271684218552144,0.9999999870065983,0.07330880833304207,0.0,0.0,0.0,True
1776076480.14939,225.3009192943573,8.27201241671502,0.9999999870060695,0.07330880833304237,0.0,0.0,0.0,True
1776076480.233623,225.3851523399353,8.272340438852417,0.9999999870055419,0.0733088083330427,0.0,0.0,0.0,True
1776076480.330544,225.48207330703735,8.272519285893214,0.9999999870052542,0.07330880833304287,0.0,0.0,0.0,True
1776076480.396956,225.54848527908325,8.27266828515305,0.9999999870050144,0.07330880833304301,0.0,0.0,0.0,True
1776076480.463578,225.61510729789734,8.27311506525739,0.9999999870042949,0.07330880833304343,0.0,0.0,0.0,True
1776076480.541153,225.69268226623535,8.273263919459318,0.9999999870040551,0.07330880833304357,0.0,0.0,0.0,True
1776076480.60392,225.75544929504395,8.27338297674136,0.9999999870038633,0.07330880833304368,0.0,0.0,0.0,True
1776076480.676251,225.82778024673462,8.273799494808147,0.9999999870031933,0.07330880833304408,0.0,0.0,0.0,True
1776076480.759188,225.91071724891663,8.273977915751802,0.9999999870029062,0.07330880833304425,0.0,0.0,0.0,True
1776076480.836578,225.98810720443726,8.274126560120758,0.9999999870026669,0.07330880833304439,0.0,0.0,0.0,True
1776076480.934133,226.08566236495972,8.274572276587879,0.9999999870019491,0.0733088083330448,0.0,0.0,0.0,True
1776076481.008229,226.15975832939148,8.274809859285082,0.9999999870015663,0.07330880833304504,0.0,0.0,0.0,True
1776076481.084882,226.2364113330841,8.274958301617268,0.9999999870013275,0.07330880833304518,0.0,0.0,0.0,True
1776076481.162028,226.31355738639832,8.275106707929243,0.9999999870010888,0.07330880833304532,0.0,0.0,0.0,True
1776076481.240369,226.39189839363098,8.275611020193972,0.9999999870002773,0.07330880833304579,0.0,0.0,0.0,True
1776076481.336248,226.48777723312378,8.275788913518888,0.9999999869999908,0.07330880833304596,0.0,0.0,0.0,True
1776076481.411145,226.56267428398132,8.275937118440286,0.9999999869997521,0.0733088083330461,0.0,0.0,0.0,True
1776076481.475055,226.62658429145813,8.276055656524898,0.9999999869995612,0.0733088083330462,0.0,0.0,0.0,True
1776076481.566206,226.71773529052734,8.276559187228996,0.9999999869987507,0.07330880833304668,0.0,0.0,0.0,True
1776076481.643343,226.79487228393555,8.27670720563367,0.9999999869985126,0.07330880833304682,0.0,0.0,0.0,True
1776076481.72089,226.8724193572998,8.276855188223553,0.9999999869982744,0.07330880833304695,0.0,0.0,0.0,True
1776076481.798492,226.95002126693726,8.277328492037542,0.9999999869975124,0.0733088083330474,0.0,0.0,0.0,True
1776076481.874857,227.02638626098633,8.277476324394376,0.9999999869972742,0.07330880833304754,0.0,0.0,0.0,True
1776076481.936696,227.08822536468506,8.277594564557143,0.9999999869970837,0.07330880833304765,0.0,0.0,0.0,True
1776076482.030736,227.18226528167725,8.277949147950494,0.9999999869965132,0.07330880833304798,0.0,0.0,0.0,True
1776076482.122462,227.27399134635925,8.27827400223358,0.9999999869959905,0.07330880833304829,0.0,0.0,0.0,True
1776076482.200207,227.35173630714417,8.278421606249529,0.9999999869957529,0.07330880833304843,0.0,0.0,0.0,True
1776076482.276794,227.42832326889038,8.278569174650917,0.9999999869955153,0.07330880833304856,0.0,0.0,0.0,True
1776076482.355195,227.50672435760498,8.279041154405602,0.999999986994755,0.073308808333049,0.0,0.0,0.0,True
1776076482.479314,227.6308434009552,8.279277007764719,0.9999999869943755,0.07330880833304922,0.0,0.0,0.0,True
1776076482.55035,227.7018792629242,8.279424369940124,0.9999999869941385,0.07330880833304936,0.0,0.0,0.0,True
1776076482.635155,227.78668427467346,8.27989569043936,0.99999998699338,0.07330880833304979,0.0,0.0,0.0,True
1776076482.712167,227.86369633674622,8.28004290363817,0.999999986993143,0.07330880833304992,0.0,0.0,0.0,True
1776076482.80501,227.9565393924713,8.280219512715618,0.9999999869928585,0.07330880833305009,0.0,0.0,0.0,True
1776076482.867225,228.0187542438507,8.280690221078745,0.9999999869921006,0.07330880833305052,0.0,0.0,0.0,True
1776076482.944859,228.09638833999634,8.280837243178263,0.9999999869918641,0.07330880833305066,0.0,0.0,0.0,True
1776076483.022524,228.17405343055725,8.280984229943455,0.9999999869916276,0.0733088083330508,0.0,0.0,0.0,True
1776076483.087194,228.23872327804565,8.281101793926306,0.9999999869914384,0.07330880833305091,0.0,0.0,0.0,True
1776076483.164894,228.3164234161377,8.28160118888944,0.9999999869906344,0.07330880833305137,0.0,0.0,0.0,True
1776076483.25773,228.40925931930542,8.281777348621574,0.9999999869903506,0.07330880833305153,0.0,0.0,0.0,True
1776076483.319392,228.47092127799988,8.281894760260506,0.9999999869901615,0.07330880833305164,0.0,0.0,0.0,True
1776076483.395746,228.5472753047943,8.28218819078221,0.9999999869896893,0.07330880833305191,0.0,0.0,0.0,True
1776076483.473334,228.62486338615417,8.282540121677293,0.9999999869891231,0.07330880833305223,0.0,0.0,0.0,True
1776076483.550609,228.70213842391968,8.2826866998021,0.9999999869888871,0.07330880833305237,0.0,0.0,0.0,True
1776076483.614388,228.76591730117798,8.282803937013831,0.9999999869886984,0.07330880833305248,0.0,0.0,0.0,True
1776076483.677768,228.82929730415344,8.283038344038927,0.9999999869883209,0.07330880833305269,0.0,0.0,0.0,True
1776076483.753995,228.90552425384521,8.283389786209744,0.9999999869877547,0.073308808333053,0.0,0.0,0.0,True
1776076483.83084,228.9823694229126,8.283536160865248,0.9999999869875192,0.07330880833305314,0.0,0.0,0.0,True
1776076483.894025,229.04555439949036,8.283653235371686,0.999999986987331,0.07330880833305325,0.0,0.0,0.0,True
1776076483.986935,229.1384642124176,8.284150552153204,0.9999999869865307,0.0733088083330537,0.0,0.0,0.0,True
1776076484.066072,229.2176012992859,8.284296744867618,0.9999999869862953,0.07330880833305384,0.0,0.0,0.0,True
1776076484.157614,229.30914330482483,8.284472130009771,0.9999999869860129,0.073308808333054,0.0,0.0,0.0,True
1776076484.23526,229.3867893218994,8.284939577986197,0.99999998698526,0.07330880833305442,0.0,0.0,0.0,True
1776076484.312988,229.4645173549652,8.285085582239908,0.9999999869850252,0.07330880833305456,0.0,0.0,0.0,True
1776076484.388918,229.54044723510742,8.2852315516468,0.9999999869847904,0.0733088083330547,0.0,0.0,0.0,True
1776076484.468113,229.61964225769043,8.285494208818298,0.9999999869843678,0.07330880833305493,0.0,0.0,0.0,True
1776076484.545493,229.69702219963074,8.285815081138603,0.9999999869838512,0.07330880833305523,0.0,0.0,0.0,True
1776076484.623994,229.77552342414856,8.285960876560615,0.9999999869836164,0.07330880833305536,0.0,0.0,0.0,True
1776076484.702929,229.85445833206177,8.286106637235408,0.9999999869833816,0.07330880833305549,0.0,0.0,0.0,True
1776076484.777066,229.92859530448914,8.28651458241055,0.9999999869827249,0.07330880833305586,0.0,0.0,0.0,True
1776076484.857894,230.0094232559204,8.286718453003436,0.9999999869823969,0.07330880833305604,0.0,0.0,0.0,True
1776076484.950936,230.10246539115906,8.28689314515266,0.9999999869821158,0.0733088083330562,0.0,0.0,0.0,True
1776076485.031079,230.18260836601257,8.287300566224655,0.9999999869814599,0.07330880833305657,0.0,0.0,0.0,True
1776076485.138221,230.2897503376007,8.287562336523587,0.9999999869810382,0.07330880833305681,0.0,0.0,0.0,True
1776076485.214927,230.3664562702179,8.287707716069296,0.999999986980804,0.07330880833305695,0.0,0.0,0.0,True
1776076485.275495,230.42702436447144,8.287794927212012,0.9999999869806635,0.07330880833305702,0.0,0.0,0.0,True
1776076485.369461,230.5209903717041,8.288288888923379,0.9999999869798689,0.07330880833305746,0.0,0.0,0.0,True
1776076485.444292,230.59582138061523,8.288434095886712,0.9999999869796352,0.0733088083330576,0.0,0.0,0.0,True
1776076485.538355,230.6898844242096,8.288608298747295,0.9999999869793548,0.07330880833305775,0.0,0.0,0.0,True
1776076485.599955,230.7514843940735,8.289072597273828,0.9999999869786069,0.07330880833305817,0.0,0.0,0.0,True
1776076485.676959,230.82848834991455,8.289217618307847,0.9999999869783732,0.0733088083330583,0.0,0.0,0.0,True
1776076485.770804,230.92233324050903,8.28939159816967,0.9999999869780934,0.07330880833305846,0.0,0.0,0.0,True
1776076485.838141,230.98967027664185,8.289739409488162,0.9999999869775339,0.07330880833305878,0.0,0.0,0.0,True
1776076485.910327,231.06185626983643,8.289971173861,0.9999999869771609,0.07330880833305897,0.0,0.0,0.0,True
1776076485.986799,231.13832831382751,8.29011598200695,0.9999999869769277,0.07330880833305911,0.0,0.0,0.0,True
1776076486.071931,231.22346019744873,8.290260755874643,0.9999999869766946,0.07330880833305924,0.0,0.0,0.0,True
1776076486.160048,231.31157732009888,8.290781658224976,0.9999999869758557,0.07330880833305971,0.0,0.0,0.0,True
1776076486.236258,231.38778734207153,8.290926274621464,0.9999999869756231,0.07330880833305983,0.0,0.0,0.0,True
1776076486.315171,231.46670031547546,8.291070856830398,0.9999999869753905,0.07330880833305996,0.0,0.0,0.0,True
1776076486.387124,231.53865337371826,8.29150439849345,0.9999999869746927,0.07330880833306035,0.0,0.0,0.0,True
1776076486.472257,231.6237862110138,8.291706612810941,0.9999999869743671,0.07330880833306053,0.0,0.0,0.0,True
1776076486.546408,231.69793725013733,8.291851010686068,0.9999999869741345,0.07330880833306067,0.0,0.0,0.0,True
1776076486.623208,231.77473735809326,8.291995374476874,0.9999999869739019,0.07330880833306079,0.0,0.0,0.0,True
1776076486.699874,231.85140323638916,8.292457109748133,0.9999999869731588,0.07330880833306119,0.0,0.0,0.0,True
1776076486.778271,231.92980027198792,8.292572489118472,0.9999999869729732,0.0733088083330613,0.0,0.0,0.0,True
1776076486.872206,232.0237352848053,8.292745517371744,0.9999999869726948,0.07330880833306146,0.0,0.0,0.0,True
1776076486.965012,232.11654138565063,8.293206686869578,0.9999999869719522,0.07330880833306186,0.0,0.0,0.0,True
1776076487.043273,232.19480228424072,8.293350731052568,0.9999999869717202,0.073308808333062,0.0,0.0,0.0,True
1776076487.119392,232.27092123031616,8.293581131203457,0.999999986971349,0.07330880833306219,0.0,0.0,0.0,True
1776076487.199345,232.3508744239807,8.293984122731954,0.9999999869707008,0.07330880833306255,0.0,0.0,0.0,True
1776076487.275234,232.42676329612732,8.294127983949648,0.9999999869704693,0.07330880833306268,0.0,0.0,0.0,True
1776076487.354145,232.50567436218262,8.294271811335879,0.9999999869702378,0.0733088083330628,0.0,0.0,0.0,True
1776076487.427946,232.57947540283203,8.2946743481693,0.9999999869695897,0.07330880833306316,0.0,0.0,0.0,True
1776076487.510338,232.6618673801422,8.294875517277271,0.9999999869692656,0.07330880833306334,0.0,0.0,0.0,True
1776076487.588618,232.74014735221863,8.295019168996077,0.9999999869690341,0.07330880833306347,0.0,0.0,0.0,True
1776076487.665927,232.81745624542236,8.295162786981876,0.9999999869688031,0.0733088083330636,0.0,0.0,0.0,True
1776076487.743596,232.89512538909912,8.295622138035013,0.9999999869680641,0.073308808333064,0.0,0.0,0.0,True
1776076487.819636,232.97116541862488,8.295765614514995,0.9999999869678332,0.07330880833306413,0.0,0.0,0.0,True
1776076487.915502,233.0670313835144,8.295937741873352,0.9999999869675561,0.07330880833306427,0.0,0.0,0.0,True
1776076487.995338,233.14686727523804,8.296367848448291,0.9999999869668633,0.07330880833306466,0.0,0.0,0.0,True
1776076488.067659,233.2191882133484,8.29656846138361,0.9999999869665401,0.07330880833306483,0.0,0.0,0.0,True
1776076488.146933,233.29846239089966,8.296711716059852,0.9999999869663098,0.07330880833306497,0.0,0.0,0.0,True
1776076488.224637,233.37616634368896,8.296854937189277,0.9999999869660794,0.07330880833306508,0.0,0.0,0.0,True
1776076488.302363,233.45389223098755,8.29722715523938,0.9999999869654804,0.07330880833306541,0.0,0.0,0.0,True
1776076488.382276,233.5338053703308,8.297456099955944,0.9999999869651118,0.0733088083330656,0.0,0.0,0.0,True
1776076488.460078,233.61160731315613,8.2975991468949,0.9999999869648815,0.07330880833306574,0.0,0.0,0.0,True
1776076488.539026,233.6905553340912,8.297742160384253,0.9999999869646511,0.07330880833306586,0.0,0.0,0.0,True
1776076488.618257,233.76978635787964,8.298199578950971,0.9999999869639147,0.07330880833306626,0.0,0.0,0.0,True
1776076488.698211,233.84974026679993,8.298342452122663,0.9999999869636849,0.07330880833306638,0.0,0.0,0.0,True
1776076488.76654,233.91806936264038,8.298399592047318,0.9999999869635929,0.07330880833306644,0.0,0.0,0.0,True
1776076488.836887,233.98841619491577,8.298970697871344,0.9999999869626737,0.07330880833306694,0.0,0.0,0.0,True
1776076488.927568,234.07909727096558,8.299398677535834,0.9999999869619842,0.07330880833306731,0.0,0.0,0.0,True
1776076489.007968,234.15949726104736,8.299740845765688,0.9999999869614337,0.0733088083330676,0.0,0.0,0.0,True
1776076489.085757,234.2372863292694,8.299968851614038,0.9999999869610668,0.0733088083330678,0.0,0.0,0.0,True
1776076489.181922,234.33345127105713,8.300253739442894,0.9999999869606083,0.07330880833306805,0.0,0.0,0.0,True
1776076489.26422,234.41574931144714,8.300566962857966,0.999999986960104,0.07330880833306833,0.0,0.0,0.0,True
1776076489.330141,234.48167037963867,8.300794660991256,0.9999999869597371,0.07330880833306852,0.0,0.0,0.0,True
1776076489.401858,234.55338740348816,8.301022274383747,0.9999999869593705,0.07330880833306871,0.0,0.0,0.0,True
1776076489.465577,234.61710619926453,8.301278238237073,0.9999999869589589,0.07330880833306894,0.0,0.0,0.0,True
1776076489.529071,234.68060040473938,8.30147724719848,0.9999999869586387,0.0733088083330691,0.0,0.0,0.0,True
1776076489.596335,234.7478642463684,8.301676191424876,0.9999999869583185,0.07330880833306928,0.0,0.0,0.0,True
1776076489.688538,234.8400673866272,8.301960285250624,0.9999999869578611,0.07330880833306952,0.0,0.0,0.0,True
1776076489.761102,234.91263127326965,8.302244247172624,0.9999999869574037,0.07330880833306977,0.0,0.0,0.0,True
1776076489.826744,234.97827339172363,8.3024713218218,0.9999999869570378,0.07330880833306996,0.0,0.0,0.0,True
1776076489.914905,235.06643438339233,8.302726680067376,0.9999999869566272,0.07330880833307019,0.0,0.0,0.0,True
1776076490.016174,235.16770339012146,8.303095342739594,0.999999986956034,0.0733088083330705,0.0,0.0,0.0,True
1776076490.118822,235.2703514099121,8.303435449616044,0.9999999869554864,0.0733088083330708,0.0,0.0,0.0,True
1776076490.220571,235.37210035324097,8.303747048192417,0.9999999869549845,0.07330880833307106,0.0,0.0,0.0,True
1776076490.308347,235.45987629890442,8.30405848809511,0.9999999869544831,0.07330880833307132,0.0,0.0,0.0,True
1776076490.405246,235.5567753314972,8.304398059939341,0.9999999869539369,0.07330880833307163,0.0,0.0,0.0,True
1776076490.469936,235.62146520614624,8.30459605648223,0.9999999869536182,0.0733088083330718,0.0,0.0,0.0,True
1776076490.549203,235.70073223114014,8.304878797540708,0.9999999869531631,0.07330880833307203,0.0,0.0,0.0,True
1776076490.616426,235.76795530319214,8.305133152783435,0.9999999869527534,0.07330880833307225,0.0,0.0,0.0,True
1776076490.688269,235.8397982120514,8.305359157561101,0.9999999869523892,0.07330880833307243,0.0,0.0,0.0,True
1776076490.75527,235.90679931640625,8.305556843255433,0.9999999869520712,0.07330880833307261,0.0,0.0,0.0,True
1776076490.823891,235.97542023658752,8.305810916722253,0.9999999869516625,0.07330880833307282,0.0,0.0,0.0,True
1776076490.896488,236.04801726341248,8.306064884684,0.9999999869512538,0.07330880833307304,0.0,0.0,0.0,True
1776076490.963083,236.11461234092712,8.306262342435204,0.999999986950936,0.07330880833307321,0.0,0.0,0.0,True
1776076491.060289,236.2118182182312,8.30657250444251,0.9999999869504365,0.07330880833307347,0.0,0.0,0.0,True
1776076491.128966,236.28049540519714,8.306854333473865,0.9999999869499824,0.07330880833307371,0.0,0.0,0.0,True
1776076491.200072,236.3516013622284,8.30707970323037,0.9999999869496198,0.0733088083330739,0.0,0.0,0.0,True
1776076491.273886,236.42541527748108,8.307276833665451,0.9999999869493027,0.07330880833307407,0.0,0.0,0.0,True
1776076491.350043,236.50157237052917,8.307530193753932,0.999999986948895,0.0733088083330743,0.0,0.0,0.0,True
1776076491.44458,236.5961093902588,8.307895973131151,0.9999999869483062,0.0733088083330746,0.0,0.0,0.0,True
1776076491.519574,236.67110323905945,8.308120959446681,0.9999999869479438,0.07330880833307479,0.0,0.0,0.0,True
1776076491.58589,236.73741936683655,8.30831775460241,0.9999999869476267,0.07330880833307496,0.0,0.0,0.0,True
1776076491.672385,236.8239142894745,8.308654970472768,0.999999986947084,0.07330880833307524,0.0,0.0,0.0,True
1776076491.756502,236.90803122520447,8.308935841737275,0.9999999869466322,0.07330880833307547,0.0,0.0,0.0,True
1776076491.826311,236.97784042358398,8.3091323749027,0.9999999869463159,0.07330880833307564,0.0,0.0,0.0,True
1776076491.917102,237.06863141059875,8.309441085192116,0.9999999869458188,0.0733088083330759,0.0,0.0,0.0,True
1776076491.998004,237.14953327178955,8.309749639735118,0.9999999869453218,0.07330880833307615,0.0,0.0,0.0,True
1776076492.08782,237.23934936523438,8.310001977717446,0.9999999869449154,0.07330880833307638,0.0,0.0,0.0,True
1776076492.150951,237.30248022079468,8.310198168639308,0.9999999869445999,0.07330880833307654,0.0,0.0,0.0,True
1776076492.215981,237.3675103187561,8.31045032166954,0.9999999869441942,0.07330880833307675,0.0,0.0,0.0,True
1776076492.275093,237.42662239074707,8.310674370455246,0.9999999869438336,0.07330880833307693,0.0,0.0,0.0,True
1776076492.37288,237.52440929412842,8.310954316066267,0.9999999869433829,0.07330880833307718,0.0,0.0,0.0,True
1776076492.43555,237.58707928657532,8.311150201779014,0.9999999869430674,0.07330880833307733,0.0,0.0,0.0,True
1776076492.509175,237.66070437431335,8.31142992972264,0.9999999869426166,0.07330880833307757,0.0,0.0,0.0,True
1776076492.58501,237.73653936386108,8.311681575529809,0.9999999869422119,0.07330880833307778,0.0,0.0,0.0,True
1776076492.663994,237.8155233860016,8.311905173801142,0.9999999869418522,0.07330880833307797,0.0,0.0,0.0,True
1776076492.730358,237.8818871974945,8.312128690355362,0.9999999869414925,0.07330880833307815,0.0,0.0,0.0,True
1776076492.792081,237.9436104297638,8.312380048875703,0.9999999869410878,0.07330880833307836,0.0,0.0,0.0,True
1776076492.861157,238.012686252594,8.312603391979213,0.9999999869407281,0.07330880833307855,0.0,0.0,0.0,True
1776076492.940498,238.092027425766,8.312826653551978,0.9999999869403684,0.07330880833307873,0.0,0.0,0.0,True
1776076493.019699,238.17122840881348,8.313105615955973,0.9999999869399194,0.07330880833307897,0.0,0.0,0.0,True
1776076493.088231,238.23976039886475,8.313356573375021,0.9999999869395158,0.07330880833307918,0.0,0.0,0.0,True
1776076493.204911,238.35644030570984,8.313691023162885,0.9999999869389775,0.07330880833307946,0.0,0.0,0.0,True
1776076493.268184,238.4197132587433,8.313913888124198,0.9999999869386187,0.07330880833307964,0.0,0.0,0.0,True
1776076493.333294,238.4848232269287,8.314164514170661,0.999999986938215,0.07330880833307984,0.0,0.0,0.0,True
1776076493.409162,238.56069135665894,8.31438720669071,0.9999999869378562,0.07330880833308004,0.0,0.0,0.0,True
1776076493.477776,238.62930536270142,8.314581996152059,0.9999999869375428,0.07330880833308019,0.0,0.0,0.0,True
1776076493.540671,238.692200422287,8.314804536739517,0.9999999869371848,0.07330880833308037,0.0,0.0,0.0,True
1776076493.607095,238.75862431526184,8.3150547981476,0.9999999869367822,0.07330880833308058,0.0,0.0,0.0,True
1776076493.673249,238.82477831840515,8.315249375135364,0.999999986936469,0.07330880833308075,0.0,0.0,0.0,True
1776076493.74347,238.89499926567078,8.315443890238956,0.9999999869361558,0.0733088083330809,0.0,0.0,0.0,True
1776076493.812115,238.96364426612854,8.315693890217908,0.9999999869357531,0.07330880833308111,0.0,0.0,0.0,True
1776076493.886175,239.03770422935486,8.31597154817068,0.9999999869353057,0.07330880833308134,0.0,0.0,0.0,True
1776076493.95404,239.10556936264038,8.316165833763003,0.9999999869349933,0.07330880833308151,0.0,0.0,0.0,True
1776076494.014223,239.16575241088867,8.316332315161867,0.9999999869347255,0.07330880833308163,0.0,0.0,0.0,True
1776076494.078326,239.22985529899597,8.316554219889873,0.9999999869343684,0.07330880833308182,0.0,0.0,0.0,True
1776076494.144816,239.29634523391724,8.316803766508086,0.9999999869339667,0.07330880833308202,0.0,0.0,0.0,True
1776076494.220285,239.37181425094604,8.317025500277044,0.9999999869336097,0.0733088083330822,0.0,0.0,0.0,True
1776076494.302729,239.45425820350647,8.317274854714476,0.999999986933208,0.07330880833308241,0.0,0.0,0.0,True
1776076494.367075,239.51860427856445,8.317524107528936,0.9999999869328065,0.07330880833308262,0.0,0.0,0.0,True
1776076494.429688,239.58121728897095,8.317745580340057,0.9999999869324503,0.0733088083330828,0.0,0.0,0.0,True
1776076494.499604,239.6511332988739,8.317939303282378,0.9999999869321387,0.07330880833308295,0.0,0.0,0.0,True
1776076494.565698,239.71722722053528,8.318132964882507,0.999999986931827,0.07330880833308312,0.0,0.0,0.0,True
1776076494.625973,239.7775022983551,8.318354217362442,0.9999999869314709,0.0733088083330833,0.0,0.0,0.0,True
1776076494.711831,239.86336040496826,8.318658308889935,0.9999999869309811,0.07330880833308355,0.0,0.0,0.0,True
1776076494.783814,239.93534326553345,8.318851742987368,0.9999999869306695,0.0733088083330837,0.0,0.0,0.0,True
1776076494.859914,240.01144337654114,8.319100354108281,0.9999999869302691,0.07330880833308391,0.0,0.0,0.0,True
1776076494.923677,240.07520627975464,8.31934886421108,0.9999999869298695,0.0733088083330841,0.0,0.0,0.0,True
1776076494.984924,240.13645339012146,8.319542080059437,0.9999999869295586,0.07330880833308426,0.0,0.0,0.0,True
1776076495.044899,240.1964282989502,8.31970764507414,0.9999999869292922,0.0733088083330844,0.0,0.0,0.0,True
1776076495.116793,240.26832222938538,8.319928328730146,0.9999999869289369,0.07330880833308458,0.0,0.0,0.0,True
1776076495.189677,240.34120631217957,8.320204071368035,0.9999999869284928,0.07330880833308481,0.0,0.0,0.0,True
1776076495.270078,240.42160725593567,8.320452133492882,0.9999999869280931,0.07330880833308501,0.0,0.0,0.0,True
1776076495.337901,240.48943042755127,8.32064500116528,0.9999999869277827,0.07330880833308516,0.0,0.0,0.0,True
1776076495.406052,240.55758142471313,8.320782726560584,0.9999999869275612,0.07330880833308527,0.0,0.0,0.0,True
1776076496.79016,241.9416892528534,0.2,1.0,0.07330880833333334,0.0,0.0,0.0,True
1776076496.861759,242.01328825950623,0.2,1.0,0.07330880833333334,0.0,0.0,0.0,True
1776076496.932358,242.0838873386383,0.2,1.0,0.07330880833333334,0.0,0.0,0.0,True
1776076497.000675,242.15220427513123,0.2,1.0,0.07330880833333334,0.0,0.0,0.0,True
1776076497.064023,242.2155523300171,0.2,1.0,0.07330880833333334,0.0,0.0,0.0,True
1776076497.162171,242.3137001991272,0.2,1.0,0.07330880833333334,0.0,0.0,0.0,True
1776076497.246041,242.3975703716278,0.2,1.0,0.07330880833333334,0.0,0.0,0.0,True
1776076497.313242,242.46477127075195,0.2,1.0,0.07330880833333334,0.0,0.0,0.0,True
1776076497.377343,242.52887225151062,0.2,1.0,0.07330880833333334,0.0,0.0,0.0,True
1776076497.446704,242.59823322296143,0.2,1.0,0.07330880833333334,0.0,0.0,0.0,True
1776076497.521892,242.67342138290405,0.2,1.0,0.07330880833333334,0.0,0.0,0.0,True
1776076497.610001,242.7615303993225,0.2,1.0,0.07330880833333334,0.0,0.0,0.0,True
1776076497.704619,242.85614824295044,0.2,1.0,0.07330880833333334,0.0,0.0,0.0,True
1776076497.77277,242.9242992401123,0.2,1.0,0.07330880833333334,0.0,0.0,0.0,True
1776076497.839473,242.9910023212433,0.2,1.0,0.07330880833333334,0.0,0.0,0.0,True
1776076497.912675,243.06420421600342,0.2,1.0,0.07330880833333334,0.0,0.0,0.0,True
1776076497.980386,243.13191533088684,0.2,1.0,0.07330880833333334,0.0,0.0,0.0,True
1776076498.052862,243.2043912410736,0.2,1.0,0.07330880833333334,0.0,0.0,0.0,True
1776076498.138255,243.28978419303894,0.2,1.0,0.07330880833333334,0.0,0.0,0.0,True
1776076498.203854,243.35538339614868,0.2,1.0,0.07330880833333334,0.0,0.0,0.0,True
1776076498.278572,243.43010139465332,0.2,1.0,0.07330880833333334,0.0,0.0,0.0,True
1776076498.349071,243.50060033798218,0.2,1.0,0.07330880833333334,0.0,0.0,0.0,True
1776076498.420617,243.57214641571045,0.2,1.0,0.07330880833333334,0.0,0.0,0.0,True
1776076498.487729,243.6392583847046,0.2,1.0,0.07330880833333334,0.0,0.0,0.0,True
1776076498.563577,243.7151062488556,0.2,1.0,0.07330880833333334,0.0,0.0,0.0,True
1776076498.626589,243.7781183719635,0.2,1.0,0.07330880833333334,0.0,0.0,0.0,True
1776076498.700626,243.85215520858765,0.2,1.0,0.07330880833333334,0.0,0.0,0.0,True
1776076498.764031,243.91556024551392,0.2,1.0,0.07330880833333334,0.0,0.0,0.0,True
1776076498.835417,243.9869463443756,0.2,1.0,0.07330880833333334,0.0,0.0,0.0,True
1776076498.929048,244.08057737350464,0.2,1.0,0.07330880833333334,0.0,0.0,0.0,True
1776076499.008754,244.16028332710266,0.2,1.0,0.07330880833333334,0.0,0.0,0.0,True
1776076499.092339,244.24386835098267,0.2,1.0,0.07330880833333334,0.0,0.0,0.0,True
1776076499.164842,244.31637120246887,0.2,1.0,0.07330880833333334,0.0,0.0,0.0,True
1776076499.237382,244.38891124725342,0.2,1.0,0.07330880833333334,0.0,0.0,0.0,True
1776076499.309098,244.4606273174286,0.2,1.0,0.07330880833333334,0.0,0.0,0.0,True
1776076499.374039,244.52556824684143,0.2,1.0,0.07330880833333334,0.0,0.0,0.0,True
1776076499.438388,244.58991742134094,0.2,1.0,0.07330880833333334,0.0,0.0,0.0,True
1776076499.504781,244.6563103199005,0.2,1.0,0.07330880833333334,0.0,0.0,0.0,True
1776076499.567691,244.71922039985657,0.2,1.0,0.07330880833333334,0.0,0.0,0.0,True
1776076499.663514,244.81504321098328,0.2,1.0,0.07330880833333334,0.0,0.0,0.0,True
1776076499.73209,244.88361930847168,0.2,1.0,0.07330880833333334,0.0,0.0,0.0,True
1776076499.794478,244.9460072517395,0.2,1.0,0.07330880833333334,0.0,0.0,0.0,True
1776076499.888838,245.04036736488342,0.2,1.0,0.07330880833333334,0.0,0.0,0.0,True
1776076499.953987,245.10551619529724,0.2,1.0,0.07330880833333334,0.0,0.0,0.0,True
1776076500.032161,245.18369030952454,0.2,1.0,0.07330880833333334,0.0,0.0,0.0,True
1776076500.117357,245.26888632774353,0.2,1.0,0.07330880833333334,0.0,0.0,0.0,True
1776076500.177601,245.32913041114807,0.2,1.0,0.07330880833333334,0.0,0.0,0.0,True
1776076500.250806,245.40233540534973,0.2,1.0,0.07330880833333334,0.0,0.0,0.0,True
1776076500.33826,245.48978924751282,0.2,1.0,0.07330880833333334,0.0,0.0,0.0,True
1776076500.440578,245.59210729599,0.2,1.0,0.07330880833333334,0.0,0.0,0.0,True
1776076500.505005,245.6565341949463,0.2,1.0,0.07330880833333334,0.0,0.0,0.0,True
1776076500.570711,245.72224020957947,0.2,1.0,0.07330880833333334,0.0,0.0,0.0,True
1776076500.644943,245.7964723110199,0.2,1.0,0.07330880833333334,0.0,0.0,0.0,True
1776076500.72223,245.87375926971436,0.2,1.0,0.07330880833333334,0.0,0.0,0.0,True
1776076500.818288,245.96981739997864,0.2,1.0,0.07330880833333334,0.0,0.0,0.0,True
1776076500.908083,246.05961227416992,0.2,1.0,0.07330880833333334,0.0,0.0,0.0,True
1776076500.97891,246.13043928146362,0.2,1.0,0.07330880833333334,0.0,0.0,0.0,True
1776076501.040887,246.19241642951965,0.2,1.0,0.07330880833333334,0.0,0.0,0.0,True
1776076501.100639,246.25216841697693,0.2,1.0,0.07330880833333334,0.0,0.0,0.0,True
1776076501.167531,246.31906032562256,0.2,1.0,0.07330880833333334,0.0,0.0,0.0,True
1776076501.236226,246.38775539398193,0.2,1.0,0.07330880833333334,0.0,0.0,0.0,True
1776076501.309109,246.46063828468323,0.2,1.0,0.07330880833333334,0.0,0.0,0.0,True
1776076501.380042,246.53157138824463,0.2,1.0,0.07330880833333334,0.0,0.0,0.0,True
1776076501.443004,246.59453320503235,0.2,1.0,0.07330880833333334,0.0,0.0,0.0,True
1776076501.516628,246.66815733909607,0.2,1.0,0.07330880833333334,0.0,0.0,0.0,True
1776076501.583397,246.73492622375488,0.2,1.0,0.07330880833333334,0.0,0.0,0.0,True
1776076501.648724,246.80025339126587,0.2,1.0,0.07330880833333334,0.0,0.0,0.0,True
1776076501.736078,246.8876073360443,0.2,1.0,0.07330880833333334,0.0,0.0,0.0,True
1776076501.808725,246.96025443077087,0.2,1.0,0.07330880833333334,0.0,0.0,0.0,True
1776076501.877802,247.0293312072754,0.2,1.0,0.07330880833333334,0.0,0.0,0.0,True
1776076501.952501,247.10403037071228,0.2,1.0,0.07330880833333334,0.0,0.0,0.0,True
1776076502.021724,247.1732532978058,0.2,1.0,0.07330880833333334,0.0,0.0,0.0,True
1776076502.097392,247.24892139434814,0.2,1.0,0.07330880833333334,0.0,0.0,0.0,True
1776076502.176223,247.32775235176086,0.2,1.0,0.07330880833333334,0.0,0.0,0.0,True
1776076502.267965,247.41949439048767,0.2,1.0,0.07330880833333334,0.0,0.0,0.0,True
1776076502.34986,247.50138926506042,0.2,1.0,0.07330880833333334,0.0,0.0,0.0,True
1776076502.414273,247.56580233573914,0.2,1.0,0.07330880833333334,0.0,0.0,0.0,True
1776076502.501798,247.6533272266388,0.2,1.0,0.07330880833333334,0.0,0.0,0.0,True
1776076502.588381,247.739910364151,0.2,1.0,0.07330880833333334,0.0,0.0,0.0,True
1776076502.662156,247.8136854171753,0.2,1.0,0.07330880833333334,0.0,0.0,0.0,True
1776076502.733074,247.88460326194763,0.2,1.0,0.07330880833333334,0.0,0.0,0.0,True
1776076502.806454,247.95798325538635,0.2,1.0,0.07330880833333334,0.0,0.0,0.0,True
1776076502.886209,248.03773832321167,0.2,1.0,0.07330880833333334,0.0,0.0,0.0,True
1776076502.979228,248.13075733184814,0.2,1.0,0.07330880833333334,0.0,0.0,0.0,True
1776076503.056031,248.20756030082703,0.2,1.0,0.07330880833333334,0.0,0.0,0.0,True
1776076503.150453,248.3019824028015,0.2,1.0,0.07330880833333334,0.0,0.0,0.0,True
1776076503.218282,248.369811296463,0.2,1.0,0.07330880833333334,0.0,0.0,0.0,True
1776076503.308021,248.4595503807068,0.2,1.0,0.07330880833333334,0.0,0.0,0.0,True
1776076503.380007,248.5315363407135,0.2,1.0,0.07330880833333334,0.0,0.0,0.0,True
1776076503.459633,248.61116242408752,0.2,1.0,0.07330880833333334,0.0,0.0,0.0,True
1776076503.538233,248.6897623538971,0.2,1.0,0.07330880833333334,0.0,0.0,0.0,True
1776076503.612568,248.76409721374512,0.2,1.0,0.07330880833333334,0.0,0.0,0.0,True
1776076503.676772,248.82830142974854,0.2,1.0,0.07330880833333334,0.0,0.0,0.0,True
1776076503.744987,248.8965163230896,0.2,1.0,0.07330880833333334,0.0,0.0,0.0,True
1776076503.817777,248.96930623054504,0.2,1.0,0.07330880833333334,0.0,0.0,0.0,True
1776076503.883589,249.03511834144592,0.2,1.0,0.07330880833333334,0.0,0.0,0.0,True
1776076503.95282,249.10434937477112,0.2,1.0,0.07330880833333334,0.0,0.0,0.0,True
1776076504.034737,249.18626642227173,0.2,1.0,0.07330880833333334,0.0,0.0,0.0,True
1776076504.115206,249.26673531532288,0.2,1.0,0.07330880833333334,0.0,0.0,0.0,True
1776076504.201947,249.35347628593445,0.2,1.0,0.07330880833333334,0.0,0.0,0.0,True
1776076504.286429,249.43795824050903,0.2,1.0,0.07330880833333334,0.0,0.0,0.0,True
1776076504.348166,249.4996953010559,0.2,1.0,0.07330880833333334,0.0,0.0,0.0,True
1776076504.413674,249.56520342826843,0.2,1.0,0.07330880833333334,0.0,0.0,0.0,True
1776076504.481962,249.6334912776947,0.2,1.0,0.07330880833333334,0.0,0.0,0.0,True
1776076504.550888,249.70241737365723,0.2,1.0,0.07330880833333334,0.0,0.0,0.0,True
1776076504.61979,249.77131938934326,0.2,1.0,0.07330880833333334,0.0,0.0,0.0,True
