EpochTime(s),TimeFromStart(s),right_prop_rate(rad/s),left_prop_rate(rad/s),LastDT(s),Yaw(rad),North(m),East(m),IMUSensedYawRate(rad/s),IMUIntegratedYaw(rad),IMUSensedTimeStamp(s),ARUCOSensedNorth(m),ARUCOSensedEast(m),ARUCOSensedYaw(rad),ArucoSensedTimeStamp(s),DepthTimeStamp(s),Depth(m)
1779234205.6692138,2.2888455390930176,47.31557588959225,-86.05178511220922,0.2,0.0,0.0,0.0,3.2087371037154543e-13,0.10966227109599012,1779234205.6294749,0.1999512916909444,1.000000000614777,0.1096622710959132, 1779234204.703208, 1779234205.6294749,0.9787157803771429
1779234205.686757,2.3063888549804688,115.57247788309417,36.99802861804707,0.2,0.09458078163941606,-0.1259460693636596,0.9330829631523709,3.2087371037154543e-13,0.10966227109602655,1779234205.6294749,None,None,None, None, 1779234205.6294749,0.9787157803771429
1779234205.8881116,2.5077433586120605,119.01408044618071,32.5342723331619,0.2,0.11012072434206932,0.19156462274624395,0.9631654350023724,-0.0024708935281593037,0.10887355942926816,1779234205.8265152,0.19994593116568454,1.0000000004702032,0.10966218660561955, 1779234205.711421, 1779234205.8255208,1.0177767598381067
1779234206.0878146,2.707446336746216,119.48700919298186,31.912015451755963,0.2,0.21783249781659592,0.16714299925100315,0.9896089629397515,0.019997723258572457,0.11477961195481029,1779234206.0527458,None,None,None, None, 1779234206.036553,1.0638616742621558
1779234206.2876823,2.9073140621185303,119.40423119154552,32.02108795776602,0.2,0.22763382582700467,0.15710270069073912,0.9877002959457042,0.03292076844167138,0.12403245591921923,1779234206.240048,None,None,None, None, 1779234206.240048,0.9993449480296381
1779234206.4870052,3.1066370010375977,118.72078153471402,32.91909019353915,0.2,0.2405399778409406,0.14305922092027065,0.9851480854783141,0.03916468244348818,0.13607125864774589,1779234206.4255648,None,None,None, None, 1779234206.4890058,0.9774893242017693
1779234206.6880178,3.307649612426758,117.3615469492116,34.691645517926936,0.2,0.25404590582704306,0.12598548017514816,0.9820293287268954,0.03916678959035708,0.14856587562715812,1779234206.6304538,None,None,None, None, 1779234206.675494,1.0795881467698043
1779234206.8889399,3.5085716247558594,113.61950603114101,39.481765799831614,0.2,0.26853678888149024,0.10623158102323943,0.9782873434390805,0.042383087863006805,0.15990570284227104,1779234206.8788702,0.18007746389662785,0.9998893248003731,0.0007065161696005022, 1779234206.717829, 1779234206.863856,1.0044670854029358
1779234207.0875103,3.7071421146392822,113.25338421465321,39.943511526108644,0.2,0.2259051047531885,0.13630301225719824,0.9918857908186264,0.04405147257869906,0.17004526185236915,1779234207.0654411,None,None,None, None, 1779234207.0529344,1.0562553583976497
1779234207.2876887,3.907320499420166,112.66493955576082,40.68311069604381,0.2,0.24019517396097395,0.11829827965508974,0.9889667391001824,0.064430990460756,0.18468831685623285,1779234207.2816565,None,None,None, None, 1779234207.2475288,1.0747400940033978
1779234207.4877563,4.107388019561768,111.23591627258433,42.46631658426256,0.2,0.2597064160775906,0.09784725551691367,0.9853086891043695,0.04295644828575387,0.19367073585244027,1779234207.4836075,None,None,None, None, 1779234207.4353628,1.0567157696529443
1779234207.6873152,4.3069469928741455,109.42633697345845,44.698584377949935,0.2,0.2740821608860853,0.07652271956496048,0.9813575439441611,0.045526685600197146,0.203013330786693,1779234207.684806,None,None,None, None, 1779234207.684806,0.9443842836527835
1779234207.8884628,4.508094549179077,109.2903998897476,44.86512454651164,0.2,0.2884985918061222,0.05457046212059419,0.9770670965411791,0.04051738303687554,0.21421541029135024,1779234207.8884628,0.14198294515208043,0.998686650164392,0.0019288080371492099, 1779234207.73065, 1779234207.869886,1.0924575007748163
1779234208.0880992,4.707731008529663,109.05114342784552,45.15785715257743,0.2,0.24854156270187935,0.09825037686731752,0.9898363752173519,0.04083901134802354,0.22474884287456487,1779234208.0901005,None,None,None, None, 1779234208.0741174,1.0077260534152654
1779234208.2873676,4.906999349594116,108.11531207238737,46.29814013550951,0.2,0.2625784025855265,0.08084707863661647,0.986628365653352,0.04058819357726666,0.23756277003302426,1779234208.2297044,None,None,None, None, 1779234208.2580976,1.0234454627482281
1779234208.4875426,5.107174396514893,106.82975146052803,47.85242697390314,0.2,0.27660254950754704,0.06173636989799819,0.9829629571907779,0.04661246778259655,0.2515558655255074,1779234208.4441562,None,None,None, None, 1779234208.4441562,0.9011330268939144
1779234208.6877632,5.307394981384277,105.23836694036993,49.7572978873182,0.2,0.292095012341105,0.041392850924269475,0.9788277752345135,0.04431093197496723,0.26336847914285466,1779234208.6637435,None,None,None, None, 1779234208.6484556,0.9878478102189705
1779234208.8866775,5.506309270858765,109.86203861315505,44.163717740350506,0.2,0.3065142737864468,0.02058876985924618,0.9743943690459027,0.3290223462785149,0.3395277094061606,1779234208.8781402,0.10510933501309976,0.9960120116809276,0.003205752613517343, 1779234208.739054, 1779234208.8646162,0.982537360457414
1779234209.0875278,5.707159519195557,112.54089769140812,40.838618084352596,0.2,0.3108327300373232,0.06248925314109827,0.9856092148793448,0.04651135269352136,0.3494935914001884,1779234209.08162,None,None,None, None, 1779234209.0675368,1.0602584945756997
1779234209.2873244,5.906956195831299,112.90523818604171,40.381462855361555,0.2,0.3290141915590443,0.043926919910602574,0.9805613672461044,0.040450622892306845,0.35852632077562513,1779234209.268722,None,None,None, None, 1779234209.2537053,0.9942848624810721
1779234209.486918,6.1065497398376465,111.89738144117814,41.643165868626205,0.2,0.34288853181610907,0.024072773284427945,0.9751877493273063,0.04145771014806065,0.36883286592008435,1779234209.45651,None,None,None, None, 1779234209.45651,0.903516250630395
1779234209.687893,6.307524681091309,110.08571328927667,43.888495411024394,0.2,0.3568116154698579,0.0028127655738468538,0.9693185825225586,0.04135551504403518,0.37951000906407917,1779234209.6600866,None,None,None, None, 1779234209.6600866,0.9205343364247308
1779234209.8880093,6.507641077041626,107.80413218625863,46.675649128564785,0.2,0.37132526057431986,-0.01938888620773499,0.9629835944069017,0.04472093698207594,0.3908210697582223,1779234209.862489,0.07094239284923892,0.9915516491210772,0.004454856199100709, 1779234209.750136, 1779234209.8786442,0.9615260333900006
1779234210.0874894,6.707121133804321,107.6130032711941,46.907110764278976,0.2,0.31552571991533496,0.028365410245565076,0.9799446903570402,0.04056043633158805,0.4014867629939661,1779234210.0485187,None,None,None, None, 1779234210.0825114,0.9887577622745665
1779234210.2878497,6.90748143196106,106.7537154747324,47.94392115204204,0.2,0.32983449555858363,0.011415393022659925,0.9756063982262876,0.04205633266560886,0.4117711874986754,1779234210.2816072,None,None,None, None, 1779234210.266073,0.9226334769670114
1779234210.487094,7.106725692749023,119.39372847907892,32.034922089858256,0.2,0.3446872251281301,-0.007262500483944778,0.970670739715136,0.6387208656714001,0.54493696765138,1779234210.4835842,None,None,None, None, 1779234210.46755,0.97527529862945
1779234210.6865373,7.306169033050537,121.99074057732899,28.581050884682146,0.2,0.4708838662318242,-0.03275983286325107,0.9594601472010174,0.042123999363370475,0.5541881997722681,1779234210.6698713,None,None,None, None, 1779234210.6698713,0.9895151972981124
1779234210.8877661,7.507397890090942,116.51196727024121,35.79063431108756,0.2,0.48421332562745256,-0.05716040342053949,0.9488985003613848,0.04007409741087373,0.5641660032322794,1779234210.8556635,0.03767261916204133,0.9849709055296998,0.005658586260666013, 1779234210.758368, 1779234210.8716943,1.0573646174345361
1779234211.0872462,7.706877946853638,117.05153328053827,35.09346003880147,0.2,0.40370210325285333,-0.010215827581423892,0.9679558474703922,0.04120100301646554,0.5747742568039267,1779234211.0603473,None,None,None, None, 1779234211.0774162,1.0221066637013327
1779234211.2888927,7.908524513244629,115.96184371333243,36.49863201093049,0.2,0.4182668096464036,-0.030040770184965926,0.9608358028558646,0.045144565697683735,0.5870167500082701,1779234211.2449238,None,None,None, None, 1779234211.2619293,1.0869563740725385
1779234211.4875453,8.107177019119263,113.86570573011684,39.170579673781226,0.2,0.43453035541937135,-0.052043459189033914,0.9527764993934384,0.04353641989989543,0.5979298356399538,1779234211.4784858,None,None,None, None, 1779234211.4784858,0.9218154374853548
1779234211.6875112,8.307142972946167,111.26241195422746,42.43341883427865,0.2,0.4473767334199685,-0.07435275482428322,0.9445591628568363,0.043516619317875996,0.6072220562587015,1779234211.681998,None,None,None, None, 1779234211.6814942,0.9896183527725277
1779234211.8867238,8.50635552406311,106.4388141709207,48.32232714646156,0.2,0.46228143358333074,-0.09750118915924472,0.9357034586257923,0.04169700431753119,0.6165954579381876,1779234211.8666515,-8.086094113727341e-05,0.9742746276558025,0.00680745399513576, 1779234211.771951, 1779234211.881674,0.9205998457309039
1779234212.0877633,8.707395076751709,106.12145803287794,48.702845788794995,0.2,0.385053886675426,-0.04185867504298324,0.9596514195133222,0.04319078397531523,0.6274334685871448,1779234212.0568745,None,None,None, None, 1779234212.0698934,0.9540101415466815
1779234212.2881653,8.90779709815979,105.19464634831536,49.80933499627164,0.2,0.40101409513569725,-0.05858333015456063,0.9540820858563638,0.04115497621118116,0.6381112530270453,1779234212.2588866,None,None,None, None, 1779234212.2598858,0.9990532446632956
1779234212.4876084,9.107240200042725,103.93894037706292,51.29721808088324,0.2,0.4148663325125738,-0.07641729711259221,0.9480520498562381,0.04522663119567786,0.649752783610201,1779234212.4578798,None,None,None, None, 1779234212.4755054,0.9933377727565421
1779234212.6878853,9.307517051696777,102.43454688653263,53.06294080792483,0.2,0.42904220571074325,-0.09513030697958968,0.94153288330954,0.04388055310337038,0.6603364578549102,1779234212.6756463,None,None,None, None, 1779234212.6605573,1.0095330969444178
1779234212.8868175,9.506449222564697,97.03196507336273,59.25721679773859,0.2,0.44374069750361245,-0.11446615617277311,0.934540094019049,0.03973893357467231,0.669493817991688,1779234212.8675506,-0.03508702262541435,0.9622849129084763,0.008078294500937468, 1779234212.784846, 1779234212.8746955,0.9047615723937253
1779234213.0864525,9.706084251403809,97.16210083591784,59.11064455032882,0.2,0.3715953702078699,-0.06904260003956134,0.9510295598278944,0.04066364961734281,0.6786324514211439,1779234213.0800817,None,None,None, None, 1779234213.0188355,1.011956451041061
1779234213.2890468,9.908678531646729,96.96654587713665,59.33085045946829,0.2,0.38642273791596277,-0.08249894748398229,0.9468064043230074,0.0407514981678414,0.6899505102609944,1779234213.218267,None,None,None, None, 1779234213.2808268,1.0046402284741716
1779234213.4882865,10.10791826248169,96.5470877864698,59.80221465780408,0.2,0.4020253454686619,-0.09719593255885206,0.9420142782854948,0.04284660547905157,0.7017255058369773,1779234213.4824803,None,None,None, None, 1779234213.4687407,0.9380366192050741
1779234213.6864984,10.306130170822144,96.7906490543725,59.528674500836175,0.2,0.4144599002758751,-0.11213357702258203,0.9370686421489984,0.08952291863781836,0.7205738155682248,1779234213.6799748,None,None,None, None, 1779234213.6549125,0.9970528119579828
1779234213.8875942,10.50722599029541,92.37989362606575,64.41445805508339,0.2,0.4368987564867188,-0.12827176766200613,0.9312421914804206,0.04773432070628326,0.731185134812603,1779234213.8719099,-0.05777748389369465,0.9540063791866459,0.009369021952748741, 1779234213.793502, 1779234213.856688,1.0886966993695026
1779234214.0882077,10.707839488983154,93.18515553416648,63.533067504264615,0.2,0.37085308162204333,-0.08595174653952165,0.9449151085393745,0.03985841812910018,0.7409122691923503,1779234214.0594406,None,None,None, None, 1779234214.0736058,1.0037306015629348
1779234214.2877817,10.907413482666016,93.68699291075025,62.98141868087345,0.2,0.38503021738700965,-0.09650557104101273,0.9415568879713746,0.043697808643836704,0.7520806778922738,1779234214.2595336,None,None,None, None, 1779234214.2737527,0.9009784868287556
1779234214.4879177,11.10754942893982,93.8278193190359,62.82628571363246,0.2,0.39908674477634637,-0.10809528972911366,0.9377595973778273,0.038349707933676945,0.7611089291249368,1779234214.4793813,None,None,None, None, 1779234214.478381,0.9355960825169533
1779234214.6894438,11.309075593948364,93.73430458119644,62.92931670049056,0.2,0.41270472329262914,-0.12070418690238402,0.9334949089417319,0.03985368070897992,0.769721574681194,1779234214.6807094,None,None,None, None, 1779234214.6807094,0.9766418937803387
1779234214.887386,11.507017850875854,89.8210755173674,67.1845136458775,0.2,0.4268889120804332,-0.1341389670163393,0.928792136568173,0.04359756340096935,0.7795197754730383,1779234214.8683019,-0.06830971608759533,0.9514654207269985,0.010662230290020272, 1779234214.802956, 1779234214.8683019,1.0971649724293155
1779234215.0870786,11.70671033859253,90.83222325103701,66.09542410813631,0.2,0.35987409857908054,-0.09201923977708637,0.9439861402952012,0.0449481175488068,0.7894209330347443,1779234215.08457,None,None,None, None, 1779234215.08457,0.9394866039955689
1779234215.2869651,11.906596899032593,92.06460695566325,64.75828316742556,0.2,0.37598333808142465,-0.10037371649686541,0.9413267958203164,0.0719299635088739,0.8049398040031933,1779234215.2725995,None,None,None, None, 1779234215.2725995,1.0698936252739342
1779234215.48728,12.106911659240723,92.83672206083563,63.91501452724178,0.2,0.39587855727170723,-0.11004936945176919,0.9380693595179627,0.044953319379832726,0.8172129176961519,1779234215.427928,None,None,None, None, 1779234215.4586515,1.0223243712585135
1779234215.6875122,12.307143926620483,93.29778164811434,63.40942109543567,0.2,0.41065797114795954,-0.12074090520276916,0.9343766487368905,0.04389766933641791,0.8310772438566504,1779234215.6302395,None,None,None, None, 1779234215.6780975,1.085416442154921
1779234215.893437,12.513068675994873,89.96252346680558,67.0325937853966,0.2,0.42481475197272023,-0.13238001464796412,0.9302413135510921,0.04637395442948843,0.8431195122401887,1779234215.893437,-0.06761043730686055,0.9562227906120597,0.011963312006943692, 1779234215.804362, 1779234215.8336587,0.939401667800597
1779234216.0888793,12.708511114120483,91.33691435103286,65.54913573905243,0.2,0.364043736027629,-0.09000561498456762,0.9489874870783188,0.0441813889214042,0.8532882795560003,1779234216.0515752,None,None,None, None, 1779234216.0335674,0.936650257468
1779234216.2867935,12.90642523765564,92.50276529238783,64.28027171446642,0.2,0.37365661010599854,-0.09597002181426921,0.9470506055591156,0.0451889028205868,0.8648353944947411,1779234216.2664819,None,None,None, None, 1779234216.2798157,0.9121140966190623
1779234216.487603,13.107234716415405,93.43667959560834,63.25680577031967,0.2,0.38981343744597097,-0.10426181914276411,0.9442274625540397,0.04614694586673777,0.8759134785289011,1779234216.4676507,None,None,None, None, 1779234216.4676507,0.9423146862615279
1779234216.6882484,13.307880163192749,94.03321429603005,62.59976586915767,0.2,0.40612494990277687,-0.11396633556857785,0.9408311196985213,0.041515951463712994,0.8863624266897784,1779234216.6551561,None,None,None, None, 1779234216.6551561,1.0229605223016645
1779234216.8879886,13.507620334625244,91.57857963406741,65.28691305384736,0.2,0.41980337419503055,-0.12466143542862246,0.9370304053999112,0.084460703493462,0.9078054530750708,1779234216.865787,-0.05869749325264248,0.9666895532375703,0.013169793880462391, 1779234216.806443, 1779234216.885851,0.9840961185898945
1779234217.087811,13.70744276046753,93.38329309514724,63.31548118220112,0.2,0.3634605866442051,-0.0806287917026384,0.9594936718822575,0.040031906204484186,0.917872022392045,1779234217.0568607,None,None,None, None, 1779234217.0729058,0.9549418803293234
1779234217.2878468,13.90747857093811,94.80161754770795,61.74959876867583,0.2,0.3780196973199531,-0.08682657811592266,0.9573067166492026,0.041545429772092496,0.9280518068403837,1779234217.2724638,None,None,None, None, 1779234217.2888439,0.913001135660868
1779234217.4873772,14.107008934020996,95.84257497137851,60.590946507832456,0.2,0.3923453645696662,-0.09465194483563451,0.9545578111259356,0.04211883888004097,0.9382288646344035,1779234217.4596505,None,None,None, None, 1779234217.4754834,1.0584125239148143
1779234217.688282,14.307913780212402,97.286275192524,58.97066766282095,0.2,0.4061214470426912,-0.1040504150513944,0.9512325338061299,0.08413166720633306,0.9600260524053528,1779234217.656751,None,None,None, None, 1779234217.6291516,0.9209575636591346
1779234217.8876464,14.507278203964233,94.45770682692232,62.13063865275156,0.2,0.4287783978056484,-0.11558559236603994,0.9468790646362328,0.044948486627313274,0.9714270408942034,1779234217.8638916,-0.04553526914534388,0.9806507013141145,0.01446381081895864, 1779234217.814947, 1779234217.8324916,1.0890701844295978
1779234218.0862432,14.705874919891357,96.34422628690946,60.02970642063069,0.2,0.36411281598866413,-0.06943148186166212,0.9726555330245998,0.04365430322092051,0.9820260453997497,1779234218.0658007,None,None,None, None, 1779234218.0832374,1.0098738597820842
1779234218.287627,14.907258749008179,97.8510434111642,58.33255622767124,0.2,0.37880538875142267,-0.07612490628084828,0.9702766290644924,0.04702909392748205,0.9941677544195301,1779234218.2502613,None,None,None, None, 1779234218.2670758,1.0791350076307789
1779234218.4876401,15.107271909713745,99.64436874767223,56.290219393766264,0.2,0.3954969147895558,-0.08510728386382779,0.9670744282239123,0.08408954934785577,1.0170444886726524,1779234218.4518385,None,None,None, None, 1779234218.4684842,0.9905621883894105
1779234218.6877363,15.307368040084839,100.4443932769508,55.371107623690285,0.2,0.4167663840543167,-0.09600807530364913,0.9630281511760588,0.04365225939895538,1.0279552742777756,1779234218.6724672,None,None,None, None, 1779234218.6877363,0.911837343554594
1779234218.8875997,15.50723147392273,97.48223057538482,58.74953809149678,0.2,0.4309459210054582,-0.10861320384912057,0.9583146183309017,0.043046585302243284,1.037808615222415,1779234218.8728232,-0.033260782552126125,0.9936888846344859,0.01576067390175799, 1779234218.825642, 1779234218.8728232,0.9496207352317428
1779234219.0868897,15.70652151107788,99.14810633702959,56.85786058428565,0.2,0.36618031848071775,-0.06028185007372619,0.9846249731253622,0.040551221534198524,1.0475566195448553,1779234219.0595415,None,None,None, None, 1779234219.0768268,0.9164266086374364
1779234219.2877796,15.907411336898804,100.96713145538688,54.767861160503806,0.2,0.3803907246847436,-0.06839926247488004,0.9818089234164176,0.0765017943823666,1.0671659789649268,1779234219.2586823,None,None,None, None, 1779234219.2767587,1.0232542337677335
1779234219.487169,16.10680079460144,101.87855081029046,53.71093298949246,0.2,0.4019075017988892,-0.07918979988224831,0.9779207395232918,0.04443095810029399,1.0791033858363284,1779234219.4459653,None,None,None, None, 1779234219.461577,1.0609645910254804
1779234219.687173,16.306804656982422,102.10817801766386,53.44360927285558,0.2,0.41561257956436637,-0.09153614422365372,0.9734851556904598,0.04140211505146774,1.0906696804331248,1779234219.6484933,None,None,None, None, 1779234219.6629581,0.9554124959359352
1779234219.8878233,16.507455110549927,99.27605885316812,56.711686104009665,0.2,0.4296889908898397,-0.10576493353774824,0.9682739212531997,0.04026559895086018,1.10178045224751,1779234219.8502061,-0.024866778082621277,1.0023405957680571,0.017056295583655845, 1779234219.833663, 1779234219.8502061,0.9510126072066366
1779234220.0875077,16.707139492034912,100.97860512292966,54.75459638559492,0.2,0.36544009776199055,-0.05451563115816566,0.9925920197473841,0.0577748608313988,1.1173676934424224,1779234220.0540023,None,None,None, None, 1779234220.0715344,1.066260494887354
1779234220.2879803,16.907612085342407,101.93014573545423,53.650904497366845,0.2,0.3824563009287894,-0.06406563563287948,0.989320382677066,0.04039123918526495,1.1273923535927302,1779234220.27263,None,None,None, None, 1779234220.2879803,1.0712327035636628
1779234220.486955,17.106586694717407,102.29730628432232,53.22311818090369,0.2,0.3968987143275327,-0.07586577791656998,0.9852680102539709,0.041984958301513595,1.136979845863563,1779234220.4729245,None,None,None, None, 1779234220.4729245,0.9466152260723347
1779234220.6878903,17.30752205848694,102.08526675704762,53.470300546025115,0.2,0.41016165331787957,-0.08932906486559106,0.9806081398519011,0.03893204667632561,1.1482170348874439,1779234220.613205,None,None,None, None, 1779234220.6748385,1.0161282823864517
1779234220.889915,17.509546756744385,99.44769951994286,56.51540353050131,0.2,0.4244984489332425,-0.10464649697992123,0.9751596050203452,0.04251384929509569,1.1622778616175888,1779234220.8328764,-0.0211324614993451,1.0049931871568851,0.018208273446550762, 1779234220.843758, 1779234220.8315475,1.0549423476594595
1779234221.0903866,17.710018396377563,100.65357692845433,55.1299637555693,0.2,0.36251071316264294,-0.05212209578118414,0.9951710257225628,0.04129380914626934,1.1758459214313797,1779234221.093914,None,None,None, None, 1779234221.0475118,1.0796778085500043
1779234221.287745,17.907376766204834,101.35539965137984,54.3184068406071,0.2,0.37628234091777457,-0.062189998845124134,0.9918819149103892,0.04283943819233362,1.1897033935189745,1779234221.2346866,None,None,None, None, 1779234221.2479763,0.9399292438989683
1779234221.4880004,18.107632160186768,101.6034530794819,54.03064138554702,0.2,0.3891086238212358,-0.07416017854838386,0.9879552573661677,0.045006283367135844,1.2026580293423657,1779234221.4519014,None,None,None, None, 1779234221.4519014,0.9943058782764065
1779234221.687861,18.30749273300171,106.2585597678714,48.53856000455799,0.2,0.40524401164116247,-0.08850789747604532,0.9830662269001693,0.265440178343349,1.2714142668299606,1779234221.6636782,None,None,None, None, 1779234221.6646783,1.0002897949823055
1779234221.888248,18.507879734039307,103.49769339638782,51.81700375239394,0.2,0.4617337053380017,-0.10625983345878715,0.9756126386597485,0.041811233880406175,1.2815445121511102,1779234221.8685198,-0.020268633304104007,1.0025395821429355,0.019490156917521113, 1779234221.851665, 1779234221.8685198,1.08421738364706
1779234222.0885231,18.708154916763306,105.48070991878924,49.46857092737081,0.2,0.39206008489182004,-0.05443366755040084,0.9912100483747481,0.04108671513887332,1.2919625407293043,1779234222.053928,None,None,None, None, 1779234222.069944,1.0976085492455112
1779234222.2881253,18.9077570438385,106.24948576986085,48.5494379978186,0.2,0.4070850463452957,-0.06674860682477013,0.9866956586589504,0.04101256580487308,1.302820559013649,1779234222.2565663,None,None,None, None, 1779234222.2731082,0.9229094909967808
1779234222.488346,19.107977867126465,107.22718361628593,47.37340681393708,0.2,0.42095724969842013,-0.08117926993555047,0.981424274727446,0.09103861204232219,1.326605461705659,1779234222.4578762,None,None,None, None, 1779234222.4598768,1.000134151841369
1779234222.6885777,19.30820941925049,106.81401553741071,47.87136600163996,0.2,0.44461565897606226,-0.09809565247297852,0.9748604173008847,0.04382241205779296,1.3397861185881779,1779234222.6173587,None,None,None, None, 1779234222.6789722,0.935732742850726
1779234222.886548,19.506179809570312,103.05321550125969,52.33900619493943,0.2,0.45880011349012423,-0.11617746262042566,0.9677803533275032,0.0463039105021793,1.354795270180991,1779234222.831593,-0.02389414608526147,0.9911661252693796,0.020744927699504853, 1779234222.860713, 1779234222.8642368,0.927974332090055
1779234223.0890687,19.70870041847229,103.92887576032457,51.309091700176324,0.2,0.3877289533693517,-0.059502774892991495,0.9795408939794552,0.0438957450437169,1.368530042407559,1779234223.0316427,None,None,None, None, 1779234223.06155,1.0823969553941488
1779234223.2871425,19.906774282455444,104.10789204443086,51.09777646781214,0.2,0.40527419843023976,-0.0728980401954919,0.9747913114846217,0.04425492742900335,1.380150824705983,1779234223.2795162,None,None,None, None, 1779234223.2641249,0.9471036819044946
1779234223.4885492,20.10818099975586,103.6937474358097,51.586248061758575,0.2,0.41769761468067784,-0.08733568703702552,0.969719828810527,0.04354058214851856,1.390307823915702,1779234223.462782,None,None,None, None, 1779234223.4475536,1.0087486092467308
1779234223.6873744,20.307006120681763,102.87445831640451,52.54849373217095,0.2,0.43379083205833374,-0.10412609133445536,0.9635729333621322,0.0453366061584566,1.4006488255285476,1779234223.682861,None,None,None, None, 1779234223.6500225,0.940335213604146
1779234223.8872495,20.50688123703003,99.40804385371743,56.56077263042001,0.2,0.4469753413625114,-0.12141364701697616,0.957169764075694,0.041231289940015875,1.4092433338874522,1779234223.8821774,-0.03094382007304583,0.9719742579792358,0.022027487535363346, 1779234223.865584, 1779234223.8665855,1.007281914924255
1779234224.0873594,20.70699119567871,100.1743329716796,55.68192412360618,0.2,0.37970511096938203,-0.0646243017553963,0.9616966568855085,0.04445898275638257,1.41907092949513,1779234224.0704892,None,None,None, None, 1779234224.0848527,1.066275911527954
1779234224.2883294,20.907961130142212,100.37905109744983,55.44636308034189,0.2,0.3949795223749939,-0.07645268441973335,0.9576914710200055,0.04037628676175912,1.4284853829535358,1779234224.2717352,None,None,None, None, 1779234224.287063,0.9931095156533559
1779234224.4881258,21.107757568359375,100.22807288640261,55.62011933846107,0.2,0.4094312170767801,-0.09006144281426878,0.9530048187659381,0.04598933058114921,1.440511181767708,1779234224.441616,None,None,None, None, 1779234224.441616,0.9298174842346164
1779234224.687879,21.30751085281372,99.58886282974613,56.3538033618563,0.2,0.4236139502086359,-0.10491934114742146,0.9477772937584343,0.03807691984187175,1.4516157910656262,1779234224.6414561,None,None,None, None, 1779234224.6414561,1.0634000173244262
1779234224.886981,21.50661277770996,96.78256388127834,59.53776198167658,0.2,0.4367251380615607,-0.12087267540218033,0.942022314732037,0.07856133551257652,1.4742501924891094,1779234224.8433843,-0.03733094681079384,0.9540394643236635,0.02329923559793229, 1779234224.874436, 1779234224.825036,1.029631277433807
1779234225.0868075,21.70643925666809,97.9218824709119,58.25234709604673,0.2,0.3776972471093991,-0.06829875706080904,0.9448200240771147,0.04461870932842765,1.4874870104432205,1779234225.0933237,None,None,None, None, 1779234225.0734582,1.0379645522815686
1779234225.2864265,21.906058311462402,98.5255729693875,57.56725505493402,0.2,0.3933849743476092,-0.07904046920995653,0.9411496906783983,0.04434673585464032,1.4990179754701063,1779234225.2797797,None,None,None, None, 1779234225.2807796,1.0474947573732651
1779234225.487679,22.10731077194214,98.62377043615136,57.455553614890725,0.2,0.40802278765180555,-0.0913341869797219,0.9368891863365134,0.04189668329211422,1.5098400513525632,1779234225.4367259,None,None,None, None, 1779234225.483612,1.0820344326325073
1779234225.6873355,22.30696725845337,98.32693058823675,57.79298908837723,0.2,0.4228867294443376,-0.10518613568462992,0.9319624409235443,0.04180238648591731,1.5203579216167684,1779234225.685832,None,None,None, None, 1779234225.668761,0.9985520856203476
1779234225.8879328,22.507564544677734,94.95643485639525,61.57778353207149,0.2,0.4358876453760521,-0.11984535587588838,0.926663507776358,0.045330210622665415,1.5317251125163593,1779234225.8382568,-0.04201216059829051,0.9407785610055356,0.024554551847817806, 1779234225.880882, 1779234225.8382568,1.0582355874992522
1779234226.0874324,22.707064151763916,95.93839102338708,60.48389371695874,0.2,0.3728240887641525,-0.07103964497296161,0.9320578594351829,0.04287214936883956,1.5443205154310875,1779234226.04181,None,None,None, None, 1779234226.04181,1.0538760543281391
1779234226.2875626,22.90719437599182,96.53909502125961,59.811183684424066,0.2,0.3871108804491186,-0.08053327025824597,0.928892229672208,0.0426879814332237,1.5552785117483738,1779234226.2755778,None,None,None, None, 1779234226.2755778,1.0345808807684573
1779234226.4873412,23.10697293281555,96.82096027033828,59.49460127681125,0.2,0.4018509868489057,-0.09174882468988102,0.9250676699685986,0.04526930190798022,1.5652083808012345,1779234226.478738,None,None,None, None, 1779234226.4777412,0.9001822964403691
1779234226.6875718,23.30720353126526,97.59602926312066,58.62098656650841,0.2,0.41631118424286684,-0.10427593820793235,0.9206950042385096,0.08963868332638042,1.5863152646872736,1779234226.6604283,None,None,None, None, 1779234226.6805282,0.9935218294560827
1779234226.8868177,23.506449460983276,97.42923451487911,58.80937112163393,0.2,0.4395424688929938,-0.11848125378519037,0.9153518830466548,0.03961767095312961,1.5960539123418358,1779234226.8663616,None,None,None, None, 1779234226.8825004,0.9148486182810192
1779234227.0875714,23.707203149795532,95.44527807354139,61.03410883411088,0.2,0.45225756387588406,-0.13324072887925947,0.9097459933008205,0.03819444017273411,1.604637231065737,1779234227.08302,-0.04526439577091827,0.9326917238999405,0.02575534992119211, 1779234226.894859, 1779234227.036167,1.0953261728463197
1779234227.2869484,23.906580209732056,96.61536971286789,59.72557306167815,0.2,0.38138790456983834,-0.07299325956406658,0.9237428958954836,0.043517682663101694,1.6142770064394916,1779234227.269363,None,None,None, None, 1779234227.2849407,0.9057949901461856
1779234227.487609,24.107240676879883,97.36066332975899,58.886757109956356,0.2,0.39567798395666526,-0.08183301189877967,0.9206470530866214,0.043227090742918146,1.62496960768909,1779234227.4573627,None,None,None, None, 1779234227.4714165,0.9282523262079567
1779234227.6871028,24.306734561920166,97.77780434306152,58.41544276981345,0.2,0.4108760659007022,-0.09265374173915422,0.9167901237764065,0.047934440810331734,1.6365679987477115,1779234227.6738732,None,None,None, None, 1779234227.659818,0.9127113651065744
1779234227.8881981,24.507829904556274,97.86944231186416,58.31172731866734,0.2,0.4254216088538567,-0.10484402771138773,0.9123700016781469,0.048962865410164334,1.6475344187239829,1779234227.877541,None,None,None, None, 1779234227.8467715,0.9555114299018997
1779234228.0886686,24.708300352096558,93.87823245122622,62.77071604397089,0.2,0.4414669199348804,-0.11861834631862361,0.9071943931143236,0.04580598444291056,1.6596948404810459,1779234228.0327842,-0.04808652757563752,0.9281776536911724,0.027086042550116995, 1779234227.907991, 1779234228.002458,1.0658460618027517
1779234228.2873046,24.906936407089233,94.99465692781706,61.535337775748665,0.2,0.3755098006035057,-0.07528421393007378,0.9194478945910272,0.04652390065566292,1.6717460754897515,1779234228.2817862,None,None,None, None, 1779234228.237936,0.9556118552733422
1779234228.4877725,25.107404232025146,95.74648543944451,60.69823633137752,0.2,0.39009249895651404,-0.08414948162488943,0.9164391499129796,0.044958945176852595,1.6817259913738132,1779234228.4707575,None,None,None, None, 1779234228.4414592,0.9678819093243218
1779234228.6876311,25.307262897491455,96.14112526488776,60.25715879037084,0.2,0.4058967619513616,-0.09487746189499227,0.9126964568658367,0.044722763276334704,1.6920422647124163,1779234228.6727045,None,None,None, None, 1779234228.6585748,1.0396571672807573
1779234228.8887944,25.508426189422607,96.81447629421463,59.5018905769375,0.2,0.4201199390659567,-0.1067786378799584,0.908472857010901,0.07908528895005221,1.7116244295548653,1779234228.855267,None,None,None, None, 1779234228.8582633,1.0395936366782972
1779234229.0872989,25.70693063735962,93.52525816656383,63.15940629603869,0.2,0.4417722250105825,-0.1203647386265985,0.9033219913513516,0.04673957534069047,1.7235637425367194,1779234229.063383,-0.05055836697812632,0.9280153715930844,0.028371633366392948, 1779234228.921512, 1779234229.063383,0.9203619419039165
1779234229.2949238,25.914555549621582,94.78077808068221,61.77271281240316,0.2,0.3761967429552701,-0.07677455237562945,0.9193903156077803,0.04341632103096935,1.7368183518837526,1779234229.2959092,None,None,None, None, 1779234229.2166464,1.0301956691866232
1779234229.4943817,26.11401343345642,95.62874400613607,60.82960837386528,0.2,0.3960287095249869,-0.08616611561532145,0.9160653374070995,0.04352657570964241,1.75217805147684,1779234229.4172306,None,None,None, None, 1779234229.4488988,0.9767475783905616
1779234229.6873605,26.306992292404175,96.003092267941,60.41156606818686,0.2,0.4063348118637025,-0.09564079357095806,0.9128115201527041,0.038183408321807485,1.763277001717682,1779234229.6657295,None,None,None, None, 1779234229.6460376,0.9040766934409362
1779234229.8901215,26.509753227233887,96.1790201807511,60.214743716493146,0.2,0.4162448243576372,-0.10662639322178469,0.9089832106941969,0.048320453749362516,1.774460878330169,1779234229.879542,None,None,None, None, 1779234229.8926313,0.9111175367795332
1779234230.086895,26.70652675628662,92.89534202267586,63.85081755819262,0.2,0.43645325944573266,-0.12031034680634256,0.9038360025282577,0.04098658582299539,1.7837390841098482,1779234230.067876,-0.053178626701520404,0.9340179453774434,0.029661352538748288, 1779234229.927571, 1779234230.0828967,1.0196968219477556
1779234230.288314,26.90794587135315,94.0685622607228,62.56075135826089,0.2,0.3702073613967606,-0.07831512837990814,0.9254655357014352,0.045244601969152205,1.797995505116302,1779234230.2893126,None,None,None, None, 1779234230.288314,1.0556790710118777
1779234230.4897082,27.109339952468872,94.91266244905606,61.62637974509981,0.2,0.3879100447164805,-0.08693760200761258,0.9225050419250007,0.04330362997554203,1.8128395309533716,1779234230.441469,None,None,None, None, 1779234230.4287615,0.9234048387692171
1779234230.687561,27.3071928024292,95.38713822068567,61.09886247085047,0.2,0.4024190373156866,-0.09671827200952769,0.9191256880957581,0.04103165020771398,1.824684619357277,1779234230.6434612,None,None,None, None, 1779234230.6599839,1.0382869919263402
1779234230.887256,27.506887674331665,95.61001569938291,60.85049532743068,0.2,0.41440424950995053,-0.10758755483215887,0.915340291351904,0.04538703722459412,1.8375423631244425,1779234230.8467448,None,None,None, None, 1779234230.8477483,1.0606225672629774
1779234231.0876498,27.707281589508057,92.43227816987158,64.35726290749786,0.2,0.4298912292489392,-0.1201643236081234,0.9107664347648708,0.04077173198776452,1.8477227660895756,1779234231.0777385,-0.055921560016101976,0.9442774487519813,0.030834657020075082, 1779234230.936544, 1779234231.061659,1.0010154275435312
1779234231.2870698,27.90670156478882,93.62423408885572,63.05050674287705,0.2,0.36888925164229863,-0.08050706075527826,0.935698319698668,0.043831555585818735,1.8580191746056212,1779234231.2604835,None,None,None, None, 1779234231.2459135,1.0805737989833724
1779234231.486204,28.105835676193237,94.57655850038736,61.99905367616825,0.2,0.3833881853922793,-0.08839801924560386,0.9330531134670624,0.04651664317320666,1.8717919606326627,1779234231.4158413,None,None,None, None, 1779234231.4614544,1.0292514123242655
1779234231.6867278,28.30635952949524,95.1701921765855,61.34026695773941,0.2,0.3983481300122316,-0.09787968397306254,0.9298053399715102,0.042303140861407657,1.8835135191177008,1779234231.6805294,None,None,None, None, 1779234231.666486,1.0430847410957702
1779234231.8874176,28.507049322128296,95.48526557520475,60.989557977276256,0.2,0.41315254912722543,-0.10887731264568287,0.925941708798282,0.04455640923895235,1.8927988097191148,1779234231.884907,None,None,None, None, 1779234231.884907,1.056833903846239
1779234232.0880244,28.707656145095825,92.76356100704619,63.995101285833464,0.2,0.4275983745963909,-0.12102126612462658,0.9215688563736002,0.08424169957408695,1.9102906702043756,1779234232.0824938,-0.05973437911534441,0.9602026881141668,0.03216319397289221, 1779234231.96073, 1779234232.0854948,1.0964363257973841
1779234232.288063,28.907694816589355,94.35404260238037,62.24532457551854,0.2,0.3745002796476115,-0.08406304652043906,0.9512887668991228,0.04769783571848854,1.9230629495939167,1779234232.2900622,None,None,None, None, 1779234232.272818,1.0977176359292575
1779234232.488141,29.107772827148438,95.49617702954495,60.97739925709491,0.2,0.39008403865955765,-0.09219117352662333,0.9484747464380217,0.044104874310364535,1.9351918152662784,1779234232.4756002,None,None,None, None, 1779234232.4756002,1.098110555214409
1779234232.6879475,29.307579278945923,96.20592669965528,60.18462124923679,0.2,0.40480421468573025,-0.1018313526920526,0.945087053485059,0.04223432932989587,1.945196749096034,1779234232.6623993,None,None,None, None, 1779234232.6623993,0.9033510295823559
1779234232.8876982,29.5073299407959,96.52662880732247,59.82517160615391,0.2,0.418722630368338,-0.11284794754226811,0.9411459724837903,0.041415689352248014,1.9560585742502037,1779234232.84973,None,None,None, None, 1779234232.84973,0.9781811294079954
1779234233.0873036,29.7069354057312,92.8853711663647,63.86173877293101,0.2,0.4324450789776448,-0.12514206321205418,0.9366441168366586,0.041788520259020356,1.9674335335180022,1779234233.0516677,-0.06417206423267838,0.9777243097311027,0.03347652184019102, 1779234232.972789, 1779234233.0667686,1.0165517615744348
1779234233.2881112,29.907742977142334,94.10379459096276,62.52185540618651,0.2,0.3713823202875179,-0.08848473692363475,0.9686627637313532,0.04118248982688491,1.9778397731189241,1779234233.2708218,None,None,None, None, 1779234233.2543406,0.9239292387031515
1779234233.4875693,30.107201099395752,95.04539579393432,61.47897544684289,0.2,0.38655701916965435,-0.09670565465584396,0.9658936677078054,0.04218411844012648,1.9876005651669637,1779234233.4718037,None,None,None, None, 1779234233.4728293,1.0814977084004214
1779234233.6871254,30.30675721168518,78.9257303497224,78.48111454342497,0.2,0.400158249728198,-0.10615069373843783,0.9626682861908844,0.04101675931647141,1.9969065678872489,1779234233.6745434,None,None,None, None, 1779234233.6131196,1.071823532196546
1779234233.888182,30.507813692092896,39.354579888410875,39.64633239399148,0.2,0.41401514020681063,-0.09899107005057611,0.9654191214770429,0.04582829505555252,2.007206380787163,1779234233.8760505,None,None,None, None, 1779234233.8760505,0.9674575998415782
1779234234.087984,30.707615852355957,-58.97770837000381,-55.18530444231606,0.2,0.3687640509689657,-0.10368810826044081,0.9645068573521436,0.032841636085088985,2.0160576094387817,1779234234.0294037,-0.06935385887400008,0.9951604519686309,0.034679060235467414, 1779234233.982881, 1779234234.0294037,1.0020601791521002
1779234234.2873926,30.907024383544922,-134.42008772950442,-129.34308777822795,0.2,0.21416693872392437,-0.06854251653402398,0.9939796044543863,0.021390077225694155,2.0227776714160015,1779234234.2299783,None,None,None, None, 1779234234.2471004,1.0121498383783814
1779234234.487094,31.106725692749023,-144.612800296788,-135.1697491459904,0.2,0.15262670306141932,-0.06814451023105528,0.9939927666521358,-0.020264525316178884,2.016215760289829,1779234234.4193833,None,None,None, None, 1779234234.4645877,0.9289226609288552
1779234234.6871684,31.30680012702942,-148.80969530163895,-130.6657572072981,0.2,0.1344925384314921,-0.06609075105963143,0.9943285679970096,-0.06470083623232581,1.9945191963392639,1779234234.6186104,None,None,None, None, 1779234234.6501656,0.9815638965378846
1779234234.886665,31.50629687309265,-154.92039088092264,-123.731726496923,0.2,0.11542405208968934,-0.062425243568912214,0.994883748992603,-0.06943022597978521,1.971619460066895,1779234234.824896,None,None,None, None, 1779234234.866629,0.9490915873866799
1779234235.0872726,31.706904411315918,-176.17831360312567,-95.36222889046641,0.2,0.09605172450868572,-0.0572043274306797,0.995569754090225,-0.08095811350919578,1.9503779498040732,1779234235.0862622,-0.08451238650129084,1.0332343789204033,0.03399246420153202, 1779234234.990198, 1779234235.0491168,0.9030658802769379
1779234235.287803,31.907434701919556,-186.72841445736321,-78.05995269608472,0.2,0.029802059659853008,-0.058407206772098055,1.0333696037560356,-0.06779701561078691,1.9358597070917432,1779234235.2739055,None,None,None, None, 1779234235.258851,1.0459930815548715
1779234235.4873252,32.10695695877075,-196.2324161281391,-59.87626318116318,0.2,0.009929050834372993,-0.046772099047014654,1.033840130136833,-0.06606447585308525,1.9199669811456002,1779234235.4596772,None,None,None, None, 1779234235.4596772,0.9906269936337281
1779234235.6872916,32.306923389434814,-200,-41.19426183357364,0.2,6.274541145235075,-0.030860443696492358,1.0344521602583867,-0.0774946125602252,1.9005660387239964,1779234235.663536,None,None,None, None, 1779234235.663536,0.9946090035976226
1779234235.8876941,32.507325887680054,-200,-17.724991343390787,0.2,6.253563324943011,-0.0101134801191658,1.0350566947033402,-0.1401456004488114,1.8653675840344008,1779234235.8596907,None,None,None, None, 1779234235.8630025,1.0921207927031733
1779234236.087222,32.70685386657715,-200,46.63432343923938,0.2,6.221175362938789,0.01554064258339069,1.0350861503857716,-0.073013566857246,1.847048982735508,1779234236.0628517,-0.1164898420266822,1.1210842304965893,0.031888413409037225, 1779234236.000008, 1779234236.0628517,1.0651093509370158
1779234236.287112,32.90674376487732,-200,60.74954612704712,0.2,6.1991960378158195,-0.05112452231604725,1.114788343155608,-0.07004761297151198,1.82666895955929,1779234236.2199209,None,None,None, None, 1779234236.2655108,1.0188092176449874
1779234236.4879465,33.10757827758789,-200,61.50928150461485,0.2,6.181912045028444,-0.025316151521930105,1.1132768545507605,-0.06299236167288741,1.8067676244813147,1779234236.4390237,None,None,None, None, 1779234236.4184005,0.9953897341790247
1779234236.6875277,33.307159423828125,-200,61.50928150461485,0.2,6.16618271139496,0.004246379707277481,1.1116564974068415,-0.05929070568579668,1.7902031235607596,1779234236.6556385,None,None,None, None, 1779234236.6850073,1.0034562562289793
1779234236.8879752,33.507606983184814,-200,61.50928150461485,0.2,6.1525135401423094,0.03768474570150526,1.1098709858142475,-0.05722837570906502,1.7752114264785475,1779234236.8571358,None,None,None, None, 1779234236.8879752,0.9624188681100927
1779234237.0891838,33.708815574645996,-200,61.50928150461485,0.2,6.138206973718506,0.07463283159453413,1.107628243925551,-0.061205392520664086,1.7581890385778052,1779234237.0416021,-0.14753506539378466,1.2478200023025736,0.029962933362260327, 1779234237.008621, 1779234237.0714455,1.0470142794579365
1779234237.2876115,33.90724325180054,-200,61.50928150461485,0.2,6.140548979682304,-0.07429012532269128,1.2343894268782623,-0.061250019427018784,1.741401966793698,1779234237.258541,None,None,None, None, 1779234237.258541,0.9130547491506734
1779234237.4880004,34.10763216018677,-200,61.50928150461485,0.2,6.126970771590175,-0.05183746977022055,1.2319550150811325,-0.11436162150054945,1.7114900088004121,1779234237.4543896,None,None,None, None, 1779234237.4563894,0.90634751550743
1779234237.6937075,34.31333923339844,-200,61.50928150461485,0.2,6.10130425662715,-0.0225604289422216,1.2283407860628779,-0.0671080886757502,1.6957821102794988,1779234237.6937075,None,None,None, None, 1779234237.6937075,0.9302585083776019
1779234237.8888397,34.50847148895264,-200,61.50928150461485,0.2,6.082725395724883,0.011848981560492189,1.2239479505654458,-0.06375900306520596,1.682698066337697,1779234237.8777623,None,None,None, None, 1779234237.8777623,0.9600319782937894
1779234238.087965,34.70759677886963,-200,61.50928150461485,0.2,6.0731839531269305,0.04548573119538474,1.2199057837352731,-0.06089822623028891,1.6684332043939079,1779234238.062871,-0.16513598790773504,1.3807434470106454,0.028106261742937885, 1779234238.013086, 1779234238.062871,0.9832974762175564
1779234238.2860959,34.90572762489319,-200,61.50928150461485,0.2,6.090868523173093,-0.09345887676230552,1.3631984180508243,-0.0750969092388163,1.650084423775081,1779234238.264986,None,None,None, None, 1779234238.264986,0.9699122788910857
1779234238.4875426,35.10717439651489,-200,61.50928150461485,0.2,6.073883504399971,-0.0708827395041487,1.3594600457412154,-0.06907971129880047,1.6333427016839337,1779234238.4667265,None,None,None, None, 1779234238.4521189,1.0710801583456138
1779234238.6864827,35.30611443519592,-200,61.50928150461485,0.2,6.055850026047347,-0.04157412079041006,1.3546023994199328,-0.060708553488342275,1.6189872115414168,1779234238.6692696,None,None,None, None, 1779234238.6541982,1.012666261500787
1779234238.8873832,35.507014989852905,-200,61.50928150461485,0.2,6.04255741163483,-0.00930291793365512,1.349319970877669,-0.06230148964899556,1.6015590017535661,1779234238.8247442,None,None,None, None, 1779234238.8547733,1.0328070699369416
1779234239.0884502,35.7080819606781,-200,61.50928150461485,0.2,6.02669146879266,0.026942682192569678,1.3429632131561995,-0.12111534995146864,1.5636076269248542,1779234239.0377483,-0.16879483797047604,1.502504632533396,0.026419930535911806, 1779234239.017656, 1779234239.0560534,1.07014793793572
1779234239.287911,35.90754270553589,-200,61.50928150461485,0.2,6.0475175450856105,-0.09645214828950269,1.482347961893428,-0.060088314608539584,1.5459301639016003,1779234239.2428718,None,None,None, None, 1779234239.2738676,1.0246782342109455
1779234239.4879265,36.107558250427246,-200,61.50928150461485,0.2,6.033298526117626,-0.07300339658642607,1.4775831724289519,-0.062004221971153746,1.5291774500955195,1779234239.4616425,None,None,None, None, 1779234239.478532,1.0691778429973915
1779234239.6880693,36.307701110839844,-200,61.50928150461485,0.2,6.018003548322288,-0.043620266970170685,1.471687786247345,-0.06248884139878544,1.5135599476720685,1779234239.6635647,None,None,None, None, 1779234239.6805327,0.9412336325607749
1779234239.888903,36.5085346698761,-200,61.50928150461485,0.2,6.002994822197939,-0.010338737352175276,1.4648727721401837,-0.10232361923093543,1.485197110683987,1779234239.8350484,None,None,None, None, 1779234239.8275158,1.0608645421311729
1779234240.0862935,36.70592522621155,-200,61.50928150461485,0.2,5.980134567645059,0.02559007290610854,1.4567533240240256,-0.062847657442798,1.4663109603593851,1779234240.0370317,-0.15921863847457957,1.6362721933032665,0.02456326300396597, 1779234240.020514, 1779234240.0827823,0.9861071286124272
1779234240.2865725,36.90620422363281,-200,61.50928150461485,0.2,6.023619481545945,-0.08794447662585034,1.6132606479717264,-0.06704758924433914,1.4464119140870446,1779234240.2388194,None,None,None, None, 1779234240.2840686,0.934526444873861
1779234240.4883249,37.107956647872925,-200,61.50928150461485,0.2,6.005978191635009,-0.06299562274778148,1.6075360855906429,-0.060890063439256376,1.4303352860807612,1779234240.472737,None,None,None, None, 1779234240.472737,0.9709771550697829
1779234240.688032,37.307663679122925,-200,61.50928150461485,0.2,5.9904240981186225,-0.03319634367103175,1.600756722890587,-0.06463284006072133,1.4146703858277878,1779234240.6599517,None,None,None, None, 1779234240.6599517,1.027850739524677
1779234240.888049,37.50768065452576,-200,61.50928150461485,0.2,5.976143252395228,-0.0004025010029595766,1.593194829486615,-0.05885207774013818,1.3999203655151342,1779234240.864509,None,None,None, None, 1779234240.847926,1.06360910495191
1779234241.0865617,37.70619344711304,-200,61.50928150461485,0.2,5.961800311451885,0.03550571033084171,1.5845642208039314,-0.060848425735388616,1.384216110206373,1779234241.0500038,-0.1354932438757544,1.7682667812213668,0.022706595555314398, 1779234241.032955, 1779234241.0648797,1.0546923463807938
1779234241.2876725,37.90730428695679,-200,61.50928150461485,0.2,6.009419441521605,-0.06352792284850256,1.743614166480692,-0.06904125589903128,1.3653377405607903,1779234241.2508202,None,None,None, None, 1779234241.2518127,0.9663969577628903
1779234241.487238,38.1068696975708,-200,61.50928150461485,0.2,5.991691124268336,-0.03758320448799213,1.7374225049360619,-0.058966522340994684,1.3502998647442066,1779234241.4676132,None,None,None, None, 1779234241.4676132,0.9673867701747563
1779234241.688112,38.3077437877655,-200,61.50928150461485,0.2,5.978087557356615,-0.0077562388520451275,1.7303861093985624,-0.060393271167639186,1.3351034185994146,1779234241.6559706,None,None,None, None, 1779234241.6635728,0.9679335589050855
1779234241.8875232,38.50715494155884,-200,61.50928150461485,0.2,5.962847013429059,0.026229838483301182,1.7220685705481242,-0.06701135790215254,1.3165497115091267,1779234241.8407283,None,None,None, None, 1779234241.8726902,1.0216780041248283
1779234242.0873365,38.70696830749512,-200,61.50928150461485,0.2,5.9478569507947805,0.061917151552344896,1.7130172801103438,-0.06483963297705157,1.2977291537128444,1779234242.0423107,-0.09788696295018995,1.8969960833368618,0.020849928287441612, 1779234242.040793, 1779234242.057885,0.9517493615202649
1779234242.2873533,38.90698504447937,-200,61.50928150461485,0.2,5.997011997783453,-0.02502993736890713,1.8711360233219003,-0.06852118488255256,1.277973366315682,1779234242.2430685,None,None,None, None, 1779234242.290352,1.0732596678342896
1779234242.487542,39.107173681259155,-200,61.50928150461485,0.2,5.980607262074425,0.0013745891705491675,1.8646484250036344,-0.06051737133694598,1.2606640698864784,1779234242.4449837,None,None,None, None, 1779234242.474514,0.9604829820373396
1779234242.688127,39.307758808135986,-200,61.50928150461485,0.2,5.965815401883426,0.03224650545262886,1.8569892344836607,-0.060955332973368,1.2434439831171817,1779234242.6477172,None,None,None, None, 1779234242.6793861,1.0786732873251488
1779234242.887283,39.50691485404968,-200,61.50928150461485,0.2,5.950947792606608,0.06641154168559626,1.848256502977149,-0.06250886070440409,1.2261133386546834,1779234242.8485882,None,None,None, None, 1779234242.8637004,1.0539345834235885
1779234243.0872283,39.706860065460205,-200,61.50928150461485,0.2,5.9368050342915675,0.10231714849799611,1.838765349600363,-0.06677305086624132,1.2076253260433953,1779234243.0484796,-0.04629589861115349,2.0221161519784463,0.01897622761475892, 1779234243.046478, 1779234243.065674,1.0790288705851168
1779234243.2874086,39.90704035758972,-200,61.50928150461485,0.2,5.987892290436854,0.027265243745675127,1.9952814535825525,-0.9748642572569305,0.9373116209098047,1779234243.2480443,None,None,None, None, 1779234243.2638423,0.9094532864467917
1779234243.4880989,40.10773062705994,-200,61.50928150461485,0.2,5.810976970747121,0.050512871144111626,1.9820856833025922,-0.06916722791348545,0.9195186599720897,1779234243.4697254,None,None,None, None, 1779234243.4556406,1.044912463117198
1779234243.69304,40.31267166137695,-200,61.50928150461485,0.2,5.79333036067826,0.07806944646441447,1.9686703324482349,-0.06605862361480161,0.903469672585602,1779234243.6727448,None,None,None, None, 1779234243.6574543,0.9066821001148374
1779234243.890481,40.51011276245117,-200,61.50928150461485,0.2,5.77575145223063,0.10964105301799992,1.9536775549465868,-0.05895970781446585,0.8872145038124281,1779234243.8305519,None,None,None, None, 1779234243.8115056,0.998863306625844
1779234244.087404,40.707035779953,-200,61.50928150461485,0.2,5.765879010917147,0.1411311760553431,1.9390685883080825,-0.11408100168422994,0.8526085791524886,1779234244.039901,0.015189298130529804,2.1357399040665053,0.017187695430395198, 1779234244.055931, 1779234244.042411,1.02916777847446
1779234244.2870271,40.90665888786316,-200,61.50928150461485,0.2,5.852728584737821,0.08378348204366579,2.100508502426798,-0.062127463997390546,0.8348035223234291,1779234244.2465558,None,None,None, None, 1779234244.2465558,1.0886404700349042
1779234244.4875593,41.10719108581543,-200,61.50928150461485,0.2,5.835668081962216,0.11009122249966424,2.089699759477443,-0.060667133762969616,0.8178889462154451,1779234244.4487345,None,None,None, None, 1779234244.4795017,1.056864471288804
1779234244.6879027,41.30753445625305,-200,61.50928150461485,0.2,5.820398368049839,0.14010004073494997,2.077373596726165,-0.06283507839049285,0.7994551535653502,1779234244.632693,None,None,None, None, 1779234244.6652975,1.0746344242204247
1779234244.887151,41.50678277015686,-200,61.50928150461485,0.2,5.805497924178285,0.17278401587648384,2.0637230425223887,-0.0647831645496025,0.7826426541030078,1779234244.881567,None,None,None, None, 1779234244.8664987,1.0331458635291777
1779234245.088309,41.70794081687927,-200,61.50928150461485,0.2,5.790771549105693,0.20715886892312962,2.048989969286679,-0.06496411301720027,0.7689171532304228,1779234245.0827563,0.08648776116664095,2.2405161522518173,0.015433230822553115, 1779234245.066729, 1779234245.0514657,0.9209215573584741
1779234245.2873952,41.90702700614929,-200,61.50928150461485,0.2,5.878454916011929,0.15825936999164308,2.205531450617828,-0.06688321736307323,0.755096388906429,1779234245.2848856,None,None,None, None, 1779234245.2547781,0.9377557913521142
1779234245.4877405,42.10737228393555,-200,61.50928150461485,0.2,5.863543827824783,0.1855786020802085,2.1955696894140626,-0.0649507074246472,0.7410728689162689,1779234245.4735081,None,None,None, None, 1779234245.4564626,1.0932938413346667
1779234245.6872878,42.30691957473755,-200,61.50928150461485,0.2,5.847367842867918,0.21725537433128161,2.1837001867478736,-0.1145630753537464,0.7129350867551545,1779234245.6544535,None,None,None, None, 1779234245.642931,1.006213808290114
1779234245.8874934,42.50712513923645,-200,61.50928150461485,0.2,5.822996762226697,0.25073709472517314,2.1703150993577602,-0.06936410221036358,0.6938505420862259,1779234245.8443723,None,None,None, None, 1779234245.8302984,0.9390472410471913
1779234246.0873454,42.706977128982544,-200,61.50928150461485,0.2,5.806533890342371,0.28616775823968355,2.1557374843831805,-0.06505081989436459,0.6764329973346515,1779234246.061557,0.17298197346886154,2.3430062339601596,0.013576564737096163, 1779234246.076061, 1779234246.015743,0.9526169645760401
1779234246.2864518,42.90608358383179,-200,61.50928150461485,0.2,5.8904427978100795,0.24584982305100417,2.30856025736518,-0.06083752324322566,0.6623700465780562,1779234246.279632,None,None,None, None, 1779234246.279632,1.0419200220506555
1779234246.4877627,43.1073944568634,-200,61.50928150461485,0.2,5.875847265458716,0.2747225280057993,2.2985120367790053,-0.060044191113783285,0.6457821155561988,1779234246.4186077,None,None,None, None, 1779234246.4791527,1.0634367930177442
1779234246.6877415,43.30737328529358,-200,61.50928150461485,0.2,5.860080508750123,0.30753307151029696,2.2867663714139317,-0.05875403673561212,0.6269933088991319,1779234246.635814,None,None,None, None, 1779234246.6182015,1.080450505517462
1779234246.8858721,43.50550389289856,-200,61.50928150461485,0.2,5.846533202486864,0.34187483208600733,2.2742566710955305,-0.06931945251610426,0.6073006897824473,1779234246.8518453,None,None,None, None, 1779234246.8691819,1.016262024566633
1779234247.0882542,43.70788598060608,-200,61.50928150461485,0.2,5.831301689344358,0.37749810888717583,2.260762940777345,-0.06285531098394156,0.5914192750082605,1779234247.069976,0.2717376315914982,2.437336538621166,0.011685831757750655, 1779234247.084724, 1779234247.0714824,1.0073462485720857
1779234247.2872176,43.90684938430786,-200,61.50928150461485,0.2,5.906815695007673,0.3468835244407129,2.4036818660371155,-0.06249354159782681,0.576017879067905,1779234247.256837,None,None,None, None, 1779234247.2578366,0.9564849005038005
1779234247.487365,44.10699677467346,-200,61.50928150461485,0.2,5.893401261613006,0.37663817832060476,2.3941010098713047,-0.05927127256563133,0.5569963308662867,1779234247.4903643,None,None,None, None, 1779234247.4903643,0.9598595400998241
1779234247.6914601,44.311091899871826,-200,61.50928150461485,0.2,5.878320716092486,0.4103190948466566,2.382834549062803,-0.06057283631623436,0.5356777686783835,1779234247.6924648,None,None,None, None, 1779234247.676902,1.010719558509684
1779234247.8879335,44.50756525993347,-200,61.50928150461485,0.2,5.8616625280888695,0.44658091333383276,2.3701881086567633,-0.06681440805181653,0.5160657363291244,1779234247.8504267,None,None,None, None, 1779234247.8504267,1.0160973385634553
1779234248.0870671,44.70669889450073,-200,61.50928150461485,0.2,5.849932357117487,0.481555774379867,2.3578999361703237,-0.05893080176442406,0.5009666629243971,1779234248.0674906,None,None,None, None, 1779234248.0499287,1.0179983816174187
1779234248.2875004,44.907132148742676,-200,61.50928150461485,0.2,5.8343812544606255,0.5194651485874926,2.343688354306444,-0.060799549427855905,0.486566447680789,1779234248.2695608,0.38011330029217766,2.52043648340074,0.009795099148719446, 1779234248.094116, 1779234248.2798884,1.062377794166399
1779234248.4880795,45.10771131515503,-200,61.50928150461485,0.2,5.913904873050877,0.45465835292039825,2.49039132538928,-0.06247731362583054,0.4709404012900257,1779234248.4554281,None,None,None, None, 1779234248.4704628,1.057914739303078
1779234248.6879194,45.30755114555359,-200,61.50928150461485,0.2,5.898644575616966,0.48483985423023646,2.480691478305088,-0.06181219761572845,0.451770134952508,1779234248.6899185,None,None,None, None, 1779234248.6727848,1.0189415570189713
1779234248.8876038,45.507235527038574,-200,61.50928150461485,0.2,5.884101448321009,0.5181566891799767,2.469771032508546,-0.48824556942323566,0.28696998050083267,1779234248.827395,None,None,None, None, 1779234248.8765788,0.9733414999933302
1779234249.087401,45.707032680511475,-200,61.50928150461485,0.2,5.788812490418098,0.5513839615928329,2.4537838469868025,-0.05736900653988789,0.2696917401152107,1779234249.045225,None,None,None, None, 1779234249.0783541,0.9029018633927622
1779234249.2890358,45.90866756439209,-200,61.50928150461485,0.2,5.775491011929936,0.5865036282615183,2.437780682343161,-0.06488991621995402,0.25034672593389234,1779234249.2327187,0.4870951676340614,2.5860589562590452,0.008057669489779982, 1779234249.095912, 1779234249.2794552,1.0505222381806516
1779234249.4872527,46.106884479522705,-200,61.50928150461485,0.2,5.865322363066151,0.5628428868810682,2.5510958200953566,-0.06585768783347916,0.23016346710543764,1779234249.4347427,None,None,None, None, 1779234249.480808,0.957579817071041
1779234249.6896603,46.30929207801819,-200,61.50928150461485,0.2,5.850797796778831,0.5934311705571184,2.5396898745047594,-0.058738829805292596,0.21222985831902774,1779234249.6372612,None,None,None, None, 1779234249.6876545,1.0979901614516638
1779234249.8859859,46.50561761856079,-200,61.50928150461485,0.2,5.834153042904207,0.6282441236822579,2.5262574982823844,-0.06187104555593929,0.1930809332808452,1779234249.8252132,None,None,None, None, 1779234249.868629,0.9695971279640202
1779234250.087967,46.70759868621826,-200,61.50928150461485,0.2,5.822515546416907,0.6625141370071849,2.513005741534789,-0.06069765886173651,0.17442496275385916,1779234250.04235,None,None,None, None, 1779234250.0578787,1.0228313654599148
1779234250.2874334,46.90706515312195,-200,61.50928150461485,0.2,5.8050321143684265,0.7002269677682799,2.4974735612942744,-0.06270219332047633,0.15744369178866394,1779234250.2605824,0.6034713099470508,2.642160471011968,0.0062691392315163165, 1779234250.105029, 1779234250.2756114,0.9076838889147416
1779234250.4870548,47.10668659210205,-200,61.50928150461485,0.2,5.890094062869286,0.6804539650727647,2.608149605491308,-0.06049045935775006,0.1423329607179067,1779234250.4627082,None,None,None, None, 1779234250.4778235,1.0992764722774293
1779234250.687648,47.30727982521057,-200,61.50928150461485,0.2,5.875159781042378,0.71324672566271,2.597012214598874,-0.0846523661262728,0.12125794647538932,1779234250.6624565,None,None,None, None, 1779234250.6664524,1.061949943046807
1779234250.888137,47.507768869400024,-200,61.50928150461485,0.2,5.855505950962585,0.7483644342004205,2.5844346758085663,-0.06881713627711263,0.10320296114582292,1779234250.8504508,None,None,None, None, 1779234250.8675346,1.0538966380411974
1779234251.0871122,47.70674395561218,-200,61.50928150461485,0.2,5.839423006256136,0.7846316876667054,2.5710000122784082,-0.06069405160477122,0.08783354540338985,1779234251.0695307,None,None,None, None, 1779234251.0695307,1.0712809924592688
1779234251.2884305,47.90806221961975,-200,61.50928150461485,0.2,5.825697781920021,0.8214041157168884,2.5569607827641985,-0.05837361174141872,0.07400380157568769,1779234251.26926,0.7296890812333758,2.6874875029231915,0.00441247473224284, 1779234251.114209, 1779234251.2226503,1.0879116544375336
1779234251.4882834,48.10791516304016,-200,61.50928150461485,0.2,5.902940660834862,0.808698642993421,2.654468834639241,-0.06087909529198952,0.056996788286836485,1779234251.4269636,None,None,None, None, 1779234251.4389305,0.9144948602625207
1779234251.687239,48.30687069892883,-200,61.50928150461485,0.2,5.888800317696924,0.8423146212854509,2.643695159211876,-0.06120679744574898,0.03742636286204633,1779234251.69024,None,None,None, None, 1779234251.6440814,1.0247940360085674
1779234251.8873932,48.50702500343323,-200,61.50928150461485,0.2,5.874454613232644,0.8780111460336479,2.6318467017408445,-0.06220196831102084,0.017568051572558085,1779234251.8282409,None,None,None, None, 1779234251.8438108,1.0227378776964513
1779234252.0881398,48.70777153968811,-200,61.50928150461485,0.2,5.858927165159671,0.915316653886282,2.618891268541877,-0.1383529683491871,6.258283791246454,1779234252.0400412,None,None,None, None, 1779234252.0274892,0.9347691508454797
1779234252.2869046,48.9065363407135,-200,61.50928150461485,0.2,5.829205674024093,0.95269097061271,2.6044720402909824,-0.06217456836388185,6.24153196872318,1779234252.263817,0.863636789519963,2.7198313960318146,0.0025047095712626964, 1779234252.12308, 1779234252.2314312,0.9222945413296594
1779234252.4965146,49.11614632606506,-200,61.50928150461485,0.2,5.905528386179819,0.9433262886543491,2.687761681292771,-0.06075079298429108,6.225627002482375,1779234252.4654276,None,None,None, None, 1779234252.418765,0.9739142460019385
1779234252.6875587,49.30719041824341,-200,61.50928150461485,0.2,5.884794099290128,0.9804648271972739,2.675483057564687,-0.05969128337833066,6.211127939108371,1779234252.6657548,None,None,None, None, 1779234252.6494093,0.9992808401954414
1779234252.8889456,49.50857734680176,-200,61.50928150461485,0.2,5.879954374639388,1.0128809728587331,2.6654327808377385,-0.10185242862493712,6.184683389558999,1779234252.8515,None,None,None, None, 1779234252.8515,1.0037772542604917
1779234253.087206,49.70683765411377,-200,61.50928150461485,0.2,5.852152749238648,1.0523570861437788,2.6510223927224703,-0.06390921441699343,6.166469349387649,1779234253.0369,None,None,None, None, 1779234253.055515,1.0891662989773157
1779234253.287929,49.9075608253479,-200,61.50928150461485,0.2,5.838696607168183,1.0894396020005632,2.6374735684577786,-0.06269737736068974,6.147891029369394,1779234253.2414875,1.0003134669008398,2.7373699774104354,0.0005969445337091038, 1779234253.131839, 1779234253.2576773,1.042687236578225
1779234253.4875922,50.107223987579346,-200,61.50928150461485,0.2,5.910331603626507,1.08159497386925,2.7059529574650454,-0.06035577037482456,6.129425013187585,1779234253.4905946,None,None,None, None, 1779234253.4417512,0.9805973195593849
1779234253.6879218,50.30755352973938,-200,61.50928150461485,0.2,5.89601323836654,1.1168380578107109,2.6950059611678157,-0.05904467247118935,6.113288389734852,1779234253.674386,None,None,None, None, 1779234253.6899126,1.008941607650591
1779234253.8869607,50.50659251213074,-200,61.50928150461485,0.2,5.881240609532283,1.1540144442295772,2.6829977140443364,-0.9878014127578241,5.871949302791325,1779234253.855216,None,None,None, None, 1779234253.87343,0.9549631979974983
1779234254.0874605,50.70709228515625,-200,61.50928150461485,0.2,5.6921146367881175,1.1862864232028991,2.6616243268577904,-0.06260532328298198,5.8559323827850625,1779234254.0626924,None,None,None, None, 1779234254.0787625,0.9068720084186653
1779234254.286998,50.90662980079651,-200,61.50928150461485,0.2,5.677866133100646,1.2207667357664196,2.6412473055539367,-0.06487755093775788,5.835967632131324,1779234254.202553,1.1307061768586668,2.7401406016753582,0.10845365235753048, 1779234254.137239, 1779234254.218869,0.9438944982317093
1779234254.4893448,51.10897660255432,-200,61.50928150461485,0.2,5.815889128046379,1.20911749390674,2.703326800480804,-0.061953431847747785,5.8149459663537195,1779234254.433796,None,None,None, None, 1779234254.4807115,1.0361474321307265
1779234254.6858518,51.30548357963562,-200,61.50928150461485,0.2,5.798237052773587,1.243414718773406,2.688414169308591,-0.05888838069859645,5.797200998962476,1779234254.6365755,None,None,None, None, 1779234254.681802,0.9773109542988874
1779234254.886393,51.5060248374939,-200,61.50928150461485,0.2,5.786744775903482,1.277619908207051,2.673651977173881,-0.06082662163497404,5.779117876344529,1779234254.838921,None,None,None, None, 1779234254.8703606,1.027199540845096
1779234255.08715,51.70678186416626,-200,61.50928150461485,0.2,5.770032059294144,1.314766829860898,2.656811790523444,-0.061000658719110715,5.762111095653749,1779234255.0560708,None,None,None, None, 1779234255.0560708,1.0435900368024829
1779234255.2885334,51.90816521644592,-200,61.50928150461485,0.2,5.755369551398904,1.3514994994380072,2.639758158357759,-0.06228904635283716,5.746721024488708,1779234255.2729166,1.254586285955624,2.730238138453998,0.10673325710791018, 1779234255.148873, 1779234255.2572346,0.9294189281353881
1779234255.487264,52.10689568519592,-200,61.50928150461485,0.2,5.876890620772431,1.335844234046588,2.696821543528941,-0.1480773154137037,5.710261093586105,1779234255.4543786,None,None,None, None, 1779234255.4402788,1.083448134276276
1779234255.6868715,52.30650329589844,-200,61.50928150461485,0.2,5.84793165802849,1.370007338357218,2.6840968152521305,-0.060962505465225574,5.694933099775677,1779234255.66691,None,None,None, None, 1779234255.66691,1.098229004827392
1779234255.8873403,52.50697207450867,-200,61.50928150461485,0.2,5.832598740108056,1.406694864935306,2.6701192060836654,-0.06277045110019819,5.678914385666658,1779234255.851567,None,None,None, None, 1779234255.851567,0.9539770314679695
1779234256.0874412,52.70707297325134,-200,61.50928150461485,0.2,5.817166940664881,1.4441910535505138,2.655353990104727,-0.06074989623634807,5.662572182365857,1779234256.053804,None,None,None, None, 1779234256.0548084,1.0560251882604903
1779234256.2867806,52.90641236305237,-200,61.50928150461485,0.2,5.8028411700866664,1.4817598645476828,2.6400740363176034,-0.9769569369944298,5.404616246356321,1779234256.2552059,1.3876721652055681,2.7056450858155237,0.10485955920582189, 1779234256.159555, 1779234256.2552059,0.9410211120287929
1779234256.4870706,53.10670232772827,-200,61.50928150461485,0.2,5.762587633409007,1.4675324173047297,2.6689759892149505,-0.06103886856758035,5.386891648661267,1779234256.4890573,None,None,None, None, 1779234256.4738216,0.9165277357475113
1779234256.6899526,53.30958437919617,-200,61.50928150461485,0.2,5.743275430550465,1.5010604524821807,2.6513600570384175,-0.0626177837349484,5.369815804428403,1779234256.676655,None,None,None, None, 1779234256.676655,1.049769519334463
1779234256.8870227,53.506654500961304,-200,61.50928150461485,0.2,5.726263066366693,1.5364195392099458,2.6329485676730755,-0.1144156808878406,5.339354005335902,1779234256.8306413,None,None,None, None, 1779234256.8306413,0.9236790792890727
1779234257.0881634,53.70779514312744,-200,61.50928150461485,0.2,5.704683901345985,1.5704597222101877,2.614630821970993,-0.06388429233554233,5.320528940045144,1779234257.0499933,None,None,None, None, 1779234257.0801103,1.012753985750118
1779234257.2872338,53.90686559677124,-200,61.50928150461485,0.2,5.687690133282077,1.6068076243508949,2.5943841520577493,-0.05761284199345959,5.30588618793236,1779234257.269305,1.5185154707037236,2.6665181667571627,0.1029688275028585, 1779234257.17147, 1779234257.2827055,1.035366182275007
1779234257.4880462,54.107677936553955,-200,61.50928150461485,0.2,5.8270640404257374,1.5990532687579413,2.630081168942846,-0.07265361823717606,5.288638370869624,1779234257.4683678,None,None,None, None, 1779234257.4870245,0.9774658533876773
1779234257.688503,54.30813479423523,-200,61.50928150461485,0.2,5.808997486291457,1.6346997498233218,2.6154008454580318,-0.05729753207956078,5.275209944828286,1779234257.6732502,None,None,None, None, 1779234257.6732502,0.9904487552138962
1779234257.8887064,54.50833821296692,-200,61.50928150461485,0.2,5.795052757183714,1.6712173439262554,2.6000924017317617,-0.962485395392936,5.05289789943722,1779234257.871646,None,None,None, None, 1779234257.8701255,0.9782996398204452
1779234258.0871196,54.706751346588135,-200,61.50928150461485,0.2,5.610165522058108,1.7026494422967222,2.5755493109510494,-0.0626609288808972,5.0387966118762035,1779234258.0765367,None,None,None, None, 1779234258.0599604,1.0193472616619066
1779234258.2880511,54.9076828956604,-200,61.50928150461485,0.2,5.597581407656857,1.7354100866000473,2.5525846634288767,-0.06500739470146963,5.023532667591713,1779234258.2637258,1.6432543735602614,2.6140122089241955,0.10109512917173814, 1779234258.183649, 1779234258.2637258,1.012566759359992
1779234258.4874468,55.107078552246094,-200,61.50928150461485,0.2,5.7529470771275655,1.722359320332722,2.5735381830395005,-0.4874896729240549,4.902432923765225,1779234258.461734,None,None,None, None, 1779234258.4602306,0.9048747242065361
1779234258.6866798,55.30631160736084,-200,61.50928150461485,0.2,5.662256479109297,1.753634043693746,2.5530792167325593,-0.06089904138601878,4.886711626825923,1779234258.6534722,None,None,None, None, 1779234258.6534722,1.0103496900831035
1779234258.8868942,55.50652599334717,-200,61.50928150461485,0.2,5.646919187190143,1.7870265032080828,2.5321188977387177,-0.06024033177417269,4.871796948964816,1779234258.871716,None,None,None, None, 1779234258.8707156,1.0323730555216184
1779234259.0882478,55.70787954330444,-200,61.50928150461485,0.2,5.632040847626892,1.8212871210693018,2.510382854062202,-0.06203232633101553,4.857407867779394,1779234259.0714493,None,None,None, None, 1779234259.0868785,0.9055080205195388
1779234259.2916713,55.91130304336548,-200,61.50928150461485,0.2,5.616882693020763,1.8557355922857386,2.4880316281075676,-0.06849359562606185,4.838170204903051,1779234259.22803,1.7501346904974444,2.555567292651775,0.09940880041889573, 1779234259.193708, 1779234259.22803,0.9070163230499144
1779234259.5060117,56.125643491744995,-200,61.50928150461485,0.2,5.769924916609013,1.8296068657922206,2.5154446501554464,-0.06196941108178572,4.817262363420173,1779234259.444622,None,None,None, None, 1779234259.4279177,0.9822742438366642
1779234259.6875076,56.30713939666748,-200,61.50928150461485,0.2,5.748960553929882,1.8653346387886844,2.497976257546048,-0.06492904408364597,4.798971750101568,1779234259.6476812,None,None,None, None, 1779234259.6764574,1.0895544708509062
1779234259.8882465,56.50787830352783,-200,61.50928150461485,0.2,5.75063273495519,1.893749925254599,2.485425206663499,-0.06450444018427756,4.782965489046501,1779234259.879653,None,None,None, None, 1779234259.879653,1.002688326758463
1779234260.0881393,56.70777106285095,-200,61.50928150461485,0.2,5.725230991626475,1.9336572277728463,2.464653952725179,-0.058472037729473084,4.770304951994225,1779234260.0790894,None,None,None, None, 1779234260.0790894,0.9565067892495409
1779234260.2874196,56.90705132484436,-200,61.50928150461485,0.2,5.711568044825287,1.9697194851551463,2.446045234124772,-0.06309849922794902,4.756738614593604,1779234260.279717,1.86165188323588,2.478882318781082,0.09753510148443643, 1779234260.200131, 1779234260.2170088,1.018145621288922
1779234260.4875984,57.1072301864624,-200,61.50928150461485,0.2,5.842799180978148,1.9438686001170713,2.4457683165809967,-0.05975755409421697,4.743925979192823,1779234260.4800577,None,None,None, None, 1779234260.4800577,1.087818370587345
1779234260.687816,57.30744767189026,-200,61.50928150461485,0.2,5.827661243665255,1.9789970960419496,2.4321280275970376,-0.058870642445137684,4.730568027991307,1779234260.6676621,None,None,None, None, 1779234260.6832108,1.066427897042332
1779234260.8860936,57.505725383758545,-200,61.50928150461485,0.2,5.813265496517527,2.015521627086252,2.4175816258859655,-0.06142728079518081,4.717088719423376,1779234260.8850899,None,None,None, None, 1779234260.8682046,1.0389161191160035
1779234261.0873992,57.70703101158142,-200,61.50928150461485,0.2,5.7995255689423075,2.0523590438403083,2.40247105595047,-0.06286786849412435,4.703581351246877,1779234261.0738494,None,None,None, None, 1779234261.0562954,0.9081618571617331
1779234261.2877223,57.90735411643982,-200,61.50928150461485,0.2,5.782971602030986,2.0905081657667406,2.3859944548135292,-0.058283895470546,4.690473914155509,1779234261.2757006,1.9634206107204681,2.3915405091104787,0.0956784358201738, 1779234261.209626, 1779234261.2579525,0.9479560231902924
1779234261.4875853,58.10721707344055,-200,61.50928150461485,0.2,5.895990361584383,2.047571832137697,2.3644276570257006,-0.06278205856380795,4.675596168614154,1779234261.4613857,None,None,None, None, 1779234261.462405,0.9675738401109205
1779234261.6865737,58.30620551109314,-200,61.50928150461485,0.2,5.881040091622654,2.0819863498143936,2.3530907832471932,-0.0708859883615742,4.656876086416832,1779234261.6471682,None,None,None, None, 1779234261.6471682,1.0826615350940059
1779234261.8894224,58.50905418395996,-200,61.50928150461485,0.2,5.864901861283826,2.1182946362087014,2.3406686423301415,-0.06286787778143234,4.638340220128794,1779234261.8934646,None,None,None, None, 1779234261.848889,0.9811931596347094
1779234262.087437,58.70706868171692,-200,61.50928150461485,0.2,5.847859911206196,2.1567149270704546,2.3268431506763227,-0.060352275328844636,4.619047065233584,1779234262.0198562,None,None,None, None, 1779234262.0664182,1.0138905790679067
1779234262.287308,58.90693974494934,-200,61.50928150461485,0.2,5.83591686437947,2.1937103712554764,2.313362575393902,-0.061926320161440396,4.599465843573173,1779234262.2375362,2.056134609092657,2.2929464727814395,0.09380473615717562, 1779234262.220786, 1779234262.2828243,1.0991240462822112
1779234262.487141,59.106772661209106,-200,61.50928150461485,0.2,5.933042417467513,2.1410105227618326,2.270544634672536,-0.0679535481643857,4.579241229199523,1779234262.4381154,None,None,None, None, 1779234262.4846308,1.0266526393411592
1779234262.688156,59.30778765678406,-200,61.50928150461485,0.2,5.916924731597387,2.17490889617055,2.260609649329016,-0.07001665790224286,4.5594503034601015,1779234262.6545272,None,None,None, None, 1779234262.6665928,0.9576231750511897
1779234262.8880448,59.50767660140991,-200,61.50928150461485,0.2,5.899859448462696,2.211425021539153,2.2494307762881673,-0.060434258373696044,4.543428605080911,1779234262.8552504,None,None,None, None, 1779234262.8562531,1.0160790663164043
1779234263.0882273,59.70785903930664,-200,61.50928150461485,0.2,5.885890371982039,2.248765374141062,2.237677399854689,-0.06455228775002989,4.526488582198077,1779234263.0577765,None,None,None, None, 1779234263.0729573,1.0490254697245356
1779234263.2876399,59.90727162361145,-200,61.50928150461485,0.2,5.8704579802374,2.287093851740718,2.2249911713573742,-0.0573481610343235,4.511669669085422,1779234263.2576401,2.1349883672487926,2.1890618252457346,0.09199917068405698, 1779234263.224413, 1779234263.272516,1.0769368937913935
1779234263.4870725,60.106704235076904,-200,61.50928150461485,0.2,5.959933915042217,2.219676434769026,2.170180943626298,-0.10654765819567485,4.485297732616928,1779234263.4679856,None,None,None, None, 1779234263.4740272,1.0211537496720737
1779234263.6872385,60.306870222091675,-200,61.50928150461485,0.2,5.936954063211122,2.252379916574009,2.1610457006804893,-0.06267826228459553,4.47001419172862,1779234263.661642,None,None,None, None, 1779234263.661642,1.0822960662178862
1779234263.8917193,60.511351108551025,-200,61.50928150461485,0.2,5.921433199936532,2.2881405614979036,2.150847399348216,-0.05964439955111909,4.454881951442475,1779234263.864089,None,None,None, None, 1779234263.8329465,0.97909910156974
1779234264.095994,60.71562576293945,-200,61.50928150461485,0.2,5.90477171223321,2.3264217260018456,2.1394083539490314,-0.06083032305295937,4.4380417445518985,1779234264.0490634,None,None,None, None, 1779234264.0169735,0.969131934623765
1779234264.2882247,60.907856464385986,-200,61.50928150461485,0.2,5.890322966333922,2.3645810118854547,2.127684654056274,-0.0646154758178494,4.420180372876311,1779234264.2499437,2.199760729095988,2.0830010815727804,0.09027877309994356, 1779234264.23384, 1779234264.2499437,0.9219588960542142
1779234264.4875484,61.10718011856079,-200,61.50928150461485,0.2,5.97835277244401,2.2822333178823513,2.0669115889759633,-0.07457425000680451,4.401274574825315,1779234264.470624,None,None,None, None, 1779234264.4565294,1.050256184534472
1779234264.6882224,61.30785417556763,-200,61.50928150461485,0.2,5.95729670216401,2.3155776087003606,2.0581408548900466,-0.057080281084325946,4.38549141516162,1779234264.690214,None,None,None, None, 1779234264.6892097,1.0551845753387077
1779234264.8873699,61.507001638412476,-200,61.50928150461485,0.2,5.942519431188471,2.3508346691751205,2.048855340618168,-0.06251268175416004,4.368578191008917,1779234264.8753603,None,None,None, None, 1779234264.8893673,1.0434629660640689
1779234265.086229,61.70586085319519,-200,61.50928150461485,0.2,5.928363303402918,2.3874467803979105,2.0389261552005964,-0.06961185447494113,4.3519754235494625,1779234265.058593,None,None,None, None, 1779234265.0128524,0.9878439774694098
1779234265.290067,61.909698724746704,-200,61.50928150461485,0.2,5.912264220753771,2.4254802249925307,2.0279985652032377,-0.06067524803902454,4.335492582762673,1779234265.2468772,2.2575840408297956,1.961997237706135,0.08842210611402657, 1779234265.24588, 1779234265.2317948,1.028664837583955
1779234265.4946396,62.11427140235901,-200,61.50928150461485,0.2,5.986537680964745,2.342906953630364,1.9473430052151801,-0.06434733516543314,4.316725049798627,1779234265.4487493,None,None,None, None, 1779234265.4796321,0.9404150613009764
1779234265.6873455,62.30697727203369,-200,61.50928150461485,0.2,5.970623753051038,2.373999204394306,1.9398224620653144,-0.062253149384967676,4.299622526118988,1779234265.650203,None,None,None, None, 1779234265.6646864,1.0120283012807492
1779234265.8870745,62.50670623779297,-200,61.50928150461485,0.2,5.961824269343611,2.405594482528889,1.9324263987366788,-0.06622857803030655,4.283665958957589,1779234265.8819864,None,None,None, None, 1779234265.8677404,0.9938735129936982
1779234266.0870712,62.70670294761658,-200,61.50928150461485,0.2,5.942489104572004,2.443916859095341,1.9222804874083768,-0.061878614793765364,4.271037750010862,1779234266.0870712,None,None,None, None, 1779234266.0697958,1.0090338233746983
1779234266.2874484,62.90708017349243,-200,61.50928150461485,0.2,5.927584635334991,2.481967517508017,1.9119820521998367,-0.06944299275937288,4.256319849636106,1779234266.2748697,2.302232464094621,1.8355378216457507,0.08656543888070746, 1779234266.257691, 1779234266.2586915,0.9027317859846367
1779234266.4874456,63.1070773601532,-200,61.50928150461485,0.2,5.998270109621845,2.3860737976195936,1.823012181491677,-0.06042715268756915,4.2418067288952805,1779234266.4588284,None,None,None, None, 1779234266.4748626,0.9019677157507903
1779234266.6872344,63.30686616897583,-200,61.50928150461485,0.2,5.983606649743429,2.415622995082622,1.8161562963242288,-0.976958526967,3.975422911334202,1779234266.6417518,None,None,None, None, 1779234266.661828,0.999679327614464
1779234266.8873777,63.507009506225586,-200,61.50928150461485,0.2,5.799792971437816,2.4468407610940464,1.7988140483540298,-0.06299757297813,3.9575148585871656,1779234266.8481908,None,None,None, None, 1779234266.8798141,0.9064658481081894
1779234267.0875216,63.7071533203125,-200,61.50928150461485,0.2,5.7850648703977265,2.4816265009258105,1.7826353300712152,-0.060788790521867385,3.9407907757669127,1779234267.0507195,None,None,None, None, 1779234267.0202532,0.9293088926355789
1779234267.2871761,63.9068078994751,-200,61.50928150461485,0.2,5.771256719817291,2.5176987636069614,1.7660235507692943,-0.06823905888246656,3.9225866172680215,1779234267.2558477,2.3334207946190166,1.7038413618113626,0.08469173781519271, 1779234267.266521, 1779234267.2221813,1.058716300006093
1779234267.4875429,64.10717463493347,-200,61.50928150461485,0.2,5.8802127534371476,2.415669204968589,1.682468357188346,-0.09233221621068785,3.8983219990338087,1779234267.4554355,None,None,None, None, 1779234267.4875429,1.0569458846094955
1779234267.6890419,64.308673620224,-200,61.50928150461485,0.2,5.858778295076054,2.4447791742903155,1.6714251899578572,-0.10763756251861367,3.868531266802092,1779234267.643879,None,None,None, None, 1779234267.6759205,0.9067763622783042
1779234267.8871953,64.50682711601257,-200,61.50928150461485,0.2,5.834672226168695,2.477527301881794,1.6584952949137273,-0.060535285481730663,3.8503945413579683,1779234267.8299012,None,None,None, None, 1779234267.8615682,0.9363857126979105
1779234268.0882194,64.70785117149353,-200,61.50928150461485,0.2,5.821896454400722,2.5116913439974167,1.6450762065127735,-0.06285537922639764,3.8305723447237097,1779234268.03017,None,None,None, None, 1779234268.0472133,1.0358752671206621
1779234268.288193,64.90782475471497,-200,61.50928150461485,0.2,5.805514699511359,2.5485878278900302,1.629916797449394,-0.0746831219521763,3.8083441168932826,1779234268.2475765,2.350229891260902,1.570789041724668,0.08283507028041175, 1779234268.277556, 1779234268.2475765,1.0906049686098613
1779234268.487374,65.10700583457947,-200,61.50928150461485,0.2,5.9064375515106065,2.4314752785266887,1.5514642252579873,-0.05882079271880792,3.792406422125805,1779234268.4557111,None,None,None, None, 1779234268.4658267,1.031635799042682
1779234268.6874266,65.30705833435059,-200,61.50928150461485,0.2,5.892217159093786,2.4586232667288295,1.5423456838301386,-0.06480372058471845,3.775245511594062,1779234268.6538186,None,None,None, None, 1779234268.670885,1.0476814268592483
1779234268.8896768,65.50930857658386,-200,61.50928150461485,0.2,5.876270881044173,2.4904362456578406,1.5314501028555325,-0.062123727025531456,3.758747584654136,1779234268.8569465,None,None,None, None, 1779234268.8705132,1.0896020838047185
1779234269.0874047,65.70703649520874,-200,61.50928150461485,0.2,5.860240879361637,2.525410854760662,1.5191241219956708,-0.06034075702546219,3.7431632319497914,1779234269.0585797,None,None,None, None, 1779234269.0738676,0.9542160439854914
1779234269.2983842,65.91801595687866,-200,61.50928150461485,0.2,5.848136860527819,2.560644041821262,1.5065856849602592,-0.4870263658641244,3.6183236410063597,1779234269.2798553,2.3530102555305583,1.4428557705240845,0.08106357094363872, 1779234269.278856, 1779234269.2983842,1.0735027609119356
1779234269.4938123,66.11344408988953,-200,61.50928150461485,0.2,5.863228050497402,2.4361080811297047,1.4221732133313159,-0.05926704976610395,3.602331712563312,1779234269.4324436,None,None,None, None, 1779234269.4948156,0.9075599691905764
1779234269.686553,66.30618476867676,-200,61.50928150461485,0.2,5.8549626652182765,2.458616787260638,1.4131218648190942,-0.05320599677144406,3.586203205880652,1779234269.6375291,None,None,None, None, 1779234269.638527,0.9069787629739366
1779234269.8876808,66.50731253623962,-200,61.50928150461485,0.2,5.842767835430044,2.488897966658113,1.4013443087713642,-0.0625050623331075,3.568498268573867,1779234269.8530688,None,None,None, None, 1779234269.8377469,0.9905699205736261
1779234270.0873957,66.70702743530273,-200,61.50928150461485,0.2,5.823481170861583,2.5246589984031615,1.386898632104287,-0.12859968256271678,3.5359734920050023,1779234270.06767,None,None,None, None, 1779234270.038539,1.0863614287624228
1779234270.2889276,66.90855932235718,-200,61.50928150461485,0.2,5.796766949399298,2.5597274790885924,1.3718851645771388,-0.06091725019818491,3.521434495870747,1779234270.2694364,2.343131482756073,1.3177404687721923,0.07932613893203334, 1779234270.283781, 1779234270.2544115,1.037722255044539
1779234270.4887974,67.1084291934967,-200,61.50928150461485,0.2,5.899314545608097,2.4230831009681255,1.2986552531320774,-0.05304397253110574,3.509237517550662,1779234270.4761672,None,None,None, None, 1779234270.4761672,1.0896450775851474
1779234270.6878119,67.30744361877441,-200,61.50928150461485,0.2,5.886474267733909,2.447875611065772,1.2899805815686989,-0.061085422710607115,3.4926716059576783,1779234270.6898122,None,None,None, None, 1779234270.6898122,0.9072921956631366
1779234270.8884926,67.50812435150146,-200,61.50928150461485,0.2,5.872111024426369,2.477825292075716,1.2794939562102532,-0.972086510995,3.218684290779612,1779234270.8670254,None,None,None, None, 1779234270.841736,1.0706133001255493
1779234271.0887194,67.7083511352539,-200,61.50928150461485,0.2,5.684400813404813,2.5080617046284073,1.2579586649856982,-0.06147438320569323,3.20347543764409,1779234271.0617619,None,None,None, None, 1779234271.0617619,0.9804796447724738
1779234271.2875779,67.90720963478088,-200,61.50928150461485,0.2,5.671355263950739,2.54117937809692,1.237867702861375,-0.060461067928193425,3.189336804166242,1779234271.278509,None,None,None, None, 1779234271.2644777,1.0038807417146487
1779234271.4865134,68.10614514350891,-200,61.50928150461485,0.2,5.658637019282065,2.575188696131505,1.2173736219641134,-0.06286019743620407,3.1748749410305117,1779234271.464454,2.3183145935483824,1.1834459848991135,0.07743540420297236, 1779234271.29156, 1779234271.448432,1.0187886667264479
1779234271.6871498,68.30678153038025,-200,61.50928150461485,0.2,5.801569290171148,2.392739920461755,1.1568731957366432,-0.976026703242495,2.9222703584798415,1779234271.650032,None,None,None, None, 1779234271.6535404,0.9582895409889666
1779234271.8873456,68.50697731971741,-200,61.50928150461485,0.2,5.623431140944243,2.4139343432624725,1.137571416480793,-0.05683460942918803,2.9069845962447394,1779234271.8547037,None,None,None, None, 1779234271.8547037,1.0652351467280332
1779234272.0887854,68.70841717720032,-200,61.50928150461485,0.2,5.608410884788375,2.4406060934554805,1.1178518548886895,-0.06076171226402125,2.8927613885998147,1779234272.0872848,None,None,None, None, 1779234272.0872848,1.0001199040275204
1779234272.287773,68.90740466117859,-200,61.50928150461485,0.2,5.593396499188292,2.4707281376637775,1.0963130561545438,-0.060803227709326876,2.877042226061349,1779234272.2287307,None,None,None, None, 1779234272.2287307,0.9902565115583384
1779234272.491643,69.11127471923828,-200,61.50928150461485,0.2,5.580530426468181,2.501835350983818,1.074185927707661,-0.06694231525203147,2.8556208811730808,1779234272.492647,2.2799542364636514,1.054939375673361,0.07557873694548374, 1779234272.304568, 1779234272.4300568,0.9331142429780745
1779234272.687206,69.30683779716492,-200,61.50928150461485,0.2,5.738899364130684,2.3561066976569904,1.0234870272170036,-0.0629975609125879,2.8349217795724395,1779234272.6157854,None,None,None, None, 1779234272.6303878,0.9415557632139339
1779234272.8867044,69.5063362121582,-200,61.50928150461485,0.2,5.727668755890813,2.3773300332163396,1.0120076707915493,-0.05767054634090543,2.8153752738079882,1779234272.8186896,None,None,None, None, 1779234272.8348114,0.9353181500609178
1779234273.0868652,69.70649695396423,-200,61.50928150461485,0.2,5.711393710290573,2.4059612306833285,0.9962857441211845,-0.06479549242283074,2.7958671883915147,1779234273.0533547,None,None,None, None, 1779234273.0533547,1.0107320074078694
1779234273.2885668,69.908198595047,-200,61.50928150461485,0.2,5.695663782828238,2.437062967520834,0.9790423091558903,-0.06768055104190054,2.7786735080596707,1779234273.2687297,None,None,None, None, 1779234273.2687297,0.9064684385090818
1779234273.488359,70.10799074172974,-200,61.50928150461485,0.2,5.678988929634499,2.4702849803905593,0.9601267121861002,-0.06082670862316237,2.7645380807018385,1779234273.474079,2.2270938358979073,0.9290161274595695,0.07368800264682565, 1779234273.316661, 1779234273.473078,0.9176564722548348
1779234273.6884205,70.30805230140686,-200,61.50928150461485,0.2,5.814859895982199,2.30255446998346,0.9047227171089016,-0.07296841098162815,2.7439333402005173,1779234273.6904187,None,None,None, None, 1779234273.691922,0.960721857756204
1779234273.8901837,70.50981545448303,-200,61.50928150461485,0.2,5.797698674194133,2.3238478315985587,0.8947426810375876,-0.0670113399283556,2.725146361582598,1779234273.8776312,None,None,None, None, 1779234273.8926935,1.0528594321398757
1779234274.0880466,70.70767831802368,-200,61.50928150461485,0.2,5.7809089537046745,2.35107366657281,0.8820577882492031,-0.06387539291329286,2.710993931462964,1779234274.0758934,None,None,None, None, 1779234274.0758934,1.0463288302975224
1779234274.2900195,70.90965127944946,-200,69.32302501214944,0.2,5.7677400167625406,2.381047690205618,0.8681606035447298,-0.06447908128550496,2.6957024282251134,1779234274.2639816,None,None,None, None, 1779234274.2639816,1.024435228228275
1779234274.487217,71.10684871673584,-200,61.50928150461485,0.2,5.762314286487105,2.4160165150530943,0.8520723698440733,-0.06800153543680061,2.679024501330955,1779234274.4646895,2.1622327140563233,0.8116313790964093,0.07183143480039156, 1779234274.318636, 1779234274.4505403,0.9219783356278275
1779234274.6874256,71.30705738067627,-200,61.50928150461485,0.2,5.866965213374441,2.237318976650079,0.7919553698374013,-0.06021957172126305,2.664582787004067,1779234274.6698406,None,None,None, None, 1779234274.6698406,0.9740263927485412
1779234274.8889477,71.50857949256897,-200,61.50928150461485,0.2,5.8506021325710496,2.258464946438557,0.7832414727168364,-0.0650496185751906,2.650329950402372,1779234274.8865862,None,None,None, None, 1779234274.8514338,1.0405685656981074
1779234275.087111,71.70674276351929,-200,78.7848984578284,0.2,5.834390925761066,2.285302038672551,0.7723778820878995,-0.06572970914204768,2.632121852616232,1779234275.08811,None,None,None, None, 1779234275.0553648,0.992208397127672
1779234275.2872937,71.9069254398346,-200,105.02656324846659,0.2,5.84698380538927,2.3168621824421316,0.7612731995707194,-0.05962001418961674,2.6147928755610117,1779234275.273797,None,None,None, None, 1779234275.273797,1.0903288813338627
1779234275.4875605,72.10719227790833,-200,61.50928150461485,0.2,5.876149027728959,2.3554338968433584,0.7483467404292099,-0.054638669919693156,2.602538469091954,1779234275.4758945,2.093178640217852,0.7119731761734813,0.07017998868624449, 1779234275.319072, 1779234275.4758945,1.0518473672548787
1779234275.6888883,72.30852007865906,-200,61.50928150461485,0.2,5.908930451430788,2.1706229587189667,0.6938695661570304,-0.06206582065390378,2.587696046647801,1779234275.6612387,None,None,None, None, 1779234275.6612387,1.0808886429314806
1779234275.8879495,72.50758123397827,-200,84.01645703267016,0.2,5.8933864882406715,2.192128935197532,0.6861744038175661,-0.05990755160898069,2.5727978441965424,1779234275.8647745,None,None,None, None, 1779234275.8475714,1.0103059668041239
1779234276.0869563,72.70658802986145,-200,109.20848189239625,0.2,5.9148474179610915,2.2205845027228563,0.6782734321837722,-0.059537242034088944,2.5584313878215994,1779234276.0668256,None,None,None, None, 1779234276.0668256,0.9729167790538915
1779234276.2880023,72.90763401985168,-199.97852597244764,130.46924163361132,0.2,5.94374910046677,2.25703581181524,0.6683982339112502,-0.0546560969491005,2.5462579829886423,1779234276.2859442,None,None,None, None, 1779234276.2859442,0.9455482288812215
1779234276.4885936,73.10822534561157,-200,76.66993068576303,0.2,5.971806245457816,2.3001773175045273,0.6563353679584325,-0.04925425262208796,2.536375670273209,1779234276.4885936,2.001172507668605,0.6041810246569682,0.06841549956954869, 1779234276.329103, 1779234276.4707985,0.9589693855158438
1779234276.6873085,73.30694031715393,-200,98.74246782392443,0.2,5.970267605605988,2.080727648293695,0.5903357701433278,-0.05381999571027194,2.5251400399126425,1779234276.6762426,None,None,None, None, 1779234276.6601367,0.9879409830659321
1779234276.887601,73.50723266601562,-200,120.12978273058856,0.2,5.994171352544767,2.103665749703085,0.5852875228854777,-0.05601913905898838,2.511952121680218,1779234276.862532,None,None,None, None, 1779234276.862532,1.0613887015109862
1779234277.0873597,73.70699143409729,-189.97477136228477,138.1127578454525,0.2,6.019704715578433,2.137552390625503,0.5779384217019534,-0.04822515875985193,2.499432954611468,1779234277.0515354,None,None,None, None, 1779234277.0500288,1.0659079310784483
1779234277.288034,73.9076657295227,-158.54705336500194,156.62667090670192,0.2,6.045392209932226,2.178609941606301,0.5688936599945214,-0.0732620842575778,2.4819953794806633,1779234277.2854977,None,None,None, None, 1779234277.2844973,1.0796980191546128
1779234277.4876676,74.10729932785034,-200,111.64515174335908,0.2,6.0732043742021675,2.2243940125123345,0.5586593586403481,-0.03738183982795736,2.4720526020890605,1779234277.4238586,1.8954436876682352,0.5028019028949964,0.06690675916500945, 1779234277.344988, 1779234277.4866612,0.9057471668377467
1779234277.6879997,74.30763149261475,-200,128.26493504474843,0.2,6.067307968082464,1.9761491085860823,0.4938017703634847,-0.05829634514501049,2.453120102675331,1779234277.6900017,None,None,None, None, 1779234277.6915061,1.0705623822832022
1779234277.8880033,74.50763511657715,-181.70464306434354,143.6578864182148,0.2,6.086591171697662,2.0026973247882234,0.48931614678311464,-0.04770458993779248,2.4401247287362766,1779234277.876206,None,None,None, None, 1779234277.876206,0.9756347376990324
1779234278.0870318,74.70666360855103,-146.30691075450804,162.3803609674459,0.2,6.1092165277069,2.0393357652997057,0.4831883158788628,-0.08584162408849784,2.420151911226304,1779234278.0646262,None,None,None, None, 1779234278.0646262,0.9928387241191023
1779234278.288371,74.90800285339355,-111.28132787242048,176.04235221136065,0.2,6.136627977901231,2.0823437323128315,0.47605815345085123,-0.17286664569769764,2.3794770378490666,1779234278.2756748,None,None,None, None, 1779234278.2654982,0.9062129721129614
1779234278.4870195,75.10665130615234,-168.81800185044295,151.26458728054695,0.2,6.143290691438605,2.129512979872521,0.4661390926019031,0.002003123813311347,2.37993655954401,1779234278.4679558,1.7784697297126042,0.4080957173296589,0.06577112183739246, 1779234278.359377, 1779234278.4845088,1.0452922918773395
1779234278.6883667,75.30799841880798,-162.88475365776335,154.42801105359675,0.2,6.169512877765649,1.8582247339119475,0.40373125890498507,-0.004407076124986268,2.3788964430774584,1779234278.6717606,None,None,None, None, 1779234278.6883667,0.9526914167523957
1779234278.8870099,75.50664162635803,-157.82131886449116,156.9857832776892,0.2,6.179493097915802,1.8858525240549249,0.40027052220412074,-0.017849569628151856,2.3744768456781693,1779234278.8536458,None,None,None, None, 1779234278.8744156,1.0060539381900169
1779234279.1008463,75.72047805786133,-156.38709280018006,157.68840515077804,0.2,6.184735857590898,1.92242837947292,0.395166052402919,-0.009358761840057565,2.3719376053550834,1779234279.0737374,None,None,None, None, 1779234279.0837924,1.0346854608338705
1779234279.2860117,75.90564346313477,-157.9529275795904,156.92084006746853,0.2,6.193133356166532,1.9699021479423848,0.38852131974156023,-0.0068966767531188425,2.370466718570039,1779234279.2850113,None,None,None, None, 1779234279.2219296,0.9662441789729906
1779234279.4876127,76.10724449157715,-200,109.8325235941944,0.2,6.185043911826783,2.010057990789818,0.3815209507363342,-0.006832276220532166,2.3690619861306974,1779234279.4841042,1.6702462829434097,0.32887480684522563,0.06562940590263124, 1779234279.370736, 1779234279.4841042,0.931573071872046
1779234279.690581,76.31021285057068,-200,113.07793927630276,0.2,6.155741460090537,1.7502552142846564,0.32492753538847285,-0.025147543520340238,2.3627424839603406,1779234279.6416025,None,None,None, None, 1779234279.6936467,1.0752365509354094
1779234279.8872519,76.50688362121582,-195.02239197980825,134.4034946977988,0.2,6.156324107792689,1.7742910621101466,0.3223042696833325,-0.09872204358395449,2.334964622799949,1779234279.8505082,None,None,None, None, 1779234279.8434641,1.0586355153891842
1779234280.101829,76.72146081924438,-145.39058796202323,162.7869854822053,0.2,6.1777328303397185,1.807525399367833,0.31993689712274076,-0.12006260287777619,2.300365712608953,1779234280.0624504,None,None,None, None, 1779234280.1028357,0.9819210977940207
1779234280.2869709,76.90660262107849,-114.80694667168352,174.8187285127106,0.2,6.2236402621814975,1.8544430331551744,0.3174059390047237,-0.03119247689524846,2.292581002054575,1779234280.2614188,None,None,None, None, 1779234280.2834654,1.0283930645765396
1779234280.4876323,77.10726404190063,-172.5621284912507,149.1660652543003,0.2,6.239415018932159,1.8940657141414226,0.31260129915524715,0.01786801467423506,2.297173234642965,1779234280.4556892,1.5264289725165734,0.22981740832090367,0.06446602398539654, 1779234280.373467, 1779234280.4628518,1.0712969097835936
1779234280.6877208,77.3073525428772,-179.83881967396206,144.83033303431907,0.2,6.248197682501541,1.6045733842852474,0.23144049182950854,0.005965839184757726,2.2985934708389246,1779234280.680664,None,None,None, None, 1779234280.680664,1.0244065107866274
1779234280.8883731,77.50800490379333,-177.75673432574695,146.10814454538743,0.2,6.242773679419431,1.6286250595186365,0.22991413969468333,-0.025883705428316642,2.292809215211176,1779234280.8715959,None,None,None, None, 1779234280.8615384,0.9690403678321683
1779234281.0990052,77.7186369895935,-169.26470114728423,151.01856989077802,0.2,6.243115568744374,1.6640737149367761,0.22763353337303727,-0.03371990868384904,2.2838226104525274,1779234281.0578907,None,None,None, None, 1779234281.0588918,0.9955784820275716
1779234281.2880292,77.90766096115112,-150.19369846079724,160.6200222817871,0.2,6.252231310965693,1.7093052884985678,0.22495759918421498,-0.05495433738332026,2.270252611278185,1779234281.2702208,None,None,None, None, 1779234281.2555878,0.9799016719003358
1779234281.4897091,78.10934090614319,-181.0313103617531,144.08406319380407,0.2,6.260161910939114,1.75087775403455,0.22206503890053853,-0.024869077680950008,2.263421356144938,1779234281.4922142,1.3901343764290872,0.14501014149852093,0.06410826319258, 1779234281.381428, 1779234281.4932194,1.0596435046376378
1779234281.6879704,78.30760216712952,-170.51199659140482,150.3254829756709,0.2,6.267344804269501,1.4688185535899234,0.14781257304270667,-0.03717067241556636,2.253526130773171,1779234281.6772034,None,None,None, None, 1779234281.6255772,0.9794901795046147
1779234281.887539,78.50717067718506,-154.10070135554966,158.78960851820244,0.2,6.27571931704523,1.49232154972594,0.147454968520357,-0.04398684674366669,2.242995599724482,1779234281.8572695,None,None,None, None, 1779234281.8778052,1.0066607566995172
1779234282.0873387,78.70697045326233,-142.55522539106522,164.02576990667146,0.2,0.006704957842904651,1.5283940381509795,0.14675613663769838,-0.02808951623109587,2.235758800815126,1779234282.05877,None,None,None, None, 1779234282.05877,1.0125167282728915
1779234282.288073,78.90770483016968,-142.05914188491093,164.23956082184466,0.2,0.017880848446184653,1.5717357455900638,0.14528572993661548,-0.01032448530827635,2.233223181223487,1779234282.2707758,None,None,None, None, 1779234282.2707758,0.9757571352925188
1779234282.4877062,79.10733795166016,-181.9179159885219,143.52216239289012,0.2,0.021575505746458726,1.6193723129530662,0.14289316630850024,0.01171957600523585,2.2359253787467472,1779234282.4727871,1.2511444530747902,0.06461919211940255,0.06357429055411004, 1779234282.388982, 1779234282.4727871,0.9249994482320153
1779234282.6874533,79.30708503723145,-186.99115613837378,140.1833483971731,0.2,0.013082514792560508,1.328806450399792,0.06883284918910149,-0.017091137237453896,2.231841247520394,1779234282.6621418,None,None,None, None, 1779234282.68174,1.052703939776447
1779234282.9101317,79.5297634601593,-173.49164969504577,148.6318384483134,0.2,0.005460479474324873,1.352676996604199,0.06854763037662703,-0.05504348306672505,2.216118311984487,1779234282.8705013,None,None,None, None, 1779234282.8308349,0.9603352795025527
1779234283.0864742,79.7061059474945,-152.6609603837138,159.4714903774899,0.2,0.019913027867166786,1.3935383066862357,0.06893070834144055,-0.05088008099950935,2.204130213065821,1779234283.0668323,None,None,None, None, 1779234283.0497358,1.0597884043984214
1779234283.287982,79.90761375427246,-136.29435426155203,166.66247314185438,0.2,0.0244000255094302,1.4250625849230851,0.06830139076240005,-0.032792846394972944,2.1960522722810425,1779234283.261795,None,None,None, None, 1779234283.270375,1.093368912462181
1779234283.4871597,80.10679149627686,-161.42190723087933,155.17972670282026,0.2,0.047916442796212724,1.4784375907771352,0.06835802314203221,-0.0014513550579767992,2.195700326887315,1779234283.4690099,1.1116781999318623,-0.01119786778205653,0.0630626039246012, 1779234283.391982, 1779234283.4680123,0.9102713700207752
1779234283.6879776,80.30760931968689,-171.3016652742534,149.8819213865285,0.2,0.05094474384200785,1.188762744034729,-0.005347529039940291,-0.001977666664640126,2.1952437750305496,1779234283.6750808,None,None,None, None, 1779234283.6114545,1.0355629452772308
1779234283.8871427,80.50677442550659,-175.23417188584264,147.6154424051154,0.2,0.04307657264295665,1.213296821061785,-0.005012283548951224,-0.015281877426506281,2.1916103111081484,1779234283.860432,None,None,None, None, 1779234283.8700175,0.9231348026303993
1779234284.087267,80.70689868927002,-166.2394070686273,152.6627375767749,0.2,0.03789822634039167,1.2486015044149257,-0.004911172461326885,-0.039936510003771054,2.1811677849310223,1779234284.0516138,None,None,None, None, 1779234284.0516138,1.0536329734205472
1779234284.2879913,80.90762305259705,-146.03427628623513,162.50167093548907,0.2,0.04417956330350276,1.2920043930655254,-0.004372512378306936,-0.05281946949981903,2.1671132456136855,1779234284.2572503,None,None,None, None, 1779234284.2572503,1.0134262602328257
1779234284.4877183,81.10735011100769,-146.44704200467694,162.3179006658571,0.2,0.06011394086238277,1.3393717587085057,-0.0035207334476972107,-0.024475412405244153,2.1608368719124207,1779234284.4607458,0.9674282061909637,-0.08477917576797994,0.06266880590351935, 1779234284.397094, 1779234284.467155,1.0967023437669823
1779234284.686785,81.30641674995422,-154.30075706303697,158.6941620790683,0.2,0.0798453794193089,1.0438333106310222,-0.07757289902850895,-0.0029158475341139033,2.1600830548212375,1779234284.6537952,None,None,None, None, 1779234284.681865,1.0671162344963592
1779234284.8879418,81.50757360458374,-168.13828359379062,151.63675018185518,0.2,0.07544444106602481,1.0670585107764545,-0.07658607216384761,0.00323504563075558,2.1608689558169365,1779234284.8776433,None,None,None, None, 1779234284.8914442,0.9737440965126896
1779234285.0944965,81.71412825584412,-174.30112110303583,148.162133507405,0.2,0.06481845230118548,1.1030491265878326,-0.07606682382934515,-0.014077756269998326,2.1574237636439033,1779234285.0636168,None,None,None, None, 1779234285.0964935,0.9688467578886185
1779234285.2895703,81.90920209884644,-164.9620220349926,153.34188215417782,0.2,0.05869769251730707,1.14753403183375,-0.07542978445529336,-0.041606543175278135,2.1475615055820296,1779234285.2774837,None,None,None, None, 1779234285.278478,0.9302488388744499
1779234285.4882205,82.10785222053528,-152.50259483257136,159.5459623917903,0.2,0.06198581505490079,1.191901570723914,-0.07446353650584925,-0.026595173443052463,2.141338914322532,1779234285.4634707,0.8233273677922969,-0.1543036463100973,0.06244285305242924, 1779234285.401945, 1779234285.4736536,1.0353945195199943
1779234285.6880078,82.30763959884644,-151.8370969836302,159.8577777410327,0.2,0.089915038465074,0.8995010790020125,-0.14641348958578226,-0.02210273536798126,2.135656994333088,1779234285.6543977,None,None,None, None, 1779234285.6626694,0.9333544146074421
1779234285.8880134,82.50764513015747,-158.26548194914156,156.76628860455247,0.2,0.0914993516044747,0.923060589796332,-0.144843005418541,-0.008441438382594424,2.133542323757354,1779234285.8701124,None,None,None, None, 1779234285.8617861,1.0497277488468812
1779234286.0879183,82.70755004882812,-165.49748743440304,153.05825379537262,0.2,0.08718833028378013,0.9585935769464973,-0.14350256234209713,-0.00968691307029487,2.1313015387145455,1779234286.0733044,None,None,None, None, 1779234286.078298,0.935183851482075
1779234286.2873473,82.90697908401489,-169.43865381601017,150.92245480132192,0.2,0.08071855876211274,1.001899272701029,-0.14237806895196758,-0.014976608158505988,2.1278964355074486,1779234286.2735245,None,None,None, None, 1779234286.263499,1.0255228810533759
1779234286.4871333,83.10676503181458,-147.97775333453495,161.63078292297976,0.2,0.07618391926819604,1.0492341751854635,-0.1412219767318703,-0.0313784968108973,2.1203243744699862,1779234286.4584203,0.6804035136907279,-0.22019580430227573,0.06211874976094296, 1779234286.407558, 1779234286.4417274,1.0395837679143438
