epoch [s],elapsed [s],x [m],y [m],z [m],roll [deg],pitch [deg],yaw [deg],broadcast
1781562227.1306937,0.06316065788269043,-5.009132282413841e-05,1.000000000574137,0.027810579489930237,0.0,0.0,359.99999991745904,False
1781562227.2111614,0.14362835884094238,-5.0349283404801114e-05,1.0000000005534238,0.027840338379858953,0.0,0.0,359.99999991746125,False
1781562227.2721744,0.20464134216308594,-5.065435343249722e-05,1.000000000545598,0.027849693888484756,0.0,0.0,359.9999999174602,False
1781562227.3332465,0.2657134532928467,-5.093255812111306e-05,1.0000000005548333,0.027833153792270596,0.0,0.0,359.999999917463,False
1781562227.3953843,0.3278512954711914,-5.09408328795383e-05,1.0000000005732141,0.027804456667764262,0.0,0.0,359.99999991746483,False
1781562227.4633868,0.39585375785827637,-5.075619505715661e-05,1.0000000005931382,0.02777401004930985,0.0,0.0,359.99999991746535,False
1781562227.5413442,0.47381114959716797,-5.037342521435267e-05,1.0000000006077072,0.02775131430186154,0.0,0.0,359.9999999174697,False
1781562227.600125,0.5325920581817627,-5.010383731803254e-05,1.0000000006029193,0.027757334922857015,0.0,0.0,359.9999999174688,False
1781562227.656438,0.5889050960540771,-5.005323266165614e-05,1.0000000005867156,0.02778095157792837,0.0,0.0,359.99999991746984,False
1781562227.7177162,0.6501832008361816,-5.017024852111075e-05,1.0000000005691703,0.027807661756163303,0.0,0.0,359.9999999174712,False
1781562227.7798865,0.7123534679412842,-5.044036453231119e-05,1.0000000005521261,0.027835423135164072,0.0,0.0,359.9999999174581,False
1781562227.8450856,0.777552604675293,-5.080984917903275e-05,1.0000000005461653,0.027849508867831954,0.0,0.0,359.9999999174736,False
1781562227.904897,0.8373639583587646,-5.095578725223723e-05,1.000000000556388,0.027838237637446726,0.0,0.0,359.9999999174751,False
1781562227.9610324,0.8934993743896484,-5.0922122749672085e-05,1.000000000572343,0.027816156780372928,0.0,0.0,359.9999999174765,False
1781562228.0186987,0.9511656761169434,-5.075141891671019e-05,1.0000000005897167,0.027789336755381828,0.0,0.0,359.99999991747745,False
1781562228.0816534,1.01412034034729,-5.041189534669929e-05,1.0000000006057899,0.027759747415011308,0.0,0.0,359.99999991748285,False
1781562228.1463835,1.078850507736206,-5.010252185024354e-05,1.0000000006048129,0.027751508778621904,0.0,0.0,359.9999999174803,False
1781562228.2138855,1.1463525295257568,-5.005527169765588e-05,1.0000000005902674,0.027767074576760177,0.0,0.0,359.99999991748183,False
1781562228.2719138,1.204380750656128,-5.017449647606557e-05,1.0000000005729548,0.027791202480245705,0.0,0.0,359.9999999174828,False
1781562228.3362155,1.2686824798583984,-5.048944064780104e-05,1.0000000005527097,0.027825995961605718,0.0,0.0,359.99999991765895,False
1781562228.4053745,1.337841510772705,-5.087164506391576e-05,1.0000000005466767,0.0278491813083882,0.0,0.0,359.9999999174855,False
1781562228.4692392,1.4017062187194824,-5.0960146687562264e-05,1.0000000005580332,0.027842429198157725,0.0,0.0,359.999999917487,False
1781562228.5343442,1.466811180114746,-5.084718111138223e-05,1.000000000577373,0.02781885367467227,0.0,0.0,359.9999999174881,False
1781562228.6155198,1.5479867458343506,-5.045085103896664e-05,1.0000000006025105,0.02777529487724782,0.0,0.0,359.99999991747046,False
1781562228.6785905,1.6110575199127197,-5.012365875753482e-05,1.0000000006071326,0.027751850072350377,0.0,0.0,359.99999991749155,False
1781562228.7449615,1.6774284839630127,-5.005738844923512e-05,1.0000000006021648,0.0277511340945263,0.0,0.0,359.9999999174925,False
1781562228.8215117,1.7539787292480469,-5.004885366204589e-05,1.000000000598268,0.027753233143356794,0.0,0.0,359.999999917493,False
1781562228.887239,1.8197059631347656,-5.008256237697689e-05,1.0000000005883418,0.02776199639822288,0.0,0.0,359.9999999174937,False
1781562228.9609008,1.8933677673339844,-5.036441142765929e-05,1.0000000005625567,0.02779728781611148,0.0,0.0,359.9999999174921,False
1781562229.022675,1.9551420211791992,-5.0707343122044396e-05,1.0000000005474141,0.027830907473450954,0.0,0.0,359.99999991749536,False
1781562229.1711626,2.1036295890808105,-5.0945553929483474e-05,1.00000000055976,0.027845638208190932,0.0,0.0,359.9999999174992,False
1781562229.2486,2.1810669898986816,-5.044613650618513e-05,1.0000000006000989,0.027790697702875313,0.0,0.0,359.99999991749223,False
1781562229.317886,2.2503530979156494,0.0011454350118890303,1.0000000006060015,0.02775835124273144,0.0,0.0,359.9999999174955,False
1781562229.3967175,2.3291845321655273,0.00486915859209751,1.0000000005848635,0.027753974871812626,0.0,0.0,359.99999991750684,False
1781562229.4706032,2.4030702114105225,0.009429513684032997,1.0000000005563472,0.02777475141466806,0.0,0.0,359.99999991755703,False
1781562229.531384,2.463850975036621,0.01436985107472412,1.0000000005331926,0.027800164895572507,0.0,0.0,359.9999999175834,False
1781562229.5924513,2.5249183177948,0.020885859767975877,1.0000000005177048,0.027823244026717556,0.0,0.0,359.99999991749286,False
1781562229.6512668,2.5837337970733643,0.028126713127790054,1.0000000005169922,0.027830084783830537,0.0,0.0,359.9999999172148,False
1781562229.7176225,2.6500895023345947,0.0349196812479952,1.0000000005243468,0.027822026348532217,0.0,0.0,359.99999991685957,False
1781562229.7775636,2.7100305557250977,0.04100615263988032,1.0000000005310044,0.027808507407670175,0.0,0.0,359.999999916548,False
1781562229.8376033,2.7700703144073486,0.049411609722446466,1.000000000532142,0.027789267622708308,0.0,0.0,359.9999999162518,False
1781562229.9023135,2.83478045463562,0.05915393368353879,1.0000000005154426,0.02777639629006894,0.0,0.0,359.9999999162228,False
1781562229.9676828,2.9001498222351074,0.06687114060735559,1.0000000004905953,0.02777624247860472,0.0,0.0,359.99999991642284,False
1781562230.0291412,2.9616081714630127,0.07354887658900143,1.0000000004657483,0.027781933493201953,0.0,0.0,359.999999916669,False
1781562230.0983186,3.03078556060791,0.08251058891550782,1.0000000004359049,0.02779350380527845,0.0,0.0,359.9999999169339,False
1781562230.1587687,3.091235637664795,0.09264445869211996,1.0000000004167982,0.027804751109954347,0.0,0.0,359.9999999169353,False
1781562230.2185235,3.1509904861450195,0.10055674970140775,1.00000000041447,0.027808534838516932,0.0,0.0,359.9999999166826,False
1781562230.2896712,3.2221381664276123,0.10849520092197464,1.0000000004189697,0.02780741274324588,0.0,0.0,359.9999999162949,False
1781562230.3535662,3.2860331535339355,0.11759920279014788,1.0000000004238239,0.027801999308699196,0.0,0.0,359.999999915858,False
1781562230.4178646,3.3503315448760986,0.1278746592679324,1.0000000004175023,0.027794724502020265,0.0,0.0,359.999999915598,False
1781562230.4840288,3.4164958000183105,0.13588085501472139,1.0000000004001652,0.027790762808105357,0.0,0.0,359.99999991564687,False
1781562230.5467963,3.4792633056640625,0.1438890062475925,1.0000000003744818,0.027789322886517486,0.0,0.0,359.9999999158738,False
1781562230.6052413,3.537708282470703,0.15189175839096816,1.0000000003464125,0.027790279474633892,0.0,0.0,359.9999999161565,False
1781562230.6858282,3.618295192718506,0.16445104453032816,1.0000000003133325,0.027794570278445015,0.0,0.0,359.9999999163708,False
1781562230.7496028,3.682069778442383,0.17243786323144655,1.0000000003053153,0.02779749106134625,0.0,0.0,359.9999999162365,False
1781562230.811159,3.7436258792877197,0.179286204676685,1.0000000003056473,0.02779937566122673,0.0,0.0,359.9999999159751,False
1781562230.871489,3.8039560317993164,0.18728388183375752,1.000000000309837,0.027800485554708886,0.0,0.0,359.9999999155943,False
1781562230.9384274,3.870894432067871,0.19872772601396313,1.0000000003103984,0.027799929085676363,0.0,0.0,359.9999999151579,False
1781562231.0162148,3.9486818313598633,0.20903942451139831,1.0000000002949432,0.027797768379393007,0.0,0.0,359.9999999150858,False
1781562231.0907233,4.023190259933472,0.21705866224006384,1.0000000002721972,0.02779563155525783,0.0,0.0,359.9999999152543,False
1781562231.155511,4.087977886199951,0.22621450160160722,1.0000000002410823,0.027793510304101574,0.0,0.0,359.99999991555984,False
1781562231.2120621,4.144529104232788,0.2353579442547249,1.000000000213703,0.02779250807870542,0.0,0.0,359.9999999157883,False
1781562231.2823815,4.214848518371582,0.2444930386771625,1.0000000001977092,0.027793082011558064,0.0,0.0,359.9999999157792,False
1781562231.3493156,4.281782627105713,0.25248633120102454,1.0000000001941665,0.027794770846404564,0.0,0.0,359.99999991555717,False
1781562231.4285004,4.360967397689819,0.26277289030445883,1.0000000001977807,0.02779767757727867,0.0,0.0,359.9999999151073,False
1781562231.49465,4.427116870880127,0.27307432539779886,1.000000000198553,0.027799862753165528,0.0,0.0,359.99999991471327,False
1781562231.5600777,4.492544651031494,0.2822394179441037,1.0000000001878133,0.02780006186513602,0.0,0.0,359.999999914592,False
1781562231.619494,4.5519609451293945,0.28911306738667986,1.0000000001714462,0.02779896363261661,0.0,0.0,359.9999999146733,False
1781562231.6896324,4.62209939956665,0.2982712373563701,1.000000000142334,0.02779636478771172,0.0,0.0,359.999999914938,False
1781562231.7523744,4.6848413944244385,0.30856088552113903,1.000000000109614,0.027793406870023324,0.0,0.0,359.9999999152375,False
1781562231.8319972,4.7644641399383545,0.3188401991242599,1.0000000000884377,0.02779224242566363,0.0,0.0,359.99999991529626,False
1781562231.9012833,4.833750247955322,0.32683502418369176,1.000000000082831,0.02779315304559486,0.0,0.0,359.99999991511896,False
1781562231.962611,4.89507794380188,0.3359789136371754,1.0000000000844362,0.02779569917931856,0.0,0.0,359.99999991475454,False
1781562232.0292995,4.961766481399536,0.3462784850978508,1.0000000000864187,0.027798864646091517,0.0,0.0,359.9999999143398,False
1781562232.097991,5.030457973480225,0.35429621719286764,1.0000000000805997,0.027800225936774923,0.0,0.0,359.9999999141639,False
1781562232.1616073,5.094074249267578,0.36231473106755396,1.0000000000653422,0.027799961435004385,0.0,0.0,359.99999991418133,False
1781562232.2216163,5.154083251953125,0.37147316268898867,1.0000000000385085,0.0277978369697361,0.0,0.0,359.9999999144,False
1781562232.2911587,5.223625659942627,0.3817644937446074,1.000000000005242,0.02779455314712601,0.0,0.0,359.99999991471276,False
1781562232.3596144,5.292081356048584,0.38976145912276505,0.9999999999848571,0.02779273083261421,0.0,0.0,359.9999999148413,False
1781562232.426414,5.358880996704102,0.39775660184649836,0.9999999999733882,0.027792409113363305,0.0,0.0,359.99999991478586,True
1781562232.4932654,5.425732374191284,0.40804143282227595,0.9999999999707881,0.02779432017632537,0.0,0.0,359.9999999144676,False
1781562232.5544205,5.486887454986572,0.41719335829730136,0.9999999999731716,0.027797177423347908,0.0,0.0,359.99999991408947,False
1781562232.6203346,5.552801609039307,0.42520841576401025,0.9999999999716656,0.027799291639754083,0.0,0.0,359.99999991382913,False
1781562232.6968877,5.62935471534729,0.4343715506541068,0.9999999999599511,0.02780008096288514,0.0,0.0,359.9999999137336,False
1781562232.7595627,5.692029714584351,0.4435310198800446,0.9999999999369144,0.027798777470790462,0.0,0.0,359.9999999138741,False
1781562232.8255384,5.758005380630493,0.45382507839158465,0.9999999999040677,0.02779577997323946,0.0,0.0,359.9999999141794,False
1781562232.8960516,5.828518629074097,0.46179530939890606,0.9999999965313899,0.02779366578480486,0.0,0.0,359.98770435348507,False
1781562232.9588141,5.8912811279296875,0.4695828064199146,0.999999649653442,0.027792956913475976,0.0,0.0,359.88998143616095,False
1781562233.0234127,5.9558796882629395,0.4793823883147336,0.9999959113585845,0.027794508388441063,0.0,0.0,359.64397111223246,False
1781562233.11203,6.044497013092041,0.4911571349700546,0.9999772987962481,0.02779847727175147,0.0,0.0,359.2213347076376,False
1781562233.1793792,6.111846208572388,0.49858150369511706,0.9999511886805741,0.027800522729515102,0.0,0.0,358.91301409014426,False
1781562233.243382,6.175848960876465,0.505967302541966,0.999909556884675,0.027801245871664604,0.0,0.0,358.5886036091981,False
1781562233.3088048,6.241271734237671,0.5154265356529806,0.9998275096095086,0.02780004240515063,0.0,0.0,358.1585174770743,False
1781562233.3652754,6.2977423667907715,0.5227693683142471,0.9997373719175833,0.027798066191877087,0.0,0.0,357.81848125974847,False
1781562233.4549637,6.387430667877197,0.5321971896837457,0.9995827793126875,0.027795623820539333,0.0,0.0,357.37782122537317,False
1781562233.5166464,6.449113368988037,0.5395245848853307,0.9994293339359278,0.027794672386635383,0.0,0.0,357.03391964436554,False
1781562233.5733259,6.505792856216431,0.5478975319488126,0.9992153536853936,0.027794961397265686,0.0,0.0,356.64058524700613,False
1781562233.6333914,6.565858364105225,0.5562691833313015,0.9989577235413488,0.0277963603196571,0.0,0.0,356.24708321838233,False
1781562233.7007222,6.6331892013549805,0.5635955892287923,0.9986946077260389,0.027797841020976873,0.0,0.0,355.90260873732234,False
1781562233.7872682,6.719735145568848,0.5730273768713147,0.998301717739273,0.02779912985710691,0.0,0.0,355.4592234104164,False
1781562233.8508234,6.783290386199951,0.582468089011148,0.9978455018051663,0.02779914974284692,0.0,0.0,355.01554476847156,False
1781562233.9143937,6.846860647201538,0.5908687268927476,0.9973849969376762,0.02779824252339601,0.0,0.0,354.620872370567,False
1781562233.9788306,6.911297559738159,0.598230848618477,0.9969381108091037,0.02779717402163274,0.0,0.0,354.27518122378996,False
1781562234.063567,6.9960339069366455,0.6077063053267419,0.9963025502713516,0.02779612645085246,0.0,0.0,353.83047523371573,False
1781562234.1423664,7.074833393096924,0.619300292512231,0.9954309231906933,0.02779601555456907,0.0,0.0,353.2873930674868,False
1781562234.2081017,7.140568733215332,0.627738249609967,0.9947307045752429,0.02779665405144111,0.0,0.0,352.8927825392338,False
1781562234.290456,7.222923040390015,0.6361792129497348,0.9939741386485339,0.027797473626715433,0.0,0.0,352.4982515411641,False
1781562234.3699126,7.302379608154297,0.6467457971767053,0.9929468258055684,0.027798111597119098,0.0,0.0,352.0046621714763,False
1781562234.4477785,7.3802454471588135,0.6583807044488853,0.9917119082124659,0.027797930605414047,0.0,0.0,351.46139439972694,False
1781562234.5254228,7.457889795303345,0.6668511230736511,0.9907439021552531,0.027797384064048098,0.0,0.0,351.0659745576483,False
1781562234.59021,7.522676944732666,0.6742718901311308,0.9898477082852931,0.02779687473002705,0.0,0.0,350.71966507189256,False
1781562234.648368,7.580834865570068,0.6827579418747488,0.9887677043242143,0.027796507420398804,0.0,0.0,350.3236986493675,False
1781562234.7113733,7.643840312957764,0.6912480722100431,0.987628065123535,0.02779649069031881,0.0,0.0,349.92772089264696,False
1781562234.7767634,7.709230422973633,0.69869262151354,0.9865794628008687,0.027796709627012885,0.0,0.0,349.5817095325015,False
1781562234.8545704,7.787037372589111,0.707214287843884,0.9853226331790679,0.02779706731049674,0.0,0.0,349.186636534216,False
1781562234.9183278,7.850794792175293,0.7157501096523208,0.9840031149529359,0.027797341794014545,0.0,0.0,348.7915412830117,False
1781562234.9758692,7.908336162567139,0.724300365732656,0.9826204283530632,0.02779739823568467,0.0,0.0,348.3962064795905,False
1781562235.0382078,7.970674753189087,0.7317875911333945,0.9813596802907839,0.02779726577136571,0.0,0.0,348.05018863540784,False
1781562235.1106153,8.043082237243652,0.7392776177335603,0.9800517448263296,0.027797032339856486,0.0,0.0,347.7042942126152,False
1781562235.1723416,8.104808568954468,0.7478403629703773,0.978499108233546,0.027796764248089526,0.0,0.0,347.30943794760265,False
1781562235.2336164,8.166083335876465,0.7574716832492837,0.9766795306376038,0.027796607019184273,0.0,0.0,346.8655234051981,False
1781562235.3002365,8.232703447341919,0.7649593202016547,0.9752113024493366,0.027796631080761445,0.0,0.0,346.52033742280025,False
1781562235.363938,8.29640507698059,0.7724505081616344,0.9736950099052536,0.027796746246460335,0.0,0.0,346.1749155263947,False
1781562235.4245234,8.356990337371826,0.7799436073841466,0.9721308784724831,0.027796891363148016,0.0,0.0,345.8293054769683,False
1781562235.4949296,8.427396535873413,0.7906485571182417,0.9698137864918153,0.02779702779048479,0.0,0.0,345.33528732920644,False
1781562235.554505,8.486972093582153,0.7981476375833804,0.9681323860879737,0.027797017007454537,0.0,0.0,344.98908646469056,False
1781562235.616366,8.548832893371582,0.8045762553968487,0.9666528040198674,0.02779694309166519,0.0,0.0,344.6921901673585,False
1781562235.6902359,8.622702836990356,0.8131455982591785,0.9646256331616281,0.027796796823293345,0.0,0.0,344.29628358218133,False
1781562235.7569313,8.689398288726807,0.8238538630650558,0.9620039356180109,0.027796635409553832,0.0,0.0,343.80200443959745,False
1781562235.844395,8.776861906051636,0.8334829134171221,0.9595622621743005,0.027796589636638894,0.0,0.0,343.35749997206096,False
1781562235.9084892,8.840956211090088,0.8409675376830144,0.9576089730876675,0.027796622909371932,0.0,0.0,343.0117546292461,False
1781562235.9713376,8.903804540634155,0.8495225010510632,0.9553165313032693,0.02779669284420019,0.0,0.0,342.616324084508,False
1781562236.027839,8.96030592918396,0.8580734180308435,0.95296135313686,0.027796753981696922,0.0,0.0,342.22072693066787,False
1781562236.093443,9.025909900665283,0.8655503552552763,0.9508495167297754,0.02779677209284347,0.0,0.0,341.8744575727617,False
1781562236.1793175,9.1117844581604,0.8751649019486014,0.9480612954068685,0.027796724495457403,0.0,0.0,341.4287877487984,False
1781562236.2443867,9.176853656768799,0.8837073773257237,0.9455153061630707,0.02779664005131705,0.0,0.0,341.0323788207469,False
1781562236.3199785,9.252445459365845,0.8954386780053128,0.9419133009616459,0.027796535372056477,0.0,0.0,340.4871404695203,False
1781562236.3962903,9.328757286071777,0.9039557108769763,0.9392212658580866,0.02779650905639786,0.0,0.0,340.09054548141575,False
1781562236.4644516,9.396918535232544,0.9113958957327508,0.9368163294007276,0.027796526624863333,0.0,0.0,339.7435066442222,False
1781562236.5296974,9.462164402008057,0.9209471120478748,0.9336556438291277,0.027796579393742853,0.0,0.0,339.2977831944609,False
1781562236.5974603,9.529927253723145,0.9304809604341528,0.9304179049483404,0.027796626490217805,0.0,0.0,338.8525661472073,False
1781562236.6685553,9.601022243499756,0.9378820897857739,0.9278471050638302,0.027796639707939875,0.0,0.0,338.5064526391556,False
1781562236.7315598,9.664026737213135,0.9452762369432184,0.9252281375647655,0.027796620218980876,0.0,0.0,338.1601949438606,False
1781562236.7904093,9.72287631034851,0.9537199718845183,0.9221751504401966,0.02779656328684363,0.0,0.0,337.76422041146293,False
1781562236.8503673,9.78283429145813,0.9621519265046965,0.919059957603107,0.027796496016137366,0.0,0.0,337.3681085359541,False
1781562236.9163144,9.84878134727478,0.9695188305876701,0.9162835754750044,0.02779644951230171,0.0,0.0,337.02163406927843,False
1781562236.9833152,9.91578221321106,0.9768759971443431,0.9134596225593425,0.027796424504554784,0.0,0.0,336.6755550367164,False
1781562237.0562034,9.988670349121094,0.9873650072788712,0.909344561236236,0.027796431278108803,0.0,0.0,336.1815136828011,False
1781562237.1181579,10.05062484741211,0.9957414127503901,0.9059824961109932,0.027796452532268857,0.0,0.0,335.7936040174077,False
1781562237.1834514,10.115918397903442,1.003063204899015,0.9029882098579122,0.027796461141930018,0.0,0.0,335.4634673393593,False
1781562237.2436483,10.176115274429321,1.0093308070275004,0.9003840149405478,0.027796456463689345,0.0,0.0,335.18428715584946,False
1781562237.3073373,10.2398042678833,1.0176754806285027,0.8968581439266421,0.027796430849769058,0.0,0.0,334.8202774328917,False
1781562237.3688948,10.301361799240112,1.0270474540404748,0.8928186360539991,0.027796383037988204,0.0,0.0,334.4260828593505,False
1781562237.4304461,10.362913131713867,1.0343222849393539,0.8896255535889508,0.027796347780646533,0.0,0.0,334.12560486624,False
1781562237.528363,10.460829973220825,1.0446917458721066,0.88498816210037,0.027796319289376592,0.0,0.0,333.71982921270666,False
1781562237.5926106,10.52507758140564,1.0529685980971513,0.8812151848228262,0.027796317358422216,0.0,0.0,333.43192056965387,False
1781562237.6491082,10.581575155258179,1.0612270906845733,0.8773892748757187,0.02779632963367598,0.0,0.0,333.16351247274844,False
1781562237.7104318,10.642898797988892,1.0684392691647,0.8739995368641684,0.02779634185920257,0.0,0.0,332.9466359134558,False
1781562237.7712424,10.703709363937378,1.0746119639395872,0.8710635701182884,0.027796346042296693,0.0,0.0,332.77771276405116,False
1781562237.8355265,10.767993450164795,1.0818019553462481,0.8676048616900494,0.02779634135551152,0.0,0.0,332.5948397718345,True
1781562237.898634,10.831100940704346,1.091025985597807,0.8631093079183109,0.02779632492113013,0.0,0.0,332.38625480550917,False
1781562237.9587743,10.891241312026978,1.099202349744292,0.8590728240878923,0.027796314033538164,0.0,0.0,332.2497767602239,False
1781562238.026169,10.958636045455933,1.1063406104751634,0.8555122878632514,0.027796313254627638,0.0,0.0,332.162249342342,False
1781562238.1042178,11.03668475151062,1.1144834603165763,0.8514129090383278,0.027796323008570364,0.0,0.0,332.0955166219943,False
1781562238.1669295,11.099396467208862,1.1236324348041433,0.8467645575178564,0.02779633559173181,0.0,0.0,332.07270282521404,False
1781562238.2443402,11.176807165145874,1.1337854372798035,0.8415624070418742,0.027796338992038882,0.0,0.0,332.11117721505144,False
1781562238.3053846,11.237851619720459,1.1398707239600845,0.8384269607497707,0.027796332639708585,0.0,0.0,332.16714469837456,False
1781562238.367559,11.300025939941406,1.1469619723703006,0.8347608637343554,0.027796322491153592,0.0,0.0,332.267532739798,False
1781562238.4303727,11.362839698791504,1.1560702869387391,0.8300391963928391,0.027796312025830616,0.0,0.0,332.44335937222223,False
1781562238.503889,11.43635606765747,1.1651735588444818,0.8253145664160101,0.02779631555046758,0.0,0.0,332.66146754407094,False
1781562238.5821905,11.514657497406006,1.1732651319490017,0.8211179040863223,0.027796333381552914,0.0,0.0,332.8871281598667,False
1781562238.6592336,11.591700553894043,1.1823718311937668,0.8164062177760663,0.02779636049713696,0.0,0.0,333.16524311852106,False
1781562238.72066,11.653126955032349,1.1914841131383505,0.811711778629814,0.027796380828219565,0.0,0.0,333.46306894860686,False
1781562238.779159,11.711626052856445,1.1985768510253498,0.8080764913252133,0.02779638486049514,0.0,0.0,333.7048146234805,False
1781562238.8615494,11.794016361236572,1.2066910756216622,0.8039421312369671,0.027796375943284213,0.0,0.0,333.98777044222163,False
1781562238.9213645,11.85383152961731,1.213797974902165,0.8003455029534182,0.027796363883632526,0.0,0.0,334.2435286516819,False
1781562238.983542,11.916008949279785,1.222945838890339,0.7957537015609653,0.02779635520481861,0.0,0.0,334.58350479407176,False
1781562239.04213,11.974596977233887,1.2300711210416708,0.792209296717516,0.027796358134844885,0.0,0.0,334.85315405823326,False
1781562239.1326063,12.065073251724243,1.2392515525731864,0.7876875113352232,0.02779636791265336,0.0,0.0,335.2041934998148,False
1781562239.2085824,12.1410493850708,1.2484600851835383,0.7832059377505094,0.02779636960098795,0.0,0.0,335.5587579705568,False
1781562239.2804823,12.212949275970459,1.2587222573919132,0.7782785814685989,0.027796358386479085,0.0,0.0,335.95478373041266,False
1781562239.3641815,12.296648502349854,1.2679772150533477,0.7738975068135322,0.02779635096938198,0.0,0.0,336.31115218589633,False
1781562239.4283319,12.360798835754395,1.2751881029815328,0.7705263611449453,0.027796352491156584,0.0,0.0,336.58813552672257,False
1781562239.487673,12.420140027999878,1.2834445235509349,0.766712821056271,0.027796362649107675,0.0,0.0,336.9049161287926,False
1781562239.5512602,12.483727216720581,1.291719951487836,0.7629409304053802,0.027796376451147294,0.0,0.0,337.22320830562495,False
1781562239.6085582,12.541025161743164,1.2979392050385123,0.7601397880555324,0.027796385522158188,0.0,0.0,337.46261496581633,False
1781562239.6773546,12.609821557998657,1.3052087188906747,0.7569023719204127,0.02779639116489135,0.0,0.0,337.74246602583844,False
1781562239.7420046,12.674471616744995,1.3145758638859673,0.7527895238729766,0.02779638938965551,0.0,0.0,338.1065290806763,False
1781562239.809864,12.74233102798462,1.323966196052091,0.7487332946546918,0.02779638017274573,0.0,0.0,338.47453030435184,False
1781562239.9106734,12.843140363693237,1.334426763381612,0.7442939990971343,0.027796370464363906,0.0,0.0,338.88355738403243,False
1781562239.9710956,12.903562545776367,1.3417641952606083,0.741230044469803,0.027796371120636296,0.0,0.0,339.16447339843876,False
1781562240.0385635,12.971030473709106,1.3512168429298854,0.737343424294316,0.027796381433695116,0.0,0.0,339.5212733519008,False
1781562240.114136,13.046602964401245,1.3606913190095717,0.7335159829208022,0.027796396675800097,0.0,0.0,339.87530497859717,False
1781562240.1711438,13.103610754013062,1.3670199388035011,0.7309971668221091,0.027796405320765837,0.0,0.0,340.11045166373066,False
1781562240.2322564,13.16472339630127,1.374415815989124,0.7280916864301602,0.027796410663567854,0.0,0.0,340.38426010384086,False
1781562240.3175323,13.249999284744263,1.386068968484263,0.7235966105763031,0.027796401772874343,0.0,0.0,340.81437931745563,False
1781562240.3845596,13.317026615142822,1.3945729370372397,0.7203799573079668,0.02779637850668559,0.0,0.0,341.1279115301053,False
1781562240.443361,13.37582802772522,1.4009655568085488,0.7179969918720456,0.027796357666793885,0.0,0.0,341.3633122032264,False
1781562240.5137448,13.446211814880371,1.4095057109406857,0.7148600847774593,0.027796335587323365,0.0,0.0,341.67837110230573,False
1781562240.5756557,13.508122682571411,1.4191324963527423,0.7113875106989652,0.027796330341573926,0.0,0.0,342.0355791754695,False
1781562240.6384287,13.570895671844482,1.426634055980073,0.7087279967127315,0.027796340989652238,0.0,0.0,342.3145891733844,False
1781562240.7108767,13.643343687057495,1.4341485699828265,0.7061045683334025,0.0277963590589882,0.0,0.0,342.5947051673586,False
1781562240.7952466,13.727713584899902,1.4459851267492971,0.7020546203930318,0.027796383077156782,0.0,0.0,343.0379235848786,False
1781562240.8556,13.788067102432251,1.4546141264983714,0.6991654632774795,0.02779638720700466,0.0,0.0,343.36155623652644,False
1781562240.9194386,13.851905584335327,1.4621777607943638,0.6966767639769978,0.027796380645125275,0.0,0.0,343.6373505219111,False
1781562240.976969,13.909435987472534,1.4686700874793188,0.694572945231226,0.027796370497521636,0.0,0.0,343.8627527894981,False
1781562241.0389879,13.971454858779907,1.4773395790890858,0.6918096687328562,0.02779635630703511,0.0,0.0,344.1533575221568,False
1781562241.1122234,14.044690370559692,1.4881977793198116,0.6884216753229253,0.027796346143478673,0.0,0.0,344.5078653100531,False
1781562241.177166,14.109632968902588,1.4958131011116294,0.6860929253182394,0.027796345835160153,0.0,0.0,344.75370507505204,False
1781562241.2364624,14.1689293384552,1.502349610912499,0.6841246666227018,0.02779634941660752,0.0,0.0,344.963523222841,False
1781562241.3087242,14.241191148757935,1.5121694181131198,0.6812200189246236,0.027796357497035597,0.0,0.0,345.27725113221044,False
1781562241.3706121,14.30307912826538,1.5220065234338949,0.6783721915435094,0.02779636328982627,0.0,0.0,345.59023804706163,False
1781562241.4696543,14.402121305465698,1.5329560712855326,0.6752740217747675,0.02779636309330793,0.0,0.0,345.93750793386783,False
1781562241.5402305,14.472697496414185,1.5417309793619414,0.6728449627491324,0.027796357506521485,0.0,0.0,346.2162772106449,False
1781562241.6017525,14.53421950340271,1.5505195864157204,0.6704595544773515,0.027796349292528773,0.0,0.0,346.49642204931274,False
1781562241.6714256,14.60389256477356,1.560422175696312,0.6678281562936971,0.02779634144879667,0.0,0.0,346.81257304298447,False
1781562241.7496302,14.68209719657898,1.5692375090814321,0.6655355412849825,0.02779633841143809,0.0,0.0,347.0941217642779,False
1781562241.8158262,14.748293161392212,1.5769605968230551,0.6635653478203518,0.027796339223829895,0.0,0.0,347.34072323998004,False
1781562241.8851721,14.817639112472534,1.58800922674561,0.6608087363026885,0.027796343494422768,0.0,0.0,347.69059283433296,False
1781562241.9669683,14.89943528175354,1.5990808505377792,0.6581190039530621,0.027796340870350725,0.0,0.0,348.0123300596883,False
1781562242.0445411,14.97700810432434,1.6079536319005927,0.6560147944794131,0.027796332493659585,0.0,0.0,348.2531215175634,False
1781562242.1205885,15.05305552482605,1.6179461047981207,0.6536980013042761,0.027796324676085653,0.0,0.0,348.5126048661405,False
1781562242.1819603,15.114427328109741,1.6279436007425263,0.6514343307351241,0.02779633014472219,0.0,0.0,348.76349259316675,False
1781562242.2466645,15.179131507873535,1.635724043049413,0.6497091530555698,0.027796342979109264,0.0,0.0,348.954676769999,False
1781562242.3150308,15.247497797012329,1.643511009748432,0.6480137361806613,0.027796357780117544,0.0,0.0,349.1432245852231,False
1781562242.399845,15.332311868667603,1.6557674442233519,0.6454068674216459,0.027796365601968374,0.0,0.0,349.43495163383943,False
1781562242.4610589,15.393525838851929,1.6646942233280917,0.6435543359149827,0.02779635526378393,0.0,0.0,349.6447516588545,False
1781562242.5475914,15.480058431625366,1.6747475364721982,0.6415132950350846,0.027796331981307015,0.0,0.0,349.8780116936503,False
1781562242.6093998,15.541866779327393,1.6825734987653025,0.6399569334653976,0.027796313297980234,0.0,0.0,350.05712600211433,False
1781562242.6735713,15.606038331985474,1.6926439928734465,0.6379951633648919,0.02779629921459465,0.0,0.0,350.2853157325257,False
1781562242.733242,15.665709018707275,1.7004873108712917,0.6364987016043747,0.027796295149347196,0.0,0.0,350.46104435739755,False
1781562242.8282661,15.760733127593994,1.71170804519858,0.6344047872564799,0.027796296943959714,0.0,0.0,350.70992413185,False
1781562242.8976023,15.830069303512573,1.720694811319076,0.6327668506716566,0.027796301399824613,0.0,0.0,350.903072794498,False
1781562242.964909,15.89737606048584,1.7319328432907841,0.6307661984129086,0.027796311129978237,0.0,0.0,351.11057955148755,False
1781562243.0281994,15.960666418075562,1.7398026105025686,0.6293954977634685,0.027796317887956213,0.0,0.0,351.2374349905769,False
1781562243.0965326,16.02899956703186,1.747675269284099,0.6280480770351953,0.027796323835699185,0.0,0.0,351.3522377304741,False
1781562243.157127,16.0895938873291,1.7555509258434363,0.6267227723575713,0.02779632896174779,0.0,0.0,351.4559410845156,False
1781562243.22548,16.157947063446045,1.7668070399238633,0.624865459574474,0.027796334018645723,0.0,0.0,351.588214020529,False
1781562243.3153005,16.247767448425293,1.778068997853364,0.6230473384728608,0.027796333838092952,0.0,0.0,351.70449877135997,False
1781562243.3809369,16.313403844833374,1.785955639154539,0.6217961491976528,0.027796329542049865,0.0,0.0,351.7764988318433,True
1781562243.4636085,16.39607548713684,1.7983538676458364,0.6198627013462685,0.027796318257930653,0.0,0.0,351.876166052901,False
1781562243.5410547,16.47352170944214,1.8096296520750672,0.6181365969525159,0.027796310063372638,0.0,0.0,351.95638463947483,False
1781562243.601217,16.533684015274048,1.816397051243433,0.6171140818516864,0.027796309164356475,0.0,0.0,352.00113604012415,False
1781562243.6707742,16.603241205215454,1.824294059032476,0.6159326611695575,0.027796312828496317,0.0,0.0,352.0505206897446,False
1781562243.745225,16.67769193649292,1.8355785456752616,0.6142648357483108,0.02779632407310329,0.0,0.0,352.1207080712529,False
1781562243.8234005,16.75586748123169,1.846866340434259,0.6126186409479081,0.027796334385348422,0.0,0.0,352.19225782609084,False
1781562243.8966928,16.8291597366333,1.854769039186418,0.6114784057516174,0.027796337071938598,0.0,0.0,352.2407289724666,False
1781562243.9603024,16.89276933670044,1.8637981055001376,0.6101872482794581,0.02779633874893866,0.0,0.0,352.2767613025148,False
1781562244.0213666,16.95383358001709,1.8739533423852286,0.6087484409694107,0.027796340509916098,0.0,0.0,352.2907961608108,False
1781562244.090347,17.02281403541565,1.8829798715201294,0.6074797153773805,0.027796343528961247,0.0,0.0,352.28044808048514,False
1781562244.1562948,17.088761806488037,1.8908827886077744,0.6063752310471792,0.027796342647266613,0.0,0.0,352.2547866201799,False
1781562244.222406,17.15487289428711,1.8987897513455225,0.6052745767132752,0.027796337557034055,0.0,0.0,352.21441519819854,False
1781562244.3134441,17.245911121368408,1.9123501287264892,0.6033927794486249,0.027796317801514668,0.0,0.0,352.11588917683184,False
1781562244.3791685,17.311635494232178,1.9213917538507026,0.6021388776010503,0.027796300008634846,0.0,0.0,352.0357749426727,False
1781562244.4364402,17.36890721321106,1.9281731453454984,0.6011972660731711,0.02779628851549227,0.0,0.0,351.96936529654255,False
1781562244.4978862,17.43035316467285,1.9360845001446905,0.6000961758842995,0.027796282494773686,0.0,0.0,351.88698321114526,False
1781562244.5682101,17.50067710876465,1.947384703850702,0.5985161359866441,0.027796295007172647,0.0,0.0,351.767828807046,False
1781562244.6369739,17.569440841674805,1.9564233811248644,0.5972441748110835,0.02779631950812815,0.0,0.0,351.6718115665198,False
1781562244.69605,17.628516912460327,1.963201459544931,0.5962846606509966,0.027796339556047194,0.0,0.0,351.60034342860445,False
1781562244.7784781,17.71094512939453,1.9744959944431149,0.5946736054510126,0.02779636027422985,0.0,0.0,351.49093103126586,False
1781562244.8419387,17.77440571784973,1.9846586129585446,0.5932100007506158,0.027796354381758252,0.0,0.0,351.4020347227665,False
1781562244.91177,17.844237089157104,1.9936901495804535,0.5918976982715142,0.027796331988771884,0.0,0.0,351.32723391046716,False
1781562244.9714835,17.903950452804565,2.0004627064607146,0.59090634464026,0.027796311533108027,0.0,0.0,351.27043216743186,False
1781562245.031549,17.96401596069336,2.008362822044673,0.5897419345084984,0.02779629256635667,0.0,0.0,351.20340254375566,False
1781562245.096628,18.0290949344635,2.0185181661283655,0.5882322590292478,0.027796286645180572,0.0,0.0,351.11780473391383,False
1781562245.1567886,18.089255571365356,2.0264151576159035,0.5870481855824355,0.027796298248161322,0.0,0.0,351.05583932024416,False
1781562245.226323,18.15878987312317,2.0343107860276994,0.585855466671182,0.027796318789659713,0.0,0.0,350.9978786112686,False
1781562245.2959197,18.228386640548706,2.0433328557262573,0.5844818803793337,0.027796342080257424,0.0,0.0,350.9375362236598,False
1781562245.3723638,18.30483078956604,2.0557363594326787,0.5825754391821609,0.027796352848900103,0.0,0.0,350.87498394958686,False
1781562245.4332027,18.36566972732544,2.0636283159819424,0.5813522288930588,0.02779634286627392,0.0,0.0,350.8471598520584,False
1781562245.502141,18.434607982635498,2.071519628962026,0.5801218758472595,0.02779632382632857,0.0,0.0,350.82959681567723,False
1781562245.5633519,18.495818853378296,2.079411229285483,0.5788849680815055,0.02779630232461127,0.0,0.0,350.8273360388529,False
1781562245.626175,18.55864191055298,2.0895577571091937,0.5772865978119045,0.027796283880495713,0.0,0.0,350.8472743097344,False
1781562245.716964,18.649430990219116,2.100830342327193,0.5755030425005311,0.02779628731040251,0.0,0.0,350.9004906444969,False
1781562245.7817242,18.714191198349,2.108717058455632,0.5742523678711087,0.02779630697390186,0.0,0.0,350.96118583800666,False
1781562245.8435457,18.776012659072876,2.116601237300832,0.5730015705543673,0.02779633346694185,0.0,0.0,351.0398335871839,False
1781562245.9053514,18.837818384170532,2.1267374779242085,0.5713955356439002,0.027796361707811905,0.0,0.0,351.1595956544513,False
1781562245.968481,18.90094804763794,2.1357506962670008,0.5699721328032242,0.02779636715218719,0.0,0.0,351.2723243337548,False
1781562246.03918,18.971647024154663,2.1436395365720173,0.5687318429115246,0.027796354840554174,0.0,0.0,351.3745950564001,False
1781562246.1264138,19.05888080596924,2.1549128431490687,0.566971257929275,0.027796318663777804,0.0,0.0,351.5267430765832,False
1781562246.2043402,19.136807203292847,2.1673182900581045,0.5650537051290803,0.02779628038575766,0.0,0.0,351.7026497814134,False
1781562246.2666917,19.199158668518066,2.1752151659765815,0.563845722551967,0.027796271021016436,0.0,0.0,351.8182119699962,False
1781562246.3265944,19.259061336517334,2.181985472666175,0.5628187800260238,0.027796275468594152,0.0,0.0,351.9190483961198,False
1781562246.3835046,19.315971612930298,2.1898860162604943,0.5616313136132794,0.027796292769196186,0.0,0.0,352.0384061134831,False
1781562246.4455214,19.37798833847046,2.20004685467011,0.5601225622324326,0.027796322790233415,0.0,0.0,352.1940568687565,False
1781562246.5060346,19.438501596450806,2.2079518736060644,0.5589639529223419,0.0277963413754488,0.0,0.0,352.31539306128053,False
1781562246.5758839,19.50835084915161,2.2158583759253125,0.5578190240139275,0.02779634910305745,0.0,0.0,352.43457276314905,False
1781562246.6568048,19.589271783828735,2.2260262960288344,0.5563677247365345,0.027796340776638062,0.0,0.0,352.5851820902356,False
1781562246.7216854,19.654152393341064,2.2373271850490783,0.5547832786036216,0.02779631747963885,0.0,0.0,352.7482611252709,False
1781562246.78134,19.713806867599487,2.2452398139555356,0.5536920651311379,0.027796302766717167,0.0,0.0,352.8593060309344,False
1781562246.8395643,19.77203130722046,2.2520234690716565,0.5527685498130314,0.027796296242479226,0.0,0.0,352.952839853585,False
1781562246.9274573,19.85992431640625,2.263332264283053,0.5512536446967042,0.02779630134088395,0.0,0.0,353.0970625054626,False
1781562246.9883533,19.920820236206055,2.273512873529119,0.5499158534004567,0.027796317934161315,0.0,0.0,353.206006512741,False
1781562247.0486302,19.98109722137451,2.2814329394794335,0.5488915299085357,0.02779633129336627,0.0,0.0,353.2792791703828,False
1781562247.107349,20.03981590270996,2.2882228641973104,0.5480243055033948,0.027796338753813106,0.0,0.0,353.3345672799025,False
1781562247.1691666,20.101633548736572,2.2961459733086107,0.5470244738178819,0.02779634029078226,0.0,0.0,353.39019373470325,False
1781562247.2343576,20.16682457923889,2.3063350593857996,0.5457566385541687,0.027796331754746134,0.0,0.0,353.4489959356359,False
1781562247.3011065,20.23357343673706,2.3153939776545207,0.5446449992700835,0.0277963193205766,0.0,0.0,353.4899193641211,False
1781562247.3733537,20.30582070350647,2.3233220388130995,0.5436830290547492,0.027796309777176193,0.0,0.0,353.51613476534015,False
1781562247.4332805,20.365747451782227,2.3312513439887996,0.5427300658342469,0.027796305025037386,0.0,0.0,353.5336458594226,False
1781562247.5000646,20.432531595230103,2.341447636270633,0.5415164807943994,0.02779630771959171,0.0,0.0,353.54456803015415,False
1781562247.5658321,20.49829912185669,2.3505120058367552,0.5404471675712583,0.027796316256040024,0.0,0.0,353.54521444708274,False
1781562247.6345327,20.566999673843384,2.358443982031187,0.5395175767144976,0.02779632467153946,0.0,0.0,353.5389035148481,False
1781562247.7034063,20.635873317718506,2.367509663514858,0.5384608030600961,0.027796331252470226,0.0,0.0,353.52447847028833,False
1781562247.7622426,20.694709539413452,2.3765756840267214,0.5374086778635382,0.027796332274456728,0.0,0.0,353.5041961803322,False
1781562247.8274233,20.75989031791687,2.3856419407901877,0.5363598622277839,0.027796328033686667,0.0,0.0,353.47836067284794,False
1781562247.899438,20.831904888153076,2.3935751132228007,0.5354438628312667,0.027796322035907838,0.0,0.0,353.45071166120823,False
1781562247.9612405,20.893707513809204,2.401508843943155,0.5345285515653684,0.027796315888143658,0.0,0.0,353.41446964517604,False
1781562248.0222802,20.954747200012207,2.410576431823911,0.5334822183799475,0.027796311277849265,0.0,0.0,353.3623973347638,False
1781562248.0856164,21.018083333969116,2.41964416951327,0.5324343038027562,0.027796310615308736,0.0,0.0,353.3001055043573,False
1781562248.150857,21.08332395553589,2.4275779906586767,0.5315150228808554,0.027796313276190084,0.0,0.0,353.2406817482266,False
1781562248.2172544,21.149721384048462,2.435511220911588,0.5305926060341002,0.027796317685108762,0.0,0.0,353.17798116967623,False
1781562248.307439,21.239906072616577,2.4486502767123848,0.5290572533336477,0.027796871004675504,0.0,0.0,353.1064701900528,False
1781562248.3755102,21.307977199554443,2.456110107514835,0.5281841167927003,0.027798652282857376,0.0,0.0,353.1926999978521,False
1781562248.4332004,21.36566734313965,2.461139033903169,0.5275952084866071,0.027800242915256356,0.0,0.0,353.32878063873335,False
1781562248.5082538,21.440720796585083,2.468200835142599,0.5267689002924976,0.027802054089051138,0.0,0.0,353.6194387086118,False
1781562248.5688198,21.50128674507141,2.475273475052488,0.5259466764431898,0.027802395848836575,0.0,0.0,353.97762494747275,False
1781562248.6301408,21.562607765197754,2.4807895199264536,0.5253125810575363,0.027801511166746454,0.0,0.0,354.2826165645333,False
1781562248.703605,21.636071920394897,2.4863116041569375,0.5246867196447725,0.02779992728343363,0.0,0.0,354.60056707494164,False
1781562248.7720034,21.70447039604187,2.492632572226851,0.5239843055916684,0.027797985753610067,0.0,0.0,354.9732909664462,True
1781562248.8361635,21.768630504608154,2.4997544737662056,0.5232146083904138,0.027796674908021058,0.0,0.0,355.39889659427075,False
1781562248.899188,21.831655025482178,2.506098377806111,0.5225517287417947,0.02779680363683644,0.0,0.0,355.7799261693345,False
1781562248.959623,21.89209008216858,2.5108744506350447,0.522068725731474,0.02779761451447784,0.0,0.0,356.066366196737,False
1781562249.0451348,21.977601766586304,2.5180651302400476,0.5213697725567235,0.027799335848338796,0.0,0.0,356.4965559319056,False
1781562249.1124473,22.04491424560547,2.52609232765669,0.5206326819475207,0.027800751421023607,0.0,0.0,356.9751828777789,False
1781562249.194887,22.12735390663147,2.5341605699483427,0.5199409754880763,0.027800735454881337,0.0,0.0,357.45444522807514,False
1781562249.255898,22.18836498260498,2.5390164622986124,0.5195494530758478,0.02780008235455618,0.0,0.0,357.74214812714126,False
1781562249.3213768,22.253843784332275,2.544697372196287,0.5191159987417949,0.02779904180772587,0.0,0.0,358.07803515359984,False
1781562249.3834221,22.31588912010193,2.552028888734981,0.5185970433894859,0.027797904220226103,0.0,0.0,358.51032591387866,False
1781562249.4473226,22.37978959083557,2.5585660865992232,0.5181735682482718,0.02779756765155926,0.0,0.0,358.8947928590433,False
1781562249.5092094,22.441676378250122,2.563481528931762,0.5178800791566153,0.027797803708571853,0.0,0.0,359.18324580590604,False
1781562249.569798,22.502264976501465,2.569235237680995,0.5175644105877437,0.02779845441539687,0.0,0.0,359.51993742798743,False
1781562249.6317074,22.56417441368103,2.5766570873290817,0.5172020122445553,0.027799424455494326,0.0,0.0,359.95297177589043,False
1781562249.6973417,22.6298086643219,2.5832745574943243,0.5169219327485222,0.02779995021369734,0.0,0.0,0.3380025152448887,False
1781562249.7561822,22.68864917755127,2.5882549371507704,0.5167384104386884,0.027799980245941377,0.0,0.0,0.6269191652555828,False
1781562249.8426297,22.775096654891968,2.5965825475021265,0.5164840789016331,0.027799414438597254,0.0,0.0,1.1086085127506797,False
1781562249.9053297,22.837796688079834,2.604110326294817,0.516311421700268,0.027798648132603382,0.0,0.0,1.5423127895915163,False
1781562249.99169,22.92415690422058,2.612533093794476,0.5161840381874165,0.02779809472238167,0.0,0.0,2.0245393139581354,False
1781562250.0525525,22.98501944541931,2.617609418220666,0.5161406141704588,0.027798066758261956,0.0,0.0,2.313961123771537,False
1781562250.1203067,23.05277371406555,2.624409013278479,0.5161220771837842,0.027798352731339362,0.0,0.0,2.6994983825636663,False
1781562250.183707,23.11617398262024,2.6321048267673097,0.5161560293729311,0.027798870846645323,0.0,0.0,3.1325337067450754,False
1781562250.2520843,23.184551239013672,2.638975768469423,0.5162351458576825,0.027799229840609188,0.0,0.0,3.5171518193052793,False
1781562250.314821,23.24728798866272,2.644146092506549,0.5163249936676622,0.027799322900993288,0.0,0.0,3.805664668718565,False
1781562250.3737125,23.306179523468018,2.6501980035338795,0.5164632984277254,0.027799215335067046,0.0,0.0,4.1425243857296845,False
1781562250.4591653,23.391632318496704,2.660608819903209,0.5167842614322707,0.027798706619854372,0.0,0.0,4.720328707105025,False
1781562250.5212684,23.4537353515625,2.666704224344072,0.5170210459887994,0.02779842406639872,0.0,0.0,5.057508294417087,False
1781562250.5805087,23.512975692749023,2.671943819599783,0.5172535136674896,0.02779828766026589,0.0,0.0,5.346578156772165,False
1781562250.6416652,23.574132204055786,2.678069875128145,0.5175590315466324,0.027798288818229478,0.0,0.0,5.683865028618115,False
1781562250.708071,23.640537977218628,2.685967213870408,0.5180065551066521,0.027798493965224564,0.0,0.0,6.117575546963887,False
1781562250.7659845,23.69845151901245,2.6921307029849375,0.5183980315410154,0.027798706555437355,0.0,0.0,6.45496203177759,False
1781562250.8252454,23.757712364196777,2.6974246766019765,0.5187636391940912,0.02779885152652483,0.0,0.0,6.744172389117198,False
1781562250.889561,23.822027921676636,2.703614755377006,0.5192255942816978,0.0277989197665627,0.0,0.0,7.081724107383022,False
1781562250.9546356,23.887102603912354,2.7116251595817524,0.5198798058709491,0.02779880448185842,0.0,0.0,7.516738104846571,False
1781562251.0334249,23.96589183807373,2.720578880519534,0.5206854151037357,0.02779851648948385,0.0,0.0,8.000861337557337,False
1781562251.1014671,24.033934116363525,2.7268720055293776,0.5212981722905022,0.027798327066622924,0.0,0.0,8.339981208047552,False
1781562251.1967056,24.129172563552856,2.73499834408941,0.5221463739536475,0.02779820179081176,0.0,0.0,8.776150179302327,False
1781562251.2587786,24.191245555877686,2.744967208064199,0.5232736953691153,0.027798275079753663,0.0,0.0,9.309360982981257,False
1781562251.3206356,24.25310254096985,2.7513300601271546,0.524043158599928,0.027798397476323563,0.0,0.0,9.64895567257671,False
1781562251.3793387,24.311805725097656,2.756795739706223,0.5247351897432271,0.02779849763803399,0.0,0.0,9.940281024881973,False
1781562251.4410923,24.37355923652649,2.7631818566292683,0.5255799535428777,0.02779856829278645,0.0,0.0,10.280320994106452,False
1781562251.5064135,24.438880443572998,2.7711167605232814,0.5266712473522721,0.02779877929513354,0.0,0.0,10.716320149654917,False
1781562251.572484,24.504951000213623,2.7774124605640966,0.5275475673759331,0.02779942637958397,0.0,0.0,11.10096506055389,False
1781562251.6342826,24.566749572753906,2.7817567010066573,0.5281586101903234,0.027800008166286895,0.0,0.0,11.388444769998099,False
1781562251.7090604,24.6415274143219,2.7873641662340654,0.5289708786251268,0.0278005627571565,0.0,0.0,11.772166276281194,False
1781562251.7668235,24.69929051399231,2.7941582278539445,0.5300341513288924,0.027800432263621996,0.0,0.0,12.207265838520218,False
1781562251.8332543,24.765721321105957,2.800557307679781,0.5311027774865066,0.027799638717450212,0.0,0.0,12.595622472639251,False
1781562251.911979,24.844445943832397,2.807218512272243,0.5322755064012675,0.027798482454169233,0.0,0.0,12.984847358072354,False
1781562251.9723656,24.90483260154724,2.813236562466577,0.533384190929514,0.027797517269109912,0.0,0.0,13.326073452595889,False
1781562252.0361972,24.968664169311523,2.821168181833298,0.534911007898556,0.027796830527957086,0.0,0.0,13.765275503636587,False
1781562252.1011415,25.033608436584473,2.8283594610246974,0.5363563066141046,0.02779694279858006,0.0,0.0,14.15618260978933,False
1781562252.162489,25.094955921173096,2.833829222622124,0.5374933260480141,0.027797388932542168,0.0,0.0,14.44998942673416,False
1781562252.227676,25.16014289855957,2.8411979138388626,0.5390748058390786,0.027798178325406504,0.0,0.0,14.842209497685257,False
1781562252.298546,25.23101305961609,2.8502653873787276,0.541086937446748,0.02779910435013756,0.0,0.0,15.331350772838919,False
1781562252.3794427,25.311909675598145,2.857475973660008,0.5427037203076044,0.027800122129323986,0.0,0.0,15.76609054391245,False
1781562252.4494166,25.38188362121582,2.8625536929137856,0.5438506367208366,0.027800711314472364,0.0,0.0,16.102144183145903,False
1781562252.5515473,25.48401427268982,2.873020572827879,0.5463344000097222,0.027800312343605423,0.0,0.0,16.780138296021967,False
1781562252.611849,25.544316053390503,2.8787367028375503,0.5477723387643272,0.02779935101391239,0.0,0.0,17.12248231169756,False
1781562252.6832926,25.61575961112976,2.8846289565784433,0.5493014436436766,0.027798231802258933,0.0,0.0,17.46541264541155,False
1781562252.7473545,25.679821491241455,2.890861674541149,0.5509356250977497,0.027797703827560062,0.0,0.0,17.85342209936806,False
1781562252.804798,25.73726487159729,2.896517933911811,0.5524281939597652,0.0277982427500653,0.0,0.0,18.238323338883365,False
1781562252.866506,25.798973083496094,2.901097168260152,0.5536455019501015,0.02779932243810664,0.0,0.0,18.573775829472176,False
1781562252.9322944,25.864761352539062,2.9058604758951465,0.5549551641919743,0.02780037867546665,0.0,0.0,18.911655863305135,False
1781562252.9926395,25.925106525421143,2.9110914109671677,0.5564571920294029,0.027800883081806678,0.0,0.0,19.25275617984905,False
1781562253.0559938,25.988460779190063,2.9183439847543124,0.5586247287963307,0.02780030359956349,0.0,0.0,19.693741140177128,False
1781562253.144654,26.077121019363403,2.926918293854688,0.5612919421746979,0.027798323644460107,0.0,0.0,20.185208083041182,False
1781562253.203366,26.135833024978638,2.9322561180879005,0.5630026470979004,0.02779698670290947,0.0,0.0,20.480434036190218,False
1781562253.2668383,26.199305295944214,2.9395168628903225,0.5653853209111909,0.02779575243932455,0.0,0.0,20.874149888567814,False
1781562253.3295522,26.262019157409668,2.9470194488239487,0.5678753163789003,0.0277964496447505,0.0,0.0,21.31198293033214,False
1781562253.393279,26.325746059417725,2.952244813578828,0.5696174616900342,0.027798374665273972,0.0,0.0,21.649219895394403,False
1781562253.453305,26.385771989822388,2.956394336421986,0.5710072895873513,0.02780033701105637,0.0,0.0,21.93706528260911,False
1781562253.5172665,26.44973349571228,2.9615460067589474,0.5727428020072655,0.027802418617089472,0.0,0.0,22.31992652026409,False
1781562253.5805514,26.513018369674683,2.9669203979454095,0.5745680502911525,0.027803036675393928,0.0,0.0,22.750009107157947,False
1781562253.6434803,26.575947284698486,2.970848478520185,0.5759135730246348,0.02780213321131699,0.0,0.0,23.084291676055635,False
1781562253.7064478,26.638914823532104,2.974244656734854,0.5771008186365943,0.027800697207756162,0.0,0.0,23.371953882294402,False
1781562253.7815094,26.71397638320923,2.980169157975306,0.5792813071408173,0.027798187155188066,0.0,0.0,23.809127541755306,False
1781562253.8375735,26.77004051208496,2.986116749099951,0.5815663494493994,0.027796437473736516,0.0,0.0,24.200791296783887,False
1781562253.901161,26.833627939224243,2.991724742570955,0.5837872134228077,0.027795691839865782,0.0,0.0,24.54464016037352,False
1781562253.986347,26.918813943862915,2.999375174817491,0.5869035013881285,0.02779584959052123,0.0,0.0,24.98734047522478,False
1781562254.0481453,26.98061227798462,3.0064786242577006,0.5898744493676127,0.02779669863500387,0.0,0.0,25.381144537265193,False
1781562254.1067238,27.039190769195557,3.0134180220744504,0.5928244522191861,0.027798079166873522,0.0,0.0,25.772760900610844,True
1781562254.1774805,27.109947443008423,3.0195779008126826,0.595452406788051,0.02780003565581799,0.0,0.0,26.159520514607117,False
1781562254.2381818,27.17064881324768,3.023797339998008,0.5972590699911882,0.02780130825704091,0.0,0.0,26.447833852437853,False
1781562254.3034465,27.235913515090942,3.029003610055916,0.5994980792429568,0.027802158126563403,0.0,0.0,26.83102366565092,False
1781562254.367613,27.300080060958862,3.0344020311181015,0.6018343049693882,0.02780170798286259,0.0,0.0,27.261273892766642,False
1781562254.4390798,27.371546745300293,3.038873157461111,0.603783165901086,0.02780042100919141,0.0,0.0,27.643370325451766,False
1781562254.5165894,27.449056386947632,3.0434721169836174,0.6058372283779244,0.027798957093710268,0.0,0.0,28.027917668765635,False
1781562254.5813804,27.51384735107422,3.0488692964125796,0.6083576311977799,0.02779776843657383,0.0,0.0,28.41783761645163,False
1781562254.6704865,27.60295343399048,3.0580713796687937,0.6128299732604751,0.02779682221558987,0.0,0.0,29.00726551179728,False
1781562254.7332518,27.66571879386902,3.0632944429441222,0.6154120680621054,0.027797286143027938,0.0,0.0,29.348323861707136,False
1781562254.7981844,27.730651378631592,3.068063814839641,0.6177773160568643,0.02779861872846868,0.0,0.0,29.686203270869683,False
1781562254.8825448,27.815011739730835,3.074879828589711,0.6211766544409854,0.027801082311434647,0.0,0.0,30.214020003790225,False
1781562254.9466739,27.879140853881836,3.0787904804944253,0.6231787901160036,0.02780177458516641,0.0,0.0,30.50411695395382,False
1781562255.0121183,27.94458532333374,3.085371614882659,0.6266554353142612,0.02780124870187368,0.0,0.0,30.943512899607377,False
1781562255.0818274,28.014294385910034,3.094147067875802,0.6314371098017741,0.027798520605041836,0.0,0.0,31.48307961969313,False
1781562255.148357,28.08082389831543,3.100013317338534,0.6346646851948026,0.0277970948673755,0.0,0.0,31.871027030957755,False
1781562255.2350152,28.167482137680054,3.1059317241373674,0.637932992111187,0.027797231217066884,0.0,0.0,32.30385464960585,False
1781562255.301284,28.23375105857849,3.1107315453428503,0.6405961231380622,0.027798685837618065,0.0,0.0,32.68698675434095,False
1781562255.3640761,28.29654312133789,3.115728729893695,0.6433845621814058,0.027800804992903983,0.0,0.0,33.11718707586943,False
1781562255.4476147,28.38008165359497,3.1203847190188743,0.6460006295601564,0.027802175267559202,0.0,0.0,33.54700286806233,False
1781562255.5114875,28.443954467773438,3.12381165907566,0.6479393049954262,0.027802212042394876,0.0,0.0,33.88118062985803,False
1781562255.587308,28.519774913787842,3.128461936729972,0.6505909130152033,0.02780084233650597,0.0,0.0,34.35848715154533,False
1781562255.6505883,28.58305525779724,3.1320066128339956,0.6526306085712947,0.02779928679124813,0.0,0.0,34.74029381770167,False
1781562255.7190707,28.651537656784058,3.1349996254652743,0.654367006111946,0.0277982679542036,0.0,0.0,35.074360193897654,False
1781562255.783302,28.715769052505493,3.137904522615134,0.6560659803447756,0.027797960436319033,0.0,0.0,35.40841852675877,False
1781562255.84854,28.781007051467896,3.141526845813616,0.6582053241416317,0.027798689619812564,0.0,0.0,35.837915384444315,False
1781562255.912004,28.844470977783203,3.144654275834007,0.6600726213075158,0.027799968262582995,0.0,0.0,36.21968774870226,False
1781562255.9707994,28.903266429901123,3.1469496459864903,0.6614559766635681,0.02780089775884662,0.0,0.0,36.50601697696272,False
1781562256.0284948,28.96096181869507,3.1492063183041457,0.6628272584564986,0.027801505731491184,0.0,0.0,36.79234680331836,False
1781562256.100209,29.032675981521606,3.152525545744916,0.6648655690158083,0.027801510155565305,0.0,0.0,37.221049915287786,False
1781562256.1656313,29.098098278045654,3.1557726802927855,0.6668854558681618,0.027800549138220415,0.0,0.0,37.64688379883953,False
1781562256.2646034,29.197070360183716,3.1593061890667795,0.6691144042955168,0.02779916781257513,0.0,0.0,38.11826847993547,False
1781562256.3599958,29.292462825775146,3.1642563755386224,0.6724610681727865,0.02779820687957112,0.0,0.0,38.61134838741383,False
1781562256.419484,29.351950883865356,3.169560763034777,0.6762587620201008,0.02779779354620155,0.0,0.0,38.994554916014465,False
1781562256.4950237,29.427490711212158,3.1749812386674403,0.680260800698955,0.027797345050967107,0.0,0.0,39.32560686922954,False
1781562256.561792,29.494258880615234,3.1801286547742547,0.6841417588955309,0.027796788684986647,0.0,0.0,39.59910113422756,False
1781562256.6476073,29.580074310302734,3.1887520772629716,0.6907802972106186,0.02779590378437202,0.0,0.0,40.007989431512286,False
1781562256.7071233,29.6395902633667,3.194949388782384,0.6956205336857518,0.027796143374922606,0.0,0.0,40.28645481473354,False
1781562256.7880542,29.720521211624146,3.2004136550451934,0.699897541208155,0.027798017911239908,0.0,0.0,40.53758761141688,False
1781562256.854677,29.78714394569397,3.2053218099336425,0.7037489303635704,0.02780050194993072,0.0,0.0,40.77077969725046,False
1781562256.9195185,29.851985454559326,3.21034219742684,0.7077013490098965,0.027802557295159076,0.0,0.0,41.007170609038205,False
1781562257.0062516,29.938718557357788,3.2154438988419076,0.7117350140530243,0.027802723772593074,0.0,0.0,41.23394637570672,False
1781562257.0983484,30.030815362930298,3.2201537044531414,0.7154773848928242,0.027800858457331455,0.0,0.0,41.43083261011002,False
1781562257.1634667,30.09593367576599,3.2241201104398827,0.718644689921988,0.02779872503418099,0.0,0.0,41.565112680333996,False
1781562257.2291796,30.161646604537964,3.227465612975027,0.7213284659402082,0.027797578412404652,0.0,0.0,41.65377118444884,False
1781562257.3000727,30.232539653778076,3.230274686472895,0.7235913097857943,0.027797587610580276,0.0,0.0,41.709034989275146,False
1781562257.3623834,30.29485034942627,3.2329887161950612,0.7257862409699989,0.027798486235588202,0.0,0.0,41.73785759500779,False
1781562257.4252174,30.35768437385559,3.236360039581147,0.7285252237362473,0.027800291751800314,0.0,0.0,41.73721060266519,False
1781562257.5004501,30.43291711807251,3.2396215702090223,0.7311886153962751,0.027801749871825498,0.0,0.0,41.69378875292896,False
1781562257.5598557,30.49232268333435,3.2417455411290073,0.7329303088687613,0.027802076942147133,0.0,0.0,41.637826324580296,False
1781562257.6423006,30.574767589569092,3.244865982265784,0.7354990424809129,0.027801439275289514,0.0,0.0,41.5167211425889,False
1781562257.7052598,30.63772678375244,3.248391105444158,0.7384404083528002,0.027799826301047784,0.0,0.0,41.3524046226054,False
1781562257.7869694,30.719436407089233,3.2536432755447704,0.742902143417854,0.027797504897403038,0.0,0.0,41.120213919194335,False
1781562257.8466158,30.779082775115967,3.257335583772517,0.7460605313805547,0.027796125970522022,0.0,0.0,40.96274576796629,False
1781562257.908589,30.841055870056152,3.261785637225379,0.7498749917564459,0.027795232726392997,0.0,0.0,40.76482650063,False
1781562257.9671443,30.899611234664917,3.2664118373037714,0.7538411928659666,0.027796315098187974,0.0,0.0,40.520847445423335,False
1781562258.0271142,30.95958113670349,3.2706449702459044,0.7574702353071866,0.02779892349786117,0.0,0.0,40.26423752105137,False
1781562258.1034636,31.035930633544922,3.274577550308274,0.7608402933030227,0.02780171249854329,0.0,0.0,39.99933174452025,False
1781562258.1873975,31.119864463806152,3.2787233801015314,0.7643899133505916,0.02780346857422321,0.0,0.0,39.6940405206842,False
1781562258.2487018,31.181168794631958,3.2822079285490044,0.7673692639001621,0.027803109377949962,0.0,0.0,39.41857370111651,False
1781562258.3187706,31.251237630844116,3.2859389444538936,0.770553608408443,0.02780095875880622,0.0,0.0,39.107144769511045,False
1781562258.3837917,31.316258668899536,3.288721258635182,0.7729233882077332,0.02779890663921176,0.0,0.0,38.8655199145892,False
1781562258.4416525,31.374119520187378,3.2910343347350435,0.7748896523921177,0.02779754844256853,0.0,0.0,38.658688615848604,False
1781562258.5062068,31.438673734664917,3.2944024984844464,0.777726285723869,0.027796812835673534,0.0,0.0,38.3804229501417,False
1781562258.569477,31.501944065093994,3.299285976923027,0.781764091861795,0.02779720422377148,0.0,0.0,38.060175284941906,False
1781562258.6391788,31.571645736694336,3.3044126861748895,0.7859453197199325,0.027797861123938367,0.0,0.0,37.77165411859217,False
1781562258.700325,31.632791996002197,3.3084570329839313,0.7892187027685168,0.027798284381313498,0.0,0.0,37.55526378079521,False
1781562258.7599359,31.692402839660645,3.3127935623834044,0.792724084553061,0.027799174082750806,0.0,0.0,37.30708686859957,False
1781562258.821335,31.753802061080933,3.3178737324643968,0.7968233774810342,0.02780042067237364,0.0,0.0,36.99261971825066,False
1781562258.9058928,31.838359832763672,3.3232991071113536,0.8011730951128349,0.027801121314182234,0.0,0.0,36.64590846796628,False
1781562258.96518,31.8976469039917,3.327058722069033,0.8041374803195468,0.027800897046902497,0.0,0.0,36.43673051620588,False
1781562259.0480576,31.98052453994751,3.3341133939265752,0.809617961351712,0.027799376473967543,0.0,0.0,36.086625837621476,False
1781562259.1110756,32.0435426235199,3.3405930099337393,0.8145980794998253,0.02779764780995881,0.0,0.0,35.77507402478769,False
1781562259.1701212,32.102588176727295,3.3450972018146725,0.8180538659607727,0.027797287071938136,0.0,0.0,35.539132247381765,False
1781562259.2566886,32.18915557861328,3.3498017666736954,0.8216563414029472,0.02779802804225221,0.0,0.0,35.27389045557523,False
1781562259.3203893,32.25285625457764,3.3541400855174133,0.8249696173067388,0.027799558988930783,0.0,0.0,35.01219136685851,False
1781562259.4056053,32.338072299957275,3.360127808707348,0.8295240559309947,0.027801666122259684,0.0,0.0,34.62438085230011,False
1781562259.4717934,32.4042603969574,3.363394270133156,0.8319974294127466,0.02780202666754259,0.0,0.0,34.39972278643114,False
1781562259.5490148,32.4814817905426,3.3669597819217816,0.8346868257843297,0.02780145702727563,0.0,0.0,34.14545137082211,False
1781562259.6066606,32.539127588272095,3.3699533498042227,0.8369354998613386,0.027800368169144236,0.0,0.0,33.92492200178773,False
1781562259.6714396,32.60390663146973,3.373655767711927,0.8397034657597103,0.027798901204560925,0.0,0.0,33.643188815252536,True
1781562259.7319684,32.664435386657715,3.3764394778621845,0.8417738945871821,0.027798250464470212,0.0,0.0,33.427381300432145,False
1781562259.7934644,32.72593140602112,3.378769129314344,0.8434988397261086,0.027798237882829625,0.0,0.0,33.244922660090225,False
1781562259.8619702,32.79443717002869,3.3818063186809693,0.8457361740889894,0.02779895263754632,0.0,0.0,33.00414147944831,False
1781562259.9223557,32.854822635650635,3.385987591953443,0.8487232993806473,0.027800053663911705,0.0,0.0,32.7424128414635,False
1781562259.9820292,32.914496183395386,3.3901100881741217,0.8515840863258177,0.02780034623663979,0.0,0.0,32.546487798481394,False
1781562260.061849,32.99431610107422,3.395562893800443,0.855297476842495,0.02779945886737576,0.0,0.0,32.328148151153776,False
1781562260.1213937,33.053860664367676,3.400319119699508,0.8585105481550803,0.027798360928164928,0.0,0.0,32.15219928797907,False
1781562260.183318,33.115784883499146,3.4058498060596514,0.8622399472261626,0.02779787216590646,0.0,0.0,31.95302289230308,False
1781562260.2483716,33.1808385848999,3.4103439080054643,0.8652628865538895,0.027798457402232343,0.0,0.0,31.79489282169092,False
1781562260.3113093,33.24377632141113,3.413512138615875,0.8673887164103902,0.027799354914315955,0.0,0.0,31.685812560016338,False
1781562260.3726206,33.30508756637573,3.4170313693112977,0.8697439191574635,0.027800539402478792,0.0,0.0,31.567783131980686,False
1781562260.4383092,33.37077617645264,3.421325172424765,0.8726075213796742,0.027801612356067547,0.0,0.0,31.42773818574866,False
1781562260.4998472,33.43231415748596,3.4249584321934425,0.8750212581684301,0.0278016741915847,0.0,0.0,31.31491869782789,False
1781562260.5587854,33.491252422332764,3.4275847667736423,0.8767604280670586,0.02780114236201119,0.0,0.0,31.241578594307985,False
1781562260.6261353,33.55860233306885,3.430553377967831,0.8787203735406608,0.027800128553580484,0.0,0.0,31.166907392231153,False
1781562260.69449,33.626956939697266,3.4342372797389937,0.8811435019457698,0.027798833550360665,0.0,0.0,31.086339405037027,False
1781562260.7608051,33.69327211380005,3.4377964218436814,0.883474371631759,0.02779828365103435,0.0,0.0,31.023413617198837,False
1781562260.8195596,33.75202655792236,3.440112775788587,0.8849856096345339,0.027798512650383855,0.0,0.0,30.990566595193087,False
1781562260.8876212,33.820088148117065,3.4427692580509595,0.8867129223617162,0.02779928138803372,0.0,0.0,30.9621391904943,False
1781562260.957959,33.89042592048645,3.4464972874350237,0.8891261750443817,0.027800691180911392,0.0,0.0,30.953309901484246,False
1781562261.0294757,33.96194267272949,3.4497964479541663,0.891251554475947,0.02780145063734566,0.0,0.0,30.978458018072235,False
1781562261.1022997,34.03476667404175,3.452328379532333,0.8928765861662945,0.027801368937333003,0.0,0.0,31.018199854641132,False
1781562261.1652348,34.09770178794861,3.4551865214298947,0.894705140775832,0.02780060898347466,0.0,0.0,31.07842360701003,False
1781562261.2275574,34.16002440452576,3.4583592715328595,0.8967282763567855,0.027799412045986356,0.0,0.0,31.162298210741795,False
1781562261.3156888,34.24815583229065,3.4618391331855607,0.8989398103947929,0.027798560334239632,0.0,0.0,31.271156026335888,False
1781562261.3752038,34.3076708316803,3.4639080256514445,0.9002512943006044,0.027798574812695914,0.0,0.0,31.340630545622663,False
1781562261.4594033,34.39187026023865,3.467332742596335,0.902417388178788,0.02779943025384682,0.0,0.0,31.461837415446134,False
1781562261.520453,34.45291996002197,3.470394123459091,0.9043493288976953,0.02780053778318858,0.0,0.0,31.561598519815334,False
1781562261.584578,34.51704502105713,3.472762107213348,0.9058413903044521,0.027801138435671908,0.0,0.0,31.62596032888449,False
1781562261.6435814,34.576048374176025,3.474782477099235,0.9071130873062035,0.027801267875298668,0.0,0.0,31.672954651532343,False
1781562261.7218573,34.6543242931366,3.47779715158212,0.9090086842863981,0.02780075587792905,0.0,0.0,31.728920474967666,False
1781562261.8082118,34.740678787231445,3.48179010923917,0.9115163485633109,0.027799433038341446,0.0,0.0,31.774537618706653,False
1781562261.8769336,34.80940055847168,3.484107693781097,0.9129704418192297,0.027798878999428643,0.0,0.0,31.786735277996964,False
1781562261.9464743,34.87894129753113,3.486749488821558,0.9146268035640945,0.027798795276254354,0.0,0.0,31.787206340660315,False
1781562262.0222516,34.954718589782715,3.4903752149402343,0.9168981788324782,0.027799599687797164,0.0,0.0,31.764065707176666,False
1781562262.097756,35.03022289276123,3.493338209309832,0.9187527638360683,0.02780051649297721,0.0,0.0,31.724887298304502,False
1781562262.1562395,35.088706493377686,3.495312121171729,0.919987423923264,0.027800931959232913,0.0,0.0,31.687874233762834,False
1781562262.2134693,35.145936250686646,3.4972842168940343,0.921220226963793,0.027801044975348153,0.0,0.0,31.642527121418677,False
1781562262.2749567,35.2074236869812,3.49991000761307,0.9228604414240462,0.027800699020529205,0.0,0.0,31.570100852889517,False
1781562262.345535,35.2780020236969,3.502859787198747,0.9247011261963474,0.027799890960476942,0.0,0.0,31.473013430141428,False
1781562262.4164715,35.34893846511841,3.5054796653929436,0.9263339772774314,0.027799223507601705,0.0,0.0,31.37452187684664,False
1781562262.4895277,35.42199468612671,3.5077719895019994,0.9277609235889155,0.02779896311354636,0.0,0.0,31.28031541554022,False
1781562262.5566921,35.48915910720825,3.510721580133572,0.929594254796518,0.027799212206053064,0.0,0.0,31.14897435103951,False
1781562262.6294281,35.56189513206482,3.514002645703141,0.9316294912013371,0.027800002740738218,0.0,0.0,30.991878265718814,False
1781562262.7008812,35.63334822654724,3.5163009729722923,0.9330522602432721,0.027800542505803598,0.0,0.0,30.876579208274983,False
1781562262.7653437,35.697810649871826,3.518599417233863,0.93447251972439,0.027800825250221085,0.0,0.0,30.758496786347436,False
1781562262.8298569,35.76232385635376,3.5215542793576966,0.9362942828728309,0.027800668265816737,0.0,0.0,30.603476272278414,False
1781562262.8983042,35.83077120780945,3.5245083338499987,0.9381105461759469,0.02780007022939228,0.0,0.0,30.44725857086996,False
1781562262.9642782,35.89674520492554,3.5268027916456375,0.9395176248585676,0.027799556910295745,0.0,0.0,30.33135692741892,False
1781562263.031509,35.96397590637207,3.52909494767839,0.9409199276805632,0.027799224388716053,0.0,0.0,30.22034452940591,False
1781562263.1200345,36.05250144004822,3.5330207041822086,0.9433134148707107,0.027799360990576012,0.0,0.0,30.04045089389404,False
1781562263.1862302,36.11869716644287,3.5356356852060884,0.9449017520603199,0.027799843045187046,0.0,0.0,29.92817737571278,False
1781562263.2565596,36.18902659416199,3.5379225849559446,0.9462867758511416,0.027800298439317743,0.0,0.0,29.834049314653686,False
1781562263.3373234,36.26979041099548,3.5411875118360516,0.9482574796802865,0.027800646366533184,0.0,0.0,29.706840046344354,False
1781562263.4003682,36.33283519744873,3.5441239672012474,0.9500231448834119,0.02780048715313941,0.0,0.0,29.599880563999186,False
1781562263.4722595,36.40472650527954,3.546733099589146,0.951586546633693,0.027800065729809607,0.0,0.0,29.5097960977126,False
1781562263.530474,36.46294093132019,3.5486896176238627,0.9527555152418083,0.02779971579124881,0.0,0.0,29.445399067521752,False
1781562263.589293,36.52175998687744,3.5509721913361947,0.9541156190136021,0.02779942086731431,0.0,0.0,29.373609416595922,False
1781562263.6456623,36.578129291534424,3.553581175565257,0.9556653786549284,0.02779936002708879,0.0,0.0,29.29545859482704,False
1781562263.7100677,36.6425347328186,3.556190754537982,0.9572103541440776,0.02779960185177262,0.0,0.0,29.22138596525964,False
1781562263.789505,36.72197198867798,3.5588009929444078,0.9587506283386074,0.027800007181859158,0.0,0.0,29.151721183858538,False
1781562263.8597078,36.79217481613159,3.561411874804657,0.9602862501155552,0.02780036298698395,0.0,0.0,29.08598404919852,False
1781562263.9263206,36.858787536621094,3.5650633582927145,0.9624043035771129,0.027800349261542515,0.0,0.0,28.98080094564927,False
1781562263.984739,36.917206048965454,3.5689056435087543,0.9646006698761889,0.0277997138951384,0.0,0.0,28.852346473411927,False
1781562264.0461447,36.97861170768738,3.5727772931033575,0.9667960386010531,0.027798618371603478,0.0,0.0,28.71618919111634,False
1781562264.121809,37.05427598953247,3.578839856130383,0.9702167968686423,0.027797013277929446,0.0,0.0,28.50473373888847,False
1781562264.1871436,37.11961054801941,3.584318045379661,0.9733040051814461,0.02779718996247122,0.0,0.0,28.326924942776476,False
1781562264.277962,37.210428953170776,3.5898799360315383,0.9764331852538606,0.027799149791525774,0.0,0.0,28.159156026331175,False
1781562264.3496597,37.282126665115356,3.5940320050855723,0.9787643572188449,0.027801075278388106,0.0,0.0,28.042993974652017,False
1781562264.4106166,37.34308362007141,3.597978906871446,0.9809755125714137,0.0278023460566956,0.0,0.0,27.939929185740315,False
1781562264.4900599,37.422526836395264,3.6026751029190747,0.9835994439757754,0.027802211021619897,0.0,0.0,27.82589792292062,False
1781562264.5505629,37.48302984237671,3.605381657935446,0.9851080051205369,0.027801263474061026,0.0,0.0,27.762347538202217,False
1781562264.636158,37.56862497329712,3.609727361644224,0.9875242670646174,0.0277991230863809,0.0,0.0,27.66213774593395,False
1781562264.7069092,37.639376163482666,3.6138926597114223,0.9898329226989675,0.027797717659335763,0.0,0.0,27.56796398664427,False
1781562264.7792902,37.71175718307495,3.617118916783944,0.9916156895786715,0.027797837053781922,0.0,0.0,27.496375984642544,False
1781562264.8387914,37.77125835418701,3.6194894630284766,0.992922300937159,0.027798629432627127,0.0,0.0,27.444642296259975,False
1781562264.9049447,37.837411642074585,3.6229057374883324,0.9947905795126201,0.027800193007679594,0.0,0.0,27.36406426799981,False
1781562264.9904628,37.922929763793945,3.630047213059856,0.9986187278236153,0.027801679782309612,0.0,0.0,27.15188283220231,False
1781562265.0565565,37.98902344703674,3.6351247479546633,1.0013073851625731,0.027800744256503244,0.0,0.0,26.987505588867826,False
1781562265.1283543,38.060821294784546,3.6395771019051524,1.0036541461844353,0.0277991536234588,0.0,0.0,26.84500174867312,True
1781562265.1894667,38.121933698654175,3.644342205342165,1.0061637147586202,0.027797674014002384,0.0,0.0,26.703983495439907,False
1781562265.2767816,38.209248542785645,3.652270752488285,1.0103323187077087,0.027797445663122748,0.0,0.0,26.496447892832137,False
1781562265.3642206,38.296687602996826,3.65831091963186,1.0134992399283587,0.027799649518940813,0.0,0.0,26.363288671435818,False
1781562265.4252262,38.35769319534302,3.6614163838383282,1.015123541496528,0.027801070551644127,0.0,0.0,26.30368012708712,False
1781562265.4933686,38.425835609436035,3.665388363404762,1.0171966587456547,0.02780234562538573,0.0,0.0,26.23669058328837,False
1781562265.5550888,38.487555742263794,3.669655378917766,1.019417985542811,0.02780227528135631,0.0,0.0,26.177876229966113,False
1781562265.6203492,38.55281615257263,3.6732877346154065,1.021304130885105,0.027800953032952713,0.0,0.0,26.139089207373527,False
1781562265.7108877,38.643354654312134,3.677213658311429,1.0233376508841974,0.027798954898575253,0.0,0.0,26.1094026235921,False
1781562265.7699528,38.70241975784302,3.6801661909740604,1.0248633349213891,0.02779782693220619,0.0,0.0,26.096040914252452,False
1781562265.8485053,38.78097224235535,3.684666839519978,1.0271824493865538,0.0277978411781477,0.0,0.0,26.09180667936701,False
1781562265.9172037,38.84967064857483,3.688292695054662,1.0290345374939864,0.027799252418010324,0.0,0.0,26.082621100670117,False
1781562265.9803653,38.912832260131836,3.691759876051197,1.0307851893737257,0.027800679147743687,0.0,0.0,26.046362975796338,False
1781562266.0459988,38.97846579551697,3.696492173343467,1.0331576541564407,0.027801678404641456,0.0,0.0,25.9738440354185,False
1781562266.1057663,39.038233280181885,3.7030076419227633,1.036407710772679,0.027800967906352572,0.0,0.0,25.857686526846855,False
1781562266.169549,39.10201597213745,3.708258528883336,1.039024396825398,0.027799631843533158,0.0,0.0,25.774587749258753,False
1781562266.23884,39.17130708694458,3.712491599971224,1.0411321959072777,0.027798549683292095,0.0,0.0,25.717066577267907,False
1781562266.305551,39.23801803588867,3.716461742085217,1.0431071968239884,0.02779801565496324,0.0,0.0,25.674119957350936,False
1781562266.3659031,39.298370122909546,3.720752497511714,1.0452389766769912,0.027798371499326003,0.0,0.0,25.645535194774023,False
1781562266.4243236,39.35679054260254,3.7248399305002273,1.0472666130709227,0.027799599370961492,0.0,0.0,25.63752215173684,False
1781562266.4919124,39.42437934875488,3.7283447421109845,1.0490016896274112,0.027800911191332243,0.0,0.0,25.643943994179846,False
1781562266.5560582,39.48852515220642,3.7325110167196787,1.0510500592729088,0.02780197653238044,0.0,0.0,25.6273232925715,False
1781562266.620962,39.55342888832092,3.738145741168871,1.0538039504709373,0.027801354073837065,0.0,0.0,25.570020741148692,False
1781562266.701267,39.63373398780823,3.746703864026237,1.0579662494293252,0.027796836508362142,0.0,0.0,25.444058457053504,False
1781562266.7656746,39.69814157485962,3.751660872018451,1.0603743416226887,0.027794995150115197,0.0,0.0,25.37559138569151,False
1781562266.8374891,39.76995611190796,3.756207347241167,1.0625818813068213,0.027795046492772226,0.0,0.0,25.321416872438416,False
1781562266.9236054,39.856072425842285,3.7640346546607293,1.066369056188699,0.027799125552737364,0.0,0.0,25.230367288068443,False
1781562266.9873493,39.91981625556946,3.77023243629104,1.0693459681919872,0.027803310626242774,0.0,0.0,25.13185313256398,False
1781562267.0592115,39.99167847633362,3.7761703063949854,1.0721845371276864,0.02780562335716374,0.0,0.0,25.023255872049106,False
1781562267.118368,40.0508348941803,3.781899306513186,1.0749175792965189,0.027805372867732072,0.0,0.0,24.921058608954684,False
1781562267.181711,40.114177942276,3.7884571444634303,1.078044112860554,0.027802041775237235,0.0,0.0,24.820777501620928,False
1781562267.2406104,40.17307734489441,3.793065542615891,1.0802396442450255,0.027798575028286598,0.0,0.0,24.76330958806585,False
1781562267.3005726,40.23303961753845,3.796955020061725,1.0820880979975238,0.027795987477103854,0.0,0.0,24.71747658084153,False
1781562267.367314,40.29978108406067,3.8020799863302193,1.0845083521422312,0.027794216544453982,0.0,0.0,24.637447153732797,False
1781562267.4482605,40.38072752952576,3.8111788057012586,1.0887739553744686,0.02779572362634023,0.0,0.0,24.459788206106843,False
1781562267.5150237,40.44749069213867,3.817953588133625,1.0919335198787266,0.02779881660856997,0.0,0.0,24.310882877307552,False
1781562267.5848873,40.517354249954224,3.823262448587637,1.0944074444271243,0.027801598361330768,0.0,0.0,24.18936531542734,False
1781562267.6560543,40.588521242141724,3.828767245366406,1.096970416549756,0.0278034998251041,0.0,0.0,24.05882371804949,False
1781562267.7186034,40.65107035636902,3.8351296088210245,1.0999141054183965,0.027802778324042394,0.0,0.0,23.88234364628339,False
1781562267.7797594,40.71222639083862,3.8415660910027616,1.102861569395927,0.02779998056125273,0.0,0.0,23.671456720946313,False
1781562267.838239,40.77070593833923,3.846760576687618,1.105221810380022,0.02779747031909894,0.0,0.0,23.48951681613403,False
1781562267.9133532,40.84582018852234,3.854053804508917,1.1085099505865421,0.027794650909806366,0.0,0.0,23.23013458666639,False
1781562267.9700305,40.90249752998352,3.8616601751859054,1.1119081695437893,0.02779322153762442,0.0,0.0,22.970128769707966,False
1781562268.0386515,40.971118450164795,3.870482046986687,1.1158100625022969,0.02779352774478886,0.0,0.0,22.677935487785405,False
1781562268.0990481,41.03151512145996,3.876268288096044,1.118350728259498,0.027794870403209875,0.0,0.0,22.492120804375727,False
1781562268.1577182,41.09018516540527,3.8814814392386228,1.1206373258730316,0.027797359813059856,0.0,0.0,22.332933359322787,False
1781562268.2195654,41.15203237533569,3.8869816710706204,1.1230468804909954,0.027800700647530627,0.0,0.0,22.173266609994343,False
1781562268.2954462,41.22791314125061,3.894895693037271,1.1264990077122492,0.027804167963776424,0.0,0.0,21.95449211151555,False
1781562268.3579667,41.29043364524841,3.9004403321912076,1.1288778665026966,0.027804196033908355,0.0,0.0,21.792831169885375,False
1781562268.4443603,41.376827239990234,3.9082584057418277,1.132183011153774,0.027801609917930747,0.0,0.0,21.555627323941245,False
1781562268.5125299,41.44499683380127,3.916057080016048,1.1354467698717103,0.02779767412921448,0.0,0.0,21.32016884055399,False
1781562268.586727,41.51919388771057,3.923589499439353,1.138592820649715,0.027795428512012672,0.0,0.0,21.10603888566562,False
1781562268.655434,41.5879008769989,3.928329758784518,1.1405683942235736,0.027795943769426845,0.0,0.0,20.97802883694567,False
1781562268.7195182,41.65198516845703,3.9331808630561285,1.1425704638167042,0.027797759338156956,0.0,0.0,20.84342265110877,False
1781562268.7811372,41.71360421180725,3.939505423822151,1.1451350739271178,0.027800334049507762,0.0,0.0,20.65280896191164,False
1781562268.8403416,41.77280855178833,3.9464679047629665,1.1479155673284702,0.027801925808957424,0.0,0.0,20.433508213532548,False
1781562268.904154,41.836621046066284,3.952944439647144,1.1504694745505173,0.0278014735427426,0.0,0.0,20.22953200537758,False
1781562268.9648607,41.89732766151428,3.9587064310407594,1.1527183357764945,0.02779963425325947,0.0,0.0,20.059449475534354,False
1781562269.03936,41.971827030181885,3.967615728754411,1.156155988488102,0.02779552828945403,0.0,0.0,19.811402345340493,False
1781562269.10107,42.03353691101074,3.9767556009289318,1.1596357648545073,0.027792176930999342,0.0,0.0,19.56910990510858,False
1781562269.1646254,42.097092390060425,3.98398031654922,1.1623543590418735,0.027791465834810666,0.0,0.0,19.383355345357373,False
1781562269.2441938,42.176660776138306,3.9923308406482922,1.165462494319507,0.027792959346677578,0.0,0.0,19.173054647577924,False
1781562269.3094945,42.24196147918701,4.00075836726416,1.1685631610647724,0.02779596285850168,0.0,0.0,18.963501707086024,False
1781562269.371167,42.30363392829895,4.0092439250156495,1.171649292415216,0.027798840072858003,0.0,0.0,18.75316377994439,False
1781562269.4614606,42.393927574157715,4.020978179869985,1.1758586980454935,0.02780015747065557,0.0,0.0,18.463057569627193,False
1781562269.528798,42.461265087127686,4.0284743811937265,1.1785128142047225,0.02779907392014636,0.0,0.0,18.277124871778803,False
1781562269.588384,42.52085089683533,4.0359878728728065,1.1811458608774124,0.027797084015485793,0.0,0.0,18.08966186750576,False
1781562269.6483018,42.58076882362366,4.045669284163619,1.184498603531695,0.027794571720171735,0.0,0.0,17.847060734033587,False
1781562269.725314,42.65778088569641,4.055368717685824,1.1878124916971682,0.02779349608248488,0.0,0.0,17.602815264838465,False
1781562269.7874043,42.719871282577515,4.061841760252637,1.1899989943960603,0.027793840916387418,0.0,0.0,17.43894890081191,False
1781562269.8779304,42.8103973865509,4.073724633991516,1.1939605476160875,0.027795937995971694,0.0,0.0,17.13862167696429,False
1781562269.9586308,42.89109778404236,4.0856349132369765,1.1978633569533663,0.027797951149780717,0.0,0.0,16.874021482399883,False
1781562270.033399,42.96586608886719,4.094313442318833,1.200665416748638,0.02779832625041172,0.0,0.0,16.705098488116555,False
1781562270.1006637,43.03313064575195,4.101916872270146,1.203092552862862,0.027797809678698045,0.0,0.0,16.568963397538276,False
1781562270.1597064,43.0921733379364,4.110616366692133,1.205839042984607,0.027796649986195767,0.0,0.0,16.423658479886015,False
1781562270.2263155,43.15878248214722,4.120414767903426,1.2088952735813752,0.02779540257292631,0.0,0.0,16.270386900185834,False
1781562270.304975,43.23744201660156,4.1291341038796725,1.2115834566566637,0.027794921469167327,0.0,0.0,16.140497563767333,False
1781562270.3842328,43.316699743270874,4.138954142664815,1.2145773034814635,0.027795261380884825,0.0,0.0,15.996033012204714,False
1781562270.4401302,43.372597217559814,4.147692080593543,1.2172125923433452,0.027796059376482992,0.0,0.0,15.868417997890182,False
1781562270.4992476,43.43171453475952,4.155342959867736,1.2194987498840468,0.02779677265343331,0.0,0.0,15.757070842864097,False
1781562270.5793233,43.51179027557373,4.164087492030332,1.2220882212395965,0.027797256448112657,0.0,0.0,15.629362512950868,True
1781562270.6671584,43.5996253490448,4.175021110453086,1.225291695740397,0.027797145612111097,0.0,0.0,15.46905011367314,False
1781562270.7283819,43.66084885597229,4.183777459233337,1.2278304028563276,0.027796632036610834,0.0,0.0,15.33813847674243,False
1781562270.8067312,43.739198207855225,4.193640930993462,1.230662027568869,0.027795997398279412,0.0,0.0,15.187191209578232,False
1781562270.8733306,43.8057975769043,4.201320568834963,1.2328463640551384,0.027795704720491952,0.0,0.0,15.068087174262718,False
1781562270.9350305,43.86749744415283,4.210109212786382,1.235324438443975,0.027795694997934765,0.0,0.0,14.947282843675897,False
1781562270.9978027,43.930269718170166,4.220010838148965,1.2380893445535248,0.027796015388636738,0.0,0.0,14.835436264305581,False
1781562271.0644767,43.9969437122345,4.227720627173236,1.2402233767579178,0.027796345880430885,0.0,0.0,14.763216926788537,False
1781562271.132037,44.06450390815735,4.235432944763277,1.2423426752287536,0.027796605374997004,0.0,0.0,14.70171191273922,False
1781562271.1963685,44.12883543968201,4.244247307145313,1.2447472339543766,0.027796712989330993,0.0,0.0,14.642695692870351,False
1781562271.2612088,44.19367575645447,4.254165067223643,1.2474322506206341,0.027796587201495256,0.0,0.0,14.589292755617768,False
1781562271.332664,44.2651309967041,4.262982797575305,1.249802941286403,0.027796360946172546,0.0,0.0,14.549769195637992,False
1781562271.3917706,44.32423758506775,4.269597447467205,1.2515720777540862,0.027796202773985878,0.0,0.0,14.523285526963052,False
1781562271.4566321,44.38909912109375,4.277316114348456,1.2536273512367764,0.027796093780276407,0.0,0.0,14.495632099339916,False
1781562271.514409,44.44687604904175,4.287242569708632,1.2562573725656505,0.027796106833733465,0.0,0.0,14.460973712368547,False
1781562271.5734916,44.505958557128906,4.294964933805874,1.2582941450427543,0.0277962073084177,0.0,0.0,14.431626921771803,False
1781562271.6431646,44.575631618499756,4.302688749727776,1.2603238322897738,0.027796331349604696,0.0,0.0,14.40029945600117,False
1781562271.7067816,44.63924860954285,4.310414107064517,1.262346905535006,0.02779642763916327,0.0,0.0,14.365425482301829,False
1781562271.765778,44.69824504852295,4.319245292316381,1.2646513429191364,0.027796465124136027,0.0,0.0,14.317099895821526,False
1781562271.830501,44.76296806335449,4.329183149823662,1.2672342198758553,0.02779641689588185,0.0,0.0,14.252635357788016,False
1781562271.906454,44.83892107009888,4.338020596383042,1.2695217438831046,0.027796333373595262,0.0,0.0,14.189995420118285,False
1781562271.9653888,44.89785575866699,4.34465445794188,1.2712329336661268,0.027796271071906544,0.0,0.0,14.14851294012347,False
1781562272.0366623,44.96912932395935,4.354613141270079,1.27379219031045,0.027796212711831813,0.0,0.0,14.096252897788581,False
1781562272.1235442,45.05601119995117,4.367902015088282,1.2771900597587076,0.027796216449724867,0.0,0.0,14.040958795919268,False
1781562272.18147,45.11393690109253,4.374549657836395,1.2788828695916754,0.027796240484574786,0.0,0.0,14.016450209959103,False
1781562272.2413101,45.17377710342407,4.381198980821502,1.2805717521014406,0.027796267589375864,0.0,0.0,13.993772978359331,False
1781562272.3061008,45.23856782913208,4.390067048237331,1.2828177568270527,0.027796297359026268,0.0,0.0,13.963922382741217,False
1781562272.3709037,45.30337071418762,4.400046524426989,1.2853369151158904,0.027796315103646833,0.0,0.0,13.925739219936546,False
1781562272.432054,45.36452102661133,4.4078103198831275,1.2872908561450638,0.02779631813076255,0.0,0.0,13.892772747364011,False
1781562272.5233262,45.455793142318726,4.417792295985957,1.2897955592145858,0.027796314854259097,0.0,0.0,13.84374525829496,False
1781562272.594259,45.52672600746155,4.427769412036324,1.292290469179967,0.027796312386205498,0.0,0.0,13.781013966907167,False
1781562272.6519313,45.58439826965332,4.436635644701976,1.294499936131645,0.027796310141462704,0.0,0.0,13.714553307077441,False
1781562272.7121034,45.64457035064697,4.444393380283347,1.2964267516103676,0.027796307655069477,0.0,0.0,13.646712918306381,False
1781562272.7755873,45.708054304122925,4.451043652568957,1.2980732960119226,0.027796305493348956,0.0,0.0,13.579676231179418,False
1781562272.8344007,45.76686763763428,4.458803503143156,1.299987862549711,0.02779630444624709,0.0,0.0,13.492327275363257,False
1781562272.896959,45.82942605018616,4.46878420020447,1.3024385060999006,0.027796305144549557,0.0,0.0,13.372288398172339,False
1781562272.9622903,45.89475727081299,4.477663415310872,1.304606231038176,0.027796302242253084,0.0,0.0,13.273627483038581,False
1781562273.0318913,45.96435832977295,4.485437798461766,1.3064939657203358,0.02779629620340286,0.0,0.0,13.193669810527641,False
1781562273.1033325,46.035799503326416,4.494325710581304,1.3086399959109125,0.027796287991148846,0.0,0.0,13.107721564080146,False
1781562273.1663864,46.09885334968567,4.504322028918756,1.3110380738115122,0.027796287350172512,0.0,0.0,13.014192132515994,False
1781562273.234303,46.16676998138428,4.513206827950797,1.3131555553258876,0.027796296482147334,0.0,0.0,12.933327114872231,False
1781562273.303066,46.235532999038696,4.520981480348245,1.3149976747899188,0.02779631180057486,0.0,0.0,12.863358305308884,False
1781562273.372221,46.30468797683716,4.529868307315405,1.3170909807793856,0.02779633341529822,0.0,0.0,12.781004135740243,False
1781562273.4509077,46.38337469100952,4.542091172323453,1.3199484932521335,0.027796355089856468,0.0,0.0,12.663800286570256,False
1781562273.513449,46.445915937423706,4.5498722328084105,1.3217544155929468,0.027796354583822583,0.0,0.0,12.584123171467594,False
1781562273.576966,46.50943303108215,4.556544051119299,1.3232945880375997,0.02779634301313695,0.0,0.0,12.509507942889883,False
1781562273.65094,46.583406925201416,4.565442952493635,1.3253366029534543,0.027796316502582574,0.0,0.0,12.402198198320695,False
1781562273.718672,46.6511390209198,4.576572135046034,1.3278697901626362,0.027796282561072288,0.0,0.0,12.255049008385358,False
1781562273.7858055,46.71827244758606,4.58548048384671,1.3298800428056672,0.027796269739803342,0.0,0.0,12.126167301898242,False
1781562273.8570998,46.7895667552948,4.593278819326015,1.3316263127855454,0.02779627453115873,0.0,0.0,12.006891448088464,False
1781562273.916404,46.84887099266052,4.601079381852484,1.3333598141467828,0.02779629305857386,0.0,0.0,11.889467197527436,False
1781562273.9796402,46.91210722923279,4.611110586802438,1.3355687693998326,0.027796326671330848,0.0,0.0,11.752878031305324,False
1781562274.0394337,46.97190070152283,4.620029764263865,1.3375134128758177,0.02779635050905368,0.0,0.0,11.642471191716469,False
1781562274.1025546,47.03502154350281,4.626721000628056,1.338960321787739,0.027796358037719782,0.0,0.0,11.564939903548877,False
1781562274.1654634,47.09793043136597,4.634529624197975,1.3406360311900294,0.027796353854098333,0.0,0.0,11.478198016904264,False
1781562274.228215,47.16068196296692,4.643456718274779,1.3425351330991258,0.02779633617223356,0.0,0.0,11.383230379613758,False
1781562274.3450756,47.27754259109497,4.660203677753623,1.3460513255443245,0.027796300280017984,0.0,0.0,11.213020662608875,False
1781562274.4172978,47.349764823913574,4.6680228320426975,1.3476729026225294,0.027796295629535776,0.0,0.0,11.134854057534277,False
1781562274.4852474,47.4177143573761,4.676962035338035,1.3495114981805534,0.027796302438029028,0.0,0.0,11.045771115382658,False
1781562274.5463305,47.4787974357605,4.687022820867636,1.3515616631307867,0.027796318847359756,0.0,0.0,10.941799738720256,False
1781562274.605401,47.5378680229187,4.6948508472062205,1.3531429999798605,0.02779633100086684,0.0,0.0,10.858040474899838,False
1781562274.6683736,47.60084056854248,4.701562576199219,1.354489229120191,0.027796337089029066,0.0,0.0,10.784514157355707,False
1781562274.7532017,47.68566870689392,4.712753397912205,1.3567141096169704,0.027796334308417586,0.0,0.0,10.655076064243152,False
1781562274.8326519,47.76511883735657,4.725069902604675,1.3591338667725699,0.027796317762976815,0.0,0.0,10.502208364789608,False
1781562274.904279,47.83674597740173,4.734031264821784,1.3608749575240302,0.027796305913815624,0.0,0.0,10.388843696116803,False
1781562274.9862652,47.91873216629028,4.742994966285285,1.3625997649330577,0.027796301654708238,0.0,0.0,10.289367341831348,False
1781562275.0528612,47.98532819747925,4.75196111690337,1.3643084171787803,0.027796306602046628,0.0,0.0,10.203338493711748,False
1781562275.1250181,48.05748510360718,4.76317803007123,1.3664232814793296,0.027796314151651444,0.0,0.0,10.111103725871473,False
1781562275.1874015,48.119868516922,4.771038070050278,1.367890882711634,0.027796311944133685,0.0,0.0,10.054869752791165,False
1781562275.2494926,48.18195962905884,4.7777793699921185,1.3691406868695501,0.027796303923802564,0.0,0.0,10.011565178540762,False
1781562275.321627,48.25409388542175,4.787893229819316,1.3710012462049257,0.027796287792439707,0.0,0.0,9.952802228866382,False
1781562275.3826108,48.315077781677246,4.7980039726926,1.3728450129781267,0.027796280705329655,0.0,0.0,9.89835639334684,False
1781562275.4424438,48.374910831451416,4.80586688283036,1.374268413812629,0.027796286772389888,0.0,0.0,9.858709218215676,False
1781562275.5257256,48.458192586898804,4.814852923822724,1.3758846515888534,0.027796307889438765,0.0,0.0,9.815298040570426,False
1781562275.5913515,48.523818492889404,4.823839459746623,1.3774904714326233,0.027796338169338738,0.0,0.0,9.772310862207181,False
1781562275.6474802,48.57994723320007,4.8328268853070835,1.379086551601783,0.027796364359914633,0.0,0.0,9.729682500363,False
1781562275.7165914,48.64905834197998,4.841815425340873,1.38067344841079,0.027796372295341015,0.0,0.0,9.685836842775167,False
1781562275.777449,48.70991587638855,4.84855764044992,1.3818578479868504,0.02779636189251866,0.0,0.0,9.650218152205884,False
1781562275.8450332,48.77750015258789,4.8575482831375405,1.3834295247709145,0.027796330205133037,0.0,0.0,9.599270386665149,False
1781562275.9085333,48.84100031852722,4.867664358270119,1.3851875069643111,0.027796288384298828,0.0,0.0,9.53556050151731,False
1781562275.9764328,48.908899784088135,4.8766581766913,1.3867410852636233,0.027796266792325042,0.0,0.0,9.470805850711788,True
1781562276.036446,48.968913078308105,4.8834046553341475,1.387900497566143,0.027796268328984585,0.0,0.0,9.417682893956743,False
1781562276.1059358,49.038402795791626,4.891276814918275,1.3892466494823807,0.027796289049857096,0.0,0.0,9.353265854622867,False
1781562276.1716151,49.104082107543945,4.9025251923589,1.3911571590730905,0.027796336001758567,0.0,0.0,9.277946341977263,False
1781562276.2348669,49.16733384132385,4.911525884544877,1.3926749519499741,0.027796364588450435,0.0,0.0,9.232639105995483,False
1781562276.3071067,49.23957371711731,4.919402758045836,1.3939955930913954,0.027796369671791315,0.0,0.0,9.202634007732382,False
1781562276.3683207,49.300787687301636,4.92728052941071,1.3953097142636148,0.027796354341619325,0.0,0.0,9.179790672854,False
1781562276.4257748,49.35824179649353,4.936284677059878,1.3968042395637197,0.02779632101094165,0.0,0.0,9.161964284196472,False
1781562276.497378,49.429845094680786,4.946415441242216,1.3984772616082672,0.02779628573904832,0.0,0.0,9.151775902965134,False
1781562276.5583055,49.49077248573303,4.954295548010992,1.3997732025387197,0.027796275060029435,0.0,0.0,9.149425036570763,False
1781562276.6195307,49.551997661590576,4.961050343064572,1.4008808497436969,0.027796281702283803,0.0,0.0,9.151065940730525,False
1781562276.6893718,49.62183880805969,4.971183197181134,1.4025377738861742,0.027796312949508364,0.0,0.0,9.159079252294461,False
1781562276.7532125,49.68567943572998,4.981316564371543,1.4041903892365792,0.02779634934879309,0.0,0.0,9.169286179956105,False
1781562276.830373,49.762840032577515,4.990324299353528,1.4056567142718228,0.027796365805220272,0.0,0.0,9.179549330483765,False
1781562276.8993251,49.83179211616516,4.998206223466708,1.4069382785059226,0.027796360358373323,0.0,0.0,9.188310493194338,False
1781562276.9625056,49.89497256278992,5.007214336670433,1.4084017674735345,0.027796335023341594,0.0,0.0,9.193031469873661,False
1781562277.0218527,49.95431971549988,5.0173486117653905,1.4100470929354705,0.027796299943942455,0.0,0.0,9.19116260299246,False
1781562277.0892608,50.02172780036926,5.025231341330134,1.411326139893206,0.027796282484664855,0.0,0.0,9.184870660295221,False
1781562277.1548986,50.08736562728882,5.033118961948722,1.4126052957210156,0.02779627610640593,0.0,0.0,9.17914237248886,False
1781562277.21326,50.145726919174194,5.041011284660079,1.4138845022075726,0.027796280308172907,0.0,0.0,9.175276598530505,False
1781562277.2767558,50.2092227935791,5.051163416206093,1.415528984486544,0.027796292277199385,0.0,0.0,9.17279783453453,False
1781562277.3633215,50.295788526535034,5.062447750724178,1.4173557034024022,0.027796295710742654,0.0,0.0,9.168236090465495,False
1781562277.4220722,50.35453915596008,5.06921970768187,1.4184514116849087,0.027796288317739462,0.0,0.0,9.163709252461208,False
1781562277.4915442,50.42401123046875,5.078248736394793,1.419911659134193,0.027796273318516175,0.0,0.0,9.154670833418741,False
1781562277.5525322,50.48499917984009,5.088399869961329,1.421552313499066,0.027796270825946157,0.0,0.0,9.135267345805863,False
1781562277.6132956,50.54576253890991,5.096291612205261,1.4228267217711794,0.027796286995907356,0.0,0.0,9.11315147074205,False
1781562277.6852627,50.61772966384888,5.104181453307675,1.4240995125439038,0.02779631747655127,0.0,0.0,9.084904101056855,False
1781562277.761456,50.693922996520996,5.114324460936832,1.4257331658208012,0.027796361296656774,0.0,0.0,9.03604821402364,False
1781562277.849802,50.78226900100708,5.127848000129981,1.4279048039258597,0.027796382010080913,0.0,0.0,8.949246015660618,False
1781562277.915318,50.847784996032715,5.135737105253365,1.4291670270246597,0.027796360264372207,0.0,0.0,8.886859712658216,False
1781562277.998225,50.930691957473755,5.145881426451913,1.430783552786839,0.027796306180072474,0.0,0.0,8.79215518183176,False
1781562278.0566924,50.98915934562683,5.154899797842606,1.432213086143965,0.02779625969438798,0.0,0.0,8.696108287450745,False
1781562278.1463864,51.078853368759155,5.167307860053711,1.4341655888049984,0.027796236231585437,0.0,0.0,8.557657049232443,False
1781562278.2347825,51.16724944114685,5.177469068095235,1.4357501030119357,0.02779625863308695,0.0,0.0,8.446191771832646,False
1781562278.304619,51.237086057662964,5.186504501274085,1.437146971770392,0.027796296729206308,0.0,0.0,8.34796225981974,False
1781562278.3888948,51.321361780166626,5.200052715425324,1.4392185778344988,0.027796347962293758,0.0,0.0,8.200366470058421,False
1781562278.4665585,51.399025440216064,5.209083328924464,1.4405832572176858,0.027796355979367374,0.0,0.0,8.101784173279606,False
1781562278.5295768,51.46204376220703,5.216985085061972,1.4417662897710848,0.027796345815010063,0.0,0.0,8.015424164932403,False
1781562278.5894516,51.521918535232544,5.2260162792889275,1.4431054138463537,0.027796325183995548,0.0,0.0,7.91662927243369,False
1781562278.648189,51.58065605163574,5.2350486089401995,1.4444304982170504,0.027796307884197378,0.0,0.0,7.817745762393599,False
1781562278.7141984,51.64666533470154,5.242953153704461,1.4455782406178328,0.02779630196977093,0.0,0.0,7.7306141936091315,False
1781562278.7720933,51.70456027984619,5.249729617357365,1.4465532070553022,0.027796304042996524,0.0,0.0,7.654598473521892,False
1781562278.833952,51.76641893386841,5.258766582120948,1.447840302651681,0.027796313049618805,0.0,0.0,7.551561588631746,False
1781562278.8986983,51.8311653137207,5.268935502090559,1.4492704067265008,0.02779632338033673,0.0,0.0,7.433703799735469,False
1781562278.9623537,51.89482069015503,5.276846406014615,1.450369390584066,0.02779632698983555,0.0,0.0,7.340849865020672,False
1781562279.0424397,51.97490668296814,5.285889354949337,1.451610863566809,0.02779632558457787,0.0,0.0,7.2336717620986555,False
1781562279.1045015,52.03696846961975,5.294934184764371,1.452836608998166,0.02779632126143458,0.0,0.0,7.13009759510083,False
1781562279.167116,52.09958291053772,5.305111530644356,1.4541966374799227,0.027796318115543783,0.0,0.0,7.027406373665653,False
1781562279.2317278,52.1641948223114,5.313028748835634,1.4552407924309805,0.027796318688336492,0.0,0.0,6.9563266119352605,False
1781562279.301838,52.234304904937744,5.320947309488538,1.456273351082119,0.027796321460589447,0.0,0.0,6.891957334558176,False
1781562279.3604782,52.29294514656067,5.328867192356504,1.4572947235336462,0.027796324762352075,0.0,0.0,6.833590413448882,False
1781562279.421663,52.354130029678345,5.339051766204166,1.458592241885421,0.027796326899359576,0.0,0.0,6.766451153948489,False
1781562279.4835198,52.41598677635193,5.346974478907371,1.4595898751464258,0.027796325827801557,0.0,0.0,6.719800394017508,False
1781562279.5452065,52.47767353057861,5.3537662824022885,1.4604373962656276,0.02779632337925148,0.0,0.0,6.683374151361834,False
1781562279.6324646,52.56493163108826,5.365087706307457,1.4618353431867654,0.027796318877475103,0.0,0.0,6.6294099727863625,False
1781562279.7011578,52.633624792099,5.376411153386482,1.4632164564989243,0.027796317708115227,0.0,0.0,6.58267916183332,False
1781562279.793255,52.72572207450867,5.386603784340046,1.4644463602459399,0.027796320666031157,0.0,0.0,6.544027833048002,False
1781562279.8617957,52.794262647628784,5.395665022116825,1.4655300701267346,0.027796324735700966,0.0,0.0,6.51195040520071,False
1781562279.9326148,52.865081787109375,5.4069929287779885,1.466873116325119,0.027796327935208212,0.0,0.0,6.472667535554714,False
1781562279.9904103,52.92287731170654,5.414923288972853,1.4678061196986592,0.02779632740938643,0.0,0.0,6.444841321046297,False
1781562280.049966,52.98243308067322,5.42172124471084,1.46860142720262,0.027796325229679914,0.0,0.0,6.420786186778111,False
1781562280.1242251,53.056692123413086,5.430786182298521,1.4696558315093486,0.02779632083055062,0.0,0.0,6.393616635308781,False
1781562280.1972265,53.12969350814819,5.442119155401898,1.47096490311775,0.02779631587396636,0.0,0.0,6.375411203068551,False
1781562280.2644956,53.19696259498596,5.451186674915066,1.472005847430582,0.027796314646041233,0.0,0.0,6.3730997865723165,False
1781562280.3308613,53.263328313827515,5.459121279619447,1.4729128009962633,0.027796315988273885,0.0,0.0,6.378877426947658,False
1781562280.393385,53.325851917266846,5.467056182248194,1.4738168241569942,0.027796318838435825,0.0,0.0,6.391016477968574,False
1781562280.4520843,53.38455128669739,5.4761249180962865,1.4748473008804446,0.02779632228560533,0.0,0.0,6.412515868798336,False
1781562280.5325701,53.46503710746765,5.487460847366381,1.4761328955126176,0.0277963248311419,0.0,0.0,6.447078730566239,False
1781562280.628365,53.560832023620605,5.498796455441833,1.4774175483507528,0.02779632469891337,0.0,0.0,6.486121488546439,False
1781562280.7205799,53.65304684638977,5.510660936939312,1.4787627116351858,0.027797039238209684,0.0,0.0,6.478521155978659,False
1781562280.7976747,53.73014163970947,5.5205355586366,1.479882316882011,0.02779971242106414,0.0,0.0,6.2633776461593635,False
1781562280.8687096,53.80117654800415,5.526070608113648,1.4805094009653461,0.027801383523650944,0.0,0.0,6.0396744032351135,False
1781562280.9292638,53.8617308139801,5.5314371888625855,1.4811139400737077,0.0278023418097621,0.0,0.0,5.77189431739575,False
1781562280.98855,53.92101693153381,5.537625481752122,1.481802191344937,0.027802215782478573,0.0,0.0,5.432302562663951,False
1781562281.0565898,53.98905682563782,5.543851617614322,1.4824819919912793,0.027800875968629145,0.0,0.0,5.072373588539389,False
1781562281.1194723,54.051939249038696,5.549324637041055,1.4830665673585666,0.02779918050387629,0.0,0.0,4.748050442425318,False
1781562281.1821518,54.11461877822876,5.554827186385848,1.4836397575342564,0.02779761622857423,0.0,0.0,4.418355778715726,False
1781562281.243446,54.17591309547424,5.5611453900868275,1.4842776350905487,0.02779666502520573,0.0,0.0,4.037946671375831,False
1781562281.3246267,54.25709366798401,5.569884855443591,1.4851196499542076,0.02779730286104738,0.0,0.0,3.5116993161842442,False
1781562281.3843772,54.31684422492981,5.574680429724898,1.4855598360692581,0.027798336359643527,0.0,0.0,3.2238273318550004,False
1781562281.4485872,54.381054162979126,5.58029616048643,1.4860543732929419,0.027799646897974345,0.0,0.0,2.8876063354553136,True
1781562281.5118778,54.44434475898743,5.5867420363634945,1.4865927525951281,0.027800676634326584,0.0,0.0,2.503016885333567,False
1781562281.5794272,54.51189422607422,5.594032641475522,1.4871620857502843,0.027800739321644872,0.0,0.0,2.0700173319469752,False
1781562281.6431916,54.575658559799194,5.599725247060397,1.4875764893194998,0.027800042668466952,0.0,0.0,1.7331142039852991,False
1781562281.7133074,54.645774364471436,5.605436825011056,1.487964858371536,0.027799032137968686,0.0,0.0,1.3961024825789676,False
1781562281.7732015,54.705668449401855,5.611992300918857,1.4883757082231426,0.02779801127343073,0.0,0.0,1.010761975611811,False
1781562281.8365412,54.76900815963745,5.61939513201084,1.4887940841314409,0.02779757944254087,0.0,0.0,0.577132004528573,False
1781562281.899457,54.831923961639404,5.625169899554802,1.4890863390249203,0.027797871183975992,0.0,0.0,0.23995996031301825,False
1781562281.9677024,54.900169372558594,5.630960265460335,1.4893488405214885,0.027798537469288537,0.0,0.0,359.90326208884073,False
1781562282.0389516,54.971418619155884,5.638423377273246,1.4896416418657081,0.027799469728917284,0.0,0.0,359.47076850529436,False
1781562282.10628,55.03874707221985,5.645077572340226,1.4898587927613436,0.027799931112816582,0.0,0.0,359.0862955385864,False
1781562282.1750865,55.107553482055664,5.651776921003518,1.4900340850540335,0.02779983154801554,0.0,0.0,358.70091761864785,False
1781562282.238394,55.17086100578308,5.6576699732224265,1.4901524473168666,0.0277993645328947,0.0,0.0,358.3632558421351,False
1781562282.3082643,55.24073123931885,5.665284757004487,1.4902556955013817,0.027798590347487936,0.0,0.0,357.92878380754746,False
1781562282.3954566,55.32792353630066,5.674652204548695,1.4903054437987633,0.02779801235200366,0.0,0.0,357.39747023682355,False
1781562282.4563684,55.388835430145264,5.679782529251788,1.4902967735878137,0.02779802696701337,0.0,0.0,357.107598609158,False
1781562282.5187027,55.45116972923279,5.685789583873745,1.4902540735475225,0.027798303633376546,0.0,0.0,356.7696101416168,False
1781562282.5839133,55.516380310058594,5.694416906956724,1.4901310387495674,0.027798893169243048,0.0,0.0,356.28733398801256,False
1781562282.6669087,55.59937572479248,5.702214694821543,1.4899577763081182,0.027799258194866547,0.0,0.0,355.8535580773891,False
1781562282.725681,55.65814805030823,5.70743158224534,1.4898088847225799,0.027799294288922465,0.0,0.0,355.56441565514626,False
1781562282.785437,55.71790409088135,5.71353796432031,1.4896009614161656,0.027799123374806493,0.0,0.0,355.22707937799004,False
1781562282.8499417,55.782408714294434,5.720536603689431,1.489318319425878,0.02779876072396653,0.0,0.0,354.8415497899838,False
1781562282.9123142,55.844781160354614,5.728088229736105,1.4889755079393614,0.027798612101853838,0.0,0.0,354.4087427400375,False
1781562282.989288,55.92175507545471,5.7341181981843,1.4886920118695375,0.027799096351209626,0.0,0.0,354.0255488239564,False
1781562283.0575647,55.990031719207764,5.738982161457829,1.4884551220132174,0.027799787523856603,0.0,0.0,353.69086980647177,False
1781562283.1216743,56.05414128303528,5.744535815978315,1.488149832082908,0.027800434414099476,0.0,0.0,353.3070300928164,False
1781562283.206006,56.13847303390503,5.753601835722023,1.4875323385505101,0.027800294302693027,0.0,0.0,352.7271436287184,False
1781562283.2723336,56.204800605773926,5.759192241307636,1.4870909690322456,0.027799554951638085,0.0,0.0,352.38784300777127,False
1781562283.3404267,56.27289366722107,5.764957956286842,1.4865927426681118,0.0277985707578842,0.0,0.0,352.048432081528,False
1781562283.398898,56.33136487007141,5.770865320810371,1.4860402209215706,0.027797673302484092,0.0,0.0,351.709043518612,False
1781562283.4615467,56.39401364326477,5.77861896547731,1.485254537467923,0.02779711200713428,0.0,0.0,351.27269887292346,False
1781562283.5295806,56.4620475769043,5.785638408235126,1.4844862704429407,0.027797329795424146,0.0,0.0,350.88422025405833,False
1781562283.5918052,56.524272203445435,5.790969579921531,1.4838677289454898,0.027797829750625835,0.0,0.0,350.5923836643193,False
1781562283.6686175,56.6010844707489,5.7981443715308725,1.482989053428957,0.027798634984933374,0.0,0.0,350.20292991808446,False
1781562283.7323494,56.66481637954712,5.8064637417330305,1.4819367627302702,0.027799847992894727,0.0,0.0,349.71944266348936,False
1781562283.790185,56.722651958465576,5.811686023333824,1.4812678261880439,0.02780061544455742,0.0,0.0,349.3833230586215,False
1781562283.8682935,56.80076050758362,5.817208038229108,1.480549813879871,0.027801030980297393,0.0,0.0,349.0002346613633,False
1781562283.9361932,56.86866021156311,5.822939884757794,1.479751875908863,0.027800692573515404,0.0,0.0,348.6145358526573,False
1781562283.9965005,56.92896747589111,5.829896957149857,1.4787026167399477,0.02779956387011321,0.0,0.0,348.17763467494024,False
1781562284.055866,56.988332986831665,5.835589578403037,1.4777893890295826,0.027798468441575942,0.0,0.0,347.836740989664,False
1781562284.1178665,57.05033349990845,5.840627642592992,1.4769444312509228,0.027797630026672876,0.0,0.0,347.54414890665345,False
1781562284.181238,57.11370491981506,5.8466651965935315,1.475889432969282,0.02779699572154592,0.0,0.0,347.20252856740296,False
1781562284.2412965,57.17376351356506,5.853727139132215,1.4746008835855018,0.02779689169970127,0.0,0.0,346.81190698119644,False
1781562284.3061914,57.23865842819214,5.861829602722857,1.4730539866047174,0.02779746836697264,0.0,0.0,346.37233868926216,False
1781562284.3704956,57.3029625415802,5.868225461330054,1.4717830732900232,0.027798139976041494,0.0,0.0,346.0304247414249,False
1781562284.4354177,57.36788463592529,5.873755819582676,1.4706498675211004,0.02779864853398663,0.0,0.0,345.73734586865993,False
1781562284.5062413,57.43870830535889,5.881884371891968,1.4689379990367353,0.027799199371684385,0.0,0.0,345.29896183510635,False
1781562284.5682342,57.50070118904114,5.889088390130372,1.4674066176211464,0.02779992521878417,0.0,0.0,344.8650729278034,False
1781562284.6442363,57.57670331001282,5.894858035727488,1.4661699593998943,0.027800441155203137,0.0,0.0,344.48146326401445,False
1781562284.7270684,57.65953540802002,5.900806123230472,1.4648820558222682,0.027800622743770927,0.0,0.0,344.050994748904,False
1781562284.8047142,57.737181186676025,5.907473084858496,1.4634180404396315,0.027800263297777152,0.0,0.0,343.5255523560867,False
1781562284.871746,57.80421304702759,5.9119919059791775,1.4624104886877278,0.027799823188472825,0.0,0.0,343.14361884074447,False
1781562284.9579668,57.89043378829956,5.916807603138002,1.4613204516736968,0.027799456024613315,0.0,0.0,342.7140367743825,False
1781562285.035421,57.96788787841797,5.921387914141692,1.4602655710843013,0.02779942052345401,0.0,0.0,342.2845022497836,False
1781562285.104577,58.037044048309326,5.9265998921156156,1.4590092992716945,0.027799677466859306,0.0,0.0,341.80508346715897,False
1781562285.1835384,58.116005420684814,5.932319866774917,1.4574961278992875,0.027799667563313195,0.0,0.0,341.3677772578759,False
1781562285.2618804,58.1943473815918,5.9380989155300385,1.455875168401203,0.027799175679295417,0.0,0.0,340.97669829031514,False
1781562285.326598,58.25906491279602,5.944393741156118,1.4540318967719945,0.027798263555102568,0.0,0.0,340.5839325828711,False
1781562285.388143,58.32061004638672,5.951949074780002,1.4517331750212155,0.02779715731406648,0.0,0.0,340.1406426643457,False
1781562285.449917,58.382384061813354,5.958081826224902,1.4498077132692284,0.027796609474354833,0.0,0.0,339.79533798993305,False
1781562285.5118964,58.4443633556366,5.963221254828573,1.44816859005989,0.027796751737822645,0.0,0.0,339.5010368054472,False
1781562285.57905,58.51151704788208,5.969421297012603,1.446183670350917,0.027798165761722102,0.0,0.0,339.1134107206033,False
1781562285.6426585,58.57512545585632,5.975712816451646,1.4441575878823385,0.0278004443493027,0.0,0.0,338.68078860562684,False
1781562285.7141364,58.64660334587097,5.980838091213535,1.4424950809872206,0.027801984428626136,0.0,0.0,338.2977180551138,False
1781562285.7806966,58.71316361427307,5.985035019523013,1.441123582843391,0.027802388526851917,0.0,0.0,337.9630782267128,False
1781562285.8403137,58.772780656814575,5.98900901829837,1.4398149273024183,0.027801827731389655,0.0,0.0,337.62870164689474,False
1781562285.9031777,58.83564472198486,5.993844180735732,1.4382073206084607,0.027800188626417355,0.0,0.0,337.198991887527,False
1781562285.9813044,58.91377139091492,5.998422069641873,1.4366671323880829,0.02779855797060618,0.0,0.0,336.7693977603606,False
1781562286.041576,58.974042892456055,6.001353313568679,1.4356703548935972,0.027797988979807932,0.0,0.0,336.48303442662393,False
1781562286.1018164,59.03428339958191,6.004936288433862,1.4344140570428838,0.02779801571420289,0.0,0.0,336.1472177707529,False
1781562286.1657813,59.09824824333191,6.010532875238949,1.4323209723209935,0.02779869626488347,0.0,0.0,335.70971738234675,False
1781562286.230054,59.16252088546753,6.016267043210468,1.4300735415386638,0.027799193413748025,0.0,0.0,335.318034237889,False
1781562286.3079195,59.24038648605347,6.022366091791661,1.427611829710492,0.027799196408076265,0.0,0.0,334.92624439911884,False
1781562286.3862345,59.31870150566101,6.028630616984871,1.4250657305609167,0.02779940535273688,0.0,0.0,334.49080046665165,False
1781562286.4603806,59.392847537994385,6.034918071877599,1.422494168662516,0.027799859904385698,0.0,0.0,334.01070722414283,False
1781562286.5471833,59.479650259017944,6.040673189129713,1.4201207633997173,0.027800268375362692,0.0,0.0,333.5323298427221,False
1781562286.6134086,59.545875549316406,6.044451701741687,1.4185497381222383,0.027800390881810966,0.0,0.0,333.197901411792,False
1781562286.684044,59.61651086807251,6.0485620481494875,1.4168271725971866,0.027800319380798945,0.0,0.0,332.8159004781843,False
1781562286.758618,59.69108510017395,6.053911465821655,1.4145608113187995,0.027799966509713288,0.0,0.0,332.2908216342052,False
1781562286.824304,59.756771087646484,6.057162419846427,1.4131680048875361,0.027799730116340484,0.0,0.0,331.9567301974685,False
1781562286.8948393,59.827306270599365,6.0603121373244555,1.4118059906630178,0.027799590838075643,0.0,0.0,331.6226570077566,True
1781562286.9666865,59.89915347099304,6.064233114197909,1.4100913568610802,0.027799622161646685,0.0,0.0,331.1931484093581,False
1781562287.0285723,59.961039304733276,6.0680298924204195,1.4084087904468081,0.027799847651561467,0.0,0.0,330.7636478758898,False
1781562287.098783,60.03125,6.070908877452674,1.4071170618277247,0.027800061425879766,0.0,0.0,330.4295945780499,False
1781562287.162151,60.09461808204651,6.0737309308030785,1.4058366262902025,0.027800218181009504,0.0,0.0,330.09554232450233,False
1781562287.2264352,60.158902168273926,6.07689415056335,1.4043836090857136,0.027800257591617514,0.0,0.0,329.71376884364525,False
1781562287.2994556,60.23192262649536,6.081044465070531,1.402412917095635,0.02780004582639899,0.0,0.0,329.2347335302491,False
1781562287.362795,60.29526209831238,6.08480331371802,1.400495957517631,0.02779959451391896,0.0,0.0,328.89459352534317,False
1781562287.4236593,60.35612630844116,6.088558220784139,1.3985068483646694,0.02779895267772569,0.0,0.0,328.6011008453417,False
1781562287.5148807,60.44734764099121,6.095944505797335,1.3944862375823948,0.027797808248303957,0.0,0.0,328.06383070410067,False
1781562287.57096,60.503427028656006,6.100832931565553,1.3918077055420834,0.027798092102920044,0.0,0.0,327.6778678789344,False
1781562287.6313431,60.56381011009216,6.104810820750366,1.3896179675221667,0.027799014353688558,0.0,0.0,327.3419412653446,False
1781562287.7014596,60.63392663002014,6.1085623689015565,1.3875423100407052,0.027800180205481168,0.0,0.0,327.0069017013545,False
1781562287.765543,60.698009967803955,6.112620329884436,1.3852833069015238,0.027801253090713768,0.0,0.0,326.62455223812714,False
1781562287.8365893,60.76905632019043,6.117407850192262,1.3825964066683194,0.0278015434603573,0.0,0.0,326.1470009594955,False
1781562287.9044812,60.83694815635681,6.12060055496292,1.3807895313922278,0.0278009943130322,0.0,0.0,325.8128369949785,False
1781562287.9785903,60.911057233810425,6.124113315052039,1.3787857916365394,0.027799946556078384,0.0,0.0,325.43099609668707,False
1781562288.0433204,60.97578740119934,6.127500306956825,1.376836432649783,0.027798979745862627,0.0,0.0,325.04918941615966,False
1781562288.1033938,61.035860776901245,6.131181621252582,1.3746961540343496,0.027798560443875138,0.0,0.0,324.61967750907024,False
1781562288.1659446,61.098411560058594,6.1339630280561686,1.3730627358181866,0.027798858057908733,0.0,0.0,324.2856206285194,False
1781562288.233377,61.16584396362305,6.1366817473261985,1.3714513978822453,0.027799555616497988,0.0,0.0,323.95156724848476,False
1781562288.2947218,61.2271888256073,6.139344633102508,1.3698580717921103,0.027800361004024898,0.0,0.0,323.6175153215081,False
1781562288.3594003,61.29186725616455,6.1426955888804065,1.367830427696699,0.0278010565486101,0.0,0.0,323.18802016448564,False
1781562288.4336822,61.36614918708801,6.145974202135095,1.3658205890490913,0.02780101490042557,0.0,0.0,322.7585243813982,False
1781562288.500948,61.433414936065674,6.148479769068174,1.3642663116478124,0.027800508572142293,0.0,0.0,322.42447190756076,False
1781562288.562079,61.49454593658447,6.150950234181688,1.3627175002799616,0.027799816211461662,0.0,0.0,322.09041975143634,False
1781562288.6349947,61.56746172904968,6.154424470136335,1.3605107073273626,0.027799047213144364,0.0,0.0,321.61320366723265,False
1781562288.7036111,61.636078119277954,6.15716175508871,1.3587473364889289,0.027798958605534704,0.0,0.0,321.2314319962693,False
1781562288.771379,61.7038459777832,6.159529000729546,1.3572040783719101,0.027799298135545034,0.0,0.0,320.89738230663215,False
1781562288.8511393,61.78360629081726,6.162537543612505,1.3552173998244261,0.027800047118781916,0.0,0.0,320.46788977256665,False
1781562288.9342852,61.86675214767456,6.166493587932985,1.3525600877938375,0.027800797925193486,0.0,0.0,319.89671030345266,False
1781562288.997275,61.929742097854614,6.168774823619641,1.3510036592370125,0.02780080350308574,0.0,0.0,319.5646800447071,False
1781562289.059295,61.991761922836304,6.170715712989568,1.349665151938227,0.02780054176281818,0.0,0.0,319.2804150074868,False
1781562289.1270738,62.05954074859619,6.173284521022846,1.3478728473552006,0.02779996964433049,0.0,0.0,318.92192055383885,False
1781562289.1894646,62.12193155288696,6.176150587130447,1.345844548122101,0.027799373158569323,0.0,0.0,318.5563861322602,False
1781562289.2518272,62.1842942237854,6.178363195225958,1.344257779902806,0.027799176514386716,0.0,0.0,318.2874586965147,False
1781562289.313375,62.24584197998047,6.180249039169443,1.3428907672316988,0.027799256904635087,0.0,0.0,318.0678697953499,False
1781562289.3771486,62.30961561203003,6.18243778852164,1.3412871621960567,0.027799594032321004,0.0,0.0,317.82724077716745,False
1781562289.4387393,62.371206283569336,6.185234515406421,1.3392114324660993,0.02780017934924363,0.0,0.0,317.5337544331569,False
1781562289.5065622,62.43902921676636,6.1877044618761,1.3373533627252308,0.027800557778653704,0.0,0.0,317.2861829339266,False
1781562289.5649161,62.49738311767578,6.189546887184683,1.335952257421172,0.02780063231846048,0.0,0.0,317.11285230602857,False
1781562289.630375,62.56284189224243,6.191685894379696,1.3343094636633284,0.02780046994193308,0.0,0.0,316.920473413162,False
1781562289.706459,62.63892602920532,6.195025938438975,1.3317096219847493,0.027799883398793877,0.0,0.0,316.6377968903108,False
1781562289.7867477,62.71921467781067,6.197741418111798,1.3295648895055168,0.027799461211239187,0.0,0.0,316.42775516457573,False
1781562289.8584025,62.79086947441101,6.199843155663585,1.3278860148509835,0.02779935817948305,0.0,0.0,316.27388208052054,False
1781562289.92204,62.854506969451904,6.202234377639683,1.3259561284629333,0.02779952663228494,0.0,0.0,316.1095606280611,False
1781562289.9866443,62.919111251831055,6.204911130909727,1.3237712167145392,0.02779994875341976,0.0,0.0,315.9411378605141,False
1781562290.064304,62.99677109718323,6.2075742762560635,1.3215721106858902,0.02780034499798052,0.0,0.0,315.7858408992072,False
1781562290.12602,63.05848693847656,6.209342156717932,1.3200986317603853,0.02780046745173476,0.0,0.0,315.6963880079912,False
1781562290.1872995,63.11976647377014,6.2113968264204376,1.318372786577827,0.027800416441222803,0.0,0.0,315.61985338600914,False
1781562290.264245,63.196712017059326,6.214609414191309,1.3156464268524664,0.027800015424048422,0.0,0.0,315.55192655240535,False
1781562290.3350058,63.26747274398804,6.2175161010943025,1.3130809268907724,0.027799547680492392,0.0,0.0,315.5617619940057,False
1781562290.401826,63.33429288864136,6.220809679806198,1.310080724190276,0.027798884003473717,0.0,0.0,315.62639162076806,False
1781562290.4698257,63.40229272842407,6.225252778334052,1.3059627880483806,0.027797623882112533,0.0,0.0,315.75736001525496,False
1781562290.5551598,63.487626791000366,6.23164677985594,1.3000042951138369,0.027797252913488654,0.0,0.0,316.0435997786574,False
1781562290.6378984,63.57036542892456,6.235950344990761,1.295987938055266,0.027798725864198064,0.0,0.0,316.3064065540741,False
1781562290.6972523,63.629719257354736,6.238646189525044,1.2934696753013502,0.02780006824296691,0.0,0.0,316.49704313105724,False
1781562290.7616038,63.69407081604004,6.242068705063881,1.2902707738359482,0.02780160774822576,0.0,0.0,316.76713429535454,False
1781562290.8247035,63.75717043876648,6.245724757715231,1.2868527534826153,0.02780224170244874,0.0,0.0,317.0851592663503,False
1781562290.8967254,63.82919239997864,6.248828936518324,1.2839514393216718,0.027801604931041786,0.0,0.0,317.3753214515863,False
1781562290.9816957,63.91416263580322,6.252182990063811,1.280819009527297,0.027800023259779528,0.0,0.0,317.7062633459637,False
1781562291.0417285,63.97419548034668,6.255059510808065,1.2781359613710854,0.027798650864378428,0.0,0.0,318.00276404255624,False
1781562291.11125,64.04371690750122,6.2585514435622205,1.274897830244522,0.027797861417970974,0.0,0.0,318.34347811129663,False
1781562291.1896842,64.12215113639832,6.262582663713897,1.2712061241940507,0.02779773543642094,0.0,0.0,318.6604603657108,False
1781562291.2616315,64.19409847259521,6.2667178013881095,1.2674544320514698,0.02779776351825115,0.0,0.0,318.9443990489473,False
1781562291.3403416,64.27280855178833,6.273757293693001,1.2611017508415931,0.027798634762045228,0.0,0.0,319.4276230696294,False
1781562291.3991582,64.33162522315979,6.2774347477480905,1.2577888957816314,0.0277997134397414,0.0,0.0,319.70435860537475,False
1781562291.4645243,64.39699125289917,6.28039668705707,1.2551250096108575,0.02780059789074864,0.0,0.0,319.93988007354284,False
1781562291.5305123,64.46297931671143,6.284125302428589,1.2517789983086611,0.027801328040960253,0.0,0.0,320.25245228666967,False
1781562291.5920181,64.52448511123657,6.288075465606709,1.2482456209118296,0.027801263031217004,0.0,0.0,320.6029760227003,False
1781562291.6559489,64.58841586112976,6.291409264392795,1.2452747879108335,0.027800537047779437,0.0,0.0,320.91401178815767,False
1781562291.71668,64.6491470336914,6.294082425908118,1.242922007212792,0.027799785344743908,0.0,0.0,321.14877562813206,False
1781562291.784321,64.71678805351257,6.297844830477736,1.239677965909085,0.027798800235840564,0.0,0.0,321.4264073025956,False
1781562291.8512897,64.78375673294067,6.303508683251662,1.234885601377582,0.027797414665917567,0.0,0.0,321.78687574888255,False
1781562291.9145555,64.84702253341675,6.309400498479424,1.2299599916128352,0.027796696736772993,0.0,0.0,322.14520120725683,False
1781562291.97927,64.91173696517944,6.313534831320195,1.2265108114261005,0.027797461595413218,0.0,0.0,322.4182806470797,False
1781562292.0574813,64.98994827270508,6.317884944683749,1.2228900476535798,0.02779925758591876,0.0,0.0,322.7267399547238,False
1781562292.1202295,65.05269646644592,6.323043738430562,1.218657513485909,0.027801100899597204,0.0,0.0,323.0683412208275,False
1781562292.1906903,65.12315726280212,6.329107514821466,1.2137930943686972,0.027801411554672677,0.0,0.0,323.40409305095005,False
1781562292.2498627,65.1823296546936,6.333532183184485,1.2102964831347247,0.027800473325151544,0.0,0.0,323.6259695465507,False
1781562292.320271,65.2527379989624,6.33861278080001,1.2063089843790984,0.02779885452174316,0.0,0.0,323.88055279605635,True
1781562292.4004188,65.3328857421875,6.34563009779014,1.2008126252129205,0.02779747689314273,0.0,0.0,324.26879176870443,False
1781562292.4689722,65.40143918991089,6.3507330614483255,1.1968280285112067,0.027797996376096916,0.0,0.0,324.5800924595576,False
1781562292.5324893,65.46495628356934,6.354409080837059,1.1939668321089643,0.027799197367180624,0.0,0.0,324.8182210445034,False
1781562292.62478,65.55724692344666,6.358841573802083,1.1905298707938337,0.027800938125272037,0.0,0.0,325.12012940919885,False
1781562292.7018025,65.63426947593689,6.363901679822739,1.1866271694538246,0.027801964599758262,0.0,0.0,325.48458016074795,False
1781562292.7652423,65.69770932197571,6.367381595717371,1.1839581883597428,0.027801501909723282,0.0,0.0,325.7455312776107,False
1781562292.8326313,65.76509833335876,6.369899116995569,1.1820358740824084,0.027800640537614527,0.0,0.0,325.9396348796649,False
1781562292.9223244,65.85479140281677,6.3747338643027,1.1783664588644904,0.027798755515969165,0.0,0.0,326.3067746914234,False
1781562292.987234,65.91970109939575,6.378211691103794,1.1757466636241352,0.027798215313632493,0.0,0.0,326.5445404551289,False
1781562293.0516,65.9840669631958,6.380845408836443,1.1737747843070259,0.02779857295420251,0.0,0.0,326.7142482777744,False
1781562293.11968,66.0521469116211,6.383426038869413,1.1718532857625086,0.02779943819463457,0.0,0.0,326.8688671008439,False
1781562293.1968305,66.1292974948883,6.387033670038974,1.169185388054187,0.027800826664250256,0.0,0.0,327.0590363379444,False
1781562293.2752144,66.20768141746521,6.390563438927731,1.1665962995251304,0.02780144542288571,0.0,0.0,327.22232064012366,False
1781562293.371017,66.3034839630127,6.394028516452198,1.1640753920022333,0.027800892742544787,0.0,0.0,327.36454561334625,False
1781562293.4577005,66.3901674747467,6.397778148159296,1.1613706968355935,0.02779955503587689,0.0,0.0,327.5010131145719,False
1781562293.522625,66.45509195327759,6.400806234023941,1.1592040479906602,0.027798760933931205,0.0,0.0,327.5990161948773,False
1781562293.6005218,66.53298878669739,6.40347324433769,1.1573086593944464,0.027798718940211912,0.0,0.0,327.67574377589614,False
1781562293.6664877,66.59895467758179,6.405790911376354,1.1556712163755218,0.02779919803731133,0.0,0.0,327.7358457718833,False
1781562293.7275407,66.66000771522522,6.408752514825083,1.1535916578166765,0.027800164701292967,0.0,0.0,327.8036451216233,False
1781562293.791401,66.723867893219,6.411370510570275,1.1517650324691413,0.027800877232226268,0.0,0.0,327.8553485414492,False
1781562293.850536,66.78300309181213,6.413326243227935,1.1504073980831644,0.027801090947890926,0.0,0.0,327.88927959815084,False
1781562293.9144614,66.846928358078,6.4156004905729285,1.1488358612389138,0.027800915816819153,0.0,0.0,327.92396521019606,False
1781562293.9747891,66.90725612640381,6.418190939056407,1.1470549497572973,0.02780028248566357,0.0,0.0,327.9575159432575,False
1781562294.043189,66.97565603256226,6.421095672279766,1.1450690767827636,0.027799438981382745,0.0,0.0,327.9879290660716,False
1781562294.1144373,67.04690432548523,6.423349442544099,1.1435360271136181,0.02779902308938571,0.0,0.0,328.00522211560644,False
1781562294.1956136,67.12808060646057,6.426242723192651,1.1415775390154215,0.02779905397601432,0.0,0.0,328.0153379165816,False
1781562294.256364,67.18883109092712,6.42881135816191,1.1398473526335098,0.02779956131630488,0.0,0.0,328.01296926815957,False
1781562294.3158624,67.24832940101624,6.43137732790416,1.138126474725941,0.027800235891203014,0.0,0.0,328.00115576784873,False
1781562294.3726444,67.30511140823364,6.433300008609631,1.1368416315677399,0.0278006401950102,0.0,0.0,327.98717111249994,False
1781562294.4408274,67.37329435348511,6.435541378708211,1.1353485010562963,0.02780083479397442,0.0,0.0,327.96545041149017,False
1781562294.5060632,67.4385302066803,6.438101618961421,1.13364874249687,0.027800629350229693,0.0,0.0,327.93452732134665,False
1781562294.5752692,67.50773620605469,6.441303443180911,1.1315311406381037,0.027799945899070325,0.0,0.0,327.8904048500739,False
1781562294.6384425,67.57090950012207,6.443545805561165,1.1300530077185562,0.027799465640623997,0.0,0.0,327.85624327602795,False
1781562294.73625,67.66871690750122,6.446748225117944,1.1279482697998884,0.02779917832339466,0.0,0.0,327.8056777445799,False
1781562294.8015883,67.73405528068542,6.449306911793953,1.1262713282542236,0.027799394343046464,0.0,0.0,327.7666882338626,False
1781562294.8701863,67.8026533126831,6.452182622988896,1.124391088509428,0.02779994574033602,0.0,0.0,327.72440803536915,False
1781562294.940966,67.87343287467957,6.4547370067820475,1.1227245223811813,0.027800422929718505,0.0,0.0,327.6915896655716,False
1781562295.0204074,67.95287442207336,6.457290008418412,1.1210618847523235,0.027800639001174025,0.0,0.0,327.6648806588795,False
1781562295.1394024,68.07186937332153,6.463112535857244,1.1172962470980181,0.027799922410828196,0.0,0.0,327.688484090638,False
1781562295.226016,68.15848302841187,6.468957036314224,1.113552019255269,0.027798250655909875,0.0,0.0,327.83245964932513,False
1781562295.2934575,68.22592449188232,6.473674849227514,1.1105422011433284,0.027796703232712845,0.0,0.0,327.97960701657473,False
1781562295.355087,68.28755402565002,6.478703234415782,1.1073370718883746,0.027796324348380207,0.0,0.0,328.14297905919454,False
1781562295.4377744,68.37024140357971,6.485488036933173,1.1030164720696094,0.027798672237983345,0.0,0.0,328.37036325392484,False
1781562295.5071504,68.439617395401,6.489135090684373,1.1006971063353936,0.02780069971919635,0.0,0.0,328.4984039490662,False
1781562295.5663207,68.49878764152527,6.492120593572599,1.0988007106876012,0.02780213538603599,0.0,0.0,328.6141626707507,False
1781562295.6293328,68.56179976463318,6.495933012663247,1.0963827047214296,0.02780296687041325,0.0,0.0,328.77634093892533,False
1781562295.6909275,68.62339448928833,6.500024074083287,1.0937933517095575,0.027802127341400154,0.0,0.0,328.9666801058933,False
1781562295.7588682,68.69133520126343,6.5035064874047865,1.0915942895665114,0.027800290316776367,0.0,0.0,329.13982497951264,False
1781562295.8199117,68.7523787021637,6.506033712089778,1.090001687265851,0.027798820860194723,0.0,0.0,329.2714277306706,False
1781562295.8898656,68.82233262062073,6.508901435302039,1.0881982651756996,0.0277976139815087,0.0,0.0,329.4261931530841,False
1781562295.9566221,68.88908910751343,6.512869699750312,1.0857102549328095,0.027797559508413693,0.0,0.0,329.64657956323,False
1781562296.0295932,68.96206021308899,6.516337715465972,1.083544190356162,0.027799058799470536,0.0,0.0,329.8441110883738,False
1781562296.1070228,69.03948974609375,6.519555078524072,1.0815511534008853,0.027800797493971477,0.0,0.0,330.0281668417634,False
1781562296.1742914,69.10675835609436,6.523795444933972,1.0789800913164607,0.02780184606485889,0.0,0.0,330.2564359934566,False
1781562296.2443728,69.17683982849121,6.5296772524411635,1.075471846775486,0.027801029049416007,0.0,0.0,330.5531314871026,False
1781562296.3142047,69.24667167663574,6.53526193128643,1.072172313938594,0.027798941285588425,0.0,0.0,330.81724045288536,False
1781562296.3914547,69.32392168045044,6.540938579179345,1.0688242196430158,0.02779733211798844,0.0,0.0,331.0686795478732,False
1781562296.479459,69.41192603111267,6.54775052330937,1.0648172108103984,0.027797770123531424,0.0,0.0,331.35499752934084,False
1781562296.5589538,69.49142074584961,6.55244388192095,1.062066091477989,0.027799651753440336,0.0,0.0,331.5424982117007,False
1781562296.6504188,69.5828857421875,6.55734481598632,1.059204070282975,0.027801742937469804,0.0,0.0,331.73070666126233,False
1781562296.7152762,69.64774322509766,6.561525642747705,1.056772504212608,0.027802368307904446,0.0,0.0,331.8860786336501,False
1781562296.7754076,69.70787453651428,6.565086154838515,1.0547095477133333,0.027801617940345885,0.0,0.0,332.01497225085063,False
1781562296.8560436,69.78851056098938,6.568519343616613,1.052727680038322,0.02780007674619676,0.0,0.0,332.13703046261145,False
1781562296.9303267,69.86279368400574,6.5714342564625134,1.051051119105585,0.027798714552854455,0.0,0.0,332.2386516555284,False
1781562296.9981303,69.93059730529785,6.5758795904649245,1.0485062827820442,0.027797792118888862,0.0,0.0,332.38883654924336,False
1781562297.059775,69.99224209785461,6.5786387334302185,1.0469345795451497,0.02779828338316192,0.0,0.0,332.47943263832906,False
1781562297.1461837,70.07865071296692,6.58301403230019,1.0444964459450652,0.027799676812953627,0.0,0.0,332.62593159172104,False
1781562297.2082741,70.14074110984802,6.588022627906598,1.0417652853928119,0.02780052996206809,0.0,0.0,332.7965637143737,False
1781562297.2817748,70.21424174308777,6.595356783164253,1.0378260190015292,0.027799571708171433,0.0,0.0,333.0453606118589,False
1781562297.3483107,70.2807776927948,6.600297951760291,1.035185251775455,0.02779853730131112,0.0,0.0,333.20122583255505,False
1781562297.4153411,70.34780812263489,6.604832671922133,1.0327648479812828,0.027798025843111585,0.0,0.0,333.33239845997844,False
1781562297.4824448,70.41491174697876,6.6096263806210445,1.0302106888629914,0.027798291959749324,0.0,0.0,333.45830428898137,False
1781562297.5419624,70.47442936897278,6.614635365020804,1.02754830176691,0.02779948722062512,0.0,0.0,333.5748641293464,False
1781562297.634438,70.56690502166748,6.619836898857096,1.0247923461820057,0.027801059554906866,0.0,0.0,333.6791010946948,False
1781562297.7271192,70.65958619117737,6.624735900796438,1.0222060135402917,0.027801746618773618,0.0,0.0,333.76051510609057,False
1781562297.7888598,70.72132682800293,6.62892627613423,1.0200013205801663,0.02780115924725427,0.0,0.0,333.815517489234,False
1781562297.8464675,70.77893447875977,6.632058212806411,1.018358110718455,0.0278001380209121,0.0,0.0,333.84743127523427,False
1781562297.9052844,70.8377513885498,6.63487053821985,1.0168927493359858,0.02779905827398142,0.0,0.0,333.8775101706907,False
1781562297.9886806,70.92114758491516,6.640215465990692,1.014153875971918,0.0277971292407333,0.0,0.0,333.972842930205,False
1781562298.052255,70.98472189903259,6.6466813145844075,1.0108840357902382,0.027795668105382827,0.0,0.0,334.12183318519675,True
1781562298.1253262,71.05779314041138,6.6539884870929376,1.0072256088880027,0.027795141582747644,0.0,0.0,334.30538742324717,False
1781562298.1955736,71.12804055213928,6.660104132282685,1.0041876749830387,0.027795337731273198,0.0,0.0,334.4603011284963,False
1781562298.259952,71.19241905212402,6.66650066886999,1.0010309151640446,0.027795867636676116,0.0,0.0,334.62316046772617,False
1781562298.3251772,71.25764417648315,6.674163800162385,0.9972613499700914,0.027797771581543868,0.0,0.0,334.8044662945129,False
1781562298.4104269,71.34289383888245,6.682235755516951,0.9932959861139619,0.027801104907907322,0.0,0.0,334.96381765972484,False
1781562298.4831798,71.41564679145813,6.686904925069093,0.991007580546703,0.027802542748383598,0.0,0.0,335.0385809925542,False
1781562298.560122,71.4925889968872,6.69359847873101,0.9877618563640489,0.027802896395550187,0.0,0.0,335.13610633515475,False
1781562298.644429,71.57689595222473,6.703779009267037,0.982885823460125,0.027800077845278097,0.0,0.0,335.2776217196914,False
1781562298.7145085,71.64697551727295,6.710166746571086,0.9798531071997235,0.027796834067912397,0.0,0.0,335.36550470215883,False
1781562298.781741,71.71420788764954,6.716774564673975,0.9767336180013051,0.02779330377438755,0.0,0.0,335.458182289177,False
1781562298.8432722,71.77573919296265,6.724519510315064,0.9730979214015897,0.02779040483339125,0.0,0.0,335.56931395352586,False
1781562298.9079084,71.8403754234314,6.733413493013068,0.9689483957291086,0.027790265864373515,0.0,0.0,335.700464164026,False
1781562298.9688,71.90126705169678,6.740434865712883,0.9656910547060439,0.02779267348896736,0.0,0.0,335.80736901548863,False
1781562299.0369165,71.96938347816467,6.747529865063909,0.9624157717781566,0.027796425549786966,0.0,0.0,335.9179328869177,False
1781562299.1133618,72.0458288192749,6.756734152977185,0.9581907186968242,0.027800926365111698,0.0,0.0,336.06492967289404,False
1781562299.17913,72.11159706115723,6.765997050326616,0.9539658463299877,0.027802502126898665,0.0,0.0,336.21706139326255,False
1781562299.241405,72.17387199401855,6.773225632752658,0.9506877694899,0.027801049468205347,0.0,0.0,336.33816945065223,False
1781562299.3036563,72.23612332344055,6.779432209969311,0.9478865232302607,0.027798410546031015,0.0,0.0,336.4408307199207,False
1781562299.370983,72.30344986915588,6.787721208241073,0.9441648146338338,0.027794366646041332,0.0,0.0,336.5662090628047,False
1781562299.440693,72.3731598854065,6.797062286840646,0.9399971248275494,0.027791439169539748,0.0,0.0,336.6940415831577,False
1781562299.5263355,72.45880246162415,6.807462922770465,0.9353888400108994,0.027792028833156308,0.0,0.0,336.8228865681564,False
1781562299.5934045,72.52587151527405,6.814758474467531,0.9321758765315786,0.027794467664136072,0.0,0.0,336.90629518387635,False
1781562299.661808,72.59427499771118,6.82415612304846,0.928059865888395,0.02779817819736872,0.0,0.0,337.00669723388233,False
1781562299.729652,72.66211891174316,6.8335697157448605,0.9239613339207146,0.027800328740750908,0.0,0.0,337.1031252950659,False
1781562299.795542,72.72800898551941,6.840898664642553,0.9207866152704411,0.02780011118641265,0.0,0.0,337.17790713751083,False
1781562299.8626418,72.79510879516602,6.8482313471990635,0.9176239628618368,0.027798442700276836,0.0,0.0,337.25252714697814,False
1781562299.9415035,72.87397050857544,6.859759984572411,0.9126785282091601,0.02779485356335902,0.0,0.0,337.4006803720999,False
1781562300.0083454,72.94081234931946,6.868150572409445,0.9091002700356311,0.02779326075415066,0.0,0.0,337.5389115143438,False
1781562300.0776312,73.01009821891785,6.875498736336295,0.9059819837472796,0.027793262650565084,0.0,0.0,337.6758315261567,False
1781562300.1614442,73.09391117095947,6.886008905496057,0.9015486931552165,0.027795175465674508,0.0,0.0,337.86722360336665,False
1781562300.2186577,73.15112471580505,6.894428096345593,0.8980213281936653,0.027797204406139805,0.0,0.0,338.0112172371572,False
1781562300.2961931,73.22866010665894,6.903909757330311,0.8940750048068276,0.027798614521352415,0.0,0.0,338.1671282491203,False
1781562300.3665419,73.29900884628296,6.9112860246807015,0.8910243349130242,0.027798602193197148,0.0,0.0,338.2990753833409,False
1781562300.4272451,73.35971212387085,6.918662954804435,0.887990756418787,0.02779772464960108,0.0,0.0,338.44328531045875,False
1781562300.5120416,73.44450855255127,6.929209124038618,0.8836854143146821,0.027795879164435922,0.0,0.0,338.66721038811704,False
1781562300.590002,73.52246904373169,6.939776982683879,0.8794106501857383,0.02779468643237316,0.0,0.0,338.91144725143755,False
1781562300.6570292,73.58949613571167,6.947187137830516,0.876438103880951,0.02779469189365606,0.0,0.0,339.0909232358351,False
1781562300.7288733,73.66134023666382,6.956726391152531,0.8726432687846081,0.02779556504768994,0.0,0.0,339.33166586558036,False
1781562300.7935042,73.72597122192383,6.966276660081261,0.8688816054948486,0.027796743269729536,0.0,0.0,339.58297375216665,False
1781562300.8650186,73.79748558998108,6.9737128801514,0.8659798522186256,0.02779737252528195,0.0,0.0,339.7833034181787,False
1781562300.9354048,73.86787176132202,6.982218395795041,0.8626911932253697,0.027797504113658486,0.0,0.0,340.01868955143215,False
1781562300.995458,73.9279248714447,6.990731168944715,0.8594333119859813,0.027797057864415955,0.0,0.0,340.26053783205754,False
1781562301.0554543,73.98792123794556,6.999252788411675,0.8562068879861574,0.02779634435563513,0.0,0.0,340.5066277726284,False
1781562301.122603,74.05506992340088,7.006717686776894,0.8534100402534815,0.02779580751649808,0.0,0.0,340.71422880788936,False
1781562301.2094986,74.14196562767029,7.016328256074319,0.8498504507129704,0.027795542398936064,0.0,0.0,340.95624345594297,False
1781562301.27685,74.20931696891785,7.025953815759165,0.8463315129421365,0.027795803240125334,0.0,0.0,341.1794738245864,False
1781562301.3599615,74.29242849349976,7.037748459959715,0.8420815014685072,0.027796442321648733,0.0,0.0,341.43941142584947,False
1781562301.4215024,74.35396933555603,7.044195289459859,0.839786591112358,0.027796717455375125,0.0,0.0,341.57756227061435,False
1781562301.4880972,74.4205641746521,7.0517262906496505,0.8371302718835983,0.02779684837450301,0.0,0.0,341.736722239169,False
1781562301.5490346,74.48150157928467,7.060340341594352,0.8341236269540006,0.027796735430806293,0.0,0.0,341.91880063575525,False
1781562301.6152833,74.54775023460388,7.070040329743211,0.8307776829214654,0.027796404497525865,0.0,0.0,342.12418452407576,False
1781562301.693609,74.62607598304749,7.078671612396612,0.8278352175220455,0.02779611918814497,0.0,0.0,342.30753365707716,False
1781562301.768515,74.70098209381104,7.08731306896838,0.8249217374626374,0.027795985273480334,0.0,0.0,342.4945889038488,False
1781562301.8356767,74.76814365386963,7.098129196913669,0.8213204064504767,0.027796081072865863,0.0,0.0,342.7328883471926,False
1781562301.9186757,74.8511426448822,7.108961160500946,0.8177640619194038,0.027796337332808486,0.0,0.0,342.9755471501448,False
1781562301.9886796,74.92114663124084,7.116553207079697,0.8153013817631636,0.027796492014064485,0.0,0.0,343.1484491546949,False
1781562302.0495994,74.98206639289856,7.1241529431698964,0.8128609438743537,0.02779656097213805,0.0,0.0,343.3231711991872,False
1781562302.113486,75.04595303535461,7.133938792264145,0.8097550829162078,0.027796501969414474,0.0,0.0,343.5362273982721,False
1781562302.1788387,75.11130571365356,7.142654668516135,0.8070232221921082,0.027796354485957162,0.0,0.0,343.69994381192924,False
1781562302.2562218,75.1886887550354,7.149200718514526,0.8049921814238002,0.02779623615718345,0.0,0.0,343.81055339968043,False
1781562302.3173738,75.24984073638916,7.156846439042005,0.8026416322732267,0.027796136704502906,0.0,0.0,343.92984196242963,False
1781562302.3773181,75.30978512763977,7.166688745762828,0.7996486660977049,0.027796110271611146,0.0,0.0,344.07203724583366,False
1781562302.4409845,75.37345147132874,7.177638584055993,0.7963600155430048,0.02779620006251104,0.0,0.0,344.2183762615602,False
1781562302.5122857,75.44475269317627,7.186405199707676,0.7937564145970708,0.027796307757422277,0.0,0.0,344.32955849959626,False
1781562302.572487,75.50495409965515,7.192980810008122,0.7918197392637468,0.02779637812689077,0.0,0.0,344.41161009767944,False
1781562302.6361794,75.56864643096924,7.200653949244251,0.7895766866325789,0.027796425029704367,0.0,0.0,344.50615050604284,False
1781562302.7325585,75.66502547264099,7.213814263883524,0.7857700685746419,0.027796403372204664,0.0,0.0,344.6689407237531,False
1781562302.800177,75.73264408111572,7.223691184122092,0.7829453755061028,0.02779633616603062,0.0,0.0,344.7951251446759,False
1781562302.8922682,75.82473516464233,7.233574187420541,0.7801456598204312,0.0277962743559268,0.0,0.0,344.92440385907656,False
1781562302.9566996,75.88916659355164,7.243464093668645,0.7773702116828173,0.027796248229937485,0.0,0.0,345.0600936377396,False
1781562303.02321,75.9556770324707,7.253360950602396,0.7746188431909032,0.027796262692965885,0.0,0.0,345.2021970096444,False
1781562303.0896297,76.02209663391113,7.261063097250598,0.7724956436307022,0.027796291709963675,0.0,0.0,345.313606410284,False
1781562303.1732688,76.1057357788086,7.270970730724128,0.7697876306811003,0.02779633219505455,0.0,0.0,345.4345636771706,False
1781562303.2332408,76.16570782661438,7.279782173016525,0.767400562512359,0.027796355166949806,0.0,0.0,345.5217845640354,False
1781562303.3035467,76.23601365089417,7.289700145647531,0.7647364533183568,0.027796358015379725,0.0,0.0,345.6016690310833,False
1781562303.368355,76.30082201957703,7.297417447216349,0.7626790132635963,0.027796346193136798,0.0,0.0,345.6548985100737,False
1781562303.427292,76.35975909233093,7.304034493088909,0.7609249822469014,0.027796331024991912,0.0,0.0,345.69513200241084,False
1781562303.4935644,76.42603135108948,7.312860206804882,0.7585989331636706,0.027796311257835233,0.0,0.0,345.7423787214008,False
1781562303.557578,76.4900450706482,7.3227927769569385,0.7559980652562707,0.027796298647992376,0.0,0.0,345.7914929075914,False
1781562303.6312475,76.56371450424194,7.331624744414951,0.7536991232186727,0.02779629944734682,0.0,0.0,345.83225284705316,True
1781562303.7014074,76.63387441635132,7.339354940580646,0.7516967149020026,0.027796307907970382,0.0,0.0,345.8669482105215,False
1781562303.7663932,76.69886016845703,7.34819198973765,0.7494179262748784,0.02779632162159161,0.0,0.0,345.9104809418695,False
1781562303.8379378,76.77040481567383,7.359241901095059,0.7465830730089781,0.027796335967332147,0.0,0.0,345.9708253854701,False
1781562303.905304,76.83777093887329,7.366979246946241,0.7446072756350866,0.02779633958880726,0.0,0.0,346.0177776064628,False
1781562303.9798696,76.91233658790588,7.3758247998979165,0.7423576017499255,0.027796335250481117,0.0,0.0,346.0807563407934,False
1781562304.044271,76.97673797607422,7.385779482182324,0.7398376120512948,0.027796322586487298,0.0,0.0,346.1627290896911,False
1781562304.1284277,77.06089472770691,7.395741024075434,0.7373288635688542,0.02779630439571192,0.0,0.0,346.2453402776694,False
1781562304.2055373,77.13800430297852,7.405713629025869,0.734830724771784,0.027796282404273023,0.0,0.0,346.3112861854,False
1781562304.2697587,77.20222568511963,7.414585050334821,0.7326194967750288,0.027796266743265075,0.0,0.0,346.3571790931388,False
1781562304.3351796,77.2676465511322,7.424564668605723,0.7301438064339696,0.027796266442084425,0.0,0.0,346.3985433087023,False
1781562304.3938787,77.32634568214417,7.43121620370972,0.7285001947076493,0.027796278070318047,0.0,0.0,346.42120257619024,False
1781562304.4557588,77.3882257938385,7.437867138383278,0.7268615461180709,0.027796297145240886,0.0,0.0,346.44010870221354,False
1781562304.5356462,77.46811318397522,7.448951594044944,0.7241403967752703,0.027796337066468512,0.0,0.0,346.46859838887747,False
1781562304.6012492,77.53371620178223,7.458927924611199,0.7217008401296343,0.02779636693020055,0.0,0.0,346.4952337135694,False
1781562304.6747456,77.60721254348755,7.467796622125068,0.719539098867863,0.027796375191341007,0.0,0.0,346.51979645295233,False
1781562304.7410135,77.67348051071167,7.475561961187345,0.7176513618981833,0.027796357818760477,0.0,0.0,346.5462737568777,False
1781562304.7998629,77.73232984542847,7.4833330181458475,0.7157668244171103,0.02779631854467797,0.0,0.0,346.57937698617144,False
1781562304.8635955,77.79606246948242,7.493330523690237,0.7133491533184452,0.027796254250144346,0.0,0.0,346.63109198674573,False
1781562304.9244843,77.85695123672485,7.501106982619452,0.7114740799567258,0.027796216810957914,0.0,0.0,346.6815057155711,False
1781562304.984622,77.91708898544312,7.507771222837583,0.7098712855625146,0.027796207392435227,0.0,0.0,346.7336418273573,False
1781562305.0478551,77.98032212257385,7.515545529145992,0.7080067712166271,0.027796227795473968,0.0,0.0,346.80391024142386,False
1781562305.1118586,78.04432559013367,7.524429985651765,0.7058837638257265,0.027796286212359442,0.0,0.0,346.88915862905804,False
1781562305.1720197,78.10448670387268,7.533313934157363,0.7037700492734982,0.027796359107026342,0.0,0.0,346.96772671973184,False
1781562305.233144,78.16561102867126,7.539977191678554,0.7021911023770258,0.027796402993234978,0.0,0.0,347.0226094462837,False
1781562305.3151925,78.24765944480896,7.551083966285898,0.6995718674777512,0.02779642247816953,0.0,0.0,347.1093278441044,False
1781562305.3775067,78.30997371673584,7.561081949316901,0.6972279181405866,0.02779637601137568,0.0,0.0,347.1865737082787,False
1781562305.4409902,78.37345719337463,7.568859544715373,0.6954136993885107,0.027796316147017934,0.0,0.0,347.24631167906455,False
1781562305.5078187,78.44028568267822,7.5766385552377224,0.6936072646123351,0.02779626058039452,0.0,0.0,347.3068853324262,False
1781562305.5677106,78.50017762184143,7.584419266799018,0.691808639786005,0.027796230419564794,0.0,0.0,347.37055434684504,False
1781562305.6243713,78.55683827400208,7.593313732710495,0.6897627840497329,0.027796240208504682,0.0,0.0,347.4467840811515,False
1781562305.6943913,78.62685823440552,7.603323135561815,0.6874738517428838,0.027796297138183237,0.0,0.0,347.5371578993884,False
1781562305.7547312,78.68719816207886,7.609998268624267,0.6859554901038027,0.027796343423369292,0.0,0.0,347.6020941152636,False
1781562305.8432693,78.7757363319397,7.621127350044026,0.6834389880518702,0.027796394077309248,0.0,0.0,347.71825373160067,False
1781562305.9065535,78.83902049064636,7.631147881378545,0.6811899284148324,0.027796386076697627,0.0,0.0,347.8319948653624,False
1781562305.971174,78.90364098548889,7.640058883197517,0.6792040272720818,0.02779634144476672,0.0,0.0,347.9421511567974,False
1781562306.0513206,78.9837875366211,7.648973364313926,0.6772314645686587,0.027796287010113992,0.0,0.0,348.05936454290435,False
1781562306.138708,79.07117509841919,7.66012002625318,0.6747860618306563,0.027796248576617985,0.0,0.0,348.20123864138316,False
1781562306.2186162,79.15108323097229,7.672385163820635,0.6721234898127263,0.027796272110124833,0.0,0.0,348.337625774284,False
1781562306.32176,79.25422692298889,7.683541583394055,0.6697274392127532,0.027796327924184443,0.0,0.0,348.44813336206596,False
1781562306.3816843,79.31415128707886,7.691359694152641,0.6680628215069901,0.027796354451258862,0.0,0.0,348.5214406807122,False
1781562306.4683268,79.40079379081726,7.704775771944341,0.6652333143011573,0.027796341165454083,0.0,0.0,348.64125173707674,False
1781562306.5467944,79.47926139831543,7.714840832593662,0.6631322608375347,0.02779629662888276,0.0,0.0,348.7293898987902,False
1781562306.605998,79.53846502304077,7.721549772746402,0.661741845752382,0.027796268954805744,0.0,0.0,348.788669427133,False
1781562306.674899,79.60736608505249,7.729376667670695,0.6601297484728751,0.027796253055862124,0.0,0.0,348.85836855601644,False
1781562306.7396934,79.67216038703918,7.740559338582426,0.6578449590280944,0.027796274220849675,0.0,0.0,348.96319190961907,False
1781562306.7974784,79.72994542121887,7.74838888353379,0.6562581659899575,0.027796313398367235,0.0,0.0,349.04076894798425,False
1781562306.8764265,79.80889344215393,7.7573389892648885,0.6544573590738907,0.027796360881359408,0.0,0.0,349.13312060207153,False
1781562306.9367976,79.86926460266113,7.765172640465076,0.6528927785795234,0.027796384875452593,0.0,0.0,349.2191005328509,False
1781562307.001591,79.93405795097351,7.775247806218124,0.6508967611189738,0.027796375227030278,0.0,0.0,349.33732765359645,False
1781562307.065776,79.9982430934906,7.784206536295703,0.6491377478990418,0.02779633418034742,0.0,0.0,349.4484797844104,False
1781562307.1320717,80.0645387172699,7.792047147944887,0.6476109007013628,0.027796291676756717,0.0,0.0,349.5415928665043,False
1781562307.2083979,80.14086484909058,7.8021299793485355,0.6456650497968577,0.027796257758048528,0.0,0.0,349.6475443731179,False
1781562307.277978,80.21044492721558,7.813336405260911,0.643525462599256,0.027796269730690194,0.0,0.0,349.7501318166445,False
1781562307.3477383,80.28020524978638,7.822304231515501,0.6418303043481202,0.027796309949192636,0.0,0.0,349.82413157123915,False
1781562307.4087727,80.34123969078064,7.8290316956967905,0.6405682180244552,0.02779634424363856,0.0,0.0,349.8759515550347,False
1781562307.4804087,80.41287565231323,7.838003730895407,0.6388973504721602,0.027796376113540643,0.0,0.0,349.9407585544484,False
1781562307.5505269,80.48299384117126,7.849221947443423,0.6368270951488806,0.027796374092347965,0.0,0.0,350.01797229884045,False
1781562307.61014,80.5426070690155,7.8570766668270275,0.6353895021392825,0.02779634718992605,0.0,0.0,350.0702056789552,False
1781562307.6820261,80.61449313163757,7.86493293322147,0.6339610579557713,0.027796312152643023,0.0,0.0,350.1212017192919,False
1781562307.7487106,80.68117761611938,7.873913419645661,0.6323393376068175,0.027796280791282227,0.0,0.0,350.1797227199177,False
1781562307.8092282,80.74169516563416,7.884018863457761,0.6305281751378503,0.02779627450262147,0.0,0.0,350.2463422377731,False
1781562307.8871112,80.81957817077637,7.89412681877263,0.6287306303938723,0.027796299699476074,0.0,0.0,350.31370508967535,False
1781562307.9722626,80.90472960472107,7.9042372300472135,0.6269463635434434,0.027796337227504575,0.0,0.0,350.3817304094448,False
1781562308.0347478,80.96721482276917,7.913226244129872,0.6253713008044065,0.027796360157303177,0.0,0.0,350.44269445280344,False
1781562308.0973327,81.02979969978333,7.9233410927410866,0.6236115109677836,0.027796359905307967,0.0,0.0,350.5090133923706,False
1781562308.1585162,81.09098315238953,7.931209928946651,0.6222515109661307,0.027796341799014752,0.0,0.0,350.55185084295715,False
1781562308.2210894,81.15355634689331,7.937955766370007,0.6210916725567031,0.02779632040738781,0.0,0.0,350.58237162944283,False
1781562308.2924745,81.22494149208069,7.946951698346463,0.6195532259102802,0.02779629556088861,0.0,0.0,350.61469844613697,False
1781562308.3532372,81.28570413589478,7.957073975215557,0.6178325803251552,0.027796286359484838,0.0,0.0,350.6402205364928,False
1781562308.4180615,81.35052847862244,7.96607303790361,0.61631117025975,0.0277962979465331,0.0,0.0,350.65365808650887,False
1781562308.490537,81.42300391197205,7.973948228082751,0.6149853918909874,0.027796317441462836,0.0,0.0,350.6584505249369,False
1781562308.5774972,81.50996422767639,7.985199868525563,0.61309888106957,0.027796342884939398,0.0,0.0,350.65413754482205,False
1781562308.6342123,81.56667923927307,7.99420208386936,0.6115947688003397,0.027796348930827674,0.0,0.0,350.6413080440473,False
1781562308.704831,81.63729786872864,8.003204804785508,0.6100940200409528,0.02779633945431564,0.0,0.0,350.6208791285601,False
1781562308.772097,81.70456409454346,8.011082332791101,0.6087827719630622,0.027796323402953953,0.0,0.0,350.59834941647534,False
1781562308.8342888,81.76675581932068,8.018959905803465,0.6074725379870769,0.027796307624465357,0.0,0.0,350.5717320952563,False
1781562308.9225812,81.85504817962646,8.03246412036824,0.6052267694856728,0.027796298880997508,0.0,0.0,350.51877075742635,False
1781562308.9862602,81.91872715950012,8.0414665804399,0.6037284745242192,0.027796309167081694,0.0,0.0,350.48032192474756,False
1781562309.04753,81.97999691963196,8.04821818259231,0.6026035449068455,0.027796321583248816,0.0,0.0,350.44998496813326,False
1781562309.111977,82.04444408416748,8.05609483874705,0.6012893129273292,0.02779633509059777,0.0,0.0,350.4115103772149,True
1781562309.204577,82.1370439529419,8.070722218991813,0.5988416876014889,0.02779634062245102,0.0,0.0,350.3270086349808,False
1781562309.278161,82.21062803268433,8.079723285289639,0.5973297106506134,0.02779632921070852,0.0,0.0,350.2675683400922,False
1781562309.3617756,82.29424262046814,8.0898554327494,0.5956211588738026,0.027796303172430308,0.0,0.0,350.19777227579056,False
1781562309.4315376,82.364004611969,8.099993021315395,0.59390366397003,0.02779627510481024,0.0,0.0,350.12613457366194,False
1781562309.5003421,82.43280911445618,8.11013344222916,0.5921767112275875,0.027796257211294688,0.0,0.0,350.0539740489037,False
1781562309.559355,82.49182200431824,8.116894360353312,0.5910199209567627,0.027796253830271404,0.0,0.0,350.00795322730465,False
1781562309.6210275,82.55349445343018,8.124782213485553,0.5896646145581248,0.02779625827751287,0.0,0.0,349.9564580759443,False
1781562309.6883106,82.62077760696411,8.134922068674138,0.5879131018662472,0.027796274984301175,0.0,0.0,349.89434538824844,False
1781562309.7678757,82.70034265518188,8.146178383998901,0.585956424007283,0.027796308437056397,0.0,0.0,349.8365364063119,False
1781562309.8277156,82.76018261909485,8.15292786197022,0.5847770431623587,0.02779632992293875,0.0,0.0,349.80754578242124,False
1781562309.8919256,82.82439255714417,8.160799304727819,0.5833960203519634,0.02779635032896932,0.0,0.0,349.77945102948416,False
1781562309.9763894,82.90885639190674,8.174288741147066,0.5810162900668376,0.027796360294014957,0.0,0.0,349.7546219682798,False
1781562310.0382795,82.9707465171814,8.182155629099988,0.5796217372077918,0.02779634870047227,0.0,0.0,349.75397761087606,False
1781562310.1110358,83.04350280761719,8.190021216047937,0.5782233182187165,0.02779632719472982,0.0,0.0,349.7622913963867,False
1781562310.1883392,83.1208062171936,8.199008793429968,0.5766214223771968,0.027796299028633543,0.0,0.0,349.77960708458966,False
1781562310.255512,83.18797898292542,8.211364613668492,0.5744143728342321,0.02779627550485109,0.0,0.0,349.8164432224349,False
1781562310.3242447,83.25671172142029,8.220349885102381,0.5728075199703001,0.027796281278267578,0.0,0.0,349.8532767813455,False
1781562310.3851008,83.31756782531738,8.227088803898345,0.5716022109178602,0.027796298332851705,0.0,0.0,349.8870784780401,False
1781562310.4566352,83.38910222053528,8.236074242682749,0.5699958992666325,0.02779632988549525,0.0,0.0,349.9398298620477,False
1781562310.5250487,83.45751571655273,8.247306970686344,0.5679909973832572,0.02779636096656584,0.0,0.0,350.01867639507304,False
1781562310.5948389,83.52730584144592,8.256294213891744,0.566391058558657,0.0277963630404918,0.0,0.0,350.09220299223745,False
1781562310.6678326,83.6002995967865,8.264158877787313,0.5649951833734947,0.027796345967057722,0.0,0.0,350.16323681461614,False
1781562310.7346375,83.66710448265076,8.273148345593993,0.5634057225170797,0.027796313526707663,0.0,0.0,350.2524167545259,False
1781562310.7956183,83.72808527946472,8.283263437633037,0.5616265863950385,0.027796280670441573,0.0,0.0,350.3625349024765,False
1781562310.8569846,83.7894515991211,8.291132281424893,0.560250572075451,0.027796270993948574,0.0,0.0,350.4542482387369,False
1781562310.9256947,83.85816168785095,8.299002622290898,0.5588822893925919,0.027796279312758194,0.0,0.0,350.5504317968955,False
1781562310.9884813,83.92094826698303,8.306874583855997,0.557522561583633,0.027796301450653694,0.0,0.0,350.65040645755977,False
1781562311.060283,83.9927499294281,8.318123248610787,0.5555964728205262,0.027796337704623125,0.0,0.0,350.798636179814,False
1781562311.134561,84.0670280456543,8.32712786651231,0.5540702411702084,0.027796349361109987,0.0,0.0,350.91543961891784,False
1781562311.203327,84.13579392433167,8.335013475209955,0.5527458111457,0.02779633723377855,0.0,0.0,351.01064727089016,False
1781562311.2716146,84.20408153533936,8.34515913145385,0.551058958386211,0.02779629866156099,0.0,0.0,351.12507120101037,False
1781562311.353861,84.28632807731628,8.357567719543143,0.5490223951993823,0.027796247552669854,0.0,0.0,351.25229358171845,False
1781562311.4215024,84.35396933555603,8.36546797342138,0.5477408706447234,0.02779623134653114,0.0,0.0,351.32656791586675,False
1781562311.5036235,84.43609046936035,8.375627215672269,0.5461098110240447,0.02779624172210001,0.0,0.0,351.41532099873245,False
1781562311.5771415,84.50960850715637,8.386910013702675,0.5443199400372233,0.027796294108714086,0.0,0.0,351.50505489593957,False
1781562311.64504,84.57750701904297,8.395934017917927,0.5429041263480597,0.02779634454950471,0.0,0.0,351.5709066868321,False
1781562311.711928,84.64439487457275,8.403831527267222,0.541676065249789,0.027796374791842455,0.0,0.0,351.6244096823688,False
1781562311.7738404,84.70630741119385,8.411734576545038,0.5404570280805088,0.027796377257630258,0.0,0.0,351.67381366705615,False
1781562311.835649,84.76811599731445,8.421901966650742,0.5389025311423329,0.027796339607304415,0.0,0.0,351.7318173778249,False
1781562311.9001515,84.83261847496033,8.430942077732093,0.53753268397285,0.027796284700590708,0.0,0.0,351.7783321174424,False
1781562311.9596596,84.89212656021118,8.437719649669628,0.536512810359259,0.027796249316189122,0.0,0.0,351.8097842179011,False
1781562312.0438383,84.97630524635315,8.449012276767325,0.5348262167539533,0.027796228814019722,0.0,0.0,351.85604074629686,False
1781562312.1258123,85.05827927589417,8.461432574998554,0.5329880529566587,0.027796277466899093,0.0,0.0,351.89198457161723,False
1781562312.2005308,85.13299775123596,8.47046614095011,0.5316609743901826,0.02779634114254269,0.0,0.0,351.90214113216206,False
1781562312.268469,85.20093607902527,8.47837112895059,0.5305055276339697,0.027796390672979857,0.0,0.0,351.9001714710747,False
1781562312.34188,85.27434706687927,8.489664827157634,0.528862421943767,0.02779641221033568,0.0,0.0,351.87995663285176,False
1781562312.4017193,85.3341863155365,8.498700162714373,0.5275526843840299,0.027796375797385163,0.0,0.0,351.8494498578938,False
1781562312.4744034,85.40687036514282,8.506606071976508,0.5264088524345272,0.027796317473628845,0.0,0.0,351.812819193361,False
1781562312.5404882,85.4729552268982,8.514511809820565,0.5252659604665711,0.027796258322340783,0.0,0.0,351.7674854483974,False
1781562312.6014254,85.53389239311218,8.523546645433697,0.5239595543779726,0.02779622038413667,0.0,0.0,351.70584109831356,False
1781562312.669657,85.60212397575378,8.533710425006976,0.5224875772955061,0.02779623809275491,0.0,0.0,351.62527602352077,False
1781562312.7324524,85.66491937637329,8.541614918049358,0.5213396835268914,0.02779628967376294,0.0,0.0,351.55775690073733,False
1781562312.791847,85.7243139743805,8.548389584418254,0.5203528461861509,0.027796343385739598,0.0,0.0,351.49794136388266,False
1781562312.850762,85.78322887420654,8.556292595031955,0.5191973200886824,0.027796394330772568,0.0,0.0,351.4261342179985,False
1781562312.9099824,85.842449426651,8.565323258251896,0.5178702108903248,0.02779641347887806,0.0,0.0,351.34475082114864,False
1781562312.976523,85.90898990631104,8.57435215327576,0.5165352514212812,0.027796384355979028,0.0,0.0,351.2675486143921,False
1781562313.036365,85.96883201599121,8.581122646950218,0.5155284352075941,0.02779634095074699,0.0,0.0,351.21207366955764,False
1781562313.1014085,86.03387546539307,8.589020299920225,0.5143474186385432,0.02779628711160344,0.0,0.0,351.14970351652573,False
1781562313.1799655,86.1124324798584,8.601428308306387,0.5124770442538787,0.027796243910551223,0.0,0.0,351.05622394040375,False
1781562313.238418,86.17088508605957,8.609322782064156,0.5112773385626012,0.027796257782221244,0.0,0.0,350.9992891783022,False
1781562313.3075318,86.23999881744385,8.617216143194623,0.5100701648193677,0.027796296915990636,0.0,0.0,350.9448590938541,False
1781562313.3690393,86.30150628089905,8.625108443824075,0.5088555136571816,0.02779634365244215,0.0,0.0,350.8952976263238,False
1781562313.4334147,86.36588168144226,8.63525409821067,0.5072830039407102,0.0277963840495175,0.0,0.0,350.83840106738427,False
1781562313.521299,86.45376586914062,8.647652116319891,0.5053450828787729,0.027796373669412483,0.0,0.0,350.7814228653551,False
1781562313.5794961,86.51196312904358,8.654413911920772,0.5042809946787266,0.027796344240705175,0.0,0.0,350.75951326945824,False
1781562313.6420252,86.57449221611023,8.662301966968073,0.5030337805472131,0.027796303846127846,0.0,0.0,350.7420187613401,False
1781562313.7196138,86.65208077430725,8.674691028808086,0.5010635264286057,0.02779627064784116,0.0,0.0,350.7356992367288,False
1781562313.7864668,86.71893382072449,8.683693795413017,0.499624562870082,0.027796290407724595,0.0,0.0,350.75088842574206,False
1781562313.8476012,86.7800681591034,8.690443093057713,0.49854273560291706,0.02779632517281489,0.0,0.0,350.77301303237994,False
1781562313.9119892,86.8444561958313,8.698318464662348,0.49727810301934927,0.027796369785197547,0.0,0.0,350.8119282285378,False
1781562313.988609,86.92107605934143,8.71070313893878,0.4952871904964869,0.027796400978920617,0.0,0.0,350.90416367822957,False
1781562314.051599,86.98406600952148,8.71858836039769,0.49402034136004525,0.027796381244805227,0.0,0.0,350.9804614589799,False
1781562314.1483216,87.08078861236572,8.729855632183574,0.4922145645145805,0.027796311716743318,0.0,0.0,351.1047093888188,False
1781562314.2364917,87.16895866394043,8.742251592472241,0.4902384107974947,0.027796238342655693,0.0,0.0,351.253067585123,False
1781562314.3007174,87.23318433761597,8.752395640266599,0.4886328259428527,0.02779622886757779,0.0,0.0,351.3811386160618,False
1781562314.3618977,87.29436469078064,8.759159350780736,0.48756935580463595,0.027796254267160977,0.0,0.0,351.4680668791846,False
1781562314.4251723,87.35763931274414,8.767051590045398,0.4863365642129089,0.02779630512427812,0.0,0.0,351.5706546467479,False
1781562314.4966435,87.42911052703857,8.777200959804862,0.4847653641645685,0.027796371604557744,0.0,0.0,351.7040957816218,False
1781562314.5586445,87.49111151695251,8.785096718798766,0.4835549867837883,0.027796398654783543,0.0,0.0,351.80887014900844,False
1781562314.6183264,87.55079340934753,8.792994084042071,0.482355522413877,0.027796392792279426,0.0,0.0,351.9143527815188,True
1781562314.684971,87.61743807792664,8.800893075229663,0.4811675277166334,0.027796358197708534,0.0,0.0,352.02042611232804,False
1781562314.7456927,87.67815971374512,8.811051378700691,0.47965772711845067,0.02779629703780757,0.0,0.0,352.15751733268814,False
1781562314.8116841,87.74415111541748,8.820083412345834,0.47833296553324584,0.02779625751132728,0.0,0.0,352.2799210566311,False
1781562314.8726737,87.80514073371887,8.82685915325514,0.47735037406166225,0.027796249538797595,0.0,0.0,352.37198016757054,False
1781562314.936878,87.86934494972229,8.834770193579317,0.47621564191141225,0.027796260426989756,0.0,0.0,352.47904754074585,False
1781562315.0002785,87.93274545669556,8.843819491957179,0.47493443487579495,0.02779628755448747,0.0,0.0,352.6007951361026,False
1781562315.0764713,88.00893831253052,8.855140275876682,0.47335722683826126,0.027796315495850123,0.0,0.0,352.7520307533517,False
1781562315.1595218,88.09198880195618,8.86532847865006,0.47196231006476436,0.027796322585266778,0.0,0.0,352.8774208355516,False
1781562315.2243502,88.15681719779968,8.873250452671938,0.470893639199563,0.027796317649375794,0.0,0.0,352.96540032659476,False
1781562315.2931871,88.22565412521362,8.883436203275947,0.4695397121187193,0.027796306738292354,0.0,0.0,353.06773453009873,False
1781562315.3635619,88.29602885246277,8.893630464858898,0.46820661605173597,0.02779629604706553,0.0,0.0,353.1566232121654,False
1781562315.423635,88.3561019897461,8.900430945882787,0.4673289816677604,0.027796292665741552,0.0,0.0,353.2091023603951,False
1781562315.4960284,88.42849540710449,8.90950105216741,0.4661721713539185,0.027796292579626805,0.0,0.0,353.27138520875445,False
1781562315.5717285,88.50419545173645,8.921967661630474,0.4646059973761436,0.0277963008826269,0.0,0.0,353.34279821277465,False
1781562315.6341455,88.56661248207092,8.92989889635772,0.4636228427637317,0.027796306103420765,0.0,0.0,353.3803830482266,False
1781562315.7014923,88.63395929336548,8.937829365158336,0.4626492129837355,0.027796311383569774,0.0,0.0,353.41232237602,False
1781562315.764385,88.69685196876526,8.945759572495527,0.46168430171826175,0.02779631887225371,0.0,0.0,353.438920155555,False
1781562315.8220792,88.75454616546631,8.954822796670298,0.4605912097152109,0.027796331192842166,0.0,0.0,353.4630833495297,False
1781562315.8965204,88.82898736000061,8.965019441074544,0.45937243625352114,0.02779634534358768,0.0,0.0,353.4826397383508,False
1781562315.963612,88.89607906341553,8.972950623252238,0.458431553397686,0.027796350033673613,0.0,0.0,353.4924358088175,False
1781562316.034833,88.9672999382019,8.982015268520174,0.4573628115058071,0.02779634281867151,0.0,0.0,353.4979454352521,False
1781562316.1147819,89.04724884033203,8.994480169612098,0.4559027983508721,0.027796312828619572,0.0,0.0,353.4916736780159,False
1781562316.1809776,89.11344456672668,9.003546580288894,0.4548463427412809,0.0277962889255124,0.0,0.0,353.4718474595327,False
1781562316.2387595,89.17122650146484,9.010346790097742,0.45405611148465996,0.027796279035461165,0.0,0.0,353.4486603438259,False
1781562316.3143845,89.24685144424438,9.01941687748455,0.45300384749668804,0.027796280188227246,0.0,0.0,353.40754265449766,False
1781562316.3772898,89.30975675582886,9.029629036585815,0.45181976111026073,0.027796293304154812,0.0,0.0,353.34907584680946,False
1781562316.4432995,89.37576651573181,9.038711452130336,0.45076558522624,0.027796305429071275,0.0,0.0,353.2872146006475,False
1781562316.5034888,89.43595576286316,9.045523750612272,0.44997327994389624,0.027796309070606557,0.0,0.0,353.23584472269505,False
1781562316.5645432,89.49701023101807,9.053467214013411,0.44904676506123337,0.027796308542166533,0.0,0.0,353.1728488653544,False
1781562316.6283505,89.56081748008728,9.063674913536849,0.44785057990953225,0.0277963017292742,0.0,0.0,353.0876166578588,False
1781562316.7199538,89.65242075920105,9.076147781460076,0.44637808559609976,0.027796297048697544,0.0,0.0,352.9797587627835,False
1781562316.777908,89.7103750705719,9.082954109458365,0.445568590916492,0.027796297645044394,0.0,0.0,352.92260400208465,False
1781562316.8563304,89.78879737854004,9.09316656157508,0.4443451679231437,0.027796302496546514,0.0,0.0,352.8394018926969,False
1781562316.9183662,89.85083317756653,9.10337637088989,0.4431107633202331,0.02779630884218963,0.0,0.0,352.76344253296907,False
1781562316.9820805,89.91454744338989,9.111312139379967,0.4421432110339762,0.02779631195900069,0.0,0.0,352.71262416846815,False
1781562317.0418954,89.97436237335205,9.118111424906424,0.44130857055309863,0.027796311423045745,0.0,0.0,352.67430245876017,False
1781562317.1026065,90.03507351875305,9.126043337716625,0.44032840096663417,0.027796306741945692,0.0,0.0,352.63499341254743,False
1781562317.1593232,90.09179019927979,9.135112251646708,0.4391994180833743,0.02779629655518938,0.0,0.0,352.596024402058,False
1781562317.2322485,90.16471552848816,9.144183963634921,0.4380616545225372,0.02779628836315777,0.0,0.0,352.56299126338746,False
1781562317.3016825,90.23414945602417,9.152121832547126,0.4370596032502128,0.02779628621732257,0.0,0.0,352.5396260283258,False
1781562317.3638785,90.29634547233582,9.161188414466535,0.43590823946833485,0.027796293128240734,0.0,0.0,352.5231324315135,False
1781562317.4304092,90.3628761768341,9.171382978235235,0.43460589260884397,0.02779630601897097,0.0,0.0,352.5176329636134,False
1781562317.5029254,90.43539237976074,9.180441667682786,0.4334428445286578,0.02779631727325792,0.0,0.0,352.52533800741605,False
1781562317.5861373,90.51860427856445,9.190631402265158,0.43212954630778033,0.027796326850943128,0.0,0.0,352.5544495720035,False
1781562317.6498647,90.58233165740967,9.200820474390786,0.4308129749259553,0.02779633242450682,0.0,0.0,352.60499317784445,False
1781562317.7138345,90.64630150794983,9.209878051533254,0.42964171263627066,0.027796331060207312,0.0,0.0,352.6695994651128,False
1781562317.7720017,90.70446872711182,9.216672277077715,0.42876376653157544,0.02779632429012932,0.0,0.0,352.731653420482,False
1781562317.8309414,90.76340842247009,9.223467256657356,0.4278872540429069,0.0277963130826202,0.0,0.0,352.80410286929964,False
1781562317.895471,90.82793807983398,9.232528700582192,0.426722392815473,0.027796294266751776,0.0,0.0,352.9158886188418,False
1781562317.9578547,90.89032173156738,9.242725913827885,0.4254196773663226,0.027796275324183942,0.0,0.0,353.0624498262381,False
1781562318.020637,90.95310401916504,9.250659165583581,0.42441424993510507,0.027796269181120062,0.0,0.0,353.1888008816067,False
1781562318.0944045,91.0268714427948,9.25859377973904,0.42341744549311716,0.027796273824365718,0.0,0.0,353.3223677526558,False
1781562318.1593654,91.09183239936829,9.267661013926638,0.42229099436259465,0.02779629318279296,0.0,0.0,353.47272447341,False
1781562318.2293713,91.16183829307556,9.278994702772088,0.42090454535286126,0.0277963251820938,0.0,0.0,353.6561758044485,False
1781562318.3031898,91.23565673828125,9.288062362113157,0.41981423681110447,0.02779634341696335,0.0,0.0,353.80020803591907,False
1781562318.3870962,91.31956315040588,9.298264926483347,0.4186089994624914,0.027796346510090744,0.0,0.0,353.9600571577714,False
1781562318.4631507,91.39561772346497,9.308469453205452,0.41742742477960765,0.027796331959121186,0.0,0.0,354.1181312113856,False
1781562318.5217571,91.45422410964966,9.318676220446326,0.4162703580960091,0.027796310062678325,0.0,0.0,354.2748551802398,False
1781562318.6053824,91.53784942626953,9.328885410012928,0.41513844847123116,0.027796294178382475,0.0,0.0,354.4305496788304,False
1781562318.683711,91.61617803573608,9.337962380541809,0.4141538280076025,0.02779629210918616,0.0,0.0,354.5682783585941,False
1781562318.7484322,91.680899143219,9.348176448220844,0.41307068519894,0.0277963029562107,0.0,0.0,354.72264390321334,False
1781562318.8107717,91.74323868751526,9.357257849137262,0.41212994303596245,0.02779631794506169,0.0,0.0,354.8594556395917,False
1781562318.899897,91.83236408233643,9.36747692983658,0.4110966188163831,0.027796331082343605,0.0,0.0,355.0130188568631,False
1781562318.9744842,91.90695118904114,9.377698627437876,0.41008994368138135,0.027796333464067277,0.0,0.0,355.1662949913359,False
1781562319.0363638,91.96883082389832,9.387922888161043,0.4091100547147301,0.027796325187683855,0.0,0.0,355.3193508936005,False
1781562319.10032,92.03278708457947,9.395875414912757,0.40836662078937824,0.02779631705745029,0.0,0.0,355.438088578483,False
1781562319.169629,92.10209608078003,9.403823852528637,0.40763992821669087,0.027796317219498334,0.0,0.0,355.55596235709453,False
1781562319.244741,92.17720794677734,9.414039240450577,0.4067300359810395,0.027796331375822096,0.0,0.0,355.7064270269058,False
1781562319.310026,92.24249291419983,9.424255799442731,0.4058471284493006,0.027796351943822056,0.0,0.0,355.84549688645257,False
1781562319.3814912,92.31395816802979,9.433343213111838,0.40508424768071954,0.02779636125265906,0.0,0.0,355.94626257026306,False
1781562319.4395013,92.37196826934814,9.440161694399062,0.40452518585912656,0.027796358814714078,0.0,0.0,356.0097870563976,False
1781562319.5011282,92.43359518051147,9.448119196638698,0.4038864581707852,0.027796344584435997,0.0,0.0,356.0717057613301,False
1781562319.5844724,92.51693940162659,9.46176641836642,0.40282271965008476,0.027796302033371856,0.0,0.0,356.1449105294499,False
1781562319.661295,92.59376192092896,9.470867554421407,0.402133162982399,0.02779627809913428,0.0,0.0,356.1724577713613,False
1781562319.7272713,92.65973830223083,9.47882893457051,0.4015412068223507,0.02779627570040896,0.0,0.0,356.18292550104485,False
1781562319.7895756,92.72204256057739,9.489059509980915,0.4007936565930351,0.02779630607508882,0.0,0.0,356.177484859364,False
1781562319.8490796,92.7815465927124,9.49815007048156,0.4001395594827289,0.027796354520069323,0.0,0.0,356.15502976214833,False
1781562319.9242263,92.85669326782227,9.507242364324807,0.3994926091914766,0.027796398829805207,0.0,0.0,356.1170943398084,False
1781562319.9834614,92.91592836380005,9.514065194649259,0.3990105576106998,0.0277964132699226,0.0,0.0,356.07945338204627,False
1781562320.043617,92.97608399391174,9.52202789892936,0.3984502562973734,0.027796401772875547,0.0,0.0,356.0262841858997,True
1781562320.1116962,93.0441632270813,9.53340605296539,0.39765104430847525,0.0277963375426591,0.0,0.0,355.93672078766116,False
1781562320.1805413,93.11300826072693,9.542509331063265,0.39701034041277655,0.027796271794082728,0.0,0.0,355.8581048476256,False
1781562320.2382495,93.17071652412415,9.54933690579888,0.3965277892510521,0.027796234783096573,0.0,0.0,355.79568091420134,False
1781562320.303649,93.2361159324646,9.5573025408744,0.39596153250764055,0.02779622106022905,0.0,0.0,355.71880471047814,False
1781562320.3670013,93.29946827888489,9.567544732814612,0.3952265849726678,0.027796256317190165,0.0,0.0,355.6107534329895,False
1781562320.4446096,93.37707662582397,9.577787334633772,0.39448182272902954,0.027796328544503028,0.0,0.0,355.4936859495442,False
1781562320.5134468,93.4459137916565,9.585753529690479,0.3938944506923421,0.027796380584004916,0.0,0.0,355.3990893818003,False
1781562320.578596,93.51106309890747,9.594856557836916,0.3932132835801362,0.02779640761292549,0.0,0.0,355.29221243593406,False
1781562320.6422365,93.57470345497131,9.605095865283399,0.39243307081269974,0.027796383667562104,0.0,0.0,355.1734242469171,False
1781562320.7031486,93.6356155872345,9.613058465089187,0.39181531310428774,0.027796336775859687,0.0,0.0,355.0841015728133,False
1781562320.7757673,93.70823431015015,9.621019747629926,0.3911875550765612,0.02779628691055042,0.0,0.0,355.00188436109744,False
1781562320.8386474,93.77111434936523,9.628979838745941,0.390549584292138,0.027796254335452946,0.0,0.0,354.92596096745075,False
1781562320.9004056,93.83287262916565,9.63921305491441,0.38971423755188295,0.027796255335261314,0.0,0.0,354.8401934823685,False
1781562320.9634812,93.8959481716156,9.648308875921888,0.3889576612165009,0.027796291516056292,0.0,0.0,354.7817750957394,False
1781562321.0295346,93.96200156211853,9.656267338750606,0.38828535056032615,0.027796333194619986,0.0,0.0,354.7434067163278,False
1781562321.1046517,94.03711867332458,9.665361127075483,0.3875061896469873,0.027796369943339005,0.0,0.0,354.71670337944477,False
1781562321.1679733,94.10044026374817,9.675586620709094,0.38661773156938406,0.027796380784530977,0.0,0.0,354.72050398520247,False
1781562321.230375,94.16284203529358,9.684672590503533,0.3858193710206267,0.027796362172088973,0.0,0.0,354.7540343194237,False
1781562321.3293815,94.26184844970703,9.696029033543523,0.38481339806395504,0.027796322498005933,0.0,0.0,354.82683680526276,False
1781562321.3905454,94.32301235198975,9.70398058498527,0.38410611236468367,0.027796299593049745,0.0,0.0,354.8874074811401,False
1781562321.4536633,94.38613033294678,9.71420597453004,0.38319594548940894,0.027796290451161068,0.0,0.0,354.9749788490179,False
1781562321.5261507,94.45861768722534,9.724434254651197,0.38228773361898366,0.027796300763493542,0.0,0.0,355.0772176488695,False
1781562321.5935538,94.52602076530457,9.73239200913822,0.38158462879676125,0.027796312256532105,0.0,0.0,355.16961813549284,False
1781562321.6567047,94.58917164802551,9.74035141088281,0.38088604418044275,0.02779631939309397,0.0,0.0,355.271517794222,False
1781562321.7202787,94.65274572372437,9.750584367656703,0.37999709655713587,0.02779632077380399,0.0,0.0,355.41972902371185,False
1781562321.7908342,94.72330117225647,9.759678242211356,0.3792181250321655,0.027796319480223895,0.0,0.0,355.5693612483112,False
1781562321.8606071,94.79307413101196,9.767634699407985,0.37854697107755225,0.027796320241373608,0.0,0.0,355.7109900668704,False
1781562321.9273837,94.85985064506531,9.776727515192945,0.37779387339036075,0.027796326293547606,0.0,0.0,355.8902072637932,False
1781562321.9954584,94.92792534828186,9.788093873350975,0.37687681483359975,0.027796339082073334,0.0,0.0,356.1400896282051,False
1781562322.080314,95.0127809047699,9.798324647562247,0.3760781878989092,0.02779634732622418,0.0,0.0,356.3816950283311,False
1781562322.143592,95.0760588645935,9.806283106595346,0.375476741924328,0.027796346932807987,0.0,0.0,356.5707465978174,False
1781562322.2074947,95.13996171951294,9.815380087738642,0.37481234939885466,0.02779633881374748,0.0,0.0,356.78180189887945,False
1781562322.2732236,95.20569062232971,9.825616247558086,0.3740960166875284,0.027796325340049333,0.0,0.0,357.01501733219607,False
1781562322.3452094,95.27767634391785,9.834715730188272,0.3734883004088419,0.027796317867844783,0.0,0.0,357.2274203354542,False
1781562322.4275765,95.3600435256958,9.84495320101496,0.3728386922847234,0.0277963203136974,0.0,0.0,357.4746283006973,False
1781562322.5009587,95.43342566490173,9.856328045536362,0.372161076013014,0.027796336003253486,0.0,0.0,357.76417035107875,False
1781562322.5639286,95.49639558792114,9.865425318746547,0.3716541031994102,0.027796355052269975,0.0,0.0,358.020297175598,False
1781562322.6237154,95.55618238449097,9.872247438369403,0.371295355886711,0.027796368015991304,0.0,0.0,358.22236048504055,False
1781562322.697185,95.62965202331543,9.881339361433147,0.3708471360285076,0.027796383004385198,0.0,0.0,358.5091204589572,False
1781562322.758795,95.69126200675964,9.891545380491905,0.3703867564219992,0.0277964153822446,0.0,0.0,358.8865366436836,False
1781562322.8226018,95.7550687789917,9.900602789436256,0.3700193557422398,0.027796451104072337,0.0,0.0,359.2521030500651,False
1781562322.8935363,95.82600331306458,9.908412528842183,0.3697335175526125,0.027796604783098693,0.0,0.0,359.5832826597926,False
1781562322.9563508,95.88881778717041,9.915537013138861,0.36948500872523593,0.02779752991540061,0.0,0.0,359.9156079545027,False
1781562323.018942,95.9514091014862,9.922961353581773,0.3692398747916775,0.027799163351128746,0.0,0.0,0.29541416397124765,False
1781562323.0834613,96.01592826843262,9.93064170545161,0.36900641667347006,0.02780083795329711,0.0,0.0,0.7227566985725651,False
1781562323.1501782,96.08264517784119,9.936216393482558,0.3688521129756163,0.027801501698865055,0.0,0.0,1.0554807066555632,False
1781562323.2080798,96.14054679870605,9.940771604679346,0.36873729038584935,0.027801479104213756,0.0,0.0,1.340864549331537,False
1781562323.2799854,96.21245241165161,9.946646359964756,0.3686096325120727,0.027800705591029398,0.0,0.0,1.7175418598752394,False
1781562323.3474727,96.27993965148926,9.954920669342037,0.36852984204115063,0.027798803524609804,0.0,0.0,2.115416836358366,False
1781562323.4117663,96.34423327445984,9.961372797267831,0.3685351629368273,0.027797252746583543,0.0,0.0,2.3563980233976998,False
1781562323.5043697,96.43683671951294,9.971253178159456,0.3686275894417029,0.02779536622435278,0.0,0.0,2.672324410630693,False
1781562323.579702,96.51216888427734,9.98273031058747,0.36883746024736097,0.02779446054948601,0.0,0.0,3.007716032777212,False
1781562323.6632302,96.59569716453552,9.992428661865915,0.3690875346661058,0.027794859599848426,0.0,0.0,3.2775791053379555,False
1781562323.731766,96.66423296928406,9.999752385618866,0.36930704933112657,0.027796123003426165,0.0,0.0,3.516329924139015,False
1781562323.8124378,96.74490475654602,10.010474079595197,0.3696658112454831,0.02779921802639707,0.0,0.0,3.964129982301768,False
1781562323.8772562,96.8097231388092,10.017834098990303,0.36994300361804794,0.027801046347335052,0.0,0.0,4.32023860481953,False
1781562323.9445808,96.8770477771759,10.0238463243208,0.37018418437097367,0.02780182004361762,0.0,0.0,4.641972901055342,False
1781562324.004515,96.93698191642761,10.028701097058809,0.3703888560470324,0.02780175442171723,0.0,0.0,4.9218899494584845,False
1781562324.0694234,97.0018904209137,10.034834908250408,0.3706629184847279,0.02780080520052142,0.0,0.0,5.2984694624385575,False
1781562324.1340833,97.06655025482178,10.041370197200463,0.37097768538756976,0.027799274481567538,0.0,0.0,5.724575790188353,False
1781562324.1977677,97.13023471832275,10.046242179890951,0.3712302294994083,0.02779836657706484,0.0,0.0,6.056906091463298,False
1781562324.2734094,97.20587635040283,10.051629691207003,0.3715297842143845,0.027798079204156008,0.0,0.0,6.4372082050656365,False
1781562324.337838,97.27030491828918,10.057505174363026,0.3718835734405534,0.027798747814337332,0.0,0.0,6.865373026911543,False
1781562324.4181554,97.3506224155426,10.06385151014551,0.37230091360368717,0.027800078455770396,0.0,0.0,7.341303415287303,False
1781562324.4898076,97.42227458953857,10.068202727430537,0.3726099820726522,0.02780082235489456,0.0,0.0,7.674512834474256,False
1781562324.5498705,97.482337474823,10.072492479511986,0.3729341339424991,0.02780109487993813,0.0,0.0,8.00774686135406,False
1781562324.637555,97.57002186775208,10.079730113126253,0.3735273533867144,0.027800393641939022,0.0,0.0,8.579033661209987,False
1781562324.7065573,97.63902425765991,10.08448911049389,0.37395069611720233,0.027799528280253307,0.0,0.0,8.959900278818532,False
1781562324.7649333,97.69740033149719,10.088029922240601,0.37428349886655016,0.027798986606306766,0.0,0.0,9.245551806921,False
1781562324.85004,97.78250694274902,10.09388579746733,0.37486831193105996,0.027798696561118774,0.0,0.0,9.721638416735939,False
1781562324.9232814,97.85574841499329,10.09969429753902,0.3754919867061843,0.02779923175553004,0.0,0.0,10.197725274906906,False
1781562324.9883502,97.92081713676453,10.10431290994812,0.3760197039472747,0.027799937796985197,0.0,0.0,10.578595354107355,False
1781562325.061038,97.99350500106812,10.108336723874508,0.3765028868823894,0.027800446343811902,0.0,0.0,10.911857457354932,False
1781562325.1294367,98.06190371513367,10.112918019827923,0.3770799945187949,0.02780065609811619,0.0,0.0,11.2927293961654,False
1781562325.2105374,98.14300441741943,10.119760173962057,0.37799627088235754,0.02780016199000697,0.0,0.0,11.86403843786774,False
1781562325.2912633,98.22373032569885,10.124304446583997,0.3786413476835898,0.027799584185692974,0.0,0.0,12.244911008359725,False
1781562325.35831,98.29077696800232,10.128836682645677,0.37931413220334936,0.027799149951095895,0.0,0.0,12.62578292272618,False
1781562325.423546,98.35601305961609,10.133922463374681,0.38010442736755623,0.027799076314821234,0.0,0.0,13.054262958268975,False
1781562325.4943662,98.426833152771,10.138995713029866,0.3809303747912533,0.02779943593999289,0.0,0.0,13.48274251093044,False
1781562325.5625882,98.49505519866943,10.142933546372563,0.38159758147063283,0.027799851776402318,0.0,0.0,13.816004499963228,True
1781562325.627189,98.5596559047699,10.146864755112832,0.3822865962025317,0.02780020495250946,0.0,0.0,14.149266884562113,False
1781562325.691787,98.62425398826599,10.151909881967258,0.38320464648693914,0.027800366430298026,0.0,0.0,14.577747799981342,False
1781562325.7535493,98.68601632118225,10.15638600459623,0.38405118450733156,0.027800187844867374,0.0,0.0,14.958620188370285,False
1781562325.8116372,98.7441041469574,10.159738032099714,0.38470497434668577,0.027799919844572498,0.0,0.0,15.24427452477058,False
1781562325.8833332,98.81580018997192,10.163643344483736,0.38548823144277145,0.027799583012011513,0.0,0.0,15.577537720295544,False
1781562325.9581838,98.89065074920654,10.16921242957455,0.3866455395887774,0.027799296764298428,0.0,0.0,16.053627352007798,False
1781562326.0224147,98.95488166809082,10.174214690754411,0.38772577173329115,0.02779936889786787,0.0,0.0,16.482107435077136,False
1781562326.0905254,99.02299237251282,10.178098853314335,0.38859129826601263,0.027799601230279622,0.0,0.0,16.815369591692438,False
1781562326.174775,99.10724186897278,10.183084406533842,0.3897367279599258,0.027799954314571166,0.0,0.0,17.24384972570077,False
1781562326.2384646,99.1709315776825,10.188060467565682,0.39091885629404255,0.027800161808380353,0.0,0.0,17.67233036530581,False
1781562326.2997544,99.23222136497498,10.192475569685765,0.3920004472067899,0.0278001290510284,0.0,0.0,18.053202442291227,False
1781562326.3687737,99.30124068260193,10.196332474530884,0.39297062142078437,0.027799955585377376,0.0,0.0,18.386465640974816,False
1781562326.4526296,99.3850965499878,10.201282564929269,0.39425058936878876,0.02779966288487722,0.0,0.0,18.814946766830065,False
1781562326.5173166,99.44978356361389,10.206222595108855,0.39556720899014763,0.02779946666238328,0.0,0.0,19.24342750152377,False
1781562326.5803068,99.51277375221252,10.21060512325908,0.3967682795408595,0.027799465776899724,0.0,0.0,19.62429892582522,False
1781562326.65712,99.58958697319031,10.214979390804242,0.3979982541560062,0.027799616458126602,0.0,0.0,20.00517019628507,False
1781562326.720388,99.6528549194336,10.218799974817458,0.39909816682270655,0.027799804748030264,0.0,0.0,20.338432610287953,False
1781562326.77802,99.7104868888855,10.22315832428273,0.4003822458826854,0.027799983497654744,0.0,0.0,20.719304161080878,False
1781562326.8635807,99.79604768753052,10.22913676747428,0.40219487173970114,0.027800028456547467,0.0,0.0,21.24300299341996,False
1781562326.9336002,99.8660671710968,10.232932433611955,0.40337665993112054,0.02779992825504253,0.0,0.0,21.57626604560053,False
1781562327.010819,99.94328594207764,10.237802297757149,0.4049283844291456,0.027799732376292838,0.0,0.0,22.004747064596426,False
1781562327.0805042,100.01297116279602,10.243199408182738,0.4066950374493729,0.027799571477540457,0.0,0.0,22.48083679731572,False
1781562327.1762817,100.1087486743927,10.2491189828951,0.408689925694144,0.02779958800210653,0.0,0.0,23.004535124747246,False
1781562327.2366898,100.16915678977966,10.252340063170442,0.4098007681781349,0.02779967475785381,0.0,0.0,23.29018868666624,False
1781562327.29683,100.22929692268372,10.256090920410498,0.4111169814753211,0.027799801984855696,0.0,0.0,23.623451220553086,False
1781562327.3547256,100.2871925830841,10.260902074540567,0.4128412071780936,0.027799928977538038,0.0,0.0,24.051931806530206,False
1781562327.4205139,100.35298085212708,10.265167715559471,0.4144039632154907,0.02779995216851705,0.0,0.0,24.432803637837925,False
1781562327.4924054,100.42487239837646,10.268891552986565,0.41579457005673587,0.027799897539395026,0.0,0.0,24.766066587409473,False
1781562327.5699558,100.50242280960083,10.273667342987654,0.4176142300940475,0.027799769292693257,0.0,0.0,25.194547517839997,False
1781562327.6332328,100.56569981575012,10.278429387002587,0.4194695053387059,0.027799656228682215,0.0,0.0,25.623028302472985,False
1781562327.6935177,100.62598466873169,10.282123526492256,0.42093705712056384,0.027799624042381087,0.0,0.0,25.956290997986915,False
1781562327.7597091,100.69217610359192,10.285809066689904,0.42242604705209624,0.027799651610770425,0.0,0.0,26.28955360402874,False
1781562327.8219504,100.7544174194336,10.289485883872938,0.4239364269207963,0.027799723744478016,0.0,0.0,26.62281618374259,False
1781562327.8936317,100.82609868049622,10.294723103301402,0.4261311199316354,0.02779984153437998,0.0,0.0,27.098905669410744,False
1781562327.9552448,100.88771176338196,10.298899638290665,0.42791813401191386,0.027799892983156438,0.0,0.0,27.47977739722902,False
1781562328.0235476,100.95601463317871,10.302544294657446,0.42950449944506397,0.027799885927892155,0.0,0.0,27.813040252611522,False
1781562328.0874872,101.01995420455933,10.306179664392332,0.4311120229735645,0.027799836330052126,0.0,0.0,28.146303148854226,False
1781562328.1498916,101.0823585987091,10.310839867644846,0.433209842622435,0.0277997468214688,0.0,0.0,28.57478398401091,False
1781562328.2165987,101.14906573295593,10.314969001525306,0.43510376649023647,0.027799686875915386,0.0,0.0,28.955655741431087,False
1781562328.3052735,101.2377405166626,10.319599113238448,0.4372671690162805,0.027799677104559002,0.0,0.0,29.38413634740586,False
1781562328.3712165,101.3036835193634,10.323701087968244,0.4392192015484594,0.027799719692268098,0.0,0.0,29.765007937951385,False
1781562328.4464786,101.37894558906555,10.329319935384836,0.44194766286456805,0.02779980829794265,0.0,0.0,30.288706412834696,False
1781562328.5104203,101.44288730621338,10.332882491188878,0.4437106416816151,0.02779984721652935,0.0,0.0,30.621969154485193,False
1781562328.568374,101.50084090232849,10.3359279071618,0.44523823230629306,0.027799855856748136,0.0,0.0,30.907622985081264,False
1781562328.629723,101.56219005584717,10.339471215608363,0.44703957879578127,0.027799835796300763,0.0,0.0,31.240885828200668,False
1781562328.694426,101.62689304351807,10.344011400368228,0.4493858175664386,0.027799779639942034,0.0,0.0,31.66936663388679,False
1781562328.7704108,101.70287775993347,10.34853391499272,0.45176593513960495,0.02779972523961491,0.0,0.0,32.097847380430416,False
1781562328.850735,101.7832019329071,10.352538889062762,0.45390992976132516,0.027799705648708473,0.0,0.0,32.47871907999834,False
1781562328.9122698,101.8447368144989,10.35603148515532,0.45580772381655194,0.027799717538691246,0.0,0.0,32.81198177207743,False
1781562328.973185,101.90565204620361,10.360505644664396,0.4582775329881433,0.02779976110440956,0.0,0.0,33.24046236199395,False
1781562329.081573,102.01403999328613,10.366442225384489,0.46162251936296417,0.027799818874800923,0.0,0.0,33.811769887359524,False
1781562329.156387,102.08885407447815,10.370381291069126,0.4638853193630281,0.027799828773252742,0.0,0.0,34.19264164258074,False
1781562329.2215133,102.15398025512695,10.37430522964904,0.46617425058206396,0.02779981057534768,0.0,0.0,34.57351343565509,False
1781562329.2866328,102.21909976005554,10.378701362831078,0.4687804075349843,0.027799771100713,0.0,0.0,35.0019942019607,False
1781562329.3846273,102.31709432601929,10.383562943968567,0.4717145992961738,0.027799734539827713,0.0,0.0,35.478083887996476,False
1781562329.4583523,102.39081931114197,10.38791738874673,0.47438982619762515,0.02779972951341795,0.0,0.0,35.90656454374245,False
1781562329.5310614,102.4635283946991,10.391720891436524,0.476806832134393,0.027799577018084956,0.0,0.0,36.17956740456053,False
1781562329.5900817,102.52254867553711,10.397535373785805,0.4806415846065922,0.027798865137403626,0.0,0.0,36.421795961550146,False
1781562329.6478899,102.58035683631897,10.403370133888266,0.4845950833874066,0.02779765641359656,0.0,0.0,36.56763167050895,False
1781562329.706915,102.63938188552856,10.408052133178238,0.4878210268639357,0.027796496532051497,0.0,0.0,36.64302857051785,False
1781562329.7766578,102.70912480354309,10.413761691602364,0.4918044861598775,0.02779515635799252,0.0,0.0,36.69765971005251,False
1781562329.833498,102.7659649848938,10.419669486455852,0.49597213590757006,0.02779421540325594,0.0,0.0,36.719594562814954,False
1781562329.8966117,102.8290786743164,10.42747224276927,0.5015329561545905,0.0277941143984848,0.0,0.0,36.7010892998108,False
1781562329.952098,102.8845648765564,10.433657157735139,0.5059766100421599,0.027794992439782507,0.0,0.0,36.65019198465243,False
1781562330.0233824,102.9558494091034,10.439916314483503,0.5104982683912994,0.0277964239695991,0.0,0.0,36.56990300979602,False
1781562330.0951226,103.02758955955505,10.447135932610301,0.5157363932486821,0.027798054887207373,0.0,0.0,36.44668892326566,False
1781562330.1674678,103.09993481636047,10.45622265054278,0.5223507330349132,0.027798906886827644,0.0,0.0,36.25374029827595,False
1781562330.2332485,103.16571545600891,10.463523386301667,0.5276728025056252,0.0277982088089329,0.0,0.0,36.07584079977428,False
1781562330.3202555,103.25272250175476,10.47175910884237,0.5336752772675878,0.027796435319179226,0.0,0.0,35.8564533596726,False
1781562330.3794692,103.31193614006042,10.478179154052262,0.5383480337334534,0.027795054189580778,0.0,0.0,35.67333278788468,False
1781562330.4461768,103.37864375114441,10.486451457359578,0.544354026409959,0.027794186819856754,0.0,0.0,35.426708636419214,False
1781562330.5064821,103.43894910812378,10.492899754620426,0.5490198665979171,0.027794482885647953,0.0,0.0,35.22937001405637,False
1781562330.5652628,103.4977297782898,10.498436772045775,0.5530127875466968,0.02779528463068824,0.0,0.0,35.05842502956472,False
1781562330.6247184,103.55718541145325,10.50490844608174,0.5576616408305298,0.02779648254388756,0.0,0.0,34.857508991309224,False
1781562330.6886246,103.62109160423279,10.513248882687108,0.5636208716131775,0.027797694406259812,0.0,0.0,34.597720343420754,False
1781562330.753864,103.68633103370667,10.52068529806914,0.568900879608286,0.027797943830984773,0.0,0.0,34.366580605255194,False
1781562330.8118453,103.74431228637695,10.526276076593085,0.5728484305446487,0.027797580234249383,0.0,0.0,34.19320552057801,False
1781562330.8751462,103.80761313438416,10.532812536018348,0.5774386696940795,0.027796771159885558,0.0,0.0,33.99102919002389,False
1781562330.9363143,103.8687813282013,10.541237296834066,0.583313725423271,0.02779567767768079,0.0,0.0,33.732925356870474,False
1781562331.0019581,103.93442511558533,10.548745680716399,0.588509431959347,0.02779515683762834,0.0,0.0,33.505001914576034,True
1781562331.0718122,104.00427913665771,10.5553309123145,0.5930343949881343,0.02779521812954448,0.0,0.0,33.30636528660632,False
1781562331.1348066,104.06727361679077,10.561926876535503,0.5975365085565837,0.027795683492909562,0.0,0.0,33.10883893699992,False
1781562331.191871,104.12433791160583,10.569477849911745,0.6026529916501809,0.02779641909835389,0.0,0.0,32.88433245612174,False
1781562331.2492747,104.18174171447754,10.577044079695442,0.6077393967532884,0.02779700359959488,0.0,0.0,32.66073401905138,False
1781562331.3142807,104.24674773216248,10.583677954682951,0.6121656131483684,0.027797187299228452,0.0,0.0,32.465596835608565,False
1781562331.3748174,104.30728435516357,10.589374517719568,0.6159414946731815,0.027797074562956096,0.0,0.0,32.298605856836275,False
1781562331.4562685,104.38873553276062,10.59889071913409,0.622197769093986,0.027796523392469668,0.0,0.0,32.020670240299395,False
1781562331.537391,104.46985793113708,10.609397381040846,0.629030518125074,0.027795912512404028,0.0,0.0,31.716283028163478,False
1781562331.5973544,104.52982139587402,10.61514658705447,0.6327363225743338,0.027795767669134844,0.0,0.0,31.550927469776475,False
1781562331.6652522,104.59771919250488,10.621869333759022,0.637040192172571,0.027795814421770097,0.0,0.0,31.35841926816164,False
1781562331.7523096,104.68477654457092,10.6334295724333,0.6443673318445484,0.027796251340998952,0.0,0.0,31.03156839810168,False
1781562331.8261707,104.75863766670227,10.641160304041847,0.6492157496415778,0.027796551285460897,0.0,0.0,30.815821727949135,False
1781562331.886336,104.81880307197571,10.647940050433743,0.6534341307105295,0.02779668430285296,0.0,0.0,30.628071139963694,False
1781562331.9480689,104.88053584098816,10.654733433377553,0.6576297879850624,0.02779666346496324,0.0,0.0,30.442201083843763,False
1781562332.0143394,104.94680643081665,10.663487596681833,0.6629908559182328,0.027796466554750064,0.0,0.0,30.20559313489568,False
1781562332.0796454,105.0121123790741,10.670311714620368,0.6671347518629348,0.027796273665367535,0.0,0.0,30.02297152483746,False
1781562332.1510265,105.08349347114563,10.678126432619095,0.6718427691221248,0.027796116745144372,0.0,0.0,29.81679594961745,False
1781562332.2320805,105.16454744338989,10.688898916356388,0.6782681502212031,0.027796109273781348,0.0,0.0,29.536870619893204,False
1781562332.311884,105.24435091018677,10.697736218470823,0.6834842809532223,0.02779624868664508,0.0,0.0,29.309874875385972,False
1781562332.3721714,105.3046383857727,10.70363941933149,0.6869413831650133,0.02779636047506366,0.0,0.0,29.159234353945248,False
1781562332.4534037,105.38587069511414,10.713498669326475,0.6926673509226062,0.027796484518943166,0.0,0.0,28.90902004353851,False
1781562332.5167463,105.44921326637268,10.72239332461503,0.6977823501895587,0.027796481667270622,0.0,0.0,28.685686216761148,False
1781562332.5745776,105.50704455375671,10.728333975277236,0.7011721421410361,0.027796427920864376,0.0,0.0,28.53828536508897,False
1781562332.6337078,105.56617474555969,10.734283347195225,0.7045459080196277,0.027796354961426333,0.0,0.0,28.391764074029847,False
1781562332.697446,105.62991309165955,10.742231080725565,0.709020426739587,0.027796264669473644,0.0,0.0,28.19768685257759,False
1781562332.7925062,105.72497320175171,10.75519054861075,0.7162378930820855,0.02779620867642051,0.0,0.0,27.885816486660783,False
1781562332.8626497,105.79511666297913,10.762189374260062,0.7200958853812327,0.027796232907958008,0.0,0.0,27.719134377324004,False
1781562332.9277148,105.86018180847168,10.769198065036365,0.723931835659053,0.027796281848460353,0.0,0.0,27.553558348951825,False
1781562333.0142474,105.94671440124512,10.781231839281542,0.7304548802679166,0.02779636905838028,0.0,0.0,27.272285453859844,False
1781562333.108299,106.04076600074768,10.792288275099258,0.7363787038301676,0.027796396465359793,0.0,0.0,27.016615299979712,False
1781562333.1683373,106.10080432891846,10.798333581154294,0.7395898625776138,0.027796381281829166,0.0,0.0,26.87831723369794,False
1781562333.229968,106.16243505477905,10.80539909420392,0.74331835363676,0.027796345293165145,0.0,0.0,26.717819287156626,False
1781562333.2958379,106.22830486297607,10.813489415379665,0.7475554826004458,0.02779629707011264,0.0,0.0,26.535603372143697,False
1781562333.360717,106.29318404197693,10.822608956108196,0.752291034721307,0.02779625749759979,0.0,0.0,26.333572161833967,False
1781562333.4242418,106.35670876502991,10.829714496705133,0.7559513414763618,0.027796247888698285,0.0,0.0,26.17816647672344,False
1781562333.490447,106.42291402816772,10.836829939625659,0.7595912807448089,0.027796258870139808,0.0,0.0,26.023998809839593,False
1781562333.5541954,106.4866623878479,10.845986567877707,0.7642385026557298,0.027796302116374957,0.0,0.0,25.828089637160645,False
1781562333.6164465,106.54891347885132,10.854134656408942,0.7683393849869442,0.027796350427668565,0.0,0.0,25.655671992380224,False
1781562333.6856165,106.61808347702026,10.861272580479335,0.7719054997727449,0.027796384422865562,0.0,0.0,25.505844422219237,False
1781562333.7647445,106.69721150398254,10.869445316410761,0.775958656866407,0.027796395164189594,0.0,0.0,25.336232907927513,False
1781562333.831254,106.7637209892273,10.878658774148093,0.7804901420705033,0.0277963681841362,0.0,0.0,25.147172314239747,False
1781562333.9021575,106.83462452888489,10.887888729248822,0.7849902359684798,0.027796318236462544,0.0,0.0,24.95974457111468,False
1781562333.9865246,106.91899156570435,10.897127792074555,0.7894558889394009,0.02779628177055422,0.0,0.0,24.774499577192447,False
1781562334.0496023,106.98206925392151,10.904320840776872,0.7929060192624855,0.027796277087162858,0.0,0.0,24.631602269527804,False
1781562334.1131983,107.04566526412964,10.913583539299738,0.7973149159820512,0.027796299478266458,0.0,0.0,24.44960839567218,False
1781562334.1781275,107.1105945110321,10.921833667719225,0.8012100552768736,0.027796330585078497,0.0,0.0,24.289588812636826,False
1781562334.237937,107.17040395736694,10.928030608915485,0.8041163977793782,0.02779635024943885,0.0,0.0,24.17040188958807,False
1781562334.3021476,107.234614610672,10.935269664459055,0.807490646660054,0.02779635979719488,0.0,0.0,24.03259256551947,False
1781562334.3641994,107.29666638374329,10.944590532126231,0.8118026223801008,0.02779634579645179,0.0,0.0,23.858469741641247,False
1781562334.42857,107.36103701591492,10.95288793784996,0.815610671559383,0.027796316098551117,0.0,0.0,23.70594213325454,False
1781562334.497361,107.42982792854309,10.96015726320768,0.8189236683720527,0.02779628978067215,0.0,0.0,23.573810878566768,False
1781562334.5826316,107.51509857177734,10.970556356798008,0.8236259381122321,0.027796272715688346,0.0,0.0,23.38669488335507,False
1781562334.647584,107.58005094528198,10.979929648273867,0.8278274948131015,0.027796285698411357,0.0,0.0,23.219540724569537,False
1781562334.708337,107.6408040523529,10.987228921299476,0.8310755254216424,0.027796308202214945,0.0,0.0,23.09068969735416,False
1781562334.7772923,107.70975923538208,10.99453565707739,0.834306229919752,0.027796331472777793,0.0,0.0,22.96379705710157,False
1781562334.842324,107.77479100227356,11.001849785639443,0.837519770466094,0.027796346348836903,0.0,0.0,22.838507513772534,False
1781562334.913534,107.8460009098053,11.012311198099633,0.8420810940869128,0.027796344451764085,0.0,0.0,22.661697539782498,False
1781562334.980716,107.9131829738617,11.0217390073823,0.8461570082465217,0.02779632434082778,0.0,0.0,22.504249513087288,False
1781562335.0488296,107.98129653930664,11.029079839068858,0.8493082030159773,0.027796306260576824,0.0,0.0,22.382635137905897,False
1781562335.1126451,108.04511213302612,11.036427663682504,0.8524429616115905,0.027796293969850915,0.0,0.0,22.261607493964274,False
1781562335.17956,108.11202692985535,11.045885019660407,0.8564494194179466,0.027796292770313303,0.0,0.0,22.106687007866253,False
1781562335.2400374,108.17250442504883,11.054301026337093,0.8599882780399407,0.027796303991147187,0.0,0.0,21.969491340091782,False
1781562335.3061233,108.23859024047852,11.061672151347768,0.8630675382229482,0.027796317774441134,0.0,0.0,21.850297415017852,False
1781562335.3762846,108.30875158309937,11.06904966609667,0.8661307405369018,0.02779632955052281,0.0,0.0,21.732890854585474,False
1781562335.441894,108.37436103820801,11.077488906716065,0.8696120609926155,0.027796335331930468,0.0,0.0,21.600520408703414,False
1781562335.523194,108.4556610584259,11.089106330946235,0.8743653283407226,0.027796328404137344,0.0,0.0,21.42097575696754,False
1781562335.6104338,108.54290080070496,11.098622959776806,0.878225816179169,0.027796316471669597,0.0,0.0,21.27570815037126,False
1781562335.675231,108.6076979637146,11.106031822578563,0.8812108472920611,0.027796308944712838,0.0,0.0,21.163510574306237,False
1781562335.7607648,108.69323182106018,11.118746855989775,0.8862926428736134,0.027796306838633714,0.0,0.0,20.972413743435897,False
1781562335.828267,108.76073408126831,11.127233316275927,0.8896558862097493,0.027796312409759563,0.0,0.0,20.845696868737576,False
1781562335.890592,108.82305908203125,11.133603187674423,0.8921654806628222,0.027796317989145673,0.0,0.0,20.7511613460977,False
1781562335.9560783,108.8885452747345,11.141039920780736,0.8950794549439154,0.0277963237526171,0.0,0.0,20.642548282374317,False
1781562336.0262709,108.95873785018921,11.151673515031014,0.8992165774646467,0.02779632716729145,0.0,0.0,20.490152798719862,False
1781562336.0881891,109.0206561088562,11.160188542001036,0.9025047572401933,0.027796325275087234,0.0,0.0,20.370119001682834,False
1781562336.1547682,109.08723521232605,11.167645072843888,0.9053664057945473,0.02779632160818572,0.0,0.0,20.266193751433367,False
1781562336.2241387,109.15660572052002,11.175107032690446,0.9082137231555035,0.027796317825169854,0.0,0.0,20.163122270730184,False
1781562336.2933166,109.22578358650208,11.184710131221616,0.9118541750018112,0.027796313383261134,0.0,0.0,20.031815094850707,False
1781562336.3559675,109.28843450546265,11.194329583386997,0.9154741818080154,0.02779630211186358,0.0,0.0,19.902614327140494,False
1781562336.4219925,109.35445952415466,11.201821527441243,0.9182753741453908,0.027796289719174153,0.0,0.0,19.803417220592834,False
1781562336.4906714,109.42313838005066,11.209320297353267,0.9210634131087952,0.02779627737051881,0.0,0.0,19.705269438956076,True
1781562336.5583212,109.49078822135925,11.218964165973329,0.9246262995503735,0.02779627423218081,0.0,0.0,19.581331827666027,False
1781562336.6441715,109.5766384601593,11.230756222716858,0.9289486654669954,0.027796293658954845,0.0,0.0,19.432826340572106,False
1781562336.7147882,109.64725518226624,11.238264338799327,0.931681490729556,0.02779631617165035,0.0,0.0,19.339702675695214,False
1781562336.789393,109.7218599319458,11.247923117966273,0.9351754361933375,0.02779634606675154,0.0,0.0,19.221253835883527,False
1781562336.8534577,109.78592467308044,11.257588511530425,0.938647713509105,0.027796362538064147,0.0,0.0,19.103999552385602,False
1781562336.924667,109.85713386535645,11.266185676369647,0.9417163087818204,0.02779635752467925,0.0,0.0,19.000598839313636,False
1781562336.9923387,109.92480564117432,11.273712615115057,0.9443877099117839,0.027796338951978753,0.0,0.0,18.910656138020542,False
1781562337.0512064,109.9836733341217,11.281243671586674,0.947046534220755,0.027796313991613694,0.0,0.0,18.821136241105346,False
1781562337.1133285,110.04579544067383,11.290932513975363,0.9504467372509522,0.027796287565001798,0.0,0.0,18.70656439165494,False
1781562337.1775537,110.1100206375122,11.29847301171765,0.9530772618012775,0.027796281124640367,0.0,0.0,18.617798270506082,False
1781562337.2365422,110.1690092086792,11.304939607834887,0.9553222813606207,0.027796287756730594,0.0,0.0,18.54191776030797,False
1781562337.2957077,110.22817468643188,11.312489135074832,0.9579306494365507,0.027796304989511796,0.0,0.0,18.453778267046548,False
1781562337.3570085,110.289475440979,11.322209136408578,0.9612690288523421,0.02779632267979323,0.0,0.0,18.341869666528353,False
1781562337.4344263,110.36689329147339,11.331941907476407,0.9645896321857294,0.027796321506349673,0.0,0.0,18.231361715188484,False
1781562337.4936063,110.4260733127594,11.338435536484768,0.9667929328807855,0.027796308727229876,0.0,0.0,18.158458485491316,False
1781562337.557785,110.49025201797485,11.343772287132103,0.9685972633071622,0.027796389119294475,0.0,0.0,18.098779713213613,False
1781562337.6207757,110.55324268341064,11.351280587886285,0.9711348534505505,0.02779777802900435,0.0,0.0,18.008883609812266,False
1781562337.6849508,110.61741781234741,11.35919656770732,0.9738105369252912,0.027800598584162943,0.0,0.0,17.905903721129313,False
1781562337.7764757,110.70894265174866,11.36719777781192,0.9765150076281927,0.027802695572038065,0.0,0.0,17.793946535907885,False
1781562337.8346844,110.76715135574341,11.370745857351563,0.9777140913305602,0.027802583973264273,0.0,0.0,17.74183973875017,False
1781562337.917603,110.85006999969482,11.375622230875056,0.9793617895724125,0.027801135615552003,0.0,0.0,17.667855122285317,False
1781562337.98189,110.91435694694519,11.38004344352846,0.9808555377222208,0.027799120129485783,0.0,0.0,17.598486982512163,False
1781562338.0433278,110.9757947921753,11.38364349651257,0.9820719678563372,0.027797896255458074,0.0,0.0,17.540250411962692,False
1781562338.1144865,111.04695343971252,11.386570172728605,0.9830610874891649,0.027797752706070728,0.0,0.0,17.491595607542585,False
1781562338.1811788,111.11364579200745,11.389314510485796,0.9839887906704428,0.02779848861107456,0.0,0.0,17.444912887225314,False
1781562338.2534382,111.18590521812439,11.39296738230933,0.9852237743337771,0.02780035169850276,0.0,0.0,17.381451061299824,False
1781562338.3157344,111.24820137023926,11.395701134300623,0.9861479010191037,0.027801615274319923,0.0,0.0,17.333167449157493,False
1781562338.375825,111.30829191207886,11.397657840038217,0.9868091827032358,0.02780200514255726,0.0,0.0,17.298238106885822,False
1781562338.439345,111.37181186676025,11.399849043107649,0.9875495222974418,0.027801712202326346,0.0,0.0,17.258774226679083,False
1781562338.515469,111.44793605804443,11.401356886352728,0.9880588902870923,0.027801082718751684,0.0,0.0,17.231405808909283,False
