epoch [s],elapsed [s],x [m],y [m],z [m],roll [deg],pitch [deg],yaw [deg],broadcast
1761922003.5204928,0.0744466781616211,3.566523293115585,2.2792503250396168,0.07330880830459152,0.0,0.0,50.86553560578312,False
1761922003.5794916,0.13344550132751465,3.5672709027269605,2.2801691286921786,0.0733088083047048,0.0,0.0,50.86553560578312,False
1761922003.6583095,0.2122633457183838,3.569875973763562,2.28337073116918,0.07330880830509606,0.0,0.0,50.86553560578312,False
1761922003.7426083,0.29656219482421875,3.5720947160002603,2.286097539974405,0.07330880830542508,0.0,0.0,50.86553560578312,False
1761922003.8203912,0.374345064163208,3.5735666879835324,2.287906576688379,0.07330880830564124,0.0,0.0,50.865535605783165,False
1761922003.8802736,0.43422746658325195,3.5746669241815385,2.289258754378481,0.0733088083058017,0.0,0.0,50.865535605783165,False
1761922003.9565172,0.5104711055755615,3.576493577069533,2.291503689863409,0.07330880830606608,0.0,0.0,50.86553560578312,False
1761922004.036551,0.5905048847198486,3.5784927702310414,2.2939606753689707,0.07330880830635252,0.0,0.0,50.86553560578312,False
1761922004.1078212,0.6617751121520996,3.5797595106242035,2.2955174848085154,0.07330880830653244,0.0,0.0,50.865535605783165,False
1761922004.1896982,0.7436521053314209,3.5813819750987483,2.2975114750711856,0.07330880830676115,0.0,0.0,50.86553560578312,False
1761922004.2672222,0.8211760520935059,3.5833555931456775,2.299937029053755,0.07330880830703673,0.0,0.0,50.865535605783165,False
1761922004.3323166,0.8862705230712891,3.584606197371214,2.3014740073280398,0.07330880830720987,0.0,0.0,50.865535605783165,False
1761922004.3923116,0.946265459060669,3.5856748663857023,2.302787389311029,0.07330880830735692,0.0,0.0,50.86553560578312,False
1761922004.4570708,1.0110247135162354,3.586917847104173,2.304314998382417,0.07330880830752692,0.0,0.0,50.86553560578312,False
1761922004.538395,1.0923488140106201,3.5890392248637957,2.3069221473600994,0.07330880830781449,0.0,0.0,50.86553560578312,False
1761922004.6166446,1.1705985069274902,3.5906224956039257,2.3088679689719265,0.07330880830802701,0.0,0.0,50.86553560578312,False
1761922004.6958597,1.2498135566711426,3.592024311595161,2.310590784774944,0.07330880830821371,0.0,0.0,50.86553560578312,False
1761922004.752754,1.3067078590393066,3.5932466581867413,2.3120930347406357,0.07330880830837537,0.0,0.0,50.86553560578312,False
1761922004.8077435,1.3616974353790283,3.5946388114304404,2.313803975137565,0.07330880830855822,0.0,0.0,50.86553560578312,False
1761922004.86946,1.4234139919281006,3.595852761318045,2.315295905650209,0.07330880830871657,0.0,0.0,50.865535605783165,False
1761922004.931303,1.4852569103240967,3.596890201406459,2.316570907640612,0.0733088083088511,0.0,0.0,50.865535605783165,False
1761922004.9955037,1.5494575500488281,3.5980969669324496,2.31805400865509,0.07330880830900666,0.0,0.0,50.865535605783165,False
1761922005.066883,1.6208369731903076,3.599814273961648,2.320164559331523,0.07330880830922633,0.0,0.0,50.865535605783165,False
1761922005.1513052,1.705259084701538,3.601523828367804,2.3222655821230003,0.07330880830944304,0.0,0.0,50.865535605783165,False
1761922005.239371,1.7933249473571777,3.6030558564655584,2.324148427114056,0.07330880830963558,0.0,0.0,50.865535605783165,False
1761922005.306315,1.8602688312530518,3.604412475404882,2.3258156962577616,0.0733088083098048,0.0,0.0,50.86553560578312,False
1761922005.3658335,1.9197874069213867,3.6059328850212555,2.3276842622682254,0.07330880830999299,0.0,0.0,50.865535605783165,False
1761922005.453967,2.007920980453491,3.6074472147501906,2.3295453561666397,0.07330880831017894,0.0,0.0,50.865535605783165,False
1761922005.5773106,2.1312644481658936,3.6096239443468314,2.3322205319182605,0.07330880831044363,0.0,0.0,50.865535605783165,False
1761922005.6574047,2.2113585472106934,3.6117686806034834,2.334857113197571,0.07330880829209341,0.0,0.0,50.887706978850794,False
1761922005.7254574,2.2794113159179688,3.6140234924201775,2.337632850707536,0.07330880827168461,0.0,0.0,50.93933207140483,False
1761922005.7879725,2.341926336288452,3.61577272593728,2.339790167186072,0.07330880825598413,0.0,0.0,50.988724651291065,False
1761922005.8914123,2.445366144180298,3.61984953694483,2.3448341137812916,0.07330880821984442,0.0,0.0,51.119553062546565,False
1761922005.9695203,2.5234742164611816,3.6242463605610826,2.3503017811369973,0.07330880818157476,0.0,0.0,51.27266584152692,False
1761922006.046451,2.600404977798462,3.6278277422954615,2.354777982652571,0.07330880815093982,0.0,0.0,51.40147919820665,False
1761922006.1137834,2.6677372455596924,3.631218463049759,2.359035084296627,0.07330880812237578,0.0,0.0,51.5249798201372,False
1761922006.1784768,2.7324306964874268,3.635378637157994,2.3642841341452514,0.07330880808790834,0.0,0.0,51.677301226345044,False
1761922006.240286,2.7942399978637695,3.6398331960069865,2.3699365294841015,0.07330880805170072,0.0,0.0,51.84043249436813,False
1761922006.298912,2.8528659343719482,3.643964179813247,2.375207983807806,0.07330880801876107,0.0,0.0,51.991210246347876,False
1761922006.366288,2.9202418327331543,3.648305278341666,2.380778378698429,0.073308807984799,0.0,0.0,52.14881729210061,False
1761922006.4511588,3.005112648010254,3.654856632752786,2.389244775760228,0.07330880793479305,0.0,0.0,52.38466753400043,False
1761922006.5132985,3.0672523975372314,3.661088379284797,2.397364945780154,0.0733088078885949,0.0,0.0,52.60656563269646,False
1761922006.573728,3.1276819705963135,3.666144234773792,2.404000713170879,0.07330880785207569,0.0,0.0,52.78479791323978,False
1761922006.6554675,3.209421396255493,3.6721354447187156,2.411919535686723,0.07330880780989467,0.0,0.0,52.9939508342218,False
1761922006.7406938,3.294647693634033,3.6807241251895,2.4233762832656898,0.07330880775145157,0.0,0.0,53.290049503995334,False
1761922006.823319,3.377272844314575,3.689691860355489,2.435470289304613,0.07330880769290761,0.0,0.0,53.59482518989117,False
1761922006.9035103,3.4574642181396484,3.6964350730929185,2.444652860130826,0.0733088076505066,0.0,0.0,53.82127360664407,False
1761922006.9676409,3.521594762802124,3.702478247287073,2.4529468210238328,0.07330880761365882,0.0,0.0,54.022378142295764,False
1761922007.029752,3.5837059020996094,3.7104315805059382,2.4639556886360854,0.07330880756678103,0.0,0.0,54.28460857322866,False
1761922007.1044846,3.6584384441375732,3.7185771582580576,2.475340836700942,0.07330880752062303,0.0,0.0,54.550548367624586,False
1761922007.1682642,3.7222180366516113,3.7241069124794266,2.48313355213567,0.07330880749032745,0.0,0.0,54.72970116873043,False
1761922007.2333071,3.7872610092163086,3.730652036524022,2.4924239918823603,0.07330880745552745,0.0,0.0,54.9404242512292,False
1761922007.3003876,3.854341506958008,3.7392051634802304,2.504674335336649,0.07330880741173451,0.0,0.0,55.213820330184234,False
1761922007.367762,3.9217159748077393,3.74790060978034,2.5172565777567892,0.07330880736910744,0.0,0.0,55.48971099343448,False
1761922007.4473548,4.0013086795806885,3.755738473365203,2.5287092806612286,0.07330880733226704,0.0,0.0,55.73682127345546,False
1761922007.5115242,4.065478086471558,3.7626729275937567,2.53893057232253,0.0733088073008846,0.0,0.0,55.95434861309947,False
1761922007.5735345,4.127488374710083,3.7706773112221783,2.5508331746251245,0.07330880726603078,0.0,0.0,56.204304202745796,False
1761922007.639773,4.1937267780303955,3.7797731718117142,2.564495571456424,0.07330880722814842,0.0,0.0,56.487061679438135,False
1761922007.7061687,4.260122537612915,3.786907123495523,2.5753138311493733,0.07330880719967728,0.0,0.0,56.70801318701697,False
1761922007.7837903,4.337744235992432,3.795116470953212,2.5878757563798436,0.0733088071682173,0.0,0.0,56.961524317560766,False
1761922007.8445985,4.398552417755127,3.8033785994174822,2.60064166558428,0.07330880713791578,0.0,0.0,57.2159978103931,False
1761922007.9121478,4.46610164642334,3.8127275903982474,2.6152377532289797,0.07330880710521367,0.0,0.0,57.5033145636715,False
1761922007.977399,4.531352996826172,3.820032584915657,2.6267554798103228,0.07330880708079063,0.0,0.0,57.72746637953496,False
1761922008.0665133,4.620467185974121,3.829460148208795,2.6417681010019427,0.07330880705067971,0.0,0.0,58.01645114485955,False
1761922008.161945,4.7158989906311035,3.8431312954269274,2.6638399975615674,0.07330880700970926,0.0,0.0,58.43526037046767,False
1761922008.2366138,4.790567636489868,3.8526212736065735,2.6793753931144746,0.07330880698305371,0.0,0.0,58.72604638164753,False
1761922008.294786,4.848739862442017,3.8578990245090465,2.688092401361301,0.07330880696883516,0.0,0.0,58.88785893136298,False
1761922008.3534021,4.907356023788452,3.8652915040693445,2.70039622296935,0.07330880694962265,0.0,0.0,59.11468693797941,False
1761922008.436312,4.990265846252441,3.877965292133118,2.721749595678837,0.07330880691851976,0.0,0.0,59.504247101311186,False
1761922008.504306,5.058259963989258,3.88640850955548,2.7361605525894306,0.0733088068990293,0.0,0.0,59.764399320245026,False
1761922008.565399,5.1193528175354,3.8927346036025563,2.747057029684051,0.07330880688504304,0.0,0.0,59.959722641195654,False
1761922008.632062,5.186015844345093,3.9001055684880828,2.7598620020325173,0.07330880686939009,0.0,0.0,60.187806999035075,False
1761922008.7227445,5.276698350906372,3.9137586379490257,2.783895882554789,0.07330880684214672,0.0,0.0,60.611922390865296,False
1761922008.828943,5.382896900177002,3.9263084087071203,2.8063585520946726,0.07330880681900301,0.0,0.0,61.00394757538578,False
1761922008.9016762,5.45563006401062,3.9336007499444983,2.819578669974383,0.07330880680634494,0.0,0.0,61.23283530514287,False
1761922008.9766958,5.530649662017822,3.9439769380823773,2.838607236575323,0.07330880678928574,0.0,0.0,61.56005080096924,False
1761922009.0380793,5.59203314781189,3.9522392362511822,2.8539462830441007,0.07330880677646726,0.0,0.0,61.82200063675233,False
1761922009.1223583,5.676312208175659,3.961489425489752,2.871321057161845,0.07330880676288397,0.0,0.0,62.116862198753346,False
1761922009.1981285,5.752082347869873,3.968648811385882,2.8849182351666696,0.07330880675290465,0.0,0.0,62.346309967473566,False
1761922009.2912164,5.845170259475708,3.981856952189458,2.91035546252216,0.07330880673565551,0.0,0.0,62.77265506011126,True
1761922009.351707,5.90566086769104,3.989924693223447,2.926123900177237,0.07330880672582467,0.0,0.0,63.03515191515768,False
1761922009.4169517,5.970905542373657,3.9969441581510763,2.9399900425450363,0.07330880671768508,0.0,0.0,63.2649090669187,False
1761922009.4941022,6.048056125640869,4.004919072230693,2.955913002358421,0.07330880670888623,0.0,0.0,63.52756368242386,False
1761922009.5686078,6.122561693191528,4.014813903311566,2.975926505010737,0.07330880669860361,0.0,0.0,63.8559831239013,False
1761922009.65054,6.204493999481201,4.0246234422956,2.9960571525924946,0.07330880668906951,0.0,0.0,64.18450234780222,False
1761922009.71481,6.268763780593872,4.030466854747985,3.008189709718555,0.07330880668368826,0.0,0.0,64.38165672918949,False
1761922009.778841,6.332794904708862,4.037242982274909,3.022394059780689,0.07330880667771547,0.0,0.0,64.61170698204722,False
1761922009.8610153,6.414969205856323,4.047799268153366,3.044819759916714,0.07330880666895895,0.0,0.0,64.97328685512831,False
1761922009.9261074,6.480061292648315,4.055404206711716,3.061206815694766,0.07330880666304569,0.0,0.0,65.23630374034242,False
1761922010.0036855,6.5576393604278564,4.062946734724441,3.0776567435879634,0.07330880665749238,0.0,0.0,65.4993579145214,False
1761922010.066616,6.620569944381714,4.0694942839190364,3.0921004391390925,0.07330880665291299,0.0,0.0,65.72955804389585,False
1761922010.141734,6.695687770843506,4.078761873283118,3.1128126271768544,0.0733088066467979,0.0,0.0,66.0584557307106,False
1761922010.2328146,6.786768436431885,4.08792632367101,3.133613798176191,0.07330880664115372,0.0,0.0,66.38739574877793,False
1761922010.3181672,6.872121095657349,4.096985665144545,3.1545006000351616,0.07330880663594752,0.0,0.0,66.71637301288334,False
1761922010.383807,6.937760829925537,4.105047691504549,3.1733693128945335,0.07330880663161088,0.0,0.0,67.01248068649295,False
1761922010.474944,7.028898000717163,4.1147818451825415,3.196518589095343,0.0733088066267275,0.0,0.0,67.37442191937774,False
1761922010.5558546,7.109808444976807,4.121777589678232,3.2134128701357842,0.07330880662344469,0.0,0.0,67.63767143488268,False
1761922010.6345427,7.1884965896606445,4.130421940859707,3.234597575723054,0.07330880661963718,0.0,0.0,67.96675376064961,False
1761922010.7177103,7.271664142608643,4.139800443105695,3.2579836823945985,0.07330880661580204,0.0,0.0,68.32876749726655,False
1761922010.7764447,7.3303985595703125,4.144857872846387,3.2707752341280294,0.07330880661385573,0.0,0.0,68.52623865207299,False
1761922010.8439631,7.397917032241821,4.150705919345846,3.2857295232448624,0.07330880661170718,0.0,0.0,68.75662900472979,False
1761922010.922447,7.476400852203369,4.159781040960959,3.309294385642938,0.07330880660858081,0.0,0.0,69.1186854091181,False
1761922010.9972544,7.551208257675171,4.167101035603789,3.328632316230413,0.07330880660623482,0.0,0.0,69.41492506348888,False
1761922011.0863562,7.640310049057007,4.174325653515929,3.3480204643216576,0.07330880660406569,0.0,0.0,69.71117400981232,False
1761922011.1473482,7.7013020515441895,4.179878424028022,3.363133933361085,0.07330880660249314,0.0,0.0,69.94159562985695,False
1761922011.209989,7.7639429569244385,4.186931829383752,3.382607855144146,0.07330880660060919,0.0,0.0,70.23785866993182,False
1761922011.2710264,7.82498025894165,4.192350664529741,3.397786369866943,0.07330880659924485,0.0,0.0,70.4682901828505,False
1761922011.3314834,7.885437250137329,4.1969483905079406,3.410818397369241,0.07330880659814173,0.0,0.0,70.66580588982063,False
1761922011.4061997,7.960153579711914,4.203010923834928,3.4282251705600975,0.07330880659676092,0.0,0.0,70.92916408057106,False
1761922011.47105,8.025003910064697,4.209738278029788,3.447848809133863,0.07330880659532321,0.0,0.0,71.22544689476867,False
1761922011.5340145,8.087968349456787,4.2156351004627055,3.4653275980522866,0.07330880659414135,0.0,0.0,71.48881327096701,False
1761922011.6047661,8.158720016479492,4.220730431684279,3.480648338686311,0.07330880659317679,0.0,0.0,71.71926154991559,False
1761922011.6931975,8.247151374816895,4.22790479713258,3.5025774428105496,0.07330880659190409,0.0,0.0,72.04847730675407,False
1761922011.7562287,8.310182571411133,4.234256004336798,3.5223551454607236,0.07330880659085726,0.0,0.0,72.34477502664558,False
1761922011.864436,8.418389797210693,4.242567774791024,3.5487847697575483,0.07330880658959496,0.0,0.0,72.73984322341119,False
1761922011.9294915,8.483445405960083,4.2473333907378885,3.5642325397894465,0.07330880658892383,0.0,0.0,72.97030181149653,False
1761922011.9919796,8.545933485031128,4.252704736551274,3.581913938039307,0.0733088065882114,0.0,0.0,73.23368477490544,False
1761922012.0719442,8.625898122787476,4.259305968866279,3.604054942672739,0.07330880658739718,0.0,0.0,73.56291579880491,False
1761922012.133571,8.687524795532227,4.263206301589726,3.617360008653506,0.07330880658694672,0.0,0.0,73.7604555296514,False
1761922012.2264323,8.780386209487915,4.270238897867333,3.6417914801990423,0.07330880658618957,0.0,0.0,74.12261364134022,False
1761922012.308348,8.86230182647705,4.277118330843488,3.666271911732128,0.07330880658551456,0.0,0.0,74.4847739806206,False
1761922012.3746157,8.928569555282593,4.281416180355461,3.681875167127136,0.07330880658512434,0.0,0.0,74.71524067539012,False
1761922012.4349523,8.988906145095825,4.285050435482987,3.695264391468184,0.07330880658481262,0.0,0.0,74.91278412869978,False
1761922012.5225332,9.076487064361572,4.291594035311358,3.7198464660701926,0.07330880658429195,0.0,0.0,75.27494836501803,False
1761922012.5812109,9.135164737701416,4.296255923454509,3.737752247312837,0.07330880658395171,0.0,0.0,75.53834144201778,False
1761922012.646182,9.200135946273804,4.300267865040036,3.753438610700323,0.07330880658367858,0.0,0.0,75.76881094373897,False
1761922012.7332866,9.287240505218506,4.305333733019355,3.773631993244698,0.07330880658335885,0.0,0.0,76.06512956704879,False
1761922012.817951,9.371904850006104,4.311383994607629,3.7983503036715476,0.07330880658301236,0.0,0.0,76.42729771669454,False
1761922012.916797,9.47075080871582,4.317278434589689,3.8231086461703434,0.0733088065827103,0.0,0.0,76.78946677576842,False
1761922012.9992058,9.553159713745117,4.3219850239583515,3.843394351862146,0.07330880658249324,0.0,0.0,77.0857875074862,False
1761922013.0734396,9.6273934841156,4.327595309390508,3.8682222159593267,0.07330880658226135,0.0,0.0,77.447957925128,False
1761922013.1364884,9.690442323684692,4.331083913226632,3.884040839768673,0.0733088065821314,0.0,0.0,77.67843033282902,False
1761922013.2280345,9.781988382339478,4.334993082927114,3.9021369561845476,0.07330880658199834,0.0,0.0,77.94182764606226,False
1761922013.2902079,9.844161748886108,4.338345445798797,3.9179861878155617,0.07330880658189454,0.0,0.0,78.1723005148967,False
1761922013.3541994,9.908153295516968,4.342562033635657,3.938384005509798,0.07330880658177712,0.0,0.0,78.46862304690502,False
1761922013.4434514,9.997405290603638,4.347123482000618,3.9610742173505527,0.07330880658166614,0.0,0.0,78.79787062610956,False
1761922013.5125756,10.066529512405396,4.3502389570528495,3.976973179993169,0.07330880658159963,0.0,0.0,79.02834411168479,False
1761922013.5908043,10.144758224487305,4.354578730594527,3.999707913883472,0.0733088065815193,0.0,0.0,79.35759217755454,False
1761922013.6531968,10.20715069770813,4.358372843747083,4.020190598998669,0.0733088065814605,0.0,0.0,79.65391564335143,False
1761922013.7186995,10.272653341293335,4.361250592505677,4.036135196880412,0.07330880658142287,0.0,0.0,79.88438957109953,False
1761922013.80925,10.363204002380371,4.364856311095702,4.056652401525049,0.07330880658138406,0.0,0.0,80.18071333234316,False
1761922013.894464,10.448417901992798,4.369498833210152,4.084037456390123,0.07330880658134749,0.0,0.0,80.57581189799366,False
1761922013.9707344,10.524688243865967,4.37285676296312,4.104597052133814,0.0733088065813303,0.0,0.0,80.8721359656463,False
1761922014.05377,10.607723951339722,4.375752299838199,4.122886679122629,0.07330880658132165,0.0,0.0,81.13553522803389,False
1761922014.140046,10.693999767303467,4.379253438431018,4.145767152154176,0.07330880658131878,0.0,0.0,81.46478441353491,False
1761922014.221507,10.775460958480835,4.3832811605616016,4.173249695294699,0.07330880658132573,0.0,0.0,81.85988357495968,False
1761922014.2871916,10.841145515441895,4.385543109476299,4.189293747486543,0.07330880658133446,0.0,0.0,82.09035814756575,False
1761922014.3664725,10.920426368713379,4.388049135630103,4.207640714992164,0.07330880658134824,0.0,0.0,82.35375770876385,False
1761922014.4508,11.004753828048706,4.391357131454941,4.232886071815747,0.0733088065813731,0.0,0.0,82.71593218284029,False
1761922014.5126686,11.066622495651245,4.393662665674332,4.251259080834428,0.07330880658139505,0.0,0.0,82.97933185053616,False
1761922014.594442,11.148395776748657,4.395883696684341,4.269642371292305,0.07330880658141987,0.0,0.0,83.24273155588182,False
1761922014.6840587,11.238012552261353,4.398799549589432,4.294935443415119,0.07330880658145816,0.0,0.0,83.6049062055389,False
1761922014.7630522,11.31700611114502,4.401555432362535,4.320246148699658,0.07330880658150063,0.0,0.0,83.96708091105617,False
1761922014.8405702,11.394524097442627,4.403459170946867,4.338664416038228,0.07330880658153377,0.0,0.0,84.23048072774527,False
1761922014.9058726,11.459826469421387,4.405055454964839,4.354787286229358,0.07330880658156413,0.0,0.0,84.46095558641782,False
1761922014.986787,11.540740966796875,4.407432805344275,4.380135544255093,0.07330880658161407,0.0,0.0,84.82313039652756,False
1761922015.0545967,11.608550548553467,4.409061102616701,4.3985795877498735,0.07330880658165186,0.0,0.0,85.08653028054952,False
1761922015.140374,11.69432783126831,4.4107915434871074,4.4193375902500485,0.07330880658169557,0.0,0.0,85.38285516983119,False
1761922015.2258222,11.779776096343994,4.41258829035662,4.442411875752618,0.0733088065817454,0.0,0.0,85.71210506868172,False
1761922015.3120131,11.865967035293579,4.414569285109339,4.470113638217861,0.07330880658180658,0.0,0.0,86.10720497393828,True
1761922015.3785586,11.932512521743774,4.415636618314635,4.48627886334895,0.07330880658184277,0.0,0.0,86.33767993052402,False
1761922015.4401264,11.994080305099487,4.4164997060199465,4.50013796006499,0.07330880658187404,0.0,0.0,86.53522989955557,False
1761922015.5009136,12.054867506027222,4.417576137068047,4.5186210350061735,0.07330880658191596,0.0,0.0,86.79862986646206,False
1761922015.5652966,12.119250535964966,4.418685527471619,4.539419891180697,0.07330880658196337,0.0,0.0,87.09495483938748,False
1761922015.6309493,12.184903144836426,4.419474000292312,4.555600387344637,0.07330880658200031,0.0,0.0,87.32542982503928,False
1761922015.7137725,12.267726421356201,4.4202953963919525,4.574095881977022,0.07330880658204254,0.0,0.0,87.58882981513028,False
1761922015.777079,12.331032991409302,4.4210317478031165,4.592594734357167,0.07330880658208472,0.0,0.0,87.8522298114963,False
1761922015.844523,12.398476839065552,4.421758471427733,4.613409470631504,0.073308806582132,0.0,0.0,88.14855481415105,False
1761922015.927473,12.48142695426941,4.422377526847425,4.634227406775217,0.07330880658217902,0.0,0.0,88.44487982319647,False
1761922015.9962244,12.550178289413452,4.422784568299343,4.65042099177113,0.07330880658221535,0.0,0.0,88.67535483420217,False
1761922016.0791159,12.63306975364685,4.423330786848176,4.678184393633391,0.07330880658227706,0.0,0.0,89.0704548602445,False
1761922016.1580465,12.712000370025635,4.423614800298677,4.699008736670367,0.0733088065823228,0.0,0.0,89.3667798850558,False
1761922016.2405193,12.79447317123413,4.423776836988776,4.717520053482741,0.073308806582363,0.0,0.0,89.63017991046553,False
1761922016.3313553,12.885309219360352,4.4238606810613215,4.742973586863464,0.07330880658241751,0.0,0.0,89.99235494998064,False
1761922016.421384,12.975337982177734,4.4237836301900995,4.7684267491540275,0.07330880658247105,0.0,0.0,90.35452999416053,False
1761922016.4902105,13.044164419174194,4.423626539518873,4.786937330202502,0.07330880658250935,0.0,0.0,90.61793002886827,False
1761922016.5540817,13.108035564422607,4.423419282753343,4.803133184217919,0.07330880658254241,0.0,0.0,90.84840506083005,False
1761922016.6412046,13.1951584815979,4.422912428523656,4.830894763773364,0.07330880658259804,0.0,0.0,91.24350511870485,False
1761922016.7212007,13.27515459060669,4.422406670638046,4.851713007431274,0.07330880658263889,0.0,0.0,91.53983016437961,False
1761922016.785134,13.339087963104248,4.422009689581424,4.865590129263536,0.07330880658266568,0.0,0.0,91.7373801957915,False
1761922016.8448627,13.398816585540771,4.421486079624366,4.881778125818293,0.07330880658269649,0.0,0.0,91.96785523332414,False
1761922016.917269,13.471222877502441,4.420625126490182,4.904899644970612,0.07330880658273967,0.0,0.0,92.29710528844241,False
1761922016.9773278,13.53128170967102,4.41994341703432,4.921081414979067,0.07330880658276931,0.0,0.0,92.52758032797315,False
1761922017.0599935,13.61394739151001,4.419084631468398,4.939571167039012,0.07330880658280256,0.0,0.0,92.79098037401006,False
1761922017.1304421,13.684396028518677,4.418140863094424,4.95805660196228,0.07330880658283517,0.0,0.0,93.05438042087764,False
1761922017.208812,13.762765884399414,4.41670446011195,4.9834663147424125,0.07330880658287894,0.0,0.0,93.41655548652989,False
1761922017.3016353,13.855589151382446,4.415259300670677,5.00655748902036,0.07330880658291766,0.0,0.0,93.74580554728777,False
1761922017.3833556,13.937309503555298,4.413845238553316,5.027331925753,0.07330880658295165,0.0,0.0,94.0421306027391,False
1761922017.461633,14.015586853027344,4.411971081551016,5.052712269429816,0.07330880658299208,0.0,0.0,94.40430567138363,False
1761922017.5200217,14.073975563049316,4.4106949319182585,5.068856878390061,0.07330880658301717,0.0,0.0,94.63478071551096,False
1761922017.603474,14.157427787780762,4.409156979598833,5.08730125913338,0.07330880658304524,0.0,0.0,94.89818076632095,False
1761922017.6685061,14.2224600315094,4.407534264212771,5.1057382286465485,0.07330880658307268,0.0,0.0,95.16158081749703,False
1761922017.7488205,14.302774429321289,4.405164693562141,5.131076251157092,0.0733088065831094,0.0,0.0,95.52375588839735,False
1761922017.8153496,14.369303464889526,4.403573425461138,5.147192312484888,0.07330880658313214,0.0,0.0,95.7542309338033,False
1761922017.8973587,14.45131254196167,4.401432291017181,5.167903177418258,0.07330880658316072,0.0,0.0,96.05055599247535,False
1761922017.9641085,14.518062353134155,4.399184090324505,5.188602525289901,0.0733088065831885,0.0,0.0,96.34688105144348,False
1761922018.0459108,14.599864721298218,4.39656059273871,5.211587625306439,0.07330880658321852,0.0,0.0,96.67613111727202,False
1761922018.1117375,14.665691375732422,4.394923120424481,5.225371221909681,0.07330880658323607,0.0,0.0,96.87368115690909,False
1761922018.1714656,14.725419521331787,4.392665928899921,5.243740306321284,0.073308806583259,0.0,0.0,97.13708120990597,False
1761922018.2289073,14.782861232757568,4.390025698118577,5.264392729904693,0.07330880658328412,0.0,0.0,97.43340626970999,False
1761922018.3151133,14.869067192077637,4.38696690390916,5.2873233335719005,0.07330880658331117,0.0,0.0,97.7626563363609,False
1761922018.387662,14.94161581993103,4.384747383075886,5.303364013416716,0.07330880658332961,0.0,0.0,97.99313138312992,False
1761922018.4666028,15.020556688308716,4.381464770219289,5.326263349146173,0.07330880658335524,0.0,0.0,98.32238145008691,False
1761922018.5298913,15.083845138549805,4.37839797312067,5.346856180360642,0.0733088065833776,0.0,0.0,98.6187065104782,False
1761922018.6144688,15.16842269897461,4.375224734482585,5.367432745773107,0.07330880658339932,0.0,0.0,98.91503157097854,False
1761922018.675229,15.229182958602905,4.3730501500326495,5.3811411496467665,0.07330880658341346,0.0,0.0,99.11258161136682,False
1761922018.7393517,15.29330563545227,4.370077219107622,5.399407118553263,0.07330880658343186,0.0,0.0,99.37598166527971,False
1761922018.806629,15.360582828521729,4.366632358764713,5.419939634231228,0.07330880658345197,0.0,0.0,99.67230672600803,False
1761922018.870476,15.424429893493652,4.363879648127254,5.435896809085627,0.07330880658346721,0.0,0.0,99.90278177329175,False
1761922018.9393003,15.4932541847229,4.361062783532578,5.451842713415303,0.0733088065834821,0.0,0.0,100.13325682061546,False
1761922019.0107906,15.564744472503662,4.357346907334452,5.472327617153657,0.07330880658350071,0.0,0.0,100.42958188151374,False
1761922019.0850399,15.638993740081787,4.353093986484514,5.495065611236671,0.07330880658352075,0.0,0.0,100.75883194924151,False
1761922019.1625454,15.716499328613281,4.349597633746465,5.513238083784445,0.07330880658353628,0.0,0.0,101.02223200346634,False
1761922019.2273383,15.781292200088501,4.346469834995126,5.529125602429552,0.07330880658354953,0.0,0.0,101.25270705094088,False
1761922019.2980888,15.85204267501831,4.3423545355537945,5.5495336129606,0.07330880658356612,0.0,0.0,101.54903211201434,False
1761922019.3823617,15.936315536499023,4.337181502933304,5.574447279137729,0.07330880658358566,0.0,0.0,101.91120718670653,False
1761922019.460186,16.014139890670776,4.333320454304964,5.59254542892164,0.07330880658359944,0.0,0.0,102.17460724105706,False
1761922019.5382493,16.09220314025879,4.328877395190332,5.612884299444162,0.07330880658361445,0.0,0.0,102.4709323022272,False
1761922019.6218724,16.17582631111145,4.322789832219039,5.639966398771594,0.07330880658363378,0.0,0.0,102.86603238382492,False
1761922019.6880734,16.242027282714844,4.319152574588621,5.65574462158517,0.07330880658364466,0.0,0.0,103.09650743144103,False
1761922019.7482326,16.302186489105225,4.315984439655169,5.669257036971384,0.0733088065836538,0.0,0.0,103.29405747226419,False
1761922019.8145552,16.36850905418396,4.311687836205872,5.687256392220605,0.07330880658366565,0.0,0.0,103.55745752670715,False
1761922019.8734825,16.427436351776123,4.307308546469908,5.705235744963517,0.07330880658367718,0.0,0.0,103.82085758116281,False
1761922019.941796,16.495749950408936,4.302846663131991,5.723194717046195,0.07330880658368838,0.0,0.0,104.08425763562988,False
1761922020.0316257,16.58557963371277,4.297728436839788,5.743373729029542,0.0733088065837006,0.0,0.0,104.38058269691757,False
1761922020.1055093,16.65946316719055,4.291919225854293,5.765763386711596,0.07330880658371375,0.0,0.0,104.70983276502864,False
1761922020.166075,16.7200288772583,4.287179296288705,5.783650787383762,0.0733088065837239,0.0,0.0,104.97323281952664,False
1761922020.2328932,16.78684711456299,4.282964451213083,5.799284203977958,0.07330880658373257,0.0,0.0,105.20370786721838,False
1761922020.2917051,16.845659017562866,4.2793017075706405,5.812670659587826,0.07330880658373981,0.0,0.0,105.4012579081009,False
1761922020.3528066,16.906760454177856,4.274346305917499,5.830499428633179,0.07330880658374925,0.0,0.0,105.66465796261662,False
1761922020.4472423,17.001196146011353,4.2667596809373975,5.857199309158055,0.07330880658376286,0.0,0.0,106.05975804440047,False
1761922020.5248017,17.078755617141724,4.261599738560479,5.874969834349723,0.07330880658377162,0.0,0.0,106.32315809892901,False
1761922020.6233659,17.177319765090942,4.253706809113675,5.901580594038763,0.07330880658378428,0.0,0.0,106.71825818072996,False
1761922020.7007167,17.2546706199646,4.246989342546019,5.923714148853351,0.07330880658379442,0.0,0.0,107.04750824890382,False
1761922020.7804923,17.33444619178772,4.241523875755281,5.9413929260987945,0.07330880658380226,0.0,0.0,107.31090830344661,False
1761922020.8465257,17.400479555130005,4.236674976842334,5.956841072748932,0.07330880658380892,0.0,0.0,107.54138335117398,False
1761922020.9096267,17.46358060836792,4.230349451692738,5.976674054238662,0.07330880658381726,0.0,0.0,107.83770841254065,False
1761922020.9986649,17.552618741989136,4.2232009133852815,5.998671943120226,0.07330880658382619,0.0,0.0,108.16695848072946,False
1761922021.0838044,17.637758255004883,4.216659257932072,6.018434583765575,0.07330880658383396,0.0,0.0,108.46328354210223,False
1761922021.167174,17.72112798690796,4.208525255328262,6.042542506964972,0.0733088065838431,0.0,0.0,108.82545861711647,True
1761922021.225071,17.779024839401245,4.203269803845694,6.0578569201148955,0.07330880658384872,0.0,0.0,109.05593366485441,False
1761922021.3083632,17.862317085266113,4.196422363265534,6.077515564433372,0.07330880658385575,0.0,0.0,109.3522587262335,False
1761922021.4051838,17.959137678146362,4.187134483292649,6.103671442481321,0.07330880658386477,0.0,0.0,109.74735880807485,False
1761922021.4954238,18.04937767982483,4.178462352334152,6.1275908269927575,0.07330880658387265,0.0,0.0,110.10953388309834,False
1761922021.5763698,18.13032364845276,4.172060482374145,6.144952033280442,0.0733088065838782,0.0,0.0,110.3729339376621,False
1761922021.6408937,18.194847583770752,4.165578877545176,6.162283598522338,0.07330880658388358,0.0,0.0,110.63633399222677,False
1761922021.7051976,18.259151458740234,4.15819193458446,6.181745724170341,0.07330880658388944,0.0,0.0,110.93265905361297,False
1761922021.7701917,18.324145555496216,4.152377012673979,6.196856344895176,0.07330880658389385,0.0,0.0,111.16313410135835,False
1761922021.8314726,18.38542652130127,4.147344455237899,6.20978958536101,0.07330880658389756,0.0,0.0,111.36068414228342,False
1761922021.9158738,18.46982765197754,4.138857873286719,6.23130615029782,0.07330880658390354,0.0,0.0,111.6899342104927,False
1761922021.997153,18.551106929779053,4.130247801678892,6.252773556131481,0.0733088065839093,0.0,0.0,112.01918427870278,False
1761922022.0669572,18.620911121368408,4.123271022680761,6.269911610817969,0.07330880658391375,0.0,0.0,112.28258433327132,False
1761922022.1312768,18.68523073196411,4.117101773944252,6.284880944560363,0.07330880658391756,0.0,0.0,112.51305938101913,False
1761922022.2005756,18.75452947616577,4.109081501141518,6.304090531247231,0.07330880658392228,0.0,0.0,112.80938444240962,False
1761922022.2757435,18.829697370529175,4.100961997750005,6.323258356158921,0.07330880658392684,0.0,0.0,113.10570950380061,False
1761922022.3413393,18.89529323577881,4.094578363448153,6.338137464460588,0.0733088065839303,0.0,0.0,113.33618455154925,False
1761922022.416124,18.970077991485596,4.0872095704665705,6.3551105376646655,0.0733088065839341,0.0,0.0,113.59958460611962,False
1761922022.4842625,19.03821635246277,4.077888991098129,6.37627892174747,0.07330880658393873,0.0,0.0,113.92883467433296,False
1761922022.5439556,19.097909450531006,4.07129228808973,6.391064739396845,0.07330880658394187,0.0,0.0,114.15930972208241,False
1761922022.632055,19.1860089302063,4.062723520833623,6.410035857171766,0.07330880658394577,0.0,0.0,114.45563478347482,False
1761922022.6960938,19.25004768371582,4.055024567427816,6.426861654588762,0.07330880658394913,0.0,0.0,114.71903483804611,False
1761922022.7635057,19.31745958328247,4.046270900118839,6.445748121255598,0.07330880658395278,0.0,0.0,115.01535989943915,False
1761922022.8270628,19.381016731262207,4.039395037234762,6.4604061336496175,0.07330880658395555,0.0,0.0,115.24583494718921,False
1761922022.9082162,19.462170124053955,4.031464790609372,6.477124107430715,0.07330880658395862,0.0,0.0,115.5092350017608,False
1761922022.9704385,19.5243923664093,4.023457779117845,6.493805433383629,0.07330880658396159,0.0,0.0,115.77263505633239,False
1761922023.0684936,19.62244749069214,4.0102830969380845,6.520833518135295,0.07330880658396624,0.0,0.0,116.20066014501188,False
1761922023.1282818,19.682235717773438,4.004134459485109,6.533274648805617,0.07330880658396831,0.0,0.0,116.39821018594091,False
1761922023.1963003,19.750254154205322,3.9969068896712847,6.547762394043416,0.07330880658397065,0.0,0.0,116.62868523369178,False
1761922023.2808285,19.834782361984253,3.9854317088252453,6.57046976507562,0.07330880658397423,0.0,0.0,116.9908603087288,False
1761922023.359776,19.913729906082153,3.9748753673121753,6.591049495851374,0.07330880658397734,0.0,0.0,117.32011037694429,False
1761922023.4373922,19.99134612083435,3.966345261721806,6.607469379050866,0.07330880658397974,0.0,0.0,117.58351043151659,False
1761922023.5153549,20.069308757781982,3.9566587882817688,6.62589463624772,0.07330880658398237,0.0,0.0,117.87983549291054,False
1761922023.5796933,20.133647203445435,3.9468771593782703,6.644269536765964,0.07330880658398489,0.0,0.0,118.17616055430449,False
1761922023.649342,20.203295946121216,3.9381027058996882,6.660560110002082,0.07330880658398706,0.0,0.0,118.43956060887689,False
1761922023.7111259,20.265079736709595,3.9314727729560257,6.67275146755175,0.07330880658398865,0.0,0.0,118.63711064980612,False
1761922023.7736218,20.32757568359375,3.9236847834249544,6.686945717781401,0.07330880658399047,0.0,0.0,118.86758569755689,False
1761922023.8386354,20.392589330673218,3.9135878727264135,6.705149224463635,0.07330880658399273,0.0,0.0,119.16391075895073,False
1761922023.9053426,20.459296464920044,3.904533915718955,6.721286081808126,0.07330880658399466,0.0,0.0,119.42731081352335,False
1761922023.9834626,20.537416458129883,3.8954058752934078,6.7373811371666505,0.07330880658399655,0.0,0.0,119.69071086809606,False
1761922024.048337,20.602290868759155,3.8862039442915424,6.753434050695378,0.07330880658399837,0.0,0.0,119.95411092266887,False
1761922024.127939,20.68189287185669,3.8734309970794474,6.775437374597992,0.07330880658400078,0.0,0.0,120.3162859977064,False
1761922024.2163537,20.770307540893555,3.8628771251263707,6.793379741755744,0.07330880658400268,0.0,0.0,120.61261105910076,False
1761922024.297706,20.851659774780273,3.8522306052224478,6.811267276625316,0.07330880658400453,0.0,0.0,120.90893612049511,False
1761922024.3900957,20.9440495967865,3.8378916187031913,6.835031202364169,0.07330880658400689,0.0,0.0,121.30403620235418,False
1761922024.4610844,21.01503825187683,3.8282414078077593,6.850818634308592,0.0733088065840084,0.0,0.0,121.567436256927,False
1761922024.5586085,21.11256241798401,3.8160767550398034,6.870490254706459,0.0733088065840102,0.0,0.0,121.896686325143,False
1761922024.6189723,21.17292618751526,3.8050320819417442,6.888134677546682,0.07330880658401179,0.0,0.0,122.19301138653735,False
1761922024.6800215,21.233975410461426,3.796378781873675,6.9018184819566,0.07330880658401298,0.0,0.0,122.42348643428852,False
1761922024.747744,21.301697969436646,3.787670511118966,6.915467362854227,0.07330880658401415,0.0,0.0,122.65396148203969,False
1761922024.821265,21.375218868255615,3.7776510713829565,6.931023037301416,0.07330880658401544,0.0,0.0,122.9173615366124,False
1761922024.9074259,21.461379766464233,3.762488098208671,6.9542697631087975,0.0733088065840173,0.0,0.0,123.31246161847169,False
1761922024.9723547,21.52630853652954,3.7535691251089784,6.967781876662837,0.07330880658401834,0.0,0.0,123.54293666622296,False
1761922025.058716,21.612669944763184,3.7420221385680654,6.985101680038902,0.07330880658401964,0.0,0.0,123.83926172761731,False
1761922025.1247244,21.678678274154663,3.7303857357138988,7.002361526485931,0.07330880658402089,0.0,0.0,124.13558678901197,False
1761922025.1901233,21.74407720565796,3.7199674524620714,7.017652904961933,0.07330880658402197,0.0,0.0,124.39898684358478,False
1761922025.2623804,21.81633424758911,3.7094789852374146,7.032896222477391,0.07330880658402303,0.0,0.0,124.6623868981578,False
1761922025.327609,21.88156294822693,3.7002441778039006,7.0461944471491025,0.0733088065840239,0.0,0.0,124.89286194590908,False
1761922025.387578,21.941531896591187,3.6896247141007517,7.061346783313782,0.0733088065840249,0.0,0.0,125.1562620004819,False
1761922025.457823,22.0117769241333,3.6775947032161764,7.078334594506766,0.07330880658402597,0.0,0.0,125.45258706187656,False
1761922025.5268044,22.080758333206177,3.6681773839622127,7.091504184842992,0.07330880658402679,0.0,0.0,125.68306210962814,False
1761922025.592142,22.146095991134644,3.660063288683375,7.1027621753987695,0.07330880658402747,0.0,0.0,125.88061215055798,False
1761922025.6852129,22.239166736602783,3.645086831903552,7.123328887845304,0.07330880658402866,0.0,0.0,126.24278722559592,False
1761922025.7477117,22.301665544509888,3.6313593057092377,7.1419434084510725,0.0733088065840297,0.0,0.0,126.57203729381231,False
1761922025.848634,22.402587890625,3.614745421578128,7.164176238518837,0.07330880658403091,0.0,0.0,126.9671373756719,False
1761922025.935573,22.489526987075806,3.603584499087866,7.178934245174967,0.07330880658403169,0.0,0.0,127.23053743024491,False
1761922026.0201497,22.574103593826294,3.5881276970407363,7.199142403386652,0.07330880658403272,0.0,0.0,127.59271250528296,False
1761922026.0844,22.63835382461548,3.5753864159879942,7.215603410246513,0.07330880658403352,0.0,0.0,127.88903756667771,False
1761922026.159663,22.713616847991943,3.5639894976205513,7.230179922233393,0.07330880658403423,0.0,0.0,128.15243762125093,False
1761922026.236917,22.790870904922485,3.552525691041345,7.2447038836496604,0.07330880658403488,0.0,0.0,128.41583767582406,False
1761922026.2961192,22.850073099136353,3.5424401814428284,7.25736900075063,0.07330880658403545,0.0,0.0,128.64631272357533,False
1761922026.3741477,22.928101539611816,3.526488823198071,7.277189071253952,0.07330880658403632,0.0,0.0,129.00848779861337,False
1761922026.4552927,23.009246587753296,3.5148093101600724,7.2915401299458,0.07330880658403693,0.0,0.0,129.2718878531866,False
1761922026.5174828,23.071436643600464,3.5045357110201865,7.304053145321,0.07330880658403746,0.0,0.0,129.50236290093807,False
1761922026.6060297,23.15998363494873,3.488290023632813,7.323632674066876,0.07330880658403824,0.0,0.0,129.8645379759761,False
1761922026.672932,23.22688579559326,3.4749062561838144,7.339575647985425,0.07330880658403885,0.0,0.0,130.1608630373709,False
1761922026.7608817,23.31483554840088,3.4614402157870274,7.355449187436865,0.07330880658403945,0.0,0.0,130.45718809876564,False
1761922026.8223727,23.37632656097412,3.450909979211132,7.367746997814093,0.07330880658403988,0.0,0.0,130.68766314651702,False
1761922026.883919,23.437872886657715,3.4372985664258278,7.383496051340897,0.07330880658404046,0.0,0.0,130.98398820791166,False
1761922026.9428604,23.496814250946045,3.426655708612929,7.39569652064544,0.07330880658404088,0.0,0.0,131.21446325566305,False
1761922027.0330837,23.587037563323975,3.4129000739390083,7.411319757230549,0.0733088065840414,0.0,0.0,131.5107883170576,True
1761922027.1142116,23.66816544532776,3.4006051551438667,7.425147190328216,0.07330880658404185,0.0,0.0,131.77418837163043,False
1761922027.1954606,23.749414443969727,3.3820439165025036,7.445781993045304,0.07330880658404249,0.0,0.0,132.1692884534899,False
1761922027.2706645,23.824618339538574,3.366467824188199,7.462879552974934,0.07330880658404303,0.0,0.0,132.498538521706,False
1761922027.3410056,23.894959449768066,3.35550622413944,7.474794451997162,0.07330880658404337,0.0,0.0,132.72901356945738,False
1761922027.4223123,23.976266145706177,3.3413424701793453,7.49004864724436,0.0733088065840438,0.0,0.0,133.02533863085193,False
1761922027.5060136,24.059967517852783,3.322335107133961,7.510273235497188,0.07330880658404437,0.0,0.0,133.42043871271122,False
1761922027.579329,24.133282899856567,3.309586248689375,7.523683267935149,0.07330880658404473,0.0,0.0,133.68383876728413,False
1761922027.672498,24.226451873779297,3.2935637055934026,7.5403631555653705,0.07330880658404518,0.0,0.0,134.01308883550033,False
1761922027.7549841,24.308938026428223,3.2758285292467058,7.558604346110234,0.07330880658404562,0.0,0.0,134.37526391053805,False
1761922027.8158267,24.36978054046631,3.2644826141290477,7.570153862108904,0.0733088065840459,0.0,0.0,134.60573895828944,False
1761922027.8741992,24.428153038024902,3.256349991169917,7.578375527020532,0.07330880658404611,0.0,0.0,134.77036399239742,False
1761922027.9633143,24.517268180847168,3.2383752827756815,7.5963807215955335,0.07330880658404651,0.0,0.0,135.13253906743526,False
1761922028.0225444,24.57649827003479,3.223584285243427,7.611027496831708,0.07330880658404684,0.0,0.0,135.42886412882973,False
1761922028.0842652,24.638219118118286,3.2120279226767594,7.622366430320185,0.07330880658404709,0.0,0.0,135.659339176581,False
1761922028.1462123,24.70016622543335,3.2020862341431835,7.632048450471523,0.07330880658404731,0.0,0.0,135.85688921751074,False
1761922028.227163,24.78111696243286,3.187111257981743,7.646507064880276,0.0733088065840476,0.0,0.0,136.1532142789052,False
1761922028.3034906,24.857444524765015,3.1687072739194986,7.664073225489732,0.07330880658404798,0.0,0.0,136.51538935394302,False
1761922028.3839946,24.93794846534729,3.153567120426003,7.678358778813772,0.07330880658404823,0.0,0.0,136.8117144153375,False
1761922028.4622397,25.016193628311157,3.1400473398494513,7.690991163739493,0.07330880658404851,0.0,0.0,137.0751144699104,False
1761922028.5397358,25.093689680099487,3.1230661842418743,7.706694022322583,0.07330880658404877,0.0,0.0,137.4043645381265,False
1761922028.6174088,25.17136263847351,3.10599507445468,7.722299038730118,0.07330880658404906,0.0,0.0,137.73361460634268,False
1761922028.6822941,25.236248016357422,3.0939920766016864,7.733164058076114,0.07330880658404924,0.0,0.0,137.96408965409398,False
1761922028.761283,25.315236806869507,3.080220979557617,7.745521983046797,0.07330880658404945,0.0,0.0,138.22748970866678,False
1761922028.8230813,25.37703514099121,3.066393217219458,7.757816468465207,0.07330880658404967,0.0,0.0,138.4908897632397,False
1761922028.8967335,25.450687408447266,3.0507696157493074,7.771571611036582,0.07330880658404987,0.0,0.0,138.78721482463416,False
1761922028.96596,25.519913911819458,3.0368224114068196,7.783730426450105,0.07330880658405008,0.0,0.0,139.0506148792072,False
1761922029.033504,25.58745789527893,3.0245728665938922,7.794316696095367,0.07330880658405024,0.0,0.0,139.28108992695846,False
1761922029.1284583,25.682412147521973,3.0034749167221055,7.812349654010482,0.0733088065840505,0.0,0.0,139.67619000881774,False
1761922029.1987205,25.752674341201782,2.987570124356561,7.825778661625428,0.07330880658405069,0.0,0.0,139.9725150702123,False
1761922029.284111,25.838064908981323,2.973374391386706,7.837646361929443,0.07330880658405085,0.0,0.0,140.2359151247851,False
1761922029.3528976,25.906851530075073,2.9573391730458938,7.8509193552444545,0.07330880658405103,0.0,0.0,140.53224018617965,False
1761922029.4151673,25.96912121772766,2.941235524374814,7.864109239039254,0.07330880658405121,0.0,0.0,140.8285652475742,False
1761922029.5032883,26.057242155075073,2.923262847546875,7.878666762356893,0.0733088065840514,0.0,0.0,141.1578153157902,False
1761922029.573184,26.127137899398804,2.9106323411524313,7.888795462450234,0.07330880658405152,0.0,0.0,141.38829036354159,False
1761922029.6329696,26.186923503875732,2.897961194316793,7.89887327355405,0.07330880658405164,0.0,0.0,141.61876541129286,False
1761922029.6965108,26.25046467781067,2.88161033326868,7.911755421287223,0.0733088065840518,0.0,0.0,141.91509047268733,False
1761922029.756066,26.310019969940186,2.8688470649234166,7.921716303743228,0.07330880658405191,0.0,0.0,142.1455655204386,False
1761922029.8292954,26.383249282836914,2.856043832229419,7.9316257645637025,0.07330880658405203,0.0,0.0,142.37604056818986,False
1761922029.9013026,26.455256462097168,2.8413628961288113,7.942887691741051,0.07330880658405216,0.0,0.0,142.6394406227628,False
1761922029.9650226,26.51897644996643,2.8247851594917104,7.9554765325427725,0.07330880658405228,0.0,0.0,142.93576568415725,False
1761922030.079903,26.633856773376465,2.8007251063117953,7.973508664965397,0.07330880658405248,0.0,0.0,143.36379077283817,False
1761922030.1447873,26.69874119758606,2.7877140900675412,7.983143682091222,0.07330880658405257,0.0,0.0,143.59426582058953,False
1761922030.2254026,26.779356479644775,2.76719019662666,7.998178462852779,0.07330880658405271,0.0,0.0,143.95644089562717,False
1761922030.3070922,26.861046075820923,2.7503275004450773,8.010382954018823,0.07330880658405282,0.0,0.0,144.25276595702172,False
1761922030.375774,26.929727792739868,2.7371685650522126,8.019814945589642,0.07330880658405292,0.0,0.0,144.483241004773,False
1761922030.432923,26.986876964569092,2.723971795904183,8.029193928309256,0.073308806584053,0.0,0.0,144.7137160525243,False
1761922030.5128279,27.066781759262085,2.7031580899845085,8.043824865505908,0.07330880658405313,0.0,0.0,145.0758911275619,False
1761922030.5830796,27.137033462524414,2.689865015988033,8.053066845002759,0.07330880658405321,0.0,0.0,145.3063661753132,False
1761922030.6672096,27.221163511276245,2.67271948321461,8.064870688134542,0.07330880658405331,0.0,0.0,145.60269123670764,False
1761922030.7261033,27.280057191848755,2.6574279385660655,8.075288427990726,0.0733088065840534,0.0,0.0,145.86609129128055,False
1761922030.8119404,27.365894317626953,2.6363241961859862,8.089497811987728,0.0733088065840535,0.0,0.0,146.2282663663183,False
1761922030.8913472,27.445301055908203,2.620919821609482,8.099747975278243,0.07330880658405359,0.0,0.0,146.4916664208911,False
1761922030.9565005,27.510454416275024,2.6074024618575,8.108658694653041,0.07330880658405366,0.0,0.0,146.7221414686424,False
1761922031.0371227,27.591076612472534,2.586088783460944,8.122551194646988,0.07330880658405375,0.0,0.0,147.08431654368013,False
1761922031.095808,27.64976191520691,2.5724799793431803,8.131321619956756,0.07330880658405381,0.0,0.0,147.31479159143132,False
1761922031.1834793,27.737433195114136,2.554931299422811,8.142517319709672,0.07330880658405389,0.0,0.0,147.61111665282587,False
1761922031.2599354,27.813889265060425,2.5353651523422673,8.15485035189346,0.07330880658405399,0.0,0.0,147.94036672104195,False
1761922031.3202186,27.87417244911194,2.5196614091436746,8.16463569617923,0.07330880658405403,0.0,0.0,148.20376677561478,False
1761922031.3900046,27.943958520889282,2.5058838570709865,8.173138573701783,0.07330880658405409,0.0,0.0,148.43424182336605,False
1761922031.4597018,28.01365566253662,2.4920722135321967,8.181585961581813,0.07330880658405416,0.0,0.0,148.66471687111732,False
1761922031.520912,28.07486581802368,2.4762460201116463,8.19117199736501,0.0733088065840542,0.0,0.0,148.92811692569015,False
1761922031.6100094,28.163963317871094,2.452424519908205,8.205414380629847,0.0733088065840543,0.0,0.0,149.3232170075494,False
1761922031.677454,28.23140788078308,2.438483479001839,8.213646464731434,0.07330880658405434,0.0,0.0,149.5536920553007,False
1761922031.7555246,28.309478521347046,2.422510464746436,8.222985804054913,0.07330880658405438,0.0,0.0,149.8170921098735,False
1761922031.834014,28.387967824935913,2.40047781096712,8.235707295425401,0.07330880658405446,0.0,0.0,150.17926718491125,False
1761922031.9086413,28.462595224380493,2.3823915701956206,8.246012032079866,0.07330880658405452,0.0,0.0,150.4755922463057,False
1761922031.993656,28.54760980606079,2.366270359069437,8.255093164219783,0.07330880658405456,0.0,0.0,150.73899230087852,False
1761922032.064333,28.618286848068237,2.348084315990735,8.265220726363292,0.07330880658405461,0.0,0.0,151.03531736227308,False
1761922032.1325836,28.686537504196167,2.3379584002780933,8.270806467362522,0.07330880658405464,0.0,0.0,151.19994239638106,False
1761922032.212017,28.765970945358276,2.327816477240962,8.27636309102534,0.07330880658405467,0.0,0.0,151.36456743048905,False
1761922032.290755,28.844708919525146,2.3176586306052265,8.281890551480046,0.0733088065840547,0.0,0.0,151.52919246459706,False
1761922032.353467,28.907420873641968,2.309520944653393,8.286291491661858,0.07330880658405471,0.0,0.0,151.66089249188352,False
1761922032.4415298,28.99548363685608,2.299334646948642,8.291766343513933,0.07330880658405475,0.0,0.0,151.82551752599161,False
1761922032.5112584,29.06521224975586,2.264584389258498,8.310161479362897,0.07330880658405482,0.0,0.0,152.38524264195888,False
1761922032.5898612,29.14381504058838,2.2543296930394976,8.315507118787213,0.07330880658405486,0.0,0.0,152.54986767606687,False
1761922032.668696,29.222649812698364,2.2461149038045396,8.319762402261029,0.07330880658405486,0.0,0.0,152.68156770335335,False
1761922032.7455359,29.299489736557007,2.2214121533460416,8.332414800725173,0.07330880658405492,0.0,0.0,153.0766677852126,False
1761922032.86455,29.418503999710083,2.194553083892213,8.345928979124277,0.07330880658405499,0.0,0.0,153.50469287389353,False
1761922032.9345117,29.488465547561646,2.1841959084048646,8.351073253589878,0.073308806584055,0.0,0.0,153.66931790800152,False
1761922033.012763,29.56671690940857,2.1738239949700873,8.356187748089116,0.07330880658405503,0.0,0.0,153.83394294210962,True
1761922033.1181018,29.67205572128296,2.13636440103137,8.374352700055184,0.0733088065840551,0.0,0.0,154.42659306489853,False
1761922033.1807585,29.73471236228943,2.128014661717298,8.378336673116554,0.0733088065840551,0.0,0.0,154.55829309218498,False
1761922033.261914,29.81586790084839,2.1196557869479027,8.382301442949998,0.07330880658405511,0.0,0.0,154.68999311947135,False
1761922033.3351283,29.889082193374634,2.084029679130161,8.398936993780122,0.07330880658405518,0.0,0.0,155.24971823543862,False
1761922033.4192584,29.973212242126465,2.073520655442721,8.403763488346188,0.0733088065840552,0.0,0.0,155.4143432695466,False
1761922033.5060759,30.06002974510193,2.0608915866215938,8.409515394609887,0.07330880658405522,0.0,0.0,155.61189331047626,False
1761922033.5835688,30.13752269744873,2.0313471872516637,8.4227669224619,0.07330880658405527,0.0,0.0,156.0728434059788,False
1761922033.6765115,30.230465412139893,2.0144171147113434,8.430232370144488,0.0733088065840553,0.0,0.0,156.33624346055163,False
1761922033.757363,30.311316967010498,2.0038184594030186,8.434858721442216,0.0733088065840553,0.0,0.0,156.5008684946596,False
1761922033.851043,30.404996871948242,1.974072020382809,8.447650274959868,0.07330880658405534,0.0,0.0,156.96181859016218,False
1761922033.9267097,30.480663537979126,1.957028160153,8.454852155168428,0.07330880658405536,0.0,0.0,157.22521864473498,False
1761922034.0083888,30.562342643737793,1.946359003292151,8.459313512220506,0.07330880658405539,0.0,0.0,157.389843678843,False
1761922034.1031334,30.657087326049805,1.9185596309826645,8.470769397219735,0.07330880658405542,0.0,0.0,157.8178687675239,False
1761922034.173413,30.72736692428589,1.897117710315177,8.47944011676593,0.07330880658405543,0.0,0.0,158.1471188357399,False
1761922034.254243,30.808196783065796,1.8863781537319846,8.483729234840384,0.07330880658405545,0.0,0.0,158.31174386984787,False
1761922034.3314245,30.88537836074829,1.87562631782892,8.487987477819486,0.07330880658405545,0.0,0.0,158.47636890395597,False
1761922034.3949928,30.948946714401245,1.8432980223203308,8.500576605924143,0.0733088065840555,0.0,0.0,158.97024400628007,False
1761922034.4871194,31.041073322296143,1.830336521849166,8.505534153551743,0.0733088065840555,0.0,0.0,159.1677940472096,False
1761922034.5662382,31.120192050933838,1.8195222665801134,8.509631285121776,0.07330880658405553,0.0,0.0,159.3324190813176,False
1761922034.6628597,31.216813564300537,1.782666612793649,8.523328786949566,0.07330880658405554,0.0,0.0,159.89214419728498,False
1761922034.7372274,31.291181325912476,1.7718014260935755,8.52728887769196,0.07330880658405557,0.0,0.0,160.056769231393,False
1761922034.8430793,31.397033214569092,1.7587482498236733,8.531999753920465,0.07330880658405557,0.0,0.0,160.25431927232262,False
1761922034.9242635,31.478217363357544,1.7216769814160198,8.54510249346132,0.0733088065840556,0.0,0.0,160.8140443882899,False
1761922035.0164058,31.570359706878662,1.710749485436295,8.548887256121212,0.07330880658405561,0.0,0.0,160.97866942239787,False
1761922035.1272593,31.68121314048767,1.6932430042432995,8.55487752442739,0.07330880658405563,0.0,0.0,161.2420694769707,False
1761922035.217676,31.771629810333252,1.6559513716389145,8.567339258539324,0.07330880658405566,0.0,0.0,161.80179459293797,False
1761922035.296565,31.850518941879272,1.6449602554418143,8.570935083584454,0.07330880658405566,0.0,0.0,161.96641962704595,False
1761922035.3735597,31.927513599395752,1.63395885295162,8.574499313610206,0.07330880658405567,0.0,0.0,162.13104466115405,False
1761922035.468415,32.02236890792847,1.6119255524651002,8.581532871167038,0.0733088065840557,0.0,0.0,162.46029472937005,False
1761922035.5433292,32.097283124923706,1.5854327844373448,8.589805836787807,0.07330880658405571,0.0,0.0,162.85539481122933,False
1761922035.6427305,32.19668436050415,1.572165164747121,8.593873762328382,0.07330880658405571,0.0,0.0,163.05294485215896,False
1761922035.7254858,32.27943968772888,1.5322792561594147,8.605802731196455,0.07330880658405572,0.0,0.0,163.64559497494778,False
1761922035.808116,32.362069845199585,1.5211781357213545,8.60904305711924,0.07330880658405574,0.0,0.0,163.81022000905577,False
1761922035.907545,32.461498975753784,1.510067750875767,8.612251473423106,0.07330880658405575,0.0,0.0,163.97484504316375,False
1761922035.9709089,32.52486276626587,1.4722243801879429,8.62292105041564,0.07330880658405575,0.0,0.0,164.53457015913105,False
1761922036.0586236,32.61257743835449,1.4610743226204674,8.625988753281774,0.07330880658405577,0.0,0.0,164.69919519323915,False
1761922036.1421516,32.69610548019409,1.4476826875957676,8.629627689152793,0.07330880658405578,0.0,0.0,164.89674523416866,False
1761922036.2480953,32.80204916000366,1.4096725477025407,8.639687004048124,0.07330880658405581,0.0,0.0,165.45647035013593,False
1761922036.3500562,32.90401005744934,1.3939930713747297,8.643721062830608,0.07330880658405581,0.0,0.0,165.68694539788711,False
1761922036.4485824,33.00253629684448,1.3805406961145323,8.647128604372387,0.07330880658405581,0.0,0.0,165.88449543881674,False
1761922036.5220964,33.07605028152466,1.3446110824948458,8.655988416413022,0.07330880658405584,0.0,0.0,166.4112955479624,False
1761922036.609362,33.163315773010254,1.3333665412278675,8.658689318477833,0.07330880658405584,0.0,0.0,166.57592058207038,False
1761922036.6806786,33.23463249206543,1.324365349731068,8.66082677117028,0.07330880658405582,0.0,0.0,166.70762060935684,False
1761922036.761439,33.31539297103882,1.297332629475899,8.667114910053822,0.07330880658405585,0.0,0.0,167.10272069121612,False
1761922036.8708844,33.42483830451965,1.270257190638134,8.673216488731637,0.07330880658405585,0.0,0.0,167.49782077307538,False
1761922036.947807,33.501760959625244,1.2589634559052505,8.675703682720119,0.07330880658405585,0.0,0.0,167.66244580718327,False
1761922037.0571377,33.61109161376953,1.2273035261514644,8.6824950745172,0.07330880658405586,0.0,0.0,168.12339590268573,False
1761922037.1569042,33.71085810661316,1.2046563472230807,8.687190017562164,0.07330880658405586,0.0,0.0,168.45264597090173,False
1761922037.2529907,33.806944608688354,1.1910552213954713,8.689944488120947,0.07330880658405588,0.0,0.0,168.65019601183135,False
1761922037.327941,33.88189482688904,1.154739957007052,8.697060310241959,0.07330880658405589,0.0,0.0,169.17699612097698,False
1761922037.4119728,33.96592664718628,1.1433781900820061,8.699215496479441,0.07330880658405589,0.0,0.0,169.341621155085,False
1761922037.484452,34.038405895233154,1.132010273959247,8.699999979823158,0.07330880655977828,0.0,0.0,169.50624618919085,False
1761922037.5459194,34.099873304367065,1.1160850510902969,8.699999980385037,0.07330880656183664,0.0,0.0,169.73672123694223,False
1761922037.6626973,34.21665120124817,1.0796413843772303,8.699999981318507,0.07330880656379707,0.0,0.0,170.26352134608805,False
1761922037.7387893,34.29274320602417,1.068240793174478,8.699999981612489,0.07330880656439934,0.0,0.0,170.42814638019607,False
1761922037.814624,34.36857795715332,1.0545527987913654,8.699999981966656,0.07330880656511497,0.0,0.0,170.6256964211257,False
1761922037.8975644,34.451518297195435,1.0202990723621153,8.699999982858522,0.07330880656686753,0.0,0.0,171.11957152344988,False
1761922037.9954944,34.54944825172424,1.0065845131695983,8.699999983217769,0.07330880656755291,0.0,0.0,171.31712156437953,False
1761922038.106642,34.66059589385986,0.9653981485205082,8.699999984303716,0.07330880656955031,0.0,0.0,171.90977168716844,False
1761922038.1899264,34.74388027191162,0.9516556753054253,8.699999984668334,0.07330880657019528,0.0,0.0,172.10732172809807,False
1761922038.2667317,34.820685625076294,0.9401985883913377,8.699999984973152,0.07330880657072436,0.0,0.0,172.27194676220617,False
1761922038.3477242,34.90167808532715,0.9287370333639441,8.699999985278835,0.07330880657124558,0.0,0.0,172.43657179631427,False
1761922038.4361813,34.990135192871094,0.8897355990548774,8.699999986324373,0.0733088065729563,0.0,0.0,172.99629691228154,False
1761922038.5197241,35.0736780166626,0.8759590130392191,8.699999986695593,0.07330880657353644,0.0,0.0,173.19384695321128,False
1761922038.606049,35.16000294685364,0.8644741861828356,8.699999987005784,0.07330880657401008,0.0,0.0,173.35847198731926,False
1761922038.69621,35.25016379356384,0.8230976704278452,8.699999988128539,0.07330880657563854,0.0,0.0,173.95112211010817,False
1761922038.773481,35.3274347782135,0.8115959514596894,8.699999988442023,0.07330880657606888,0.0,0.0,174.1157471442162,False
1761922038.860732,35.41468596458435,0.8000908260627022,8.699999988756172,0.07330880657648935,0.0,0.0,174.28037217832428,False
1761922038.9489455,35.502899408340454,0.7793733193444911,8.699999989323258,0.0733088065772208,0.0,0.0,174.57669723971873,False
1761922039.0281816,35.58213543891907,0.7471260665033889,8.699999990209315,0.073308806578292,0.0,0.0,175.0376473352213,False
1761922039.1219704,35.67592430114746,0.7332987954980269,8.69999999059043,0.07330880657872559,0.0,0.0,175.23519737615092,False
1761922039.1875553,35.741509199142456,0.7240783966450958,8.699999990844942,0.07330880657900599,0.0,0.0,175.36689740343738,False
1761922039.2822406,35.83619451522827,0.6825660486785027,8.699999991994291,0.07330880658018013,0.0,0.0,175.9595475262262,False
1761922039.3612022,35.91515612602234,0.6710292663161878,8.699999992314652,0.07330880658048033,0.0,0.0,176.1241725603343,False
1761922039.4798405,36.03379440307617,0.657182171177938,8.699999992699668,0.07330880658082542,0.0,0.0,176.32172260126393,False
1761922039.565535,36.11948895454407,0.6133135703707008,8.699999993922734,0.07330880658180708,0.0,0.0,176.94729773087448,False
1761922039.662343,36.216296911239624,0.5994547716801054,8.699999994310065,0.07330880658208141,0.0,0.0,177.1448477718041,False
1761922039.739661,36.293614864349365,0.5879039451825273,8.699999994633204,0.07330880658229678,0.0,0.0,177.30947280591212,False
1761922039.8189652,36.3729190826416,0.5486200390414442,8.699999995734075,0.07330880658293779,0.0,0.0,177.86919792187948,False
1761922039.914715,36.468668937683105,0.5347515281557624,8.699999996123333,0.07330880658313005,0.0,0.0,178.06674796280913,True
1761922039.994345,36.548298835754395,0.523193195734186,8.699999996447962,0.0733088065832766,0.0,0.0,178.23137299691712,False
1761922040.1036823,36.6576361656189,0.4815753926391467,8.69999999761819,0.07330880658370044,0.0,0.0,178.82402311970603,False
1761922040.1847146,36.73866844177246,0.4700131330897657,8.699999997943605,0.07330880658378922,0.0,0.0,178.988648153814,False
1761922040.281323,36.83527684211731,0.4561376558820142,8.69999999833426,0.073308806583879,0.0,0.0,179.18619819474367,False
1761922040.3566973,36.910651206970215,0.41682066077943114,8.699999999441753,0.07330880658403408,0.0,0.0,179.74592331071102,False
1761922040.4552672,37.00922107696533,0.40294347437851097,8.699999999832757,0.07330880658405366,0.0,0.0,179.94347335164068,False
1761922040.5310965,37.08505034446716,0.3913791093191682,8.700000000158607,0.07330880658405595,0.0,0.0,180.1080983857486,False
1761922040.5979433,37.15189719200134,0.37056347434852954,8.700000000745097,0.07330880658402796,0.0,0.0,180.40442344714282,False
1761922040.6733534,37.22730731964111,0.34512323067794487,8.700000001461717,0.07330880658393771,0.0,0.0,180.76659852218023,False
1761922040.7368646,37.29081845283508,0.3358727129901102,8.700000001722215,0.07330880658388964,0.0,0.0,180.89829854946655,False
1761922040.838986,37.3929398059845,0.32199757684339736,8.700000002112837,0.0733088065838023,0.0,0.0,181.09584859039603,False
1761922040.9100387,37.46399259567261,0.28500213548635717,8.700000003153548,0.07330880658348052,0.0,0.0,181.62264869954134,False
1761922040.9741921,37.52814602851868,0.27575465841269087,8.700000003413459,0.07330880658337996,0.0,0.0,181.75434872682763,False
1761922041.0561273,37.6100811958313,0.2641962333068409,8.700000003738166,0.07330880658324301,0.0,0.0,181.91897376093556,False
1761922041.1659884,37.71994233131409,0.22028517742758988,8.70000000496992,0.07330880658260959,0.0,0.0,182.5445488905456,False
1761922041.2778912,37.83184504508972,0.20411251182845228,8.700000005422734,0.07330880658233155,0.0,0.0,182.77502393829664,False
1761922041.368803,37.9227569103241,0.1902527266504121,8.700000005810368,0.07330880658207434,0.0,0.0,182.97257397922615,False
1761922041.4528713,38.00682520866394,0.15099735662772876,8.70000000690594,0.07330880658125201,0.0,0.0,183.53229909519305,False
1761922041.5458152,38.099769115448,0.13714797745519294,8.700000007291548,0.07330880658092925,0.0,0.0,183.72984913612254,False
1761922041.6254342,38.17938804626465,0.1256091988172537,8.700000007612426,0.0733088065806475,0.0,0.0,183.89447417023044,False
1761922041.7031538,38.257107734680176,0.11637979620758372,8.700000007868812,0.07330880658041382,0.0,0.0,184.02617419751675,False
1761922041.7834132,38.33736705780029,0.07486666536374005,8.700000009018813,0.07330880657927269,0.0,0.0,184.61882432030524,False
1761922041.862974,38.41692781448364,0.06334120445695139,8.700000009337097,0.07330880657893017,0.0,0.0,184.78344935441316,False
1761922041.9412503,38.49520421028137,0.05181851437409628,8.700000009654842,0.0733088065785768,0.0,0.0,184.94807438852106,False
1761922042.0187387,38.57269263267517,0.017268020211595403,8.70000001060466,0.07330880657745278,0.0,0.0,185.4419494908448,False
1761922042.0988882,38.65284204483032,0.005757364445501059,8.700000010920066,0.07330880657705728,0.0,0.0,185.6065745249527,False
1761922042.162388,38.716341972351074,-0.0034488274563776963,8.700000011171939,0.07330880657673355,0.0,0.0,185.738274552239,False
1761922042.250435,38.804388999938965,-0.01725411345588979,8.70000001154897,0.07330880657623592,0.0,0.0,185.9358245931685,False
1761922042.350762,38.90471577644348,-0.0563416751001453,8.700000012611921,0.07330880657474975,0.0,0.0,186.49554970913542,False
1761922042.4486778,39.00263166427612,-0.06782991423635008,8.700000012922986,0.0733088065742919,0.0,0.0,186.66017474324335,False
1761922042.5412126,39.09516644477844,-0.11144927018702659,8.70000001409809,0.07330880657247026,0.0,0.0,187.28574987285342,False
1761922042.622279,39.17623281478882,-0.12291814711072346,8.700000014405424,0.07330880657197023,0.0,0.0,187.45037490696131,False
1761922042.6998067,39.25376057624817,-0.1343827155368441,8.700000014711925,0.07330880657146197,0.0,0.0,187.61499994106924,False
1761922042.8123538,39.366307735443115,-0.16874962354888873,8.70000001562628,0.07330880656988967,0.0,0.0,188.10887504339297,False
1761922042.904562,39.458515882492065,-0.19163761887058217,8.700000016231389,0.073308806568804,0.0,0.0,188.43812511160883,False
1761922042.9891324,39.5430862903595,-0.2030743500377002,8.700000016532552,0.07330880656825053,0.0,0.0,188.60275014571673,False
1761922043.0784795,39.63243341445923,-0.21679185842718182,8.700000016892695,0.07330880656757746,0.0,0.0,188.8003001866462,False
1761922043.157358,39.71131181716919,-0.2556178385824362,8.700000017905412,0.07330880656562075,0.0,0.0,189.36002530261317,False
1761922043.2456768,39.799630641937256,-0.2670255215520253,8.70000001820104,0.07330880656503222,0.0,0.0,189.5246503367211,False
1761922043.336816,39.890769958496094,-0.2807074752289249,8.700000018554412,0.07330880656431876,0.0,0.0,189.72220037765058,False
1761922043.420134,39.974087953567505,-0.3171527411884646,8.700000019489178,0.07330880656238077,0.0,0.0,190.24900048679595,False
1761922043.506645,40.060598850250244,-0.3308042736325148,8.700000019836795,0.07330880656164193,0.0,0.0,190.44655052772546,False
1761922043.5863087,40.140262603759766,-0.34217392857642687,8.699827425418325,0.07330880661282223,0.0,0.0,190.61117556183024,False
1761922043.6952684,40.24922227859497,-0.38305335559593595,8.691949719133898,0.07330880658405604,0.0,0.0,191.2038256846197,False
1761922043.7755673,40.32952117919922,-0.394394090374008,8.689686469603826,0.07330880658405604,0.0,0.0,191.36845071872756,False
1761922043.8587027,40.41265654563904,-0.4057282754690876,8.687390644707472,0.07330880658405604,0.0,0.0,191.53307575283543,False
1761922043.9345605,40.48851442337036,-0.44421425378249085,8.679341433678262,0.07330880658405604,0.0,0.0,192.09280086880224,False
1761922044.0177593,40.57171320915222,-0.4555185094059833,8.676902505952985,0.07330880658405604,0.0,0.0,192.25742590291014,False
1761922044.1104727,40.66442656517029,-0.46907429627141084,8.673932934300971,0.07330880658405604,0.0,0.0,192.4549759438396,False
1761922044.2119381,40.765892028808594,-0.5096790968488337,8.664744035918723,0.07330880658405604,0.0,0.0,193.04762606662797,False
1761922044.3183856,40.872339487075806,-0.5254438365167731,8.661057227724239,0.07330880658405604,0.0,0.0,193.278101114379,False
1761922044.4138613,40.96781516075134,-0.5389445749364509,8.657846655294202,0.07330880658405606,0.0,0.0,193.47565115530847,False
1761922044.4858558,41.039809703826904,-0.5771355845691034,8.648497478532217,0.07330880658405604,0.0,0.0,194.03537627127528,False
1761922044.5643253,41.118279218673706,-0.5883506692783645,8.645676762586728,0.07330880658405604,0.0,0.0,194.20000130538318,False
1761922044.6623895,41.21634340286255,-0.5995576030859614,8.642823834599461,0.07330880658405606,0.0,0.0,194.36462633949105,False
1761922044.739601,41.29355478286743,-0.6107562934724635,8.639938718122908,0.07330880658405604,0.0,0.0,194.52925137359895,False
1761922044.8540125,41.40796637535095,-0.6554667728168442,8.628076847670417,0.07330880658405604,0.0,0.0,195.1877515100305,False
1761922044.9460115,41.49996542930603,-0.6688530255907417,8.624418166258998,0.07330880658405604,0.0,0.0,195.38530155095995,False
1761922045.05616,41.610113859176636,-0.6911351587939537,8.618217868735686,0.07330880658405603,0.0,0.0,195.71455161917572,False
1761922045.1383896,41.69234347343445,-0.7215091115717713,8.609325214989198,0.07329529749514266,0.0,0.0,196.17550783512797,False
1761922045.2418032,41.79575705528259,-0.7325614679485414,8.605436456441513,0.07329476027889922,0.0,0.0,196.37305875510253,False
1761922045.3424914,41.89644527435303,-0.7601460444569592,8.595513496142289,0.07329438772613382,0.0,0.0,196.8669354895651,False
1761922045.4411242,41.99507808685303,-0.7766639004932004,8.589422306619072,0.07329415076416261,0.0,0.0,197.16326153104544,False
1761922045.5486069,42.1025607585907,-0.8008043178628198,8.584891008335552,0.07135597646836651,0.0,0.0,197.40787667576052,False
1761922045.6592894,42.21324324607849,-0.8008060278116461,8.575050841772171,0.07135508435069532,0.0,0.0,197.86920485139518,False
1761922045.7378755,42.291829347610474,-0.8008071949152727,8.567870430334066,0.07135427860379875,0.0,0.0,198.19872127145373,False
1761922045.8347695,42.388723373413086,-0.800807876626341,8.563501605537196,0.0713537832751504,0.0,0.0,198.39643058116494,False
1761922045.9456832,42.49963712692261,-0.8002852801211205,8.547351527147539,0.07162182425701703,0.0,0.0,199.07964566508625,False
1761922046.0356834,42.5896372795105,-0.8008035436258849,8.545601113882025,0.07135170375007992,0.0,0.0,199.19288328086955,False
1761922046.118993,42.67294692993164,-0.8007949619396405,8.541043870547114,0.07135125955213621,0.0,0.0,199.3982182365957,False
1761922046.1808856,42.73483943939209,-0.800789379841311,8.53798067202653,0.07135095467796612,0.0,0.0,199.53510541437055,False
1761922046.2862694,42.84022331237793,-0.8002831581700864,8.522675812364055,0.07146606090987509,0.0,0.0,200.12942555759906,False
1761922046.3860793,42.940033197402954,-0.8007901628127901,8.519040557796616,0.07134886519664269,0.0,0.0,200.32809529935787,False
1761922046.4971855,43.05113935470581,-0.8002820496835784,8.501680410996075,0.07135222745064664,0.0,0.0,200.98287537612106,False
1761922046.559099,43.11305284500122,-0.8002819735542919,8.498375655617329,0.07133528619209073,0.0,0.0,201.11421996363427,False
1761922046.6402717,43.194225549697876,-0.80079433260557,8.496022661918966,0.07134615528292673,0.0,0.0,201.25026835299192,False
1761922046.7049284,43.25888228416443,-0.8001746003108803,8.471858300534981,0.07314001302095002,0.0,0.0,202.0810730918546,False
1761922046.768778,43.32273197174072,-0.8002538425146128,8.464180282606463,0.06840203399321523,0.0,0.0,202.43613887778324,False
1761922046.8639185,43.41787242889404,-0.8006271447290498,8.455506577244437,0.0711658978514827,0.0,0.0,202.6723456981358,False
1761922046.9348865,43.48884034156799,-0.8006275514245961,8.44830564539311,0.07116126964099588,0.0,0.0,202.9353542719079,True
1761922047.0130222,43.56697607040405,-0.800327208646506,8.438987752305524,0.06843175517413955,0.0,0.0,203.35801993169338,False
1761922047.0805883,43.63454222679138,-0.8001494215636719,8.42869035234237,0.07321819622392395,0.0,0.0,203.6605395660849,False
1761922047.1495013,43.703455209732056,-0.800382823250783,8.424162535068128,0.06844013677479535,0.0,0.0,203.88483764116037,False
1761922047.2466445,43.80059838294983,-0.8006294249506639,8.414934783580732,0.07114106169512292,0.0,0.0,204.11883795120914,False
1761922047.3499017,43.90385556221008,-0.8001310627569738,8.398349049766006,0.073273271815439,0.0,0.0,204.71329985664966,False
1761922047.4557035,44.00965738296509,-0.8002750702686576,8.38995723261692,0.07105881930225125,0.0,0.0,205.05952516278964,False
1761922047.5401866,44.09414052963257,-0.8001191979819645,8.378757735146689,0.07330771385916521,0.0,0.0,205.37125882873696,False
1761922047.6319919,44.18594574928284,-0.8005672457707207,8.36983237334283,0.06846900688357274,0.0,0.0,205.7286725191703,False
1761922047.7070138,44.26096773147583,-0.8006323539029269,8.359907118348719,0.07111184790932487,0.0,0.0,205.95965139255367,False
1761922047.785405,44.33935880661011,-0.8006327660376112,8.351738952984512,0.07110791426475976,0.0,0.0,206.22261144050896,False
1761922047.858696,44.41264986991882,-0.8006525130843061,8.341255492873715,0.06848309897925778,0.0,0.0,206.65057757345534,False
1761922047.9398897,44.49384355545044,-0.8006337904925516,8.33098528918531,0.07109834272504022,0.0,0.0,206.87999619204865,False
1761922048.0113516,44.56530547142029,-0.8000842582024931,8.321357210692748,0.0734040621599071,0.0,0.0,207.21346817900738,False
1761922048.0910735,44.64502739906311,-0.8006345962677711,8.314041038208412,0.07109096214443072,0.0,0.0,207.40588865919423,False
1761922048.1775627,44.73151659965515,-0.8006351948917023,8.301134680391185,0.07108558710907803,0.0,0.0,207.80029867264022,False
1761922048.2830071,44.83696103096008,-0.8002854318167815,8.29058970681192,0.07103568176990799,0.0,0.0,208.21617813613528,False
1761922048.389882,44.943835973739624,-0.800055127894364,8.273656118318737,0.0734793621530646,0.0,0.0,208.66083607009523,False
1761922048.4783964,45.032350301742554,-0.8000469166343444,8.260254016057743,0.07349978478044414,0.0,0.0,209.0555595596858,False
1761922048.5468323,45.100786209106445,-0.8008597454368057,8.254501059781894,0.0685227473149786,0.0,0.0,209.28452105886157,False
1761922048.6342692,45.188223123550415,-0.8000357882534969,8.242124720993282,0.07352692144590635,0.0,0.0,209.5818483178674,False
1761922048.7030962,45.25705003738403,-0.8002844917703794,8.23222556349435,0.07102788457959347,0.0,0.0,209.92401961055472,False
1761922048.7693322,45.323286056518555,-0.8002844482331204,8.222968370318886,0.07102692884584386,0.0,0.0,210.18682302498848,False
1761922048.8482635,45.402217388153076,-0.8006388614691119,8.215491634710038,0.07105476079478304,0.0,0.0,210.29803350820612,False
1761922048.9177203,45.47167420387268,-0.8002843728287945,8.204233084608365,0.07102551371249849,0.0,0.0,210.71249605022368,False
1761922048.9826689,45.536622762680054,-0.8009825776157301,8.19412013617281,0.068548006648209,0.0,0.0,210.99653659715588,False
1761922049.0631945,45.61714839935303,-0.800035828819577,8.181148400783387,0.07377799302022704,0.0,0.0,211.2944297841584,False
1761922049.1240933,45.67804718017578,-0.8002842398245662,8.175580783285861,0.07102469829708888,0.0,0.0,211.50116692694843,False
1761922049.2135887,45.767542600631714,-0.8006408235782585,8.162871394932814,0.07102769680782457,0.0,0.0,211.74242185836903,False
1761922049.2931614,45.84711527824402,-0.8010621373326489,8.150509841704057,0.06856507297316718,0.0,0.0,212.18175811468336,False
1761922049.372039,45.92599296569824,-0.8010794071213637,8.140619989291404,0.06856885202875414,0.0,0.0,212.4451379521799,False
1761922049.4568763,46.01083016395569,-0.8006420181200767,8.128244954422444,0.07101063813624958,0.0,0.0,212.66132075429704,False
1761922049.5245545,46.078508377075195,-0.8011219638379715,8.115581712058685,0.06857828146128443,0.0,0.0,213.10358302935506,False
1761922049.589377,46.143330812454224,-0.8002841367388104,8.106192637587384,0.07102528685350867,0.0,0.0,213.34170936562757,False
1761922049.6584306,46.21238446235657,-0.8006914727547122,8.097695835865096,0.0709930914644375,0.0,0.0,213.39989588237228,False
1761922049.723335,46.27728891372681,-0.8000972131863268,8.08648296537859,0.07442757538918351,0.0,0.0,213.80131512020967,False
1761922049.7918198,46.345773696899414,-0.8002825287077636,8.075377649411353,0.07102978961044999,0.0,0.0,214.1301595034749,False
1761922049.866907,46.4208607673645,-0.8011986787586985,8.064172384559853,0.0685962375920553,0.0,0.0,214.42046346050833,False
1761922049.950701,46.50465488433838,-0.8012148935218318,8.053679087591677,0.06859999455407419,0.0,0.0,214.68383481184878,False
1761922050.0328212,46.586775064468384,-0.8012309775847585,8.043115831642973,0.06860374805603499,0.0,0.0,214.94720498857168,False
1761922050.1121674,46.66612124443054,-0.8001430584554974,8.023393535270102,0.0748697923002723,0.0,0.0,215.3850702183945,False
1761922050.2066307,46.760584592819214,-0.8002839451869324,8.011861524871266,0.07103253161093544,0.0,0.0,215.7088634473934,False
1761922050.3059905,46.859944343566895,-0.8007583462682183,7.997030807299677,0.07094393853311694,0.0,0.0,215.81027818709964,False
1761922050.3724084,46.92636227607727,-0.8002847872212868,7.984657273264565,0.07103530228957244,0.0,0.0,216.3669204951391,False
1761922050.4768972,47.03085112571716,-0.8007609643552155,7.969540535927316,0.07092826971243818,0.0,0.0,216.45548437850985,False
1761922050.5487034,47.102657318115234,-0.8007615985072933,7.958425342730009,0.07092198766343867,0.0,0.0,216.71374717538805,False
1761922050.6272604,47.181214332580566,-0.8012975178259927,7.944935878433083,0.0686368126189926,0.0,0.0,217.3175025248495,False
1761922050.734714,47.28866791725159,-0.8004861114953332,7.9240264747772065,0.07622573298611326,0.0,0.0,217.75566406228916,False
1761922050.8167906,47.370744466781616,-0.8005196209302188,7.9126481978922385,0.07636437519918701,0.0,0.0,218.01908492540412,False
1761922050.8846498,47.43860363960266,-0.8002871843697886,7.900490400218941,0.07104587121114592,0.0,0.0,218.34040447161468,False
1761922050.9581912,47.512145042419434,-0.8013151706630466,7.888012406853409,0.06865500837046554,0.0,0.0,218.63427787266502,False
1761922051.049977,47.603930950164795,-0.8013187387430685,7.87642736369121,0.06865866158968002,0.0,0.0,218.89762828355995,False
1761922051.1157796,47.66973352432251,-0.8006587148321599,7.860625657755917,0.07695622768328104,0.0,0.0,219.20454822955116,False
1761922051.179708,47.73366189002991,-0.8007291584666898,7.849583382103701,0.07083422250448673,0.0,0.0,219.20039853510647,False
1761922051.293636,47.84758996963501,-0.8007232840693698,7.831853122339278,0.07082152802731619,0.0,0.0,219.593871027705,False
1761922051.3711638,47.92511773109436,-0.8002902068859761,7.818547290834713,0.07105685849777357,0.0,0.0,220.18233410920197,False
1761922051.4514725,48.00542640686035,-0.8007132964963654,7.8019776206298195,0.07080135039030507,0.0,0.0,220.25001128538202,False
1761922051.543228,48.09718179702759,-0.8013458653110884,7.787446054685654,0.06868622968345406,0.0,0.0,220.8727020467706,False
1761922051.6386554,48.19260931015015,-0.8002921231447582,7.770287191748726,0.0710630608364547,0.0,0.0,221.23496081768505,False
1761922051.7131977,48.26715159416199,-0.8013556631401965,7.7631022052621175,0.06869894490474668,0.0,0.0,221.39938294823386,False
1761922051.7777915,48.33174538612366,-0.8006922407921705,7.741022698866367,0.07076345161382261,0.0,0.0,221.56381608007115,False
1761922051.8654666,48.41942048072815,-0.8006859518053784,7.722425710139855,0.07075277751834887,0.0,0.0,221.95795756517458,False
1761922051.9362695,48.49022340774536,-0.8006817342344746,7.709949211203031,0.07074594351410235,0.0,0.0,222.22081513343906,False
1761922052.011578,48.565531969070435,-0.8009789993411752,7.696711942029031,0.07844132135295437,0.0,0.0,222.773510975066,False
1761922052.0741913,48.62814521789551,-0.8021978093299315,7.684047421457107,0.0707328472107854,0.0,0.0,223.08307261764548,False
1761922052.1413348,48.69528865814209,-0.8013320531972555,7.668113705301046,0.0797559142720096,0.0,0.0,223.38720359493396,False
1761922052.2694874,48.82344126701355,-0.8003320391899101,7.653280961337199,0.0709909284873473,0.0,0.0,223.70317950909802,False
1761922052.3558524,48.90980625152588,-0.8008920318821767,7.631497348982919,0.07122492556894923,0.0,0.0,224.16770578578976,False
1761922052.4403608,48.994314670562744,-0.8002059472731063,7.615463366237122,0.07168423466040764,0.0,0.0,224.5050592486191,False
1761922052.5109115,49.06486535072327,-0.8003271451375675,7.603277668447463,0.07099317559513038,0.0,0.0,224.72014612642897,False
1761922052.5751293,49.12908315658569,-0.8014213654946831,7.5875411694841945,0.07977757907727093,0.0,0.0,225.00528504934059,False
1761922052.6574368,49.21139073371887,-0.8008994769238181,7.572850856370439,0.07122936278086521,0.0,0.0,225.35318147722822,False
1761922052.7480383,49.30199217796326,-0.8005318737042971,7.556380817727428,0.0711775750894039,0.0,0.0,225.64984788393133,False
1761922052.8231292,49.37708306312561,-0.8009034282985065,7.543072098053955,0.07123221196254087,0.0,0.0,225.9459266752784,False
1761922052.888654,49.44260787963867,-0.8005750109440634,7.525001427795568,0.06972823995734337,0.0,0.0,225.4629240211637,False
1761922052.9874532,49.541407108306885,-0.8009202128665617,7.509702285020785,0.07121031623704635,0.0,0.0,226.60337335934773,False
1761922053.079502,49.633455991744995,-0.8014279043275603,7.487762164438684,0.08009665486331664,0.0,0.0,226.97935065200386,False
1761922053.1432424,49.69719624519348,-0.8005519147314526,7.474562173102811,0.06972929475117201,0.0,0.0,226.47053745434937,False
1761922053.2408903,49.79484415054321,-0.7989969961623523,7.45082476323753,0.07089954934453518,0.0,0.0,227.67267730555233,False
1761922053.3225589,49.8765127658844,-0.8009300070178375,7.441730327151129,0.07121982746691602,0.0,0.0,227.92071828491888,False
1761922053.3832362,49.93719005584717,-0.8014139320337418,7.42633337395412,0.0802181168232175,0.0,0.0,228.16479095712782,True
1761922053.4665587,50.02051258087158,-0.8009229582454916,7.4106343470842235,0.07125291660268043,0.0,0.0,228.51414794884604,False
1761922053.565247,50.11920094490051,-0.8003127618053073,7.390800507707069,0.0709803426347699,0.0,0.0,228.87112854105638,False
1761922053.6464725,50.20042634010315,-0.8013938848919412,7.374272625512517,0.08028675823853985,0.0,0.0,229.15202379298032,False
1761922053.7319071,50.285861015319824,-0.8009282497421357,7.352814419581285,0.07055271595863011,0.0,0.0,228.4052408156873,False
1761922053.8067513,50.36070513725281,-0.8006175058415677,7.34055513160917,0.07173375350292636,0.0,0.0,229.62488714563324,False
1761922053.9044027,50.458356618881226,-0.7990696078373896,7.3157084991733266,0.07059145268122458,0.0,0.0,230.22602358077646,False
1761922053.9685812,50.5225350856781,-0.8009331924169979,7.305076175792322,0.07126659214006704,0.0,0.0,230.49016200862704,False
1761922054.050619,50.604572772979736,-0.79909428102373,7.283782566454474,0.07052559960990104,0.0,0.0,230.81609913660986,False
1761922054.1243927,50.67834663391113,-0.8003460680494069,7.27398320817068,0.07107560815250455,0.0,0.0,231.04116769824049,False
1761922054.190212,50.744165897369385,-0.8009440783558064,7.262003055569527,0.07127724202364599,0.0,0.0,231.2802614365512,False
1761922054.2778535,50.831807374954224,-0.8003554793234449,7.241484476914162,0.07110225192853506,0.0,0.0,231.63309700115445,False
1761922054.3448596,50.89881348609924,-0.8008452427707755,7.223712370879966,0.07049071179318099,0.0,0.0,230.7429137659161,False
1761922054.4295912,50.98354506492615,-0.8005631933580031,7.21097346783768,0.0715140641455949,0.0,0.0,232.0185593025455,False
1761922054.5019119,51.05586576461792,-0.8008198619638155,7.190768911609679,0.07046071470653667,0.0,0.0,231.3292020528445,False
1761922054.5698183,51.12377214431763,-0.8003746174694587,7.175687590848974,0.07115630760133308,0.0,0.0,232.81708448805372,False
1761922054.6522691,51.206223011016846,-0.8012507163885444,7.158426210963177,0.08028069831961705,0.0,0.0,233.10264927894167,False
1761922054.725866,51.27981996536255,-0.8007833253144873,7.14643973401709,0.07041246084170749,0.0,0.0,232.1119349580515,False
1761922054.806616,51.36056995391846,-0.7992427146523835,7.120093743129254,0.0702412221504602,0.0,0.0,233.76991872096397,False
1761922054.8865137,51.44046759605408,-0.800983129189365,7.107530946080615,0.07131559738789134,0.0,0.0,234.0455155442303,False
1761922054.9666827,51.520636558532715,-0.8004967841937083,7.091752478535582,0.07068524795309519,0.0,0.0,234.04054117478026,False
1761922055.0860887,51.640042543411255,-0.8004927338108058,7.061613532730717,0.07069392463731249,0.0,0.0,234.5735244273037,False
1761922055.1642675,51.71822142601013,-0.8006220142926069,7.044775044215074,0.07133486461312949,0.0,0.0,235.12077943776734,False
1761922055.2779453,51.83189916610718,-0.8006348512621795,7.021951793403533,0.07135222780684476,0.0,0.0,235.51572194705517,False
1761922055.3625221,51.916476011276245,-0.8011063083245602,7.000486461345994,0.08005377921453799,0.0,0.0,235.86906766990558,False
1761922055.4506397,52.00459361076355,-0.8010283089722182,6.9822790295518935,0.07133520044684744,0.0,0.0,236.21815038006815,False
1761922055.527817,52.08177089691162,-0.8010690084391396,6.962097332562533,0.07997797547707114,0.0,0.0,236.52763632593337,False
1761922055.614368,52.16832184791565,-0.800677770094452,6.945096665839933,0.0714102629143589,0.0,0.0,236.8322330149777,False
1761922055.6926625,52.24661636352539,-0.8004798190530114,6.923609324394147,0.07074389722291949,0.0,0.0,236.9750147162278,False
1761922055.7684395,52.3223934173584,-0.7893345186560764,6.909767914920162,0.07650388112905299,0.0,0.0,237.95558871769214,False
1761922055.854509,52.40846300125122,-0.7891079293566741,6.893769739253503,0.07331371432900406,0.0,0.0,237.96782034813612,False
1761922055.9426746,52.496628522872925,-0.7887334538803139,6.867418666234773,0.07330789173125554,0.0,0.0,238.1549377772974,False
1761922056.0412242,52.59517812728882,-0.7888690211128111,6.845764300748013,0.07330790527244686,0.0,0.0,238.5171140211297,False
1761922056.122753,52.67670679092407,-0.7889687068185469,6.829962869819258,0.0733079155873202,0.0,0.0,238.7805149230361,False
1761922056.207545,52.76149892807007,-0.7891073069227036,6.808163981610031,0.07330792954663477,0.0,0.0,239.14269116982794,False
1761922056.2948842,52.848838090896606,-0.7892476772601998,6.786282609875336,0.07330794324542382,0.0,0.0,239.50486790353625,False
1761922056.384673,52.93862700462341,-0.7893638402909059,6.768318930330151,0.07330795425671666,0.0,0.0,239.80119541608764,False
1761922056.489135,53.04308891296387,-0.7895468776846413,6.7402679722327,0.0733079710312133,0.0,0.0,240.26214933100357,False
1761922056.5585978,53.11255168914795,-0.7896527452017811,6.724180720890526,0.0733079804216162,0.0,0.0,240.52555157013734,False
1761922056.6610484,53.2150022983551,-0.7897863790956033,6.704012840362688,0.07330799195874704,0.0,0.0,240.8548043695099,False
1761922056.7483222,53.30227613449097,-0.7898672508019688,6.691880999022662,0.07330799877336995,0.0,0.0,241.05235604871447,False
1761922056.8368578,53.39081168174744,-0.7899350391315539,6.681753434549993,0.0733080043902983,0.0,0.0,241.21698244747625,False
1761922056.9234283,53.47738218307495,-0.7900031861737125,6.671609871353003,0.07330800995077091,0.0,0.0,241.3816088454809,False
1761922057.0185194,53.5724732875824,-0.7900716913652746,6.661450393172019,0.07330801545464391,0.0,0.0,241.54623524250735,False
1761922057.0974927,53.65144658088684,-0.790154369555023,6.649238129676538,0.07330802198438711,0.0,0.0,241.74378691733546,False
1761922057.1626189,53.716572761535645,-0.7902236606782695,6.639043933943151,0.07330802736326662,0.0,0.0,241.90841331142735,False
1761922057.2666578,53.82061171531677,-0.7904621434870941,6.604267120535464,0.0733080452689143,0.0,0.0,242.46823439850226,False
1761922057.3532906,53.90724444389343,-0.790547315585996,6.591950387101541,0.07330805141026814,0.0,0.0,242.66582604221196,False
1761922057.4444156,53.998369455337524,-0.7906186695887738,6.581669654181631,0.07330805646525879,0.0,0.0,242.8304808011743,False
1761922057.5259612,54.079915046691895,-0.7908638480612584,6.546602185746016,0.07330807322312505,0.0,0.0,243.39028106472733,False
1761922057.6057196,54.15967345237732,-0.7909367182160935,6.53625533292491,0.07330807802522532,0.0,0.0,243.55492225258484,False
1761922057.69998,54.253933906555176,-0.7910246181015921,6.52381958478432,0.0733080837114869,0.0,0.0,243.7524889126172,False
1761922057.7782872,54.33224105834961,-0.7912763665991448,6.488470544945857,0.0733080993696218,0.0,0.0,244.3122481369757,False
1761922057.8610818,54.41503572463989,-0.7913511688175845,6.478041931037437,0.07330810384725356,0.0,0.0,244.47688031024438,False
1761922057.9366324,54.490586280822754,-0.7914288843720539,6.467599497925789,0.07330810985244748,0.0,0.0,244.6424873224009,False
1761922058.0181696,54.572123527526855,-0.7916397306450702,6.442484405962539,0.0733081257535779,0.0,0.0,245.048264562292,False
1761922058.0953653,54.64931917190552,-0.7918419971694906,6.42149918882629,0.07330813888711735,0.0,0.0,245.39526612844267,False
1761922058.1738327,54.72778654098511,-0.7919522671564558,6.410988001363086,0.07330814538683975,0.0,0.0,245.57173692712476,False
1761922058.272145,54.826098918914795,-0.7921911843575558,6.389929409017258,0.07330815819739847,0.0,0.0,245.93051207757338,False
1761922058.3481963,54.90215015411377,-0.7925385240924856,6.3624831539091495,0.0733081743416757,0.0,0.0,246.40827223717125,False
1761922058.4455795,54.9995334148407,-0.7926831804171093,6.351906440436689,0.07330818035515209,0.0,0.0,246.59535062602754,False
1761922058.5232077,55.07716155052185,-0.7928648624589744,6.339199776117388,0.07330818739954226,0.0,0.0,246.82221839477347,False
1761922058.608573,55.16252684593201,-0.7933922500363386,6.305239782512983,0.07330820509149472,0.0,0.0,247.43943356072563,False
1761922058.7031608,55.25711464881897,-0.7936059548318882,6.292477354434888,0.07330821124537601,0.0,0.0,247.67529995345174,False
1761922058.7756803,55.32963418960571,-0.7937905998431775,6.281830924499107,0.07330821614444206,0.0,0.0,247.87361748103785,False
1761922058.8618624,55.41581630706787,-0.7944208707072904,6.247696811445283,0.07330823024333921,0.0,0.0,248.51850631228217,False
1761922058.9494147,55.503368616104126,-0.7946724007674892,6.234871577508826,0.07330823484087202,0.0,0.0,248.7641738009518,False
1761922059.03408,55.58803391456604,-0.794888189558915,6.224173815116957,0.07330823835626005,0.0,0.0,248.97040752113566,False
1761922059.1084673,55.662421226501465,-0.7956627201790722,6.187735139974447,0.07330824796622361,0.0,0.0,249.6812425899564,False
1761922059.1725206,55.72647452354431,-0.7958538686143733,6.179146881695222,0.07330824966231736,0.0,0.0,249.85052872485588,False
1761922059.2723198,55.826273679733276,-0.7960787466791343,6.166229915066078,0.07330822219607755,0.0,0.0,250.08378094235326,False
1761922059.3628566,55.916810512542725,-0.7962910845164225,6.127201586901278,0.07330823524761504,0.0,0.0,250.63642944881417,False
1761922059.4726532,56.026607036590576,-0.7963619431704485,6.114158073183416,0.0733082385949343,0.0,0.0,250.82060856889035,False
1761922059.549925,56.10387897491455,-0.7964210194350344,6.1032756549587015,0.07330824134646914,0.0,0.0,250.97407681431832,False
1761922059.6325815,56.186535358428955,-0.7965628981021876,6.077110846922008,0.07330824781113168,0.0,0.0,251.34234661245225,False
1761922059.7095485,56.26350235939026,-0.7966693894411331,6.057444279285279,0.07330825253243402,0.0,0.0,251.61849815503604,False
1761922059.7905655,56.34451937675476,-0.7967285794602706,6.046502714226342,0.07330825510885974,0.0,0.0,251.77189657036377,False
1761922059.872677,56.42663097381592,-0.7968588626424243,6.022392338448355,0.07330826066144083,0.0,0.0,252.10932433444367,False
1761922059.9450824,56.49903631210327,-0.7969892269162716,5.9982292141386475,0.07330826605720357,0.0,0.0,252.44668401707514,False
1761922060.0328863,56.58684015274048,-0.7970485073943453,5.987228797809586,0.07330826845866013,0.0,0.0,252.60000647298062,False
1761922060.1341732,56.68812704086304,-0.7971552459055539,5.967401372173537,0.07330827270167817,0.0,0.0,252.87595038893988,True
1761922060.2259173,56.779871225357056,-0.7973332257768472,5.934280703766567,0.07330827954913599,0.0,0.0,253.33575092417027,False
1761922060.326318,56.880271911621094,-0.7974163119337002,5.918792902619512,0.07330828265013858,0.0,0.0,253.5502783903828,False
1761922060.4315794,56.985533237457275,-0.7974875403482367,5.905501959612817,0.0733082852609424,0.0,0.0,253.73413536160916,False
1761922060.497498,57.05145192146301,-0.7976893970785162,5.867767084080613,0.0733082924250827,0.0,0.0,254.25494265143746,False
1761922060.5633872,57.11734104156494,-0.7977368989207758,5.858871979188638,0.0733082940613384,0.0,0.0,254.37745921968107,False
1761922060.6778367,57.23179054260254,-0.7978794098438912,5.8321501534013285,0.07330829885895845,0.0,0.0,254.74494771167514,False
1761922060.7524328,57.30638670921326,-0.7980100425847122,5.807607867492314,0.07330830311225281,0.0,0.0,255.0817303707134,False
1761922060.8405128,57.39446663856506,-0.7980694172918942,5.796437606323439,0.07330830500049655,0.0,0.0,255.2347871622211,False
1761922060.9112449,57.46519875526428,-0.7981287881593233,5.785258300467105,0.07330830686086098,0.0,0.0,255.3878273815324,False
1761922060.9915926,57.545546531677246,-0.7983187369310942,5.74942480981032,0.07330831262906379,0.0,0.0,255.87744325519105,False
1761922061.0830786,57.6370325088501,-0.7983899477868865,5.735964228954739,0.07330831472043732,0.0,0.0,256.06100428343836,False
1761922061.1548934,57.70884728431702,-0.7984374141828581,5.726983659553102,0.07330831609323568,0.0,0.0,256.1833645133858,False
1761922061.2513378,57.80529165267944,-0.7986390656627483,5.6887562972366235,0.07330832173871052,0.0,0.0,256.7032707904309,False
1761922061.3220637,57.876017570495605,-0.7986983459705715,5.677494837289568,0.07330832334167536,0.0,0.0,256.8561454914047,False
1761922061.3844128,57.938366651535034,-0.7987457593987538,5.6684798549471695,0.07330832460547895,0.0,0.0,256.9784323580797,False
1761922061.4688325,58.022786378860474,-0.7988050117527874,5.6572039366401015,0.07330832616218248,0.0,0.0,257.1312747157066,False
1761922061.543432,58.0973858833313,-0.7989944993596643,5.621068345625053,0.0733083309736198,0.0,0.0,257.620247661214,False
1761922061.6112401,58.165194034576416,-0.7990418397957076,5.612022158415763,0.07330833213649376,0.0,0.0,257.7424613615393,False
1761922061.7015338,58.25548768043518,-0.7991128245679734,5.598443853236411,0.0733083338511963,0.0,0.0,257.9257594890918,False
1761922061.7836313,58.33758521080017,-0.7993137638731784,5.559914485781864,0.07330833851910208,0.0,0.0,258.4449562167458,False
1761922061.8613584,58.41531229019165,-0.7993728072824343,5.548566523029465,0.07330833983917365,0.0,0.0,258.5976189685459,False
1761922061.9226103,58.476564168930054,-0.7994200221629966,5.539483099292084,0.07330834087815556,0.0,0.0,258.71973520448813,False
1761922061.9857695,58.53972339630127,-0.7994672187797953,5.530395235131594,0.07330834190205522,0.0,0.0,258.8418389529837,False
1761922062.0760868,58.630040645599365,-0.7996558110707984,5.494000327818536,0.0733083458485783,0.0,0.0,259.3301277064859,False
1761922062.1588964,58.71285033226013,-0.7997264479012808,5.48033474065386,0.07330834726780133,0.0,0.0,259.51318330161774,False
1761922062.258339,58.81229281425476,-0.7997970351572536,5.4666598604520065,0.07330834865434896,0.0,0.0,259.696209796145,False
1761922062.3334308,58.88738465309143,-0.7999961865093682,5.427865634211779,0.07330835260540272,0.0,0.0,260.2147594253222,False
1761922062.444378,58.998331785202026,-0.7999999813974037,5.414186638741396,0.0733088065446425,0.0,0.0,260.4121900236193,False
1761922062.5245686,59.07852244377136,-0.7999999819379897,5.400499281532412,0.07330880656505734,0.0,0.0,260.60974006454865,False
1761922062.6470478,59.20100164413452,-0.7999999830089594,5.359391021071221,0.07330880656715613,0.0,0.0,261.2023901873365,False
1761922062.7294846,59.28343844413757,-0.7999999833087246,5.347960183390312,0.07330880656772465,0.0,0.0,261.3670152214442,False
1761922062.8095329,59.363486766815186,-0.7999999836094474,5.336524358141283,0.07330880656828648,0.0,0.0,261.53164025555196,False
1761922062.8893163,59.443270206451416,-0.7999999846388383,5.29760651673318,0.07330880657014371,0.0,0.0,262.09136537151824,False
1761922062.9682534,59.522207260131836,-0.7999999849435716,5.28614986830163,0.07330880657067354,0.0,0.0,262.2559904056259,False
1761922063.070938,59.62489199638367,-0.7999999853103918,5.272395988486968,0.07330880657129897,0.0,0.0,262.45354044655517,False
1761922063.1431582,59.69711208343506,-0.7999999862944392,5.235688699226309,0.073308806572909,0.0,0.0,262.98034055569997,False
1761922063.249769,59.803722858428955,-0.7999999866655685,5.221912578775449,0.07330880657349016,0.0,0.0,263.1778905966292,False
1761922063.3323493,59.886303186416626,-0.7999999870378018,5.208130774681648,0.07330880657405849,0.0,0.0,263.3754406375584,False
1761922063.4144957,59.96844959259033,-0.79999998803559,5.171352756584243,0.07330880657550898,0.0,0.0,263.90224074670317,False
1761922063.4937246,60.04767847061157,-0.7999999883488723,5.1598520676629605,0.07330880657594221,0.0,0.0,264.0668657808109,False
1761922063.5708885,60.124842405319214,-0.7999999886628255,5.148347944110055,0.07330880657636563,0.0,0.0,264.2314908149186,False
1761922063.6655843,60.21953821182251,-0.79999998973504,5.109209511921757,0.07330880657772963,0.0,0.0,264.7912159308848,False
1761922063.7290168,60.282970666885376,-0.7999999899883455,5.099995262850545,0.07330880657803317,0.0,0.0,264.922915958171,False
1761922063.812594,60.36654782295227,-0.7999999903054953,5.088474810784443,0.07330880657840305,0.0,0.0,265.0875409922787,False
1761922063.903534,60.45748782157898,-0.7999999910688987,5.060814297838534,0.07330880657924671,0.0,0.0,265.4826410741373,False
1761922063.9844315,60.53838539123535,-0.7999999917073435,5.037752299691674,0.07330880657990126,0.0,0.0,265.81189114235264,False
1761922064.0715225,60.625476360321045,-0.7999999920272919,5.026217613069888,0.07330880658021167,0.0,0.0,265.97651617646034,False
1761922064.1430793,60.697033166885376,-0.7999999923476997,5.014680595042813,0.0733088065805107,0.0,0.0,266.1411412105681,False
1761922064.2384834,60.79243731498718,-0.7999999934402757,4.975438577358017,0.07330880658144079,0.0,0.0,266.7008663265343,False
1761922064.3150766,60.869030475616455,-0.7999999937624862,4.9638924328941165,0.07330880658168848,0.0,0.0,266.865491360642,False
1761922064.3962305,60.95018434524536,-0.7999999940850563,4.952344471553763,0.07330880658192426,0.0,0.0,267.0301163947497,False
1761922064.4889367,61.042890548706055,-0.7999999951842337,4.913069096461606,0.07330880658263564,0.0,0.0,267.589841510716,False
1761922064.5532968,61.107250690460205,-0.7999999954433572,4.903825345399742,0.07330880658278253,0.0,0.0,267.72154153800216,False
1761922064.6511903,61.20514416694641,-0.7999999958323548,4.889958148882946,0.07330880658298809,0.0,0.0,267.9190915789314,False
1761922064.7268527,61.28080654144287,-0.7999999969362857,4.850658871037188,0.0733088065834734,0.0,0.0,268.47881669489755,False
1761922064.8078856,61.36183953285217,-0.7999999972613924,4.839098151393613,0.07330880658358861,0.0,0.0,268.64344172900536,False
1761922064.8863318,61.44028568267822,-0.7999999975866569,4.827536645119425,0.07330880658369121,0.0,0.0,268.808066763113,False
1761922064.9615586,61.515512466430664,-0.7999999979120602,4.815974447661254,0.07330880658378121,0.0,0.0,268.9726917972207,False
1761922065.0478318,61.60178565979004,-0.7999999989540655,4.778971882897866,0.07330880658398398,0.0,0.0,269.4994919063654,False
1761922065.1202834,61.67423725128174,-0.7999999992798469,4.7674078248587355,0.07330880658402064,0.0,0.0,269.6641169404731,False
1761922065.2072594,61.761213302612305,-0.7999999996056694,4.755843572032305,0.07330880658404457,0.0,0.0,269.8287419745808,False
1761922065.2978323,61.8517861366272,-0.8000000007786795,4.7142121245976405,0.07330880658402515,0.0,0.0,270.42139209736854,False
1761922065.3737864,61.92774033546448,-0.8000000011044485,4.7026482053990675,0.07330880658399044,0.0,0.0,270.58601713147624,False
1761922065.4715378,62.02549171447754,-0.8000000014952846,4.688771959349393,0.073308806583932,0.0,0.0,270.7835671724055,False
1761922065.566253,62.12020683288574,-0.8000000026018658,4.649460029663588,0.07330880658366726,0.0,0.0,271.34329228837174,False
1761922065.6652553,62.21920919418335,-0.8000000029920455,4.635587187627612,0.07330880658353897,0.0,0.0,271.54084232930103,False
1761922065.7412522,62.29520606994629,-0.8000000033170059,4.6240274617437045,0.07330880658341825,0.0,0.0,271.7054673634087,False
1761922065.8154986,62.369452476501465,-0.8000000039663314,4.600911072090533,0.07330880658313932,0.0,0.0,272.03471743162413,False
1761922065.899957,62.45391082763672,-0.8000000047442961,4.573177700661933,0.07330880658273911,0.0,0.0,272.4298175134826,False
1761922065.9781027,62.5320565700531,-0.8000000050679962,4.561624448329121,0.07330880658255144,0.0,0.0,272.59444254759035,False
1761922066.0647697,62.61872363090515,-0.800000005391403,4.550072700064686,0.0733088065823516,0.0,0.0,272.759067581698,False
1761922066.1678276,62.721781492233276,-0.8000000065529514,4.508500333841788,0.07330880658153233,0.0,0.0,273.35171770448574,False
1761922066.2494652,62.80341911315918,-0.8000000068747694,4.496956732394973,0.07330880658127739,0.0,0.0,273.5163427385935,False
1761922066.3260975,62.880051374435425,-0.80000000719619,4.485415168884335,0.0733088065810107,0.0,0.0,273.6809677727012,False
1761922066.4092426,62.96319651603699,-0.8000000082857985,4.446190379443525,0.0733088065800176,0.0,0.0,274.24069288866747,False
1761922066.5017774,63.05573129653931,-0.8000000086690826,4.432352924804471,0.07330880657963576,0.0,0.0,274.4382429295967,False
1761922066.5678139,63.12176775932312,-0.8000000089242068,4.423130001913076,0.0733088065793723,0.0,0.0,274.56994295688287,False
1761922066.6770375,63.23099136352539,-0.8000000101313826,4.379345088178193,0.0733088065780255,0.0,0.0,275.19551808649214,False
1761922066.7533839,63.30733776092529,-0.800000010447698,4.3678297507570525,0.07330880657764552,0.0,0.0,275.3601431205999,False
1761922066.8638384,63.417792320251465,-0.800000010889523,4.351713514294797,0.07330880657709608,0.0,0.0,275.5906181683507,True
1761922066.944931,63.49888491630554,-0.800000011894706,4.314900646175849,0.07330880657576597,0.0,0.0,276.11741827749546,False
1761922067.0332062,63.58716011047363,-0.8000000122074136,4.303403914577195,0.07330880657532972,0.0,0.0,276.28204331160316,False
1761922067.1174963,63.67145013809204,-0.8000000125817323,4.289612644293821,0.07330880657479366,0.0,0.0,276.47959335253245,False
1761922067.1861029,63.74005675315857,-0.800000013327207,4.262046466210779,0.0733088065736816,0.0,0.0,276.8746934343909,False
1761922067.2645657,63.818519592285156,-0.8000000138217495,4.243681660444578,0.0733088065729116,0.0,0.0,277.1380934889633,False
1761922067.3552015,63.90915536880493,-0.8000000141913234,4.229914971383629,0.07330880657231961,0.0,0.0,277.3356435298926,False
1761922067.4560697,64.01002359390259,-0.8000000144984044,4.21844739032007,0.07330880657181706,0.0,0.0,277.5002685640003,False
1761922067.5285764,64.08253026008606,-0.8000000155968638,4.1772006893819285,0.07330880656994157,0.0,0.0,278.09291868678815,False
1761922067.6122324,64.16618633270264,-0.8000000158999635,4.165753842686107,0.07330880656940304,0.0,0.0,278.25754372089585,False
1761922067.68907,64.24302387237549,-0.8000000161417862,4.156599796778381,0.073308806568967,0.0,0.0,278.3892437481821,False
1761922067.754268,64.3082218170166,-0.8000000164432286,4.145161608055196,0.07330880656841561,0.0,0.0,278.5538687822897,False
1761922067.866029,64.41998291015625,-0.8000000174609654,4.1063092987799505,0.07330880656649096,0.0,0.0,279.1135938982561,False
1761922067.9427629,64.49671673774719,-0.8000000178174346,4.092611053898977,0.07330880656579442,0.0,0.0,279.3111439391854,False
1761922068.045327,64.599280834198,-0.8000000184671174,4.067517828731323,0.07330880656449604,0.0,0.0,279.6733190142224,False
1761922068.1298978,64.68385171890259,-0.7999060581347456,4.037859813482303,0.07330776534033688,0.0,0.0,280.08215972306283,False
1761922068.212178,64.76613187789917,-0.7998481834645751,4.0264539049767905,0.07330776325620193,0.0,0.0,280.23462342199383,False
1761922068.2872036,64.84115743637085,-0.7997902693095764,4.0150542934125735,0.07330776114236776,0.0,0.0,280.3871076507493,False
1761922068.349528,64.90348196029663,-0.7996163013143358,3.9808941740792503,0.0733077546258569,0.0,0.0,280.8446821610946,False
1761922068.4315512,64.98550510406494,-0.7995582405805074,3.969520683743439,0.07330775239480583,0.0,0.0,280.99724715587206,False
1761922068.526059,65.08001279830933,-0.7994885231527759,3.9558814312551296,0.07330774967830599,0.0,0.0,281.1803513464684,False
1761922068.5894365,65.143390417099,-0.7993256706176851,3.9240952877865336,0.07330774317178228,0.0,0.0,281.6077043496983,False
1761922068.6842837,65.23823761940002,-0.7992441565137992,3.908223067334819,0.07330773982941645,0.0,0.0,281.82143784122223,False
1761922068.7643633,65.3183171749115,-0.7991858986078175,3.8968944710564775,0.07330773740528973,0.0,0.0,281.97412760694243,False
1761922068.862768,65.4167218208313,-0.7990926308691785,3.878784061513238,0.07330773346255852,0.0,0.0,282.2184707095709,False
1761922068.93872,65.49267387390137,-0.7989175852325081,3.8448791406120866,0.07330772585497153,0.0,0.0,282.67674329907345,False
1761922069.0583663,65.61232018470764,-0.7988358287135048,3.8290806697579467,0.07330772220773066,0.0,0.0,282.8906607420658,False
1761922069.1436017,65.69755554199219,-0.7987657201310239,3.8155514602663594,0.07330771903186287,0.0,0.0,283.07404699279016,False
1761922069.2270005,65.78095436096191,-0.798578636109036,3.7795305003621955,0.0733077103363376,0.0,0.0,283.56320359553945,False
1761922069.3019009,65.85585474967957,-0.7985201382761128,3.768291281833293,0.07330770755072752,0.0,0.0,283.71610231313946,False
1761922069.3830333,65.93698716163635,-0.7984616260626393,3.757060476165517,0.07330770473229853,0.0,0.0,283.86901856117055,False
1761922069.4634814,66.01743531227112,-0.7982743026648744,3.721179504662214,0.07330769549064536,0.0,0.0,284.3584668780331,False
1761922069.5398889,66.09384274482727,-0.7982157415864045,3.709985037826008,0.0733076925323683,0.0,0.0,284.5114553668542,False
1761922069.6356554,66.18960928916931,-0.7981454566271325,3.696563421790498,0.0733076889378297,0.0,0.0,284.695063812841,False
1761922069.7023368,66.2562906742096,-0.7980165735265549,3.6719909039004808,0.07330768222042816,0.0,0.0,285.03174167610825,False
1761922069.8000405,66.35399436950684,-0.7978876643955921,3.6474629264072207,0.07330767533642922,0.0,0.0,285.3684991338613,False
1761922069.874123,66.42807698249817,-0.7978290636965869,3.636328833255768,0.07330767215171684,0.0,0.0,285.5215966584817,False
1761922069.9524193,66.50637316703796,-0.7977704609070237,3.6252042352003135,0.07330766893197238,0.0,0.0,285.67471022959916,False
1761922070.036126,66.59007978439331,-0.7975829297917655,3.5896703909116416,0.07330765839112595,0.0,0.0,286.1647800467959,False
1761922070.111053,66.66500687599182,-0.7975243293217179,3.5785866678708502,0.07330765502213453,0.0,0.0,286.31795966192107,False
1761922070.194418,66.74837183952332,-0.7974657320288816,3.5675129136148276,0.07330765161710133,0.0,0.0,286.4711546813718,False
1761922070.2994244,66.85337829589844,-0.7972548235469886,3.5277313432636865,0.07330763905751445,0.0,0.0,287.0227824039394,False
1761922070.3641632,66.9181170463562,-0.7972079670276775,3.5189091249261755,0.07330763620178843,0.0,0.0,287.14539266366785,False
1761922070.4815385,67.03549242019653,-0.7970791413402554,3.4946826765958314,0.07330762822577208,0.0,0.0,287.48261934564175,False
1761922070.6045902,67.15854406356812,-0.7968918539045,3.4595365444647124,0.0733076162992814,0.0,0.0,287.9732556126072,False
1761922070.6952348,67.24918866157532,-0.7968216559227076,3.4463854829990477,0.07330761172636818,0.0,0.0,288.15728162140294,False
1761922070.7611723,67.3151261806488,-0.7967748691590308,3.437626941998956,0.07330760864703052,0.0,0.0,288.2799767958104,False
1761922070.859467,67.41342091560364,-0.7965644606579442,3.398302284987448,0.07330759448278859,0.0,0.0,288.83221386958155,False
1761922070.96638,67.52033376693726,-0.7964826999025,3.3830492019370593,0.0733075888373236,0.0,0.0,289.0470199947831,False
1761922071.0496843,67.60363817214966,-0.7963893084697053,3.365644897756931,0.07330758229023746,0.0,0.0,289.29254448555776,False
1761922071.1579535,67.71190738677979,-0.7962143546451996,3.3330929576328514,0.07330756973812592,0.0,0.0,289.75299261301507,False
1761922071.241382,67.79533576965332,-0.7961560851590282,3.3222661595734753,0.07330756547322523,0.0,0.0,289.9065008788165,False
1761922071.3158584,67.86981225013733,-0.7959698005972682,3.287701970903044,0.07330755155051047,0.0,0.0,290.39781127921736,False
1761922071.4138725,67.96782636642456,-0.7958883918366425,3.2726197547052904,0.07330754532629284,0.0,0.0,290.61279909087045,False
1761922071.5033848,68.05733871459961,-0.7958186596218139,3.2597116008079983,0.07330753992617543,0.0,0.0,290.7970931421394,False
1761922071.5698607,68.1238145828247,-0.7957721962651253,3.251116224466393,0.07330753629253821,0.0,0.0,290.9199653683503,False
1761922071.6527236,68.20667743682861,-0.7955749598575967,3.214676790217914,0.07330752054740473,0.0,0.0,291.44225582089064,False
1761922071.7403488,68.29430270195007,-0.7955054414925796,3.2018513943916207,0.0733075148724632,0.0,0.0,291.6266253134017,False
1761922071.8215845,68.37553834915161,-0.7954475490163684,3.19117792575084,0.07330751009595722,0.0,0.0,291.78027894259856,False
1761922071.92047,68.47442388534546,-0.7952394475954462,3.1528629419655734,0.07330749254052966,0.0,0.0,292.33352334367373,False
1761922071.9956985,68.54965233802795,-0.7951817319574589,3.142250683895034,0.07330748756313651,0.0,0.0,292.4872272076568,False
1761922072.106406,68.66035985946655,-0.7951009989754539,3.1274163080185358,0.07330748052040612,0.0,0.0,292.70243038150846,False
1761922072.1714687,68.72542262077332,-0.7949282807721547,3.095718907505932,0.07330746513420679,0.0,0.0,293.1636484242827,False
1761922072.2633905,68.81734442710876,-0.7948707963113066,3.0851808586530427,0.07330745991545803,0.0,0.0,293.31740806903423,False
1761922072.3455606,68.8995144367218,-0.7948018751822499,3.072553714152126,0.07330745359308585,0.0,0.0,293.5019327684097,False
1761922072.4197724,68.97372627258301,-0.7946527781847952,3.0452648719175635,0.07330743966894965,0.0,0.0,293.90178447079916,False
1761922072.5025802,69.05653405189514,-0.7945497495104349,3.0264293240351385,0.07330742984678897,0.0,0.0,294.17864263310776,False
1761922072.5819957,69.13594961166382,-0.7944925814701468,3.015985402808126,0.07330742432505696,0.0,0.0,294.3324657718624,False
1761922072.6640813,69.21803522109985,-0.7944126323126548,3.0013884414814536,0.07330741651619752,0.0,0.0,294.5478335456387,False
1761922072.74058,69.2945339679718,-0.7942416607861764,2.9702066176927464,0.07330739947247275,0.0,0.0,295.00939492781674,False
1761922072.8349853,69.38893914222717,-0.794184778727193,2.959842492894089,0.07330739369645796,0.0,0.0,295.1632661759411,False
1761922072.9283957,69.48234963417053,-0.7940711821902876,2.939159479438956,0.07330738200112191,0.0,0.0,295.4710341393821,False
1761922073.0128872,69.56684112548828,-0.7939125329483439,2.910305693569859,0.07330736530420037,0.0,0.0,295.9019647856788,False
1761922073.0880973,69.64205121994019,-0.793855984571921,2.900030043132845,0.07330735924888009,0.0,0.0,296.0558838404286,False
1761922073.1859488,69.73990273475647,-0.7937853159424101,2.88772039357867,0.07330735088459821,0.0,0.0,296.2416557539236,False
1761922073.2867284,69.8406822681427,-0.7935216579647068,2.8509381240174343,0.07330732414117022,0.0,0.0,296.81824102274356,False
1761922073.3939989,69.94795274734497,-0.7933974919897151,2.8366934857561277,0.07330731375625765,0.0,0.0,297.05073819838367,False
1761922073.4803312,70.03428506851196,-0.7933011978274779,2.826539172286877,0.073307306339187,0.0,0.0,297.21978941678947,False
1761922073.55134,70.10529398918152,-0.7929251952800659,2.792141579620033,0.07330728110828832,0.0,0.0,297.81413363182884,False
1761922073.6305418,70.18449568748474,-0.7927999690012922,2.7820618806871744,0.07330727368212817,0.0,0.0,297.9949878947003,False
1761922073.7240424,70.277996301651,-0.7926406952731612,2.769988459898058,0.07330726476930403,0.0,0.0,298.2158367458302,True
1761922073.8254457,70.37939953804016,-0.7921347492981385,2.7359109121275322,0.07330723954994553,0.0,0.0,298.8655113350866,False
1761922073.9150918,70.46904563903809,-0.7919363918246649,2.7239290456019263,0.07330723068864564,0.0,0.0,299.10376319170956,False
1761922074.0127718,70.566725730896,-0.7917274551017852,2.7119705562088323,0.07330722187113047,0.0,0.0,299.3469731997402,False
1761922074.0881674,70.64212131500244,-0.7911174221597775,2.680193270483293,0.07330719875251421,0.0,0.0,300.0212634081455,False
1761922074.1681366,70.72209048271179,-0.7909107097497345,2.6702954958376086,0.07330719171790386,0.0,0.0,300.24011432837267,False
1761922074.268539,70.82249283790588,-0.7906962164267702,2.6604128295554865,0.07330718481801468,0.0,0.0,300.4630645250377,False
1761922074.357641,70.9115948677063,-0.7898587966426242,2.6249555573005643,0.07330716166910756,0.0,0.0,301.30181734062097,False
1761922074.450571,71.00452494621277,-0.7896079198908665,2.615138187093726,0.07330715591684447,0.0,0.0,301.54548664438073,False
1761922074.5473003,71.10125422477722,-0.7892433467580354,2.6014157259677115,0.07330714857129646,0.0,0.0,301.89496156146345,False
1761922074.6529171,71.20687103271484,-0.7884469609224329,2.5701478653083476,0.07330725869212239,0.0,0.0,302.687847853703,False
1761922074.738977,71.29293084144592,-0.788364078475073,2.556539474314409,0.07330722599123242,0.0,0.0,302.91832368566116,False
1761922074.8193736,71.3733274936676,-0.7883053420664973,2.5468408527234705,0.07330722013356773,0.0,0.0,303.08294926330757,False
1761922074.895703,71.44965696334839,-0.7881198886880186,2.5159275390961846,0.07330720126521856,0.0,0.0,303.60975109751485,False
1761922074.976045,71.52999877929688,-0.7880627184756165,2.506305629968376,0.07330719533332569,0.0,0.0,303.7743766662315,False
1761922075.0703282,71.62428212165833,-0.7879946081251586,2.4947837287991548,0.0733071881945685,0.0,0.0,303.9719273458699,False
1761922075.1318817,71.68583559989929,-0.7879046337926388,2.4794628074720855,0.07330717864372813,0.0,0.0,304.2353282472561,False
1761922075.2144814,71.76843523979187,-0.7877604762543667,2.4546685197721247,0.07330716305243246,0.0,0.0,304.66335470027974,False
1761922075.2917867,71.84574055671692,-0.7877057085479487,2.445166196399265,0.07330715703492291,0.0,0.0,304.82798025525886,False
1761922075.370722,71.92467594146729,-0.7876513179254039,2.435682849589465,0.07330715100713596,0.0,0.0,304.9926058080806,False
1761922075.481497,72.03545093536377,-0.7874692164117474,2.4035824679593323,0.07330713044760889,0.0,0.0,305.5523326715063,False
1761922075.5609593,72.11491322517395,-0.7874059905357531,2.3923060868169457,0.07330712317192815,0.0,0.0,305.7498833232101,False
1761922075.6487215,72.20267534255981,-0.8019200976657636,2.3828964474853995,0.07114600387548645,0.0,0.0,305.9131094461389,False
1761922075.7178519,72.27180576324463,-0.7992421693872377,2.355252657018022,0.0704224003028832,0.0,0.0,306.4462511986261,False
1761922075.7839167,72.33787059783936,-0.8012224823863897,2.3465935569271967,0.08031382417006395,0.0,0.0,306.587490050189,False
1761922075.8824122,72.4363660812378,-0.8012317107501634,2.335477108178431,0.08032488041343908,0.0,0.0,306.78505999963187,False
1761922075.9568472,72.51080107688904,-0.80037502995261,2.314521285135981,0.07118171052266767,0.0,0.0,307.1368827852457,False
1761922076.0356543,72.58960819244385,-0.8005446796697813,2.2939140607178627,0.07142561519884388,0.0,0.0,307.6691620483495,False
1761922076.1293006,72.68325448036194,-0.8005493159769697,2.2829057262180323,0.07144346453347172,0.0,0.0,307.8686787892497,False
1761922076.1953917,72.74934554100037,-0.8007722346124923,2.2774937595708264,0.0703640600110175,0.0,0.0,309.02478431195857,False
1761922076.28847,72.84242391586304,-0.8007982127903321,2.2447054333890093,0.07039035156464787,0.0,0.0,309.6108631351188,False
1761922076.3663733,72.92032718658447,-0.8013067341297426,2.2367245641863875,0.08038156633733469,0.0,0.0,308.56315391748865,False
1761922076.4678254,73.02177929878235,-0.8013140658418141,2.2258983336097113,0.08038282902007927,0.0,0.0,308.76071447430445,False
1761922076.557969,73.11192297935486,-0.8009384624759369,2.1922060779725947,0.0712570649748589,0.0,0.0,309.33191429087947,False
1761922076.6600242,73.21397805213928,-0.8009356616769747,2.1814863328094902,0.07125425599330831,0.0,0.0,309.5294338462244,False
1761922076.7294762,73.2834300994873,-0.8003338624568539,2.17322613254712,0.07106812174355404,0.0,0.0,309.70201036026197,False
1761922076.8159335,73.36988735198975,-0.7990644598042969,2.1496799255466748,0.07083497990938428,0.0,0.0,310.1861455750167,False
1761922076.8896813,73.44363522529602,-0.8008716017337677,2.1373493445859006,0.0704363963692622,0.0,0.0,311.5589195671553,False
1761922076.965639,73.51959300041199,-0.8013695666321599,2.1298153583866277,0.08034543495511857,0.0,0.0,310.5382925203119,False
1761922077.0775285,73.63148236274719,-0.8013834449059386,2.098338509233189,0.08031245150693399,0.0,0.0,311.1306570996797,False
1761922077.1568062,73.71076011657715,-0.8009264351681395,2.0863711499958457,0.07124014965243963,0.0,0.0,311.30784481406056,False
1761922077.2424595,73.79641342163086,-0.8003069058286254,2.078418163218372,0.07099258034144518,0.0,0.0,311.4773860815383,False
1761922077.3189785,73.87293243408203,-0.8005400865846536,2.0483755363465934,0.07117080054208012,0.0,0.0,312.0720083031121,False
1761922077.3942332,73.94818711280823,-0.800227343202687,2.0411898182623043,0.07182616439574475,0.0,0.0,312.1567826527796,False
1761922077.4895365,74.04349040985107,-0.8002251683533848,2.030926249885662,0.07181707684621186,0.0,0.0,312.35451957771954,False
1761922077.5566518,74.11060571670532,-0.8009285359323096,2.022813508133285,0.07041178929855119,0.0,0.0,313.6908305739564,False
1761922077.652037,74.2059907913208,-0.80141040356362,1.9954612487311931,0.08012362140132354,0.0,0.0,313.1057892667693,False
1761922077.7256098,74.27956366539001,-0.8009107240633426,1.983719971366938,0.07122389341431548,0.0,0.0,313.2833961724605,False
1761922077.808409,74.3623628616333,-0.8003870094039769,1.975939359348674,0.07101479754113499,0.0,0.0,313.45698174396625,False
1761922077.8998058,74.45375967025757,-0.8003415959434705,1.9458693780828198,0.07101318006266175,0.0,0.0,314.04923006934644,False
1761922077.9772868,74.53124070167542,-0.8005325066804314,1.9368755276446095,0.07115707691484308,0.0,0.0,314.2351249778606,False
1761922078.0720391,74.62599301338196,-0.8005317669566759,1.9269374958589094,0.0711560711962074,0.0,0.0,314.4318736431506,False
1761922078.139956,74.69390988349915,-0.8014043161354754,1.9056396235748934,0.0798349768515009,0.0,0.0,314.88252463876915,False
1761922078.2455437,74.79949760437012,-0.8014017103943826,1.895825212240521,0.07979579063175042,0.0,0.0,315.0799142502773,False
1761922078.312055,74.8660089969635,-0.8008973303503341,1.88432823529689,0.07121276446434478,0.0,0.0,315.2591735816854,False
1761922078.3896883,74.94364213943481,-0.8003264229941741,1.8671556834026304,0.07100892130457105,0.0,0.0,315.62843270474076,False
1761922078.505159,75.0591127872467,-0.8008925259527774,1.8455164675675078,0.07120985599264232,0.0,0.0,316.049486654921,False
1761922078.5831916,75.13714551925659,-0.800345221937953,1.8381615276318728,0.07100762943261302,0.0,0.0,316.21300334134173,False
1761922078.678344,75.23229789733887,-0.8022155837481093,1.8121295397740769,0.07073350703733597,0.0,0.0,316.7389854511471,False
1761922078.7556522,75.30960607528687,-0.8022079162485992,1.8010563859705704,0.07072171045079959,0.0,0.0,316.96939577531094,False
1761922078.867321,75.4212749004364,-0.8022002432178553,1.7900309085485222,0.07070989186009013,0.0,0.0,317.1998088516185,False
1761922078.934009,75.4879629611969,-0.8013992708138369,1.7808600920078057,0.06879257685585723,0.0,0.0,317.4024581197346,False
1761922079.0369,75.59085392951965,-0.8021771952838581,1.7572423135949653,0.07067430755300033,0.0,0.0,317.8910642611065,False
1761922079.1248834,75.67883729934692,-0.8013751267045389,1.7482024365861581,0.06875153220219633,0.0,0.0,318.09373638500887,False
1761922079.1998682,75.75382208824158,-0.800634806834208,1.7400376957116581,0.07114174297475662,0.0,0.0,318.2805351954915,False
1761922079.3100822,75.86403608322144,-0.8011969649816186,1.7143537390481167,0.07907313029114725,0.0,0.0,318.83833973032847,False
1761922079.391548,75.9455018043518,-0.8012946398492786,1.7038248960373403,0.06865175475815853,0.0,0.0,319.04868102485995,False
1761922079.4826193,76.0365731716156,-0.801277619065092,1.693238463748353,0.06863830027268958,0.0,0.0,319.2791186654234,False
1761922079.562432,76.11638593673706,-0.8007031357637296,1.6712620457817102,0.07077150616968228,0.0,0.0,320.0641364595815,False
1761922079.6369846,76.1909384727478,-0.8007051973897391,1.6652934395524777,0.07077562185540331,0.0,0.0,320.1953813926126,False
1761922079.7053185,76.25927233695984,-0.8002900437090645,1.657773130206955,0.07107758915222906,0.0,0.0,320.06763259853096,False
1761922079.767422,76.3213758468628,-0.8002891756394628,1.6341562416278934,0.07107442043468279,0.0,0.0,320.5939154908661,False
1761922079.8554325,76.40938639640808,-0.8013242527887322,1.626363395179429,0.06865943073530108,0.0,0.0,320.75995020413006,False
1761922079.9313982,76.48535203933716,-0.8006312519722747,1.6217301018944532,0.0769291068482233,0.0,0.0,320.9137156614017,False
1761922080.027413,76.58136677742004,-0.8002883360025633,1.610802339141256,0.0710712338859367,0.0,0.0,321.1201791735831,False
1761922080.1179686,76.67192244529724,-0.8005400602671878,1.5869893664234858,0.07653733053794103,0.0,0.0,321.70404556615324,False
1761922080.182553,76.73650693893433,-0.800524042834059,1.5812570904874237,0.07646976715250534,0.0,0.0,321.83576219472275,False
1761922080.2769353,76.8308892250061,-0.8002869394640789,1.5705717636784835,0.07106563703810755,0.0,0.0,322.0410913046171,False
1761922080.3382778,76.89223170280457,-0.8013046811885681,1.5629943558582746,0.06863928717982834,0.0,0.0,322.2083821409211,False
1761922080.42322,76.97717380523682,-0.8012976577328075,1.5404532048822384,0.06863200329705799,0.0,0.0,322.7350962220514,False
1761922080.5007784,77.05473232269287,-0.8003875414027529,1.5359995535232096,0.0759066502148843,0.0,0.0,322.8894481876482,True
1761922080.579729,77.1336829662323,-0.8007504296384474,1.5269831383167305,0.07088793576584362,0.0,0.0,323.3392921112403,False
1761922080.6754386,77.22939252853394,-0.8012719904045393,1.5016590676933237,0.06861926622720546,0.0,0.0,323.65686416741175,False
1761922080.753901,77.30785489082336,-0.800256202314932,1.4972840702321768,0.07538293222895286,0.0,0.0,323.81137391858124,False
1761922080.8329513,77.38690519332886,-0.8007485900221208,1.488426279742187,0.07091143198676755,0.0,0.0,324.2430670729484,False
1761922080.9012127,77.45516657829285,-0.8007469300527168,1.472158506073599,0.07092146719628739,0.0,0.0,324.63003845067516,False
1761922080.992706,77.54665994644165,-0.8002836726230034,1.4601884292342353,0.07105219383124636,0.0,0.0,324.67273670775035,False
1761922081.0699072,77.62386107444763,-0.801203511594337,1.4530157810440651,0.06860287410104349,0.0,0.0,324.8420195649485,False
1761922081.154857,77.70881080627441,-0.8007467717375653,1.4454108204112845,0.07093413989133075,0.0,0.0,325.28103048263307,False
1761922081.2322345,77.78618836402893,-0.8001145172390302,1.427646439913973,0.07466787964781077,0.0,0.0,325.5255883739165,False
1761922081.312714,77.86666798591614,-0.8007480799438503,1.4191093932040373,0.07094468726063452,0.0,0.0,325.935335434576,False
1761922081.4165561,77.97051000595093,-0.8011388299313201,1.4109589954562864,0.06858784761948337,0.0,0.0,325.8955024536775,False
1761922081.5011938,78.05514764785767,-0.8011068026434368,1.3903523935414996,0.06858042972532881,0.0,0.0,326.42225151838466,False
1761922081.5780778,78.13203167915344,-0.8000864687682165,1.3862759838594418,0.07438018000901803,0.0,0.0,326.58133737569995,False
1761922081.656508,78.21046185493469,-0.8006883356347559,1.377716769969845,0.07096720790612346,0.0,0.0,326.9178430816206,False
1761922081.737404,78.29135799407959,-0.8006387914286758,1.357385682311568,0.07098056379273647,0.0,0.0,327.39175392274853,False
1761922081.8220773,78.37603116035461,-0.8002845873759792,1.351765083384768,0.07104495537270733,0.0,0.0,327.4339957724568,False
1761922081.9143703,78.46832418441772,-0.8000601500368181,1.3460421270613094,0.07410161888832531,0.0,0.0,327.63691420265496,False
1761922082.0280373,78.58199119567871,-0.8002845795104483,1.3222317486469612,0.07104505937355488,0.0,0.0,328.222815762973,False
1761922082.1011076,78.65506148338318,-0.8009849157121928,1.3156166567718963,0.06855287867403495,0.0,0.0,328.397598114968,False
1761922082.184834,78.73878788948059,-0.8000384152849465,1.3117809409726817,0.07386604319514273,0.0,0.0,328.5604111415548,False
1761922082.2782207,78.83217453956604,-0.8006368194596877,1.2891192145103862,0.07101661239153689,0.0,0.0,329.22968628007806,False
1761922082.3417964,78.89575028419495,-0.800636670984321,1.2843791864247447,0.07101925446951815,0.0,0.0,329.360991926202,False
1761922082.4338052,78.98775911331177,-0.8002848204814914,1.2791551582102074,0.07104614270602246,0.0,0.0,329.4058516257324,False
1761922082.5077395,79.0616934299469,-0.8008859801576469,1.2633957142885794,0.06853188683218696,0.0,0.0,329.8462141523287,False
1761922082.5777915,79.13174533843994,-0.8000290147456227,1.255137983827156,0.0735897231554539,0.0,0.0,330.141811853902,False
1761922082.6570425,79.21099638938904,-0.8006353857237051,1.2471190508793326,0.07103459112014857,0.0,0.0,330.4122411964238,False
1761922082.7365503,79.29050421714783,-0.8002851105651527,1.2421116951354125,0.07104964643104891,0.0,0.0,330.45710883655613,False
1761922082.8222656,79.3762195110321,-0.8007995293540223,1.2223230700011969,0.0685142408700968,0.0,0.0,331.03146248478663,False
1761922082.8961556,79.45010948181152,-0.8000512973908042,1.2188651509090396,0.07353367311296291,0.0,0.0,331.1943899628936,False
1761922082.9586625,79.51261639595032,-0.8000540248359912,1.2144145509449469,0.0735266351831084,0.0,0.0,331.3259651822422,False
1761922083.0310562,79.5850100517273,-0.800633840632582,1.2066154516154965,0.07104976318296922,0.0,0.0,331.5953605118112,False
1761922083.1073172,79.66127109527588,-0.8002862680189546,1.1887732859069045,0.07105740161620033,0.0,0.0,332.0334865246231,False
1761922083.1698356,79.72378945350647,-0.8002864155519085,1.1844500916295,0.07105816552105672,0.0,0.0,332.1648229292464,False
1761922083.260489,79.8144428730011,-0.8006993034369174,1.178455216632864,0.06849447974745758,0.0,0.0,332.3484263607174,False
1761922083.3308296,79.88478350639343,-0.8000780005865304,1.1752005833342214,0.0734630357633819,0.0,0.0,332.51017035443016,False
1761922083.4114525,79.96540641784668,-0.8006316899489015,1.1549686414544478,0.07107200692824225,0.0,0.0,333.1729698283452,False
1761922083.5067482,80.060702085495,-0.8006254016040149,1.1488672932703468,0.06848054151782154,0.0,0.0,333.2703149418497,False
1761922083.5827312,80.13668513298035,-0.800095966172729,1.145755265830358,0.07341332362050952,0.0,0.0,333.43125224593024,False
1761922083.665003,80.21895694732666,-0.8001035025770236,1.1334204285933123,0.07339197748501725,0.0,0.0,333.826010073042,False
1761922083.7427325,80.29668641090393,-0.8006301967649302,1.12205212520101,0.07108810656177399,0.0,0.0,334.2247792338209,False
1761922083.833611,80.38756489753723,-0.8002818369278802,1.117862585397151,0.07107301996055299,0.0,0.0,334.268522631623,False
1761922083.933996,80.48794984817505,-0.8001229692126175,1.1013681211615522,0.07333504163204829,0.0,0.0,334.8787250147491,False
1761922084.0236218,80.57757568359375,-0.8006288659626863,1.0942545011686349,0.07110300887740496,0.0,0.0,335.14515760340356,False
1761922084.125042,80.67899584770203,-0.8001300617084545,1.0896653590886536,0.07331368396825086,0.0,0.0,335.27350198245097,False
1761922084.1882427,80.742196559906,-0.8003870398625595,1.0732704099723547,0.0684419336063829,0.0,0.0,335.7726438656652,False
1761922084.2825058,80.83645963668823,-0.8006275051020211,1.0674017733198264,0.07111867511854812,0.0,0.0,336.0655749557692,False
1761922084.3438363,80.89779019355774,-0.8006273082310552,1.0636432110416603,0.07112097522397559,0.0,0.0,336.1970662303538,False
1761922084.4333801,80.98733401298523,-0.8002643489055138,1.0599108024767538,0.0710930125886013,0.0,0.0,336.2447948423741,False
1761922084.502272,81.05622577667236,-0.8002596488887347,1.0451954227893954,0.0710995390853688,0.0,0.0,336.771641517382,False
1761922084.5830753,81.13702917098999,-0.8002534028164688,1.039896353369184,0.06842117405831094,0.0,0.0,336.95797296788277,False
1761922084.66193,81.21588397026062,-0.8001612227205442,1.0373605929075986,0.0732158530175536,0.0,0.0,337.11596791615545,False
1761922084.7422166,81.29617047309875,-0.8001695398537796,1.0231199402963502,0.07318890690311426,0.0,0.0,337.6424661274441,False
1761922084.844046,81.39800000190735,-0.8002590653958245,1.0167609340549133,0.07122066405531904,0.0,0.0,337.82321966774606,False
1761922084.9147456,81.46869945526123,-0.8002536226852603,1.0115600549254018,0.06838616114671346,0.0,0.0,338.01156573125763,False
1761922084.9759657,81.52991962432861,-0.8002537018341261,1.0046728286415367,0.0683772096532009,0.0,0.0,338.2749669252254,False
1761922085.0594127,81.61336660385132,-0.8002538400619363,0.9944902219199052,0.06836363141607987,0.0,0.0,338.67007103425755,False
1761922085.13855,81.69250392913818,-0.8001875721658669,0.9922294697665694,0.07312779729301574,0.0,0.0,338.8271323890039,False
1761922085.245451,81.79940485954285,-0.8002540027622831,0.9844859249895583,0.06834987069678379,0.0,0.0,339.06517798250576,False
1761922085.3313427,81.88529658317566,-0.8002831846903654,0.9716370580686113,0.07144094264784462,0.0,0.0,339.5952061337537,False
1761922085.431836,81.98578977584839,-0.8002835015128257,0.9668487695097361,0.07146773157920165,0.0,0.0,339.7921329164394,False
1761922085.5205672,82.0745210647583,-0.8002840087067049,0.9605343380638648,0.07150399104855437,0.0,0.0,340.0546592188218,False
1761922085.6213307,82.17528462409973,-0.8002851262579621,0.9481472013002162,0.07158028548527562,0.0,0.0,340.57959618316585,False
1761922085.7119918,82.26594567298889,-0.8008026958951866,0.9423293714179017,0.07133383949538147,0.0,0.0,340.79235929714,False
1761922085.8138688,82.36782264709473,-0.800810525760117,0.9378112443316835,0.07133426178306426,0.0,0.0,340.9970964462274,False
1761922085.8835363,82.43749022483826,-0.8002877980656573,0.9272440340493165,0.07172162647299586,0.0,0.0,341.4977290119445,False
1761922085.9498491,82.50380301475525,-0.8002883172514598,0.9243379732648577,0.07174184913742128,0.0,0.0,341.62882623410053,False
1761922086.0424864,82.59644031524658,-0.8008076867657045,0.9186046207308736,0.07133646880313746,0.0,0.0,341.8538357613591,False
1761922086.1161377,82.67009162902832,-0.800291154729792,0.9101107184694869,0.0718454974876169,0.0,0.0,342.28410110183097,False
1761922086.1886294,82.74258327484131,-0.8002920752411858,0.9059411880031379,0.07187742421963814,0.0,0.0,342.4806129667347,False
1761922086.2973516,82.85130548477173,-0.7948776273671478,0.8988793678024211,0.0714145193337201,0.0,0.0,342.77601531573885,False
1761922086.3771284,82.93108224868774,-0.7491698870649102,0.888380304474704,0.0733088822794849,0.0,0.0,343.3173663156967,False
1761922086.496901,83.05085492134094,-0.7362926791974319,0.8837638077715726,0.07330884928484646,0.0,0.0,343.54784149142824,False
1761922086.5843356,83.13828945159912,-0.7252434850759348,0.8798565439503517,0.07330881824830848,0.0,0.0,343.7453916177809,False
1761922086.6636393,83.2175931930542,-0.692032039714297,0.8696612964076317,0.07330880658405509,0.0,0.0,344.27218239820843,False
1761922086.7432854,83.29723930358887,-0.6808961485636844,0.8665425641152495,0.07330880658405606,0.0,0.0,344.43680743231636,False
1761922086.8453615,83.39931535720825,-0.6675213195900948,0.862842339512822,0.07330880658405606,0.0,0.0,344.6343574732458,False
1761922086.9174623,83.47141623497009,-0.6384992416024352,0.8549835195262624,0.07330880658405606,0.0,0.0,345.06238256192637,False
1761922086.9800107,83.53396463394165,-0.6206106199898004,0.850255165667266,0.07330880658405606,0.0,0.0,345.32578261649917,False
1761922087.0785851,83.63253903388977,-0.6071799921653094,0.8467628958579294,0.07330880658405606,0.0,0.0,345.5233326574285,False
1761922087.157511,83.71146488189697,-0.5959786585518702,0.8438880587998607,0.07330880658405606,0.0,0.0,345.68795769153644,True
1761922087.2694554,83.82340931892395,-0.5533394682519692,0.8332575046158163,0.07330880658405606,0.0,0.0,346.3135328211466,False
1761922087.3461635,83.90011739730835,-0.5420995525833711,0.8305374203169733,0.07330880658405606,0.0,0.0,346.47815785525444,False
1761922087.4552534,84.00920724868774,-0.5128396443775115,0.8236164497139702,0.07330880658405606,0.0,0.0,346.90618294393505,False
1761922087.5520937,84.10604763031006,-0.48804144989765835,0.8179311067445459,0.07330880658405606,0.0,0.0,347.26835801897244,False
1761922087.6650896,84.21904349327087,-0.4722422647009286,0.8143948209599036,0.07330880658405606,0.0,0.0,347.49883306672353,False
1761922087.7430863,84.29704022407532,-0.43381463261976916,0.8060715158672918,0.07330880658405606,0.0,0.0,348.0585581826903,False
1761922087.857301,84.4112548828125,-0.4202327746652714,0.8032235610423287,0.07330880658405606,0.0,0.0,348.2561082236199,False
1761922087.9502997,84.50425362586975,-0.40437497641507725,0.7999601571924533,0.07330880658405606,0.0,0.0,348.4865832713708,False
1761922088.0465403,84.60049414634705,-0.3635387099812201,0.7918616994858559,0.07330880658405606,0.0,0.0,349.07923339415953,False
1761922088.1222563,84.6762101650238,-0.3521806374808481,0.7896871301247387,0.07330880658405606,0.0,0.0,349.24385842826734,False
1761922088.1880577,84.74201154708862,-0.34308971012351147,0.7879709771033929,0.07330880658405606,0.0,0.0,349.3755584555536,False
1761922088.2741466,84.82810044288635,-0.33172054303371284,0.7858551787873325,0.07330880658405606,0.0,0.0,349.54018348966156,False
1761922088.3394535,84.89340734481812,-0.30441010913772065,0.7809106100725911,0.07330880658405606,0.0,0.0,349.9352835715206,False
1761922088.4501588,85.0041127204895,-0.2793461306287241,0.7765436253644452,0.07330880658405606,0.0,0.0,350.29745864655797,False
1761922088.5365734,85.09052729606628,-0.2656633818623536,0.7742284367376627,0.07330880658405606,0.0,0.0,350.4950086874877,False
1761922088.6182766,85.17223048210144,-0.23370652254237448,0.7690098946803199,0.07330880658405606,0.0,0.0,350.9559587829897,False
1761922088.694119,85.24807286262512,-0.21771260761242223,0.7664970764925709,0.07330880658405604,0.0,0.0,351.18643383074055,False
1761922088.773561,85.32751488685608,-0.2062822582754003,0.7647416059392274,0.07330880658405606,0.0,0.0,351.35105886484854,False
1761922088.853066,85.40701985359192,-0.19484691222345346,0.7630189848252775,0.07330880658405606,0.0,0.0,351.5156838989564,False
1761922088.9464843,85.50043821334839,-0.15593063161477852,0.7574079761266084,0.07330880658405606,0.0,0.0,352.07540901492337,False
1761922089.0373068,85.5912606716156,-0.1444744220884771,0.7558300578399109,0.07330880658405606,0.0,0.0,352.2400340490312,False
1761922089.1043196,85.65827345848083,-0.13301372610514461,0.7542850625623665,0.07330880658405606,0.0,0.0,352.40465908313917,False
1761922089.168237,85.7221908569336,-0.09860566573734328,0.7498477409729454,0.07330880658405606,0.0,0.0,352.89853418546284,False
1761922089.2649364,85.81889033317566,-0.08483194677026669,0.7481558845968973,0.07330880658405606,0.0,0.0,353.0960842263924,False
1761922089.34461,85.89856386184692,-0.07334944719844594,0.7467822884360305,0.07330880658405606,0.0,0.0,353.2607092605004,False
1761922089.432732,85.98668599128723,-0.05037284503838056,0.7441341002921696,0.07330880658405604,0.0,0.0,353.589959328716,False
1761922089.518809,86.072762966156,-0.022781402621160463,0.7411306248553824,0.07330880658405606,0.0,0.0,353.9850594105751,False
1761922089.606535,86.16048884391785,-0.011278973888245673,0.7399353441041678,0.07330880658405606,0.0,0.0,354.149684444683,False
1761922089.6927228,86.2466766834259,0.02785404902001225,0.7361186920252628,0.07330880658405604,0.0,0.0,354.7094095606499,False
1761922089.7718759,86.32582974433899,0.0393706692516475,0.7350689200165387,0.07330880658405606,0.0,0.0,354.87403459475763,False
1761922089.8591466,86.41310048103333,0.05089025819734024,0.7340522424116499,0.07330880658405606,0.0,0.0,355.0386596288655,False
1761922089.9241438,86.47809767723083,0.06471754973142915,0.7328759256972854,0.07330880658405606,0.0,0.0,355.2362096697952,False
1761922090.0071247,86.5610785484314,0.09930280347475373,0.7301437718450882,0.07330880658405606,0.0,0.0,355.7300847721187,False
1761922090.089591,86.64354491233826,0.11314328322853104,0.7291343995815182,0.07330880658405606,0.0,0.0,355.9276348130483,False
1761922090.1698127,86.72376656532288,0.1246796189880562,0.7283297132615714,0.07330880658405606,0.0,0.0,356.0922598471564,False
1761922090.2339964,86.78795027732849,0.15699310186983256,0.7262529699335823,0.07330880658405606,0.0,0.0,356.5532099426583,False
1761922090.3297184,86.88367223739624,0.1731558472056334,0.7253121015892938,0.07330880658405604,0.0,0.0,356.78368499040937,False
1761922090.4188554,86.97280931472778,0.18470291764499494,0.7246798618417052,0.07330880658405604,0.0,0.0,356.9483100245175,False
1761922090.489863,87.04381680488586,0.21242292234247018,0.7232978709104331,0.07330880658405606,0.0,0.0,357.3434101063764,False
1761922090.56562,87.11957383155823,0.2332188194205,0.722386838222804,0.07330880658405606,0.0,0.0,357.6397351677707,False
1761922090.680909,87.23486280441284,0.2493964997170257,0.7217526219705362,0.07330880658405606,0.0,0.0,357.87021021552215,False
1761922090.7884617,87.34241557121277,0.291006732829297,0.7204206408051481,0.07330880658405606,0.0,0.0,358.46286033831024,False
1761922090.866395,87.42034888267517,0.3025673711713813,0.7201270357072062,0.07330880658405606,0.0,0.0,358.6274853724176,False
1761922090.9305375,87.4844913482666,0.31181645945969905,0.7199160683070209,0.07330880658405606,0.0,0.0,358.7591853997038,False
1761922091.0138252,87.56777906417847,0.323378461664247,0.719682256733233,0.07330880658405606,0.0,0.0,358.92381043381374,False
1761922091.103532,87.65748596191406,0.3626933660054252,0.7191358030081472,0.07330880658405606,0.0,0.0,359.48353554978013,False
1761922091.2237024,87.7776563167572,0.37888307620760797,0.7190224292873222,0.07330880658405604,0.0,0.0,359.71401059752725,False
1761922091.3083496,87.8623034954071,0.41357607091911747,0.7189987837931029,0.07330880658405604,0.0,0.0,0.20788569985163932,False
1761922091.373441,87.92739486694336,0.42976592062292257,0.7190900887734526,0.07330880658405604,0.0,0.0,0.4383607476037813,False
1761922091.45669,88.01064395904541,0.44132980919993287,0.719195178299583,0.07330880658405606,0.0,0.0,0.6029857817117271,False
1761922091.5299542,88.08390808105469,0.4528933480958456,0.7193334932760709,0.07330880658405606,0.0,0.0,0.767610815821454,False
1761922091.6314733,88.18542718887329,0.4945177173185848,0.7201065135161652,0.07330880658405606,0.0,0.0,1.3602609386086342,False
1761922091.737369,88.29132294654846,0.5107024562846595,0.7205234003488359,0.07330880658405606,0.0,0.0,1.5907359863597583,False
1761922091.8403986,88.39435243606567,0.5245736606804609,0.7209325467664935,0.07330880658405604,0.0,0.0,1.788286027289497,False
1761922091.9083772,88.46233105659485,0.5638667506933958,0.7223514873096664,0.07330880658405606,0.0,0.0,2.348011143256004,False
1761922091.991792,88.54574584960938,0.5754207149353363,0.722841867902645,0.07330880658405606,0.0,0.0,2.5126361773644588,False
1761922092.0838487,88.6378026008606,0.5892835408207096,0.7234741420939597,0.07330880658405606,0.0,0.0,2.7101862182937393,False
1761922092.164511,88.7184648513794,0.6262395683042162,0.7253938427989673,0.07330880658405606,0.0,0.0,3.236986327438606,False
1761922092.259753,88.81370687484741,0.6377845336526289,0.726063423215315,0.07330880658405606,0.0,0.0,3.401611361546501,False
1761922092.3556068,88.9095606803894,0.6539441516344314,0.7270565580064946,0.07330880658405606,0.0,0.0,3.6320864092974725,False
1761922092.4545908,89.00854468345642,0.6931712437106723,0.7297390125302077,0.07330880658405606,0.0,0.0,4.191811525264438,False
1761922092.5312304,89.08518433570862,0.704703448043204,0.7306008861072157,0.07330880658405606,0.0,0.0,4.356436559372078,False
1761922092.6211016,89.17505550384521,0.7162331283994919,0.7314958909741507,0.07330880658405604,0.0,0.0,4.521061593480227,False
1761922092.7205312,89.27448511123657,0.7600212170780201,0.7351989331792033,0.07330880658405606,0.0,0.0,5.146636723090116,False
1761922092.7852914,89.33924531936646,0.7692344526554721,0.7360394280354711,0.07330880658405606,0.0,0.0,5.278336750376575,False
1761922092.8784275,89.43238139152527,0.7830506227530057,0.7373398725814673,0.07330880658405604,0.0,0.0,5.475886791305957,False
1761922092.97708,89.53103399276733,0.8221710977106513,0.741283063436329,0.07330880658405606,0.0,0.0,6.035611907272616,False
1761922093.0772748,89.63122868537903,0.8359688736653359,0.7427659966396504,0.07330880658405606,0.0,0.0,6.23316194820205,False
1761922093.1579392,89.71189308166504,0.8474630588451814,0.744038109009463,0.07330880658405606,0.0,0.0,6.397786982310047,False
1761922093.2498136,89.80376744270325,0.8865150259103821,0.7486102183003814,0.07330880658405606,0.0,0.0,6.95751209827691,False
1761922093.3493543,89.90330815315247,0.9025819362232902,0.7506036984302558,0.07330880658405604,0.0,0.0,7.187987146027881,False
1761922093.4393888,89.99334263801575,0.9140533268024091,0.7520671740915847,0.07330880658405606,0.0,0.0,7.3526121801357744,False
1761922093.5262487,90.08020257949829,0.9553144448160916,0.7576084567719282,0.07330880658405606,0.0,0.0,7.945262302924076,False
1761922093.6165953,90.17054915428162,0.9667654913408477,0.7592234169317715,0.07330880658405606,0.0,0.0,8.109887337032022,False
1761922093.6987975,90.25275135040283,0.9805005514288692,0.7612047893247392,0.07330880658405604,0.0,0.0,8.307437377961405,False
1761922093.8055377,90.35949158668518,1.0216635997836752,0.7674328808159083,0.07330880658405606,0.0,0.0,8.900087500749857,False
1761922093.9364977,90.49045157432556,1.0422204155522186,0.7707065089707426,0.07330880658405604,0.0,0.0,9.196412562144006,False
1761922094.033552,90.58750581741333,1.0559154346773096,0.7729479735242345,0.07330880658405604,0.0,0.0,9.39396260307349,False
1761922094.109497,90.6634509563446,1.0946750377627625,0.7795550518261637,0.07330880658405604,0.0,0.0,9.953687719040252,False
1761922094.1717815,90.7257354259491,1.1037854324145289,0.7811646637974522,0.07330880658405606,0.0,0.0,10.085387746326507,True
1761922094.2673957,90.82134962081909,1.1174440270108832,0.7836183357057581,0.07330880658405606,0.0,0.0,10.282937787256042,False
1761922094.3302367,90.8841905593872,1.1265450216595918,0.7852802736748844,0.07330880658405604,0.0,0.0,10.414637814542296,False
1761922094.410483,90.96443676948547,1.1629100780188777,0.7921370873769256,0.07330880658405606,0.0,0.0,10.94143792368752,False
1761922094.4745026,91.02845644950867,1.171991371378693,0.7939035109733503,0.07330880658405604,0.0,0.0,11.073137950973877,False
1761922094.5544345,91.10838842391968,1.1833372389292625,0.7961408871944952,0.07330880658405606,0.0,0.0,11.237762985081668,False
1761922094.6323357,91.1862895488739,1.1992105539189755,0.7993279612866017,0.07330880658405606,0.0,0.0,11.468238032832843,False
1761922094.7303,91.2842538356781,1.2354433806508867,0.8068522875138278,0.07330880658405606,0.0,0.0,11.995038141978068,False
1761922094.812079,91.36603283882141,1.2467517812792757,0.8092719234488095,0.07330880658405604,0.0,0.0,12.15966317608596,False
1761922094.8853269,91.43928074836731,1.2580531830224462,0.8117240412007685,0.07330880658405604,0.0,0.0,12.324288210193808,False
1761922094.9671783,91.52113223075867,1.2941695497176533,0.8197888583032095,0.07330880658405606,0.0,0.0,12.851088319339029,False
1761922095.0628579,91.61681175231934,1.3076938406271494,0.822898724470184,0.07330880658405606,0.0,0.0,13.048638360268411,False
1761922095.1405156,91.6944694519043,1.3189558376782549,0.8255258874363698,0.07330880658405606,0.0,0.0,13.213263394376307,False
1761922095.2754211,91.82937502861023,1.361681369731563,0.8358039291979492,0.07330880658405606,0.0,0.0,13.838838523986295,False
1761922095.348021,91.90197491645813,1.3751500411190876,0.8391464736233942,0.07330880658405606,0.0,0.0,14.036388564915832,False
1761922095.4312844,91.98523831367493,1.3863650759632948,0.8419673877080897,0.07330880658405606,0.0,0.0,14.201013599023675,False
1761922095.51973,92.07368397712708,1.4244346679450934,0.8517992990873207,0.07330880658405606,0.0,0.0,14.760738714990486,False
1761922095.6193624,92.17331624031067,1.4378478160222194,0.8553581150199396,0.07330880658405606,0.0,0.0,14.958288755919922,False
1761922095.7113907,92.26534461975098,1.475784138862071,0.8656923167027136,0.07330880658405604,0.0,0.0,15.518013871886785,False
1761922095.7732577,92.32721161842346,1.4846955318430288,0.8681777173842892,0.07330880658405604,0.0,0.0,15.649713899172989,False
1761922095.86854,92.42249393463135,1.4980518507153062,0.8719442089033588,0.07330880658405604,0.0,0.0,15.847263940102524,False
1761922095.9490626,92.5030164718628,1.520283268617977,0.8783239585304228,0.07330880658405604,0.0,0.0,16.176514008318264,False
1761922096.0565755,92.61052942276001,1.546912028518448,0.8861481329613279,0.07330880658405606,0.0,0.0,16.57161409017728,False
1761922096.1554694,92.70942330360413,1.5646342872779013,0.8914661831565459,0.07330880658405606,0.0,0.0,16.83501414474984,False
1761922096.2743146,92.82826852798462,1.6044187268535166,0.9037293002617819,0.07330880658405606,0.0,0.0,17.427664267538294,False
1761922096.393923,92.94787693023682,1.6220595541080935,0.9093115334340939,0.07330880658405606,0.0,0.0,17.691064322111007,False
1761922096.4845457,93.03849959373474,1.6396745324084263,0.9149748057120889,0.07330880658405606,0.0,0.0,17.954464376683568,False
1761922096.5652351,93.11918902397156,1.6704374259566295,0.9250801715809275,0.07330880658405606,0.0,0.0,18.415414472185613,False
1761922096.6652112,93.21916508674622,1.6835964472733314,0.9294867428293876,0.07330880658405606,0.0,0.0,18.612964513114996,False
1761922096.7346392,93.28859305381775,1.6967401969918914,0.9339386587671628,0.07330880658405606,0.0,0.0,18.810514554044637,False
1761922096.831821,93.38577485084534,1.7317143473838945,0.9460317155567429,0.07330880658405606,0.0,0.0,19.337314663189908,False
1761922096.8989038,93.45285773277283,1.7426208029315318,0.9498766850257268,0.07330880658405606,0.0,0.0,19.50193969729775,False
1761922096.9975564,93.55151033401489,1.7556938994946047,0.9545319893588244,0.07330880658405604,0.0,0.0,19.69948973822724,False
1761922097.0928354,93.64678931236267,1.7948157963397788,0.9687679600218347,0.07330880658405606,0.0,0.0,20.292139861015585,False
1761922097.1691024,93.72305631637573,1.805656664619747,0.972794141558527,0.07330880658405606,0.0,0.0,20.45676489512353,False
1761922097.2671444,93.82109832763672,1.818650369586948,0.9776666505022351,0.07330880658405606,0.0,0.0,20.654314936053016,False
1761922097.3423674,93.8963212966919,1.8553737030390853,0.9917150345798678,0.07330880658405606,0.0,0.0,21.214040052019875,False
1761922097.4275136,93.98146748542786,1.866148388784064,0.9959151190941321,0.07330880658405604,0.0,0.0,21.378665086127775,False
1761922097.518214,94.07216787338257,1.8790620155593372,1.0009960595277656,0.07330880658405606,0.0,0.0,21.576215127057257,False
1761922097.585348,94.13930177688599,1.9091251202883153,1.013024516322204,0.07330880658405604,0.0,0.0,22.037165222559352,False
1761922097.667351,94.22130489349365,1.921979500259288,1.0182535341786492,0.07330880658405606,0.0,0.0,22.234715263488788,False
1761922097.7554348,94.30938863754272,1.9348157747359735,1.023526841465388,0.07330880658405606,0.0,0.0,22.43226530441827,False
1761922097.8548226,94.40877652168274,1.9519023795517145,1.0306267040898753,0.07330880658405606,0.0,0.0,22.695665358990983,False
1761922097.9283588,94.48231267929077,1.9838510202963389,1.044150342495762,0.07330880658405606,0.0,0.0,23.189540461314618,False
1761922097.9935267,94.54748058319092,1.9923508679810613,1.0478031127794727,0.07330880658405604,0.0,0.0,23.321240488600974,False
1761922098.0714436,94.62539744377136,2.0029638335289595,1.0523965347184114,0.07330880658405604,0.0,0.0,23.48586552270887,False
1761922098.1406384,94.69459223747253,2.0114446760485376,1.0560932158741443,0.07330880658405604,0.0,0.0,23.617565549995128,False
1761922098.2293797,94.78333353996277,2.0473926694298474,1.0720212442168782,0.07330880658405606,0.0,0.0,24.177290665962087,False
1761922098.3005576,94.85451149940491,2.0579358231542826,1.0767727147653448,0.07330880658405606,0.0,0.0,24.341915700069933,False
1761922098.3815727,94.93552660942078,2.0684652812203033,1.0815544587637136,0.07330880658405606,0.0,0.0,24.506540734177825,False
1761922098.4769185,95.0308723449707,2.1062565878156754,1.0990187886763434,0.07330880658405606,0.0,0.0,25.09919085696623,False
1761922098.5551686,95.10912251472473,2.1167219280054463,1.1039392782396247,0.07330880658405604,0.0,0.0,25.263815891074177,False
1761922098.6461816,95.20013546943665,2.1271730872249743,1.1088898169777917,0.07330880658405604,0.0,0.0,25.42844092518207,False
1761922098.7161322,95.27008605003357,2.137609979194153,1.113870364021408,0.07330880658405606,0.0,0.0,25.593065959289962,False
1761922098.8022163,95.35617017745972,2.172987533726161,1.1310281304950653,0.07330880658405606,0.0,0.0,26.152791075256825,False
1761922098.8887987,95.44275259971619,2.183360627786618,1.136140222282478,0.07330880658405606,0.0,0.0,26.317416109364775,False
1761922098.9683297,95.52228355407715,2.193718990737485,1.1412820974081617,0.07330880658405606,0.0,0.0,26.48204114347267,False
1761922099.091829,95.64578294754028,2.230885803299659,1.1600387953438531,0.07330880658405606,0.0,0.0,27.074691266261123,False
1761922099.1731062,95.72706007957458,2.245286850153284,1.1674367288087417,0.07330880658405606,0.0,0.0,27.305166314012194,False
1761922099.2529922,95.80694603919983,2.2535026214554366,1.171690109031549,0.07330880658405604,0.0,0.0,27.4368663412985,False
1761922099.331859,95.885812997818,2.2903517102415067,1.1910635529463214,0.07330880658405606,0.0,0.0,28.029516464087006,False
1761922099.4255931,95.9795470237732,2.3005518233760904,1.1965126129452315,0.07330880658405606,0.0,0.0,28.19414149819485,False
1761922099.506862,96.06081581115723,2.312771229600587,1.2030901370768408,0.07330880658405606,0.0,0.0,28.39169153912438,False
1761922099.603827,96.15778088569641,2.349292361228691,1.2230749467603288,0.07330880658405606,0.0,0.0,28.984341661912886,False
1761922099.6953483,96.24930214881897,2.3614198936861057,1.2298203651072903,0.07330880658405606,0.0,0.0,29.181891702842364,False
1761922099.758775,96.31272888183594,2.3694919633465203,1.2343405236007998,0.07330880658405606,0.0,0.0,29.313591730128834,False
1761922099.8412974,96.39525127410889,2.3795674044715933,1.2400167942924774,0.07330880658405606,0.0,0.0,29.478216764236723,False
1761922099.9330065,96.48696041107178,2.4157030114980182,1.260690535567683,0.07330880658405604,0.0,0.0,30.070866887025176,False
1761922100.0326114,96.58656525611877,2.425702551836097,1.2664994731518835,0.07330880658405604,0.0,0.0,30.235491921133224,False
1761922100.108061,96.66201496124268,2.4376799070422512,1.2735080874547844,0.07330880658405606,0.0,0.0,30.43304196206271,False
1761922100.1861842,96.74013805389404,2.469500647327366,1.2923991886896433,0.07330880658405606,0.0,0.0,30.959842071208083,False
1761922100.2826755,96.83662939071655,2.4813884427804367,1.2995586601399047,0.07330880658405606,0.0,0.0,31.15739211213757,False
1761922100.3780515,96.93200540542603,2.4932514824894403,1.3067590768669959,0.07330880658405606,0.0,0.0,31.354942153067007,False
1761922100.473716,97.02766990661621,2.5247641553960056,1.3261597125380822,0.07330880658405606,0.0,0.0,31.88174226221253,False
1761922100.5550542,97.10900807380676,2.5345751365736904,1.332281739258142,0.07330880658405604,0.0,0.0,32.04636729632053,False
1761922100.6664147,97.22036862373352,2.5463250345043393,1.3396653434458345,0.07330880658405606,0.0,0.0,32.24391733725006,False
1761922100.7610106,97.31496453285217,2.5833639689728205,1.3633133151375136,0.07330880658405606,0.0,0.0,32.86949246686021,False
1761922100.8717184,97.42567229270935,2.596944484729348,1.3721274606898588,0.07330880658405606,0.0,0.0,33.09996751461133,False
1761922100.9498162,97.50377011299133,2.6066230913637507,1.3784566894301176,0.07330880658405606,0.0,0.0,33.26459254871928,False
1761922101.0199862,97.57394003868103,2.633625976471301,1.3963261671692544,0.07330880658405606,0.0,0.0,33.72554264422153,False
1761922101.1087058,97.66265964508057,2.647073290148339,1.4053422264471533,0.07330880658405606,0.0,0.0,33.95601769197255,True
1761922101.2131703,97.76712417602539,2.6585706147341757,1.4131132778270563,0.07330880658405606,0.0,0.0,34.15356773290213,False
1761922101.2831788,97.83713269233704,2.691000039369961,1.4353459729588125,0.07330880658405606,0.0,0.0,34.713292848869045,False
1761922101.3631017,97.91705560684204,2.7004966154946195,1.4419451853920213,0.07330880658405604,0.0,0.0,34.877917882976995,False
1761922101.4674218,98.02137565612793,2.711867419489646,1.4499002170505306,0.07330880658405606,0.0,0.0,35.07546792390658,False
1761922101.5378463,98.09180021286011,2.7364096561480324,1.4672703259191222,0.07330880658405606,0.0,0.0,35.503493012587285,False
1761922101.62601,98.17996382713318,2.75332410220454,1.479402960853028,0.07330880658405606,0.0,0.0,35.79981807398159,False
1761922101.7015254,98.25547933578491,2.7626938345525915,1.4861810637259478,0.07330880658405604,0.0,0.0,35.96444310808953,False
1761922101.7772963,98.33125019073486,2.7720440530748127,1.4929860601562706,0.07330880658405606,0.0,0.0,36.12906814219748,False
1761922101.8583527,98.41230654716492,2.8018327213500274,1.514942117647263,0.07330880658405606,0.0,0.0,36.65586825134285,False
1761922101.95195,98.50590395927429,2.812951237477953,1.523246111342722,0.07330880658405606,0.0,0.0,36.853418292272345,False
1761922102.049935,98.60388898849487,2.8240410562455187,1.531588391120081,0.07330880658405606,0.0,0.0,37.050968333201936,False
1761922102.1281693,98.6821231842041,2.8534726065705063,1.5540208912844873,0.07330880658405606,0.0,0.0,37.577768442347306,False
1761922102.2170014,98.77095532417297,2.862627529938116,1.5610864373329676,0.07330880658405606,0.0,0.0,37.74239347645535,False
1761922102.2873204,98.84127426147461,2.8699368282940263,1.5667577951027885,0.07330880658405606,0.0,0.0,37.87409350374171,False
1761922102.3666253,98.92057919502258,2.8972301073179105,1.5881746427066397,0.07330880658405604,0.0,0.0,38.367968606065546,False
1761922102.4661798,99.02013373374939,2.9135171066069034,1.6011373958863566,0.07330880658405604,0.0,0.0,38.6642936674599,False
1761922102.5410933,99.09504723548889,2.922536404866587,1.6083752700033107,0.07330880658405606,0.0,0.0,38.828918701567844,False
1761922102.6319914,99.18594527244568,2.9458888946044097,1.6273147337060658,0.07330880658405606,0.0,0.0,39.256943790248606,False
1761922102.7647877,99.3187415599823,2.9690992477770073,1.6464281208445675,0.07330880658405606,0.0,0.0,39.68496887892942,False
1761922102.8392727,99.39322662353516,3.0062893478396986,1.6776682735288038,0.07330880658405606,0.0,0.0,40.37639402218309,False
1761922102.9390278,99.49298167228699,3.041355566717874,1.7078359916706225,0.07330880658405606,0.0,0.0,41.034894158614875,False
1761922103.0443728,99.59832668304443,3.060493509161816,1.7245994260786728,0.07330880658405606,0.0,0.0,41.39706923365241,False
1761922103.1125042,99.66645812988281,3.074345260558567,1.7368668258299862,0.07330880658405604,0.0,0.0,41.66046928822517,False
1761922103.1904094,99.74436330795288,3.0915804036464234,1.7522904113407636,0.07330880658405604,0.0,0.0,41.989719356441064,False
1761922103.2686453,99.82259917259216,3.1087266310519026,1.767812783357529,0.07330880658405606,0.0,0.0,42.31896942465701,False
1761922103.383691,99.9376449584961,3.1291839382286066,1.7865693060213916,0.07330880658405604,0.0,0.0,42.714069506516125,False
1761922103.4802692,100.0342230796814,3.1511994850098235,1.8070475325614728,0.07330880658405606,0.0,0.0,43.14209459519684,False
1761922103.5624144,100.1163682937622,3.166351115452094,1.8213208436972532,0.07330880658405604,0.0,0.0,43.43841965659119,False
1761922103.6415572,100.19551110267639,3.179757102280265,1.8340738680671318,0.07330880658405606,0.0,0.0,43.70181971116396,False
1761922103.725233,100.27918696403503,3.199755801254454,1.8533186231630496,0.07330880658405606,0.0,0.0,44.096919793023076,False
1761922103.80535,100.35930395126343,3.214667476326203,1.8678424402368254,0.07330880658405606,0.0,0.0,44.393244854417325,False
1761922103.8818407,100.43579459190369,3.2278590843440496,1.8808170921134393,0.07330880658405606,0.0,0.0,44.656644908990046,False
1761922103.9480336,100.50198745727539,3.2409909061287117,1.8938522511086988,0.07330880658405606,0.0,0.0,44.92004496356276,False
1761922104.0604362,100.6143901348114,3.263826899584381,1.9168085452716008,0.07330880658405604,0.0,0.0,45.38099505906506,False
1761922104.1669602,100.7209141254425,3.281639459866225,1.9349740694959754,0.07330880658405606,0.0,0.0,45.74317013410274,False
1761922104.2513187,100.80527257919312,3.2977327637394693,1.9515855931380346,0.07330880658405606,0.0,0.0,46.07242020231868,False
1761922104.3376708,100.89162468910217,3.3169183271195655,1.9716410840856624,0.07330880658405606,0.0,0.0,46.4675202841778,False
1761922104.4309936,100.98494744300842,3.329631673384666,1.9850847048836284,0.07330880658405604,0.0,0.0,46.73092033875057,False
1761922104.5008621,101.05481600761414,3.343860140394385,2.000278454993173,0.07330880658405606,0.0,0.0,47.02724540014492,False
1761922104.5703444,101.1242983341217,3.3595771474983183,2.017246449422749,0.07330880658405606,0.0,0.0,47.35649546836091,False
1761922104.687663,101.24161696434021,3.3783084601042948,2.037726842178245,0.07330880658405606,0.0,0.0,47.75159555022014,False
1761922104.7764547,101.33040857315063,3.3953543959258004,2.056613600664276,0.07330880658405604,0.0,0.0,48.11377062525787,False
1761922104.8674996,101.42145347595215,3.412280606005343,2.075607730980872,0.07330880658405606,0.0,0.0,48.4759457002954,False
1761922104.9420788,101.49603271484375,3.4260397984278934,2.0912277162471,0.07330880658405604,0.0,0.0,48.77227076168987,False
1761922105.0113688,101.56532263755798,3.4366854335360237,2.103425667844632,0.07330880658405604,0.0,0.0,49.00274580944093,False
1761922105.0772624,101.63121628761292,3.448791676492941,2.1174184872490223,0.07330880658405604,0.0,0.0,49.266145864013744,False
1761922105.1398106,101.6937644481659,3.462334142706061,2.1332267422034565,0.07330880658405606,0.0,0.0,49.56247092540805,False
1761922105.2176075,101.77156138420105,3.474303113667682,2.14733715848136,0.07330880658405606,0.0,0.0,49.82587097998076,False
1761922105.2822134,101.83616733551025,3.4847226559645836,2.1597287971282175,0.07330880658405604,0.0,0.0,50.056346027732,False
1761922105.3784971,101.93245100975037,3.502468471519238,2.18106877345581,0.07330880658405606,0.0,0.0,50.45144610959107,False
1761922105.4683022,102.02225613594055,3.518605847363532,2.200737496723994,0.07330880658405606,0.0,0.0,50.813621184628644,False
1761922105.5412056,102.09515953063965,3.52881022636465,2.2133069127499194,0.07330880658405606,0.0,0.0,51.044096232379815,False
1761922105.633629,102.18758296966553,3.543300018927923,2.231334199255117,0.07330880658405606,0.0,0.0,51.37334630059586,False
1761922105.728556,102.28250980377197,3.563411183500679,2.256711651813021,0.07330880658405606,0.0,0.0,51.83429639609832,False
1761922105.7930248,102.3469786643982,3.5733900418647555,2.2694608461319143,0.07330880658405606,0.0,0.0,52.06477144384944,False
1761922105.878859,102.43281292915344,3.584731546316295,2.2840803669924523,0.07330880658405604,0.0,0.0,52.32817149842225,False
1761922105.945264,102.49921798706055,3.5974102484097568,2.3005894502214845,0.07330880658405606,0.0,0.0,52.624496559816556,False
1761922106.0397005,102.59365439414978,3.6141820459001597,2.3227031420955915,0.07330880658405606,0.0,0.0,53.01959664167572,False
1761922106.1162674,102.67022132873535,3.6252783547734997,2.337509628606689,0.07330880658405606,0.0,0.0,53.28299669624854,False
1761922106.178376,102.73232984542847,3.634931699707173,2.350507032255985,0.07330880658405606,0.0,0.0,53.513471743999716,False
1761922106.243927,102.79788088798523,3.647266183342133,2.3672748535007613,0.07330880658405606,0.0,0.0,53.80979680539407,False
1761922106.337887,102.89184093475342,3.6622236380976276,2.3878551382747366,0.07330880658405606,0.0,0.0,54.171971880431656,False
1761922106.4257176,102.97967147827148,3.674364598865385,2.4047636091539633,0.07330880658405606,0.0,0.0,54.468296941826004,False
1761922106.4910603,103.04501414299011,3.686417949609149,2.4217346448231787,0.07330880658405606,0.0,0.0,54.76462200322041,False
1761922106.5777116,103.13166546821594,3.6983833679264735,2.4387677913419314,0.07330880658405606,0.0,0.0,55.060947064614766,False
1761922106.694319,103.24827289581299,3.7168207084141525,2.465386178117665,0.07330880658405606,0.0,0.0,55.52189716011716,False
1761922106.762845,103.31679892539978,3.729858831763223,2.484489698390162,0.07330880658405606,0.0,0.0,55.851147228333105,False
1761922106.8513563,103.40531015396118,3.7414991109532516,2.5017466742612715,0.07330880658405606,0.0,0.0,56.14747228972756,False
1761922106.913508,103.46746182441711,3.750490865922227,2.515210251520274,0.07330880658405606,0.0,0.0,56.37794733747874,False
1761922107.0034614,103.5574152469635,3.7645111431670246,2.5364400748855225,0.07330880658405606,0.0,0.0,56.74012241251632,False
1761922107.0931292,103.64708304405212,3.779652602468602,2.5597004439621474,0.07330880658405606,0.0,0.0,57.13522249437549,False
1761922107.1742647,103.72821855545044,3.789657643066142,2.575265124365465,0.07330880658405606,0.0,0.0,57.39862254894846,False
1761922107.2539933,103.80794715881348,3.800827647897995,2.592830155190783,0.07330880658405606,0.0,0.0,57.694947610342815,False
1761922107.3586717,103.91262555122375,3.818022239854597,2.6202677215232257,0.07330880658405604,0.0,0.0,58.15589770584547,False
1761922107.4468274,104.00078129768372,3.827748436197705,2.6360081541129343,0.07330880658405606,0.0,0.0,58.41929776041833,False
1761922107.5161061,104.07006001472473,3.8386037792891563,2.653769371475628,0.07330880658405606,0.0,0.0,58.71562282181284,False
1761922107.5999827,104.15393662452698,3.8505573542297764,2.6735696036309875,0.07330880658405606,0.0,0.0,59.04487289002904,False
1761922107.679422,104.23337578773499,3.861218131034605,2.691448282378468,0.07330880658405604,0.0,0.0,59.341197951423496,False
1761922107.7487862,104.3027400970459,3.8717862998661507,2.709381857688088,0.07330880658405604,0.0,0.0,59.637523012818,False
1761922107.8551996,104.4091534614563,3.883419751659567,2.729371853852107,0.07330880658405606,0.0,0.0,59.96677308103425,True
1761922107.9251447,104.4790985584259,3.893791489495117,2.7474197448676394,0.07330880658405606,0.0,0.0,60.2630981424287,False
1761922108.0063446,104.56029844284058,3.9063410831347785,2.769550747412033,0.07330880658405606,0.0,0.0,60.62527321746674,False
1761922108.0794203,104.63337421417236,3.9153800649632027,2.785695620310921,0.07330880658405606,0.0,0.0,60.88867327203966,False
1761922108.149053,104.70300698280334,3.9232282178533002,2.799856342970619,0.07330880658405606,0.0,0.0,61.11914831979094,False
1761922108.239631,104.7935848236084,3.936549452715988,2.8242049211856854,0.07330880658405606,0.0,0.0,61.51424840165026,False
1761922108.3043973,104.85835123062134,3.945336860145239,2.8404880899217817,0.07330880658405606,0.0,0.0,61.77764845622333,False
1761922108.3838263,104.93778014183044,3.954049318026738,2.8568114839033965,0.07330880658405606,0.0,0.0,62.041048510796244,False
1761922108.4530478,105.00700163841248,3.962686642229706,2.8731747581487523,0.07330880658405606,0.0,0.0,62.30444856536921,False
1761922108.516415,105.07036900520325,3.9723135965075524,2.8916306804277983,0.07330880658405606,0.0,0.0,62.60077362676376,False
1761922108.58564,105.13959383964539,3.9807906575262813,2.908077550947768,0.07330880658405606,0.0,0.0,62.86417368133664,False
1761922108.6597416,105.21369552612305,3.988145995301138,2.922500400050806,0.07330880658405606,0.0,0.0,63.094648729087915,False
1761922108.7302334,105.28418731689453,3.9975175055021537,2.9410873339666024,0.07330880658405606,0.0,0.0,63.39097379048247,False
1761922108.7926965,105.34665036201477,4.0067927620007815,2.959722487111201,0.07330880658405606,0.0,0.0,63.687298851876825,False
1761922108.877019,105.43097281455994,4.015971516702902,2.978405361032422,0.07330880658405604,0.0,0.0,63.98362391327128,False
1761922108.946298,105.50025177001953,4.023043673590324,2.9929691574808373,0.07330880658405604,0.0,0.0,64.21409896102261,False
1761922109.0144703,105.56842422485352,4.031054327115857,3.009648172544974,0.07330880658405606,0.0,0.0,64.47749901559553,False
1761922109.100343,105.654296875,4.042926327846799,3.0347353038677607,0.07330880658405604,0.0,0.0,64.8725990974549,False
1761922109.194117,105.74807095527649,4.046845183138487,3.0431157999516345,0.07330880658405606,0.0,0.0,65.00429912474137,False
1761922109.268856,105.82280993461609,4.054625051908568,3.0599037049828226,0.07330880658405606,0.0,0.0,65.26769917931422,False
1761922109.3447227,105.89867663383484,4.066149943005409,3.085152179086581,0.07330880658405606,0.0,0.0,65.66279926117355,False
1761922109.4331648,105.9871187210083,4.076561250876571,3.108365930238701,0.07330880658405606,0.0,0.0,66.02497433621129,False
1761922109.5565138,106.11046767234802,4.088676042477688,3.135884540064861,0.07330880658405606,0.0,0.0,66.45299942489208,False
1761922109.643299,106.19725298881531,4.098766215711142,3.159239667516013,0.07330880658405606,0.0,0.0,66.81517449992978,False
1761922109.712283,106.26623678207397,4.106911872436636,3.1783955436992715,0.07330880658405606,0.0,0.0,67.11149956132414,False
1761922109.7910488,106.3450026512146,4.114069200872017,3.195458156719671,0.07330880658405606,0.0,0.0,67.37489961589705,False
1761922109.8804986,106.43445253372192,4.1237822956792645,3.2189726068175557,0.07330880658405606,0.0,0.0,67.73707469093473,False
1761922109.94821,106.50216388702393,4.131618689536195,3.238257062919738,0.07330880658405604,0.0,0.0,68.03339975232915,False
1761922110.037316,106.59126996994019,4.139355242758716,3.257581789569113,0.07330880658405604,0.0,0.0,68.32972481372364,False
1761922110.1108623,106.66481614112854,4.146148194776965,3.2747927138991315,0.07330880658405606,0.0,0.0,68.59312486829656,False
1761922110.179974,106.73392796516418,4.1545280022287905,3.2963499858586705,0.07330880658405606,0.0,0.0,68.92237493651271,False
1761922110.2661922,106.82014608383179,4.162783793187921,3.3179550561641853,0.07330880658405606,0.0,0.0,69.25162500472885,False
1761922110.328167,106.88212084770203,4.16767762626472,3.330940744825077,0.07330880658405606,0.0,0.0,69.44917504565844,False
1761922110.4077792,106.96173310279846,4.174133034528279,3.3482810971158066,0.07330880658405606,0.0,0.0,69.71257510023136,False
1761922110.495745,107.04969882965088,4.184452846632369,3.376521910497139,0.07330880658405606,0.0,0.0,70.14060018891232,False
1761922110.5804634,107.13441729545593,4.191473611667687,3.3961180370061395,0.07330880658405606,0.0,0.0,70.43692525030683,False
1761922110.6925066,107.24646043777466,4.200676801555134,3.4223021897565697,0.07330880658405604,0.0,0.0,70.83202533216631,False
1761922110.7874641,107.34141802787781,4.210442907479008,3.450739229640962,0.07330880658405604,0.0,0.0,71.26005042084726,False
1761922110.8776526,107.43160653114319,4.2170794859431275,3.4704687796137197,0.07330880658405606,0.0,0.0,71.55637548224183,False
