epoch [s],elapsed [s],x [m],y [m],z [m],roll [deg],pitch [deg],yaw [deg],broadcast
1777189586.654725,0.1505110263824463,0.19992800780814587,1.000000000860201,0.025163346071028207,0.0,0.0,359.9999999077468,True
1777189586.721344,0.21712994575500488,0.19993359219236556,1.0000000008271688,0.025586158717702215,0.0,0.0,359.99999990773216,True
1777189586.783064,0.27884984016418457,0.19994820643093775,1.0000000006519194,0.027161091318844276,0.0,0.0,359.99999990769726,True
1777189586.850911,0.3466968536376953,0.19996153999076663,1.000000000464483,0.028791522855844593,0.0,0.0,359.9999999077166,True
1777189586.914611,0.4103970527648926,0.19996931067826126,1.0000000003275278,0.029985257212677904,0.0,0.0,359.9999999077611,True
1777189586.976057,0.47184300422668457,0.1999674034291135,1.0000000003095226,0.03024232504783376,0.0,0.0,359.9999999077666,True
1777189587.040158,0.5359439849853516,0.1999554097213053,1.0000000004486291,0.029223976826432175,0.0,0.0,359.9999999077304,True
1777189587.116734,0.6125199794769287,0.19994041860808176,1.0000000006549263,0.027513286194456473,0.0,0.0,359.9999999077366,True
1777189587.188882,0.6846680641174316,0.19993160896822756,1.0000000008006125,0.026153448096392584,0.0,0.0,359.9999999077779,True
1777189587.263951,0.7597370147705078,0.19993312005997238,1.0000000008351384,0.025461577149732663,0.0,0.0,359.9999999077893,True
1777189587.333959,0.8297450542449951,0.19994865669111106,1.00000000065566,0.026592209866554993,0.0,0.0,359.9999999077535,True
1777189587.407766,0.9035520553588867,0.1999619882759061,1.0000000004583964,0.028213856259092725,0.0,0.0,359.99999990777553,True
1777189587.491032,0.9868178367614746,0.19996798706793428,1.0000000003214204,0.029689586745842274,0.0,0.0,359.9999999078184,True
1777189587.579084,1.0748698711395264,0.19996083999726394,1.0000000003614218,0.0299313162980376,0.0,0.0,359.9999999078022,True
1777189587.640775,1.1365609169006348,0.19994588665246793,1.000000000550445,0.02881359535474782,0.0,0.0,359.999999907783,True
1777189587.754831,1.2506170272827148,0.19993187535629692,1.0000000008187568,0.02628552020979961,0.0,0.0,359.99999990784227,True
1777189587.821851,1.3176369667053223,0.19993578387250568,1.000000000819684,0.025724166890712587,0.0,0.0,359.99999990783886,True
1777189587.904274,1.4000599384307861,0.1999506596120212,1.0000000006530065,0.026337669879518147,0.0,0.0,359.9999999078114,True
1777189587.991491,1.4872770309448242,0.1999648337105486,1.000000000409344,0.028242794080901534,0.0,0.0,359.99999990784994,True
1777189588.061238,1.5570240020751953,0.19996581910334985,1.000000000332099,0.02931764257687654,0.0,0.0,359.9999999078719,True
1777189588.136508,1.632293939590454,0.1999568722639235,1.0000000003845406,0.02976267876209804,0.0,0.0,359.9999999078529,True
1777189588.201513,1.6972990036010742,0.19994295296189146,1.0000000005661756,0.02895155769409871,0.0,0.0,359.9999999078454,True
1777189588.265034,1.760819911956787,0.19993512832237476,1.0000000007172891,0.027780863652586727,0.0,0.0,359.9999999078743,True
1777189588.351367,1.8471529483795166,0.19993466467884238,1.0000000008161654,0.02639340179961173,0.0,0.0,359.9999999078995,True
1777189588.419981,1.915766954421997,0.19994471907415376,1.0000000007510792,0.02593067883380301,0.0,0.0,359.99999990787927,True
1777189588.497096,1.9928820133209229,0.19995912019270418,1.0000000005466647,0.026805455098956217,0.0,0.0,359.9999999078831,True
1777189588.640056,2.1358418464660645,0.1999626390333595,1.000000000343192,0.029104578880816842,0.0,0.0,359.9999999079278,True
1777189588.750904,2.246690034866333,0.20177959943754528,1.000000000533269,0.02925686751722428,0.0,0.0,359.9999999079394,True
1777189588.849248,2.345033884048462,0.2082902645546626,1.0000000007146133,0.02793980721899558,0.0,0.0,359.9999999079154,True
1777189588.942782,2.438567876815796,0.21962610838073543,1.0000000007437218,0.0266460952082812,0.0,0.0,359.99999990958605,True
1777189589.01882,2.51460599899292,0.23237343150025747,1.0000000005924112,0.02653552065033632,0.0,0.0,359.9999999147735,True
1777189589.086075,2.5818610191345215,0.24356898628112145,1.000000000424925,0.02711735649244559,0.0,0.0,359.99999992015216,True
1777189589.176358,2.6721439361572266,0.2568155245327547,1.0000000003007798,0.027972748514413115,0.0,0.0,359.99999992400717,True
1777189589.253737,2.7495229244232178,0.2736136903871315,1.0000000003254714,0.0285650353014111,0.0,0.0,359.99999992251077,True
1777189589.338402,2.8341879844665527,0.28924874829717884,1.000000000467658,0.02841086807016754,0.0,0.0,359.9999999167132,True
1777189589.40299,2.898776054382324,0.3003013099799606,1.0000000005563787,0.02804826285376261,0.0,0.0,359.999999912892,True
1777189589.473008,2.9687938690185547,0.3129679463582502,1.0000000005828393,0.027616327300521885,0.0,0.0,359.99999991132614,True
1777189589.537301,3.0330870151519775,0.327208751739003,1.0000000004966185,0.027344723237321695,0.0,0.0,359.9999999141883,True
1777189589.624648,3.120434045791626,0.3430016421345525,1.000000000318731,0.027410148542703888,0.0,0.0,359.9999999206858,True
1777189589.69355,3.189336061477661,0.3540537881085432,1.0000000002135772,0.027612331088301106,0.0,0.0,359.9999999244909,True
1777189589.768488,3.2642738819122314,0.36828960111118353,1.0000000001671308,0.027892455224898336,0.0,0.0,359.99999992594445,True
1777189589.840597,3.3363828659057617,0.3841616034527248,1.000000000240697,0.028049549657381212,0.0,0.0,359.9999999227158,True
1777189589.916442,3.4122278690338135,0.3968914563334791,1.0000000003394969,0.0280138053911832,0.0,0.0,359.9999999184602,True
1777189589.988826,3.484611988067627,0.40962494428636576,1.0000000004036484,0.027881825319295696,0.0,0.0,359.9999999154139,True
1777189590.065191,3.560976982116699,0.42551411767175357,1.0000000003749974,0.02770468520903747,0.0,0.0,359.9999999159013,True
1777189590.139694,3.6354799270629883,0.4397772861906291,1.0000000002555023,0.027630589116883902,0.0,0.0,359.99999992012766,True
1777189590.207347,3.7031328678131104,0.4508564539143261,1.00000000014713,0.027647378767077145,0.0,0.0,359.9999999240467,True
1777189590.26991,3.7656960487365723,0.4619378570715181,1.000000000068592,0.027711052753205262,0.0,0.0,359.9999999268048,True
1777189590.360686,3.8564720153808594,0.479381820517611,1.0000000000574294,0.027829560892441443,0.0,0.0,359.99999992678863,True
1777189590.429437,3.925222873687744,0.4920965626664321,1.0000000001246905,0.027876627186024634,0.0,0.0,359.999999923821,True
1777189590.49741,3.9931960105895996,0.504822847755343,1.0000000002039169,0.02787221529273974,0.0,0.0,359.99999992026903,True
1777189590.580686,4.076472043991089,0.5223083666368179,1.0000000002395852,0.027807973641796477,0.0,0.0,359.99999991815383,True
1777189590.660495,4.156280994415283,0.5350009173821979,1.0000000001836071,0.027756832286405093,0.0,0.0,359.9999999198944,True
1777189590.740605,4.236391067504883,0.549258711280564,1.0000000000665257,0.02772836341111263,0.0,0.0,359.99999992403264,True
1777189590.807043,4.302829027175903,0.5619287611502342,0.9999999999687852,0.02773669951777989,0.0,0.0,359.9999999274768,True
1777189590.893835,4.389621019363403,0.5825470792214734,0.9999999999264688,0.02778872933252613,0.0,0.0,359.99999992854674,True
1777189590.965699,4.461484909057617,0.5952596827386979,0.9999999999773342,0.02781576245048371,0.0,0.0,359.99999992619365,True
1777189591.034186,4.5299718379974365,0.60639054333612,1.0000000000377076,0.027823862716801474,0.0,0.0,359.99999992344357,True
1777189591.106906,4.602691888809204,0.6191069235593292,1.0000000000823805,0.02781435299160974,0.0,0.0,359.99999992118495,True
1777189591.18849,4.68427586555481,0.6365661896497111,1.0000000000510196,0.027784231213099274,0.0,0.0,359.99999992175964,True
1777189591.256483,4.75226902961731,0.649244705538993,0.999999999966892,0.027766297984022775,0.0,0.0,359.99999992464,True
1777189591.333081,4.828866958618164,0.6619183270536692,0.9999999998716457,0.02776122703581737,0.0,0.0,359.99999992797245,True
1777189591.404488,4.900274038314819,0.6745999733272723,0.9999999998079463,0.027769462061360228,0.0,0.0,359.9999999300776,True
1777189591.469043,4.964828968048096,0.6888858467514881,0.9999999998030178,0.027786808358427346,0.0,0.0,359.9999999298507,True
1777189591.5536,5.049386024475098,0.7047788876582474,0.9999999998644236,0.027801714802020174,0.0,0.0,359.9999999269454,True
1777189591.621508,5.117293834686279,0.7159058477389346,0.9999999999129223,0.027803567123170152,0.0,0.0,359.9999999246285,True
1777189591.700486,5.196271896362305,0.7302004118171002,0.9999999999351671,0.027795654402922306,0.0,0.0,359.99999992319766,True
1777189591.778626,5.274411916732788,0.7476456963533731,0.9999999998719865,0.02778031402096823,0.0,0.0,359.9999999250611,True
1777189591.882276,5.378062009811401,0.7650764567899486,0.9999999997542431,0.027773227943191717,0.0,0.0,359.99999992911097,True
1777189591.967998,5.4637839794158936,0.7793467734183513,0.9999999996844965,0.02777770034079205,0.0,0.0,359.99999993139363,True
1777189592.039062,5.534847974777222,0.7920464456864856,0.9999999996740931,0.027786200106369098,0.0,0.0,359.9999999314135,True
1777189592.127118,5.622904062271118,0.8079369526718514,0.9999999997217943,0.027794966902483096,0.0,0.0,359.99999992903554,True
1777189592.203193,5.698978900909424,0.8270041338891497,0.9999999997870677,0.02779437385624069,0.0,0.0,359.99999992576016,True
1777189592.270175,5.765960931777954,0.8428735468817786,0.9999999997771072,0.027786316897820806,0.0,0.0,359.9999999255633,True
1777189592.357444,5.853229999542236,0.8587253219165779,0.9999999996983541,0.02777907743407987,0.0,0.0,359.99999992811615,True
1777189592.452285,5.948071002960205,0.8745760458280043,0.9999999996013833,0.027778618109352105,0.0,0.0,359.999999931402,True
1777189592.541397,6.037183046340942,0.8936180808924514,0.9999999995479555,0.02778621114830068,0.0,0.0,359.99999993289407,True
1777189592.608779,6.104564905166626,0.9063272802327172,0.9999999995682319,0.027791547847680082,0.0,0.0,359.99999993169655,True
1777189592.679003,6.174788951873779,0.9174511054538664,0.9999999996070168,0.027793508852337737,0.0,0.0,359.99999992978974,True
1777189592.763117,6.2589030265808105,0.9333346535952861,0.9999999996508256,0.027790666990540277,0.0,0.0,359.9999999274723,True
1777189592.860546,6.356332063674927,0.9539564595819484,0.9999999996184579,0.027782413374701404,0.0,0.0,359.9999999280045,True
1777189592.948408,6.4441938400268555,0.968222239843262,0.999999999541567,0.02777965120059916,0.0,0.0,359.99999993054485,True
1777189593.025912,6.521697998046875,0.9824930376518177,0.9999999994640911,0.02778171150903988,0.0,0.0,359.9999999331169,True
1777189593.094308,6.5900938510894775,0.9967774251196097,0.9999999994262097,0.02778690264338669,0.0,0.0,359.9999999341455,True
1777189593.184078,6.679863929748535,1.012663311526949,0.9999999994454226,0.027791691706786574,0.0,0.0,359.99999993287935,True
1777189593.25647,6.752255916595459,1.0253738626834783,0.9999999994859947,0.027792022914480408,0.0,0.0,359.99999993083753,True
1777189593.376806,6.872591972351074,1.049183826524997,0.9999999995151344,0.027785077247528517,0.0,0.0,359.99999992881754,True
1777189593.445816,6.941601991653442,1.0618684160936078,0.9999999994753447,0.027781410304114396,0.0,0.0,359.99999992994304,True
1777189593.530325,7.026110887527466,1.0761361378475331,0.9999999994000403,0.02778073589213369,0.0,0.0,359.999999932423,True
1777189593.605854,7.101639986038208,1.0919988642507086,0.9999999993258172,0.02778450406862381,0.0,0.0,359.99999993481606,True
1777189593.684408,7.180193901062012,1.1078775732860253,0.9999999993045978,0.027789640841505293,0.0,0.0,359.999999935139,True
1777189593.754151,7.249937057495117,1.1189985433341552,0.9999999993239819,0.027791571712345038,0.0,0.0,359.9999999340107,True
1777189593.845366,7.34115195274353,1.1348827247886732,0.9999999993700105,0.02779018494239259,0.0,0.0,359.99999993163465,True
1777189593.918298,7.414083957672119,1.1491669873212418,0.9999999993894122,0.027785944232389934,0.0,0.0,359.99999993035163,True
1777189593.99414,7.489925861358643,1.1650250230368253,0.9999999993563499,0.027781733284950785,0.0,0.0,359.99999993110083,True
1777189594.064108,7.559893846511841,1.1761228626209175,0.9999999993045323,0.027781066345998986,0.0,0.0,359.9999999327635,True
1777189594.136119,7.63190484046936,1.1888105042083568,0.9999999992394989,0.02778307057587477,0.0,0.0,359.9999999348968,True
1777189594.210014,7.7058000564575195,1.204682973949822,0.9999999991882095,0.02778778718729982,0.0,0.0,359.99999993639386,True
1777189594.284555,7.780340909957886,1.2189785784216995,0.9999999991906736,0.02779088434028888,0.0,0.0,359.99999993583344,True
1777189594.371464,7.867249965667725,1.2332749180454008,0.9999999992258973,0.02779061015555185,0.0,0.0,359.9999999339556,True
1777189594.437849,7.933634996414185,1.2459758809608272,0.9999999992560613,0.02778770355613761,0.0,0.0,359.99999993231035,True
1777189594.531399,8.027184963226318,1.2650106128094163,0.9999999992479843,0.027782562309615032,0.0,0.0,359.99999993196036,True
1777189594.628102,8.12388801574707,1.2808661798181071,0.9999999991847522,0.027781603676058197,0.0,0.0,359.9999999339112,True
1777189594.695231,8.191016912460327,1.2935554967475975,0.9999999991222593,0.02778380345161194,0.0,0.0,359.99999993594537,True
1777189594.770166,8.265951871871948,1.3094293504249799,0.9999999990707525,0.027788187669095552,0.0,0.0,359.99999993745087,True
1777189594.842032,8.337817907333374,1.3221361143516042,0.9999999990683415,0.027790558993077273,0.0,0.0,359.99999993713374,True
1777189594.907156,8.402941942214966,1.333255131219706,0.9999999990900234,0.027790592156680775,0.0,0.0,359.9999999359054,True
1777189594.971501,8.467287063598633,1.3443702204721732,0.999999999118813,0.027788705749877227,0.0,0.0,359.9999999343797,True
1777189595.053097,8.548882961273193,1.3618238251107588,0.9999999991380174,0.027784108245206215,0.0,0.0,359.99999993300867,True
1777189595.152814,8.648599863052368,1.3792666182732853,0.9999999990951083,0.02778178836572042,0.0,0.0,359.99999993410376,True
1777189595.232168,8.727953910827637,1.3935405928333873,0.999999999028787,0.027783353417411446,0.0,0.0,359.99999993623516,True
1777189595.297436,8.793221950531006,1.4078240709657506,0.9999999989701658,0.02778691720595499,0.0,0.0,359.99999993806944,True
1777189595.401201,8.896986961364746,1.426882020757839,0.9999999989503651,0.027790386050995403,0.0,0.0,359.99999993823064,True
1777189595.47748,8.973265886306763,1.4395880345749825,0.9999999989737175,0.027789900810140312,0.0,0.0,359.9999999368833,True
1777189595.546662,9.042448043823242,1.4522881244382426,0.9999999990042575,0.02778734309531979,0.0,0.0,359.99999993523585,True
1777189595.617882,9.113667964935303,1.4681521872840868,0.9999999990163467,0.0277835399056714,0.0,0.0,359.9999999342103,True
1777189595.683438,9.179224014282227,1.4808382087599996,0.9999999989893784,0.027782114097826098,0.0,0.0,359.9999999348427,True
1777189595.752855,9.248641014099121,1.49193960603298,0.999999998943953,0.02778280363693841,0.0,0.0,359.9999999362589,True
1777189595.813767,9.309552907943726,1.503045648988161,0.9999999988925989,0.02778498677662764,0.0,0.0,359.9999999379107,True
1777189595.877939,9.373724937438965,1.5173335393698495,0.9999999988437899,0.027788377318081252,0.0,0.0,359.99999993936405,True
1777189595.960941,9.456727027893066,1.5332160004189017,0.9999999988357509,0.027790213156033867,0.0,0.0,359.9999999391665,True
1777189596.030917,9.526702880859375,1.5443325754780375,0.9999999988556235,0.027789404393764497,0.0,0.0,359.9999999380109,True
1777189596.119766,9.615551948547363,1.561791475686603,0.9999999988934172,0.02778570260761814,0.0,0.0,359.9999999359188,True
1777189596.188575,9.684360980987549,1.5760664749174096,0.9999999988951777,0.027782950409075594,0.0,0.0,359.99999993536363,True
1777189596.252108,9.747894048690796,1.587167138973598,0.9999999988683321,0.02778240023189147,0.0,0.0,359.99999993604865,True
1777189596.35284,9.848625898361206,1.6046167517355874,0.999999998794145,0.027784771833286283,0.0,0.0,359.99999993838895,True
1777189596.417405,9.913190841674805,1.6189035095485158,0.9999999987392978,0.027787970870873528,0.0,0.0,359.9999999400798,True
1777189596.485849,9.981634855270386,1.6316084848248278,0.9999999987192711,0.02778978811337699,0.0,0.0,359.99999994046004,True
1777189596.574186,10.069972038269043,1.6459014798732647,0.9999999987330798,0.027789378784125754,0.0,0.0,359.99999993944726,True
1777189596.659737,10.15552306175232,1.6633613496969137,0.999999998771466,0.027786037309268822,0.0,0.0,359.99999993734025,True
1777189596.748778,10.244564056396484,1.6808092339804577,0.9999999987797398,0.027782960215519688,0.0,0.0,359.99999993642547,True
1777189596.84607,10.341856002807617,1.696668833518561,0.9999999987376209,0.02778309308458651,0.0,0.0,359.99999993755677,True
1777189596.950989,10.446774959564209,1.7188858484391587,0.9999999986439359,0.027787278024090915,0.0,0.0,359.99999994051393,True
1777189597.047711,10.54349684715271,1.7363540652454914,0.9999999986075007,0.027789671544207608,0.0,0.0,359.99999994138875,True
1777189597.15721,10.652996063232422,1.7554086902185724,0.999999998629309,0.027788227699992216,0.0,0.0,359.99999993990457,True
1777189597.233176,10.728961944580078,1.7712774074604714,0.9999999986621538,0.02778502564669814,0.0,0.0,359.9999999380755,True
1777189597.306149,10.801934957504272,1.78396621537507,0.9999999986676926,0.0277831300644866,0.0,0.0,359.9999999374339,True
1777189597.378304,10.87408995628357,1.79665404414652,0.999999998642772,0.02778301652582899,0.0,0.0,359.99999993799594,True
1777189597.456723,10.952508926391602,1.8125195611789566,0.9999999985801148,0.027785336209169963,0.0,0.0,359.9999999399412,True
1777189597.554348,11.05013394355774,1.8315708980233696,0.9999999985109205,0.02778882880570755,0.0,0.0,359.99999994205,True
1777189597.630951,11.126736879348755,1.8442756346259748,0.999999998496864,0.027789521915451126,0.0,0.0,359.9999999422001,True
1777189597.692978,11.188763856887817,1.8569779633228867,0.999999998510947,0.02778833585888269,0.0,0.0,359.999999941232,True
1777189597.757306,11.253092050552368,1.8696745048029086,0.9999999985380992,0.027785970290693397,0.0,0.0,359.99999993973955,True
1777189597.829525,11.325310945510864,1.882365155213474,0.9999999985561671,0.0277837824911415,0.0,0.0,359.99999993860644,True
1777189597.888021,11.383806943893433,1.8918811697048952,0.9999999985528863,0.027783029116369637,0.0,0.0,359.9999999384223,True
1777189597.951549,11.447335004806519,1.9045703686599793,0.9999999985223688,0.0277836520564695,0.0,0.0,359.99999993920835,True
1777189598.013129,11.508914947509766,1.917264484320829,0.9999999984717277,0.027785727351377333,0.0,0.0,359.99999994078775,True
1777189598.097346,11.593132019042969,1.9315525686533461,0.9999999984162377,0.027788298814719815,0.0,0.0,359.9999999425124,True
1777189598.162035,11.6578209400177,1.9426686965115223,0.9999999983918315,0.027789321308904148,0.0,0.0,359.9999999431228,True
1777189598.228214,11.723999977111816,1.9553720401858812,0.9999999983918089,0.027788810187918372,0.0,0.0,359.99999994271974,True
1777189598.298949,11.794734954833984,1.9712444673106175,0.9999999984208104,0.02778624303497024,0.0,0.0,359.99999994105747,True
1777189598.370405,11.866190910339355,1.983935911330617,0.9999999984430414,0.027784084808993553,0.0,0.0,359.9999999397643,True
1777189598.447872,11.943657875061035,1.99662441095242,0.999999998443118,0.027783168703253872,0.0,0.0,359.99999993934676,True
1777189598.518486,12.014271974563599,2.010900981447612,0.9999999984086719,0.027784210658719898,0.0,0.0,359.9999999402391,True
1777189598.584257,12.080042839050293,2.025184157948039,0.9999999983515221,0.027786665833533834,0.0,0.0,359.9999999420267,True
1777189598.670256,12.166041851043701,2.0394739727270776,0.9999999983008047,0.027788776633192024,0.0,0.0,359.99999994357006,True
1777189598.741582,12.237367868423462,2.0521778450491794,0.9999999982815725,0.027789131201032467,0.0,0.0,359.99999994393016,True
1777189598.806571,12.302356958389282,2.066466209125005,0.9999999982930959,0.027787583808103374,0.0,0.0,359.99999994302016,True
1777189598.879306,12.375092029571533,2.08074757616495,0.9999999983218343,0.027785097202686824,0.0,0.0,359.99999994142337,True
1777189598.967252,12.463037967681885,2.0950233912355474,0.9999999983380349,0.027783443987100902,0.0,0.0,359.99999994032174,True
1777189599.056519,12.552304983139038,2.112472002510161,0.9999999983121052,0.027784131279453034,0.0,0.0,359.9999999407795,True
1777189599.131554,12.627339839935303,2.1283418653698956,0.9999999982527431,0.027786680540842233,0.0,0.0,359.9999999426063,True
1777189599.228202,12.723988056182861,2.144219391876904,0.9999999981960516,0.02778880261956299,0.0,0.0,359.9999999443382,True
1777189599.305776,12.801561832427979,2.1616859225828886,0.9999999981763981,0.027788525341186986,0.0,0.0,359.999999944569,True
1777189599.401081,12.896867036819458,2.1802039846540633,0.9999999982056029,0.027786987708910735,0.0,0.0,359.99999994284855,True
1777189599.469988,12.965774059295654,2.190703694570988,0.9999999982255225,0.027786965782275914,0.0,0.0,359.9999999417384,True
1777189599.531669,13.027454853057861,2.201080125619688,0.999999998231145,0.02778805739241012,0.0,0.0,359.9999999411312,True
1777189599.602,13.097785949707031,2.2143178520779845,0.9999999982080353,0.027790853332921372,0.0,0.0,359.99999994138545,True
1777189599.667193,13.162978887557983,2.2260330185933976,0.9999999981647184,0.027793513782344677,0.0,0.0,359.9999999423764,True
1777189599.761523,13.257308959960938,2.2406444216257104,0.99999997444329,0.027794818776135852,0.0,0.0,359.99091386260153,True
1777189599.856028,13.351814031600952,2.2596098939308424,0.9999982064946228,0.027791354988945603,0.0,0.0,359.9194065122164,True
1777189599.966066,13.461851835250854,2.2770798933165155,0.9999888352011225,0.027786425898614707,0.0,0.0,359.79642513297887,True
1777189600.035336,13.531121969223022,2.288715477316545,0.9999739705330012,0.027785209107552656,0.0,0.0,359.68907431478,True
1777189600.102104,13.59788990020752,2.3018074890069955,0.9999445904963408,0.027786934128414466,0.0,0.0,359.54878431189235,True
1777189600.174746,13.670531988143921,2.3149082918069404,0.9998974828254319,0.027790703934476964,0.0,0.0,359.39201678063347,True
1777189600.242975,13.738760948181152,2.325103236508793,0.9998458258398735,0.027793398292640093,0.0,0.0,359.2611827698765,True
1777189600.311277,13.807062864303589,2.3367563172047157,0.9997680940729495,0.027794716255209666,0.0,0.0,359.1042913718033,True
1777189600.384104,13.879889965057373,2.3498628890456645,0.9996538391425912,0.027793409070189356,0.0,0.0,358.9206093459501,True
1777189600.46065,13.956435918807983,2.3629633897167834,0.9995081689298791,0.0277903040177497,0.0,0.0,358.7313007805466,True
1777189600.532777,14.028563022613525,2.3746042017097206,0.9993500563189188,0.02778779688832488,0.0,0.0,358.5595780393426,True
1777189600.606366,14.102151870727539,2.3891536266077016,0.9991118384725756,0.027786871762000915,0.0,0.0,358.3416610966395,True
1777189600.672016,14.167801856994629,2.400794291992217,0.9988870590317526,0.027788092457726836,0.0,0.0,358.16544316380816,True
1777189600.740951,14.23673701286316,2.410981170846064,0.9986644350859486,0.027789921694332365,0.0,0.0,358.0102520693455,True
1777189600.822857,14.318642854690552,2.4240794452458214,0.9983415860555489,0.0277920008997778,0.0,0.0,357.80970919650804,True
1777189600.889856,14.385642051696777,2.4357217157880036,0.9980192392325401,0.02779267483582566,0.0,0.0,357.6307463399215,True
1777189600.970681,14.466466903686523,2.451726809962433,0.9975205175197586,0.027791593778967203,0.0,0.0,357.38391676744766,True
1777189601.058012,14.553797960281372,2.4648187828419035,0.9970638605623104,0.027789948498060442,0.0,0.0,357.1815111263269,True
1777189601.136703,14.63248896598816,2.4779084589343787,0.9965628105866384,0.027788800011918226,0.0,0.0,356.97882680476386,True
1777189601.209787,14.705572843551636,2.4924506567289137,0.9959534402062504,0.02778879913472004,0.0,0.0,356.753395647364,True
1777189601.278312,14.774097919464111,2.504083226791784,0.9954257197992964,0.027789588304956765,0.0,0.0,356.5729299216617,True
1777189601.366909,14.86269497871399,2.5171683656306763,0.9947890533595682,0.027790657080749785,0.0,0.0,356.36981516041544,True
1777189601.440259,14.936044931411743,2.5302513759825978,0.994106704129538,0.027791266181519992,0.0,0.0,356.1666311670964,True
1777189601.51553,15.011316061019897,2.5447849168674246,0.9932947929022725,0.02779109829976875,0.0,0.0,355.9408142039379,True
1777189601.58496,15.080745935440063,2.554956215534855,0.9926927106059581,0.027790609259497764,0.0,0.0,355.7827169285575,True
1777189601.676989,15.172775030136108,2.5709359746753093,0.9916903039983536,0.02778982350721586,0.0,0.0,355.5342494210677,True
1777189601.761425,15.257210969924927,2.5869112436748454,0.9906189801534468,0.02778959459339503,0.0,0.0,355.28575811925555,True
1777189601.853793,15.349578857421875,2.6014302544241725,0.9895851583741954,0.02778992077581734,0.0,0.0,355.0598434509509,True
1777189601.934979,15.43076491355896,2.6144939336594395,0.98860591631712,0.027790358322558415,0.0,0.0,354.85651261446856,True
1777189602.028213,15.523998975753784,2.6333574256347645,0.9871098093843169,0.027790669037293637,0.0,0.0,354.5628035722517,True
1777189602.096287,15.5920729637146,2.6435114011228387,0.9862642414676945,0.027790592401557,0.0,0.0,354.40464944377675,True
1777189602.169986,15.665771961212158,2.655112984649715,0.9852636123247159,0.02779037218160091,0.0,0.0,354.2239000692178,True
1777189602.231868,15.727653980255127,2.6667113207308186,0.9842264295961709,0.027790139639306436,0.0,0.0,354.0431493733399,True
1777189602.319844,15.815629959106445,2.682653574745988,0.9827406160626033,0.027789994522356462,0.0,0.0,353.7946158094764,True
1777189602.414295,15.910080909729004,2.6971408589089023,0.9813299096997962,0.027790082745256548,0.0,0.0,353.56867531652705,True
1777189602.488908,15.984694004058838,2.7101746020693644,0.9800114561843912,0.027790248836438557,0.0,0.0,353.36532831570736,True
1777189602.561782,16.057567834854126,2.724650961305068,0.9784922840804341,0.027790387426521016,0.0,0.0,353.1393866650777,True
1777189602.634039,16.12982487678528,2.7362276589360164,0.9772358642492407,0.027790405596035305,0.0,0.0,352.95863300677183,True
1777189602.71023,16.206016063690186,2.7478003234923425,0.9759429384544576,0.027790347818683756,0.0,0.0,352.7778791357317,True
1777189602.785939,16.28172492980957,2.7608146098187585,0.9744447739377049,0.02779024584978654,0.0,0.0,352.5745308864056,True
1777189602.861293,16.357079029083252,2.7738234937786377,0.9729004354039933,0.027790170789985205,0.0,0.0,352.37118257803473,True
1777189602.934169,16.429955005645752,2.7868268194881884,0.9713099400433891,0.02779015985118178,0.0,0.0,352.16783425633054,True
1777189603.006617,16.502403020858765,2.798380535059678,0.9698574328178662,0.027790197923078973,0.0,0.0,351.98708017998985,True
1777189603.073016,16.568801879882812,2.809929615430592,0.9683684854143403,0.02779025330288312,0.0,0.0,351.8063260740154,True
1777189603.158808,16.65459394454956,2.8258018159765363,0.966261710182081,0.02779030530717705,0.0,0.0,351.55778910564936,True
1777189603.2265,16.722285985946655,2.8358974887480914,0.9648851969246564,0.02779030800780609,0.0,0.0,351.3996291738792,True
1777189603.337159,16.832944869995117,2.8546363493078624,0.9622549037006929,0.02779026504012757,0.0,0.0,351.1059035377358,True
1777189603.415057,16.910842895507812,2.8647208476732287,0.9607988127361052,0.027790237306781703,0.0,0.0,350.94774357622356,True
1777189603.481466,16.97725200653076,2.8819990762806427,0.9582379119788842,0.027790216843073378,0.0,0.0,350.67661223190277,True
1777189603.566819,17.062604904174805,2.8963882133156225,0.9560413900778367,0.027790230473404193,0.0,0.0,350.4506694586049,True
1777189603.63831,17.134095907211304,2.909330942744841,0.954016019240846,0.027790253004490915,0.0,0.0,350.2473209596685,True
1777189603.73354,17.229326009750366,2.925139945915321,0.9514782055157738,0.027790271478331418,0.0,0.0,349.99878388810345,True
1777189603.80483,17.300616025924683,2.9380662991923585,0.9493508214410235,0.027790270802881677,0.0,0.0,349.7954353602174,True
1777189603.885428,17.381213903427124,2.949549988724845,0.9474213100132792,0.027790260926549126,0.0,0.0,349.6146811074267,True
1777189603.963179,17.458965063095093,2.9624617890163805,0.9452073181305601,0.027790247573894776,0.0,0.0,349.41133257355864,True
1777189604.026392,17.522177934646606,2.975365650169544,0.9429475149567558,0.02779023979155224,0.0,0.0,349.2079840446094,True
1777189604.095894,17.59168004989624,2.986828952833043,0.9409003651456153,0.0277902402463634,0.0,0.0,349.0272298006974,True
1777189604.173137,17.668922901153564,2.998285740384927,0.9388170616141525,0.027790246001220365,0.0,0.0,348.8464755580153,True
1777189604.237875,17.73366093635559,3.009735898796037,0.9366976251121093,0.027790253260297687,0.0,0.0,348.66572131357646,True
1777189604.313089,17.80887484550476,3.024039100868078,0.9339975496692052,0.0277902589804278,0.0,0.0,348.4397785027956,True
1777189604.382885,17.878670930862427,3.035473926866742,0.9317968916512266,0.02779025892430087,0.0,0.0,348.25902424999464,True
1777189604.450061,17.945847034454346,3.045473661719553,0.9298417320957114,0.027790256113709555,0.0,0.0,348.10086427692465,True
1777189604.524072,18.01985788345337,3.0583224665731525,0.9272874084878127,0.027790251216141388,0.0,0.0,347.89751573952765,True
1777189604.62588,18.121665954589844,3.0768656614265257,0.9235173602064888,0.027790247298014565,0.0,0.0,347.603790075983,True
1777189604.692964,18.18875002861023,3.086842383467895,0.9214479739184606,0.027790247862169572,0.0,0.0,347.4456301040024,True
1777189604.769684,18.265470027923584,3.0982373058438646,0.9190492493117087,0.02779025010133097,0.0,0.0,347.26487584997227,True
1777189604.855347,18.35113286972046,3.1153153589090077,0.9153837894609773,0.027790253671478148,0.0,0.0,346.9937444663293,True
1777189604.994507,18.49029302597046,3.1366382196887543,0.9106883853730984,0.02779025416723781,0.0,0.0,346.65483023101433,True
1777189605.064471,18.560256958007812,3.1479989505047934,0.908132620561714,0.027790252781980537,0.0,0.0,346.4740759702465,True
1777189605.153742,18.64952802658081,3.1650247875732567,0.9042318045959633,0.027790250681668936,0.0,0.0,346.2029445779464,True
1777189605.225976,18.72176194190979,3.1763650081093697,0.9015865192014713,0.02779025019520536,0.0,0.0,346.0221903159432,True
1777189605.298071,18.793856859207153,3.1876968269713197,0.8989054713370842,0.027790250576405506,0.0,0.0,345.84143605340535,True
1777189605.388948,18.88473391532898,3.2032641524301915,0.8951606861877698,0.027790251822055516,0.0,0.0,345.59289894094707,True
1777189605.46897,18.96475601196289,3.215988877000642,0.8920465668385129,0.027790252639535308,0.0,0.0,345.38955039268507,True
1777189605.547283,19.043068885803223,3.230114396333601,0.8885334919709484,0.02779025278779612,0.0,0.0,345.16360755934704,True
1777189605.620777,19.116562843322754,3.2428154312517012,0.8853241201552289,0.027790252320099063,0.0,0.0,344.9602590077759,True
1777189605.690725,19.186511039733887,3.2540956155788345,0.8824335182845635,0.027790251753677744,0.0,0.0,344.7795047386699,True
1777189605.783774,19.27955985069275,3.2667748500154685,0.8791390731472294,0.027790251318806955,0.0,0.0,344.57615618489643,True
1777189605.87773,19.373515844345093,3.2850684750327837,0.8743010335745588,0.0277902513885347,0.0,0.0,344.2824304941603,True
1777189605.960274,19.45605993270874,3.2991234787145682,0.8705156852775324,0.027790251795376045,0.0,0.0,344.0564876533288,True
1777189606.029989,19.52577495574951,3.3089530475266242,0.8678329775110993,0.02779025205519555,0.0,0.0,343.8983276636915,True
1777189606.116303,19.612088918685913,3.322982359112883,0.8639534920662745,0.02779025219981635,0.0,0.0,343.6723848197735,True
1777189606.19499,19.690775871276855,3.3369962630934533,0.8600187130018009,0.02779025206286268,0.0,0.0,343.4464419740265,True
1777189606.269258,19.76504397392273,3.348196146339651,0.8568311194357481,0.027790251859526424,0.0,0.0,343.26568769617325,True
1777189606.360642,19.856427907943726,3.363579452360687,0.8523905187056204,0.027790251654251696,0.0,0.0,343.0171505623747,True
1777189606.433074,19.92885994911194,3.3775474427439662,0.8482957372537562,0.02779025165007796,0.0,0.0,342.791207711706,True
1777189606.531901,20.027686834335327,3.391499176985609,0.8441459056760829,0.027790251779819343,0.0,0.0,342.56526485929,True
1777189606.609537,20.10532283782959,3.4040416594829686,0.8403640427162458,0.027790251909029798,0.0,0.0,342.3619162905501,True
1777189606.694943,20.190728902816772,3.4193530094731264,0.835681351125459,0.027790251971982243,0.0,0.0,342.11337914890385,True
1777189606.797213,20.292999029159546,3.4360329598066928,0.8304972649281321,0.02779025190500492,0.0,0.0,341.84224771903723,True
1777189606.869924,20.365710020065308,3.4471392172255086,0.8269973815727557,0.02779025183150249,0.0,0.0,341.6614934309562,True
1777189606.964786,20.460572004318237,3.4610064215316085,0.8225732844433256,0.027790251772152517,0.0,0.0,341.4355505691724,True
1777189607.068114,20.563899993896484,3.483157346501066,0.8153810857222815,0.02779025180411185,0.0,0.0,341.07404198638284,True
1777189607.166884,20.662669897079468,3.4997405190350572,0.8098952966929066,0.027790251867276926,0.0,0.0,340.80291054602833,True
1777189607.235425,20.731210947036743,3.5094019861819237,0.8066590339361899,0.027790251887331672,0.0,0.0,340.64475053783434,True
1777189607.332945,20.828731060028076,3.525943591026306,0.8010491496349509,0.02779025187768365,0.0,0.0,340.37361909292775,True
1777189607.434761,20.93054699897766,3.54245846398454,0.7953610511957568,0.027790251839198667,0.0,0.0,340.10248764511806,True
1777189607.516774,21.01255989074707,3.5548268534096814,0.791043725896567,0.027790251818955846,0.0,0.0,339.8991390573473,True
1777189607.617481,21.113266944885254,3.571294056051475,0.7852190602634592,0.027790251820934368,0.0,0.0,339.62800760441246,True
1777189607.6938,21.18958592414856,3.5836262689282927,0.780799458443059,0.027790251837433246,0.0,0.0,339.42465901275733,True
1777189607.778594,21.27437996864319,3.595942718528151,0.7763361162021091,0.027790251853613213,0.0,0.0,339.22131041940526,True
1777189607.863519,21.359304904937744,3.6096089860476086,0.7713256149510735,0.027790251860311338,0.0,0.0,338.9953675358919,True
1777189607.981573,21.47735905647278,3.631433606827699,0.7631968310622663,0.027790251846712632,0.0,0.0,338.63385891782434,True
1777189608.056524,21.5523099899292,3.6450477843771933,0.7580464757014155,0.027790251836457048,0.0,0.0,338.40791602873026,True
1777189608.138068,21.633853912353516,3.6559244370586024,0.7538875619317711,0.027790251833584256,0.0,0.0,338.2271617158906,True
1777189608.21618,21.711966037750244,3.6681449183101438,0.7491677957634233,0.027790251836543944,0.0,0.0,338.02381311227043,True
1777189608.281683,21.77746891975403,3.6803485716746906,0.7444046876118369,0.027790251842855912,0.0,0.0,337.82046450686164,True
1777189608.359943,21.8557288646698,3.6925352434333227,0.7395982974737714,0.02779025184812959,0.0,0.0,337.6171158996485,True
1777189608.442233,21.938019037246704,3.704704780080865,0.734748685891234,0.027790251849593266,0.0,0.0,337.41376729061693,True
1777189608.540612,22.03639793395996,3.722252438142475,0.7276675108010927,0.027790251845612016,0.0,0.0,337.12004151877943,True
1777189608.618555,22.114341020584106,3.734379444075159,0.7227125050670942,0.027790251841922166,0.0,0.0,336.9166929052499,True
1777189608.68581,22.181596040725708,3.743799356720582,0.7188288740595171,0.0277902518402577,0.0,0.0,336.7585328712189,True
1777189608.776794,22.27257990837097,3.7572376980993303,0.7132357558172143,0.027790251840500393,0.0,0.0,336.53258996349587,True
1777189608.861215,22.357001066207886,3.7733344373591726,0.7064541278546927,0.027790251843347172,0.0,0.0,336.2614584711539,True
1777189608.964009,22.459794998168945,3.7880614406344297,0.7001707837215019,0.027790251845499634,0.0,0.0,336.0129212668689,True
1777189609.050977,22.546762943267822,3.8014258607538487,0.6944032655756932,0.027790251845619715,0.0,0.0,335.78697835139536,True
1777189609.122905,22.618690967559814,3.814767433084088,0.6885830904539543,0.027790251844335485,0.0,0.0,335.5610354335357,True
1777189609.208959,22.704745054244995,3.826755141838425,0.6832999859182616,0.0277902518430045,0.0,0.0,335.3576868054083,True
1777189609.270434,22.76621985435486,3.836065907694636,0.6791615099642818,0.02779025184240496,0.0,0.0,335.19952675995614,True
1777189609.354816,22.8506019115448,3.850673931289508,0.6726063070219179,0.027790251842555746,0.0,0.0,334.9509895432675,True
1777189609.422864,22.918649911880493,3.861280017765199,0.6677991179295686,0.027790251843236323,0.0,0.0,334.77023520199896,True
1777189609.491423,22.9872088432312,3.870547863281041,0.6635653981059019,0.027790251843872918,0.0,0.0,334.61207515209725,True
1777189609.5569,23.052685976028442,3.8811253289896555,0.6586955565803927,0.027790251844332887,0.0,0.0,334.4313208078688,True
1777189609.641335,23.137120962142944,3.8956441517648055,0.6519450881380829,0.027790251844275717,0.0,0.0,334.1827835819557,True
1777189609.718017,23.21380305290222,3.906184833335396,0.6469961317502855,0.027790251843876367,0.0,0.0,334.002029233936,True
1777189609.804539,23.3003249168396,3.919338643822113,0.6407632142658266,0.027790251843354097,0.0,0.0,333.77608629664644,True
1777189609.869332,23.3651180267334,3.9311559764618083,0.6351092772308361,0.027790251843149007,0.0,0.0,333.5727376509222,True
1777189609.957148,23.45293402671814,3.9442627176620215,0.6287779799073543,0.027790251843287282,0.0,0.0,333.34679470881025,True
1777189610.025104,23.5208899974823,3.9534225325491406,0.624315342202519,0.0277902518435157,0.0,0.0,333.1886346478092,True
1777189610.096065,23.591850996017456,3.965181275385035,0.6185405416317414,0.027790251843789384,0.0,0.0,332.9852859960985,True
1777189610.205916,23.701701879501343,3.9821297735858576,0.6101255696870591,0.0277902518438877,0.0,0.0,332.69156016214987,True
1777189610.269436,23.76522183418274,3.991237955839955,0.6055584743215727,0.02779025184379067,0.0,0.0,332.5334000958947,True
1777189610.346829,23.842614889144897,4.003861017079995,0.5991825002646716,0.027791056683995927,0.0,0.0,332.3075620654444,True
1777189610.441109,23.93689489364624,4.014716978323094,0.5936751997398878,0.02779554328868897,0.0,0.0,332.08246601005,True
1777189610.509208,24.00499391555786,4.022498547949089,0.5897103778487313,0.027799943863102083,0.0,0.0,331.90307523111727,True
1777189610.574981,24.070766925811768,4.03063174625866,0.5855457581641489,0.027803436073549813,0.0,0.0,331.70163740604846,True
1777189610.64292,24.13870596885681,4.037477443852066,0.5820205232849702,0.027804107473250093,0.0,0.0,331.52260733260033,True
1777189610.73013,24.225915908813477,4.044868982749114,0.578190666836134,0.027802154866604162,0.0,0.0,331.3211867295503,True
1777189610.810251,24.306036949157715,4.052795336974675,0.5740535422902429,0.027798343819011105,0.0,0.0,331.09742502651756,True
1777189610.875684,24.371469974517822,4.059734983505092,0.5704035610494187,0.027795664537870836,0.0,0.0,330.896021378638,True
1777189610.970207,24.46599292755127,4.067286667845026,0.5663999280875447,0.02779528049601681,0.0,0.0,330.6721871276113,True
1777189611.052151,24.54793691635132,4.073979484151477,0.5628223695182129,0.027797218368405187,0.0,0.0,330.4707198476318,True
1777189611.134888,24.63067388534546,4.081334507356254,0.558857666372579,0.027800238565277392,0.0,0.0,330.2518533417839,True
1777189611.215137,24.710922956466675,4.088626669297438,0.5548917504927031,0.027802011726619863,0.0,0.0,330.0910380487245,True
1777189611.276806,24.772592067718506,4.093701624007383,0.5521114086254706,0.027801850343008385,0.0,0.0,330.01388545905974,True
1777189611.356068,24.851853847503662,4.10091633675278,0.5481317242568793,0.027799966047072383,0.0,0.0,329.9460071959312,True
1777189611.432775,24.928560972213745,4.107379027538454,0.5445420581319721,0.027797845477989892,0.0,0.0,329.92336905791626,True
1777189611.495198,24.990983963012695,4.112388592521227,0.5417450849185302,0.027796798652305995,0.0,0.0,329.92979176446863,True
1777189611.57404,25.069825887680054,4.119524811078539,0.5377418651472086,0.027796906591595377,0.0,0.0,329.97459580977215,True
1777189611.661936,25.157721996307373,4.127356137824336,0.533327881792294,0.02779873858652939,0.0,0.0,330.06886358493784,True
1777189611.740196,25.235981941223145,4.133044635861166,0.5301114901550592,0.027800200041960477,0.0,0.0,330.16330493665714,True
1777189611.812944,25.308729887008667,4.1394398511695165,0.5264888487703053,0.02780099119999083,0.0,0.0,330.2912533979626,True
1777189611.879706,25.375491857528687,4.1458313607587804,0.5228647642014522,0.027800528281468583,0.0,0.0,330.4378420770773,True
1777189611.957468,25.453253984451294,4.151510106131044,0.5196446816167037,0.027799383321156265,0.0,0.0,330.58044993997726,True
1777189612.035548,25.531333923339844,4.1578970433278,0.5160258482992837,0.027798065322852956,0.0,0.0,330.75151335739736,True
1777189612.101188,25.59697389602661,4.164284411654314,0.5124127015280673,0.027797484408020132,0.0,0.0,330.9310609065098,True
1777189612.202108,25.697893857955933,4.172805814888876,0.5076064589747078,0.027798222973582105,0.0,0.0,331.17983659449226,True
1777189612.269914,25.765699863433838,4.177780837620066,0.5048100321281713,0.027799090455401732,0.0,0.0,331.32849678989464,True
1777189612.358271,25.85405683517456,4.184894553322356,0.5008262642764268,0.02780007859132768,0.0,0.0,331.5440373756969,True
1777189612.433543,25.92932891845703,4.192729179877185,0.4964618120735801,0.027800131729387126,0.0,0.0,331.7841840046378,True
1777189612.496757,25.99254298210144,4.197720342030934,0.49369533532192345,0.027799621301460315,0.0,0.0,331.9381710013422,True
1777189612.568263,26.064049005508423,4.202716070443809,0.49093803481034826,0.027798942087833803,0.0,0.0,332.0928157699927,True
1777189612.634667,26.130452871322632,4.208431497874366,0.487798652738339,0.027798309212896,0.0,0.0,332.2701613149248,True
1777189612.707936,26.20372200012207,4.215585599729063,0.48389296654020436,0.02779813262844986,0.0,0.0,332.4925079120869,True
1777189612.791503,26.287288904190063,4.222034296069507,0.48039621557560247,0.027798572577588075,0.0,0.0,332.69306680202993,True
1777189612.880558,26.376343965530396,4.229211153075502,0.47653222118293864,0.02779930552543773,0.0,0.0,332.91625213301796,True
1777189612.945172,26.44095802307129,4.235681027899799,0.4730745251349811,0.027799720887026338,0.0,0.0,333.11733377482307,True
1777189613.011757,26.507542848587036,4.2414406380066385,0.470017364622083,0.027799699712392135,0.0,0.0,333.2961934455186,True
1777189613.081803,26.57758903503418,4.246487011439329,0.46735527648761926,0.027799414958074836,0.0,0.0,333.4527637322209,True
1777189613.152843,26.64862895011902,4.252262065357778,0.4643279419295325,0.027798962812109248,0.0,0.0,333.63175894793284,True
1777189613.22964,26.725425958633423,4.260216516553577,0.46019202102465645,0.027798529916460885,0.0,0.0,333.8779494042721,True
1777189613.289138,26.784924030303955,4.265286853187487,0.4575763798497244,0.02779851944926158,0.0,0.0,334.0346470125439,True
1777189613.401652,26.897438049316406,4.273994255342494,0.4531223763428529,0.027798914097969307,0.0,0.0,334.3033095918727,True
1777189613.474201,26.96998691558838,4.2812653465435115,0.4494399946845538,0.027799311186509256,0.0,0.0,334.5272206243602,True
1777189613.54996,27.045745849609375,4.287820933097345,0.4461489112230124,0.027799453948151087,0.0,0.0,334.72875395365304,True
1777189613.807895,27.303680896759033,4.310485323105606,0.4349829397468237,0.027798744994123513,0.0,0.0,335.42297749303754,True
1777189613.876124,27.371909856796265,4.315621096666115,0.4324984957085087,0.027798746442600986,0.0,0.0,335.5797437440428,True
1777189613.947044,27.442829847335815,4.321498652468141,0.42967594205661014,0.027798881566500403,0.0,0.0,335.75890660846767,True
1777189614.01202,27.507806062698364,4.328121196453189,0.4265220989121999,0.027799100975107356,0.0,0.0,335.96046622756677,True
1777189614.081377,27.577162981033325,4.3340170127807385,0.42373790338745926,0.027799244024290445,0.0,0.0,336.13963129201835,True
1777189614.171315,27.66710090637207,4.340660004353291,0.4206273960927663,0.02779926586553065,0.0,0.0,336.34119281031633,True
1777189614.236647,27.73243284225464,4.346573905665756,0.41788187043868263,0.027799167190457955,0.0,0.0,336.5203591417865,True
1777189614.341738,27.837523937225342,4.3569435321771035,0.41312124225593655,0.02779892437852733,0.0,0.0,336.83390097729335,True
1777189614.428224,27.924010038375854,4.363623274436589,0.41009054429628666,0.027798864218470255,0.0,0.0,337.035463869003,True
1777189614.497545,27.99333095550537,4.369569666335213,0.4074161720712179,0.02779890808748416,0.0,0.0,337.21463099196245,True
1777189614.596211,28.091996908187866,4.378504750860384,0.4034392688103392,0.027799066985894523,0.0,0.0,337.48338184290344,True
1777189614.665638,28.161423921585083,4.384471731431543,0.4008111639743598,0.027799152238350614,0.0,0.0,337.6625491947024,True
1777189614.749015,28.24480104446411,4.391941905345945,0.39755216148679917,0.027799167410613182,0.0,0.0,337.88650851230386,True
1777189614.826018,28.32180404663086,4.399424702643187,0.3943222581314854,0.027799088838662098,0.0,0.0,338.1104679341789,True
1777189614.891937,28.387722969055176,4.404670115485824,0.3920786764899284,0.027799015294468047,0.0,0.0,338.2672395594715,True
1777189614.967486,28.463271856307983,4.410672337462226,0.3895321123696619,0.027798954454801468,0.0,0.0,338.4464071345378,True
1777189615.045836,28.541621923446655,4.418186231453296,0.38637524793487305,0.027798948712027524,0.0,0.0,338.6703665892815,True
1777189615.124806,28.62059187889099,4.425712376396354,0.3832477072156602,0.02779901108215698,0.0,0.0,338.8943260352726,True
1777189615.223105,28.71889090538025,4.433250663075988,0.38014954838450377,0.027799085935026887,0.0,0.0,339.1182854998657,True
1777189615.294022,28.78980803489685,4.440045410867809,0.37738637352689947,0.02779911678160131,0.0,0.0,339.3198490525364,True
1777189615.377249,28.873034954071045,4.448363217836602,0.37404159999502085,0.027799088561615257,0.0,0.0,339.5662045493721,True
1777189615.444867,28.94065284729004,4.453663815194254,0.37193171733487096,0.027799047959066715,0.0,0.0,339.7229762420323,True
1777189615.528134,29.0239200592041,4.460487306861942,0.369240312798024,0.02779900081455741,0.0,0.0,339.924539843961,True
1777189615.604671,29.100456953048706,4.468839908788173,0.3659834127056576,0.027798986192191937,0.0,0.0,340.1708953372035,True
1777189615.680088,29.17587399482727,4.475684212202588,0.3633453872678526,0.027799012664668114,0.0,0.0,340.3724589079727,True
1777189615.75388,29.24966597557068,4.4810139458044045,0.3613102342124967,0.02779904405102471,0.0,0.0,340.5292305731107,True
1777189615.817054,29.3128399848938,4.487111857640596,0.3590022011749613,0.0277990738546433,0.0,0.0,340.70839819804746,True
1777189615.899234,29.395020008087158,4.495508204077657,0.3558597975658663,0.02779908222590563,0.0,0.0,340.9547537037229,True
1777189615.978917,29.474702835083008,4.502387936587741,0.3533155994805723,0.027799060849961796,0.0,0.0,341.1563173141642,True
1777189616.04508,29.540865898132324,4.507744999881588,0.3513535141609169,0.027799037135886762,0.0,0.0,341.3130890136547,True
1777189616.118889,29.614675045013428,4.514640503121036,0.3488523768082102,0.02779901390141516,0.0,0.0,341.51465262206574,True
1777189616.194021,29.689806938171387,4.522312435719139,0.34610179731091606,0.027799011322312883,0.0,0.0,341.7386121748472,True
1777189616.264178,29.759963989257812,4.528457684109782,0.34392293296950044,0.027799025975209845,0.0,0.0,341.91777981007453,True
1777189616.351472,29.84725785255432,4.535379192005169,0.3414946891671211,0.027799048663423184,0.0,0.0,342.1193433992129,True
1777189616.422971,29.91875696182251,4.543079719526291,0.3388252119959349,0.02779906462312862,0.0,0.0,342.34330295027115,True
1777189616.489902,29.985687971115112,4.54924761660364,0.3367113114353555,0.027799063456407785,0.0,0.0,342.52247059908194,True
1777189616.564789,30.060575008392334,4.555422092922298,0.33461670588107517,0.027799051758160657,0.0,0.0,342.701638252789,True
1777189616.634923,30.130708932876587,4.561603088118005,0.33254141618566063,0.027799036495908123,0.0,0.0,342.8808059072015,True
1777189616.722976,30.218761920928955,4.570886671650028,0.32946474389550817,0.027799023286427905,0.0,0.0,343.1495573821479,True
1777189616.806158,30.30194401741028,4.577858772959058,0.3271858324063818,0.027799027066911796,0.0,0.0,343.3511209812934,True
1777189616.874081,30.369866847991943,4.583287035197172,0.3254303099713405,0.027799035995233617,0.0,0.0,343.50789266716845,True
1777189616.957429,30.45321488380432,4.591826809153073,0.3227016566613698,0.027799050627840324,0.0,0.0,343.7542481749061,True
1777189617.036941,30.532727003097534,4.599600356252908,0.32025294460826736,0.02779905509555282,0.0,0.0,343.97820773302294,True
1777189617.105094,30.600879907608032,4.605047505838466,0.3185569335167493,0.027799051654801125,0.0,0.0,344.13497942700457,True
1777189617.177868,30.673653841018677,4.611278474418168,0.3166368931208686,0.027799043612069436,0.0,0.0,344.31414707879014,True
1777189617.246729,30.742514848709106,4.619075577990217,0.3142642572701581,0.027799033957561184,0.0,0.0,344.5381066422452,True
1777189617.315997,30.811782836914062,4.625319900789337,0.31238810304271974,0.027799031030331597,0.0,0.0,344.7172742900076,True
1777189617.384191,30.879976987838745,4.630788472729937,0.3107624923011185,0.027799032924469513,0.0,0.0,344.87404597951695,True
1777189617.448043,30.94382905960083,4.63626147202549,0.30915185027655845,0.02779903781012095,0.0,0.0,345.03081766778257,True
1777189617.532814,31.028599977493286,4.645653939011696,0.3064256095988256,0.027799046825577434,0.0,0.0,345.2995691339862,True
1777189617.607793,31.10357904434204,4.651922643228365,0.3046326039702848,0.027799049193267072,0.0,0.0,345.478736780401,True
1777189617.691218,31.18700385093689,4.658981597654714,0.3026389148550678,0.027799047044058573,0.0,0.0,345.6803003849715,True
1777189617.766314,31.262099981307983,4.666833051139216,0.30045284497582814,0.027799041183691014,0.0,0.0,345.9042599467669,True
1777189617.847719,31.343504905700684,4.674692989438707,0.2982974813981174,0.02779903637173429,0.0,0.0,346.1282195072855,True
1777189617.926031,31.42181706428528,4.680986968444641,0.2965953212587199,0.02779903563661015,0.0,0.0,346.3073871538134,True
1777189618.000649,31.496434926986694,4.688074017239879,0.2947039274102175,0.027799038191561362,0.0,0.0,346.5089507544741,True
1777189618.074929,31.570714950561523,4.69595626445538,0.29263163423776606,0.02779904275052785,0.0,0.0,346.73291031022274,True
1777189618.169883,31.665668964385986,4.703846551678795,0.29059016699583573,0.02779904563244532,0.0,0.0,346.95686986714344,True
1777189618.240726,31.736511945724487,4.710164489263618,0.28897920886779543,0.02779904539903913,0.0,0.0,347.13603751397886,True
1777189618.310774,31.806560039520264,4.717278150496566,0.28719050633325177,0.027799042914357933,0.0,0.0,347.3376011175448,True
1777189618.395009,31.8907949924469,4.725981102078514,0.2850383166252237,0.02779903931482812,0.0,0.0,347.5839566327565,True
1777189618.484471,31.980257034301758,4.733108529156809,0.2833052802120428,0.027799038070505277,0.0,0.0,347.7855202348948,True
1777189618.554498,32.050283908843994,4.739449103805502,0.2817858613608789,0.027799038802451374,0.0,0.0,347.9646878802184,True
1777189618.618014,32.113800048828125,4.746587889424053,0.28010022460215156,0.027799040966799974,0.0,0.0,348.1662514805978,True
1777189618.704017,32.1998028755188,4.754526772704089,0.2782567624266451,0.02779904326029672,0.0,0.0,348.3902110367852,True
1777189618.798151,32.29393696784973,4.762472801121277,0.276444345954229,0.02779904385254833,0.0,0.0,348.6141705938775,True
1777189618.864102,32.35988783836365,4.769630235440287,0.2748397381118688,0.027799042757734118,0.0,0.0,348.8157341959414,True
1777189618.945897,32.44168305397034,4.777589505012851,0.2730863844074043,0.027799040812874123,0.0,0.0,349.0396937538599,True
1777189619.025171,32.52095699310303,4.7839618172647524,0.27170610998301153,0.027799039720602232,0.0,0.0,349.21886139973566,True
1777189619.102001,32.59778690338135,4.791135787387257,0.2701771284906001,0.027799039626627303,0.0,0.0,349.4204250006252,True
1777189619.175696,32.67148184776306,4.799113117908237,0.2685078717166122,0.027799040754915533,0.0,0.0,349.644384556506,True
1777189619.245281,32.74106693267822,4.805499642176956,0.2671949252704435,0.027799041927538747,0.0,0.0,349.82355220110657,True
1777189619.31514,32.81092596054077,4.811091195367079,0.2660624844509784,0.02779904263835418,0.0,0.0,349.98032389030857,True
1777189619.394517,32.890302896499634,4.8190844568754505,0.26447126119835773,0.027799042697126672,0.0,0.0,350.2042834467484,True
1777189619.470279,32.96606492996216,4.827083877134083,0.2629112943243937,0.02779904180392465,0.0,0.0,350.42824300350554,True
1777189619.55819,33.05397605895996,4.834288520071089,0.261534068055136,0.02779904083838347,0.0,0.0,350.6298066044766,True
1777189619.628096,33.12388205528259,4.840696679870554,0.26033115126886147,0.027799040362329486,0.0,0.0,350.80897424945476,True
1777189619.704143,33.199928998947144,4.849513977603288,0.2587098720985417,0.027799040607383956,0.0,0.0,351.05532976072425,True
1777189619.774358,33.27014398574829,4.855930894378679,0.2575545800400887,0.02779904123427573,0.0,0.0,351.23449740502866,True
1777189619.843335,33.339120864868164,4.861548636485842,0.25656016420019784,0.02779904179535895,0.0,0.0,351.39126909378655,True
1777189619.93902,33.43480587005615,4.871185309561969,0.25489122549676424,0.027799042198917948,0.0,0.0,351.66002056047347,True
1777189620.010853,33.50663900375366,4.878417893724842,0.25366919509146013,0.027799041905857885,0.0,0.0,351.86158416069975,True
1777189620.077838,33.57362389564514,4.884046182776905,0.2527363222429178,0.02779904147542165,0.0,0.0,352.0183558497842,True
1777189620.157173,33.65295886993408,4.891286268176596,0.2515595489703069,0.027799040970889238,0.0,0.0,352.2199194498963,True
1777189620.226165,33.72195100784302,4.899335606406428,0.25028190472815415,0.027799040797459002,0.0,0.0,352.4438790052582,True
1777189620.317647,33.813432931900024,4.907389877221834,0.24903573367768808,0.02779904108522351,0.0,0.0,352.6678385603109,True
1777189620.409927,33.905712842941284,4.915448957568527,0.24782105485850903,0.027799041555140357,0.0,0.0,352.8917981152355,True
1777189620.478981,33.974766969680786,4.921899601968043,0.246871998697269,0.02779904180963646,0.0,0.0,353.07096575921145,True
1777189620.576359,34.072144985198975,4.933195256986849,0.24525970485679507,0.02779904170454748,0.0,0.0,353.3845091363423,True
1777189620.648527,34.14431285858154,4.939653824122771,0.24436615497116862,0.027799041428332383,0.0,0.0,353.5636767804363,True
1777189620.724801,34.22058701515198,4.946115153863637,0.2434928057855623,0.02779904117114999,0.0,0.0,353.742844424448,True
1777189620.813559,34.30934500694275,4.9558121901387855,0.2422206769475135,0.02779904106593198,0.0,0.0,354.0115958902109,True
1777189620.907569,34.40335488319397,4.964706293415895,0.24109452755407612,0.02779904128201722,0.0,0.0,354.2579514002578,True
1777189621.003175,34.498960971832275,4.970368665991885,0.24039780228786758,0.02779904147069706,0.0,0.0,354.4147230884186,True
1777189621.065979,34.56176495552063,4.976842254835445,0.23962051967870862,0.02779904162367383,0.0,0.0,354.5938907320397,True
1777189621.140302,34.6360878944397,4.986557116364187,0.2384925614084033,0.027799041610409532,0.0,0.0,354.8626421975294,True
1777189621.212991,34.70877695083618,4.993846676145392,0.237676503758558,0.027799041448797423,0.0,0.0,355.0642057966542,True
1777189621.280427,34.77621293067932,4.999518291968624,0.23705952459427698,0.02779904131088833,0.0,0.0,355.2209774848235,True
1777189621.369586,34.86537194252014,5.006002177290229,0.23637341095634817,0.027799041213586825,0.0,0.0,355.40014512837047,True
1777189621.443778,34.93956398963928,5.0141099990639315,0.23554428682007544,0.02779904123310167,0.0,0.0,355.6241046826789,True
1777189621.519819,35.015604972839355,5.023843570513062,0.23459118078406174,0.02779904139950347,0.0,0.0,355.89285614772234,True
1777189621.614253,35.1100389957428,5.031958222409643,0.23383180909898377,0.027799041520880467,0.0,0.0,356.1168157018966,True
1777189621.686204,35.181989908218384,5.038452042386359,0.23324715287439254,0.027799041540942766,0.0,0.0,356.2959833452472,True
1777189621.764441,35.26022696495056,5.045759734083332,0.23261369101174917,0.027799041478649356,0.0,0.0,356.49754694402253,True
1777189621.841649,35.33743500709534,5.053881948210856,0.2319400008228263,0.02779904136501847,0.0,0.0,356.7215064981881,True
1777189621.921079,35.41686487197876,5.0611941429114875,0.23136082855954504,0.02779904129543728,0.0,0.0,356.92307009687653,True
1777189621.993667,35.489452838897705,5.067695546850902,0.23086760691521546,0.027799041292722624,0.0,0.0,357.1022377400961,True
1777189622.061825,35.55761098861694,5.075011428690921,0.2303370367241044,0.027799041349013023,0.0,0.0,357.30380133866277,True
1777189622.170083,35.66586899757385,5.085582005169439,0.22961610165599633,0.02779904145381185,0.0,0.0,357.5949487587673,True
1777189622.228509,35.724294900894165,5.090461938858456,0.22930148100143688,0.027799041477415645,0.0,0.0,357.7293244911223,True
1777189622.308438,35.80422401428223,5.098596758324162,0.22880254909257625,0.027799041462372297,0.0,0.0,357.9532840450514,True
1777189622.399408,35.8951940536499,5.108361023022961,0.22824580925438667,0.027799041389065672,0.0,0.0,358.2220355097518,True
1777189622.467776,35.96356201171875,5.114058014247998,0.22794219716458508,0.027799041351151427,0.0,0.0,358.3788071974701,True
1777189622.549221,36.04500699043274,5.121383900620551,0.22757474553805698,0.027799041334681758,0.0,0.0,358.5803707959297,True
1777189622.62313,36.118916034698486,5.129525233359227,0.22719669527556252,0.027799041362173878,0.0,0.0,358.8043303497316,True
1777189622.69,36.18578600883484,5.136039324707463,0.22691716946085955,0.027799041401227822,0.0,0.0,358.98349799275564,True
1777189622.767538,36.26332402229309,5.142554258301104,0.22665801497213398,0.02779904143334025,0.0,0.0,359.16266563577506,True
1777189622.827775,36.32356095314026,5.148255466018486,0.22644796764491246,0.027799041443913413,0.0,0.0,359.31943732341983,True
1777189622.891448,36.38723397254944,5.1555863973911995,0.22620082990999776,0.027799041430303366,0.0,0.0,359.52100092183275,True
1777189622.965488,36.46127390861511,5.162918152816521,0.22597948349435093,0.027799041398519377,0.0,0.0,359.72256452023066,True
1777189623.03384,36.52962589263916,5.168621140888675,0.22582515797157335,0.02779904137512715,0.0,0.0,359.8793362078683,True
1777189623.122182,36.6179678440094,5.17676895158731,0.22563176305514165,0.027799041361502238,0.0,0.0,0.1032957616322339,True
1777189623.189773,36.685559034347534,5.184102577878626,0.2254849391539661,0.027799041373253876,0.0,0.0,0.30485935999073416,True
1777189623.255012,36.75079798698425,5.1906217551493,0.22537608837987863,0.027799041394757158,0.0,0.0,0.48402700297505563,True
1777189623.332101,36.82788705825806,5.19714124092912,0.22528762400130214,0.027799041414626642,0.0,0.0,0.6631946459610563,True
1777189623.411676,36.90746188163757,5.2052909348740934,0.22520571319564026,0.027799041423420205,0.0,0.0,0.8871541997079333,True
1777189623.484156,36.979941844940186,5.21344088673473,0.22515565872152227,0.02779904141163175,0.0,0.0,1.1111137534683468,True
1777189623.569548,37.0653338432312,5.22077596100899,0.2251378475004372,0.027799041392924374,0.0,0.0,1.3126773518605355,True
1777189623.662827,37.158612966537476,5.228926059846858,0.22514832176093624,0.027799041378374544,0.0,0.0,1.536636905633671,True
1777189623.74615,37.24193596839905,5.238706031263913,0.22520294234031094,0.027799041381497032,0.0,0.0,1.805388370167073,True
1777189623.832822,37.32860803604126,5.246855738680927,0.22528350156277044,0.02779904139625361,0.0,0.0,2.029347923954864,True
1777189623.901513,37.39729905128479,5.252560316876632,0.22535884692137634,0.02779904140621686,0.0,0.0,2.1861196116178805,True
1777189623.972973,37.468759059906006,5.2598944342762435,0.22547865432193628,0.027799041411975506,0.0,0.0,2.3876832100591767,True
1777189624.051744,37.54752993583679,5.268042902116264,0.2256420331412504,0.02779904140693854,0.0,0.0,2.611642763908391,True
1777189624.133271,37.62905693054199,5.275375927477516,0.2258163056234409,0.027799041396558498,0.0,0.0,2.8132063623952335,True
1777189624.21506,37.710845947265625,5.282708294381633,0.2260163741837644,0.027799041387814125,0.0,0.0,3.014769960900446,True
1777189624.284909,37.78069496154785,5.290854486084086,0.22626892422132397,0.027799041385970457,0.0,0.0,3.238729514816682,True
1777189624.354225,37.85001087188721,5.2973706898475665,0.22649388931543088,0.027799041390631555,0.0,0.0,3.41789715796858,True
1777189624.451902,37.94768786430359,5.305514903015123,0.22680374840404952,0.027799041399454733,0.0,0.0,3.641856711936009,True
1777189624.531392,38.027178049087524,5.313657842781141,0.22714543940792212,0.027799041405072607,0.0,0.0,3.8658162659411475,True
1777189624.605524,38.10131001472473,5.321799384730051,0.22751895710636985,0.0277990414038996,0.0,0.0,4.089775819986284,True
1777189624.710707,38.20649290084839,5.330753317931188,0.227966579581131,0.027799041397137694,0.0,0.0,4.336131329483511,True
1777189624.784207,38.27999305725098,5.3380777776226225,0.2283614492729528,0.027799041391995974,0.0,0.0,4.537694928199912,True
1777189624.875051,38.37083697319031,5.347841476842818,0.22892801953966857,0.02779904139096748,0.0,0.0,4.806446393207343,True
1777189624.935407,38.43119287490845,5.352722303019329,0.22922847718950953,0.02779904139305214,0.0,0.0,4.940822125735052,True
1777189625.01118,38.50696587562561,5.359228949592722,0.22964689223514204,0.027799041397050656,0.0,0.0,5.119989769132032,True
1777189625.075058,38.57084393501282,5.366547321835392,0.23014192714448423,0.027799041400772707,0.0,0.0,5.3215533679929585,True
1777189625.158163,38.65394902229309,5.374676746998161,0.23072215752887307,0.02779904140154466,0.0,0.0,5.5455129223348285,True
1777189625.229132,38.72491788864136,5.3803659655785445,0.23114722371234392,0.02779904139988704,0.0,0.0,5.7022846104076015,True
1777189625.300963,38.796748876571655,5.3876789289471105,0.2317166081300049,0.02779904139651302,0.0,0.0,5.903848209399363,True
1777189625.372249,38.86803483963013,5.395802037527264,0.23237942618271873,0.027799041393657024,0.0,0.0,6.127807763889624,True
1777189625.435492,38.93127799034119,5.401486642444318,0.23286228874288895,0.0277990413932891,0.0,0.0,6.28457945206845,True
1777189625.527964,39.0237500667572,5.4096051672787375,0.2335790699422485,0.027799041395070553,0.0,0.0,6.508539006661813,True
1777189625.60493,39.10071587562561,5.4177208283215235,0.2343275795370571,0.02779904139790033,0.0,0.0,6.732498561319958,True
1777189625.667357,39.163142919540405,5.424211211897097,0.23494922398862486,0.027799041399401685,0.0,0.0,6.911666205095499,True
1777189625.753021,39.248806953430176,5.431510528736531,0.2356728299049004,0.02779904139941387,0.0,0.0,7.113229804397071,True
1777189625.826858,39.322643995285034,5.4379966382110085,0.2363375890100049,0.027799041398121088,0.0,0.0,7.292397448269863,True
1777189625.888577,39.3843629360199,5.4452909855591995,0.2371096826627445,0.02779904139619295,0.0,0.0,7.493961047683034,True
1777189625.960468,39.45625400543213,5.453829050969474,0.23807413117844015,0.027798198747718713,0.0,0.0,7.68136596597874,True
1777189626.02947,39.52525591850281,5.462052890994006,0.23906027163559881,0.027795983604528052,0.0,0.0,7.808343463530591,True
1777189626.112051,39.607836961746216,5.473980643820882,0.24054827472447018,0.027790755193311187,0.0,0.0,7.95274243518366,True
1777189626.195048,39.690834045410156,5.4898019509774425,0.24259543520407498,0.02778246329869426,0.0,0.0,8.107170026696418,True
1777189626.266775,39.76256084442139,5.50178426811314,0.24418922333633925,0.02777802770010813,0.0,0.0,8.207794114512566,True
1777189626.335307,39.831092834472656,5.512455690607337,0.24563529764820546,0.027777101947003884,0.0,0.0,8.289171066485142,True
1777189626.400233,39.896018981933594,5.524787721892941,0.24733427862203186,0.027779959908896198,0.0,0.0,8.375541291435386,True
1777189626.46516,39.96094584465027,5.538776056392202,0.2492940710453343,0.027786479458502485,0.0,0.0,8.465484117225715,True
1777189626.558114,40.05390000343323,5.554408611768156,0.25152112976529356,0.027793107885290314,0.0,0.0,8.557876504808199,True
1777189626.633128,40.12891387939453,5.566951798074016,0.25333359819914525,0.027794641679960857,0.0,0.0,8.626795799144995,True
1777189626.708706,40.20449185371399,5.584214053083998,0.25586169614775117,0.027790172008230345,0.0,0.0,8.715223853920241,True
1777189626.777019,40.272804975509644,5.596763487445027,0.25772218111042633,0.027784549727723342,0.0,0.0,8.775546017054298,True
1777189626.847641,40.34342694282532,5.6077377028725275,0.25936362970138516,0.02778055019256532,0.0,0.0,8.82588978331267,True
1777189626.931711,40.427496910095215,5.623409881904158,0.261729742728249,0.02777928431174804,0.0,0.0,8.894184535536262,True
1777189626.996293,40.49207901954651,5.637518431832504,0.2638805062483706,0.027782860742420215,0.0,0.0,8.952345196203266,True
1777189627.069952,40.56573796272278,5.650066742397608,0.26580886009040344,0.027787682304405523,0.0,0.0,9.00170998209113,True
1777189627.141864,40.63765001296997,5.662620804925245,0.26775180277820854,0.02779136488424593,0.0,0.0,9.049066546607753,True
1777189627.210796,40.70658206939697,5.6767446531577965,0.26995317901748306,0.027791945528522793,0.0,0.0,9.100104586626287,True
1777189627.27733,40.77311587333679,5.689293308453414,0.27192208808989915,0.027789259762346894,0.0,0.0,9.143646101106889,True
1777189627.339697,40.83548283576965,5.700266203506431,0.2736533560050624,0.027785723729553676,0.0,0.0,9.180460841729191,True
1777189627.406098,40.90188384056091,5.711232915295599,0.2753922447291489,0.0277826588286439,0.0,0.0,9.216153441557033,True
1777189627.475674,40.97145986557007,5.725328256079402,0.2776393365963328,0.027781286786198057,0.0,0.0,9.260475515901089,True
1777189627.563837,41.05962300300598,5.74255812505198,0.28040382735139074,0.027784057328699593,0.0,0.0,9.312423690145527,True
1777189627.633509,41.129294872283936,5.753526945344799,0.28217342890034774,0.027787033271598136,0.0,0.0,9.344317294610683,True
1777189627.72281,41.2185959815979,5.769200834793846,0.28471457465464645,0.027790059438632154,0.0,0.0,9.388413806665902,True
1777189627.810319,41.30610489845276,5.788006123598117,0.28778191608216136,0.027789208841187584,0.0,0.0,9.439191465692293,True
1777189627.883977,41.37976288795471,5.800535641034176,0.2898363527485508,0.0277865536876129,0.0,0.0,9.471856417964611,True
1777189627.950453,41.44623899459839,5.811493730007829,0.29163992096500047,0.02778420700868797,0.0,0.0,9.499712309084524,True
1777189628.047065,41.542850971221924,5.831838306314353,0.29500462438516667,0.02778293561897022,0.0,0.0,9.54972684907406,True
1777189628.114985,41.61077094078064,5.844359653224028,0.29708560208495033,0.02778456549359766,0.0,0.0,9.579461032981126,True
1777189628.185312,41.681097984313965,5.855318751135413,0.2989130495886757,0.027786683634786077,0.0,0.0,9.60487335468647,True
1777189628.249869,41.74565505981445,5.867845898539577,0.30100875288229423,0.027788648737055558,0.0,0.0,9.633253838259536,True
1777189628.322059,41.8178448677063,5.883504131116528,0.30363813402665046,0.02778899238568722,0.0,0.0,9.667774357079463,True
1777189628.395014,41.89079999923706,5.896026345140509,0.30574857102320163,0.027787523418021612,0.0,0.0,9.694671458301064,True
1777189628.462011,41.957797050476074,5.906978870868376,0.3075999044665185,0.027785691753703764,0.0,0.0,9.717713762982036,True
1777189628.553967,42.049752950668335,5.925747678668598,0.31078395242424434,0.027783699208318597,0.0,0.0,9.756186253429231,True
1777189628.628382,42.124167919158936,5.939823519354495,0.31318113845030526,0.027784267436419485,0.0,0.0,9.784220527753966,True
1777189628.707607,42.20339298248291,5.952337937446815,0.3153188904685298,0.02778591716716921,0.0,0.0,9.808586312169313,True
1777189628.78719,42.282975912094116,5.96798452532124,0.3180000366760221,0.027787959711961203,0.0,0.0,9.838347653315807,True
1777189628.854954,42.3507399559021,5.982066750461862,0.32042083747407074,0.027788446812524067,0.0,0.0,9.864493819773596,True
1777189628.928161,42.42394685745239,5.994581303121234,0.32257813356641557,0.027787538903736236,0.0,0.0,9.887251108984369,True
1777189628.993928,42.48971390724182,6.0055279337814245,0.32446967343801925,0.027786152409443744,0.0,0.0,9.90681013470438,True
1777189629.078165,42.57395100593567,6.022723940795621,0.32744944295079176,0.0277843957267883,0.0,0.0,9.936902556439932,True
1777189629.143113,42.638898849487305,6.035228488992702,0.329622549281605,0.02778432638125522,0.0,0.0,9.958305992464743,True
1777189629.23137,42.727155923843384,6.049297768994401,0.33207376374949304,0.027785500965049965,0.0,0.0,9.981922208356972,True
1777189629.329731,42.82551693916321,6.0680612480085525,0.33535275012424554,0.027787548146014612,0.0,0.0,10.01268854496833,True
1777189629.401361,42.89714694023132,6.082134716231702,0.3378193948648076,0.02778804187014838,0.0,0.0,10.035240073675634,True
1777189629.468268,42.96405386924744,6.093078919288796,0.33974177909386805,0.02778750949623683,0.0,0.0,10.05248256493,True
1777189629.539177,43.03496289253235,6.10558315298515,0.34194261290762845,0.027786267293044262,0.0,0.0,10.071884895235616,True
1777189629.604094,43.09987998008728,6.118083799630671,0.3441474628718635,0.02778505610273973,0.0,0.0,10.090973837433879,True
1777189629.670099,43.16588497161865,6.1321447432138365,0.3466329802593244,0.02778456107356901,0.0,0.0,10.112080467279524,True
1777189629.739719,43.23550486564636,6.1446437563266345,0.34884717281527267,0.02778513180839197,0.0,0.0,10.13052382089866,True
1777189629.809631,43.30541706085205,6.155581938244467,0.3507884858738867,0.02778614090743432,0.0,0.0,10.146426781305898,True
1777189629.869803,43.365588903427124,6.166521597876704,0.35273338402118976,0.027787153004028353,0.0,0.0,10.162117333795528,True
1777189629.935046,43.43083190917969,6.18058754178114,0.35523888406668175,0.027787767880156994,0.0,0.0,10.181984763103348,True
1777189629.997698,43.493484020233154,6.193089071226881,0.3574701771194619,0.027787377930981638,0.0,0.0,10.199364087590295,True
1777189630.091542,43.58732795715332,6.2087116355160035,0.3602643126848885,0.027786065363493328,0.0,0.0,10.220734923574991,True
1777189630.160654,43.656440019607544,6.22120624050394,0.362503571983923,0.02778509967391248,0.0,0.0,10.237557848514289,True
1777189630.2272,43.7229859828949,6.235260970563002,0.36502721336970206,0.02778482613958943,0.0,0.0,10.256196804020961,True
1777189630.299239,43.79502487182617,6.2477546524755105,0.3672747408669066,0.027785430553818876,0.0,0.0,10.272516773958005,True
1777189630.375175,43.87096095085144,6.260250065660665,0.3695264546664415,0.027786464002513955,0.0,0.0,10.288612861732593,True
1777189630.458406,43.95419192314148,6.27743334394333,0.3726291476942499,0.02778750175563078,0.0,0.0,10.31038989011635,True
1777189630.534072,44.029857873916626,6.291491609026816,0.37517282415358977,0.027787358845416,0.0,0.0,10.327909027610442,True
1777189630.625072,44.12085795402527,6.30554676588003,0.3777205829651183,0.027786424837414905,0.0,0.0,10.345171649009925,True
1777189630.72581,44.221596002578735,6.325842550452156,0.3814076427618914,0.02778509248017984,0.0,0.0,10.369670918681727,True
1777189630.805104,44.30088996887207,6.3414527456636804,0.3842498791878019,0.027785140725642914,0.0,0.0,10.388171527283687,True
1777189630.864214,44.359999895095825,6.350819507284848,0.3859579648240874,0.02778565897796471,0.0,0.0,10.399132266014867,True
1777189630.937489,44.43327498435974,6.363309935921689,0.3882386907367482,0.027786580612742303,0.0,0.0,10.413589477695936,True
1777189631.008862,44.504647970199585,6.378924437846018,0.3910946482429797,0.027787362168695488,0.0,0.0,10.431413584144925,True
1777189631.074768,44.57055401802063,6.391415446589646,0.39338307186295735,0.027787271632057856,0.0,0.0,10.445478960177546,True
1777189631.143208,44.638993978500366,6.402343375849102,0.3953878393722891,0.02778669894046223,0.0,0.0,10.457649958013148,True
1777189631.221008,44.71679401397705,6.416390568595765,0.3979685203103565,0.027785727194999648,0.0,0.0,10.473118014732862,True
1777189631.284075,44.779860973358154,6.430435213220889,0.40055282214655047,0.027785136902898876,0.0,0.0,10.488385601968227,True
1777189631.351555,44.84734106063843,6.442918854652927,0.4028532841669675,0.02778527136964556,0.0,0.0,10.501790084283645,True
1777189631.41301,44.90879583358765,6.452282171204227,0.4045808120615182,0.027785742230102366,0.0,0.0,10.511743197114804,True
1777189631.515801,45.01158690452576,6.471011155819044,0.40804155860854147,0.027786925397882297,0.0,0.0,10.531400256118513,True
1777189631.594821,45.090606927871704,6.486619520979036,0.4109309451769246,0.02778727985914251,0.0,0.0,10.547532320649701,True
1777189631.679263,45.17504906654358,6.503786257645087,0.41411424915236955,0.027786630691793695,0.0,0.0,10.565025180274503,True
1777189631.765687,45.261472940444946,6.517828452675108,0.41672233409575415,0.02778575840333011,0.0,0.0,10.57914914261757,True
1777189631.834829,45.33061504364014,6.53030841656945,0.41904338636244987,0.027785265104414557,0.0,0.0,10.591563508692166,True
1777189631.898899,45.39468502998352,6.544347821245492,0.42165794674495494,0.027785375306203744,0.0,0.0,10.605372866875978,True
1777189631.98472,45.48050594329834,6.5599484751871975,0.4245675298383385,0.027786177924658473,0.0,0.0,10.620527471303115,True
1777189632.062841,45.558626890182495,6.572430381617303,0.42689864778887343,0.027786873074700895,0.0,0.0,10.63251216606425,True
1777189632.13788,45.633666038513184,6.586472927089661,0.42952457478764683,0.02778718723099342,0.0,0.0,10.64584959838014,True
1777189632.201026,45.69681191444397,6.600514098069533,0.4321537396965893,0.027786816166478247,0.0,0.0,10.659037048362835,True
1777189632.27393,45.769716024398804,6.612992912587163,0.4344932594493273,0.027786128613579326,0.0,0.0,10.670638113050986,True
1777189632.343623,45.83940887451172,6.62391015746314,0.43654223775610246,0.027785571624798184,0.0,0.0,10.680697359063181,True
1777189632.408308,45.904093980789185,6.636385866114582,0.4388862315951243,0.027785308802877648,0.0,0.0,10.692088899241744,True
1777189632.488031,45.98381686210632,6.653540217605451,0.4421136175559307,0.02778578030829807,0.0,0.0,10.707572212589458,True
1777189632.550943,46.04672884941101,6.664457681065217,0.444170200307483,0.02778637144678908,0.0,0.0,10.717319926745702,True
1777189632.614685,46.11047101020813,6.675375919081794,0.4462289215241659,0.027786888073033665,0.0,0.0,10.726987503744306,True
1777189632.683805,46.179590940475464,6.687854047382071,0.4485841855764467,0.02778710399606376,0.0,0.0,10.737939065267183,True
1777189632.751189,46.24697494506836,6.701890660721838,0.45123665764681486,0.02778675413861332,0.0,0.0,10.75013881660098,True
1777189632.822934,46.3187198638916,6.714365588815377,0.45359669757999516,0.027786122190031973,0.0,0.0,10.760879543158012,True
1777189632.892828,46.38861393928528,6.725279569758288,0.4556634834559411,0.027785616073586386,0.0,0.0,10.770199184104234,True
1777189632.993014,46.488800048828125,6.745546640048987,0.45950650310494673,0.027785488219516694,0.0,0.0,10.78731268933683,True
1777189633.055616,46.5514018535614,6.7580192591619,0.461874771370253,0.02778597737384574,0.0,0.0,10.79772058918873,True
1777189633.144671,46.64045691490173,6.7720522436672885,0.46454221898065695,0.027786666592089018,0.0,0.0,10.809320526062317,True
1777189633.229914,46.72569990158081,6.7892044176485244,0.46780669296401717,0.027787033775301378,0.0,0.0,10.823343995928056,True
1777189633.297208,46.792994022369385,6.803236793100997,0.47048071844866435,0.02778670241387579,0.0,0.0,10.834694649629489,True
1777189633.381644,46.8774299621582,6.817266873434899,0.47315726516212675,0.02778604246559809,0.0,0.0,10.845938845660898,True
1777189633.447811,46.943596839904785,6.828177640695003,0.4752407640926076,0.027785605770777794,0.0,0.0,10.854611840781132,True
1777189633.524846,47.02063202857971,6.843763396029131,0.4782200496728804,0.027785488873475355,0.0,0.0,10.866891496437496,True
1777189633.625252,47.12103796005249,6.8624672097532455,0.48180007797384605,0.02778615339004391,0.0,0.0,10.88145856613003,True
1777189633.696022,47.191807985305786,6.8733787802957895,0.4838909706581039,0.02778664390161947,0.0,0.0,10.889873495349882,True
1777189633.794585,47.29037094116211,6.892084834478285,0.48747942794863375,0.027786963842143263,0.0,0.0,10.904159917753244,True
1777189633.86077,47.3565559387207,6.906113039563107,0.4901737683811483,0.027786597862554937,0.0,0.0,10.914762314048716,True
1777189633.934911,47.430696964263916,6.9185807160298936,0.49257070075673975,0.027786044794817243,0.0,0.0,10.924108847420417,True
1777189634.016586,47.51237201690674,6.932605013656985,0.49526948316574537,0.027785571682986388,0.0,0.0,10.934537105356135,True
1777189634.100093,47.5958788394928,6.949744939605565,0.49857152024750667,0.02778564119206935,0.0,0.0,10.947157856969023,True
1777189634.169596,47.66538190841675,6.9622110098942365,0.5009756647841105,0.02778610068694352,0.0,0.0,10.956251775790609,True
1777189634.247385,47.743170976638794,6.974678007959765,0.5033821026987426,0.027786623881348962,0.0,0.0,10.965276019129258,True
1777189634.338869,47.83465504646301,6.993379030658024,0.5069957803448395,0.027786911740892983,0.0,0.0,10.978683437302694,True
1777189634.40556,47.90134596824646,7.0058453434014165,0.509407281083741,0.027786621116016517,0.0,0.0,10.987537853905332,True
1777189634.511513,48.007298946380615,7.022983883050043,0.512725920263036,0.027785923942852564,0.0,0.0,10.999607409209073,True
1777189634.593306,48.08909201622009,7.0385622319090055,0.5157457774459336,0.027785557040696518,0.0,0.0,11.01047480279095,True
1777189634.669663,48.165448904037476,7.054140282130649,0.5187687242098133,0.027785772686402598,0.0,0.0,11.021242086993972,True
1777189634.767448,48.26323390007019,7.069719463661312,0.5217950139221098,0.027786374123882965,0.0,0.0,11.031911469771819,True
1777189634.826807,48.322592973709106,7.080625594621834,0.5239153951085251,0.027786743696179506,0.0,0.0,11.039322889229545,True
1777189634.914605,48.410390853881836,7.099321628046709,0.5275537851665784,0.027786800042690678,0.0,0.0,11.051920189720683,True
1777189634.993633,48.48941898345947,7.113342008475967,0.5302851176567054,0.027786358203584688,0.0,0.0,11.06128150438394,True
1777189635.063598,48.55938386917114,7.124245373000232,0.5324108989727978,0.027785934770653133,0.0,0.0,11.068512791490743,True
1777189635.146854,48.64263987541199,7.14137752561416,0.5357540306366289,0.027785592910484446,0.0,0.0,11.07978826425631,True
1777189635.233585,48.72937083244324,7.1585095541862245,0.539100724097139,0.027785905621618864,0.0,0.0,11.090956129219768,True
1777189635.304308,48.80009388923645,7.169412472309168,0.541232432928105,0.027786314461270424,0.0,0.0,11.098008081103872,True
1777189635.375517,48.87130284309387,7.181873609776734,0.5436705524885339,0.02778671784963396,0.0,0.0,11.106016044263901,True
1777189635.440213,48.93599891662598,7.19589242429039,0.5464156574093293,0.027786826374909826,0.0,0.0,11.11496007947279,True
1777189635.529981,49.02576684951782,7.2114675108601585,0.5494682254799392,0.027786455312473438,0.0,0.0,11.12481955302886,True
1777189635.61473,49.110515832901,7.225483143482343,0.552217581651863,0.027785944566339198,0.0,0.0,11.133624952103622,True
1777189635.681715,49.17750096321106,7.239497330608481,0.5549689374446517,0.02778564173427323,0.0,0.0,11.142366056638565,True
1777189635.764543,49.26032900810242,7.255068322047233,0.5580285993656052,0.027785795432634895,0.0,0.0,11.152002567860759,True
1777189635.838903,49.334688901901245,7.267525766894913,0.56047846550868,0.027786203718163406,0.0,0.0,11.159655195974892,True
1777189635.909128,49.404913902282715,7.279983953076158,0.5629302505795155,0.02778661945270714,0.0,0.0,11.167258429968719,True
1777189635.988867,49.48465299606323,7.2971141865842,0.5663043683082306,0.027786790980583974,0.0,0.0,11.177633043355383,True
1777189636.052275,49.54806089401245,7.308014515912945,0.5684531033018853,0.027786580998564583,0.0,0.0,11.184188081519894,True
1777189636.128194,49.6239800453186,7.320470762823198,0.5709101663493037,0.02778616252262654,0.0,0.0,11.191636367603035,True
1777189636.190414,49.68619990348816,7.332925688466691,0.5733686828881599,0.027785786212939482,0.0,0.0,11.199039120535803,True
1777189636.282103,49.777889013290405,7.351606947223045,0.5770594318440122,0.027785727737133142,0.0,0.0,11.210057100718204,True
1777189636.351522,49.84730792045593,7.362504628064582,0.5792141879687672,0.027786002121168843,0.0,0.0,11.216436738006259,True
1777189636.423129,49.918915033340454,7.374959811522121,0.581678485762502,0.027786423261635045,0.0,0.0,11.22368570559568,True
1777189636.519718,50.015503883361816,7.395200298664336,0.5856867019307704,0.02778677581342073,0.0,0.0,11.23537068810392,True
1777189636.589744,50.085530042648315,7.407655339128894,0.5881553443732299,0.027786597492887963,0.0,0.0,11.242504395191899,True
1777189636.659282,50.155067920684814,7.418552491473838,0.5903165532542801,0.027786263753588652,0.0,0.0,11.248712050450681,True
1777189636.7394,50.235185861587524,7.434118149196044,0.5934058220956959,0.027785804725017862,0.0,0.0,11.257525460680874,True
1777189636.80829,50.304075956344604,7.448126284356267,0.5961881413545926,0.027785702868644006,0.0,0.0,11.265402070951303,True
1777189636.882972,50.3787579536438,7.4621346181349235,0.5989725445900919,0.027785973409966348,0.0,0.0,11.273226131829762,True
1777189636.965732,50.46151804924011,7.476143790360727,0.6017591493122564,0.027786419618299658,0.0,0.0,11.280998560750914,True
1777189637.030121,50.525907039642334,7.488596918940901,0.6042379340866998,0.027786705013398538,0.0,0.0,11.287864509011607,True
1777189637.096061,50.59184694290161,7.502606452398191,0.607028413270053,0.02778669545685443,0.0,0.0,11.295541047298727,True
1777189637.171569,50.66735506057739,7.515058379862961,0.6095103102017714,0.027786402193489126,0.0,0.0,11.302323565587312,True
1777189637.247852,50.743638038635254,7.5275090293697975,0.6119935106102738,0.02778601300725848,0.0,0.0,11.309068564188406,True
1777189637.337108,50.83289384841919,7.54618325860233,0.6157208666756022,0.027785717503391563,0.0,0.0,11.319115645390262,True
1777189637.413957,50.90974307060242,7.560188775211889,0.6185186292203003,0.027785909198348713,0.0,0.0,11.326595088072871,True
1777189637.481467,50.97725296020508,7.571082449488116,0.6206961092092405,0.027786226545749578,0.0,0.0,11.332379753330635,True
1777189637.551599,51.0473849773407,7.5850892834519685,0.6234975813803226,0.027786609461425,0.0,0.0,11.33977568719742,True
1777189637.639766,51.13555192947388,7.602208798555326,0.6269242191595356,0.02778669013009304,0.0,0.0,11.348752351437103,True
1777189637.7132,51.208986043930054,7.614658438285137,0.6294179197177578,0.02778643254344502,0.0,0.0,11.35523867856178,True
1777189637.795688,51.29147386550903,7.627106864331141,0.6319128666539146,0.027786061189331246,0.0,0.0,11.361690713387853,True
1777189637.866058,51.361844062805176,7.64422186441297,0.6353455175571299,0.02778574663351768,0.0,0.0,11.37050640136872,True
1777189637.940378,51.436163902282715,7.659780615581074,0.6384684585861145,0.027785892993096993,0.0,0.0,11.37846396215851,True
1777189638.006562,51.50234794616699,7.670672187992681,0.6406559719700642,0.027786186004308225,0.0,0.0,11.384002426338192,True
1777189638.072803,51.568588972091675,7.681564239363527,0.642844701227353,0.027786494134234837,0.0,0.0,11.389515007730015,True
1777189638.146611,51.64239692687988,7.695568596413203,0.6456604763273944,0.027786699518406163,0.0,0.0,11.39656477880579,True
1777189638.226801,51.72258687019348,7.7126842011786625,0.6491042910454836,0.027786497710575057,0.0,0.0,11.40512455076389,True
1777189638.29433,51.79011583328247,7.72357489643673,0.6512970051297399,0.02778619573182897,0.0,0.0,11.410540429024563,True
1777189638.366971,51.862756967544556,7.7360203637772,0.653804085428714,0.027785878842451605,0.0,0.0,11.416700739176106,True
1777189638.455071,51.95085692405701,7.754687535214833,0.6575671474760306,0.027785806408426435,0.0,0.0,11.42588199293378,True
1777189638.550667,52.04645299911499,7.771799606001315,0.6610195030447938,0.027786193370692908,0.0,0.0,11.434235760303281,True
1777189638.635893,52.13167905807495,7.785801194683728,0.6638462901248843,0.027786554253202055,0.0,0.0,11.441026927985439,True
1777189638.705019,52.20080494880676,7.799802958135891,0.6666748745969445,0.027786678824138118,0.0,0.0,11.447779032291889,True
1777189638.775506,52.271291971206665,7.813803984778606,0.6695050582869813,0.027786481622686286,0.0,0.0,11.454492994544998,True
1777189638.863787,52.359572887420654,7.8278036552376795,0.6723367012602284,0.027786106212826997,0.0,0.0,11.4611701967401,True
1777189638.953195,52.448981046676636,7.844912739353627,0.6757996064997344,0.027785793276062454,0.0,0.0,11.469281751830946,True
1777189639.029675,52.525460958480835,7.8604660348974384,0.6789498374659891,0.027785898402207954,0.0,0.0,11.476608088569105,True
1777189639.098621,52.594406843185425,7.872909137448397,0.6814716339310475,0.02778620003964894,0.0,0.0,11.482436577395008,True
1777189639.170519,52.66630506515503,7.88379731984954,0.6836794034625678,0.02778648063409502,0.0,0.0,11.487513009894792,True
1777189639.236948,52.732733964920044,7.896241187691784,0.6862038702265421,0.027786656258903388,0.0,0.0,11.493287897793076,True
1777189639.328776,52.82456183433533,7.9149061684755555,0.6899928950557782,0.027786466932675474,0.0,0.0,11.501897793419584,True
1777189639.406029,52.90181493759155,7.927348259074601,0.6925203086777351,0.02778614666841421,0.0,0.0,11.507604068338047,True
1777189639.478646,52.97443199157715,7.939789357885979,0.6950488282958839,0.02778587513916212,0.0,0.0,11.513283850504061,True
1777189639.560896,53.056681871414185,7.956895144552677,0.6985275199336005,0.027785844581116916,0.0,0.0,11.521049733049049,True
1777189639.641991,53.13777685165405,7.972446272197491,0.7016921783119956,0.02778616531093474,0.0,0.0,11.52806559665644,True
1777189639.729299,53.22508502006531,7.986443003157313,0.704542243421863,0.027786506238435347,0.0,0.0,11.534344450328906,True
1777189639.828029,53.323814868927,8.006660679913471,0.7086619114657335,0.02778660925773668,0.0,0.0,11.54335512062852,True
1777189639.91725,53.41303586959839,8.017546444110254,0.7108814510864208,0.027786418536037694,0.0,0.0,11.548179015768268,True
1777189639.991645,53.487431049346924,8.031541262965495,0.7137363300425561,0.027786068579732294,0.0,0.0,11.554353430953283,True
1777189640.076972,53.572757959365845,8.050199450880434,0.7175449873119132,0.027785816164624003,0.0,0.0,11.562537510837258,True
1777189640.167118,53.662904024124146,8.065747768087629,0.7207209812409432,0.02778599011074281,0.0,0.0,11.569314760249592,True
1777189640.247196,53.742981910705566,8.08440672293963,0.724534942246355,0.02778643662031745,0.0,0.0,11.577396543210726,True
1777189640.321467,53.81725287437439,8.098401409034906,0.7273973411626067,0.027786625382045318,0.0,0.0,11.583421676455288,True
1777189640.391105,53.88689088821411,8.109285916819399,0.7296246800290928,0.027786575034078265,0.0,0.0,11.588086716129677,True
1777189640.460858,53.95664405822754,8.121724594877042,0.7321712034980994,0.027786334935177716,0.0,0.0,11.593396231305798,True
1777189640.538965,54.03475093841553,8.138826169209594,0.7356743300206801,0.027785944113742973,0.0,0.0,11.60065957214441,True
1777189640.619166,54.114951848983765,8.152817470289792,0.7385420404048804,0.027785833155004033,0.0,0.0,11.606570045846974,True
1777189640.69843,54.19421601295471,8.165254191788456,0.7410923971513093,0.02778597216494037,0.0,0.0,11.611799192022305,True
1777189640.776883,54.27266883850098,8.1808007366232,0.7442821636646026,0.02778632926125554,0.0,0.0,11.61830333784241,True
1777189640.845865,54.34165096282959,8.194793170927218,0.7471546650407572,0.02778658013750569,0.0,0.0,11.624126573773509,True
1777189640.923121,54.418906927108765,8.207230793166318,0.7497092462813971,0.027786592377300492,0.0,0.0,11.629278700459801,True
1777189640.994029,54.48981499671936,8.219667755114612,0.7522648766716854,0.027786396795502877,0.0,0.0,11.63440879817843,True
1777189641.087721,54.58350706100464,8.239875807088326,0.7564198691773365,0.027785951083979653,0.0,0.0,11.642699792440082,True
1777189641.158056,54.653841972351074,8.2523106629683,0.7589781407809684,0.027785845238124107,0.0,0.0,11.647773950327666,True
1777189641.244974,54.74075984954834,8.266299866697555,0.7618575828982943,0.02778598444642384,0.0,0.0,11.653456601103935,True
1777189641.321238,54.81702399253845,8.281844065713678,0.7650588148792277,0.027786329846149656,0.0,0.0,11.65973889661294,True
1777189641.398575,54.89436101913452,8.297388847681717,0.7682619729918596,0.027786582782534475,0.0,0.0,11.665987938623744,True
1777189641.49606,54.99184584617615,8.312933335415877,0.7714668678443888,0.027786526161844835,0.0,0.0,11.672204069983499,True
1777189641.573209,55.068994998931885,8.328476609067824,0.7746732965824461,0.027786212088302526,0.0,0.0,11.678388506453793,True
1777189641.640585,55.13637089729309,8.342464358156466,0.7775603489896089,0.02778593443481703,0.0,0.0,11.683928067825045,True
1777189641.716863,55.21264886856079,8.35489736944489,0.7801277020595335,0.027785860813494,0.0,0.0,11.688830894240622,True
1777189641.798153,55.293938875198364,8.36888458163435,0.7830173306679231,0.02778602460064862,0.0,0.0,11.694322519105889,True
1777189641.870356,55.36614203453064,8.384426581856145,0.7862298258217238,0.027786363656755186,0.0,0.0,11.700394697037352,True
1777189641.94548,55.44126605987549,8.3984148311794,0.7891226564367856,0.02778657220780662,0.0,0.0,11.7058330866022,True
1777189642.031698,55.52748394012451,8.412402840769525,0.7920168453394317,0.02778653383272511,0.0,0.0,11.711246536395025,True
1777189642.110943,55.60672903060913,8.42794398487639,0.7952340261516112,0.027786243336669708,0.0,0.0,11.717233246789526,True
1777189642.194078,55.68986392021179,8.445037687669483,0.7987745818073023,0.02778592216237719,0.0,0.0,11.723785195776182,True
1777189642.274406,55.77019190788269,8.457468919762,0.8013507105950132,0.027785879409373698,0.0,0.0,11.728528040694677,True
1777189642.344295,55.840080976486206,8.469900259757038,0.8039279467269854,0.027786034499730567,0.0,0.0,11.733252060413305,True
1777189642.416729,55.91251492500305,8.485440050228183,0.8071511421923252,0.027786362909740243,0.0,0.0,11.739130826638682,True
1777189642.492999,55.98878502845764,8.499426290729918,0.8100535508725327,0.027786562329233957,0.0,0.0,11.74439683073616,True
1777189642.562913,56.058698892593384,8.510304348599648,0.8123118956229664,0.027786552980108358,0.0,0.0,11.74847642197662,True
1777189642.6315,56.127285957336426,8.522735818022737,0.8148937422039777,0.02778636979334436,0.0,0.0,11.753121954843872,True
1777189642.697198,56.192983865737915,8.536720177024481,0.8177993763219144,0.027786075877811574,0.0,0.0,11.758327332359626,True
1777189642.771862,56.26764798164368,8.550703640849786,0.8207061639997437,0.027785891650271847,0.0,0.0,11.763510694437034,True
1777189642.841684,56.337470054626465,8.561579458228483,0.8229678766557001,0.02778591318567899,0.0,0.0,11.767526776238409,True
1777189642.931072,56.42685794830322,8.578670445543775,0.8265237070979126,0.02778620028784036,0.0,0.0,11.773810533308621,True
1777189642.998188,56.49397397041321,8.592654580896657,0.8294346213859087,0.027786470408663298,0.0,0.0,11.77892720277012,True
1777189643.060206,56.555991888046265,8.603531259510275,0.8316996077179063,0.027786565574910906,0.0,0.0,11.782891540577136,True
1777189643.130678,56.626463890075684,8.614407693496405,0.8339653412955873,0.02778651083842599,0.0,0.0,11.786842669146784,True
1777189643.194357,56.69014286994934,8.626837235757092,0.8365555848684527,0.027786299700409942,0.0,0.0,11.79134255846448,True
1777189643.261365,56.75715088844299,8.640819455170373,0.8394706302114763,0.027786022040439107,0.0,0.0,11.796385424165246,True
1777189643.336122,56.831907987594604,8.653247446619323,0.8420627357218607,0.027785894926842723,0.0,0.0,11.800850559055084,True
1777189643.401216,56.89700198173523,8.664121821603718,0.8443316405302701,0.027785939505673853,0.0,0.0,11.804743948048625,True
1777189643.470411,56.96619701385498,8.678103483296509,0.847250015782398,0.027786172736154392,0.0,0.0,11.80973113435478,True
1777189643.538253,57.03403902053833,8.692085683320537,0.8501697891034845,0.027786442462919125,0.0,0.0,11.814697528122913,True
1777189643.624378,57.120163917541504,8.706068073437637,0.8530908856023705,0.027786556952255643,0.0,0.0,11.819643125750803,True
1777189643.685902,57.18168807029724,8.71694297164107,0.8553636728114528,0.027786481320429122,0.0,0.0,11.823475525627986,True
1777189643.750307,57.24609303474426,8.730924151007459,0.8582867856881784,0.027786230973099103,0.0,0.0,11.828385285241332,True
1777189643.813329,57.309114933013916,8.743351003408327,0.8608859906010417,0.027786001411494503,0.0,0.0,11.832733211349252,True
1777189643.890022,57.38580799102783,8.755777332222346,0.8634860801243754,0.027785901689928866,0.0,0.0,11.837065668842202,True
1777189643.959354,57.45513987541199,8.76820360700769,0.866087147987022,0.027785987578830645,0.0,0.0,11.841382506193822,True
1777189644.025627,57.52141284942627,8.782183568373542,0.8690146131723681,0.027786240191845855,0.0,0.0,11.846220378788075,True
1777189644.095595,57.59138083457947,8.794610622342057,0.8716179397956867,0.02778646123511253,0.0,0.0,11.850504277849375,True
1777189644.164851,57.66063690185547,8.8054843869136,0.8738966772244906,0.027786546688229583,0.0,0.0,11.8542399891168,True
1777189644.249861,57.745646953582764,8.821017845700286,0.8771532169915173,0.02778642753896652,0.0,0.0,11.859556496013763,True
1777189644.322013,57.81779885292053,8.836550142574223,0.8804110387081991,0.02778613627891172,0.0,0.0,11.864850043674174,True
1777189644.396357,57.89214301109314,8.850528254881063,0.8833441732378506,0.02778593643512031,0.0,0.0,11.869594878943433,True
1777189644.466232,57.96201801300049,8.861399839979892,0.8856262846396192,0.0277859223004703,0.0,0.0,11.873272463382174,True
1777189644.53773,58.03351593017578,8.873824635034099,0.8882353384359142,0.027786068097142135,0.0,0.0,11.877461614209112,True
1777189644.609573,58.105358839035034,8.889356182200178,0.8914981188098929,0.02778636019481578,0.0,0.0,11.882677509699866,True
1777189644.675414,58.17120003700256,8.901781740554016,0.8941094866406174,0.02778651949987675,0.0,0.0,11.886833800202718,True
1777189644.754077,58.24986290931702,8.914207161404997,0.8967217805452021,0.027786511281743694,0.0,0.0,11.890975559535633,True
1777189644.841507,58.33729290962219,8.929738102719885,0.8999883106118167,0.02778628369064778,0.0,0.0,11.896132921924124,True
1777189645.068276,58.564061880111694,8.97166714274776,0.9088143492462462,0.027786026742913455,0.0,0.0,11.909950376323971,True
1777189645.138893,58.63467884063721,8.985643657935627,0.9117587618817445,0.027786275453228693,0.0,0.0,11.914521137022277,True
1777189645.206669,58.702455043792725,8.999620605514687,0.9147044428151846,0.02778648782455042,0.0,0.0,11.919074451321292,True
1777189645.278191,58.77397704124451,9.012044546580627,0.9173238103278324,0.027786521671882107,0.0,0.0,11.92310720508671,True
1777189645.338449,58.834234952926636,9.021362215570718,0.9192888838740022,0.027786434013245702,0.0,0.0,11.92612289839948,True
1777189645.407759,58.903544902801514,9.033785140895883,0.9219096566625749,0.02778622082278965,0.0,0.0,11.930132346063214,True
1777189645.48053,58.97631597518921,9.049312778535263,0.9251866998287551,0.02778597616286088,0.0,0.0,11.935125952711243,True
1777189645.559297,59.05508303642273,9.06328714608369,0.9281371516201083,0.027785940149001816,0.0,0.0,11.939602700621311,True
1777189645.626478,59.12226390838623,9.074156175362692,0.9304327586023353,0.027786057451688682,0.0,0.0,11.94307308994383,True
1777189645.695771,59.19155693054199,9.088131058144546,0.9333853604302927,0.027786305401154072,0.0,0.0,11.947520322437239,True
1777189645.772743,59.26852893829346,9.10365913886002,0.936667463570591,0.027786506421922444,0.0,0.0,11.95244232497555,True
1777189645.839474,59.33525991439819,9.114528712832424,0.9389657584674608,0.02778650488467177,0.0,0.0,11.955875629729084,True
1777189645.904159,59.39994502067566,9.12539789530333,0.9412646609936974,0.02778638078032873,0.0,0.0,11.959299203884568,True
1777189645.996977,59.49276304244995,9.144029474707867,0.945206959962425,0.027786058602883603,0.0,0.0,11.965146216896793,True
1777189646.07406,59.5698459148407,9.159554841052795,0.9484935412217332,0.02778593503024773,0.0,0.0,11.969997521976943,True
1777189646.140656,59.63644194602966,9.170422522285788,0.9507949561836857,0.02778600183381505,0.0,0.0,11.97338182083351,True
1777189646.204845,59.70063090324402,9.18129042078193,0.9530970931756513,0.02778616748755897,0.0,0.0,11.976756603183254,True
1777189646.269492,59.76527786254883,9.193711235045082,0.9557290091431931,0.027786382678654555,0.0,0.0,11.98060191793513,True
1777189646.355513,59.85129904747009,9.210790098525644,0.9593493828576808,0.027786514429964486,0.0,0.0,11.98586903186681,True
1777189646.430887,59.92667293548584,9.22321073021488,0.9619833497198782,0.027786419103057597,0.0,0.0,11.98968516304014,True
1777189646.505127,60.00091290473938,9.237183131766418,0.9649474384332392,0.02778618740578258,0.0,0.0,11.993964207880053,True
1777189646.580997,60.07678294181824,9.252707030217085,0.9682419539149495,0.027785971867389653,0.0,0.0,11.998701401619474,True
1777189646.651501,60.147286891937256,9.265125791007318,0.9708784650674132,0.027785956123698014,0.0,0.0,12.002477867141609,True
1777189646.730127,60.22591304779053,9.277544674673049,0.9735158642649834,0.027786094496433728,0.0,0.0,12.00624248043878,True
1777189646.803219,60.29900503158569,9.291516348373587,0.9764840566934163,0.027786333122667168,0.0,0.0,12.010463633546788,True
1777189646.87476,60.370545864105225,9.307040788047379,0.9797833978886827,0.02778650172525798,0.0,0.0,12.01513638909997,True
1777189646.944996,60.44078207015991,9.319460154336053,0.9824237957938746,0.02778646495116232,0.0,0.0,12.018861471771233,True
1777189647.02961,60.52539587020874,9.333431248714518,0.9853951186680434,0.027786266329669948,0.0,0.0,12.02303865537321,True
1777189647.09479,60.59057593345642,9.345849246797885,0.9880370399231754,0.027786061895428708,0.0,0.0,12.026739941943429,True
1777189647.163655,60.659440994262695,9.359818904713142,0.9910100887670646,0.027785949536147887,0.0,0.0,12.030890553223719,True
1777189647.23593,60.73171591758728,9.37223628889106,0.9936536752136994,0.027786016383555264,0.0,0.0,12.034567995269533,True
1777189647.305618,60.80140399932861,9.383101716522773,0.9959675478329061,0.02778617608014384,0.0,0.0,12.037776551871909,True
1777189647.368335,60.864120960235596,9.39551968898005,0.9986128311423313,0.02778638017548661,0.0,0.0,12.041433032476014,True
1777189647.432961,60.928746938705444,9.409490105215074,1.0015898165367332,0.027786499940313417,0.0,0.0,12.04553324549728,True
1777189647.495331,60.991117000579834,9.420355794090415,1.0039059403088402,0.027786457812715496,0.0,0.0,12.048712623818584,True
1777189647.564742,61.06052803993225,9.43122104964522,1.0062226106273797,0.027786314055782208,0.0,0.0,12.051883757047232,True
1777189647.628229,61.12401485443115,9.44363782735348,1.0088708737987653,0.02778610832559325,0.0,0.0,12.055498026998913,True
1777189647.710637,61.20642304420471,9.46071003881603,1.012513404368372,0.027785955794114147,0.0,0.0,12.060450341322534,True
1777189647.786326,61.28211188316345,9.47312606066281,1.015163466561871,0.027786023117608638,0.0,0.0,12.06403926950573,True
1777189647.858346,61.35413193702698,9.485542350304032,1.0178144047318924,0.02778620599195964,0.0,0.0,12.067617519287513,True
1777189647.942912,61.438698053359985,9.502615277853286,1.0214608910354466,0.027786451346545966,0.0,0.0,12.072520307043678,True
1777189648.017152,61.512938022613525,9.516584069214925,1.0244455338209837,0.027786483860382894,0.0,0.0,12.076516790369851,True
1777189648.086679,61.582464933395386,9.527448326970637,1.0267675593242287,0.027786378873007996,0.0,0.0,12.079616079383765,True
1777189648.155068,61.650853872299194,9.539864001320717,1.0294219326938152,0.027786181751240605,0.0,0.0,12.083148659475588,True
1777189648.220718,61.716503858566284,9.553830889142807,1.032408911773305,0.02778599741414962,0.0,0.0,12.08711080617874,True
1777189648.290328,61.78611397743225,9.566245565154397,1.0350647889255575,0.02778596968408922,0.0,0.0,12.090621876555577,True
1777189648.357104,61.85289001464844,9.577108465624852,1.0373893518062276,0.027786067263458464,0.0,0.0,12.09368565586142,True
1777189648.42379,61.919575929641724,9.589523508283536,1.0400468079647147,0.027786260207746254,0.0,0.0,12.09717760704654,True
1777189648.525502,62.02128791809082,9.609698499036565,1.044366990641615,0.027786484949070756,0.0,0.0,12.10283049728945,True
1777189648.620161,62.115947008132935,9.625217446152423,1.0476915792418044,0.02778641234656479,0.0,0.0,12.107160873592857,True
1777189648.680535,62.176321029663086,9.636080177815264,1.0500194165782097,0.027786255525380565,0.0,0.0,12.11018310260591,True
1777189648.744812,62.24059796333313,9.650045809416824,1.0530130839864884,0.027786047286147073,0.0,0.0,12.114058070977233,True
1777189648.819465,62.315250873565674,9.664010908525514,1.056007635813548,0.0277859678645558,0.0,0.0,12.117920777706713,True
1777189648.888973,62.384758949279785,9.674872624157585,1.0583374122891396,0.027786035639152967,0.0,0.0,12.12091653489385,True
1777189648.958325,62.454110860824585,9.687286269029968,1.0610008011075287,0.02778621230046243,0.0,0.0,12.12433115193755,True
1777189649.028493,62.52427887916565,9.702803768689604,1.0643312274652836,0.027786430330458717,0.0,0.0,12.128585879962422,True
1777189649.090759,62.58654499053955,9.71366608803558,1.0666632639361162,0.02778648357009995,0.0,0.0,12.131555244663252,True
1777189649.150125,62.64591097831726,9.722976474659772,1.0686625889956156,0.027786438380223853,0.0,0.0,12.134094622306021,True
1777189649.217822,62.71360802650452,9.73538983345887,1.0713289302658142,0.027786276734505025,0.0,0.0,12.137472348620992,True
1777189649.281057,62.77684283256531,9.749354087145209,1.0743293243238203,0.027786067624131373,0.0,0.0,12.141261380856545,True
1777189649.354902,62.850687980651855,9.761766266453245,1.0769970561267226,0.02778597456947943,0.0,0.0,12.144619599908516,True
1777189649.438518,62.934303998947144,9.77572987923947,1.0799991530808064,0.027786041472862504,0.0,0.0,12.14838640569831,True
1777189649.505114,63.00090003013611,9.788142242462918,1.0826685519923116,0.027786215236803576,0.0,0.0,12.151724803969065,True
1777189649.574065,63.06985092163086,9.8036581290183,1.0860064641250426,0.027786427657535924,0.0,0.0,12.155884867591876,True
1777189649.644076,63.139862060546875,9.816070898810509,1.088677661957781,0.027786476171312965,0.0,0.0,12.159202594658494,True
1777189649.721882,63.21766805648804,9.828483328878564,1.0913495464264744,0.027786382542850575,0.0,0.0,12.16251130040002,True
1777189649.819455,63.31524085998535,9.843998013651266,1.0946902857024368,0.027786153473787843,0.0,0.0,12.166634847361678,True
1777189649.893131,63.388916969299316,9.862614539102896,1.098700496595006,0.027785979474776644,0.0,0.0,12.171564998885902,True
1777189649.973187,63.46897292137146,9.876576741753706,1.1017092236554886,0.02778604704904818,0.0,0.0,12.17524940470571,True
1777189650.036421,63.532207012176514,9.887436441794096,1.1040500438411935,0.027786194153283445,0.0,0.0,12.178107267879929,True
1777189650.127491,63.62327694892883,9.904449956297206,1.1077184656461125,0.027786548565651062,0.0,0.0,12.18702598331069,True
1777189650.194413,63.69019889831543,9.918066548342871,1.110655849336639,0.027787461856379793,0.0,0.0,12.22620322435381,True
1777189650.260635,63.756420850753784,9.928513957686393,1.1129117094876055,0.02778842979520872,0.0,0.0,12.27989665455194,True
1777189650.353854,63.849639892578125,9.943144049204333,1.116076884231138,0.027790191433927327,0.0,0.0,12.388182475127474,True
1777189650.440663,63.93644905090332,9.959845791870608,1.1197048128022231,0.027793198305385375,0.0,0.0,12.559221319672137,True
1777189650.509216,64.00500202178955,9.97067065736023,1.1220694396535154,0.02779478823359859,0.0,0.0,12.692864738887076,True
1777189650.588883,64.0846688747406,9.981134685167666,1.1243675475766568,0.02779583024441484,0.0,0.0,12.838090844726617,True
1777189650.656042,64.1518280506134,9.99127282849372,1.1266083236025117,0.02779622302518109,0.0,0.0,12.992128934338648,True
1777189650.745337,64.24112296104431,10.006006395143535,1.1298954250239603,0.027795869631388193,0.0,0.0,13.235449063742779,True
1777189650.823681,64.3194670677185,10.01540176332173,1.1320122642513135,0.027795741279172434,0.0,0.0,13.403817927061803,True
1777189650.898107,64.39389300346375,10.02455630444641,1.1340933798372306,0.02779594398726584,0.0,0.0,13.575710845681607,True
1777189650.971472,64.46725797653198,10.035617001178338,1.1366337863310405,0.02779678582350553,0.0,0.0,13.793861690035977,True
1777189651.060112,64.5558979511261,10.046305626753982,1.1391187165877348,0.027797879638797214,0.0,0.0,14.014390159114242,True
1777189651.145039,64.64082503318787,10.055670635561512,1.1413226522041946,0.02779854981384388,0.0,0.0,14.214344218481925,True
1777189651.240404,64.73618984222412,10.067647269666223,1.144177836588724,0.027798767712480923,0.0,0.0,14.482795570763516,True
1777189651.319569,64.81535506248474,10.07631151427097,1.1462713366341681,0.027798532579685273,0.0,0.0,14.683795950189566,True
1777189651.39418,64.88996601104736,10.083906877491584,1.1481122483049209,0.027798943839873854,0.0,0.0,14.862252911947664,True
1777189651.460886,64.9566719532013,10.090442140041716,1.1496959741973838,0.027799930623356253,0.0,0.0,15.016660169180275,True
1777189651.531367,65.02715301513672,10.095582367818388,1.1509416527982166,0.027800756625526606,0.0,0.0,15.138379216177775,True
1777189651.591093,65.08687901496887,10.099107884838743,1.1517961510776673,0.027801091461206302,0.0,0.0,15.221923738726893,True
1777189651.656765,65.15255093574524,10.103443966554714,1.152847330774214,0.02780101920310235,0.0,0.0,15.324712707146022,True
1777189651.730008,65.22579383850098,10.108370581861005,1.1540419043692458,0.027800263055563147,0.0,0.0,15.441568813563292,True
1777189651.820062,65.31584787368774,10.112835454502934,1.1551244703637817,0.02779937876761718,0.0,0.0,15.547694366081682,True
1777189651.88639,65.3821759223938,10.115725033404189,1.1558249107927527,0.027799058182968666,0.0,0.0,15.616606026024174,True
1777189651.963721,65.45950698852539,10.119194186424325,1.156665608869606,0.027799206583588976,0.0,0.0,15.699604889466244,True
1777189652.027295,65.52308106422424,10.122425103688803,1.1574484571443588,0.027799837581048932,0.0,0.0,15.7770567407636,True
1777189652.109556,65.60534191131592,10.125453734246328,1.1581823926173314,0.027800528834979896,0.0,0.0,15.84965480277321,True
1777189652.184997,65.68078303337097,10.127998641064092,1.1587993029086856,0.02780084046560982,0.0,0.0,15.910593979146592,True
1777189652.259883,65.7556688785553,10.13071375353866,1.1594576673603263,0.027800670703690203,0.0,0.0,15.975544789548794,True
1777189652.33607,65.83185601234436,10.132443154352053,1.1598770533672889,0.02780030801352045,0.0,0.0,16.016911136588128,True
1777189652.40801,65.90379595756531,10.136506859708817,1.1608622590286408,0.027799344449736453,0.0,0.0,16.114314113845918,True
1777189652.483007,65.9787929058075,10.139274596434985,1.1615329232493743,0.027799306950585176,0.0,0.0,16.1809056681835,True
1777189652.569843,66.06562900543213,10.141657268139664,1.1621102114982769,0.027799832951363578,0.0,0.0,16.238301666276165,True
1777189652.638544,66.13433003425598,10.143259047588632,1.162498389828186,0.02780029423144315,0.0,0.0,16.27685773242528,True
1777189652.699213,66.19499897956848,10.145029493315075,1.162927591060601,0.027800653937809748,0.0,0.0,16.319417637295032,True
1777189652.765133,66.26091885566711,10.146949328208844,1.1633931531533273,0.027800646989389666,0.0,0.0,16.365512458841184,True
1777189652.840832,66.33661794662476,10.148594344303499,1.1637920884231243,0.027800291423683045,0.0,0.0,16.405006179159415,True
1777189652.915498,66.41128396987915,10.1501832335784,1.164177317563531,0.027799800298142045,0.0,0.0,16.443204709789576,True
1777189652.982762,66.47854804992676,10.151906815753042,1.1645950329092183,0.027799398143003556,0.0,0.0,16.484736926649255,True
1777189653.054049,66.54983496665955,10.153568092319931,1.1649975232012653,0.027799389798814408,0.0,0.0,16.52484158026556,True
1777189653.132452,66.62823796272278,10.15499790752171,1.1653439427412904,0.02779971222817559,0.0,0.0,16.55936528581385,True
1777189653.201844,66.69762992858887,10.156388111173,1.1656808674388623,0.027800170919345626,0.0,0.0,16.592896170124497,True
1777189653.264677,66.76046299934387,10.15774163535586,1.1660090350372516,0.027800530281814145,0.0,0.0,16.625492427664017,True
1777189653.339989,66.83577489852905,10.159383872854717,1.166407313784856,0.027800580265116653,0.0,0.0,16.664997506687317,True
1777189653.404675,66.90046095848083,10.160500849036124,1.1666781885631894,0.027800334208566656,0.0,0.0,16.691874455253156,True
1777189653.480916,66.97670197486877,10.161744837545283,1.1669797690267432,0.027799907644903653,0.0,0.0,16.72185184172142,True
1777189653.555651,67.05143690109253,10.163104359574909,1.1673092142257353,0.02779950705761632,0.0,0.0,16.754683032627803,True
1777189653.630328,67.12611389160156,10.164569368027193,1.167664130411528,0.027799445105414662,0.0,0.0,16.790110139523254,True
1777189653.701478,67.19726395606995,10.16571056118005,1.1679406407880588,0.027799715312741155,0.0,0.0,16.81769583932476,True
1777189653.79516,67.2909460067749,10.167102422333851,1.1682780397923735,0.027800222707262786,0.0,0.0,16.851286911066342,True
1777189653.88289,67.37867593765259,10.168724336421068,1.1686713862600282,0.027800559185200767,0.0,0.0,16.890361846788938,True
1777189653.951417,67.4472029209137,10.169776145605422,1.1689264666986805,0.027800437054557273,0.0,0.0,16.915702283323625,True
1777189654.027506,67.52329206466675,10.170164419829021,1.1690206089717554,0.027800326743323056,0.0,0.0,16.92506484980695,True
