EpochTime(s),TimeFromStart(s),right_prop_rate(rad/s),left_prop_rate(rad/s),LastDT(s),Yaw(rad),North(m),East(m),IMUSensedYawRate(rad/s),IMUIntegratedYaw(rad),IMUSensedTimeStamp(s),ARUCOSensedNorth(m),ARUCOSensedEast(m),ARUCOSensedYaw(rad),ArucoSensedTimeStamp(s),DepthTimeStamp(s),Depth(m),NavigationMode,APFEncounter,APFSide,APFDCPA(m),APFTCPA(s),APFForceX,APFForceY,NearestObstacleNorth(m),NearestObstacleEast(m),NearestObstacleDistance(m)
1781618365.9598615,2.1869142055511475,-200.0,200.0,0.2,6.283185305616199,-5.019580411384994e-05,1.0000000006395597,5.070491763252911e-13,6.2831853056162865,1781618365.9254496,-5.019580411384994e-05,1.0000000006395597,6.283185305616185, 1781618365.724367, 1781618365.9189472,0.9649832606815134,track,none,0.0,nan,nan,0.0,0.0,nan,nan,nan
1781618365.9628577,2.189910411834717,-200.0,200.0,0.2,6.283185305616202,0.03016746724178927,1.0000000005923178,5.070491763252911e-13,6.283185305616388,1781618365.9254496,None,None,None, None, 1781618365.9189472,0.9649832606815134,track,none,0.0,nan,nan,0.0,0.0,nan,nan,nan
1781618366.1639807,2.391033411026001,-200.0,200.0,0.2,6.283185305595294,0.08492152799422108,1.000000000506716,-1.8770705380903976e-10,6.283185305572086,1781618366.1614637,None,None,None, None, 1781618366.1268725,1.0614664797194686,track,none,0.0,nan,nan,0.0,0.0,nan,nan,nan
1781618366.3633695,2.5904221534729004,-200.0,200.0,0.2,6.2831853056347216,0.15123993818083792,1.0000000004016483,2.6225623089746666e-10,6.283185305608826,1781618366.3633695,None,None,None, None, 1781618366.3254347,1.0631585379190673,track,none,0.0,nan,nan,0.0,0.0,nan,nan,nan
1781618366.5632153,2.7902679443359375,-200.0,200.0,0.2,6.283185305719706,0.22041125805977113,1.000000000294788,8.07921942144998e-10,6.283185305769069,1781618366.5617101,None,None,None, None, 1781618366.5451708,0.9162314231666034,track,none,0.0,nan,nan,0.0,0.0,nan,nan,nan
1781618366.7634833,2.9905359745025635,-200.0,200.0,0.2,6.283185305695404,0.1184570709151449,1.0000000003510534,-2.646536764340707e-10,6.283185305730496,1781618366.707461,0.11312254882294198,1.0000000003559628,6.283185305745664, 1781618366.735363, 1781618366.746411,0.9865888552342799,track,none,0.0,nan,nan,0.0,0.0,nan,nan,nan
1781618366.9633806,3.1904332637786865,-200.0,200.0,0.2,6.2831853056704485,0.1764604635133946,1.0000000002649658,-2.148727420589403e-10,6.283185305691987,1781618366.886677,None,None,None, None, 1781618366.9587781,0.984253691185779,track,none,0.0,nan,nan,0.0,0.0,nan,nan,nan
1781618367.1648228,3.3918755054473877,-200.0,200.0,0.2,6.283185305749824,0.24374858453783632,1.0000000001634188,7.87979950771638e-10,6.283185305868486,1781618367.1106658,None,None,None, None, 1781618367.1658235,0.9764826006683436,track,none,0.0,nan,nan,0.0,0.0,nan,nan,nan
1781618367.3631103,3.590162992477417,-200.0,200.0,0.2,6.2831853056695,0.3130835071954679,1.0000000000642864,-4.780072545938573e-10,6.283185305752871,1781618367.3525345,None,None,None, None, 1781618367.3025992,0.9105729315049151,track,none,0.0,nan,nan,0.0,0.0,nan,nan,nan
1781618367.5640385,3.791091203689575,-200.0,200.0,0.2,6.283185305724622,0.38272533650233337,0.9999999999591211,4.760051492028377e-10,6.28318530584974,1781618367.5560381,None,None,None, None, 1781618367.5465302,0.9952297129668054,track,none,0.0,nan,nan,0.0,0.0,nan,nan,nan
1781618367.7637806,3.990833282470703,-200.0,200.0,0.2,6.283185305838324,0.31080143704335517,1.000000000042098,6.958136757025462e-10,6.283185305949665,1781618367.7642868,0.30183332139152685,1.000000000053774,6.2831853059363825, 1781618367.740721, 1781618367.7587824,0.9217611422005586,track,none,0.0,nan,nan,0.0,0.0,nan,nan,nan
1781618367.9642282,4.191280841827393,-200.0,200.0,0.2,6.283185305772495,0.37273390960094605,0.9999999999590304,-3.638342336652984e-10,6.283185305859409,1781618367.947717,None,None,None, None, 1781618367.937697,0.9196609361890606,track,none,0.0,nan,nan,0.0,0.0,nan,nan,nan
1781618368.1639857,4.391038417816162,-200.0,200.0,0.2,6.283185305816142,0.44101911532206495,0.9999999998629469,4.927665330288833e-10,6.283185305947924,1781618368.127346,None,None,None, None, 1781618368.127346,1.001551423386623,track,none,0.0,nan,nan,0.0,0.0,nan,nan,nan
1781618368.3635054,4.590558052062988,-200.0,200.0,0.2,6.2831853057947695,0.5105100575445991,0.9999999997681998,2.5972492805690495e-11,6.283185305953354,1781618368.3363757,None,None,None, None, 1781618368.3363757,1.095027442527245,track,none,0.0,nan,nan,0.0,0.0,nan,nan,nan
1781618368.564381,4.791433572769165,-200.0,200.0,0.2,6.28318530574145,0.5801731427632465,0.9999999996717291,-3.566602492853716e-10,6.283185305889493,1781618368.5154285,None,None,None, None, 1781618368.564381,0.9219620121470187,track,none,0.0,nan,nan,0.0,0.0,4.8792070904313665,3.5315219590833786,5.015466868873126
1781618368.7634416,4.990494251251221,-161.85850725192475,200.0,0.2,6.2831853058872715,0.49890733185888647,0.9999999998765923,7.062077819628477e-10,6.2831853060635785,1781618368.761936,0.489085113686333,0.9999999998964435,6.283185306018644, 1781618368.741313, 1781618368.7478242,0.9495118858258916,apf_avoid,none,0.0,nan,nan,12.117967736404054,4.673390138758062,4.919429816392163,3.4804124286989087,4.947552466474452
1781618368.9637568,5.190809488296509,-161.85850725192475,200.0,0.2,6.284310513334249,0.555960943980371,0.9999167667256614,0.029153176647051766,0.004678132941304369,1781618368.9224033,None,None,None, None, 1781618368.9572475,0.9714303568998942,apf_avoid,none,0.0,nan,nan,12.067706961515906,4.710113857074894,4.799930192136817,3.4581211521079425,4.907429639097005
1781618369.163005,5.390057802200317,-161.85850725192475,200.0,0.2,6.288790456399434,0.6189924724008912,0.9999209942001563,0.0543778177670296,0.015026606974357735,1781618369.1127102,None,None,None, None, 1781618369.1152196,0.965880453893464,apf_avoid,none,0.0,nan,nan,12.109315340421636,4.633240140187378,4.891633439772117,3.385486086526512,4.889468595934498
1781618369.3631082,5.590160846710205,-161.85850725192475,200.0,0.2,0.0125080680600076,0.6835338994537811,1.0002943005994211,0.06310249870652401,0.027001236113776902,1781618369.302475,None,None,None, None, 1781618369.346488,0.9963242588851299,apf_avoid,none,0.0,nan,nan,12.15402506354764,4.534978703918442,4.93010171637651,3.332668402993333,4.836669139304897
1781618369.5638435,5.79089617729187,-161.85850725192475,200.0,0.2,0.02194105490908876,0.7483805851467926,1.0011827827295257,0.07616443670989083,0.04676649056234036,1781618369.5619826,None,None,None, None, 1781618369.5078435,1.0696854024290572,apf_avoid,none,0.0,nan,nan,12.201893416866124,4.41001778109297,4.961874208348529,3.2899496089671385,4.781906530100433
1781618369.7642913,5.991343975067139,-161.85850725192475,200.0,0.2,0.036405754652734115,0.6758429690438592,1.002004619666253,0.05774681520751433,0.05475665793343109,1781618369.7003481,0.6669004703212514,1.001955879523482,0.05155559709108104, 1781618369.743263, 1781618369.7003481,0.9276266168931363,apf_avoid,none,0.0,nan,nan,12.259419828126978,4.265075303985834,4.994908044057622,3.2626553130191054,4.746569785827096
1781618369.9638972,6.1909499168396,-161.85850725192475,200.0,0.2,0.04454063266398869,0.7317325174260052,1.0041591835465962,0.06247753209545277,0.0681247486592686,1781618369.9143145,None,None,None, None, 1781618369.9143145,0.9545635171983365,apf_avoid,none,0.0,nan,nan,12.300642805839455,4.113255588319259,4.914297847899043,3.2438567660487703,4.711196738379662
1781618370.164576,6.391628742218018,-161.85850725192475,200.0,0.2,0.054395104690396476,0.7943569735695931,1.0070885601934982,0.07516307133694433,0.08282451536615681,1781618370.1691003,None,None,None, None, 1781618370.1098862,0.9230967630189011,apf_avoid,none,0.0,nan,nan,12.325757945609308,3.9905414191269903,4.896969251162286,3.1898242111034794,4.664600015778011
1781618370.3648138,6.591866493225098,-161.85850725192475,200.0,0.2,0.06704111822051222,0.8587137294169724,1.0107707933681063,0.09400820919895798,0.10518019442354212,1781618370.3476918,None,None,None, None, 1781618370.3597696,0.9166412889138522,apf_avoid,none,0.0,nan,nan,12.372221258580003,3.814434661548236,4.951577084286955,3.179786294366777,4.6095443424242095
1781618370.5635912,6.790643930435181,-161.85850725192475,200.0,0.2,0.0773852669632916,0.9233787653705301,1.0153606611046193,0.06278020900792466,0.11689885623624056,1781618370.5343535,None,None,None, None, 1781618370.5425384,1.0969781800278366,apf_avoid,none,0.0,nan,nan,12.409683444050543,3.6577141741921357,4.969596099692201,3.195773893480644,4.6114745001602815
1781618370.7640731,6.991125822067261,-161.85850725192475,200.0,0.2,0.09595845716748254,0.8538163460911722,1.0144118638842943,0.06075050729814954,0.12877522653872825,1781618370.7298477,0.8450792582523484,1.0140104584309706,0.1202356701612679, 1781618370.74856, 1781618370.7298477,1.0969581362663627,apf_avoid,none,0.0,nan,nan,12.501975386178596,3.408119509061031,5.037739603427581,3.135922221614589,4.571020487120965
1781618370.9631662,7.190218925476074,-161.85850725192475,200.0,0.2,0.10419595953948572,0.9097567543369476,1.019950435991536,0.05651269742059091,0.14024903262618577,1781618370.9328783,None,None,None, None, 1781618370.9486525,0.9663571858864118,apf_avoid,none,0.0,nan,nan,12.51074030068973,3.2851970565275774,4.904069480609224,3.1384472159763597,4.505879839660479
1781618371.1634674,7.390520095825195,-161.85850725192475,200.0,0.2,0.11371142778335928,0.972178337965911,1.0266222264565794,0.0708490255631117,0.15364239613151667,1781618371.1219192,None,None,None, None, 1781618371.1518831,1.0740196364535526,apf_avoid,none,0.0,nan,nan,12.527088157522428,3.1412491913827445,4.923741413611697,3.108632395729387,4.470629546341232
1781618371.3654935,7.592546224594116,-161.85850725192475,200.0,0.2,0.12224200138400795,1.036222299392722,1.0341067778074358,0.05671737905233063,0.16700167028154206,1781618371.3574603,None,None,None, None, 1781618371.3685002,0.9358881680086438,apf_avoid,none,0.0,nan,nan,12.545856829590983,2.994956721282107,4.9413162802198745,3.0823957415624577,4.405809584141668
1781618371.5640378,7.791090488433838,-161.85850725192475,200.0,0.2,0.1311170265526572,1.1005551564348233,1.0421565831042887,0.06229031110218063,0.17918302852000798,1781618371.553018,None,None,None, None, 1781618371.553018,1.0189351823588477,apf_avoid,none,0.0,nan,nan,12.570177457885372,2.834267322779398,5.018470521675309,3.024354079836313,4.3975089840893595
1781618371.7639613,7.991014003753662,-161.85850725192475,200.0,0.2,0.1535144498825538,1.0293790260040823,1.038730492421517,0.07062846869435746,0.1922197553370012,1781618371.7375998,1.0205604620507258,1.0379458265497388,0.18837754076013094, 1781618371.750737, 1781618371.7375998,1.08351792691394,apf_avoid,none,0.0,nan,nan,12.655319206156499,2.543958079156781,5.03557934369672,2.99622524168639,4.334693042581056
1781618371.9638436,8.190896272659302,-161.85850725192475,200.0,0.2,0.1640423366302214,1.0847669088547607,1.0474537695971708,0.08066016087291873,0.20736174714492878,1781618371.9253256,None,None,None, None, 1781618371.942456,0.9067079122868611,apf_avoid,none,0.0,nan,nan,12.656503169707328,2.380074055194581,4.935916893782716,3.0037330692005115,4.299809596482604
1781618372.164128,8.391180753707886,-161.85850725192475,200.0,0.2,0.17365593590315526,1.1466253949194702,1.0578993572653985,0.06269698325049172,0.22197430233251209,1781618372.158392,None,None,None, None, 1781618372.166742,0.9877099214175213,apf_avoid,none,0.0,nan,nan,12.659131400824254,2.2133952640691286,4.943105608167077,2.9840571497127484,4.250993960276838
1781618372.3637319,8.590784549713135,-161.85850725192475,200.0,0.2,0.18234103735558957,1.210095064583051,1.0692172045371233,0.05655308872608154,0.23333144018373947,1781618372.3592145,None,None,None, None, 1781618372.3501768,0.9052989802694573,apf_avoid,none,0.0,nan,nan,12.667771171789457,2.0396736021110953,5.0056411676714445,2.9309049265241374,4.2009135633822074
1781618372.5632312,8.790283918380737,-161.85850725192475,200.0,0.2,0.19134222971121528,1.2738256096255556,1.0811219377132097,0.06266894585116885,0.24457327581983035,1781618372.538599,None,None,None, None, 1781618372.5531936,0.9355452820745378,apf_avoid,none,0.0,nan,nan,12.672787549050843,1.8562845306931008,4.986892035846642,2.9169962313030804,4.157155275704856
1781618372.763719,8.990771770477295,-161.85850725192475,200.0,0.2,0.21553489577992296,1.2014269377233153,1.0746584162763735,0.07085750374995219,0.25803970259211023,1781618372.7286484,1.192570278359146,1.0734248582154993,0.2559516251373095, 1781618372.757216, 1781618372.7376604,1.0075208717206472,apf_avoid,none,0.0,nan,nan,12.743198179645235,1.5509405144984088,5.0176782736119865,2.9017280295251933,4.1043059642944195
1781618372.9635744,9.190627098083496,-164.50661540774436,200.0,0.2,0.2235616708528825,1.2560507557900686,1.0867752808617386,0.05380381393873791,0.26887442037885634,1781618372.930023,None,None,None, None, 1781618372.9400475,1.065451759338774,apf_avoid,none,0.0,nan,nan,12.724329505193166,1.402494356698011,4.908529577877542,2.9362058471344747,4.111874179919651
1781618373.1633723,9.390424966812134,-176.68078439391923,200.0,0.2,0.23178462015846082,1.317413023727614,1.1008740846765264,0.05816949918227068,0.27972460335432703,1781618373.11655,None,None,None, None, 1781618373.1358047,1.0006832220070732,apf_avoid,none,0.0,nan,nan,12.652757651298508,0.9876294683868156,4.960957510427816,2.878766962284355,4.064123995714833
1781618373.3639088,9.590961456298828,-183.48883034975384,200.0,0.2,0.24183634990925573,1.3816179551753052,1.116208390997718,0.07048957314931421,0.2941291976690061,1781618373.3209007,None,None,None, None, 1781618373.3324451,0.944750757435354,apf_avoid,none,0.0,nan,nan,12.62906009781819,0.741960282848146,4.977074844831221,2.856546390337247,4.01384535950868
1781618373.5641901,9.791242837905884,-189.81896605615992,200.0,0.2,0.25031929661697555,1.4469205888556214,1.1325669635075375,0.047491081890512675,0.3040709286745338,1781618373.5302396,None,None,None, None, 1781618373.5302396,1.0695164232553338,apf_avoid,none,0.0,nan,nan,12.602011290307873,0.5007176246889911,4.988028291890314,2.865840868799202,3.9606704060852116
1781618373.7637668,9.990819454193115,-195.94306472677175,200.0,0.2,0.27290320470553087,1.3726096830963854,1.1225898823741527,0.04486383268686729,0.313918008040152,1781618373.7497277,1.3634760600558613,1.1208260100972425,0.31463037449948317, 1781618373.758272, 1781618373.7335787,1.0392396387212508,apf_avoid,none,0.0,nan,nan,12.653380734911021,0.2548577104237362,5.013627097926267,2.85014524634911,3.9145361448685603
1781618373.9637022,10.190754890441895,-200.0,200.0,0.2,0.2804977763306546,1.4309384475596199,1.13914181818968,0.04013368705244427,0.321613443581781,1781618373.9414728,None,None,None, None, 1781618373.934615,1.047230707839513,apf_avoid,none,0.0,nan,nan,12.597222841966966,0.06309282300806407,4.875512962943513,2.857911994921479,3.864064182227711
1781618374.1635177,10.390570402145386,-80.7477464936233,82.14570266044905,0.2,0.2882636670402721,1.4961894800290576,1.1581908289174603,0.04199420110935464,0.329905996314682,1781618374.1389418,None,None,None, None, 1781618374.1389418,1.0647862733044067,apf_colreg,crossing_from_port,1.0,0.28649346193366154,9.549127482853498,12.795002701540808,0.015369325824291735,4.8986845442165725,2.840463880163353,3.810545507174024
1781618374.3645952,10.591647863388062,-200.0,192.70726498014312,0.2,0.2936069944493908,1.5422180896786761,1.1720175154105128,0.019187599048548706,0.3337365726749336,1781618374.33858,None,None,None, None, 1781618374.33858,0.9690015806575597,apf_avoid,none,0.0,nan,nan,12.528753132854625,-0.3840662658082845,4.94185122514522,2.832924652633546,3.78433311938935
1781618374.5634596,10.790512323379517,-200.0,188.24729523829896,0.2,0.2973938334484668,1.6025644307304998,1.1904584080732885,0.010232368345258782,0.335609087221537,1781618374.521579,None,None,None, None, 1781618374.5453548,0.9086456623030883,apf_avoid,none,0.0,nan,nan,12.472832331263625,-0.5558161128309123,4.960871229353108,2.8318244445062533,3.733960987637307
1781618374.7647102,10.99176287651062,-200.0,186.08862475170105,0.2,0.30890129963837415,1.5382877340778383,1.1780402358153226,-0.001988246986380855,0.33523789409803295,1781618374.7082727,1.5299227314720367,1.175939105122302,0.3365008132745375, 1781618374.761192, 1781618374.7440515,1.0265930330519588,apf_avoid,none,0.0,nan,nan,12.51403529051727,-0.6391670546255135,4.972854320509425,2.8188573678937505,3.692525664319297
1781618374.9645348,11.191587448120117,-200.0,182.86373915039601,0.2,0.308981773527597,1.5954364169028903,1.1963944749157953,-0.019262752279372988,0.3304947690770326,1781618374.9545057,None,None,None, None, 1781618374.8965786,1.0398600240973153,apf_avoid,none,0.0,nan,nan,12.452618607388704,-0.754243479529281,4.869648063666179,2.8351201217531363,3.6724369480830314
1781618375.1631925,11.390245199203491,-200.0,180.40323879575817,0.2,0.30413225525764687,1.658263697446431,1.2165110508945958,-0.05509209687719862,0.3191525566959979,1781618375.160383,None,None,None, None, 1781618375.160383,0.9563766766426991,apf_colreg,head_on,1.0,0.49091889525256577,9.635362476568762,12.399736954707304,-0.8386498283515187,4.877395936147067,2.8523531410602483,3.622959383083195
1781618375.3633165,11.59036922454834,-200.0,177.46654675789122,0.2,0.29926605842808024,1.7222041693953631,1.236511103718577,-0.03671153419133462,0.3123094852838943,1781618375.346784,None,None,None, None, 1781618375.3372288,0.9528643258484238,apf_colreg,head_on,1.0,0.5242732688025092,9.571007761930527,12.35576719548541,-0.9375803656342776,4.909925961381398,2.8368132040809613,3.5656274510230426
1781618375.5633943,11.790446996688843,-200.0,174.79418194985928,0.2,0.29336111769500256,1.7861215020737244,1.2561529162862826,-0.044356918384080755,0.3034120625778506,1781618375.5473711,None,None,None, None, 1781618375.5241592,0.937644570384079,apf_colreg,head_on,1.0,0.5970701076056866,9.662304590125798,12.315028272056923,-1.024909784863135,4.911282660199152,2.8516302200805113,3.528362878623981
1781618375.7638407,11.990893363952637,-200.0,172.4705616226013,0.2,0.28628975919453703,1.8498747953147738,1.275313176843408,-0.052121585746688945,0.29361871139854523,1781618375.7352655,None,None,None, None, 1781618375.706,1.055144312193209,apf_avoid,none,0.0,nan,nan,12.281939328825459,-1.0991203411347854,4.957120086508845,2.8378725694453646,3.4762347275941714
1781618375.964238,12.191290616989136,-200.0,181.19400141461904,0.2,0.285025163612669,1.711451199636504,1.237214732523231,-0.04889301441491214,0.28445657513212547,1781618375.922657,1.702339564279602,1.2346575821871066,0.30100894921984095, 1781618375.766378, 1781618375.95515,0.9277133806594589,apf_avoid,none,0.0,nan,nan,12.396063850904053,-0.8104516383891105,4.965690987663171,2.846057616572554,3.435855157359722
1781618376.1641774,12.39123010635376,-200.0,180.58399636306888,0.2,0.27884600928035685,1.7627115264497824,1.2521145507806537,-0.041102457725753445,0.2766248607440102,1781618376.1131983,None,None,None, None, 1781618376.1439707,1.0841481786778926,apf_avoid,none,0.0,nan,nan,12.343420888868796,-0.828495233747609,4.76253968941781,2.813888899971386,3.3907944700583936
1781618376.3636022,12.590654850006104,-200.0,179.7580828426845,0.2,0.2721213359049261,1.824053060545447,1.2695414272268781,-0.04592511857747003,0.2652178070925218,1781618376.361582,None,None,None, None, 1781618376.361582,1.029431961938022,apf_colreg,head_on,1.0,0.7059118218933024,7.977060035014264,12.294003601213713,-0.853980277429355,4.756072320188494,2.818392941807541,3.3309480809205017
1781618376.5640666,12.79111933708191,-200.0,178.50533955304059,0.2,0.2644881994335644,1.8881434676765734,1.2872769267884578,-0.05239632335067276,0.2555057768698578,1781618376.5469391,None,None,None, None, 1781618376.560545,0.9625803802806797,apf_colreg,head_on,1.0,0.6564969181361451,7.553904209866456,12.259198867850003,-0.8947591194856037,4.797574978150448,2.799188551615516,3.293668527566427
1781618376.7638154,12.990868091583252,-200.0,176.67319223533346,0.2,0.257709548127054,1.9527458508367945,1.3046054756238572,-0.0417433367544878,0.24930053321964413,1781618376.6955914,None,None,None, None, 1781618376.7305236,1.0045855427828017,apf_colreg,head_on,1.0,0.5604802762330517,7.681662910147639,12.230289127291627,-0.9549092418090162,4.815796082494343,2.7858037363902186,3.2484893579239094
1781618376.9637017,13.190754413604736,-200.0,181.815681613048,0.2,0.2501234218018708,1.8846229865670692,1.2882846810577158,-0.04873745242453992,0.2366741020993549,1781618376.9546618,1.8760500335977235,1.2861398998298894,0.24923517706537357, 1781618376.769322, 1781618376.9243188,1.0864925301821629,apf_avoid,none,0.0,nan,nan,12.297455929397241,-0.7820766280484035,4.855579615359687,2.78563960905801,3.1973967071156504
1781618377.1637108,13.390763521194458,-200.0,181.94957692494128,0.2,0.2436700110289367,1.9416964203034355,1.3027220628159153,-0.041697302761784225,0.22802010323467242,1781618377.1622052,None,None,None, None, 1781618377.1350002,1.0731502690312065,apf_colreg,head_on,1.0,0.42806093897459574,8.295336779336095,12.250730471701914,-0.7743851403740898,4.734868066009561,2.755762541991455,3.154776130914874
1781618377.3642685,13.591321229934692,-200.0,180.71536082067138,0.2,0.2378540379333191,2.005360290851916,1.3183987917407478,-0.035393602179892715,0.2236220285344736,1781618377.286467,None,None,None, None, 1781618377.2894535,1.080114350945605,apf_colreg,head_on,1.0,0.410475264547773,7.6357885440796585,12.218778520797077,-0.8155581628585868,4.787392225358195,2.744285477097221,3.129509925709049
1781618377.5641413,13.791193962097168,-111.9631504756226,47.63327956813185,0.2,0.2312220310459083,2.0704542764393024,1.3340521773984158,-0.04559141768338893,0.21349302152611713,1781618377.5086362,None,None,None, None, 1781618377.5626364,1.0696978137576265,apf_colreg,crossing_from_port,1.0,0.39090293303964324,7.676046888531037,12.489816494016768,-0.69108591015828,4.795245952917679,2.7508141738093657,3.087404746076051
1781618377.7637796,13.990832328796387,-200.0,177.74101085349477,0.2,0.22503321812541602,2.1172257200542326,1.3450031028929175,-0.04611064764901332,0.20195885138188818,1781618377.7587774,None,None,None, None, 1781618377.707661,1.0174902771971162,apf_avoid,none,0.0,nan,nan,12.201272402122278,-0.9165514718295529,4.814105833132374,2.738900160403724,3.041450281866858
1781618377.9657345,14.192787170410156,-200.0,185.45197998657028,0.2,0.21237321075275747,2.0556196251768895,1.3297453839039943,-0.05213655435225013,0.1926897706812406,1781618377.936562,2.047729452498009,1.3278710044075686,0.1969825379479282, 1781618377.774798, 1781618377.9687326,0.9792009655935995,apf_avoid,none,0.0,nan,nan,12.249628710879986,-0.6488880959236103,4.841375947870829,2.7371390232709256,2.998924891257203
1781618378.1634166,14.390469312667847,-98.51241969363818,63.39987615901251,0.2,0.20378218246690927,2.112121942832722,1.3417837843576201,-0.06293564598782232,0.18049176385541482,1781618378.1303792,None,None,None, None, 1781618378.1479082,1.0417058225803588,apf_colreg,crossing_from_port,1.0,0.27393857704471386,8.906268018022056,12.409658620362627,-0.3745196419903949,4.735285726194037,2.6943161613691435,2.9454748160221613
1781618378.3644285,14.59148120880127,-200.0,186.92997737257147,0.2,0.19517501217543148,2.15707794117685,1.350934877676817,-0.05546282119117204,0.16994229387944143,1781618378.3205872,None,None,None, None, 1781618378.3528988,0.9670671175558123,apf_avoid,none,0.0,nan,nan,12.211341647736742,-0.5928977846014076,4.74255093627119,2.6900164667882507,2.9089985758124404
1781618378.5637093,14.790761947631836,-95.34954660717851,66.90033863205547,0.2,0.18804841989323218,2.2175151785061598,1.3626752540924283,-0.03781826474683505,0.16103204040975005,1781618378.5561943,None,None,None, None, 1781618378.546188,1.091325163623391,apf_colreg,crossing_from_port,1.0,0.27336507711125957,8.096556217209928,12.389146377512311,-0.30291358759496223,4.765424002532083,2.6773228799493074,2.8657703321221533
1781618378.7629428,14.98999547958374,-200.0,187.2814867311926,0.2,0.1804518197710811,2.263553064472246,1.3713132238146741,-0.047898540667430475,0.15163320982017192,1781618378.752418,None,None,None, None, 1781618378.686538,1.0757614850618236,apf_avoid,none,0.0,nan,nan,12.189277206090136,-0.5789057604390382,4.781563193508102,2.661358101498874,2.8250885926356886
1781618378.9632664,15.190319061279297,-200.0,194.552570966184,0.2,0.16549471873611135,2.2103135923164445,1.3587603154438057,-0.05044786095760749,0.14149450203867314,1781618378.953392,2.2028765284549303,1.3572302055226455,0.14577041742226626, 1781618378.781055, 1781618378.891962,0.9377390681351281,apf_avoid,none,0.0,nan,nan,12.22255199894779,-0.30197223118639815,4.804453440105248,2.651313710163678,2.794074137527134
1781618379.1639233,15.390975952148438,-78.59446829630619,84.27481971764894,0.2,0.15847710178159338,2.2693328445643335,1.3684134592169714,-0.03657855248487471,0.13630837237693835,1781618379.0951726,None,None,None, None, 1781618379.149374,0.9354527362674161,apf_colreg,crossing_from_port,1.0,0.12436935301234492,8.199261061851137,12.318797154058338,0.06012673617743758,4.731812746646942,2.598841501931834,2.743410047040936
1781618379.3634453,15.590497970581055,-200.0,195.27634642109638,0.2,0.15302529198543638,2.315160593080992,1.3755768036009508,-0.020787861432209433,0.13095264466755,1781618379.35281,None,None,None, None, 1781618379.3445444,0.9363576797131818,apf_avoid,none,0.0,nan,nan,12.194625577470076,-0.27241880587848044,4.7809961794965465,2.581383374472816,2.7180730332927334
1781618379.563438,15.790490627288818,-77.37966127202425,85.46326081931939,0.2,0.14845151289910688,2.3771402992902253,1.3849790117167817,-0.021264507946092574,0.1267945990283937,1781618379.5483491,None,None,None, None, 1781618379.5394294,0.9157270537401012,apf_colreg,crossing_from_port,1.0,0.04878288823382227,8.039469249972347,12.212698120392695,0.08482894578148015,4.801004276213194,2.5588281488541607,2.679524356599043
1781618379.764067,15.991119623184204,-200.0,194.21772376181528,0.2,0.1449082977054968,2.4237125116106593,1.3918304682324436,-0.012739762379647931,0.12416088810506035,1781618379.7550807,None,None,None, None, 1781618379.723405,0.9893270270442188,apf_avoid,none,0.0,nan,nan,12.18283693262368,-0.31425182569491783,4.834080083162144,2.5401365784701575,2.64252561129797
1781618379.9635265,16.190579175949097,-200.0,199.5022079164797,0.2,0.13500846381537124,2.3682638305389956,1.3807260768863587,-0.017744908328362664,0.12076453712824124,1781618379.9464793,2.360606081393195,1.3794189301045274,0.11606194987742047, 1781618379.789154, 1781618379.9117732,0.9289137357506658,apf_avoid,none,0.0,nan,nan,12.202941519960081,-0.09893333911410851,4.850045428008012,2.52173311806935,2.604769517115147
1781618380.163267,16.39031958580017,-68.90027305159893,93.5119168920707,0.2,0.1320478058052147,2.428254094008163,1.3887785583761705,-0.013767272529468712,0.11868782861586186,1781618380.0973232,None,None,None, None, 1781618380.119489,1.0749059801791263,apf_colreg,crossing_from_port,1.0,0.2785518418211013,8.03440816722311,12.16361749480524,0.2572697932588155,4.76410004183546,2.4670899892814147,2.559355248743142
1781618380.3635733,16.590626001358032,-73.99997416492918,88.7222690950704,0.2,0.13025464645975512,2.4744513696801076,1.3948196372805253,0.00146486161469268,0.11901163456474297,1781618380.318372,None,None,None, None, 1781618380.312043,0.9357928729312196,apf_colreg,crossing_from_port,1.0,0.5233883658401246,9.274459775430161,12.193646644997404,0.1542598692489059,4.78585556388328,2.449015370285695,2.519974110463744
1781618380.567792,16.79484462738037,-77.69755917843135,85.15314150409192,0.2,0.13070328864017183,2.5160328099599534,1.4002079345102185,0.015997875034705695,0.12206863207441702,1781618380.5094597,None,None,None, None, 1781618380.5094597,1.0916418763426485,apf_colreg,crossing_from_port,1.0,0.5881388358768629,9.73590758335784,12.197638378797778,0.07814189474885191,4.794508371011477,2.433253645705455,2.494147915930344
1781618380.7635007,16.990553379058838,-200.0,195.39001821624967,0.2,0.13268792955564998,2.555524571728121,1.4053879685421578,0.02025362875077064,0.127183065629061,1781618380.761979,None,None,None, None, 1781618380.761979,0.984712272033543,apf_avoid,none,0.0,nan,nan,12.171374374625024,-0.2673532295411971,4.827132539033673,2.404285892484256,2.462591031089889
1781618380.96301,17.190062761306763,-200.0,198.05475908944655,0.2,0.12980146299205597,2.5077668671927276,1.3968254522437207,0.011088721842944089,0.1292512505318522,1781618380.9484916,2.5008101891652976,1.3957511626573573,0.11563778393843105, 1781618380.79862, 1781618380.9404202,1.0028117937891794,apf_avoid,none,0.0,nan,nan,12.182319216332303,-0.1591614726058559,4.825762434981519,2.3818766780744816,2.4228600304586188
1781618381.1638849,17.390937566757202,-72.5618388594922,90.08832322304228,0.2,0.13141997956927218,2.5670689445903685,1.4046236578774085,0.0065940834503292155,0.13048560209763624,1781618381.1356823,None,None,None, None, 1781618381.12664,0.9439838275128837,apf_colreg,crossing_from_port,1.0,0.24314664494307636,7.223953681675709,12.193751275924669,0.18364776525677895,4.7569688228029054,2.356488147034658,2.403370005108144
1781618381.3635206,17.59057331085205,-80.67600717268546,82.21710664545236,0.2,0.13391159323206403,2.613068062235004,1.410719364012948,0.020966133523706746,0.13474677734550047,1781618381.3389232,None,None,None, None, 1781618381.3389232,0.964248407277198,apf_colreg,crossing_from_port,1.0,0.43192754454195037,8.463884609674949,12.209009616044424,0.016167096628763478,4.788795659783733,2.34140433269927,2.355695268405185
1781618381.564119,17.79117178916931,-86.12598834939126,76.69817118122464,0.2,0.13658151070099847,2.6545301304668785,1.4163466749673326,0.016324490449783367,0.13818365864146537,1781618381.5494585,None,None,None, None, 1781618381.5575173,0.9886595266921517,apf_colreg,crossing_from_port,1.0,0.5495128004555814,9.108958272585491,12.193680249257755,-0.0987816160767574,4.820289651814376,2.318199486613346,2.330755756944465
1781618381.7652845,17.992337226867676,-89.50767394011821,73.17469936759669,0.2,0.13865137162108962,2.693940894665152,1.4218204042235971,0.0071850571074193875,0.13934892568246257,1781618381.7116377,None,None,None, None, 1781618381.7506537,1.0665575120783175,apf_colreg,crossing_from_port,1.0,0.6521710708131362,9.731664316774333,12.158230379681466,-0.17064157094406696,4.8451509404989626,2.294727418414074,2.309898711021996
1781618381.964208,18.19126057624817,-200.0,193.75522814548887,0.2,0.1363725395840969,2.6453790161631394,1.4130832023237339,-0.005168984453145574,0.1380722199052973,1781618381.9586313,2.639719218215883,1.4121620754983413,0.12768472099031403, 1781618381.801906, 1781618381.9405987,1.0677862027456546,apf_avoid,none,0.0,nan,nan,12.16344351535565,-0.3319571729407542,4.845916521894103,2.2900006196730125,2.2738362134054904
1781618382.1629238,18.389976501464844,-84.53295707070714,78.33139464697763,0.2,0.1360246273139428,2.6937179080689413,1.4197558358879476,-0.01224406875164428,0.13585356219985775,1781618382.139834,None,None,None, None, 1781618382.139834,1.0794005487684986,apf_colreg,crossing_from_port,1.0,0.3471142759327383,8.17897860905693,12.18526778564726,-0.06493232900807566,4.783737277834453,2.255472873525586,2.24400270037032
1781618382.3788862,18.60593891143799,-87.32167147301715,75.46120988866063,0.2,0.13403660529435418,2.736142510506351,1.425562483763502,-0.018296448340593005,0.132177577469319,1781618382.3407464,None,None,None, None, 1781618382.3302016,1.0247118530788986,apf_colreg,crossing_from_port,1.0,0.4155610729706318,8.684602556205345,12.201963203629125,-0.124356076177353,4.798488541124829,2.234156063846452,2.2054298731929496
1781618382.5635755,18.79062819480896,-88.15180152541926,74.59675056409309,0.2,0.1315393755554478,2.7760379312725405,1.4309261625813363,-0.01976799987901225,0.128021272620337,1781618382.5510006,None,None,None, None, 1781618382.51286,1.0609007001190518,apf_colreg,crossing_from_port,1.0,0.4423391293398648,8.994035818491954,12.196605999625007,-0.14206282965092099,4.808288909240262,2.222401458775211,2.1709168862085098
1781618382.7638013,18.990854024887085,-88.05903794034263,74.69358244396274,0.2,0.12850170104399203,2.8147206042831265,1.43601768843617,-0.022087054603840185,0.12397012425265284,1781618382.734418,None,None,None, None, 1781618382.7673247,0.9599014445214763,apf_colreg,crossing_from_port,1.0,0.4450698533543794,9.352095106300728,12.177836224546226,-0.13986004359426296,4.818517995339877,2.210247888874621,2.141652202716818
1781618382.9637287,19.190781354904175,-200.0,194.37439322650968,0.2,0.12209106382314415,2.768356310770107,1.428384856125517,-0.02666431083905337,0.1187052263559866,1781618382.931869,2.762860894659358,1.4275702179156542,0.11446529108366832, 1781618382.805224, 1781618382.9476147,1.0640446269992698,apf_avoid,none,0.0,nan,nan,12.157961861035442,-0.3074245350668652,4.831309633380788,2.1981676381585005,2.114456200449813
1781618383.165394,19.392446756362915,-78.4327928459122,84.43351230655865,0.2,0.11819700127970505,2.8169476077778213,1.4342800040083539,-0.025805423044090656,0.11370809213135481,1781618383.1255157,None,None,None, None, 1781618383.1377764,0.9023259619715817,apf_colreg,crossing_from_port,1.0,0.17942013303161589,7.3797346918327085,12.241126253400935,0.06311741764000267,4.7579746413669115,2.1653918947631325,2.081630448855997
1781618383.3633926,19.590445280075073,-80.55528566143788,82.33719033690576,0.2,0.11462056770147717,2.8595375601009474,1.4392546382010067,-0.016649733722168113,0.11049772499981998,1781618383.3183336,None,None,None, None, 1781618383.3183336,0.9202101700109416,apf_colreg,crossing_from_port,1.0,0.24936584078358817,8.000709716694516,12.24389347786062,0.018746708302628257,4.788707625004711,2.1557049432842645,2.0607584346388985
1781618383.563353,19.790405750274658,-81.01462180285978,81.87978844339347,0.2,0.11193790014819495,2.8995581094763017,1.4437913343022064,-0.009986935947262543,0.10809586002797007,1781618383.5588343,None,None,None, None, 1781618383.4844956,0.9971818865386834,apf_colreg,crossing_from_port,1.0,0.33801340328046214,8.555226663141042,12.208266694552137,0.009075582854507935,4.8196023729049156,2.135281577089381,2.0308123763038473
1781618383.7635205,19.990573167800903,-80.72279702375695,82.17053920340352,0.2,0.1095514670436447,2.9383403885011905,1.4480975376954355,-0.010614960158946867,0.10596134220988675,1781618383.7599201,None,None,None, None, 1781618383.7058392,1.0634433526879254,apf_colreg,crossing_from_port,1.0,0.40376099500532425,9.055128481186058,12.157375429602547,0.01512348752750503,4.82827131261308,2.1228015408995486,1.9982997304565424
1781618383.9642234,20.19127607345581,-200.0,197.22200851564804,0.2,0.10402942676501434,2.8918716182469937,1.4419337182066134,-0.008676902033039368,0.10427350091187444,1781618383.9544413,2.886364033776908,1.4412624114265868,0.09384369189398445, 1781618383.816245, 1781618383.9544413,1.0450680721237966,apf_avoid,none,0.0,nan,nan,12.149194039431485,-0.19289370367842906,4.835723168946609,2.110980910169625,1.9736109651816933
1781618384.1633549,20.39040756225586,-72.97089059321006,89.70101623673497,0.2,0.10198361362029686,2.9408792430861537,1.4470058802541352,-0.011563929382074272,0.10207833323351648,1781618384.1442702,None,None,None, None, 1781618384.1367507,0.9331470976256412,apf_colreg,crossing_from_port,1.0,0.27151393343603536,7.113328479831713,12.179720124904417,0.17510038513838255,4.7781327795826725,2.065141143640134,1.9392691417866814
1781618384.3642802,20.59133291244507,-76.04501636115172,86.75850277118393,0.2,0.10081145221325795,2.9836744365634145,1.4513262587640163,0.0014193036512597614,0.10236622423681188,1781618384.3471098,None,None,None, None, 1781618384.3471098,0.9213629093907006,apf_colreg,crossing_from_port,1.0,0.33841356783769644,7.480943763866233,12.202636809485597,0.11233561028952233,4.784294008236756,2.0518033219850067,1.90479058761477
1781618384.5635684,20.790621042251587,-77.71313201784378,85.13793374834064,0.2,0.10086919316031816,3.023816296588845,1.4553485326713371,0.00857632048462224,0.10406788090385975,1781618384.5455232,None,None,None, None, 1781618384.5455232,0.968965616894546,apf_colreg,crossing_from_port,1.0,0.4458308133085225,7.770245329664572,12.178215098033359,0.07769535693032292,4.808801939721099,2.0249218278941896,1.8735520850599152
1781618384.7634554,20.99050807952881,-79.5325420982657,83.3508438194485,0.2,0.10203594138070596,3.062674954360846,1.4592680613577755,0.01335049131754065,0.10674276704374495,1781618384.7458818,None,None,None, None, 1781618384.7383754,0.9562517504367007,apf_colreg,crossing_from_port,1.0,0.5481106931028452,8.078907731921111,12.134421022655955,0.0398117743144355,4.832378406857315,2.001500705708068,1.8466118592411396
1781618384.9640415,21.191094160079956,-200.0,197.3166265450542,0.2,0.10134506598180677,3.0134433659208035,1.4534159345001747,0.012962323693120642,0.10933654275499068,1781618384.945983,3.007753143676419,1.452779851734295,0.09445061564122792, 1781618384.827189, 1781618384.9414556,1.0216008177739493,apf_avoid,none,0.0,nan,nan,12.130939470747812,-0.18874523300267887,4.852005315539957,1.980028717722211,1.8206440568211857
1781618385.1631346,21.39018726348877,-76.49620913594646,86.32184525855304,0.2,0.10293845619631756,3.0621158181643815,1.4584027510328,0.008413423559310282,0.1108931961349448,1781618385.1310031,None,None,None, None, 1781618385.1536121,1.0730342973663876,apf_colreg,crossing_from_port,1.0,0.40612904567825603,6.397975001402206,12.160277827854596,0.1026680150390562,4.772501258881697,1.9532134699588513,1.7860857521334024
1781618385.3640234,21.591076135635376,-81.2769363628545,81.61797779983078,0.2,0.10472744170356368,3.1047602175035185,1.4628294163512763,0.012653831411122241,0.1135833010432547,1781618385.3435953,None,None,None, None, 1781618385.3435953,0.9296021336244229,apf_colreg,crossing_from_port,1.0,0.43116771689321726,6.703504444129079,12.19583815340915,0.0035738760562122884,4.78820443575076,1.941218531089465,1.7501325166632409
1781618385.5637913,21.790843963623047,-85.1115789182345,77.74011591360414,0.2,0.10711332089643456,3.144810484152324,1.4670702715721582,0.015553855039923473,0.11680570829956399,1781618385.5507727,None,None,None, None, 1781618385.5507727,0.9015776185483485,apf_colreg,crossing_from_port,1.0,0.4621411047217148,6.95274915970849,12.188423502084433,-0.07720184983426304,4.811923850183519,1.9337236712884733,1.734686422261772
1781618385.7636685,21.990721225738525,-87.20166191046782,75.58579645180048,0.2,0.10880159722617579,3.183602952772385,1.471289516130927,0.005347933181085541,0.11787870594052612,1781618385.7514105,None,None,None, None, 1781618385.7514105,1.0309592418820637,apf_colreg,crossing_from_port,1.0,0.5078199581327276,7.3038058421214505,12.146316879636997,-0.12123590939682227,4.826441654724697,1.9151300028677547,1.7060411891640421
1781618385.9633322,22.19038486480713,-82.28854518295212,80.6042003609642,0.2,0.10866213405919878,3.1345795707870274,1.4652217795923321,-0.002372304371249269,0.11741648117465246,1781618385.9462526,3.1289058379031105,1.464552711216244,0.10604451169045427, 1781618385.829648, 1781618385.9462526,0.9732916404667752,apf_colreg,crossing_from_port,1.0,0.9641654249866076,9.921941108816268,12.101292493237793,-0.01751393524742717,4.843837172280247,1.89684159882006,1.6793910660230627
1781618386.1637359,22.390788555145264,-85.73414269674342,77.10146335044173,0.2,0.10881722815639579,3.16227391226049,1.4682586825045263,-0.004423447058054818,0.11652602376991322,1781618386.1475565,None,None,None, None, 1781618386.1384964,0.9547133616738799,apf_colreg,crossing_from_port,1.0,0.6694455938438506,8.56776264446809,12.177467566548714,-0.09032983752597756,4.775582408567332,1.8756927529615517,1.6541039336563346
1781618386.3632479,22.59030055999756,-86.80216700370922,75.99982832940103,0.2,0.10808505364026134,3.1939550188681265,1.4717306276231312,-0.010197506631456844,0.11453333129573989,1781618386.3429663,None,None,None, None, 1781618386.3354526,1.051071783613666,apf_colreg,crossing_from_port,1.0,0.5616426865018453,7.627863421453559,12.204833748185239,-0.11328771102144275,4.785569348940255,1.8552316854002062,1.6315215022122855
1781618386.5636456,22.790698289871216,-87.29999016513698,75.48372528631812,0.2,0.10662260811189975,3.228146770714671,1.4754407037249597,-0.013147245987774012,0.11169835544718994,1781618386.558599,None,None,None, None, 1781618386.5383809,1.0758454212193125,apf_colreg,crossing_from_port,1.0,0.5119313239531587,7.188063408405584,12.209981811874492,-0.12397406197622418,4.8007976812197235,1.8344389612786243,1.6045920888974339
1781618386.764043,22.991095781326294,-86.86246396938189,75.9374060571571,0.2,0.10376895460395856,3.2638192236547994,1.4792509885252798,-0.024118569930519116,0.10697345947726758,1781618386.7545018,None,None,None, None, 1781618386.7299292,0.9990261530202823,apf_colreg,crossing_from_port,1.0,0.46828710278556895,7.000904250736918,12.196017788588275,-0.1144920223902206,4.797337663778428,1.8277390804030942,1.577570899720633
1781618386.9637775,23.19083023071289,-82.20734555327911,80.6858160381892,0.2,0.09914653228685805,3.2358663603082025,1.4756571561060716,-0.02426533306675743,0.1022243999422794,1781618386.9502156,3.2316707945524135,1.4751777414982052,0.09568223206159132, 1781618386.831171, 1781618386.9314253,0.9547057806705259,apf_colreg,crossing_from_port,1.0,0.6981023928675321,8.922266343766815,12.172346178112333,-0.015913862320049432,4.82081666778868,1.8056563194538033,1.5525932110725669
1781618387.164123,23.391175746917725,-82.05508142053195,80.8387461945626,0.2,0.09580345602392284,3.265418020090805,1.4785553258988156,-0.01977652801562476,0.09920441199318474,1781618387.1666722,None,None,None, None, 1781618387.1230295,1.0084529729480578,apf_colreg,crossing_from_port,1.0,0.5183643641647211,7.503034648052931,12.231646440262143,-0.012783772526984816,4.760858532378399,1.788426302344244,1.5308590766745231
1781618387.363629,23.590681791305542,-81.40208580173771,81.49291449281004,0.2,0.09269044277525494,3.298316289100195,1.4816666550891693,-0.016000178246171844,0.09529741656393657,1781618387.3471057,None,None,None, None, 1781618387.314147,0.9993718420274788,apf_colreg,crossing_from_port,1.0,0.47921920551112546,6.848173518445012,12.236718277949961,0.0009550116964094357,4.775515999325977,1.7653606418184198,1.505779952095331
1781618387.5638492,23.79090189933777,-80.87767061734078,82.01630285361426,0.2,0.08994933330715744,3.3332584757286248,1.4848634954764304,-0.012985582511223207,0.09252873746956856,1781618387.5603175,None,None,None, None, 1781618387.508886,0.9656537183744394,apf_colreg,crossing_from_port,1.0,0.4522906734540055,6.565573936701529,12.226015552708795,0.011961598755326097,4.790415737014378,1.7605898442422778,1.495059660393053
1781618387.7639616,23.99101424217224,-79.63455595125167,83.25003177204489,0.2,0.08728350911542693,3.3693811661803883,1.488073061369919,-0.013350687239595708,0.0900507952407076,1781618387.7459216,None,None,None, None, 1781618387.7519214,0.9575847778985457,apf_colreg,crossing_from_port,1.0,0.494687391735342,6.622446355644162,12.162972738929216,0.037785681930333936,4.80819882573132,1.739431196595978,1.470778243136412
1781618387.963469,24.190521717071533,-73.83946737849747,88.8753379910891,0.2,0.0831302266179443,3.3382029842281464,1.4851091401310974,-0.006857278955532453,0.08899446498412224,1781618387.963469,3.333780037040993,1.484710005008821,0.07672016500415069, 1781618387.836235, 1781618387.9431386,0.9639494673179891,apf_colreg,crossing_from_port,1.0,0.7800681960310019,8.35191380913319,12.11057808414993,0.156472597153118,4.8254848875027845,1.7188436374209801,1.4469106311046303
1781618388.162998,24.390050649642944,-75.65942223290611,87.13069692754812,0.2,0.08166628038645997,3.36751666567579,1.4875106320775089,-0.00023200783480634312,0.08896026506058957,1781618388.1108775,None,None,None, None, 1781618388.1655188,1.062577445457766,apf_colreg,crossing_from_port,1.0,0.6366604589549234,7.006198579421586,12.167778290956939,0.11993824920623242,4.770146660987542,1.690058707978202,1.4227166930846826
1781618388.3635018,24.5905544757843,-76.83552424045428,85.99264529035577,0.2,0.08177412080411073,3.4002810401143493,1.4901580364131224,0.010702184283726691,0.09155114395458257,1781618388.3529663,None,None,None, None, 1781618388.344957,1.0444812594373156,apf_colreg,crossing_from_port,1.0,0.5745395818956719,6.252865655490935,12.187956684567332,0.09590019547025097,4.773451601001078,1.6713084430280385,1.398650860786438
1781618388.5633464,24.790399074554443,-78.82174533832092,84.05146148259304,0.2,0.08345171149610282,3.435153740709647,1.4930037211002798,0.018542672038225242,0.0951367246883421,1781618388.5463355,None,None,None, None, 1781618388.5463355,0.9332948154055976,apf_colreg,crossing_from_port,1.0,0.543472078296087,5.8799173378849,12.186936132983458,0.05476413697627036,4.779600363937144,1.6558328986422013,1.3780331774194885
1781618388.763281,24.990333795547485,-80.55919036830288,82.33330770271127,0.2,0.0853880005286079,3.471236778333655,1.496037587810548,0.014039278316623984,0.09774391824230438,1781618388.7320426,None,None,None, None, 1781618388.742671,0.9459141771611556,apf_colreg,crossing_from_port,1.0,0.5779029560497924,5.807579160295267,12.142720781402152,0.01851055144252811,4.803588636968375,1.6364908408705923,1.3551138028013732
1781618388.9639657,25.1910183429718,-76.47538868524988,86.34202220225258,0.2,0.08648383749309678,3.4387913145800213,1.4931477659373236,0.011897894549855893,0.10042575438912575,1781618388.9574468,3.4342878574130236,1.49275314231891,0.08386865686066436, 1781618388.84116, 1781618388.9584463,0.907985206069454,apf_colreg,crossing_from_port,1.0,0.8003881899683731,6.872982136507814,12.11700491794669,0.10272954370228105,4.801985146471603,1.6173581575292597,1.3309428838795976
1781618389.164302,25.39135479927063,-81.40105625820608,81.49394373486082,0.2,0.0895356476114765,3.467908270684677,1.4956906238878567,0.024950866457263413,0.10408605008669237,1781618389.104147,None,None,None, None, 1781618389.1494985,1.083955006407402,apf_colreg,crossing_from_starboard,1.0,0.669719022080737,5.808027051095768,12.183237662960682,0.0009723901588172268,4.74830329183895,1.585589965844723,1.3089187135179663
1781618389.3637679,25.59082055091858,-85.36698743274943,77.47841759690327,0.2,0.09251789701481408,3.5005231627029527,1.4986627632503051,0.016299866097268877,0.10822825937240244,1781618389.3582723,None,None,None, None, 1781618389.3360963,1.0236158401393987,apf_colreg,crossing_from_starboard,1.0,0.6015528141956119,5.321299703890154,12.200778503432293,-0.08270145328290202,4.757762701873806,1.5768017404587613,1.289138829423014
1781618389.5634553,25.790508031845093,-87.80312519459804,74.96041533150606,0.2,0.09504054989601782,3.5352846929443844,1.5019432440042948,0.009944076421266056,0.11008878118566054,1781618389.5453708,None,None,None, None, 1781618389.5267336,0.9022804279691183,apf_colreg,crossing_from_starboard,1.0,0.5954230848598505,5.072710212362938,12.18891373737234,-0.13451167365489658,4.803424654024956,1.5614325122158077,1.267703729778247
1781618389.7638836,25.990936279296875,-88.88602053778997,73.82825975233386,0.2,0.09649377511840151,3.571289484123067,1.5054324102631504,0.00045320699967446864,0.11017834013256357,1781618389.7429824,None,None,None, None, 1781618389.7429824,0.9901944995242589,apf_colreg,crossing_from_starboard,1.0,0.6092451123001181,5.053370307608478,12.138734063315916,-0.15706473934146814,4.7914565353707745,1.5474234882010776,1.2558684764324886
1781618389.9637508,26.19080352783203,-83.22687501725308,79.65797944831854,0.2,0.09630980322513076,3.540078405233528,1.5019478805884747,-0.0128662846149078,0.1075522837310395,1781618389.947086,3.53565867970639,1.5014869398403183,0.09679483978218073, 1781618389.847026, 1781618389.9420333,1.066810842394991,apf_colreg,crossing_from_starboard,1.0,0.8151397277123364,6.089569029025081,12.09290479491094,-0.03708399447763222,4.806889679376231,1.5322038339464104,1.2354726043693336
1781618390.163066,26.39011859893799,-85.54912184837197,77.2915340082944,0.2,0.09514794912739682,3.5693117994896637,1.5047787895259432,-0.014530895905033479,0.10509515013601028,1781618390.1161833,None,None,None, None, 1781618390.140261,1.0631172826031465,apf_colreg,crossing_from_starboard,1.0,0.6910848764802077,5.374165462860203,12.144554593254037,-0.08617132172738406,4.7543294228331785,1.5086744716297449,1.2142211038215238
1781618390.3732936,26.600346326828003,-86.41552282685363,76.39952086555552,0.2,0.09354553660741259,3.6020070985675616,1.5078905966691494,-0.013059907573902178,0.1023275471563533,1781618390.3280993,None,None,None, None, 1781618390.3280993,0.97896878403208,apf_colreg,crossing_from_starboard,1.0,0.6401713313469996,4.89817256050244,12.159540514142854,-0.10465089819835782,4.761447542025574,1.491061699367472,1.192123515816205
1781618390.563313,26.79036569595337,-86.1036673370845,76.72117171308712,0.2,0.0913312867262489,3.636828342219731,1.5111429842472717,-0.016985337539347296,0.09886888816734574,1781618390.5317254,None,None,None, None, 1781618390.5399742,0.9362738232907079,apf_colreg,crossing_from_starboard,1.0,0.6236110391505184,4.687393971694658,12.143642572070306,-0.09790332197407459,4.772972206766471,1.4739696483153604,1.170871953905
1781618390.7638755,26.990928173065186,-84.41611504753429,78.45052517414244,0.2,0.08783244172420182,3.672883132034905,1.5144206926483292,-0.026242289313648564,0.09317585032180653,1781618390.7486668,None,None,None, None, 1781618390.758353,0.9554579953710607,apf_colreg,crossing_from_starboard,1.0,0.634639820168294,4.590437822754817,12.103592796860958,-0.06204291200830436,4.787560025017391,1.4570184271239384,1.1504400001409107
1781618390.9634786,27.190531253814697,-76.14895854740082,86.65801866849327,0.2,0.08283055897510934,3.6421854947254206,1.5113306373449134,-0.02573385756275423,0.08800865273651562,1781618390.9494605,3.6377960607919215,1.510921992939019,0.07990855848978208, 1781618390.849475, 1781618390.9494605,0.9995768801320618,apf_colreg,crossing_from_starboard,1.0,0.8147461134442086,5.340141227997981,12.069035785041933,0.10898555206013505,4.803395476221072,1.439428419490305,1.1300206042277716
1781618391.1634898,27.39054250717163,-77.27993538947034,85.56041865635018,0.2,0.07983491081506795,3.6715400728599605,1.5137087890651948,-0.009641419687264402,0.08612103682618312,1781618391.1452425,None,None,None, None, 1781618391.1452425,1.075061809075819,apf_colreg,crossing_from_starboard,1.0,0.6931602762625453,4.803931124297557,12.124781749670522,0.0862695663385944,4.7506308455029815,1.420676893308062,1.108029370229662
1781618391.3631818,27.590234518051147,-77.37804496142056,85.4648359946216,0.2,0.07762726053798187,3.704333281872119,1.5162775569690528,-0.005851131912459258,0.08491026395033695,1781618391.3521721,None,None,None, None, 1781618391.3541696,1.0633758861412823,apf_colreg,crossing_from_starboard,1.0,0.6565849061299585,4.484402378322862,12.129787020097297,0.08428631338648884,4.771661164211223,1.403881669943626,1.0874331168962614
1781618391.5639582,27.791010856628418,-76.70181468999749,86.12245269818949,0.2,0.07618697629220511,3.7392324084924358,1.5189455373408194,-0.002025516080730943,0.08462772252217125,1781618391.566474,None,None,None, None, 1781618391.5644622,0.9384899542097269,apf_colreg,crossing_from_starboard,1.0,0.6562570361871575,4.189672752022975,12.112066411173174,0.09804573755956181,4.777066264900863,1.3778573437380215,1.0681370628906715
1781618391.7632172,27.990269899368286,-76.14864755519194,86.65831941193682,0.2,0.07593251602174565,3.7753491155075283,1.5216651776412853,0.006032246914868245,0.08596597169319597,1781618391.7135124,None,None,None, None, 1781618391.7562144,0.9102223868834387,apf_colreg,crossing_from_starboard,1.0,0.6873176211632975,4.110545181684303,12.033932373779464,0.10867488795173497,4.826498491808265,1.3620536120446292,1.0465782466740594
1781618391.9650822,28.192134857177734,-71.4541580441659,91.13219973910893,0.2,0.07572499833353175,3.7461421214496444,1.519552623248735,0.009480891318745225,0.08782834581840533,1781618391.909947,3.7418468058795047,1.5192343348793278,0.07349693397021718, 1781618391.850512, 1781618391.9414837,1.0489008051199233,apf_colreg,crossing_from_starboard,1.0,0.8493210789585076,4.344074784362979,12.03353044323076,0.20348715514337679,4.81745658495753,1.3468466844960632,1.0365236739736299
1781618392.1636212,28.390673875808716,-74.4426381909192,88.29932339754326,0.2,0.07760122827897956,3.775727888479616,1.5217847620180223,0.024049228238415044,0.09271503103648396,1781618392.113142,None,None,None, None, 1781618392.1480465,0.9257151955808339,apf_colreg,crossing_from_starboard,1.0,0.7652036101000481,4.054514815642759,12.06989500395646,0.1437156417185652,4.771151073027159,1.3256985355903474,1.0179855455482079
1781618392.363842,28.59089469909668,-77.56395609953192,85.28355113495246,0.2,0.08152307489958936,3.808664432961386,1.524359008226611,0.0341280177402013,0.0999308179523248,1781618392.324575,None,None,None, None, 1781618392.3421643,1.0846605762208792,apf_colreg,crossing_from_starboard,1.0,0.7454174245811096,3.7443704969490414,12.069665478608965,0.08006022263855206,4.787584195294332,1.3055879150046843,1.0001001473666484
1781618392.5641146,28.79116725921631,-80.48752754389751,82.40455008153937,0.2,0.08577430126077877,3.8436296639243883,1.527265062941849,0.027449734270464335,0.10527188467875596,1781618392.5191512,None,None,None, None, 1781618392.5352547,1.0471846225356647,apf_colreg,crossing_from_starboard,1.0,0.7410496397192881,3.5836329115543966,12.036774733866798,0.019827064386492843,4.800684276999784,1.289632096087193,0.9800671186655528
1781618392.763357,28.99040961265564,-83.45309015609354,79.42900943781444,0.2,0.0898555414998471,3.8797545340696225,1.5304371171472688,0.02228489457009662,0.10958931521981408,1781618392.7128892,None,None,None, None, 1781618392.7128892,0.9255096581302851,apf_colreg,crossing_from_starboard,1.0,0.7323036908339476,3.43531205912932,12.018649267128756,-0.04155705360436013,4.80931068671708,1.276335338719087,0.9642962631397701
1781618392.9633932,29.19044589996338,-81.36989344839583,81.52509422247334,0.2,0.09433692150145184,3.84785982707969,1.5276349706891186,0.016059777336062352,0.11296088120410143,1781618392.9228277,3.8433915464612918,1.527232291653169,0.09709922144889305, 1781618392.852801, 1781618392.9309306,0.992942201746603,apf_colreg,crossing_from_starboard,1.0,0.873539216376606,3.332686886094484,12.001248067681578,0.0016004457992755405,4.826807629236546,1.2569950219696326,0.9475586626559752
1781618393.1642823,29.391335010528564,-84.61127437138916,78.25149320001641,0.2,0.09734258008327415,3.8770371306748848,1.5304458047634242,0.012868165345427224,0.11603511896108767,1781618393.1617303,None,None,None, None, 1781618393.128031,0.9207994487199289,apf_colreg,crossing_from_starboard,1.0,0.7967944503628785,3.3192862083674846,12.0582325498357,-0.06589475133649803,4.780018445804825,1.2319062296782297,0.9298374743200439
1781618393.3637595,29.59081220626831,-87.34139371451079,75.44072616665649,0.2,0.09986787529299535,3.9096810510600912,1.5336859230990427,0.009587566946392434,0.11741378385157027,1781618393.3055274,None,None,None, None, 1781618393.3206174,1.0633103117601743,apf_colreg,crossing_from_starboard,1.0,0.7521135949137215,3.0506022172683744,12.101503751009556,-0.12375036057195477,4.781478163899555,1.2147308464958104,0.9167326869836984
1781618393.5636945,29.79074716567993,-89.13771077053171,73.56397153502144,0.2,0.10135514737756446,3.9444517425291803,1.5372239495842361,0.00067987786036332,0.11757805809079672,1781618393.5471506,None,None,None, None, 1781618393.510058,0.9380635366112738,apf_colreg,crossing_from_starboard,1.0,0.7393126149993777,3.025726104877654,12.074579599498719,-0.16158889624125194,4.807973044287523,1.2080635010821208,0.9018465611826768
1781618393.763505,29.99055767059326,-89.88181127236084,72.78007444535474,0.2,0.10135866809522776,3.9804566834671276,1.5409308771922188,-0.010026101547927121,0.11565668567558812,1781618393.7387877,None,None,None, None, 1781618393.7605054,0.9064267220584827,apf_colreg,crossing_from_starboard,1.0,0.7422461208079801,2.925430125456968,12.050041961869145,-0.17708456624054225,4.827210150176468,1.197526720449354,0.8955929064484304
1781618393.9636705,30.190723180770874,-84.88397420180624,77.97296252648523,0.2,0.1003760279459485,3.9483605279140277,1.5373499278354044,-0.020359565912237906,0.11170086214864569,1781618393.9330857,3.943883306109754,1.536872306116984,0.10237833333082769, 1781618393.855842, 1781618393.9426625,1.014292268893636,apf_colreg,crossing_from_starboard,1.0,0.8611962305894103,2.756768406261195,12.00589150416149,-0.07129545065620269,4.845469238170874,1.1821808591897782,0.8820791541068107
1781618394.1630125,30.39006519317627,-84.51068801387107,78.35410678722641,0.2,0.09748594427068591,3.9774774391279974,1.5402742056044687,-0.027027826363644238,0.10640370836568408,1781618394.1290746,None,None,None, None, 1781618394.1355972,0.9131391011689223,apf_colreg,crossing_from_starboard,1.0,0.7948833504873477,2.894684871060623,12.051896284877882,-0.06375580344717502,4.795760309111815,1.1642707224432023,0.8706441535296245
1781618394.3634229,30.59047555923462,-83.551515556437,79.32928158357934,0.2,0.09442581616963577,4.010099704598906,1.5434287465343512,-0.01941961403249755,0.10203208392190793,1781618394.3541884,None,None,None, None, 1781618394.3350272,0.9540753266971577,apf_colreg,crossing_from_starboard,1.0,0.772633385801523,2.719493392061898,12.0735325304416,-0.043802533495461926,4.8076013913492766,1.1461951672256312,0.8606105977997272
1781618394.5635371,30.790589809417725,-82.36785352949393,80.52444474285474,0.2,0.09137858053330744,4.0448776073114985,1.5466783002004725,-0.017491802008599695,0.09866822130771578,1781618394.5464993,None,None,None, None, 1781618394.5544982,1.0278598949785693,apf_colreg,crossing_from_starboard,1.0,0.7650438399998459,2.6181052578842916,12.053918494523188,-0.019092857866300772,4.823568871291445,1.1335635616859592,0.8503689074786823
1781618394.7631478,30.990200519561768,-80.27785579376017,82.61280541129284,0.2,0.0874378262563182,4.080906910500243,1.5499313768128378,-0.024876027338550866,0.09488091603523058,1781618394.7665203,None,None,None, None, 1781618394.7466123,1.0527897282509218,apf_colreg,crossing_from_starboard,1.0,0.7766291994351348,2.493545528041734,12.013824149196509,0.024103496125162938,4.84152829466117,1.1158778481829397,0.8378466882833641
1781618394.9630587,31.1901113986969,-74.88247183580728,87.87792297610451,0.2,0.08336762224154388,4.049518304754797,1.547127510502012,-0.01644039662825192,0.09056024688913811,1781618394.9615545,4.045084788467251,1.546739739446327,0.08143395188428038, 1781618394.85657, 1781618394.9615545,0.919322484576925,apf_colreg,crossing_from_starboard,1.0,0.8678739510811008,1.860197654204823,12.019966778778677,0.13422498112761705,4.859269301954068,1.0981261843858048,0.8359673216757555
1781618395.163457,31.390509605407715,-73.37674471626788,89.31576246881656,0.2,0.08096659015956073,4.078777664901125,1.5495151271117376,-0.0039589542145627,0.0897754897126017,1781618395.1597779,None,None,None, None, 1781618395.1016297,0.9608679761434896,apf_colreg,crossing_from_starboard,1.0,0.8261871875311677,2.130421682455236,12.094641949649887,0.16565417948801997,4.811022390032658,1.0739017123822667,0.8220831331118162
1781618395.363332,31.59038472175598,-73.38366434139006,89.30918563417154,0.2,0.07999504691123117,4.111514400509403,1.5521187669523897,0.005501766968153184,0.09079609976408509,1781618395.3452837,None,None,None, None, 1781618395.3588116,0.9041478148611061,apf_colreg,crossing_from_starboard,1.0,0.810577837468642,1.9802115846380053,12.14546747054343,0.16620943515626463,4.818428210843538,1.0542962742239252,0.8171701297724887
1781618395.5637696,31.79082226753235,-75.01049345100319,87.75504894004594,0.2,0.0822079203281777,4.146381258303486,1.554877669223277,0.02929996224067076,0.09673377409701078,1781618395.547935,None,None,None, None, 1781618395.5428288,0.9306320205678185,apf_colreg,crossing_from_starboard,1.0,0.8055855117662991,1.7911699136153163,12.173236654809969,0.13331186089399072,4.823538356115783,1.0351175963406134,0.8109248656679164
1781618395.764098,31.991150617599487,-77.41664670401408,85.4272122901644,0.2,0.08484195591974229,4.182465880259443,1.5578622390729038,0.02130513324249075,0.10012815611337428,1781618395.7716281,None,None,None, None, 1781618395.7630959,1.0782404404570451,apf_colreg,crossing_from_starboard,1.0,0.8263924019516098,1.6092644553244935,12.12557804547831,0.08346284087267541,4.881526177424612,1.0205193062753901,0.811716904578378
1781618395.9642267,32.19127941131592,-76.99662613729124,85.83609994904965,0.2,0.08757734694085943,4.151747398348998,1.555683332569953,0.018046600719158715,0.10371967277313435,1781618395.9692357,4.147356188701172,1.5553360986603915,0.0875399828333121, 1781618395.86452, 1781618395.9062707,0.9680231705949153,apf_colreg,crossing_from_starboard,1.0,0.8705469324673663,0.78194726926753,12.129536220401846,0.09212969495571333,4.869432739283939,1.0124500230008144,0.8060682360671811
1781618396.1634176,32.39047026634216,-79.6748960099884,83.21014895913773,0.2,0.09060745112986829,4.181091732979513,1.5582878953433585,0.021255125927302887,0.10787226051340433,1781618396.1666105,None,None,None, None, 1781618396.138368,1.0881009340532797,apf_colreg,crossing_from_starboard,1.0,0.8537491932641784,1.1814637429246369,12.216970392191893,0.03711128761942195,4.819093447729219,0.9865402287982009,0.8068566237542041
1781618396.3633757,32.59042835235596,-83.53942323414442,79.34153731782496,0.2,0.09540427700530987,4.213850765103329,1.5613064365807094,0.03440238260007125,0.11632479064153901,1781618396.3473356,None,None,None, None, 1781618396.342812,0.9459695000506677,apf_colreg,crossing_from_starboard,1.0,0.8447776757082334,1.213369303235124,12.259022938939811,-0.04421901309944021,4.830467584883657,0.9708700456126292,0.805138363399051
1781618396.5633311,32.79038381576538,-86.69766330602953,76.1079576636215,0.2,0.09902826465921416,4.248685928693323,1.5647166211317156,0.01498565093929082,0.11929457489186877,1781618396.5455108,None,None,None, None, 1781618396.4846792,1.0452841450955601,apf_colreg,crossing_from_starboard,1.0,0.8446888530383346,1.1132296589256419,12.272825910342204,-0.11167632679433392,4.841397471224124,0.9546884008610476,0.8038966269159165
1781618396.7635098,32.990562438964844,-89.52911642197078,73.15210883802796,0.2,0.10167327882601415,4.284720886722658,1.5683709222342195,0.007434184622182284,0.12057049620774446,1781618396.7171397,None,None,None, None, 1781618396.7582405,1.0155231255381083,apf_colreg,crossing_from_starboard,1.0,0.8524222501332468,0.9786533100629934,12.257429361752799,-0.17249769237004298,4.859077251073913,0.9394572617210899,0.8040508659305386
1781618396.963737,33.19078969955444,-89.43763698913031,73.24846404704407,0.2,0.10361086499210916,4.252318687262174,1.5649330821177607,-0.0035825732041819772,0.11971034036037762,1781618396.9572341,4.247821114623842,1.5644612814957342,0.10579459838805061, 1781618396.87096, 1781618396.9572341,1.0010115397623807,apf_colreg,crossing_from_starboard,1.0,0.880518311408852,0.0,12.238333530593042,-0.17025333731403602,4.879896497203434,0.9194653132161343,0.8033568996143653
1781618397.1631038,33.390156507492065,-85.32568412989676,77.52076731074875,0.2,0.1032526989918468,4.281397176561494,1.5679928655109752,-0.016976702357554163,0.11722929054831835,1781618397.1666255,None,None,None, None, 1781618397.1485803,1.0963239728620404,apf_colreg,crossing_from_starboard,1.0,0.875555047432629,0.4769739465579927,12.443877890842534,-0.08345477743577634,4.833995445532938,0.9056281114807253,0.8095331996546153
1781618397.363613,33.59066557884216,-87.76149967239125,75.00377502487824,0.2,0.1009348441362815,4.313981437937244,1.5713747532926732,-0.02389694601319125,0.11144124186039231,1781618397.3455873,None,None,None, None, 1781618397.351586,0.991992736650252,apf_colreg,crossing_from_starboard,1.0,0.8764430227852573,0.5668622681815867,12.464610606491814,-0.13664382461389746,4.842344745442593,0.8862238225297746,0.8190909732255269
1781618397.5645876,33.791640281677246,-88.13977535784808,74.60930746266104,0.2,0.09832400027147263,4.348731105006568,1.5748746133374212,-0.019434301066477703,0.10747779362458147,1781618397.5495281,None,None,None, None, 1781618397.5386999,0.9703509327658691,apf_colreg,crossing_from_starboard,1.0,0.8855307284708096,0.483557940359422,12.464506630669803,-0.14491994098937422,4.858115860543603,0.866337861017179,0.8198956531186024
1781618397.7636666,33.99071931838989,-88.08255815331759,74.66903625584564,0.2,0.09484244679798498,4.384739007795295,1.578399514562772,-0.025508807660194976,0.10250163166616347,1781618397.7446043,None,None,None, None, 1781618397.7346005,1.0075951374216308,apf_colreg,crossing_from_starboard,1.0,0.8881029622724774,0.39721397436214645,12.455477337701142,-0.14356319073167167,4.879548676969764,0.8585487288254766,0.8257787457923792
1781618397.9638286,34.19088125228882,-84.13054069044638,78.74131602927558,0.2,0.08929690748156607,4.353587677426769,1.575105050304084,-0.03575592897710983,0.09527265465601269,1781618397.94678,4.349170783185148,1.574665961281036,0.08759131191842329, 1781618397.877822, 1781618397.94678,0.9673705321708462,apf_colreg,crossing_from_starboard,1.0,0.8981514823265194,0.0,12.43570201155635,-0.05758645867318224,4.900106195711427,0.8428230421108984,0.8353469110580396
1781618398.1636593,34.39071202278137,-83.80352925825977,79.07364552506229,0.2,0.08474002951699279,4.382857440777661,1.577669728819969,-0.026889234784166816,0.09016764761858727,1781618398.1366332,None,None,None, None, 1781618398.1636593,1.0531402064670152,apf_colreg,crossing_from_starboard,1.0,0.9031330225849227,0.0,12.47678604334845,-0.050707973738383316,4.855308701268769,0.8241554709591633,0.8417942583242867
1781618398.3631656,34.59021830558777,-83.47539247208755,79.40641751795411,0.2,0.08106085851570327,4.415593101700335,1.5803851079255464,-0.017083769899297965,0.08675538951342222,1781618398.33637,None,None,None, None, 1781618398.3472483,0.9256711765460505,apf_colreg,crossing_from_starboard,1.0,0.9092323558664455,0.0,12.523038809473245,-0.043784176442552614,4.862396069198871,0.8051762461249038,0.850138469169913
1781618398.5631752,34.79022789001465,-83.88099025305895,78.9949879408904,0.2,0.07706499554845812,4.45045472313964,1.583159506718257,-0.02298739321514334,0.0821863542005165,1781618398.5351326,None,None,None, None, 1781618398.5436451,1.078160987935627,apf_colreg,crossing_from_starboard,1.0,0.9192443801433922,0.0,12.528471729801774,-0.05259869747451562,4.87889178609743,0.7864300969449938,0.8678646247772187
1781618398.7641299,34.99118256568909,-83.8508600479887,79.02558823956267,0.2,0.07325930833052488,4.486551290572239,1.5858856484270696,-0.02080006248011073,0.0782773069664111,1781618398.723067,None,None,None, None, 1781618398.7376115,1.0280401042797616,apf_colreg,crossing_from_starboard,1.0,0.9292169607070471,0.0,12.511351855433519,-0.051873933535813155,4.896399603079783,0.7679433856063068,0.8759321559978357
1781618398.9640064,35.19105911254883,-82.41220555843452,80.47982494416074,0.2,0.0679887280271457,4.455817055824203,1.58370724503295,-0.01884886316117618,0.0744822281765313,1781618398.9244096,4.451422669438633,1.5833936579565002,0.06293978785295362, 1781618398.88234, 1781618398.927414,0.9309171164208639,apf_colreg,crossing_from_starboard,1.0,0.9399325461360996,0.0,12.46306176843682,-0.020693716310954624,4.914572570196374,0.7490636987419483,0.8884627265018697
1781618399.1636057,35.390658378601074,-81.35870311354903,81.53627862244608,0.2,0.06470685724612642,4.485200021456034,1.5856610912799995,-0.01695253941000086,0.07100685380404792,1781618399.1294158,None,None,None, None, 1781618399.118319,1.0440509171509464,apf_colreg,crossing_from_starboard,1.0,0.951970195686897,0.0,12.586268646103429,0.0019204399911698644,4.8642877935395985,0.7238241658260209,0.9030564446602708
1781618399.363615,35.590667724609375,-81.22642356029101,81.66842758670336,0.2,0.06151723330354552,4.518022504888689,1.5877371838647054,-0.016467862206609334,0.0678806563723332,1781618399.319252,None,None,None, None, 1781618399.3102021,0.9989416215860087,apf_colreg,crossing_from_starboard,1.0,0.9585384381725606,0.0,12.64154260970383,0.004801168983599169,4.873663342348101,0.7093665142251151,0.9147795689535553
1781618399.5636718,35.79072451591492,-81.64208581360536,81.25280026482494,0.2,0.058637833894388675,4.552953574627291,1.5898362275637954,-0.01389676005266821,0.06452643236258103,1781618399.5606194,None,None,None, None, 1781618399.5369918,0.9541541012566326,apf_colreg,crossing_from_starboard,1.0,0.9715299571922699,0.0,12.652908570566087,-0.004232328223746862,4.887176893339611,0.6890740126990907,0.9296263620752933
1781618399.7638476,35.99090027809143,-82.16583428048558,80.7275236431026,0.2,0.05586594189358666,4.589104941238317,1.591909468271897,-0.01413742085440349,0.06186634280697096,1781618399.7487788,None,None,None, None, 1781618399.762343,0.9890150190291622,apf_colreg,crossing_from_starboard,1.0,0.98522791230144,0.0,12.634482486346961,-0.015614606487080351,4.902168260723229,0.6685745154576374,0.9440643753821263
1781618399.9636421,36.19069480895996,-80.77565427696638,82.11791652209506,0.2,0.05196031390827127,4.55902360111724,1.5901870500148414,-0.010352666850248554,0.05985660732360804,1781618399.9429061,4.554668769433344,1.5899439190090914,0.04719069739160453, 1781618399.882524, 1781618399.9525678,0.916350381460105,apf_colreg,crossing_from_starboard,1.0,0.9932291801119723,0.0,12.581754857597044,0.014511070727572406,4.927112378981978,0.6579634439986173,0.9531218930971566
1781618400.1651819,36.392234563827515,-80.8114059876652,82.08231343645099,0.2,0.04987956945874928,4.588525157662298,1.5916877513028371,-0.009376470036844707,0.05798343661756418,1781618400.1426797,None,None,None, None, 1781618400.1531465,0.9331840246034134,apf_colreg,crossing_from_starboard,1.0,1.001278172060798,0.0,12.661480315437915,0.013826722745483355,4.874044887579777,0.6397557968876619,0.9690452814221443
1781618400.3632362,36.59028887748718,-81.4793912593523,81.41561236866197,0.2,0.04809284533386464,4.621432666598066,1.5932969686014484,-0.007782569255179434,0.05687199779757475,1781618400.285491,None,None,None, None, 1781618400.355235,1.0728104228506812,apf_colreg,crossing_from_starboard,1.0,1.0164968032171187,0.0,12.699779171602103,-0.0006959752626976012,4.882188400401961,0.6185342943320222,0.9837956685024484
1781618400.5631132,36.79016590118408,-200.0,187.7434834888865,0.2,0.04657482314112296,4.6564230914397795,1.5949510409925836,-0.006764473739258743,0.055031255661977765,1781618400.55761,None,None,None, None, 1781618400.5043561,1.0832285484433017,apf_avoid,none,0.0,nan,nan,12.241258152039432,-0.5642538395349064,4.898858463661136,0.6049035176631241,1.002623201987933
1781618400.7631457,36.990198373794556,-200.0,187.98074646087505,0.2,0.04451648255293454,4.712636579297766,1.5975575116690663,-0.01669039107770386,0.05204839676345721,1781618400.7363272,None,None,None, None, 1781618400.7463665,1.044490923764536,apf_avoid,none,0.0,nan,nan,12.254850183731747,-0.5560485224624405,4.911765834937184,0.5850848385336738,1.0191263504621726
1781618400.9633882,37.19044089317322,-200.0,189.43479593812273,0.2,0.03897648108251107,4.679100671332418,1.5957739355031315,-0.03636895581193597,0.04485338888876592,1781618400.934161,4.672661182889706,1.595469612221608,0.03552027564650562, 1781618400.885477, 1781618400.9422295,0.9424769153223621,apf_avoid,none,0.0,nan,nan,12.258359812080847,-0.5016180681241806,4.9382324309649865,0.5654431481354598,1.0384600734413996
1781618401.163718,37.39077067375183,-200.0,190.88652356836863,0.2,0.03466892129058795,4.741385946539939,1.5981259785871131,-0.03148396769190682,0.038547038249214655,1781618401.1344645,None,None,None, None, 1781618401.147703,0.9027802324377533,apf_avoid,none,0.0,nan,nan,12.288124439412641,-0.4474025513559172,4.870017511636396,0.5432688201683753,1.0552251746872552
1781618401.363567,37.590619802474976,-200.0,191.74788689851917,0.2,0.030076194230702416,4.808722857236449,1.6003559219955186,-0.029759238850813004,0.033109928397023904,1781618401.3171678,None,None,None, None, 1781618401.3515334,1.0263771142210991,apf_avoid,none,0.0,nan,nan,12.300158042226244,-0.41452422224266394,4.897768174948467,0.52389929075962,1.0757149616726736
1781618401.5818849,37.808937549591064,-200.0,192.2480035190641,0.2,0.025611706093038946,4.877135664715178,1.6022972278335175,-0.026795946331356492,0.028143588807985946,1781618401.502507,None,None,None, None, 1781618401.587394,1.0868487346307025,apf_avoid,none,0.0,nan,nan,12.301486183561948,-0.39508419739546197,4.928998693097877,0.5035834399654362,1.0979290864845486
1781618401.76447,37.991522789001465,-200.0,193.02004993919084,0.2,0.020547393516331447,4.945775850066978,1.603939975448764,-0.03220800456785083,0.021036801816037478,1781618401.7231598,None,None,None, None, 1781618401.7231598,0.9990053008879737,apf_avoid,none,0.0,nan,nan,12.304456896164254,-0.36488782990988256,4.953463563168672,0.48296400193126554,1.1202232853532854
1781618401.9637346,38.19078731536865,-200.0,195.34837057110414,0.2,0.012278244419130573,4.864972565733717,1.6006953000171151,-0.031198544259218506,0.014990673561746388,1781618401.916955,4.855238725619823,1.6004007696194624,0.003298596296215095, 1781618401.889231, 1781618401.916955,0.9894876179612514,apf_avoid,none,0.0,nan,nan,12.297927114386345,-0.2718167154053681,5.0029490627320765,0.4749296808242234,1.1295677328431362
1781618402.1637473,38.39079999923706,-200.0,196.84437298767014,0.2,0.007616776713445253,4.925172727622357,1.6013066696702847,-0.025549027694867693,0.009471917066159267,1781618402.1329615,None,None,None, None, 1781618402.1244082,0.9115680465093132,apf_avoid,none,0.0,nan,nan,12.309082504800362,-0.21101450370705077,4.884748434725803,0.4494306858778143,1.1514037598641813
1781618402.3639414,38.590994119644165,-200.0,194.22421300705358,0.2,0.0032086746026685504,4.992690222206975,1.6016833240433446,-0.02358099596684745,0.005230940014506381,1781618402.3128088,None,None,None, None, 1781618402.321985,1.0031641209813817,apf_avoid,none,0.0,nan,nan,12.245597755426495,-0.3156128789723138,4.90342116761043,0.4281075155871634,1.1729024762317664
1781618402.5633245,38.790377140045166,-200.0,195.64950436924696,0.2,6.28176660484671,5.061423180348335,1.6017795738333227,-0.02744475156452062,7.990603196272351e-05,1781618402.5674014,None,None,None, None, 1781618402.547248,0.9128784022710812,apf_avoid,none,0.0,nan,nan,12.248514990762224,-0.2585815865719452,4.935175488760261,0.4076372703953044,1.1933085739890201
1781618402.7632706,38.990323305130005,-200.0,197.23789450504572,0.2,6.276035876844506,5.130496752444905,1.6015503749980589,-0.03649173815670514,6.274432616662663,1781618402.74254,None,None,None, None, 1781618402.7435374,0.9177121513251617,apf_avoid,none,0.0,nan,nan,12.245041745627582,-0.19376185218672592,4.9735314407149795,0.38012655851330157,1.2118486109449278
1781618402.963684,39.19073677062988,-200.0,199.11169573170545,0.2,6.268387691593663,5.0533094225079696,1.5998081258652062,-0.02003748053922882,6.2714298972739,1781618402.892395,5.043776423907235,1.5997377091635099,6.258759283089045, 1781618402.895411, 1781618402.892395,0.9256316093675997,apf_avoid,none,0.0,nan,nan,12.234839551370682,-0.11566581402765808,5.009959819923834,0.3602045747131122,1.2320003784448272
1781618403.1643863,39.39143896102905,-200.0,200.0,0.2,6.264275820076555,5.114456815027538,1.598776711494132,-0.020424215926930386,6.266990820424848,1781618403.1683943,None,None,None, None, 1781618403.1683943,1.008674240195561,apf_avoid,none,0.0,nan,nan,12.244150085696724,-0.03329265165919626,4.888564354934276,0.337117311963113,1.2545100751237053
1781618403.3640969,39.59114956855774,-200.0,200.0,0.2,6.260451020689531,5.182544102349243,1.5973576166979804,-0.018962520087405593,6.262481132998265,1781618403.34756,None,None,None, None, 1781618403.3164814,0.9992465690401953,apf_avoid,none,0.0,nan,nan,12.265375222813088,0.05319262887664955,4.916533390125864,0.31563603631879666,1.2766587923569443
1781618403.5638433,39.79089593887329,-199.21170737929856,200.0,0.2,6.257177130729702,5.251985019084795,1.5956538241340716,-0.015008051247438639,6.25940084460994,1781618403.5528023,None,None,None, None, 1781618403.538058,1.0039795946552337,apf_avoid,none,0.0,nan,nan,12.268865034901296,0.11176457020701136,4.943350935351916,0.2979982246054873,1.2980450965506207
1781618403.7635798,39.9906325340271,-198.21482330473307,200.0,0.2,6.254570546042086,5.321528763601512,1.593733527996207,-0.01064474602596768,6.2573939046907325,1781618403.7413404,None,None,None, None, 1781618403.7328064,0.9451908683196873,apf_avoid,none,0.0,nan,nan,12.26399444904293,0.15355912181460063,4.970073706839167,0.2768812823563074,1.3218803817279834
1781618403.9642582,40.19131088256836,-198.0376664575572,200.0,0.2,6.249782174923302,5.244827640277743,1.5940257704377832,-0.007589060658787834,6.255884938221985,1781618403.9401748,5.235316538619597,1.5941802758693362,6.241798629138699, 1781618403.901538, 1781618403.9326556,1.0788035903609172,apf_avoid,none,0.0,nan,nan,12.233433351689223,0.16053892711167883,5.004422780169085,0.2537517142781516,1.3473351088132992
1781618404.16416,40.391212701797485,-196.4166874043352,200.0,0.2,6.247956138194839,5.3059419641195,1.5919144441439386,-0.006785777999411903,6.254736367560861,1781618404.1686704,None,None,None, None, 1781618404.1415162,0.9050003500973931,apf_avoid,none,0.0,nan,nan,12.24652797402404,0.22741560521759263,4.901090165281009,0.2465846416922628,1.3595898253929546
1781618404.3635118,40.590564489364624,-194.98219389265842,200.0,0.2,6.246858714048608,5.3736027376543545,1.589460536997585,-0.0010837773155720882,6.254465347522922,1781618404.3595061,None,None,None, None, 1781618404.3282945,0.9760497820562468,apf_avoid,none,0.0,nan,nan,12.265377848132367,0.28582680213242284,4.933169727297532,0.21615270374533502,1.3847316754415757
1781618404.5631638,40.79021644592285,-194.25283246985882,200.0,0.2,6.246615362374142,5.442402685637878,1.58690560974906,0.004496919212611179,6.255286223462832,1781618404.542048,None,None,None, None, 1781618404.5511014,0.9683334013457163,apf_avoid,none,0.0,nan,nan,12.269964761832842,0.3151012713446635,4.9549067799856585,0.1913512665507009,1.4136375567119555
1781618404.7636552,40.990707874298096,-194.1106814774832,200.0,0.2,6.247371697659804,5.511294829371711,1.5843525459237355,0.010680320549906636,6.257422456143623,1781618404.7420638,None,None,None, None, 1781618404.7420638,0.9525654066231375,apf_avoid,none,0.0,nan,nan,12.263639727395635,0.32059281456057853,4.982041003433744,0.18101575900262712,1.4368869467437675
1781618404.9634826,41.19053530693054,-195.95955051050373,200.0,0.2,6.248135132517864,5.4322461319114765,1.5861061422092624,0.01849746226315452,6.261332595341704,1781618404.9534516,5.422618078708854,1.586380907451966,6.244156677775519, 1781618404.908035, 1781618404.9384184,1.0031316453567563,apf_avoid,none,0.0,nan,nan,12.232450679787025,0.24571215850316186,5.024573713958976,0.15716705099792083,1.4686788514469535
1781618405.1637907,41.39084339141846,-195.35194865298124,200.0,0.2,6.2510385841806135,5.492709243909461,1.5840190371895062,0.024298457550852096,6.26606633796836,1781618405.1482682,None,None,None, None, 1781618405.1353316,0.9259702262053494,apf_avoid,none,0.0,nan,nan,12.262559968938275,0.2708908068144038,4.882926818326193,0.1498745819528733,1.4959781168808504
1781618405.3635097,41.59056234359741,-195.3193024181362,200.0,0.2,6.254185394871761,5.560106273382316,1.5819249391022794,0.02026500558433903,6.270121895943519,1781618405.3483944,None,None,None, None, 1781618405.3199742,1.0774920124680714,apf_avoid,none,0.0,nan,nan,12.280940758301426,0.27261429035335993,4.908197798534333,0.12593971088792721,1.5248534904122584
1781618405.5640397,41.79109239578247,-195.87076509949378,200.0,0.2,6.257350879036984,5.628919567347641,1.5800121353683387,0.01900431663209079,6.273790410187,1781618405.5414302,None,None,None, None, 1781618405.5117838,1.0642747125404541,apf_avoid,none,0.0,nan,nan,12.28262101512587,0.2503274830712341,4.930191476688184,0.10535270765027427,1.551969796657609
1781618405.7633595,41.99041223526001,-196.7569828338203,200.0,0.2,6.260888852105371,5.698013539080007,1.5783129918962793,0.0219207818350201,6.278148540517412,1781618405.740243,None,None,None, None, 1781618405.6974673,1.077163482164423,apf_avoid,none,0.0,nan,nan,12.279890547749893,0.21410144865131286,4.967168029381225,0.09431832200223345,1.587386180534123
1781618405.9662042,42.193256855010986,-199.6840260146635,200.0,0.2,6.26494220231612,5.617744689491352,1.5799590176267608,0.02293555406376903,6.281913696057866,1781618405.9702008,5.608014896894988,1.5801602151368823,6.2656270771050995, 1781618405.911047, 1781618405.9702008,1.0191985531351115,apf_avoid,none,0.0,nan,nan,12.237618504710646,0.0915145040205334,4.995583076297689,0.06469885145339282,1.6190397768848532
1781618406.163418,42.39047074317932,-199.42235591137322,200.0,0.2,6.268333089256058,5.67865916972184,1.5789497255907357,0.017168324181816547,0.0023371145405324256,1781618406.114602,None,None,None, None, 1781618406.114602,1.0204951807180698,apf_avoid,none,0.0,nan,nan,12.273224605718267,0.10288900980561788,4.9039127976805315,0.05080345664982988,1.6367488147933609
1781618406.3636189,42.59067153930664,-199.62176268980346,200.0,0.2,6.271611652934352,5.746634789304103,1.5780464632309368,0.01708315903589815,0.005800406791625291,1781618406.3173335,None,None,None, None, 1781618406.3173335,0.9016882801124266,apf_avoid,none,0.0,nan,nan,12.295364519571976,0.09459766213506038,4.917258815805873,0.03609133682062482,1.6630898687964921
1781618406.5637422,42.79079484939575,-200.0,200.0,0.2,6.2744376563039035,5.816032621218888,1.5773480890655662,0.01329761276572404,0.008528404233580414,1781618406.5224829,None,None,None, None, 1781618406.5109644,1.021209012441347,apf_avoid,none,0.0,nan,nan,12.301360250232541,0.0692428817824009,4.950678399665276,0.026836729177979635,1.6980909243956195
1781618406.7638175,42.990870237350464,-200.0,200.0,0.2,6.2778634526615,5.88568056077577,1.576832416327072,0.02012420388092725,0.012769318385089745,1781618406.7332199,None,None,None, None, 1781618406.7271752,1.0846870959949522,apf_avoid,none,0.0,nan,nan,12.294954439275017,0.024015802106958972,4.9735973501435575,-0.0008932312253788766,1.7268748591866652
1781618406.9643328,43.19138550758362,-200.0,199.89122210090198,0.2,6.28126938401173,5.806076462129263,1.5776664463617647,0.011804140389747038,0.015164729468452515,1781618406.9361496,5.796360857433339,1.5777379147937738,0.00022356777640553108, 1781618406.914238, 1781618406.9271533,0.9424196499066503,apf_avoid,none,0.0,nan,nan,12.247683351694866,-0.08278574652915216,5.00357779723742,-0.015901836443421358,1.7677140974943069
1781618407.1637995,43.390852212905884,-200.0,200.0,0.2,0.00039794773616248384,5.867253196088431,1.5776290339360521,0.009978456058401619,0.01717085328718929,1781618407.137195,None,None,None, None, 1781618407.137195,1.092760673053965,apf_avoid,none,0.0,nan,nan,12.290409507441973,-0.06147968638653234,4.889281725178551,-0.041336214591011444,1.811020009997342
1781618407.3645248,43.59157752990723,-200.0,200.0,0.2,0.002532768197031605,5.93536067582644,1.5777310285314776,0.01037504044522116,0.01867201084992957,1781618407.368533,None,None,None, None, 1781618407.368533,1.0830901470525154,apf_avoid,none,0.0,nan,nan,12.318900844043405,-0.06174364010684119,4.912718427497794,-0.06776453610745437,1.8404139063812766
1781618407.563164,43.79021668434143,-200.0,199.94995183944548,0.2,0.0043150780241839005,6.004823640019165,1.5779768663268285,0.007929686755232021,0.020418846785637785,1781618407.502175,None,None,None, None, 1781618407.5586455,1.0067348218164274,apf_avoid,none,0.0,nan,nan,12.32577488267716,-0.08079784651099597,4.944505741210998,-0.08934363241385168,1.8756232613038113
1781618407.7635627,43.990615367889404,-200.0,199.26014505474785,0.2,0.005769975687483044,6.074476004115008,1.578337298696269,0.006202030691226479,0.02172825726993022,1781618407.7133012,None,None,None, None, 1781618407.7133012,0.9521989014538348,apf_avoid,none,0.0,nan,nan,12.31799351028394,-0.1101567369296319,4.971683846352878,-0.09429617317591754,1.906273403099533
1781618407.9636426,44.19069528579712,-200.0,197.17526810757587,0.2,0.0075206458283877614,5.996263425726427,1.5782344719118153,0.004935546168544556,0.02277776969043087,1781618407.9259448,5.986643718265048,1.5781982941248185,0.009110724944615178, 1781618407.915445, 1781618407.9279437,0.967763011288304,apf_avoid,none,0.0,nan,nan,12.25577809798255,-0.1965100517335574,5.000615749766436,-0.11656631156591479,1.9501591260659419
1781618408.166241,44.393293619155884,-200.0,198.08713341316553,0.2,0.00842647559221276,6.057230477638068,1.57873645024668,0.0017253147526535783,0.02314978295064647,1781618408.1415653,None,None,None, None, 1781618408.1261957,0.920554832585337,apf_avoid,none,0.0,nan,nan,12.308972420501133,-0.15946336392052007,4.881863734395609,-0.1383401592904696,1.9844498730261002
1781618408.3637938,44.5908465385437,-200.0,198.37098433986014,0.2,0.008878462193451845,6.125073797430125,1.5793439561641662,-0.0005438828874389512,0.023048685121329744,1781618408.327447,None,None,None, None, 1781618408.3174,0.9453927335749785,apf_avoid,none,0.0,nan,nan,12.331929739071228,-0.14785406796195,4.934074644205514,-0.15402949133121124,2.0001852096124124
1781618408.563849,44.79090166091919,-200.0,198.31391864628145,0.2,0.008916714948196755,6.194313640023914,1.5799812613809792,-0.002421167401774285,0.02257267851093391,1781618408.524049,None,None,None, None, 1781618408.5345306,1.055041113272756,apf_avoid,none,0.0,nan,nan,12.339645985265602,-0.1503451897324415,4.9557380875919135,-0.17688816479282665,2.052363176954928
1781618408.7632027,44.99025535583496,-200.0,198.15088569733817,0.2,0.008363236188989025,6.263752687614909,1.58061044481326,-0.006181494896710231,0.021442774595775174,1781618408.7662666,None,None,None, None, 1781618408.7606857,0.9043409246381787,apf_avoid,none,0.0,nan,nan,12.33314847713789,-0.1571057279786805,4.995069059517232,-0.19626851928599076,2.0770664468648596
1781618408.9635408,45.19059348106384,-200.0,197.0943195257063,0.2,0.006994639246106156,6.182982471156907,1.5799555505243026,-0.014974546048508803,0.017808654275139578,1781618408.9495237,6.1732062068547755,1.579875129483014,0.007562770898309702, 1781618408.920694, 1781618408.9455245,0.968690515571497,apf_avoid,none,0.0,nan,nan,12.267406998755044,-0.20002941629320414,5.035864410357404,-0.210617550804294,2.119361842101346
1781618409.1637115,45.390764236450195,-200.0,198.67676354759575,0.2,0.005621861047031059,6.243653719322528,1.5803471771241249,-0.008445241258462353,0.016207112435963827,1781618409.139162,None,None,None, None, 1781618409.147689,1.0659136141509478,apf_avoid,none,0.0,nan,nan,12.319959201441836,-0.134849331144137,4.9123246176722555,-0.24183392165248452,2.165496975334957
1781618409.3639684,45.5910210609436,-200.0,199.86860085826126,0.2,0.0038823736379033215,6.311492160651425,1.5806894961041351,-0.01142783647622745,0.013939960224883797,1781618409.3375506,None,None,None, None, 1781618409.3674805,0.9213157069026094,apf_avoid,none,0.0,nan,nan,12.358958308462796,-0.08450898519092043,4.921579098896861,-0.25912408432246514,2.1953641818583542
1781618409.564103,45.79115557670593,-200.0,200.0,0.2,0.0018640478019800214,6.380899735724023,1.5809059117370197,-0.012178571115312608,0.011659280112466756,1781618409.5248206,None,None,None, None, 1781618409.5495675,0.9876386756154335,apf_avoid,none,0.0,nan,nan,12.371632437819338,-0.05574786572777102,4.955454972193197,-0.27354737437952803,2.236591426118631
1781618409.7633295,45.99038219451904,-200.0,200.0,0.2,-5.869364551106801e-05,6.450551257619301,1.5809730118341534,-0.010106209015857128,0.009673276881801068,1781618409.7213337,None,None,None, None, 1781618409.7270632,1.0923270422835982,apf_avoid,none,0.0,nan,nan,12.370733130570615,-0.03663590066033251,4.997672737305766,-0.30091090080629024,2.282668614152191
1781618409.9649773,46.19202995300293,-200.0,199.74608708917634,0.2,6.281167500598065,6.372708861292891,1.5807821233289456,-0.007305963781649215,0.008296432453339168,1781618409.9097886,6.363107809175973,1.5807740000217785,6.280126631125271, 1781618409.925858, 1781618409.9097886,1.0829620868711234,apf_avoid,none,0.0,nan,nan,12.279861016661307,-0.0891888993344292,5.021391687599218,-0.3287622322017518,2.320586253875901
1781618410.1628933,46.38994598388672,-200.0,200.0,0.2,6.279681627434432,6.434026955665743,1.5806116481141999,-0.007219740509549018,0.006501456885055939,1781618410.158409,None,None,None, None, 1781618410.158409,1.0968094721464436,apf_avoid,none,0.0,nan,nan,12.343861101211811,-0.013678705119842594,4.916759543746661,-0.3318166474089228,2.3368506707999703
1781618410.3632824,46.59033513069153,-200.0,200.0,0.2,6.278007698196116,6.50216810567153,1.5803252846544282,-0.009653094921931421,0.005005554258092711,1781618410.3133752,None,None,None, None, 1781618410.3356502,1.0881772474298173,apf_avoid,none,0.0,nan,nan,12.387662676192722,0.041254335043125145,4.951172632854742,-0.3598849928155632,2.3744580221761944
1781618410.5639207,46.7909734249115,-200.0,200.0,0.2,6.2763149156467275,6.571635852836553,1.5799125704709809,-0.009171263472365585,0.0031436362680890215,1781618410.5163918,None,None,None, None, 1781618410.5163918,0.9526101916007558,apf_avoid,none,0.0,nan,nan,12.401875658028612,0.07197122031095748,7.881670532756954,-0.38736336608639355,2.339294621701636
1781618410.7633114,46.99036407470703,-199.86416468193872,200.0,0.2,6.274894529505796,6.641293640021142,1.579379763853865,-0.006548635046420542,0.0018231467935420267,1781618410.7180352,None,None,None, None, 1781618410.7386093,1.0541582915128747,apf_avoid,none,0.0,nan,nan,12.389532542367185,0.08490892431172492,7.924869278914999,-0.35352309746490373,2.2954448368729325
1781618410.9634259,47.190478563308716,-200.0,200.0,0.2,6.273127027534568,6.564562298317761,1.5796921593270383,-0.004997972394264602,0.000606692259324903,1781618410.9614248,6.55503464287552,1.5797531900368522,6.2713701879346315, 1781618410.932062, 1781618410.9426532,0.906852261925827,apf_avoid,none,0.0,nan,nan,12.292591327075144,0.022383365335041372,7.948458704921465,-0.33806327208095577,2.2581478763221954
1781618411.1637862,47.390838861465454,-199.14677868392747,200.0,0.2,6.271777211597923,6.625998069723709,1.579039025186212,-0.007854174916137461,6.282354385127152,1781618411.144463,None,None,None, None, 1781618411.1298723,0.9467435847293627,apf_avoid,none,0.0,nan,nan,12.386181878889072,0.11560167737562521,7.826139088866533,-0.3220085827341381,2.2186749752087382
1781618411.3638773,47.59092998504639,-197.78064662246848,200.0,0.2,6.270534760585128,6.69406864697689,1.5782176498865041,-0.005872101540394143,6.281266954664061,1781618411.329649,None,None,None, None, 1781618411.3358433,0.9380361412145849,apf_avoid,none,0.0,nan,nan,12.43702646249469,0.17404090436711117,7.85742084727329,-0.3033759094258961,2.178521138508004
1781618411.5638402,47.79089283943176,-197.29425438953209,200.0,0.2,6.269769289149073,6.763275275482914,1.5772951310370686,-0.0013054239633375725,6.281025948351551,1781618411.5142682,None,None,None, None, 1781618411.525289,1.0526452570293774,apf_avoid,none,0.0,nan,nan,12.448181386360133,0.19461783165628477,7.8811575013692705,-0.28473524348061985,2.151781752501479
1781618411.7636638,47.99071645736694,-197.15846230916966,200.0,0.2,6.269512846886976,6.8325934715091545,1.5763287493058016,0.0019320813734622093,6.281422602072756,1781618411.7195668,None,None,None, None, 1781618411.7195668,0.9786240582220802,apf_avoid,none,0.0,nan,nan,12.441726658502418,0.20019361566860683,7.9155864407969405,-0.2527504034524215,2.1090388157162323
1781618411.9630356,48.19008827209473,-141.84673455874957,6.432151778456963,0.2,6.26990954939601,6.752998209309664,1.577239651753044,0.007071788220853924,6.282792591761559,1781618411.913293,6.743306874163378,1.5773620450430392,6.269575599391093, 1781618411.933481, 1781618411.9224498,1.0509440253322286,apf_colreg,crossing_from_starboard,-1.0,1.0886863866924263,8.79252329308601,12.06580736011393,-9.604767710542525,7.9362167438638505,-0.24377737383522868,2.065559498734132
1781618412.163702,48.39075469970703,-141.84673455874957,6.432151778456963,0.2,6.268971944304606,6.793313640894951,1.5768417869588562,-0.04651119267279572,6.27381824556716,1781618412.1712823,None,None,None, None, 1781618412.1692984,0.9139676379396824,apf_colreg,crossing_from_starboard,-1.0,1.117634018613018,8.191551742394992,12.12587357990931,-9.603052864087262,7.878522336396733,-0.21165867964528595,2.0363258736500676
1781618412.3643963,48.59144902229309,-141.84673455874957,6.432151778456963,0.2,6.262968095428463,6.832999489726516,1.5764057925082167,-0.08788737964987632,6.2518263267378495,1781618412.3564715,None,None,None, None, 1781618412.347435,1.076548507622044,apf_colreg,crossing_from_starboard,-1.0,1.105534889076776,7.764388381452068,12.218161547568254,-9.52958032108721,7.913857199631515,-0.18130398834337624,2.009744568163638
1781618412.5636961,48.790748834609985,-141.84673455874957,6.432151778456963,0.2,6.254292735542925,6.872364185522034,1.5756670499707397,-0.09273708254134014,6.2344063071210245,1781618412.5443146,None,None,None, None, 1781618412.536702,1.0657507362686311,apf_colreg,crossing_from_starboard,-1.0,0.9635039401907421,8.141584932794176,12.287316675511647,-9.409669166435588,7.925913064779804,-0.1548623442901076,1.9949685975934084
1781618412.7632554,48.99030804634094,-141.84673455874957,6.432151778456963,0.2,6.2431642200667214,6.911557005646602,1.5745464532935998,-0.10329896505871966,6.212987659154756,1781618412.7516608,None,None,None, None, 1781618412.7516608,1.0875649885475003,apf_colreg,crossing_from_starboard,-1.0,0.8384813344126997,8.867767730265683,12.342576712955694,-9.256584594141271,7.949409797652198,-0.1418539123836764,1.9687003901007658
1781618412.9634094,49.19046211242676,-200.0,161.8585072519248,0.2,6.216133824720641,6.872450575531475,1.5741903509787738,-0.15232039095641095,6.185555125365546,1781618412.9317584,6.867361551068766,1.574270902409522,6.18891371370851, 1781618412.938808, 1781618412.9181879,0.9210438635034675,apf_avoid,none,0.0,nan,nan,12.63527415384877,-8.589306167930882,7.993246633863366,-0.10343506088416188,1.9375895647702865
1781618413.163193,49.39024567604065,-141.84673455874957,6.432151778456963,0.2,6.204242220755618,6.919356218889759,1.5707967605116808,-0.06780763481142543,6.171030760977078,1781618413.145958,None,None,None, None, 1781618413.1170142,1.0178889011749064,apf_colreg,crossing_from_starboard,-1.0,0.8682198803354993,7.236459273304686,12.673382266363854,-8.739594090133037,7.912479606583787,-0.09402015632461325,1.9075983523317515
1781618413.3634334,49.5904860496521,-141.84673455874957,6.432151778456963,0.2,6.191924244424812,6.961956489240954,1.5673319284699723,-0.0982558393873204,6.152222409676169,1781618413.3373802,None,None,None, None, 1781618413.3563404,0.9245660077457916,apf_colreg,crossing_from_starboard,-1.0,0.768006750950314,7.751223962888833,12.781864849601103,-8.55944844736683,7.940286519968478,-0.06548668279086378,1.8686003809862015
1781618413.563638,49.790690660476685,-141.84673455874957,6.432151778456963,0.2,6.17964711415428,7.002624835386847,1.5635335700427095,-0.0977967491930276,6.132455887521028,1781618413.5394986,None,None,None, None, 1781618413.5394986,1.0294956244549953,apf_colreg,crossing_from_starboard,-1.0,0.6969409942178231,8.19229982125356,12.865652959070065,-8.371097753053911,7.965813393010046,-0.043251849962943734,1.8438509163832357
1781618413.7634428,49.990495443344116,-141.84673455874957,6.432151778456963,0.2,6.163991925348347,7.042337594307883,1.5593401375654388,-0.12827613558414813,6.106771477710581,1781618413.739726,None,None,None, None, 1781618413.739726,0.9755083558316132,apf_colreg,crossing_from_starboard,-1.0,0.605304741799133,8.72678142713628,12.956816844075352,-8.130063929738306,7.99122279067322,-0.024132884160127377,1.8157654247125634
1781618413.9641604,50.19121313095093,-200.0,161.8585072519248,0.2,6.137486891875496,6.993528122003132,1.561537791424653,-0.0831103139534957,6.089743678137194,1781618413.944608,6.9878017195587905,1.5619934197507224,6.094584279639404, 1781618413.942111, 1781618413.9466279,0.9391375736028623,apf_avoid,none,0.0,nan,nan,13.247626769492673,-7.4622027038762795,8.020384369224045,-0.004959872213462058,1.7872752003511634
1781618414.1633341,50.39038681983948,-141.84673455874957,6.432151778456963,0.2,6.127418101972973,7.038971199760354,1.5547065572090162,-0.06679827852216073,6.077049978800022,1781618414.1346383,None,None,None, None, 1781618414.1346383,1.0578780064832434,apf_colreg,crossing_from_starboard,-1.0,0.7778442643110403,6.724739013566605,13.274967856079503,-7.621008538495229,7.930248372466167,0.014536025840662159,1.7522641531885499
1781618414.3631237,50.59017634391785,-141.84673455874957,6.432151778456963,0.2,6.11588955268793,7.080736202981655,1.5480928550712996,-0.09926273023159668,6.0571060532890835,1781618414.335559,None,None,None, None, 1781618414.3445964,0.9378386627664725,apf_colreg,crossing_from_starboard,-1.0,0.7440249719156445,6.79786106605625,13.38882376780166,-7.417023857907178,7.960039252757075,0.04106446971665201,1.7209448641390095
1781618414.5636961,50.790748834609985,-141.84673455874957,6.432151778456963,0.2,6.1040301659398795,7.120788440202965,1.5412708386282237,-0.09779778941121761,6.036070979690456,1781618414.5506463,None,None,None, None, 1781618414.5351057,0.9412151810861548,apf_colreg,crossing_from_starboard,-1.0,0.7216081218212146,7.094382435333629,13.456620626561845,-7.202975811658934,7.988211343758773,0.037138736243988335,1.7035219708960645
1781618414.7634265,50.99047923088074,-141.84673455874957,6.432151778456963,0.2,6.0926243722091735,7.159966644001953,1.5341181526096026,-0.09175097752252023,6.018279558328132,1781618414.7445562,None,None,None, None, 1781618414.7445562,1.0989404928161524,apf_colreg,crossing_from_starboard,-1.0,0.6315247453785837,7.5362294744768334,13.48222171697736,-6.993610597071335,8.01705801091618,0.06977702056804169,1.669434977275069
1781618414.9637249,51.19077754020691,-200.0,161.8585072519248,0.2,6.060243613024868,7.115072865976494,1.5372522990898274,-0.0922633262907011,6.000786388513529,1781618414.9341567,7.109632466217547,1.5379452299211722,5.99909924380149, 1781618414.952178, 1781618414.948177,1.0053408273121298,apf_avoid,none,0.0,nan,nan,13.728882371125938,-6.2124820129259435,8.041017411907621,0.0891802346136088,1.645743726926715
1781618415.1634636,51.39051628112793,-141.84673455874957,6.432151778456963,0.2,6.050337015190121,7.160356344451136,1.5268397641262474,-0.06984529522582177,5.985226304351725,1781618415.156936,None,None,None, None, 1781618415.1489174,0.945982999497276,apf_colreg,crossing_from_starboard,-1.0,0.7181095559500768,5.914731022147031,13.776109703629604,-6.364279271527286,7.959381042428919,0.10585489924005276,1.6121870240008105
1781618415.3643012,51.59135389328003,-141.84673455874957,6.432151778456963,0.2,6.038280333592814,7.20170384991914,1.516982969523621,-0.10538615874698899,5.965492279385437,1781618415.3441904,None,None,None, None, 1781618415.3441904,1.0477709261402472,apf_colreg,crossing_from_starboard,-1.0,0.7009938467738067,6.047748412165187,13.86862162772333,-6.109025525930654,7.982200284343459,0.12217807056393548,1.5749955402012028
1781618415.563323,51.79037570953369,-141.84673455874957,6.432151778456963,0.2,6.028477802235849,7.241207848158899,1.5070427989651645,-0.07713719966543522,5.950974856343449,1781618415.532393,None,None,None, None, 1781618415.5409496,1.02031547101034,apf_colreg,crossing_from_starboard,-1.0,0.6562323495736667,6.229003997906239,13.89755022846678,-5.896409073859,8.005129678323057,0.1441306639633133,1.5405162192933948
1781618415.7635384,51.990591049194336,-141.84673455874957,6.432151778456963,0.2,6.013703522157073,7.279796623203274,1.4969673823997312,-0.1282348505083227,5.923073323865487,1781618415.7499745,None,None,None, None, 1781618415.7499745,1.0678499702470738,apf_colreg,crossing_from_starboard,-1.0,0.5665340301899132,6.613577097252605,13.906165719809735,-5.615316590831713,8.031314232672889,0.16387240618715793,1.5094713484086162
1781618415.9633634,52.19041609764099,-200.0,161.8585072519248,0.2,5.9769269868560215,7.231696551477672,1.5022669859254811,-0.09335777693971432,5.904936072801666,1781618415.9442513,7.22609294586662,1.503301045458797,5.90613729345449, 1781618415.957868, 1781618415.9362473,0.9180374882670563,apf_avoid,none,0.0,nan,nan,14.095599518859565,-4.7575289058280354,8.06488656171246,0.18943724078280932,1.4785504759311152
1781618416.1635008,52.39055347442627,-141.84673455874957,6.432151778456963,0.2,5.967198418981711,7.275582050742919,1.488210352775253,-0.061000943743794826,5.89333415318687,1781618416.1344438,None,None,None, None, 1781618416.1344438,0.969445875900084,apf_colreg,crossing_from_starboard,-1.0,0.6094453846609537,5.101020309983819,14.180578396577138,-4.9138562189446136,7.959838087286521,0.20162952712198412,1.4449018026137421
1781618416.364323,52.59137558937073,-141.84673455874957,6.432151778456963,0.2,5.957739622604499,7.315817148394681,1.475004096658699,-0.08043995328240997,5.875901524160702,1781618416.3511598,None,None,None, None, 1781618416.3511598,0.9228547584582019,apf_colreg,crossing_from_starboard,-1.0,0.5924125943916861,5.097640799631876,14.242710609045636,-4.644277682635305,7.986681347008751,0.22658733343111526,1.4052174223561409
1781618416.5637999,52.790852546691895,-141.84673455874957,6.432151778456963,0.2,5.947129801461772,7.354340507901062,1.4619794799641284,-0.09327787944662681,5.858542510226362,1781618416.5372598,None,None,None, None, 1781618416.5058887,0.9909579831955176,apf_colreg,crossing_from_starboard,-1.0,0.583631413082175,5.238105895856879,14.249806049927637,-4.371234967461427,8.007521994422444,0.22097721398034353,1.3889761304755999
1781618416.763654,52.9907066822052,-141.84673455874957,6.432151778456963,0.2,5.936017597996468,7.391951199762689,1.4488081113059152,-0.0941565431254,5.839732702936666,1781618416.7370315,None,None,None, None, 1781618416.7621393,0.996374702900247,apf_colreg,crossing_from_starboard,-1.0,0.521170773131585,5.582944060725117,14.199338779194868,-4.129535815794452,8.039179286605444,0.24155205975438243,1.3541683877244102
1781618416.9846485,53.21170115470886,-141.84673455874957,6.432151778456963,0.2,5.894966043162192,7.345589131162027,1.456009272005596,-0.0988074337114065,5.822766995342474,1781618416.9896584,7.340158996852862,1.457353553685165,5.810124794377045, 1781618416.969368, 1781618416.9097474,1.0967203672054817,apf_colreg,crossing_from_starboard,-1.0,0.13357696503615002,9.017559820351622,14.29434891636344,-3.6086502389145316,8.060492859403062,0.26058230078721256,1.3196219434444332
1781618417.1635606,53.390613317489624,-141.84673455874957,6.432151778456963,0.2,5.883500541110435,7.37294323764347,1.444776086576054,-0.10363324935378958,5.799710070951866,1781618417.131222,None,None,None, None, 1781618417.131222,0.9186538078952351,apf_colreg,crossing_from_starboard,-1.0,0.39834004287143415,6.487603390098981,14.422528205841871,-3.3231507552067425,7.97119998336694,0.28110044054257277,1.286619003955552
1781618417.3642957,53.59134840965271,-141.84673455874957,6.432151778456963,0.2,5.871019511448808,7.40388238598249,1.4316457973421048,-0.10486408066380787,5.778680921337661,1781618417.3317592,None,None,None, None, 1781618417.3317592,1.0648563863895422,apf_colreg,crossing_from_starboard,-1.0,0.4577914373490748,5.423566617915183,14.460205336001797,-3.0150109036534247,7.9910174112360775,0.30169050850171775,1.2550406337934663
1781618417.5636818,53.79073452949524,-141.84673455874957,6.432151778456963,0.2,5.859792101911534,7.436894061959221,1.41714017499919,-0.08825705131337108,5.7610427844447685,1781618417.5316088,None,None,None, None, 1781618417.5465915,1.0630158546298116,apf_colreg,crossing_from_starboard,-1.0,0.44909834304855706,5.003794907989429,14.43156541064214,-2.740676508503989,8.005066962296425,0.3194893088920192,1.2180578753964484
1781618417.7630317,53.990084409713745,-141.84673455874957,6.432151778456963,0.2,5.847095726397011,7.471011354668116,1.4017131791459523,-0.10470527800107576,5.74202125637529,1781618417.7132761,None,None,None, None, 1781618417.751509,0.9812345099901022,apf_colreg,crossing_from_starboard,-1.0,0.4118290329434471,4.893496061223947,14.364945771528895,-2.4554256388515414,8.02109509997515,0.3395028421755718,1.178742775687736
1781618417.9639058,54.19095849990845,-141.84673455874957,6.432151778456963,0.2,5.8362882479470395,7.505601911758171,1.3855250030093913,-0.08383433124575151,5.721810372029019,1781618417.9543574,None,None,None, None, 1781618417.9553647,0.9006962895218739,apf_colreg,crossing_from_starboard,-1.0,0.3468468068413959,4.99488047230038,14.258906709372514,-2.2003856836737237,8.045079325368537,0.3557572092743452,1.1455314827479546
1781618418.1634245,54.39047718048096,-141.84673455874957,6.432151778456963,0.2,5.790087397644312,7.439908505888388,1.4063501688409135,-0.14006517450071349,5.693727035785588,1781618418.1548593,7.435377311998929,1.4080429239857972,5.70835246500014, 1781618417.977489, 1781618418.1483388,0.9081678760742807,apf_colreg,crossing_from_starboard,-1.0,0.041476418717015705,8.007181811671163,14.377079823118333,-1.695738418211727,8.067799680631056,0.34875984799550175,1.133054720267831
1781618418.363228,54.59028077125549,-130.65769852426584,22.998819191182836,0.2,5.778389717120153,7.464154601718768,1.3932233473331346,-0.08812979876728928,5.677177274261229,1781618418.3426478,None,None,None, None, 1781618418.3366425,0.991615032848695,apf_colreg,crossing_from_starboard,-1.0,0.31765888773174245,5.448335609802718,14.491342525130044,-1.34437502844793,7.950099428362451,0.3849949966290276,1.0973787598989442
1781618418.5634007,54.79045343399048,-119.6151167035109,37.96611743044227,0.2,5.767933641290834,7.492191271713914,1.3776374616507008,-0.0770159580053194,5.662336581576397,1781618418.5353441,None,None,None, None, 1781618418.5242865,0.9592630175417689,apf_colreg,crossing_from_starboard,-1.0,0.3807744210675667,4.380594286598359,14.481955773971526,-1.0176820394841422,7.958634055057016,0.40582734653965247,1.0630346880037622
1781618418.7634957,54.99054837226868,-108.48193094884853,51.857369612597495,0.2,5.755226491105295,7.522375430341757,1.3604468702509784,-0.09681445135997159,5.64359384055963,1781618418.7289386,None,None,None, None, 1781618418.7067895,0.9295547485286388,apf_colreg,crossing_from_starboard,-1.0,0.369482697262305,4.000868870341031,14.41004267940733,-0.701671245786571,7.979471779860495,0.4236177882935577,1.0317469357461408
1781618418.9635737,55.19062638282776,-97.86913770881378,64.11787889198985,0.2,5.744005927062765,7.553546590431125,1.3421089911379953,-0.07072325061472744,5.629545973434264,1781618418.92757,None,None,None, None, 1781618418.9495292,1.0188697669845839,apf_colreg,crossing_from_starboard,-1.0,0.35044578364416384,3.871844551431997,14.304189521500373,-0.4149499166397774,7.988749013475229,0.4340432627632661,0.9980724670268297
1781618419.1634228,55.3904755115509,-77.82153548956764,85.0320302709441,0.2,5.704563520643471,7.526605776575614,1.349407555717604,-0.047215401704796225,5.620730064954834,1781618419.114287,7.52282551751932,1.3511108037391462,5.618045126593498, 1781618418.984606, 1781618419.132865,0.9931681968284207,apf_colreg,crossing_from_starboard,-1.0,0.2162984239149987,5.065169523654478,14.280162808344372,0.08847579124451155,8.003493061618048,0.45382507478469664,0.961184899403542
1781618419.3636332,55.59068584442139,-67.81052009473876,94.51602303736966,0.2,5.696149438840056,7.551584258849592,1.3329315688461156,-0.03913057402735606,5.613521950098486,1781618419.367159,None,None,None, None, 1781618419.3287468,0.9390058818536997,apf_colreg,dynamic_virtual_obstacle,-1.0,0.4399507209871178,2.5,14.255786062778219,0.3271815752896816,7.9284710831240535,0.4757140882925139,0.9236588062627874
1781618419.5636697,55.790722370147705,-54.56031453702314,106.20846004776455,0.2,5.690476826946016,7.579147426783848,1.3144093077281391,-0.011490980120505739,5.610671163468529,1781618419.5465827,None,None,None, None, 1781618419.5178702,0.9904360050695505,apf_colreg,dynamic_virtual_obstacle,-1.0,0.47078662887967015,2.0,14.02122761674173,0.622653862388572,7.932395734339415,0.49369869439121944,0.8880452681939784
1781618419.7639668,55.99101948738098,-42.520629654458475,116.06335124388342,0.2,5.6888396870912965,7.608319004884231,1.2945824090003546,0.021039066864831032,5.614696797948013,1781618419.7379236,None,None,None, None, 1781618419.7132971,1.0811456826288421,apf_colreg,dynamic_virtual_obstacle,-1.0,0.4288368831882719,2.0,13.797470940761162,0.8730487041080424,7.9298404701346215,0.49911985986900936,0.8526081558758581
1781618419.9631255,56.19017815589905,-25.822689299733312,128.64522335361323,0.2,5.691512673861167,7.638537351856753,1.2740156906307956,0.050581821101087145,5.624465436749838,1781618419.931049,None,None,None, None, 1781618419.921985,1.037312689631991,apf_colreg,dynamic_virtual_obstacle,-1.0,0.4887418237577079,1.5,13.330442412080187,1.1808251861633108,7.946566548787159,0.49765657383577516,0.8313764711423798
1781618420.1636086,56.39066123962402,-8.132310161448332,140.74513980522335,0.2,5.675277101782944,7.607132618001612,1.2870541993561184,0.08368967963800422,5.640179040548523,1781618420.1188095,7.6030805367212455,1.2892602343090418,5.607595237114126, 1781618419.990823, 1781618420.1188095,1.068505731757813,apf_colreg,dynamic_virtual_obstacle,-1.0,0.4744357754042429,2.0,13.021976480471317,1.4902820828790364,7.955048514651545,0.5083039704839107,0.7974557827803046
1781618420.3637216,56.59077429771423,-6.432151778456963,141.84673455874966,0.2,5.684662523486258,7.631794313516356,1.269850482756679,0.11074128931314087,5.661075151810089,1781618420.3075025,None,None,None, None, 1781618420.317686,0.9035825826064583,apf_colreg,dynamic_virtual_obstacle,-1.0,0.4816895130930299,1.5,12.612930572011328,1.939488735004425,7.880421213598489,0.54585735122695,0.7606003761925489
1781618420.5834157,56.810468435287476,-161.85850725192475,200.0,0.2,5.693819251168609,7.659831428560267,1.2507525473487746,0.08329875634439327,5.6792439669571655,1781618420.5256188,None,None,None, None, 1781618420.5075164,0.9950256184760247,apf_colreg,dynamic_virtual_obstacle,-1.0,0.42809065923913076,1.5,11.882699945640875,2.4279440361662576,7.882303849615312,0.5652327771302033,0.7202373006937921
1781618420.7637777,56.990830421447754,-6.432151778456963,141.84673455874966,0.2,5.702638169251765,7.703944979936869,1.2213972030102553,0.06289798583901961,5.693099550891467,1781618420.7459054,None,None,None, None, 1781618420.7285917,1.0335961146932957,apf_colreg,dynamic_virtual_obstacle,-1.0,0.42362497926507225,1.0,11.94968304118909,2.3828693771291256,7.88555879446631,0.5800864105112702,0.6811879783681231
1781618420.96351,57.19056272506714,-6.432151778456963,141.84673455874966,0.2,5.719034821291696,7.741579896403721,1.1967338742607723,0.1450418616100431,5.721513868721424,1781618420.9418097,None,None,None, None, 1781618420.9322722,1.0008342381655326,apf_colreg,dynamic_virtual_obstacle,-1.0,0.4119423897629123,1.0,10.427436705571424,3.6299179306979656,7.899386804267354,0.5849514408906904,0.6423247883989455
1781618421.172926,57.39997863769531,-6.432151778456963,141.84673455874966,0.2,5.722009799202945,7.70155430328011,1.215380885142807,0.083042187042454,5.737582654191529,1781618421.1353111,7.696642822654795,1.2180448582216739,5.696651650842522, 1781618420.996242, 1781618421.1513886,0.9795384790915587,apf_colreg,dynamic_virtual_obstacle,-1.0,0.46502554890334585,1.0,9.1938237061933,4.696827003872883,7.91423897865924,0.5958055649248359,0.6042421620703735
1781618421.3642154,57.59126806259155,-6.432151778456963,141.84673455874966,0.2,5.733065203735708,7.727998548450713,1.1988139281447197,0.09874500724125848,5.7590118753307715,1781618421.3523269,None,None,None, None, 1781618421.3533254,0.9804360836137574,apf_colreg,dynamic_virtual_obstacle,-1.0,0.40373247646240223,1.0,7.793326399585047,6.2223772026274515,7.846071526107594,0.6492079586936623,0.5649992383026401
1781618421.5641127,57.791165351867676,-6.432151778456963,141.84673455874966,0.2,5.745389921354938,7.757522578670787,1.1807689135722583,0.10491563426135396,5.78028751898921,1781618421.555115,None,None,None, None, 1781618421.5631125,1.026461570660575,apf_colreg,dynamic_virtual_obstacle,-1.0,0.44147580047182094,0.5,5.077917235350113,10.259191715814309,7.849174652927313,0.6647633948346445,0.5313290820546087
1781618421.7639225,57.99097514152527,-6.432151778456963,141.84673455874966,0.2,5.758292522650344,7.788995732967085,1.1620722462299558,0.10452008286325919,5.7991687475659885,1781618421.735762,None,None,None, None, 1781618421.745485,0.9895053625831723,apf_colreg,dynamic_virtual_obstacle,-1.0,0.41099712089622803,0.5,3.176496955459302,13.188797657433465,7.875669037068686,0.6645461153174034,0.5136744916534283
1781618421.964238,58.191290616989136,-6.432151778456963,141.84673455874966,0.2,5.768399764685765,7.821677708416064,1.14322891238419,0.07628404909799394,5.8153325733733,1781618421.9476519,None,None,None, None, 1781618421.9682467,0.9957020632446251,apf_colreg,dynamic_virtual_obstacle,-1.0,0.3770356353269114,0.5,-0.08662765897467484,18.1666547387178,7.883038030466598,0.6790147882692585,0.48003580028463155
1781618422.1639376,58.390990257263184,-6.432151778456963,141.84673455874966,0.2,5.767370372801482,7.791831196717535,1.156393698459294,-0.10535030278618598,5.794285841921733,1781618422.1474304,7.7877165367878805,1.1584769137975635,5.796437125750585, 1781618422.00629, 1781618422.1534274,0.9938847572083191,apf_colreg,dynamic_virtual_obstacle,-1.0,0.3878759826046285,0.5,-2.221218783800654,19.38355962155378,7.907840498831211,0.68576496175927,0.45502620089802026
1781618422.3640826,58.59113526344299,-6.432151778456963,141.84673455874966,0.2,5.75527810567465,7.818418197056624,1.1410695487977485,-0.04957340290043581,5.783620272094145,1781618422.3625774,None,None,None, None, 1781618422.3640826,0.9290857067845083,apf_colreg,dynamic_virtual_obstacle,-1.0,0.346290570915226,0.5,-6.852255972802405,24.59476768426072,7.884423866867034,0.7152143373831774,0.4401949881295545
1781618422.5643513,58.791404008865356,-6.432151778456963,141.84673455874966,0.2,5.739531685098365,7.847906306463809,1.1235148724648711,-0.06770585234627251,5.7703320810409755,1781618422.558841,None,None,None, None, 1781618422.5703564,1.0253947004277189,apf_colreg,dynamic_virtual_obstacle,-1.0,0.31486475170471095,0.5,-12.535634845952423,30.68519275191543,7.907780160552811,0.715538355367886,0.4245572751860328
1781618422.763195,58.99024772644043,-6.432151778456963,141.84673455874966,0.2,5.7230425093663,7.878921090576653,1.1043063254051788,-0.06012743067635845,5.7613973824447235,1781618422.707437,None,None,None, None, 1781618422.7174876,0.9154228208636291,apf_colreg,dynamic_virtual_obstacle,-1.0,0.29027216230056896,0.5,-19.156264273850358,36.76348083526146,7.932672441573263,0.7142962504131469,0.40816311863860305
1781618422.9637175,59.19077014923096,-6.432151778456963,141.84673455874966,0.2,5.706702157859813,7.910615720899642,1.0839168499322112,-0.05455198142980076,5.747880708975906,1781618422.955213,None,None,None, None, 1781618422.915673,1.0555072863738368,apf_colreg,dynamic_virtual_obstacle,-1.0,0.2703559088434733,0.5,-26.118762963675632,42.21881131831782,7.957099356110666,0.7128750523844977,0.3902573011296907
1781618423.1654732,59.39252591133118,-6.432151778456963,141.84673455874966,0.2,5.699084541395305,7.81000281557189,1.1652974542957162,-0.06512344043370769,5.735296943253577,1781618423.1484425,7.801379567749525,1.171977631280479,5.727889669121395, 1781618423.012411, 1781618423.1694765,0.9586883709784614,apf_colreg,dynamic_virtual_obstacle,-1.0,0.4163857388088292,0.5,-14.222883864068194,23.53389180585226,7.98477892961725,0.7090817536175952,0.3734703438200455
1781618423.3635998,59.59065246582031,-6.432151778456963,141.84673455874966,0.2,5.681528036348733,7.823524607364401,1.1561228100300913,-0.052403218558539424,5.725237628863446,1781618423.3404024,None,None,None, None, 1781618423.3544495,1.0959057115379398,apf_colreg,dynamic_virtual_obstacle,-1.0,0.34646456220429045,0.5,-23.449386319967545,30.382480538282522,7.881723458293659,0.8071449128469019,0.35726188127163105
1781618423.563433,59.79048562049866,-6.432151778456963,141.84673455874966,0.2,5.663745163781456,7.843218375639499,1.1422556179035817,-0.06149028028673627,5.7137222020158,1781618423.5276747,None,None,None, None, 1781618423.509574,1.0461746993735497,apf_colreg,dynamic_virtual_obstacle,-1.0,0.28382063429343385,0.5,-37.566979986533,40.811944727968175,7.8914535101437595,0.814922207635266,0.3400906661884873
1781618423.7642047,59.991257429122925,-6.432151778456963,141.84673455874966,0.2,5.630215333977253,7.867340109719644,1.124611364400359,-0.20747459269793392,5.6744052031851755,1781618423.7171774,None,None,None, None, 1781618423.7566824,1.0746888748003698,apf_colreg,dynamic_virtual_obstacle,-1.0,0.2355282525892997,0.5,-57.0207703761961,53.492945362033154,7.907158138668491,0.8158675708054753,0.3263447373077761
1781618423.9630463,60.190099000930786,-6.432151778456963,141.84673455874966,0.2,5.593852924965318,7.893727458835117,1.1036581616214651,-0.182146423504191,5.63007908405705,1781618423.9605317,None,None,None, None, 1781618423.9020302,1.056556319914803,apf_colreg,dynamic_virtual_obstacle,-1.0,0.20676503022376547,0.5,-76.10657747511827,66.57794784355556,7.922079516526645,0.8025194345498152,0.321531293509055
1781618424.1643722,60.391424894332886,-6.432151778456963,141.84673455874966,0.2,5.564723105352243,7.840232307352762,1.1812783728570988,-0.20364237315858322,5.6010065569766025,1781618424.1032944,7.8349747968673595,1.1878554400060772,5.598344266537333, 1781618424.018539, 1781618424.0942872,1.0742235536128013,apf_colreg,dynamic_virtual_obstacle,-1.0,0.3268788493033175,0.5,-48.214684867979784,42.36873998745737,7.938997641566873,0.7932510386844023,0.31049506336184457
1781618424.3632941,60.590346813201904,-6.432151778456963,141.84673455874966,0.2,5.533263839929054,7.8553647742415995,1.1674401855461092,-0.086482778219748,5.579561454686632,1781618424.351264,None,None,None, None, 1781618424.351264,0.9014032410998266,apf_colreg,dynamic_virtual_obstacle,-1.0,0.25920571758646865,0.5,-75.54032414343942,57.89318747036874,7.875776196512617,0.881818194036804,0.3000025979683367
1781618424.5634885,60.79054117202759,-6.432151778456963,141.84673455874966,0.2,5.509906364057456,7.874745839983989,1.1486993988590188,-0.051712657930394645,5.56931359701015,1781618424.5494332,None,None,None, None, 1781618424.5112512,0.9592574642032077,apf_colreg,dynamic_virtual_obstacle,-1.0,0.21196996885032096,0.5,-105.89316461366532,78.32349795542842,7.88246628603743,0.865664384506782,0.301851326896429
1781618424.7639675,60.99102020263672,-6.432151778456963,141.84673455874966,0.2,5.491474062637463,7.897022000540528,1.1262790558788784,-0.039910442144283506,5.562782565730023,1781618424.7130754,None,None,None, None, 1781618424.7624562,1.0071998811363971,apf_colreg,dynamic_virtual_obstacle,-1.0,0.1875671373229015,0.5,-129.79286170050776,100.08280524153056,7.894409885502116,0.8455262796713162,0.30294531433951166
1781618424.9656372,61.19268989562988,-6.432151778456963,141.84673455874966,0.2,5.477142747601575,7.921034328395884,1.101316547599919,-0.023611534035957248,5.558247987975071,1781618424.9051247,None,None,None, None, 1781618424.9626045,0.9623993607469424,apf_colreg,dynamic_virtual_obstacle,-1.0,0.17938285458025927,0.5,-137.5615350368809,114.69756358167528,7.910797259292926,0.8220901884323004,0.3037903796738957
1781618425.1642916,61.39134430885315,-6.432151778456963,141.84673455874966,0.2,5.476584792628121,7.864674716395187,1.256100264068688,-0.013855747970534956,5.555275362526061,1781618425.1196656,7.859382115850525,1.2679053041634512,5.508233789391089, 1781618425.025901, 1781618425.149753,1.015698948879165,apf_colreg,dynamic_virtual_obstacle,-1.0,0.41033576879716405,0.5,-42.14965550832855,44.60506910682842,7.930251851256624,0.7965456293528848,0.30429430662801504
1781618425.3634028,61.590455532073975,-6.432151778456963,141.84673455874966,0.2,5.4653209632928235,7.872165272941157,1.2481310567291137,-0.011888619362919756,5.552973440257246,1781618425.3132896,None,None,None, None, 1781618425.3528857,0.984296567096987,apf_colreg,dynamic_virtual_obstacle,-1.0,0.3364516466736852,0.5,-62.70385651397218,58.328774506154836,7.8752256267569845,0.9509431446947098,0.3046946420415731
1781618425.5635748,61.79062747955322,-6.432151778456963,141.84673455874966,0.2,5.4556286598472115,7.885017124365744,1.2341673403729523,-0.010117322938310387,5.550928564874882,1781618425.515406,None,None,None, None, 1781618425.4963205,1.0622182418846617,apf_colreg,dynamic_virtual_obstacle,-1.0,0.2774677595103785,0.5,-88.9837929449101,78.32876036920405,7.8791469919571435,0.9425752713144571,0.3050516471072302
1781618425.7633522,61.99040484428406,-6.432151778456963,141.84673455874966,0.2,5.446694242490876,7.902166103573457,1.215187111819218,-0.010426615442168923,5.548725536465161,1781618425.7266948,None,None,None, None, 1781618425.7110445,1.0328462030989634,apf_colreg,dynamic_virtual_obstacle,-1.0,0.23803494687411705,0.5,-111.63983151591773,97.83162627509027,7.888955902375545,0.9284044293829221,0.3052486614979288
1781618425.9635386,62.19059133529663,-6.432151778456963,141.84673455874966,0.2,5.438655254191854,7.922406395016205,1.1923905403928166,-0.0059867027579054224,5.5475209375982875,1781618425.9279072,None,None,None, None, 1781618425.9168763,0.9880140549300493,apf_colreg,dynamic_virtual_obstacle,-1.0,0.21515342470105261,0.5,-124.7132224644481,114.32765374137824,7.903324506058414,0.9093051958236107,0.3053674993245232
1781618426.1636777,62.39073038101196,-6.432151778456963,141.84673455874966,0.2,5.447632525263354,7.867624597023197,1.350922596665839,-0.007616372275031194,5.546069796982168,1781618426.1184363,7.862610872052912,1.362896951829803,5.496526811923887, 1781618426.032294, 1781618426.1184363,1.0402504230186982,apf_colreg,dynamic_virtual_obstacle,-1.0,0.43150329441515767,0.5,-41.37325085800627,45.38821248421748,7.921017008393573,0.8863221304399888,0.30558869465398825
1781618426.3631966,62.59024930000305,-6.432151778456963,141.84673455874966,0.2,5.43883935021768,7.873273476936774,1.3445792250323998,-0.00839922295170695,5.544315826311165,1781618426.3272617,None,None,None, None, 1781618426.3207083,1.0128039543370655,apf_colreg,dynamic_virtual_obstacle,-1.0,0.34906215688253944,0.5,-66.11442943959665,61.7687273839735,7.868908134893797,1.044707288502196,0.3057677186308088
1781618426.5644474,62.791500091552734,-6.432151778456963,141.84673455874966,0.2,5.430724799944741,7.884338060485106,1.3319310608520272,-0.006407180707958442,5.543076198499957,1781618426.5207365,None,None,None, None, 1781618426.5099382,1.0889567451087347,apf_colreg,dynamic_virtual_obstacle,-1.0,0.2834930356601487,0.5,-99.13879877067586,85.31747261160032,7.871785513432268,1.038210050879769,0.3059542566646268
1781618426.764229,62.99128174781799,-6.432151778456963,141.84673455874966,0.2,5.422741428091033,7.8998528537318204,1.3139048670793099,-0.008528201764926274,5.541352904788187,1781618426.7228065,None,None,None, None, 1781618426.712762,1.0808349437851676,apf_colreg,dynamic_virtual_obstacle,-1.0,0.2386144323210919,0.5,-130.4258141659689,109.85470395383147,7.880275681289608,1.0254077604293188,0.30616691549219754
1781618426.9632845,63.19033718109131,-6.432151778456963,141.84673455874966,0.2,5.41504974669855,7.918678783442761,1.2916727093869553,-0.006971371586960697,5.540031907339825,1781618426.9122953,None,None,None, None, 1781618426.9122953,0.9089917000306782,apf_colreg,dynamic_virtual_obstacle,-1.0,0.21146436322259315,0.5,-148.64359371088307,127.6930448553929,7.8932646532216815,1.0072775489517916,0.3063450635997993
1781618427.1652057,63.392258405685425,-6.432151778456963,141.84673455874966,0.2,5.42821903391962,7.869313272673733,1.4467280496228327,-0.008043019779023167,5.538471707194679,1781618427.1062772,7.864730344152812,1.4584625492848347,5.488858596084857, 1781618427.034768, 1781618427.1052768,1.0112507283311398,apf_colreg,dynamic_virtual_obstacle,-1.0,0.41902640965435467,0.5,-49.19965204846276,49.89835327331313,7.909644723598845,0.9849402473250249,0.30654111926873057
1781618427.364799,63.59185171127319,-6.432151778456963,141.84673455874966,0.2,5.41975234407049,7.874955997336168,1.4401401806569298,-0.0064832384712209335,5.537161127576333,1781618427.376321,None,None,None, None, 1781618427.3084261,0.9386997398875558,apf_colreg,dynamic_virtual_obstacle,-1.0,0.33585024117080825,0.5,-79.77713611511547,69.46898545225343,7.864229325253089,1.139728240976777,0.30674563901457624
1781618427.5646296,63.79168224334717,-6.432151778456963,141.84673455874966,0.2,5.411573887516423,7.885860744162679,1.4271877961783952,-0.008422447949478147,5.535493649937536,1781618427.5064063,None,None,None, None, 1781618427.5154839,1.095813901588963,apf_colreg,dynamic_virtual_obstacle,-1.0,0.2706449107984158,0.5,-120.9488666266114,97.752524896293,7.867176210321007,1.1330163687439403,0.3069596667192643
1781618427.7676258,63.99467849731445,-6.432151778456963,141.84673455874966,0.2,5.403440062368919,7.901067863928173,1.4088189915032494,-0.009910645892777589,5.533528072275597,1781618427.7047362,None,None,None, None, 1781618427.715776,1.0794241179548978,apf_colreg,dynamic_virtual_obstacle,-1.0,0.23063916322657388,0.5,-148.3109234425899,117.80737706734111,7.888167971003082,1.1016578110351631,0.3072025826166021
1781618427.964184,64.19123673439026,-6.432151778456963,141.84673455874966,0.2,5.3954933078443075,7.919469580347824,1.3862147230792894,-0.008821703168369895,5.531690796545871,1781618427.913004,None,None,None, None, 1781618427.9220414,0.9738411052078783,apf_colreg,dynamic_virtual_obstacle,-1.0,0.20607297100392397,0.5,-166.73531732442288,139.21615056102857,7.8881183228681575,1.1015672736184252,0.30730902219207373
1781618428.163106,64.39015865325928,-6.432151778456963,141.84673455874966,0.2,5.4116917284044845,7.87172778007443,1.5430081748000912,-0.0025393583517213467,5.531081168888178,1781618428.1530755,7.867283590797206,1.5548817982957126,5.479627771901995, 1781618428.038499, 1781618428.1530755,1.0247637771872233,apf_colreg,dynamic_virtual_obstacle,-1.0,0.41253921393978066,0.5,-54.509975359162596,53.22543932918835,7.903957751863811,1.0788638852106078,0.30755714500913617
1781618428.3636572,64.59070992469788,-6.432151778456963,141.84673455874966,0.2,5.402235408393409,7.877136857187264,1.5364801340398944,-0.018778916818134785,5.528257761459571,1781618428.3034253,None,None,None, None, 1781618428.3581705,1.0682264180621686,apf_colreg,dynamic_virtual_obstacle,-1.0,0.35532084129635755,0.5,-64.27097668061047,58.60055612498236,7.861158660897257,1.235377203372027,0.30763754146980793
1781618428.5638483,64.79090094566345,-6.432151778456963,141.84673455874966,0.2,5.393147280230019,7.887689586939968,1.5234801404326832,-0.013499568744663086,5.525254022572958,1781618428.5259316,None,None,None, None, 1781618428.5480058,0.983796778042145,apf_colreg,dynamic_virtual_obstacle,-1.0,0.2735570960329448,0.5,-118.54578970359091,94.56709093991606,7.8634579423175595,1.2285991614618854,0.3080571524010214
1781618428.7633681,64.99042081832886,-6.432151778456963,141.84673455874966,0.2,5.3846101972298115,7.902445027571786,1.5049571583893262,-0.010084913230249555,5.5231528266657905,1781618428.734282,None,None,None, None, 1781618428.7543523,1.0569831112619406,apf_colreg,dynamic_virtual_obstacle,-1.0,0.22902916057219297,0.5,-156.32148465892402,122.97840775944977,7.872766575081348,1.2153349199681933,0.3083472153689067
1781618428.9633343,65.19038701057434,-6.432151778456963,141.84673455874966,0.2,5.375892565167358,7.920334004718428,1.482106681041763,-0.013939874282342815,5.520321917848419,1781618428.937362,None,None,None, None, 1781618428.9022663,0.9218976921839901,apf_colreg,dynamic_virtual_obstacle,-1.0,0.20412507426867096,0.5,-173.16987146367578,140.47365411149082,7.884743216910813,1.1966879710448655,0.3086503170221743
1781618429.1636043,65.3906569480896,-6.432151778456963,141.84673455874966,0.2,5.393027916489731,7.874774846350589,1.6356868791627954,-0.013178239895205902,5.517686266099052,1781618429.1373622,7.870510012672127,1.647372793844168,5.467998312144091, 1781618429.041861, 1781618429.1510944,0.960944196315569,apf_colreg,dynamic_virtual_obstacle,-1.0,0.408935585917217,0.5,-55.58825352108974,53.09814401934589,7.8997802695446,1.173720810100507,0.3089795628907784
1781618429.3637128,65.5907654762268,-6.432151778456963,141.84673455874966,0.2,5.382585939983223,7.880290886943087,1.6287626363127574,-0.022677601146802763,5.513117039037505,1781618429.3388486,None,None,None, None, 1781618429.3457487,1.0999238589010647,apf_colreg,dynamic_virtual_obstacle,-1.0,0.3275862944916628,0.5,-89.44099291385193,74.25863867480358,7.8593585418989935,1.326726699267134,0.3092858646436616
1781618429.5646918,65.79174447059631,-6.432151778456963,141.84673455874966,0.2,5.373087645128602,7.8907796800400885,1.6152964982318427,-0.013074908772407034,5.510661974209656,1781618429.5266178,None,None,None, None, 1781618429.5626519,1.086174368466601,apf_colreg,dynamic_virtual_obstacle,-1.0,0.2644568668848832,0.5,-133.59567291944114,104.30493133531725,7.861472077012919,1.3196701290975021,0.3096333765336338
1781618429.7641437,65.99119639396667,-6.432151778456963,141.84673455874966,0.2,5.363653302462107,7.905321093925496,1.5962620691838878,-0.016398862712044528,5.507520302612944,1781618429.7181964,None,None,None, None, 1781618429.7455344,0.990983382064089,apf_colreg,dynamic_virtual_obstacle,-1.0,0.23017949004783086,0.5,-152.98001885659588,121.81883913789278,7.868921605036572,1.3062202022361835,0.30982975612233576
