EpochTime(s),TimeFromStart(s),right_prop_rate(rad/s),left_prop_rate(rad/s),LastDT(s),Yaw(rad),North(m),East(m),IMUSensedYawRate(rad/s),IMUIntegratedYaw(rad),IMUSensedTimeStamp(s),ARUCOSensedNorth(m),ARUCOSensedEast(m),ARUCOSensedYaw(rad),ArucoSensedTimeStamp(s),DepthTimeStamp(s),Depth(m)
1777047003.9095738,2.2268290519714355,-0.0,0.0,0.2,6.283185306405015,0.44482084316452153,1.0000000003104819,4.0571665197799105e-11,6.283185306413129,1777047003.7680333,0.44482084316452153,1.0000000003104819,6.283185306405015,1777047003.83764,1777047003.8530347,0.9533212016347247
1777047003.9175825,2.234837770462036,-1.0471975511966902,1.0471975511966902,0.2,6.283185306405015,0.44482084316452153,1.0000000003104819,4.0571665197799105e-11,6.283185306413129,1777047003.9200978,0.44482084316452153,1.0000000003104819,6.283185306405015,1777047003.83764,1777047003.8530347,0.9533212016347247
1777047004.118605,2.4358601570129395,-1.1588428557032326,1.1588428272912454,0.2,6.28318530641302,0.4457907480418559,1.0000000002719511,3.501914824835099e-11,6.283185306424946,1777047004.1085956,0.4457907480418559,1.0000000002719511,6.28318530641302,1777047004.048747,1777047004.118605,1.0732604834422936
1777047004.3183825,2.6356377601623535,-3.1436331251899,3.143633094258104,0.2,6.283185306421944,0.4468126246203395,1.0000000001715479,3.2034059676404847e-11,6.283185306427478,1777047004.2813427,0.4468126246203395,1.0000000001715479,6.283185306421944,1777047004.289847,1777047004.2833462,1.038418307274529
1777047004.5187886,2.8360438346862793,-6.361190772352797,6.361190744727812,0.2,6.283185306429207,0.4477403011237871,1.0000000003750529,2.9241174530837665e-11,6.283185306436062,1777047004.5157828,0.4477403011237871,1.0000000003750529,6.283185306429207,1777047004.483184,1777047004.4738486,1.095549979941537
1777047004.717755,3.03501033782959,-10.657146812523985,10.657146778174141,0.2,6.283185306435815,0.44874663840404927,1.0000000001748313,3.162780486620848e-11,6.2831853064417444,1777047004.7032492,0.44874663840404927,1.0000000001748313,6.283185306435815,1777047004.673659,1777047004.713756,0.9027176261100796
1777047004.9178543,3.235109567642212,-15.909729641375423,15.909729605341637,0.2,6.283185306441854,0.4501083817384186,1.0000000001665337,3.200270338376438e-11,6.283185306446861,1777047004.859724,0.4501083817384186,1.0000000001665337,6.283185306441854,1777047004.848621,1777047004.8672395,1.09789210425082
1777047005.118241,3.4354963302612305,-21.71207946490882,21.712079437374342,0.2,6.283185306449898,0.45290607198721033,1.0000000003539165,3.527329900185572e-11,6.283185306458061,1777047005.0911455,0.45290607198721033,1.0000000003539165,6.283185306449898,1777047005.087621,1777047005.095657,1.0533490892100048
1777047005.3184993,3.6357545852661133,-28.030305842575824,28.03030580213802,0.2,6.283185306458064,0.45636725830665603,1.0000000001214477,2.7001807094505605e-11,6.283185306462793,1777047005.2663,0.45636725830665603,1.0000000001214477,6.283185306458064,1777047005.274338,1777047005.2663,1.0611637654602932
1777047005.5187771,3.8360323905944824,-34.330029178069466,34.33002914680265,0.2,6.2831853064627605,0.46201908065389646,1.0000000002827136,1.0424448435595837e-11,6.2831853064651755,1777047005.4979413,0.46201908065389646,1.0000000002827136,6.2831853064627605,1777047005.500009,1777047005.4979413,0.947959928623636
1777047005.7182996,4.035554885864258,-38.643092547523885,38.64309251946708,0.2,6.283185306467749,0.46721015444509767,1.0000000003357439,8.957175093616167e-11,6.283185306487173,1777047005.7147896,0.46721015444509767,1.0000000003357439,6.283185306467749,1777047005.655277,1777047005.7147896,1.0707490104053874
1777047005.918219,4.235474348068237,-38.64309255680519,38.643092510185575,0.2,6.2831853064831575,0.4769471427893715,1.0000000000935607,4.109607412728828e-11,6.283185306489268,1777047005.8634868,0.4769471427893715,1.0000000000935607,6.2831853064831575,1777047005.886057,1777047005.8634868,1.0641069669548442
1777047006.1184,4.435655355453491,-38.643092549552094,38.643092517438866,0.2,6.283185306478081,0.4881752061618586,1.000000000307323,-2.3819649086259996e-11,6.283185306472754,1777047006.0871024,0.4881752061618586,1.000000000307323,6.283185306478081,1777047006.104748,1777047006.071541,1.058590568460397
1777047006.3188648,4.636120080947876,-38.643092551770586,38.643092515220204,0.2,6.283185306486462,0.4971509952129818,1.0000000002621383,1.547334968904087e-10,6.283185306511732,1777047006.3203795,0.4971509952129818,1.0000000002621383,6.283185306486462,1777047006.260599,1777047006.2942774,0.980717401328662
1777047006.5182517,4.835506916046143,-38.64309255918971,38.64309250780107,0.2,6.283185306504191,0.5111006974798131,1.0000000000936824,-4.3877216194395305e-11,6.283185306492549,1777047006.5157528,0.5111006974798131,1.0000000000936824,6.283185306504191,1777047006.490628,1777047006.4976258,0.9905483763657053
1777047006.7186942,5.035949468612671,-38.64309255290943,38.643092514081346,0.2,6.2831853064963585,0.5193394389425049,1.000000000254877,-4.6257485038372624e-11,6.283185306489857,1777047006.6563046,0.5193394389425049,1.000000000254877,6.2831853064963585,1777047006.638306,1777047006.6563046,0.9268208381993294
1777047006.9185543,5.235809564590454,-38.643092558523016,38.643092508467944,0.2,6.283185306513205,0.5356215518453924,1.000000000134871,1.4271827839022194e-10,6.28318530654704,1777047006.8933785,0.5356215518453924,1.000000000134871,6.283185306513205,1777047006.901466,1777047006.8898585,1.0034534569679616
1777047007.1184952,5.435750484466553,-38.64309256180854,38.64309250518243,0.2,6.283185306522478,0.5457209389969075,1.0000000000696865,-1.3517274952916398e-11,6.283185306520386,1777047007.048086,0.5457209389969075,1.0000000000696865,6.283185306522478,1777047007.05061,1777047007.037034,1.0980613643656825
1777047007.318702,5.63595724105835,-38.64309255266049,38.6430925143303,0.2,6.283185306512053,0.5601899501769944,1.0000000002818548,2.567150578244246e-11,6.283185306518236,1777047007.2889404,0.5601899501769944,1.0000000002818548,6.283185306512053,1777047007.286936,1777047007.2859366,0.9670129952239682
1777047007.5177078,5.834963083267212,-38.64309256133379,38.643092505656995,0.2,6.283185306531213,0.5714845537142629,1.0000000001028533,1.3818646370705633e-10,6.2831853065555965,1777047007.4653943,0.5714845537142629,1.0000000001028533,6.283185306531213,1777047007.468396,1777047007.519938,0.9649489040279907
1777047007.7199733,6.037228584289551,-38.643092560188826,38.643092506801956,0.2,6.283185306534828,0.5865786768757867,1.0000000001367317,-5.903556147862477e-11,6.283185306522733,1777047007.670278,0.5865786768757867,1.0000000001367317,6.283185306534828,1777047007.708909,1777047007.6617725,1.0485808071838643
1777047007.918714,6.235969305038452,-38.643092554989835,38.643092512001125,0.2,6.28318530652968,0.5968486642945652,1.0000000002531002,6.475044446543696e-11,6.283185306544143,1777047007.8936412,0.5968486642945652,1.0000000002531002,6.28318530652968,1777047007.87059,1777047007.8735898,1.0376477593752338
1777047008.1183877,6.435642957687378,-38.643092567270536,38.64309249972025,0.2,6.283185306555173,0.6119768268403845,1.0000000000138278,7.029001535742307e-11,6.283185306568526,1777047008.0836082,0.6119768268403845,1.0000000000138278,6.283185306555173,1777047008.108348,1777047008.0901313,0.9285084721972162
1777047008.3176806,6.6349358558654785,-38.64309256346158,38.64309250352922,0.2,6.283185306552308,0.6217107761175216,1.000000000099992,-6.110228417442175e-11,6.283185306538188,1777047008.314681,0.6217107761175216,1.000000000099992,6.283185306552308,1777047008.256213,1777047008.254213,0.9734608933444224
1777047008.5178566,6.835111856460571,-38.643092560788325,38.64309250620244,0.2,6.283185306553893,0.6379495008168756,1.0000000001615905,1.46579551903452e-10,6.283185306582941,1777047008.5128508,0.6379495008168756,1.0000000001615905,6.283185306553893,1777047008.51085,1777047008.487488,0.9728038236029457
1777047008.7185538,7.03580904006958,-38.64309257003559,38.64309249695538,0.2,6.283185306571342,0.647681786378608,0.999999999993449,5.0374537015311105e-11,6.2831853065795285,1777047008.675353,0.647681786378608,0.999999999993449,6.283185306571342,1777047008.66385,1777047008.6573186,0.9944430317307403
1777047008.92054,7.237795352935791,-38.64309256113352,38.64309250585727,0.2,6.283185306563117,0.6628388387544217,1.0000000001722948,-3.353786569081128e-11,6.283185306555063,1777047008.9154875,0.6628388387544217,1.0000000001722948,6.283185306563117,1777047008.894677,1777047008.857003,1.07389375213279
1777047009.1197243,7.436979532241821,-38.64309256190034,38.643092505090436,0.2,6.283185306567069,0.6720432384115582,1.0000000001674902,1.1276686017683184e-10,6.283185306582595,1777047009.0531738,0.6720432384115582,1.0000000001674902,6.283185306567069,1777047009.043142,1777047009.0596998,1.0680370055771478
1777047009.3184783,7.635733604431152,-38.64309257268255,38.64309249430823,0.2,6.283185306588537,0.6888115295011461,0.9999999999832632,5.7597900530809944e-11,6.283185306599084,1777047009.320516,0.6888115295011461,0.9999999999832632,6.283185306588537,1777047009.306928,1777047009.2428093,0.9640202798780808
1777047009.518247,7.8355021476745605,-38.643092561991224,38.643092504999565,0.2,6.283185306578018,0.7018103694846279,1.0000000001776899,-3.034339907398659e-11,6.283185306570931,1777047009.4698534,0.7018103694846279,1.0000000001776899,6.283185306578018,1777047009.515248,1777047009.4708874,1.0404688501733523
1777047009.7184181,8.035673379898071,-38.64309257184132,38.64309249514946,0.2,6.28318530659632,0.714796388039413,1.00000000001377,1.1946361870928962e-10,6.2831853066227215,1777047009.690849,0.714796388039413,1.00000000001377,6.28318530659632,1777047009.708402,1777047009.6857681,0.9454351988864108
1777047009.9199374,8.237192630767822,-38.643092574859566,38.6430924921312,0.2,6.283185306603682,0.7256174362164328,0.9999999999740694,-3.6727714411393415e-11,6.283185306597069,1777047009.8708959,0.7256174362164328,0.9999999999740694,6.283185306603682,1777047009.883469,1777047009.8599465,1.009196754489697
1777047010.1176775,8.434932708740234,-38.64309256581629,38.64309250117468,0.2,6.283185306594239,0.7359090279942363,1.0000000001410956,3.0724043698654963e-12,6.283185306594904,1777047010.0870783,0.7359090279942363,1.0000000001410956,6.283185306594239,1777047010.04991,1777047010.0624688,0.9681576798862241
1777047010.3183897,8.635644912719727,-38.64309257522716,38.64309249176362,0.2,6.283185306611566,0.7505193953576533,0.9999999999956334,1.4775274339763784e-10,6.283185306637425,1777047010.2620974,0.7505193953576533,0.9999999999956334,6.283185306611566,1777047010.271617,1777047010.2766192,1.0660354003271117
1777047010.519542,8.83679723739624,-38.64309257699773,38.643092489993045,0.2,6.283185306617958,0.7629660356890235,0.9999999999753619,-4.9735233551591816e-11,6.283185306608072,1777047010.4608722,0.7629660356890235,0.9999999999753619,6.283185306617958,1777047010.464872,1777047010.4668674,0.9790960445825609
1777047010.7184868,9.035742044448853,-38.643092568692765,38.643092498298024,0.2,6.283185306612283,0.7781292161633961,1.0000000001165563,9.538202923814318e-12,6.2831853066141115,1777047010.6525795,0.7781292161633961,1.0000000001165563,6.283185306612283,1777047010.701376,1777047010.6746602,1.048976507661376
1777047010.9252138,9.242469072341919,-38.6430925810573,38.64309248593348,0.2,6.283185306631676,0.7894880595404086,0.9999999999290283,8.443134915748111e-11,6.283185306649163,1777047010.859695,0.7894880595404086,0.9999999999290283,6.283185306631676,1777047010.882761,1777047010.883759,1.0792552856092472
1777047011.1180177,9.435272932052612,-38.6430925747835,38.64309249220728,0.2,6.2831853066282655,0.8035655199442092,1.000000000038108,-6.81226891621209e-11,6.283185306612594,1777047011.089752,0.8035655199442092,1.000000000038108,6.2831853066282655,1777047011.097419,1777047011.0887506,1.0566539529864853
1777047011.318752,9.636007308959961,-38.64309257159626,38.64309249539452,0.2,6.28318530662737,0.8138527198286156,1.000000000095752,6.958681019469697e-11,6.283185306639958,1777047011.2706566,0.8138527198286156,1.000000000095752,6.28318530662737,1777047011.268129,1777047011.2671318,0.974893980879684
1777047011.5180674,9.835322618484497,-38.643092585575886,38.64309248141489,0.2,6.2831853066481935,0.8268349218666247,0.999999999896848,6.336795584736096e-11,6.28318530665956,1777047011.450035,0.8268349218666247,0.999999999896848,6.2831853066481935,1777047011.453044,1777047011.4550376,1.078548632431312
1777047011.7182517,10.035506963729858,-38.64309257534136,38.643092491649426,0.2,6.283185306641001,0.8419979703046309,1.0000000000565217,-5.115346162066725e-11,6.283185306629212,1777047011.6804917,0.8419979703046309,1.0000000000565217,6.283185306641001,1777047011.691554,1777047011.6814344,0.9944193624795564
1777047011.918166,10.235421180725098,-38.643092579303946,38.64309248768683,0.2,6.283185306649736,0.8544444734398955,1.0000000000048208,1.1476589266677579e-10,6.283185306671928,1777047011.8738558,0.8544444734398955,1.0000000000048208,6.283185306649736,1777047011.874853,1777047011.8848903,1.0636177899219885
1777047012.1196752,10.436930418014526,-38.64309258933654,38.64309247765442,0.2,6.283185306664374,0.8652651767787815,0.9999999998713305,-3.1104786088727074e-11,6.28318530665692,1777047012.1135054,0.8652651767787815,0.9999999998713305,6.283185306664374,1777047012.057711,1777047012.0919075,1.0640425432017664
1777047012.3184502,10.635705471038818,-38.64309257834056,38.643092488650225,0.2,6.2831853066555405,0.8782635845100109,1.0000000000403515,-2.524645099811686e-11,6.283185306651677,1777047012.2665462,0.8782635845100109,1.0000000000403515,6.2831853066555405,1777047012.268548,1777047012.2550018,1.00651211720286
1777047012.5187201,10.835975408554077,-38.64309258800778,38.643092478983,0.2,6.283185306671842,0.8944950524403698,0.999999999910646,1.0290551512072891e-10,6.28318530668699,1777047012.4137502,0.8944950524403698,0.999999999910646,6.283185306671842,1777047012.511208,1777047012.5137198,1.0595782880329123
1777047012.717927,11.035182237625122,-38.64309259048224,38.64309247650854,0.2,6.283185306677968,0.9053216942878639,0.999999999883316,-3.9289427642343376e-11,6.283185306668147,1777047012.6637034,0.9053216942878639,0.999999999883316,6.283185306677968,1777047012.671754,1777047012.6637034,0.9952167659876027
1777047012.9187534,11.236008644104004,-38.64309257949237,38.643092487498414,0.2,6.283185306669251,0.917776811260743,1.0000000000461673,-2.6664900119781132e-11,6.283185306664337,1777047012.9219275,0.917776811260743,1.0000000000461673,6.283185306669251,1777047012.876054,1777047012.8675349,1.0389787026280943
1777047013.1180186,11.435273885726929,-38.64309259250897,38.643092474481996,0.2,6.28318530668756,0.9313008041194463,0.9999999998787868,1.032893730953016e-10,6.283185306710101,1777047013.066217,0.9313008041194463,0.9999999998787868,6.28318530668756,1777047013.089878,1777047013.0858793,1.085860529874662
1777047013.318791,11.636046171188354,-38.643092592754954,38.643092474236006,0.2,6.283185306691123,0.9426710502642554,0.9999999998854426,-4.43235672904817e-11,6.2831853066817365,1777047013.2779827,0.9426710502642554,0.9999999998854426,6.283185306691123,1777047013.266461,1777047013.2654612,1.0354584120643613
1777047013.5374186,11.854673862457275,-38.64309258415644,38.64309248283434,0.2,6.283185306686486,0.9578285887069596,1.0000000000087998,7.095457062243503e-11,6.283185306701275,1777047013.4864082,0.9578285887069596,1.0000000000087998,6.283185306686486,1777047013.495937,1777047013.476812,1.0479863867341928
1777047013.718088,12.035343170166016,-38.643092597997246,38.64309246899353,0.2,6.283185306704242,0.9691893861894926,0.9999999998372916,1.5870745180338813e-10,6.283185306731844,1777047013.660325,0.9691893861894926,0.9999999998372916,6.283185306704242,1777047013.677847,1777047013.6467397,1.0424449828287798
1777047013.917942,12.235197305679321,-38.64309259176473,38.64309247522624,0.2,6.283185306701706,0.9821867451251869,0.9999999999261415,-7.179864398299423e-11,6.283185306685874,1777047013.880841,0.9821867451251869,0.9999999999261415,6.283185306701706,1777047013.886204,1777047013.8607714,1.0978629983883952
1777047014.1179316,12.435186862945557,-38.64309258701922,38.64309247997156,0.2,6.28318530669979,0.9930111282429211,0.9999999999961543,8.687720313051245e-11,6.283185306717465,1777047014.0842943,0.9973382720891326,0.9999999999405941,6.283185306705793,1777047014.117931,1777047014.066731,0.9970848144842884
1777047014.3188736,12.636128902435303,-38.643092602195075,38.6430924647957,0.2,6.283185306718455,1.0054547307890773,0.9999999998173706,5.7836014446179326e-11,6.283185306730214,1777047014.2876244,1.0054547307890773,0.9999999998173706,6.283185306718455,1777047014.265806,1777047014.2729616,1.0212373151357277
1777047014.5185034,12.835758686065674,-38.6430925923535,38.643092474637285,0.2,6.283185306713285,1.020618074137371,0.9999999999469471,-3.598464419155672e-11,6.283185306705979,1777047014.4906266,1.020618074137371,0.9999999999469471,6.283185306713285,1777047014.478493,1777047014.4906266,0.9613646264606454
1777047014.7182412,13.035496473312378,-38.64309259742921,38.64309246956157,0.2,6.283185306722951,1.035225669583862,0.9999999998892273,1.0261700019374075e-10,6.283185306745315,1777047014.7085629,1.035225669583862,0.9999999998892273,6.283185306722951,1777047014.697459,1777047014.7085629,1.000399795849828
1777047014.9185584,13.235813617706299,-38.64309260418979,38.64309246280117,0.2,6.2831853067336825,1.0487607252073377,0.999999999813494,-3.7257619138940524e-11,6.283185306725896,1777047014.9175577,1.0487607252073377,0.999999999813494,6.2831853067336825,1777047014.915558,1777047014.8506904,1.0443612218759164
1777047015.131575,13.448830366134644,-38.64309259456828,38.6430924724225,0.2,6.283185306726319,1.0574245114036824,0.9999999999408219,-3.3349266608208976e-11,6.283185306721576,1777047015.1335738,1.0574245114036824,0.9999999999408219,6.283185306726319,1777047015.058261,1777047015.0687745,0.9918840727262906
1777047015.3218598,13.63911509513855,-38.64309260346313,38.64309246352766,0.2,6.283185306738926,1.0725726515570242,0.9999999998479682,1.4155475820197924e-10,6.283185306768466,1777047015.268448,1.0725726515570242,0.9999999998479682,6.283185306738926,1777047015.286054,1777047015.2975607,1.001253420541393
1777047015.5227008,13.839956045150757,-38.6430926100986,38.64309245689238,0.2,6.283185306747894,1.0823184726033142,0.999999999777518,-5.329907152353866e-11,6.28318530673504,1777047015.5096202,1.0877345532021652,0.9999999998397858,6.283185306744726,1777047015.523699,1777047015.4599743,1.0440159479007705
1777047015.7192035,14.036458730697632,-38.6430925962054,38.64309247078539,0.2,6.283185306738733,1.096394891294392,0.9999999999494504,-1.7170499356179885e-11,6.283185306736195,1777047015.6574125,1.096394891294392,0.9999999999494504,6.283185306738733,1777047015.672592,1777047015.6745908,1.0494155265574552
1777047015.9183903,14.235645532608032,-38.643092610844135,38.64309245614666,0.2,6.283185306756859,1.1115442474787496,0.9999999997868931,1.016490069976468e-10,6.283185306777995,1777047015.8653452,1.1115442474787496,0.9999999997868931,6.283185306756859,1777047015.903828,1777047015.884923,0.9345255115469778
1777047016.1183236,14.4355788230896,-38.643092609872596,38.64309245711838,0.2,6.283185306759061,1.122375624350316,0.9999999998051458,-5.041775942246572e-11,6.283185306748646,1777047016.0719378,1.122375624350316,0.9999999998051458,6.283185306759061,1777047016.060709,1777047016.08833,0.9862403107890946
1777047016.3211532,14.638408422470093,-38.643092600033974,38.64309246695699,0.2,6.283185306752094,1.131577434224106,0.9999999999286835,-1.9931797981619863e-11,6.283185306749323,1777047016.3261442,1.131577434224106,0.9999999999286835,6.283185306752094,1777047016.218059,1777047016.2275949,1.077720060287111
1777047016.5179858,14.835241079330444,-38.64309261553041,38.64309245146056,0.2,6.28318530677041,1.1478098101384129,0.9999999997674117,8.602649282071696e-11,6.283185306793883,1777047016.483834,1.1478098101384129,0.9999999997674117,6.28318530677041,1777047016.473814,1777047016.483834,1.044986993250374
1777047016.7187858,15.036041021347046,-38.64309260868303,38.64309245830776,0.2,6.283185306768788,1.161889629592113,0.9999999998454046,-5.376606314666668e-11,6.283185306756506,1777047016.712261,1.161889629592113,0.9999999998454046,6.283185306768788,1777047016.692711,1777047016.7037346,1.0466310823422054
1777047016.9183388,15.235594034194946,-38.643092603631565,38.6430924633594,0.2,6.283185306767297,1.1727103824578966,0.999999999907989,8.405512370695349e-11,6.28318530678428,1777047016.914308,1.1727103824578966,0.999999999907989,6.283185306767297,1777047016.8496,1777047016.914308,0.9978197210507638
1777047017.1230001,15.440255403518677,-38.64309262095224,38.64309244603854,0.2,6.2831853067858345,1.1862416983019668,0.9999999997317756,8.902703262962136e-11,6.2831853067990195,1777047017.0624106,1.1862416983019668,0.9999999997317756,6.2831853067858345,1777047017.064923,1777047017.0624106,0.9891986138251583
1777047017.3187053,15.635960578918457,-38.64309260961106,38.64309245737972,0.2,6.2831853067799335,1.199778238858386,0.9999999998595874,-5.451796305660102e-11,6.283185306768029,1777047017.2807605,1.199778238858386,0.9999999998595874,6.2831853067799335,1777047017.287754,1777047017.2847645,0.9307322954994347
1777047017.5180492,15.835304498672485,-38.64309261428586,38.643092452704906,0.2,6.283185306788211,1.2143857776221634,0.9999999998154225,8.271100835021123e-11,6.283185306806969,1777047017.507544,1.2143857776221634,0.9999999998154225,6.283185306788211,1777047017.514529,1777047017.507544,0.9519758515325105
1777047017.7180882,16.035343408584595,-38.64309262484875,38.64309244214204,0.2,6.283185306799376,1.2235907985281462,0.9999999997133694,-8.096739940465356e-12,6.283185306797892,1777047017.6908567,1.2279234582953271,0.9999999997346858,6.283185306799084,1777047017.719095,1777047017.7109299,0.9363756167486937
1777047017.9185312,16.23578643798828,-38.64309261362529,38.6430924533655,0.2,6.283185306792785,1.2355019019317548,0.9999999998424045,-1.290569876345752e-11,6.283185306789957,1777047017.910019,1.2355019019317548,0.9999999998424045,6.283185306792785,1777047017.852289,1777047017.9169836,1.0159992371875624
1777047018.1186469,16.43590211868286,-38.64309261980968,38.6430924471811,0.2,6.283185306802334,1.25119233032177,0.9999999997858835,1.9083349012526933e-10,6.28318530684117,1777047018.1135232,1.25119233032177,0.9999999997858835,6.283185306802334,1777047018.09598,1777047018.1115222,1.0670636256628876
1777047018.3189404,16.63619565963745,-38.64309262823643,38.64309243875453,0.2,6.283185306812206,1.2620230001272317,0.9999999997063993,-1.3068414994072835e-11,6.283185306810164,1777047018.269759,1.2620230001272317,0.9999999997063993,6.283185306812206,1777047018.255787,1777047018.2635627,0.9702327738671351
1777047018.5213773,16.838632583618164,-38.64309261683696,38.64309245015382,0.2,6.283185306805045,1.2717665987199167,0.9999999998330897,-2.155067250701088e-12,6.283185306804575,1777047018.4879775,1.2717665987199167,0.9999999998330897,6.283185306805045,1777047018.422282,1777047018.4578605,0.9660476033875931
1777047018.7182956,17.035550832748413,-38.64309262618417,38.643092440806804,0.2,6.283185306817102,1.2885406245800821,0.9999999997487712,1.2565868053074904e-10,6.283185306843259,1777047018.6961384,1.2885406245800821,0.9999999997487712,6.283185306817102,1777047018.688607,1777047018.6794837,1.015881653034149
1777047018.9211676,17.238422870635986,-38.643092630504526,38.643092436486256,0.2,6.283185306823847,1.2999130935788417,0.9999999997100294,-2.5154505234471503e-11,6.283185306819801,1777047018.8569815,1.2999130935788417,0.9999999997100294,6.283185306823847,1777047018.854988,1777047018.8970711,1.0512872619396672
1777047019.118107,17.435362339019775,-38.643092616027744,38.64309245096304,0.2,6.283185306816002,1.3134408154688488,0.9999999998598048,1.0278206904271132e-11,6.283185306818051,1777047019.0563197,1.3134408154688488,0.9999999998598048,6.283185306816002,1777047019.06386,1777047019.0563197,0.9931247047574033
1777047019.3215723,17.638827562332153,-38.64309263021709,38.6430924367737,0.2,6.283185306829965,1.3248062839072159,0.999999999729671,8.217329990930505e-11,6.283185306851287,1777047019.3158038,1.3248062839072159,0.999999999729671,6.283185306829965,1777047019.254309,1777047019.3245912,0.927068970193978
1777047019.5182996,17.835554838180542,-38.64309263116919,38.64309243582178,0.2,6.283185306834226,1.3383437105420248,0.9999999997294585,-3.788282525209039e-11,6.283185306829048,1777047019.452498,1.3383437105420248,0.9999999997294585,6.283185306834226,1777047019.467107,1777047019.461103,0.9991224780080488
1777047019.7183816,18.03563690185547,-38.64309262248774,38.64309244450304,0.2,6.283185306832136,1.3540340726574196,0.9999999998157375,5.2744743617221056e-11,6.28318530684497,1777047019.6958218,1.3540340726574196,0.9999999998157375,6.283185306832136,1777047019.696822,1777047019.6958218,1.0540140650179997
1777047019.9249494,18.242204666137695,-38.64309263711482,38.643092429875956,0.2,6.283185306845494,1.3632382847828508,0.999999999684304,6.743566956009259e-11,6.283185306856131,1777047019.8535588,1.3632382847828508,0.999999999684304,6.283185306845494,1777047019.851559,1777047019.9279497,1.019381987142538
1777047020.1185298,18.435785055160522,-38.6430926289457,38.643092438045265,0.2,6.283185306843004,1.3778553097802058,0.9999999997711305,-4.895407858584284e-11,6.283185306832068,1777047020.076958,1.3778553097802058,0.9999999997711305,6.283185306843004,1777047020.079461,1777047020.0699472,0.9902622683857064
1777047020.318426,18.63568115234375,-38.64309263049675,38.64309243649403,0.2,6.283185306848581,1.393005851544612,0.9999999997593609,6.593189344786426e-11,6.2831853068602435,1777047020.2538416,1.393005851544612,0.9999999997593609,6.283185306848581,1777047020.311244,1777047020.316416,1.0135505276767223
1777047020.5337152,18.85097050666809,-38.64309264302177,38.64309242396901,0.2,6.283185306860088,1.4022119656971401,0.9999999996513668,-6.310194052154192e-12,6.283185306858544,1777047020.4984438,1.4022119656971401,0.9999999996513668,6.283185306860088,1777047020.453255,1777047020.507479,0.976603073616444
1777047020.7186024,19.035857677459717,-38.6430926329266,38.643092434064165,0.2,6.283185306855063,1.4135788954486745,0.9999999997564495,-5.289957453935413e-11,6.2831853068469705,1777047020.720658,1.4135788954486745,0.9999999997564495,6.283185306855063,1777047020.647886,1777047020.6554081,1.0719484727852258
1777047020.9181151,19.23537039756775,-38.64309263427832,38.64309243271247,0.2,6.28318530686023,1.4287299603069263,0.9999999997491673,8.303425111138402e-11,6.28318530687729,1777047020.856865,1.4287299603069263,0.9999999997491673,6.28318530686023,1777047020.865367,1777047020.876903,0.9211704960554187
1777047021.1228695,19.44012475013733,-38.64309264447212,38.64309242251884,0.2,6.283185306871751,1.4433501609587447,0.9999999996611478,-3.3752663242529426e-11,6.283185306863553,1777047021.099741,1.4433501609587447,0.9999999996611478,6.283185306871751,1777047021.08821,1777047021.099741,1.0135594535776629
1777047021.3190033,19.636258602142334,-38.64309263150641,38.64309243548437,0.2,6.283185306864639,1.452548331067453,0.9999999997835178,-2.652258891411105e-11,6.283185306860265,1777047021.2646644,1.452548331067453,0.9999999997835178,6.283185306864639,1777047021.248202,1777047021.2646644,1.001935809515558
1777047021.5186338,19.835889101028442,-38.64309264308396,38.64309242390683,0.2,6.283185306876687,1.4677031686319264,0.999999999689789,8.072672033924026e-11,6.283185306894599,1777047021.4865525,1.4677031686319264,0.999999999689789,6.283185306876687,1777047021.482546,1777047021.4895542,0.9497620954441628
1777047021.720809,20.0380642414093,-38.64309264692568,38.64309242006511,0.2,6.283185306882807,1.480156392532522,0.999999999660467,-2.6977020952468864e-11,6.283185306878083,1777047021.6616514,1.480156392532522,0.999999999660467,6.283185306882807,1777047021.676168,1777047021.6676514,1.0115815206319936
1777047021.9180923,20.235347509384155,-38.6430926325753,38.643092434415465,0.2,6.283185306875577,1.4915179709703028,0.9999999997923765,3.992256635413566e-11,6.283185306885534,1777047021.9110725,1.4915179709703028,0.9999999997923765,6.283185306875577,1777047021.855804,1777047021.9180923,1.0595367005785425
1777047022.1215672,20.438822507858276,-38.64309264897609,38.64309241801488,0.2,6.283185306890321,1.505052099866603,0.9999999996583774,6.339107908110054e-11,6.283185306903188,1777047022.114048,1.505052099866603,0.9999999996583774,6.283185306890321,1777047022.066906,1777047022.0649064,0.9463214338365706
1777047022.3194327,20.636687994003296,-38.643092645685755,38.64309242130503,0.2,6.283185306891835,1.5191265998417678,0.9999999996914455,-5.5186400709528874e-11,6.283185306880805,1777047022.3139155,1.5191265998417678,0.9999999996914455,6.283185306891835,1777047022.2848,1777047022.2867982,1.0143178898150074
1777047022.5194952,20.836750507354736,-38.64309263589786,38.64309243109294,0.2,6.283185306887953,1.5299474219973264,0.999999999779692,7.332224511679861e-11,6.283185306898631,1777047022.4595487,1.5348194676359406,0.999999999735869,6.283185306892874,1777047022.516462,1777047022.5089474,1.09540321438431
1777047022.717665,21.03492021560669,-38.64309265611112,38.643092410879845,0.2,6.283185306905143,1.5440254915375922,0.9999999996170948,8.239081084150825e-11,6.283185306922276,1777047022.667495,1.5440254915375922,0.9999999996170948,6.283185306905143,1777047022.673,1777047022.6749997,0.9306674816509335
1777047022.9199498,21.237205028533936,-38.64309264282816,38.643092424162624,0.2,6.2831853069002275,1.5586371083889023,0.9999999997311946,-4.3368721404309695e-11,6.283185306890231,1777047022.8979979,1.5586371083889023,0.9999999997311946,6.2831853069002275,1777047022.902506,1777047022.9125566,0.9157444196665023
1777047023.1198058,21.437061071395874,-38.64309264168672,38.64309242530406,0.2,6.283185306902045,1.5689192898864204,0.9999999997459699,9.705696535001855e-11,6.283185306916794,1777047023.1218145,1.5689192898864204,0.9999999997459699,6.283185306902045,1777047023.058015,1777047023.053972,1.0820987116495908
1777047023.3201358,21.637391090393066,-38.643092660398715,38.64309240659207,0.2,6.283185306918099,1.5835391948091941,0.9999999995994922,3.542851121128076e-11,6.283185306925638,1777047023.2627645,1.5835391948091941,0.9999999995994922,6.283185306918099,1777047023.290493,1777047023.2839534,1.0490056633122653
1777047023.5186675,21.835922718048096,-38.643092641839786,38.643092425150996,0.2,6.283185306909935,1.5981480765004874,0.9999999997535002,-2.9938170861929015e-11,6.283185306903713,1777047023.4706144,1.5981480765004874,0.9999999997535002,6.283185306909935,1777047023.513662,1777047023.5085156,1.0036161899330105
1777047023.719917,22.037172317504883,-38.64309265046643,38.64309241652453,0.2,6.283185306918095,1.6084338635244886,0.9999999996884,9.338238886028075e-11,6.28318530693809,1777047023.684732,1.6084338635244886,0.9999999996884,6.283185306918095,1777047023.6581,1777047023.715389,1.020828330403843
1777047023.917955,22.235210180282593,-38.64309266293463,38.64309240405633,0.2,6.28318530692912,1.6208866709899052,0.9999999995965686,-4.2386058835038054e-11,6.2831853069200045,1777047023.8997939,1.6208866709899052,0.9999999995965686,6.28318530692912,1777047023.863938,1777047023.856868,0.900607449582919
1777047024.1182477,22.435503005981445,-38.64309264501592,38.643092421974856,0.2,6.2831853069210934,1.634413021082367,0.9999999997446238,-1.8392852430689848e-11,6.283185306917994,1777047024.0683227,1.634413021082367,0.9999999997446238,6.2831853069210934,1777047024.082868,1777047024.0753458,0.9868365959015989
1777047024.31865,22.635905265808105,-38.64309265857354,38.64309240841724,0.2,6.283185306932877,1.6468658099740952,0.9999999996418589,8.105471398191456e-11,6.283185306951864,1777047024.3025818,1.6468658099740952,0.9999999996418589,6.283185306932877,1777047024.282948,1777047024.2580085,1.0087978192424003
1777047024.518044,22.835299253463745,-38.64309265995523,38.64309240703554,0.2,6.2831853069375665,1.6614799368784492,0.9999999996356783,-2.5794806558650516e-11,6.283185306933687,1777047024.5195603,1.6614799368784492,0.9999999996356783,6.2831853069375665,1777047024.50583,1777047024.4695766,1.0280682369161556
1777047024.7185307,23.035785913467407,-38.64309264781467,38.64309241917631,0.2,6.283185306932163,1.6706780841036108,0.9999999997357699,5.289309830196368e-12,6.283185306933245,1777047024.6575515,1.675550197378528,0.9999999997238247,6.283185306934487,1777047024.71853,1777047024.6649156,1.0302799001265541
1777047024.918292,23.235547304153442,-38.64309266459117,38.64309240239961,0.2,6.283185306945794,1.684214492199522,0.9999999996136388,8.075343878834946e-11,6.283185306965354,1777047024.899775,1.684214492199522,0.9999999996136388,6.283185306945794,1777047024.868206,1777047024.8767173,1.0789096918073482
1777047025.1179671,23.435222387313843,-38.6430926617458,38.64309240524499,0.2,6.283185306947731,1.6982855230706937,0.9999999996391561,-4.4178662363585196e-11,6.283185306938313,1777047025.1129677,1.6982855230706937,0.9999999996391561,6.283185306947731,1777047025.086436,1777047025.0959435,0.9600177046099589
1777047025.3201885,23.637443780899048,-38.6430926522196,38.643092414771175,0.2,6.283185306945271,1.7112743379484887,0.999999999715397,2.1815923391891666e-11,6.28318530694845,1777047025.2586777,1.7112743379484887,0.999999999715397,6.283185306945271,1777047025.294824,1777047025.304331,1.0862554273064093
1777047025.529598,23.846853256225586,-38.64309267251504,38.64309239447573,0.2,6.283185306961317,1.7253520110986993,0.999999999565459,7.550835386083593e-11,6.283185306976506,1777047025.459834,1.7253520110986993,0.999999999565459,6.283185306961317,1777047025.507854,1777047025.5329862,1.0356518049962733
1777047025.7182963,24.03555154800415,-38.64309266508204,38.64309240190894,0.2,6.283185306958662,1.7340091265202258,0.9999999996283042,-6.43466669426196e-11,6.2831853069440315,1777047025.6871912,1.7340091265202258,0.9999999996283042,6.283185306958662,1777047025.650469,1777047025.694709,1.014369795108071
1777047025.9180913,24.23534655570984,-38.64309265600579,38.64309241098498,0.2,6.283185306956432,1.7475399865985393,0.9999999997031519,8.338071187727111e-11,6.283185306974641,1777047025.9055734,1.7475399865985393,0.9999999997031519,6.283185306956432,1777047025.872706,1777047025.874716,1.0229642558142855
1777047026.1187203,24.435975551605225,-38.64309267515683,38.64309239183414,0.2,6.2831853069708945,1.7594521114175243,0.9999999995650547,6.337014233657643e-12,6.283185306972232,1777047026.1167097,1.7594521114175243,0.9999999995650547,6.2831853069708945,1777047026.050776,1777047026.1015058,0.9622233910087723
1777047026.3186748,24.635930061340332,-38.64309266192699,38.643092405063975,0.2,6.283185306966556,1.7735201768156814,0.9999999996675532,-2.9756930459875166e-11,6.283185306962395,1777047026.256554,1.7735201768156814,0.9999999996675532,6.283185306966556,1777047026.265601,1777047026.2614853,1.0108082766852373
1777047026.5183136,24.83556890487671,-38.64309266796832,38.64309239902246,0.2,6.283185306974333,1.7892208868494468,0.999999999624745,9.072127095761369e-11,6.28318530699539,1777047026.4886603,1.7892208868494468,0.999999999624745,6.283185306974333,1777047026.507294,1777047026.4977176,0.9684122242990788
1777047026.7209368,25.0381920337677,-38.64309267821784,38.64309238877313,0.2,6.283185306982997,1.7995051085440277,0.9999999995528976,2.2600345592286638e-11,6.2831853069868835,1777047026.6606328,1.7995051085440277,0.9999999995528976,6.283185306982997,1777047026.682938,1777047026.6681442,1.0396913137205466
1777047026.9185112,25.235766410827637,-38.64309265898056,38.643092408010226,0.2,6.283185306975346,1.8141152627361992,0.9999999996982862,-2.1574389566696452e-11,6.283185306970557,1777047026.8825974,1.8141152627361992,0.9999999996982862,6.283185306975346,1777047026.914006,1777047026.8920646,1.0003658067813148
1777047027.1207678,25.43802309036255,-38.64309266936223,38.64309239762856,0.2,6.28318530698388,1.8244035142562811,0.9999999996269092,8.968209546582203e-11,6.283185306999409,1777047027.0557542,1.8244035142562811,0.9999999996269092,6.28318530698388,1777047027.0698,1777047027.0678034,0.9210839943109448
1777047027.3185394,25.635794639587402,-38.6430926768739,38.64309239011706,0.2,6.283185306991956,1.8395569386483335,0.9999999995784961,-3.539766372957274e-11,6.283185306984312,1777047027.271697,1.8395569386483335,0.9999999995784961,6.283185306991956,1777047027.307998,1777047027.2776954,1.0069820913322391
1777047027.5192497,25.83650493621826,-38.643092661116675,38.643092405874114,0.2,6.283185306986399,1.8525465129427412,0.9999999996920272,-2.6347622168908085e-13,6.283185306986344,1777047027.482103,1.8525465129427412,0.9999999996920272,6.283185306986399,1777047027.511735,1777047027.4881566,0.9247078899077196
1777047027.7178998,26.035155057907104,-38.64309267680172,38.64309239018907,0.2,6.283185306997743,1.8628346472570296,0.9999999995858658,8.257199561297304e-11,6.283185307012887,1777047027.6655052,1.8628346472570296,0.9999999995858658,6.283185306997743,1777047027.681548,1777047027.6655052,0.9195799484437601
1777047027.9184458,26.235701084136963,-38.64309268001487,38.64309238697591,0.2,6.283185307002438,1.8752805716010081,0.999999999569685,-2.349475294691137e-11,6.2831853069981145,1777047027.8495388,1.8752805716010081,0.999999999569685,6.283185307002438,1777047027.86829,1777047027.9159267,0.9268621883831715
1777047028.118573,26.43582820892334,-38.64309266480477,38.64309240218602,0.2,6.283185306997639,1.8898951931483492,0.9999999996788278,3.51140445642497e-11,6.283185307005788,1777047028.0816116,1.8898951931483492,0.9999999996788278,6.283185306997639,1777047028.088608,1777047028.1080606,1.0043748425011656
1777047028.3185158,26.63577103614807,-38.64309268286303,38.64309238412774,0.2,6.283185307010446,1.900723702601261,0.999999999556427,4.954500272647806e-11,6.283185307020858,1777047028.291761,1.900723702601261,0.999999999556427,6.283185307010446,1777047028.278136,1777047028.2750082,1.0932070683215782
1777047028.518517,26.835772275924683,-38.64309267398133,38.64309239300946,0.2,6.28318530700928,1.9158742558887123,0.9999999996218687,-4.578119772252456e-11,6.283185306998944,1777047028.5175169,1.9158742558887123,0.9999999996218687,6.28318530700928,1777047028.507378,1777047028.5175169,1.0087453101618318
1777047028.7395287,27.05678391456604,-38.64309266744951,38.64309239954127,0.2,6.283185307008207,1.9261608909404395,0.999999999669561,6.84582403799538e-11,6.283185307018769,1777047028.6718094,1.9261608909404395,0.999999999669561,6.283185307008207,1777047028.654241,1777047028.769827,0.9163255599510133
1777047028.9192178,27.236473083496094,-38.64309268792949,38.64309237906147,0.2,6.283185307022076,1.9380710203198412,0.9999999995374559,4.9380939691492116e-11,6.283185307031494,1777047028.862541,1.9380710203198412,0.9999999995374559,6.283185307022076,1777047028.851403,1777047028.9051921,1.0427984301651274
1777047029.1179566,27.435211896896362,-38.643092673976696,38.643092393014264,0.2,6.283185307018475,1.9532219319549684,0.9999999996328707,-3.040199777232617e-11,6.2831853070112915,1777047029.0988357,1.9532219319549684,0.9999999996328707,6.283185307018475,1777047029.086792,1777047029.0918393,0.9974919554515955
1777047029.3306026,27.647857904434204,-38.643092671499275,38.64309239549169,0.2,6.283185307019668,1.9635095827860667,0.9999999996519441,7.635675213592584e-11,6.2831853070328085,1777047029.2709317,1.9683824521413364,0.9999999995945847,6.2831853070256,1777047029.319513,1777047029.3401062,0.9580378716143226
1777047029.518286,27.835541248321533,-38.643092689395395,38.64309237759539,0.2,6.283185307033805,1.981369451917323,0.9999999995357941,4.2576530824091064e-11,6.283185307040569,1777047029.4298134,1.981369451917323,0.9999999995357941,6.283185307033805,1777047029.512783,1777047029.473706,0.9575239118400617
1777047029.7339563,28.05121159553528,-38.643092672636094,38.64309239435487,0.2,6.283185307027516,1.9911114016330862,0.9999999996467152,-3.52519659250376e-11,6.2831853070190915,1777047029.6687865,1.9911114016330862,0.9999999996467152,6.283185307027516,1777047029.676823,1777047029.7349553,0.9930922177398674
1777047029.9249275,28.242182731628418,-38.643092684084806,38.64309238290598,0.2,6.283185307036876,2.0051889703213646,0.9999999995767391,9.95739962543161e-11,6.2831853070603705,1777047029.9047318,2.0051889703213646,0.9999999995767391,6.283185307036876,1777047029.896464,1777047029.8628957,0.9994225377950781
1777047030.1181142,28.43536949157715,-38.64309269221875,38.64309237477203,0.2,6.2831853070440555,2.016552067794934,0.999999999524961,-3.088237070365559e-11,6.283185307038136,1777047030.0964103,2.016552067794934,0.999999999524961,6.2831853070440555,1777047030.069685,1777047030.1029255,1.0356818227373996
1777047030.3176594,28.63491463661194,-38.64309267349953,38.64309239349125,0.2,6.2831853070370824,2.028459857752072,0.9999999996512569,-4.126983343938605e-12,6.283185307036314,1777047030.2825484,2.028459857752072,0.9999999996512569,6.2831853070370824,1777047030.264031,1777047030.2805414,1.0519353769437105
1777047030.5185947,28.83585000038147,-38.643092691656456,38.64309237533433,0.2,6.283185307050587,2.0441598980030684,0.9999999995350337,5.173674288021847e-11,6.283185307062338,1777047030.5096745,2.0441598980030684,0.9999999995350337,6.283185307050587,1777047030.497789,1777047030.5026696,1.0171703393848404
1777047030.7184494,29.035704612731934,-38.64309269241735,38.64309237457343,0.2,6.283185307053378,2.05389903172306,0.999999999532021,-3.250262407667643e-11,6.283185307048623,1777047030.6559494,2.05389903172306,0.999999999532021,6.283185307053378,1777047030.663107,1777047030.716443,1.058597722412098
1777047030.9186742,29.235929489135742,-38.64309267458952,38.64309239240125,0.2,6.283185307047679,2.0685160084704317,0.9999999996507896,1.7239873125236942e-11,6.28318530705151,1777047030.8781602,2.0685160084704317,0.9999999996507896,6.283185307047679,1777047030.892631,1777047030.858102,0.9141802327415418
1777047031.1194959,29.436751127243042,-38.643092691656825,38.64309237533396,0.2,6.283185307059028,2.07880135408884,0.9999999995436338,3.343361308219221e-11,6.283185307066861,1777047031.1124687,2.07880135408884,0.9999999995436338,6.283185307059028,1777047031.043703,1777047031.060836,1.095977620317511
1777047031.3181245,29.635379791259766,-38.643092691555395,38.643092375435394,0.2,6.283185307062005,2.091787513817815,0.9999999995488289,-3.945830744535606e-11,6.283185307054929,1777047031.2917979,2.091787513817815,0.9999999995488289,6.283185307062005,1777047031.278697,1777047031.2917979,0.9863790363729614
1777047031.518624,29.8358793258667,-38.643092678151206,38.64309238883976,0.2,6.283185307058923,2.1064059605001124,0.9999999996345758,4.972851674939432e-11,6.283185307067203,1777047031.4583118,2.1064059605001124,0.9999999996345758,6.283185307058923,1777047031.464828,1777047031.4743578,1.0523865552343288
1777047031.7184463,30.035701513290405,-38.643092699636405,38.64309236735438,0.2,6.283185307073487,2.1204767517533756,0.9999999994994936,3.2229867216402884e-11,6.283185307080417,1777047031.6733294,2.1204767517533756,0.9999999994994936,6.283185307073487,1777047031.68088,1777047031.6923866,1.0428733262689
1777047031.9210203,30.2382755279541,-38.64309268559625,38.64309238139453,0.2,6.283185307069083,2.1313006674250845,0.9999999995895635,-2.518217665009877e-11,6.283185307063104,1777047031.910723,2.1313006674250845,0.9999999995895635,6.283185307069083,1777047031.859604,1777047031.8626127,1.0174242911435125
1777047032.1176896,30.43494486808777,-38.643092684490334,38.643092382500626,0.2,6.283185307071928,2.145378075939062,0.9999999995993888,7.560706193339924e-11,6.283185307084959,1777047032.0830681,2.145378075939062,0.9999999995993888,6.283185307071928,1777047032.081071,1777047032.0755572,1.0728569186135317
1777047032.3181198,30.635375022888184,-38.643092700550184,38.64309236644059,0.2,6.283185307083419,2.1589058090432274,0.9999999995002335,-8.327244555679156e-12,6.283185307081629,1777047032.2980301,2.1589058090432274,0.9999999995002335,6.283185307083419,1777047032.285006,1777047032.2870011,0.9956287110534097
1777047032.5191946,30.83644986152649,-38.64309268168976,38.64309238530103,0.2,6.28318530707688,2.1702734759711038,0.9999999996185293,-2.5313826339546868e-11,6.283185307072428,1777047032.4738998,2.1702734759711038,0.9999999996185293,6.28318530707688,1777047032.460632,1777047032.4541132,0.9121810859656999
1777047032.719142,31.036397218704224,-38.64309268579986,38.64309238119094,0.2,6.283185307081394,2.181101942927392,0.999999999596894,6.613570009627705e-11,6.283185307097182,1777047032.712626,2.186513533696193,0.9999999995301656,6.283185307088182,1777047032.720655,1777047032.6880317,0.9601487072567498
1777047032.9186983,31.23595356941223,-38.64309269956328,38.64309236742768,0.2,6.283185307092211,2.1973354644776557,0.9999999995145659,-2.0089345221429528e-11,6.283185307088856,1777047032.8796198,2.1973354644776557,0.9999999995145659,6.283185307092211,1777047032.885141,1777047032.8543606,0.9344399503925116
1777047033.1213222,31.43857741355896,-38.64309268014981,38.643092386840976,0.2,6.28318530708681,2.2124952323082527,0.9999999996301535,2.9011550413565554e-11,6.283185307093441,1777047033.108189,2.2124952323082527,0.9999999996301535,6.28318530708681,1777047033.115249,1777047033.060987,1.092144535631018
1777047033.3184886,31.635743856430054,-38.643092697164164,38.643092369826626,0.2,6.283185307097528,2.2222371971371997,0.9999999995283845,7.684307008073259e-11,6.283185307111032,1777047033.283922,2.2222371971371997,0.9999999995283845,6.283185307097528,1777047033.274865,1777047033.2718637,1.0765005041020173
1777047033.5183687,31.83562397956848,-38.64309269709809,38.6430923698927,0.2,6.283185307100535,2.235224552133223,0.9999999995323587,-3.4017520751404916e-11,6.283185307094048,1777047033.4745939,2.235224552133223,0.9999999995323587,6.283185307100535,1777047033.480113,1777047033.4982946,0.9658983193950377
1777047033.7206736,32.03792881965637,-38.64309268098493,38.64309238600603,0.2,6.283185307095542,2.2465950255594307,0.9999999996304458,6.109537184849388e-11,6.2831853071079875,1777047033.6783013,2.2465950255594307,0.9999999996304458,6.283185307095542,1777047033.649574,1777047033.6617546,0.9601536938608205
1777047033.9187498,32.23600506782532,-38.643092704221445,38.64309236276934,0.2,6.2831853071104415,2.261748243309936,0.999999999493519,5.370000938249592e-11,6.283185307121429,1777047033.8829124,2.261748243309936,0.999999999493519,6.2831853071104415,1777047033.88091,1777047033.8724046,0.9283742004894254
1777047034.1187596,32.436014890670776,-38.64309269055924,38.64309237643154,0.2,6.2831853071073365,2.274738502698007,0.9999999995735852,-4.1781039162272547e-11,6.283185307098344,1777047034.0981576,2.274738502698007,0.9999999995735852,6.2831853071073365,1777047034.104709,1777047034.0981576,1.030069196554785
1777047034.3193722,32.636627435684204,-38.643092683218775,38.64309238377219,0.2,6.283185307106285,2.285025883738557,0.9999999996187516,4.884424563525098e-11,6.283185307114056,1777047034.3278885,2.285025883738557,0.9999999996187516,6.283185307106285,1777047034.255751,1777047034.3278885,1.0773136195795943
1777047034.517769,32.83502435684204,-38.643092706406044,38.643092360584724,0.2,6.28318530712063,2.2990952067601063,0.9999999994850047,2.10444503906034e-11,6.283185307125524,1777047034.4898164,2.2990952067601063,0.9999999994850047,6.28318530712063,1777047034.473307,1777047034.4898164,1.031218190053426
1777047034.7193005,33.036555767059326,-38.643092689866826,38.64309237712396,0.2,6.283185307116057,2.311545591868776,0.9999999995814708,-4.443044962413377e-11,6.283185307108759,1777047034.7340293,2.315877404523797,0.9999999996180281,6.283185307114193,1777047034.730506,1777047034.6650856,0.9151060819449514
1777047034.9189687,33.23622393608093,-38.64309269280381,38.64309237418715,0.2,6.283185307121093,2.3261617088329163,0.9999999995646409,9.75635531079546e-11,6.283185307143258,1777047034.8812556,2.3261617088329163,0.9999999995646409,6.283185307121093,1777047034.894841,1777047034.909916,1.0964912064247292
1777047035.1205032,33.437758445739746,-38.643092707328535,38.64309235966225,0.2,6.283185307130227,2.335901250480619,0.9999999994815206,-1.6419054490122772e-11,6.283185307126389,1777047035.1149795,2.335901250480619,0.9999999994815206,6.283185307130227,1777047035.049825,1777047035.0633967,1.089711560649646
1777047035.318668,33.63592314720154,-38.643092685068744,38.643092381922045,0.2,6.283185307123625,2.351060035776436,0.9999999996112864,-2.2998870309557977e-11,6.28318530711993,1777047035.2756279,2.351060035776436,0.9999999996112864,6.283185307123625,1777047035.286137,1777047035.2881372,1.0808275981607784
1777047035.522046,33.839301347732544,-38.643092694357286,38.643092372633504,0.2,6.283185307130822,2.362426488237072,0.9999999995574346,1.007902753413702e-10,6.283185307152572,1777047035.49143,2.362426488237072,0.9999999995574346,6.283185307130822,1777047035.455313,1777047035.5255597,1.0092596697453475
1777047035.7182376,34.03549289703369,-38.643092705455054,38.643092361535714,0.2,6.283185307139184,2.3759551901606026,0.9999999994956561,-2.6462792515337258e-11,6.283185307133541,1777047035.7046735,2.3759551901606026,0.9999999994956561,6.283185307139184,1777047035.684622,1777047035.677084,1.0997254561682885
1777047035.917923,34.23517823219299,-38.64309268379477,38.643092383196,0.2,6.283185307132756,2.3894910475073288,0.9999999996176323,1.0929318331840977e-11,6.283185307134767,1777047035.8886945,2.3894910475073288,0.9999999996176323,6.283185307132756,1777047035.87264,1777047035.8958318,1.0592080673117121
1777047036.1181002,34.43535542488098,-38.64309270682935,38.64309236016143,0.2,6.283185307147271,2.4051842157702703,0.9999999994861009,5.231478382361564e-11,6.283185307156539,1777047036.0658479,2.4051842157702703,0.9999999994861009,6.283185307147271,1777047036.113542,1777047036.0658479,0.9033674218798211
1777047036.318664,34.63591933250427,-38.64309269879387,38.64309236819691,0.2,6.283185307146281,2.415469140494682,0.9999999995306567,-3.881069637362501e-11,6.283185307136782,1777047036.310613,2.415469140494682,0.9999999995306567,6.283185307146281,1777047036.283609,1777047036.305102,0.9298648937970945
1777047036.5182533,34.835508584976196,-38.64309268712435,38.643092379866616,0.2,6.283185307144571,2.4300860999748184,0.999999999596915,2.2635717151398116e-11,6.283185307148007,1777047036.5239978,2.4300860999748184,0.999999999596915,6.283185307144571,1777047036.514252,1777047036.4977446,0.9127142283895359
1777047036.7183654,35.03562068939209,-38.64309270574602,38.643092361244754,0.2,6.283185307155343,2.4398257126523046,0.9999999994931977,4.681559429799932e-11,6.283185307164647,1777047036.6611574,2.4398257126523046,0.9999999994931977,6.283185307155343,1777047036.650212,1777047036.733887,0.9486022961621515
1777047036.9184253,35.23568058013916,-38.64309269289821,38.64309237409275,0.2,6.283185307153172,2.4544421090633675,0.9999999995656296,-4.1962091311681895e-11,6.283185307144062,1777047036.8782678,2.4544421090633675,0.9999999995656296,6.283185307153172,1777047036.881579,1777047036.8782678,0.9853843853637583
1777047037.1178722,35.43512749671936,-38.643092692797715,38.64309237419307,0.2,6.283185307156913,2.4690564277210343,0.9999999995640211,5.008754157129073e-11,6.28318530716562,1777047037.119505,2.4690564277210343,0.9999999995640211,6.283185307156913,1777047037.107135,1777047037.103622,1.0676799167132238
1777047037.3176982,35.63495349884033,-38.643092708500156,38.64309235849063,0.2,6.283185307166263,2.478796653900211,0.9999999994775712,4.2547118269260015e-11,6.2831853071756445,1777047037.2726061,2.478796653900211,0.9999999994775712,6.283185307166263,1777047037.269599,1777047037.2680943,1.0821803520308693
1777047037.5181608,35.835416078567505,-38.643092687274645,38.64309237971632,0.2,6.283185307160479,2.4934147915814475,0.999999999594553,-2.68163526967209e-11,6.283185307154431,1777047037.4981399,2.4934147915814475,0.999999999594553,6.283185307160479,1777047037.495942,1777047037.4899018,1.0787562628515235
1777047037.7184827,36.03573799133301,-38.64309269704737,38.64309236994341,0.2,6.28318530716826,2.5069443771562976,0.9999999995393973,8.750033013516824e-11,7.51487760908276e-12,1777047037.7134633,2.5069443771562976,0.9999999995393973,6.28318530716826,1777047037.705116,1777047037.6980753,0.9811287174940695
1777047037.9185033,36.235758543014526,-38.6430927049853,38.64309236200567,0.2,6.283185307175001,2.5199342135071534,0.9999999994953883,-2.2703735036220253e-11,6.283185307170551,1777047037.909471,2.5199342135071534,0.9999999994953883,6.283185307175001,1777047037.896556,1777047037.8647032,1.0894552147852141
1777047038.1180863,36.435341596603394,-38.643092685093364,38.643092381897425,0.2,6.283185307168996,2.5307628169827057,0.9999999996029286,-2.1847478371071616e-11,6.283185307165684,1777047038.0610697,2.5307628169827057,0.9999999996029286,6.283185307168996,1777047038.069656,1777047038.092791,1.0211361028963253
1777047038.318237,36.6354923248291,-38.64309270221822,38.64309236477256,0.2,4.405364961712621e-13,2.545373593987773,0.9999999995104905,1.2441925706967603e-10,2.8862877343076705e-11,1777047038.2895098,2.545373593987773,0.9999999995104905,4.405364961712621e-13,1777047038.307707,1777047038.3167284,1.0224549691780107
1777047038.5181942,36.83544945716858,-38.64309270012837,38.6430923668626,0.2,2.8963498266421084e-12,2.5583656323433597,0.9999999995197744,-3.4410588384093056e-11,6.283185307175509,1777047038.4921691,2.5583656323433597,0.9999999995197744,2.8963498266421084e-12,1777047038.49116,1777047038.501154,1.039358446216322
1777047038.7183754,37.03563070297241,-38.643092684493304,38.64309238249747,0.2,6.2831853071778125,2.5670280120009905,0.9999999996037933,2.6318811619860624e-11,4.0607517348689726e-12,1777047038.7138608,2.5670280120009905,0.9999999996037933,6.2831853071778125,1777047038.633214,1777047038.6623275,1.0185028713189066
1777047038.9195485,37.23680377006531,-38.64309270383922,38.643092363151545,0.2,1.0152767515592133e-11,2.582179706142197,0.9999999995016305,4.685853481537536e-11,1.713153540761563e-11,1777047038.8627934,2.582179706142197,0.9999999995016305,1.0152767515592133e-11,1777047038.868808,1777047038.888381,0.9963154407348026
1777047039.1188078,37.436063051223755,-38.64309269080097,38.64309237619,0.2,8.891554159617954e-12,2.598421265166321,0.9999999995666996,-4.1931028978907725e-11,3.148009455892395e-13,1777047039.0673378,2.598421265166321,0.9999999995666996,8.891554159617954e-12,1777047039.113683,1777047039.1081686,1.0222662089658756
1777047039.3180852,37.635340452194214,-38.64309268288932,38.643092384101465,0.2,7.609024521570973e-12,2.6065402099508668,0.9999999996069817,6.134429563088989e-11,1.9812451549886355e-11,1777047039.266271,2.6065402099508668,0.9999999996069817,7.609024521570973e-12,1777047039.260922,1777047039.3225992,0.9003330716152328
1777047039.5184186,37.835673809051514,-38.64309270753362,38.64309235945716,0.2,2.1791457527342573e-11,2.622233787863887,0.9999999994780954,2.502798103188583e-11,2.75850032588125e-11,1777047039.4977539,2.622233787863887,0.9999999994780954,2.1791457527342573e-11,1777047039.492754,1777047039.4650898,1.0481489398896826
1777047039.7186148,38.03587007522583,-38.64309268527956,38.64309238171121,0.2,1.6298074001497298e-11,2.6368519416055545,0.9999999995905029,-2.6952628283748693e-11,1.041311077690266e-11,1777047039.7160985,2.6368519416055545,0.9999999995905029,1.6298074001497298e-11,1777047039.712592,1777047039.6653206,1.0058900684050163
1777047039.9182734,38.23552870750427,-38.64309268439835,38.64309238259243,0.2,1.7962520360015333e-11,2.644969421486166,0.9999999995943486,4.002885772249046e-11,2.3413599444803533e-11,1777047039.9207966,2.644969421486166,0.9999999995943486,1.7962520360015333e-11,1777047039.857619,1777047039.8845887,1.0066990885871852
1777047040.1183383,38.435593605041504,-38.64309270693412,38.64309236005685,0.2,3.083844291040805e-11,2.6595819889430388,0.9999999994781549,1.2667047511771493e-11,3.380914554767197e-11,1777047040.0867994,2.6595819889430388,0.9999999994781549,3.083844291040805e-11,1777047040.082282,1777047040.091253,0.9554259790909115
1777047040.3187308,38.63598608970642,-38.64309268257244,38.64309238441853,0.2,2.453237613053716e-11,2.6741995444533444,0.9999999996003239,-1.6698637712217512e-11,2.086072968908321e-11,1777047040.3066764,2.6741995444533444,0.9999999996003239,2.453237613053716e-11,1777047040.313214,1777047040.237387,1.035112645240303
1777047040.5198712,38.83712649345398,-38.64309268988236,38.6430923771086,0.2,3.019362537770576e-11,2.6844807206790393,0.9999999995609916,1.017566565515833e-10,4.497150758381418e-11,1777047040.451904,2.6844807206790393,0.9999999995609916,3.019362537770576e-11,1777047040.465473,1777047040.470557,1.067656439788317
1777047040.7183502,39.03560543060303,-38.64309270261746,38.643092364373324,0.2,3.90292242968826e-11,2.699096223533111,0.9999999994949554,-2.1948484882090367e-11,3.3422886543036774e-11,1777047040.7073357,2.699096223533111,0.9999999994949554,3.90292242968826e-11,1777047040.696785,1777047040.689775,0.9897636274354114
1777047040.9179747,39.23522996902466,-38.643092681001406,38.64309238598957,0.2,3.3073099814373563e-11,2.7104645321432863,0.9999999996026419,-9.770629554502745e-12,3.14735652100167e-11,1777047040.8710442,2.7104645321432863,0.9999999996026419,3.3073099814373563e-11,1777047040.867804,1777047040.869803,0.9684345351810875
1777047041.1183598,39.43561506271362,-38.643092695535735,38.643092371455225,0.2,4.2238212927259156e-11,2.72345145823709,0.9999999995275659,5.0886109005024664e-11,5.2103530584170486e-11,1777047041.0649147,2.72345145823709,0.9999999995275659,4.2238212927259156e-11,1777047041.069914,1777047041.0546124,1.0324494595115286
1777047041.3198094,39.637064695358276,-38.64309269783825,38.64309236915253,0.2,4.6620485250059573e-11,2.736986118484745,0.9999999995136285,-1.7970217651293583e-11,4.293955683072412e-11,1777047041.2697496,2.736986118484745,0.9999999995136285,4.6620485250059573e-11,1777047041.285777,1777047041.3308306,0.9017172315245575
1777047041.5193074,39.836562633514404,-38.643092678973,38.64309238801777,0.2,4.154010468937486e-11,2.7472705932322596,0.9999999996070151,9.003492909105623e-12,4.3349018738663704e-11,1777047041.470662,2.7472705932322596,0.9999999996070151,4.154010468937486e-11,1777047041.452112,1777047041.4661386,0.9834642579340321
1777047041.7191522,40.036407470703125,-38.64309268940335,38.64309237758742,0.2,4.808597964256478e-11,2.7570105215432084,0.9999999995547683,1.3107974594598541e-10,7.023444472035442e-11,1777047041.6396315,2.7570105215432084,0.9999999995547683,4.808597964256478e-11,1777047041.607838,1777047041.6355948,1.020188940511021
1777047041.91856,40.23581528663635,-38.64309269622723,38.64309237076354,0.2,5.4863669163296436e-11,2.7732515906891426,0.9999999995187991,-6.724097197374584e-11,3.898790212972117e-11,1777047041.875734,2.7732515906891426,0.9999999995187991,5.4863669163296436e-11,1777047041.860679,1777047041.872734,0.9394956521816805
1777047042.1180484,40.435303688049316,-38.64309267858765,38.64309238840313,0.2,5.168132588551089e-11,2.7878641708400136,0.9999999996014844,4.9228811867961146e-11,6.3535806843946e-11,1777047042.1165378,2.7878641708400136,0.9999999996014844,5.168132588551089e-11,1777047042.088835,1777047042.0964332,1.023125984043965
1777047042.318488,40.635743141174316,-38.64309270151562,38.643092365475155,0.2,6.444533795502139e-11,2.801936899942632,0.9999999994842826,3.295511961645647e-11,7.031527692315054e-11,1777047042.294657,2.801936899942632,0.9999999994842826,6.444533795502139e-11,1777047042.292658,1777047042.2861366,1.0428825090613554
1777047042.5188746,40.836129903793335,-38.64309268818936,38.64309237880143,0.2,6.163869414876899e-11,2.811682387027934,0.9999999995480506,-2.8452284795684974e-11,5.538748018184061e-11,1777047042.5143657,2.8160123266694153,0.9999999995920181,5.911360290156153e-11,1777047042.518874,1777047042.5108578,1.0226503000557776
1777047042.7179174,41.03517270088196,-38.643092680547554,38.64309238644341,0.2,6.223999093890598e-11,2.826293466100915,0.9999999995836614,4.2496738254953614e-11,6.869531865727654e-11,1777047042.6662674,2.826293466100915,0.9999999995836614,6.223999093890598e-11,1777047042.673792,1777047042.7154038,0.9999920126664955
1777047042.9180853,41.23534059524536,-38.64309269922588,38.64309236776491,0.2,7.221956366265658e-11,2.836578115459797,0.9999999994896758,4.8523394499278475e-12,7.325103448177237e-11,1777047042.8788393,2.836578115459797,0.9999999994896758,7.221956366265658e-11,1777047042.833905,1777047042.8525069,1.0691276399999703
1777047043.1183958,41.43565106391907,-38.643092675856465,38.64309239113432,0.2,6.712763678251576e-11,2.85281838551319,0.9999999996006524,-1.3985331351567746e-11,6.400386564097108e-11,1777047043.1021998,2.85281838551319,0.9999999996006524,6.712763678251576e-11,1777047043.08959,1777047043.0766647,1.0617608628044708
1777047043.3182955,41.63555073738098,-38.64309268003487,38.64309238695592,0.2,7.149392189376158e-11,2.8630995990590997,0.9999999995767341,1.3009598875321713e-11,7.378945649374428e-11,1777047043.278649,2.8630995990590997,0.9999999995767341,7.149392189376158e-11,1777047043.273646,1777047043.2861614,1.0028986732848504
1777047043.51858,41.835835218429565,-38.64309269772942,38.64309236926154,0.2,8.144329655124238e-11,2.8755509027282784,0.9999999994895369,-2.550385579232306e-11,7.541363453909292e-11,1777047043.5150707,2.8755509027282784,0.9999999994895369,8.144329655124238e-11,1777047043.457638,1777047043.525102,1.0331337828099707
1777047043.7208333,42.03808856010437,-38.64309267305348,38.64309239393749,0.2,7.531042456321302e-11,2.8890832308757113,0.9999999996051827,-3.6195737814653237e-11,6.99256243977832e-11,1777047043.731281,2.8890832308757113,0.9999999996051827,7.531042456321302e-11,1777047043.681445,1777047043.6659696,1.0896879760334561
1777047043.9179385,42.235193729400635,-38.643092685856665,38.643092381134295,0.2,8.37241387330323e-11,2.9026123258626972,0.9999999995401141,7.034945589362668e-11,9.81163358806009e-11,1777047043.868421,2.9026123258626972,0.9999999995401141,8.37241387330323e-11,1777047043.890643,1777047043.8769324,0.9369191258843944
1777047044.1182067,42.43546199798584,-38.64309269358305,38.64309237340774,0.2,8.949374574740432e-11,2.9134406990635684,0.9999999995002419,-2.315734701616599e-11,8.411560706906811e-11,1777047044.1006644,2.9134406990635684,0.9999999995002419,8.949374574740432e-11,1777047044.056784,1777047044.1056628,1.0057893912789366
1777047044.3185866,42.635841846466064,-38.64309266860781,38.643092398382976,0.2,8.330314216209445e-11,2.9269713305661504,0.9999999996164298,-6.834189293350486e-12,8.223895808284635e-11,1777047044.2563791,2.9269713305661504,0.9999999996164298,8.330314216209445e-11,1777047044.269468,1777047044.2563791,1.0945202971480912
1777047044.5187235,42.835978746414185,-38.64309269023736,38.6430923767536,0.2,9.545253476517246e-11,2.942126074156099,0.9999999995093649,5.579030942935236e-11,1.0669864158440369e-10,1777047044.520742,2.942126074156099,0.9999999995093649,9.545253476517246e-11,1777047044.50817,1777047044.484042,0.9404408279811134
1777047044.7197065,43.036961793899536,-38.64309268777476,38.64309237921603,0.2,9.694911540236717e-11,2.9513301952684476,0.9999999995177888,-3.4943347713204324e-11,8.985381389026227e-11,1777047044.6610088,2.9513301952684476,0.9999999995177888,9.694911540236717e-11,1777047044.652459,1777047044.691377,0.9249047748192967
1777047044.9185188,43.23577404022217,-38.64309266562453,38.643092401366246,0.2,9.204192963352398e-11,2.9654005565603163,0.999999999619554,3.765253640348647e-11,1.0056346171518234e-10,1777047044.887329,2.9654005565603163,0.999999999619554,9.204192963352398e-11,1777047044.879803,1777047044.8948631,0.9466708378338247
1777047045.1185377,43.43579292297363,-38.643092684526806,38.64309238246398,0.2,1.0196288258157438e-10,2.9762258812277347,0.9999999995273469,9.342822014522708e-11,1.1783042874317642e-10,1777047045.0571659,2.981640269044805,0.9999999994976309,1.056292830980965e-10,1777047045.115025,1777047045.0712183,1.0937662759911
1777047045.32074,43.63799524307251,-38.64309267722798,38.64309238976281,0.2,1.0291945073959141e-10,2.9908429523583564,0.99999999955789,-3.7367956957356267e-11,9.52566614722538e-11,1777047045.3288822,2.9908429523583564,0.99999999955789,1.0291945073959141e-10,1777047045.272927,1777047045.27393,0.9829418378882289
1777047045.5189047,43.8361599445343,-38.64309266948032,38.643092397510465,0.2,1.0410872164356988e-10,3.0065363475570592,0.9999999995884794,3.75284497099671e-11,1.1176204678937886e-10,1777047045.5311325,3.0065363475570592,0.9999999995884794,1.0410872164356988e-10,1777047045.511858,1777047045.4937696,0.9171704420579465
1777047045.7182512,44.0355064868927,-38.643092687306286,38.643092379684674,0.2,1.1378009645568454e-10,3.0179057654964763,0.9999999995011032,7.089601709863289e-12,1.1542154652197804e-10,1777047045.6976922,3.0179057654964763,0.9999999995011032,1.1378009645568454e-10,1777047045.678142,1777047045.7142458,1.072302453513914
1777047045.9181585,44.235413789749146,-38.643092672908544,38.64309239408223,0.2,1.1071765726455851e-10,3.0271079253234596,0.9999999995655854,-3.670602035807211e-11,1.0524702759247555e-10,1777047045.8467312,3.033060246563591,0.9999999996190074,1.078008793342633e-10,1777047045.919687,1777047045.856235,1.0412187648904194
1777047046.1179142,44.43516945838928,-38.64309266502132,38.64309240196964,0.2,1.1146283895868693e-10,3.041718992477614,0.9999999995984462,5.90141089427594e-11,1.24769738905306e-10,1777047046.072218,3.041718992477614,0.9999999995984462,1.1146283895868693e-10,1777047046.060912,1777047046.072218,1.0654194236601615
1777047046.318318,44.63557314872742,-38.64309268225946,38.6430923847315,0.2,1.2179235397979937e-10,3.0568780460254796,0.9999999995137256,-6.6724829843893885e-12,1.2027414800061375e-10,1777047046.2997503,3.0568780460254796,0.9999999995137256,1.2179235397979937e-10,1777047046.30476,1777047046.2997503,0.9133306874625579
1777047046.5179794,44.83523464202881,-38.643092659223214,38.643092407767575,0.2,1.1615330919312328e-10,3.067701755604438,0.9999999996147108,3.245883187654939e-12,1.16847804331327e-10,1777047046.5137122,3.067701755604438,0.9999999996147108,1.1615330919312328e-10,1777047046.461632,1777047046.4461215,1.0750674219282523
1777047046.7185423,45.03579759597778,-38.643092671653264,38.643092395337504,0.2,1.2442225028053144e-10,3.082315254891287,0.9999999995536893,5.5733686886203406e-11,1.33280460452561e-10,1777047046.6726503,3.082315254891287,0.9999999995536893,1.2442225028053144e-10,1777047046.695303,1777047046.684261,0.9758380059229528
1777047046.9176474,45.23490262031555,-38.64309267875997,38.643092388231,0.2,1.297539853339913e-10,3.092601982042886,0.9999999995171629,-2.293705369739501e-11,1.250404616607034e-10,1777047046.8781486,3.092601982042886,0.9999999995171629,1.297539853339913e-10,1777047046.852968,1777047046.9156523,0.9401348631232983
1777047047.1186206,45.43587589263916,-38.643092652586446,38.643092414404514,0.2,1.2364331780645443e-10,3.106131034050427,0.9999999996317435,2.1209940019710407e-11,1.285200266802815e-10,1777047047.1080742,3.106131034050427,0.9999999996317435,1.2364331780645443e-10,1777047047.058293,1777047047.053287,0.9043486313958333
1777047047.3204007,45.63765597343445,-38.64309266989548,38.643092397095316,0.2,1.332898236228175e-10,3.119122196616288,0.9999999995487071,3.1560778065423694e-11,1.380999500933804e-10,1777047047.3309455,3.119122196616288,0.9999999995487071,1.332898236228175e-10,1777047047.276554,1777047047.2725537,0.9644287076296407
1777047047.5184698,45.83572506904602,-38.64309266202454,38.64309240496624,0.2,1.3450396352254756e-10,3.134820312991343,0.9999999995785049,-3.217353742976287e-11,1.2720586341802184e-10,1777047047.487318,3.134820312991343,0.9999999995785049,1.3450396352254756e-10,1777047047.504399,1777047047.500895,1.0914163928275864
1777047047.718549,46.035804271698,-38.64309264837381,38.643092418616966,0.2,1.3249668029402528e-10,3.1456431260813376,0.9999999996344495,5.143355294747724e-11,1.4353719466597068e-10,1777047047.701974,3.1456431260813376,0.9999999996344495,1.3249668029402528e-10,1777047047.666853,1777047047.712545,1.090200524696758
1777047047.9187932,46.236048460006714,-38.64309266763646,38.64309239935433,0.2,1.4204104559212283e-10,3.1559291604405377,0.9999999995448343,4.543605838741146e-11,1.494324928489161e-10,1777047047.864652,3.1618845663386406,0.9999999995190155,1.4550050053685482e-10,1777047047.916793,1777047047.864652,1.0996587921867238
1777047048.1178064,46.43506169319153,-38.643092657021754,38.64309240996921,0.2,1.4210232990308214e-10,3.1710851527759907,0.999999999587229,-3.988846546732961e-11,1.33271716991899e-10,1777047048.0860345,3.1710851527759907,0.999999999587229,1.4210232990308214e-10,1777047048.076527,1777047048.0775318,0.9952683669549521
1777047048.3184412,46.63569641113281,-38.64309265033058,38.643092416660195,0.2,1.4356871247400704e-10,3.1856976009536977,0.9999999996104683,5.224518950900576e-11,1.556322414086157e-10,1777047048.3169367,3.1856976009536977,0.9999999996104683,1.4356871247400704e-10,1777047048.305703,1777047048.3001754,1.0321755570448583
1777047048.5188928,46.83614802360535,-38.64309266862279,38.64309239836817,0.2,1.532471927134793e-10,3.1976085133085133,0.9999999995241087,1.7481286971452395e-11,1.5599733250315384e-10,1777047048.4742558,3.1976085133085133,0.9999999995241087,1.532471927134793e-10,1777047048.478256,1777047048.4712563,1.0734602463441592
1777047048.718204,47.03545928001404,-38.643092647567016,38.64309241942377,0.2,1.48707712810392e-10,3.208973293152469,0.9999999996125724,-2.7795131943529017e-11,1.4272390898030982e-10,1777047048.6895382,3.208973293152469,0.9999999996125724,1.48707712810392e-10,1777047048.664609,1777047048.6820202,0.9968183306593734
1777047048.9198046,47.23705983161926,-38.64309264777134,38.64309241921962,0.2,1.5227552552232737e-10,3.22250444168206,0.9999999996064094,4.3888651051303997e-11,1.5981740155225547e-10,1777047048.8613794,3.22250444168206,0.9999999996064094,1.5227552552232737e-10,1777047048.877502,1777047048.906018,1.0763960106685644
1777047049.1184905,47.43574571609497,-38.64309266162363,38.64309240536714,0.2,1.6084999998611238e-10,3.236579972211571,0.9999999995398164,-5.284456651425304e-12,1.5970397714360508e-10,1777047049.078246,3.236579972211571,0.9999999995398164,1.6084999998611238e-10,1777047049.093934,1777047049.0707426,1.074398362726575
1777047049.3186166,47.63587188720703,-38.64309264194454,38.643092425046426,0.2,1.5626433480520063e-10,3.2452381297454775,0.9999999996211445,-1.931850146870368e-11,1.5203923245728307e-10,1777047049.2969537,3.2452381297454775,0.9999999996211445,1.5626433480520063e-10,1777047049.25574,1777047049.2899232,1.0207737930246896
1777047049.518509,47.83576416969299,-38.64309265008719,38.6430924169036,0.2,1.6322942997248902e-10,3.261477089627763,0.9999999995802067,4.7790442178817844e-11,1.7374573278041075e-10,1777047049.517004,3.261477089627763,0.9999999995802067,1.6322942997248902e-10,1777047049.476853,1777047049.4517422,1.0656884210810638
1777047049.7197847,48.03703999519348,-38.64309265758054,38.64309240941024,0.2,1.6866863461473258e-10,3.271762577198493,0.9999999995418278,-1.408109253430273e-11,1.666151027862159e-10,1777047049.6628401,3.277174076926251,0.9999999995861921,1.6631229726726815e-10,1777047049.722947,1777047049.685507,0.9392211418652634
1777047049.9180782,48.23533344268799,-38.643092630091225,38.64309243689956,0.2,1.6273205005745695e-10,3.285832438384199,0.9999999996552041,-3.7275268145506444e-13,1.626530397706063e-10,1777047049.8748045,3.285832438384199,0.9999999996552041,1.6273205005745695e-10,1777047049.873802,1777047049.9013145,0.9838410856031572
1777047050.122888,48.4401433467865,-38.64309264564634,38.64309242134445,0.2,1.7128254370391005e-10,3.297742588869638,0.9999999995821396,4.9387718752448254e-11,1.8024577673780283e-10,1777047050.1268866,3.297742588869638,0.9999999995821396,1.7128254370391005e-10,1777047050.050777,1777047050.065858,1.0383123207460199
1777047050.317996,48.63525128364563,-38.643092646168476,38.64309242082232,0.2,1.7498358317880047e-10,3.3112744490402344,0.9999999995742387,-2.60631745562827e-11,1.6927238978593778e-10,1777047050.2754204,3.3112744490402344,0.9999999995742387,1.7498358317880047e-10,1777047050.281942,1777047050.288461,0.9655468475904784
1777047050.5183783,48.835633516311646,-38.64309262700467,38.6430924399863,0.2,1.7250467720941742e-10,3.3269695875487626,0.9999999996490329,3.4515218600194614e-11,1.801117194603903e-10,1777047050.4958172,3.3269695875487626,0.9999999996490329,1.7250467720941742e-10,1777047050.512874,1777047050.5098634,0.9290332962271581
1777047050.7179217,49.03517699241638,-38.643092647398944,38.64309241959184,0.2,1.8245849275899675e-10,3.3377976608608724,0.9999999995557198,8.519447641939197e-11,1.9628416411733375e-10,1777047050.6581008,3.3377976608608724,0.9999999995557198,1.8245849275899675e-10,1777047050.671729,1777047050.6666374,1.0496615867065142
1777047050.918338,49.23559331893921,-38.643092638383415,38.64309242860735,0.2,1.8207124696800747e-10,3.348080400352684,0.9999999995892085,-4.2754266947029766e-11,1.7193278807377417e-10,1777047050.895234,3.348080400352684,0.9999999995892085,1.8207124696800747e-10,1777047050.844066,1777047050.906301,1.037758918674256
1777047051.1185582,49.435813426971436,-38.64309262117731,38.64309244581366,0.2,1.799955740011683e-10,3.3626936341205726,0.9999999996558492,3.951760588661737e-11,1.8685889080265474e-10,1777047051.0689116,3.3626936341205726,0.9999999996558492,1.799955740011683e-10,1777047051.072421,1777047051.0744193,0.953992554960526
1777047051.3183928,49.635648012161255,-38.643092642249385,38.6430924247414,0.2,1.9023715935873042e-10,3.374062899107406,0.9999999995604109,3.800122086467954e-11,1.9651723496659113e-10,1777047051.3229225,3.374062899107406,0.9999999995604109,1.9023715935873042e-10,1777047051.252596,1777047051.266634,0.9987844508081006
1777047051.5186806,49.835935831069946,-38.64309261885554,38.64309244813523,0.2,1.863886822661698e-10,3.389756691465548,0.999999999651998,-3.652512621598716e-11,1.7705161561466699e-10,1777047051.4898055,3.389756691465548,0.999999999651998,1.863886822661698e-10,1777047051.487808,1777047051.5111763,1.0897647123656753
1777047051.722331,50.039586305618286,-38.64309261738723,38.64309244960354,0.2,1.887112688336856e-10,3.4000419449250776,0.9999999996516131,5.59481175264025e-11,1.9876353914490454e-10,1777047051.6694767,3.4000419449250776,0.9999999996516131,1.887112688336856e-10,1777047051.65995,1777047051.6769063,0.9311425318390056
1777047051.919459,50.236714363098145,-38.64309263600261,38.64309243098817,0.2,1.9892798519549615e-10,3.4151988613874686,0.999999999566982,-1.3312758877493055e-11,1.9572670188018868e-10,1777047051.909944,3.4151988613874686,0.999999999566982,1.9892798519549615e-10,1777047051.901435,1777047051.9139543,1.0716532022268503
1777047052.1184237,50.43567895889282,-38.64309260801022,38.64309245898055,0.2,1.9315571364586503e-10,3.4287280779993314,0.9999999996763982,-9.774870626225016e-12,1.9147749652997668e-10,1777047052.081631,3.4287280779993314,0.9999999996763982,1.9315571364586503e-10,1777047052.088627,1777047052.0648985,0.9403379668889388
1777047052.322488,50.63974332809448,-38.64309261634999,38.643092450640786,0.2,1.986117936780829e-10,3.4384731409600393,0.9999999996353834,7.500754563259143e-11,2.1055762317022415e-10,1777047052.3234851,3.4384731409600393,0.9999999996353834,1.986117936780829e-10,1777047052.243893,1777047052.2786214,0.9214224975658066
1777047052.5185323,50.835787534713745,-12.033748647063227,21.67952417956451,0.2,2.0605117612149115e-10,3.4525459882374587,0.9999999995821184,-1.3086039028456885e-11,2.0313655799752159e-10,1777047052.46362,3.4525459882374587,0.9999999995821184,2.0605117612149115e-10,1777047052.468833,1777047052.5196354,0.9447866573823311
1777047052.718088,51.035343170166016,-19.573967275062657,28.70326350703132,0.2,0.0002710396177691976,3.46660776159402,1.0000000161532765,0.0029721148088037858,0.0009340771747904396,1777047052.686706,3.46660776159402,1.0000000161532765,0.0002710396177691976,1777047052.692217,1777047052.6776915,0.9576053561573037
1777047052.9183474,51.235602617263794,-19.554621106290302,28.68517400199885,0.2,0.0016293077607700823,3.4792425931631628,1.000000826422788,0.008224552112933893,0.0035220667259939263,1777047052.9168413,3.4792425931631628,1.000000826422788,0.0016293077607700823,1777047052.91484,1777047052.907333,1.0843790888983853
1777047053.1181347,51.43538999557495,-19.450900985401198,28.588196912127586,0.2,0.003221602678610047,3.4877804870571048,1.0000034079409892,0.014465970458101692,0.005372292390264634,1777047053.0655136,3.4877804870571048,1.0000034079409892,0.003221602678610047,1777047053.07102,1777047053.0615172,1.000672137551883
1777047053.3184736,51.63572883605957,-19.334921877297532,28.47976923385152,0.2,0.00622975960073191,3.4995772983524858,1.0000132366812493,0.014942129666526163,0.009880725835698032,1777047053.309854,3.4995772983524858,1.0000132366812493,0.00622975960073191,1777047053.306852,1777047053.3028574,0.9874843316170047
1777047053.5185015,51.83575677871704,-19.255855527700568,28.40585784031053,0.2,0.00876232988566894,3.5077373935263694,1.0000271751829803,0.015515061944655587,0.011412235426667156,1777047053.4806497,3.5077373935263694,1.0000271751829803,0.00876232988566894,1777047053.472122,1777047053.5210195,1.0257264658320853
1777047053.719795,52.03705024719238,-19.155622427641603,28.312167809600084,0.2,0.011861227643568565,3.516655499999088,1.0000520084934041,0.0337696750602809,0.016898566920875355,1777047053.7248356,3.516655499999088,1.0000520084934041,0.011861227643568565,1777047053.645222,1777047053.6768594,1.0761135871659557
1777047053.9186711,52.235926389694214,-19.081676416306767,28.243054690401063,0.2,0.016347047446922502,3.52842689961422,1.0001049795213917,0.020517294446277392,0.021408317669816015,1777047053.8765004,3.52842689961422,1.0001049795213917,0.016347047446922502,1777047053.88303,1777047053.8880162,1.0013128635078117
1777047054.1177788,52.43503403663635,-18.948806259944135,28.118880944840722,0.2,0.020931042326752802,3.5397102151606457,1.0001830912745995,0.018084194526493652,0.02465568522827709,1777047054.0824616,3.5397102151606457,1.0001830912745995,0.020931042326752802,1777047054.114791,1777047054.1047478,1.0933827239076983
1777047054.3183804,52.63563561439514,-18.82803076927625,28.006024129923254,0.2,0.024105936502812675,3.5471892132867575,1.0002520161626245,0.01816566668784948,0.028209312553778308,1777047054.308348,3.5471892132867575,1.0002520161626245,0.024105936502812675,1777047054.266869,1777047054.3173814,1.0374352542288452
1777047054.5186846,52.83593988418579,-18.619813380871225,27.811489669961713,0.2,0.02848317037297754,3.557108677315855,1.0003672126659913,0.03342726639365653,0.033289230927441356,1777047054.5297651,3.557108677315855,1.0003672126659913,0.02848317037297754,1777047054.46756,1777047054.4597147,0.9642021728271364
1777047054.7195132,53.036768436431885,-18.40540648026344,27.611213730934903,0.2,0.03350890909515769,3.568210036721759,1.000531744218142,0.026505144583912593,0.039774324215428376,1777047054.6885095,3.568210036721759,1.000531744218142,0.03350890909515769,1777047054.701297,1777047054.6987798,0.995248086890997
1777047054.9182405,53.235495805740356,-18.170986405041155,27.392291786123803,0.2,0.037411936187806034,3.576786640441195,1.0006865853467743,0.012698177825066105,0.0400420577258129,1777047054.8956354,3.576786640441195,1.0006865853467743,0.037411936187806034,1777047054.888595,1777047054.8996367,0.9057113915751199
1777047055.11819,53.4354453086853,-18.020800932264148,27.25206201560873,0.2,0.04167914675714534,3.5861429357255714,1.0008852483883026,0.022991512765109665,0.04532993326240399,1777047055.0544238,3.5861429357255714,1.0008852483883026,0.04167914675714534,1777047055.069479,1777047055.0784981,0.9745001757800976
1777047055.322913,53.64016819000244,-17.96929815115176,27.203978109492414,0.2,0.046867135732064476,3.597496250021748,1.0011703479747935,0.041058886080356564,0.05576750690232739,1777047055.2711947,3.597496250021748,1.0011703479747935,0.046867135732064476,1777047055.3073,1777047055.2616777,0.9375052403656582
1777047055.5183792,53.83563446998596,-17.82401838749674,27.068355562849554,0.2,0.05003188984565021,3.6043664643968114,1.0013671321630497,0.02084605298849572,0.054582888559238874,1777047055.4895093,3.6043664643968114,1.0013671321630497,0.05003188984565021,1777047055.461991,1777047055.483523,0.9344763986814904
1777047055.7184465,54.035701751708984,-17.767055107858756,27.0151841481714,0.2,0.0551330375874386,3.615229623275953,1.0017166654908993,0.018002518401811086,0.057822862704949345,1777047055.727971,3.615229623275953,1.0017166654908993,0.0551330375874386,1777047055.686372,1777047055.7219648,0.964934009312006
1777047055.9182622,54.235517501831055,-17.655471386913835,26.911036923118843,0.2,0.05933529695314643,3.624048690695495,1.002036226770629,0.023816807130021843,0.06521155743843865,1777047055.8856506,3.624048690695495,1.002036226770629,0.05933529695314643,1777047055.871602,1777047055.8941708,1.0825365369901527
1777047056.122129,54.43938422203064,-17.460007311064174,26.72862744794893,0.2,0.06335506289044979,3.6324401026537116,1.002370877652753,0.01610689500044662,0.06603309516311207,1777047056.1251268,3.6324401026537116,1.002370877652753,0.06335506289044979,1777047056.05794,1777047056.0679698,1.0230277419701703
1777047056.3184144,54.63566970825195,-17.340032090361717,26.616682742345994,0.2,0.06827069837530608,3.642774513051395,1.0028245523410588,0.017508859623281168,0.07183747547455759,1777047056.328948,3.642774513051395,1.0028245523410588,0.06827069837530608,1777047056.264156,1777047056.284727,0.909776946269737
1777047056.5193815,54.836636781692505,-17.16313780588793,26.45165340150542,0.2,0.07276501283890548,3.6522737887147785,1.0032830457470892,0.02289724921897859,0.07759981456269549,1777047056.4667816,3.6522737887147785,1.0032830457470892,0.07276501283890548,1777047056.465777,1777047056.4916859,0.9465533939635882
1777047056.7187567,55.036011934280396,-16.958646219082173,26.260914413034396,0.2,0.07704728180067288,3.6613517553603443,1.0037590751527499,0.01610633035948701,0.08044504494508788,1777047056.6777399,3.6613517553603443,1.0037590751527499,0.07704728180067288,1777047056.695145,1777047056.7172382,1.0990902337571509
1777047056.9188027,55.23605799674988,-16.698116369046293,26.017962989482914,0.2,0.08153218712097311,3.670791312089502,1.0042935535329571,0.02086807386117726,0.0862382783285026,1777047056.9032562,3.670791312089502,1.0042935535329571,0.08153218712097311,1777047056.853148,1777047056.8681772,0.9759864772363852
1777047057.118205,55.435460329055786,-16.464952782525813,25.80058589395951,0.2,0.08664768754236452,3.681356420090235,1.0049397441713537,0.029145527970523853,0.09117099023078307,1777047057.123762,3.681356420090235,1.0049397441713537,0.08664768754236452,1777047057.088072,1777047057.1006181,0.9226619510234491
1777047057.317966,55.63522124290466,-16.333162803877922,25.67774171612786,0.2,0.09026065682652452,3.6887594447336003,1.0054231493679562,0.02085387836739813,0.09496348208317001,1777047057.2839665,3.691864626696233,1.0056333996220248,0.0917709862643319,1777047057.322856,1777047057.2839665,0.9248875490415253
1777047057.5187376,55.83599281311035,-16.16025833849774,25.516599018608904,0.2,0.09552322494434141,3.6996023424026885,1.0061768367187003,0.01748873661871207,0.0994290932696255,1777047057.5073028,3.6996023424026885,1.0061768367187003,0.09552322494434141,1777047057.479553,1777047057.513814,0.9382429671639936
1777047057.7189443,56.03619956970215,-16.258223446459493,25.607896573900977,0.2,0.10073582136139161,3.710388624762334,1.0069814849435266,0.02472056794068812,0.10470779982232066,1777047057.6679778,3.710388624762334,1.0069814849435266,0.10073582136139161,1777047057.709754,1777047057.6806872,1.0280376954676667
1777047057.9180892,56.23534440994263,-16.226825459992625,25.578634549793986,0.2,0.10425506180907096,3.71768508335501,1.0075572513744944,0.01677114494694398,0.10715257292756726,1777047057.9196107,3.71768508335501,1.0075572513744944,0.10425506180907096,1777047057.883783,1777047057.9256206,0.9057232796032667
1777047058.1185634,56.435818672180176,-16.079898409877057,25.44171528738657,0.2,0.10924024709211189,3.728031180301154,1.0084175578207097,0.016743964362297335,0.11321129703173607,1777047058.0779085,3.728031180301154,1.0084175578207097,0.10924024709211189,1777047058.111506,1777047058.0678859,0.9587810002249123
1777047058.3182945,56.635549783706665,-15.880197437420595,25.255649960949487,0.2,0.1138453312112997,3.737593135414882,1.0092586779518518,0.01922906368952686,0.11804260686805387,1777047058.2961862,3.737593135414882,1.0092586779518518,0.1138453312112997,1777047058.314296,1777047058.286606,1.0957591679475092
1777047058.51862,56.835875272750854,-15.713539215742069,25.10040061587682,0.2,0.1168083804789708,3.743697190219009,1.0098186251762733,0.020507432257921024,0.12002014747914669,1777047058.452801,3.743697190219009,1.0098186251762733,0.1168083804789708,1777047058.459979,1777047058.452801,0.9301693106707273
1777047058.7182336,57.03548884391785,-15.455807107272738,24.860364896621114,0.2,0.12149990032551994,3.753196471074127,1.0107255252784528,0.018553281867107314,0.125385606655736,1777047058.7329087,3.753196471074127,1.0107255252784528,0.12149990032551994,1777047058.668242,1777047058.7243922,1.063006225554977
1777047058.918682,57.23593735694885,-15.190098128883141,24.61296758782507,0.2,0.12640329822439345,3.7630262962359087,1.0117098115381222,0.017002732506881276,0.1299072328183834,1777047058.8683167,3.7630262962359087,1.0117098115381222,0.12640329822439345,1777047058.881714,1777047058.8837795,0.9298953534732444
1777047059.1180785,57.43533372879028,-14.937247785515284,24.377606786084453,0.2,0.13125321707893003,3.772789269824262,1.0127335907080215,0.024706653446234732,0.13614634677849674,1777047059.0663657,3.772789269824262,1.0127335907080215,0.13125321707893003,1777047059.097981,1777047059.0909908,1.0457223039391006
1777047059.3182673,57.63552260398865,-14.861571753688327,24.307177422785784,0.2,0.13442044994590852,3.779138506429994,1.0134243114401316,0.026586987401694934,0.13970508327265208,1777047059.2651334,3.7828570500495227,1.0138379251034195,0.1362967832297377,1777047059.324819,1777047059.306669,0.9784314151222324
1777047059.5186691,57.83592438697815,-14.861571753688327,24.307177422785784,0.2,0.13912582698551915,3.788416225094901,1.0144689475223654,0.01983917603119919,0.14321113338711583,1777047059.4710546,3.788416225094901,1.0144689475223654,0.13912582698551915,1777047059.460523,1777047059.4595115,0.9363661391207939
1777047059.7180393,58.03529453277588,-14.861571753688327,24.307177422785784,0.2,0.1440598811460321,3.7980101500733396,1.0155941783213256,0.01850489532918599,0.14800498094544837,1777047059.6842468,3.7980101500733396,1.0155941783213256,0.1440598811460321,1777047059.672956,1777047059.676956,1.0330068716421588
1777047059.918287,58.23554229736328,-14.861571753688327,24.307177422785784,0.2,0.14921062448604075,3.807930708719734,1.0168066857371374,0.023770889584634664,0.15421752520573448,1777047059.8948784,3.807930708719734,1.0168066857371374,0.14921062448604075,1777047059.900381,1777047059.8948784,0.9076602642244626
1777047060.1196656,58.43692088127136,-14.861571753688327,24.307177422785784,0.2,0.15284565127793123,3.8148926659913407,1.0176877153372939,0.025177268146159407,0.15696593612377457,1777047060.1226718,3.8148926659913407,1.0176877153372939,0.15284565127793123,1777047060.072228,1777047060.1256704,1.0373771889582142
1777047060.318525,58.635780334472656,-14.861571753688327,24.307177422785784,0.2,0.15744518249935793,3.823669417757529,1.0188341872081612,0.009805662010679868,0.15939737776085403,1777047060.3280528,3.823669417757529,1.0188341872081612,0.15744518249935793,1777047060.278874,1777047060.2647583,0.9675869771743937
1777047060.5196598,58.836915016174316,-14.861571753688327,24.307177422785784,0.2,0.1626264965715185,3.833524776128569,1.02016952370552,0.06358267624505717,0.1755566141078777,1777047060.5281835,3.833524776128569,1.02016952370552,0.1626264965715185,1777047060.500554,1777047060.4794984,1.0251192738020076
1777047060.7189875,59.036242723464966,-14.861571753688327,24.307177422785784,0.2,0.16589121664936182,3.8397218016073222,1.0210353540475732,0.02557129713225345,0.17154050296864015,1777047060.6819,3.843000340389655,1.0215016355418696,0.16762013282655897,1777047060.722706,1777047060.6974363,0.9619550153673029
1777047060.91878,59.23603534698486,-14.861571753688327,24.307177422785784,0.2,0.17107880745592485,3.849553139585726,1.0224506829161586,0.018068304456135272,0.17505084101867768,1777047060.9017344,3.849553139585726,1.0224506829161586,0.17107880745592485,1777047060.888862,1777047060.9057324,0.9917601529414429
1777047061.1182063,59.43546152114868,-14.861571753688327,24.307177422785784,0.2,0.17530720343762418,3.8575549713993897,1.0236406074174953,0.03839861214264537,0.18120149418194895,1777047061.1182063,3.8575549713993897,1.0236406074174953,0.17530720343762418,1777047061.063132,1777047061.1282597,0.9090635301910476
1777047061.3187325,59.635987758636475,-14.861571753688327,24.307177422785784,0.2,0.18030545815437463,3.8670024665223024,1.0250896062044244,0.05438505254453221,0.1923173819578529,1777047061.2761052,3.8670024665223024,1.0250896062044244,0.18030545815437463,1777047061.293679,1777047061.2725828,0.9500404759753576
1777047061.5180938,59.83534908294678,-14.861571753688327,24.307177422785784,0.2,0.18511215675001494,3.8760777864195624,1.0265266850423942,0.022602042747434756,0.19008662758119396,1777047061.4961946,3.8760777864195624,1.0265266850423942,0.18511215675001494,1777047061.511588,1777047061.4961946,1.063824212984693
1777047061.7185714,60.035826683044434,-14.861571753688327,24.307177422785784,0.2,0.18857324725259164,3.8826068796340354,1.0275880453061126,0.016720687868765776,0.1922915407063336,1777047061.7185714,3.885144836231244,1.0280068344539615,0.18991927061328617,1777047061.720084,1777047061.7185714,0.9049575742171904
1777047061.917907,60.23516225814819,-14.861571753688327,24.307177422785784,0.2,0.19357285607247124,3.892030401525854,1.0291606080447329,0.0278159173660043,0.19778861187624905,1777047061.8701305,3.892030401525854,1.0291606080447329,0.19357285607247124,1777047061.876643,1777047061.8701305,0.9801067872650712
1777047062.1178012,60.43505644798279,-14.861571753688327,24.307177422785784,0.2,0.1974188465925986,3.8992733629791325,1.0304020610997904,0.029485458262663744,0.20372412266515788,1777047062.0839741,3.902531022275002,1.0309697395661719,0.19914956968140984,1777047062.117801,1777047062.0839741,1.0673669210719068
1777047062.328174,60.645429372787476,-14.861571753688327,24.307177422785784,0.2,0.2020341366937393,3.9079581444684983,1.0319283236745271,0.01828331863456118,0.2050444016147905,1777047062.330704,3.9079581444684983,1.0319283236745271,0.2020341366937393,1777047062.258653,1777047062.3128982,1.0720735708539755
1777047062.5204914,60.83774662017822,-14.861571753688327,24.307177422785784,0.2,0.20684180694274182,3.916996894212459,1.0335605656872662,0.0320561748510556,0.21395008096162488,1777047062.4703639,3.916996894212459,1.0335605656872662,0.20684180694274182,1777047062.478371,1777047062.4625502,0.9715245225702592
1777047062.718866,61.0361213684082,-14.861571753688327,24.307177422785784,0.2,0.21184183556071723,3.926388522936288,1.0353039832531645,0.01668917012828577,0.21571501808624563,1777047062.7024415,3.926388522936288,1.0353039832531645,0.21184183556071723,1777047062.705337,1777047062.6949303,1.027243435408952
1777047062.9209204,61.23817563056946,-14.861571753688327,24.307177422785784,0.2,0.2154957239760158,3.9332459611805852,1.0366076052858522,0.0172226912805625,0.21827521724303048,1777047062.863827,3.9332459611805852,1.0366076052858522,0.2154957239760158,1777047062.869829,1777047062.9229198,0.9000904368219558
1777047063.117953,61.435208320617676,-8.650194542287224,18.546482522761085,0.2,0.22049580043074712,3.9426219204180857,1.0384319861334597,0.020803939293615344,0.2248612754851569,1777047063.0736659,3.9426219204180857,1.0384319861334597,0.22049580043074712,1777047063.089765,1777047063.083824,1.099533794741759
1777047063.3179781,61.6352334022522,-14.861571753688327,24.307177422785784,0.2,0.2245228508967001,3.9500593795656447,1.0399104438282667,0.020077517751644295,0.22919663867706855,1777047063.306453,3.9500593795656447,1.0399104438282667,0.2245228508967001,1777047063.281766,1777047063.2731314,1.0291076836971595
1777047063.518339,61.835594177246094,-14.861571753688327,24.307177422785784,0.2,0.23006250821531357,3.960061268320006,1.0419417110931966,0.027293947972046675,0.2345129864222958,1777047063.4695103,3.960061268320006,1.0419417110931966,0.23006250821531357,1777047063.504308,1777047063.4997778,1.0146867232082544
1777047063.721464,62.038719177246094,-14.861571753688327,24.307177422785784,0.2,0.23350877446020848,3.966337658947801,1.0432479133444654,0.01364978298931756,0.23588054362459562,1777047063.7285612,3.966337658947801,1.0432479133444654,0.23350877446020848,1777047063.680833,1777047063.664553,0.973675760538161
1777047063.9182782,62.235533475875854,-14.861571753688327,24.307177422785784,0.2,0.2394536126526461,3.9772332715377687,1.0455716227964924,0.02398198897541777,0.24490945133444425,1777047063.8707664,3.9772332715377687,1.0455716227964924,0.2394536126526461,1777047063.90776,1777047063.9172788,0.9223940176911553
1777047064.118333,62.435588359832764,-8.650194542287224,18.546482522761085,0.2,0.2427170923851847,3.9832445261025256,1.0468837333752214,0.021322876314982253,0.24739219324975004,1777047064.0900192,3.9832445261025256,1.0468837333752214,0.2427170923851847,1777047064.068822,1777047064.0738492,1.085499340675645
1777047064.3183336,62.63558888435364,-14.861571753688327,24.307177422785784,0.2,0.246745463297799,3.9906336046845383,1.0485238962648227,0.022670786876256923,0.250790851449193,1777047064.2684598,3.993373631080259,1.049138096782716,0.2482735394424882,1777047064.321637,1777047064.2674592,0.9737372111285095
1777047064.518524,62.83577919006348,-8.650194542287224,18.546482522761085,0.2,0.252093508082047,4.000211625995945,1.0506899982162958,0.022433050340228012,0.2569870457966451,1777047064.4865994,4.000211625995945,1.0506899982162958,0.252093508082047,1777047064.477076,1777047064.4963484,1.0642581162191944
1777047064.7222893,63.03954458236694,-8.650194542287224,18.546482522761085,0.2,0.2557231206985016,4.006703777034746,1.0521888948943845,0.019057373879310502,0.25867017493839634,1777047064.7252975,4.01003453567045,1.0529652657587563,0.25762632188571377,1777047064.728294,1777047064.6708548,1.0336101075379744
1777047064.9190547,63.23631000518799,-8.650194542287224,18.546482522761085,0.2,0.260662971635516,4.015257617144583,1.0541933937589276,0.016984628488383464,0.264750272844695,1777047064.8818877,4.015257617144583,1.0541933937589276,0.260662971635516,1777047064.878366,1777047064.8858776,0.9848232258910244
1777047065.1180904,63.43534564971924,-14.861571753688327,24.307177422785784,0.2,0.2648257235875145,4.022271085997883,1.0558645472669699,0.018945301717229954,0.2689386925878444,1777047065.0989847,4.022271085997883,1.0558645472669699,0.2648257235875145,1777047065.052419,1777047065.0649598,1.0087297857946753
1777047065.319793,63.63704824447632,-8.650194542287224,18.546482522761085,0.2,0.26917496893180193,4.029525600459825,1.0576240797792287,0.007799441619433571,0.2704269805279368,1777047065.2595105,4.029525600459825,1.0576240797792287,0.26917496893180193,1777047065.282881,1777047065.2951827,1.0889672075536228
1777047065.5177698,63.83502507209778,-1.4572743560465493,11.929937653896399,0.2,0.27543032730217215,4.040046368160023,1.0602390041872214,0.025167680185682845,0.28088326547137027,1777047065.4761748,4.040046368160023,1.0602390041872214,0.27543032730217215,1777047065.512759,1777047065.514758,1.048681285132489
1777047065.718279,64.03553414344788,-1.4572743560465493,11.929937653896399,0.2,0.27939555961489587,4.046386852549729,1.0618389098717207,0.01836083287167378,0.2837947090658093,1777047065.715769,4.046386852549729,1.0618389098717207,0.27939555961489587,1777047065.697989,1777047065.7005038,0.9331267413727553
1777047065.921207,64.23846220970154,-1.4572743560465493,11.929937653896399,0.2,0.283162249910795,4.051996747485727,1.0632641102552516,0.017185293041737323,0.2858104738779017,1777047065.8698673,4.0544088875795525,1.0638801922539916,0.2848550006310537,1777047065.943872,1777047065.9307299,0.979790526652705
1777047066.1187146,64.43596982955933,-1.4572743560465493,11.929937653896399,0.2,0.28823735857517097,4.059056689489834,1.0650736157091336,0.02163343633203037,0.29356666385600755,1777047066.116213,4.059056689489834,1.0650736157091336,0.28823735857517097,1777047066.097906,1777047066.0881367,0.9815241993626185
1777047066.3181794,64.63543462753296,-1.4572743560465493,11.929937653896399,0.2,0.29180418402502273,4.063746192984453,1.0662872758600406,0.04683231526399906,0.3002393634320863,1777047066.2963276,4.063746192984453,1.0662872758600406,0.29180418402502273,1777047066.291815,1777047066.2928157,1.0945564196130246
1777047066.5179756,64.83523082733154,-1.4572743560465493,11.929937653896399,0.2,0.297243719194003,4.070562154219218,1.0680710758959218,0.023423204756895962,0.30154321317515115,1777047066.4798846,4.070562154219218,1.0680710758959218,0.297243719194003,1777047066.489912,1777047066.4657004,1.027026635300966
1777047066.7180166,65.03527188301086,-1.4572743560465493,11.929937653896399,0.2,0.3011804373054457,4.075290322246884,1.069324094485824,0.018688442316682093,0.30528419129314566,1777047066.6994724,4.075290322246884,1.069324094485824,0.3011804373054457,1777047066.676909,1777047066.682429,1.036154207382013
1777047066.9182189,65.23547410964966,-1.4572743560465493,11.929937653896399,0.2,0.30492855396850166,4.079663250515462,1.0704956802064587,0.0162741404706176,0.3075064098155532,1777047066.8578744,4.079663250515462,1.0704956802064587,0.30492855396850166,1777047066.844833,1777047066.9182189,1.02407303399737
1777047067.1185122,65.43576741218567,-1.4572743560465493,11.929937653896399,0.2,0.31017469150015753,4.08561193543187,1.0721108992064559,0.021305605596635087,0.315085968481493,1777047067.08839,4.08561193543187,1.0721108992064559,0.31017469150015753,1777047067.078595,1777047067.0659978,0.9676566338768114
1777047067.318719,65.63597416877747,-1.4572743560465493,11.929937653896399,0.2,0.31392135605153015,4.089758465163856,1.0732525190540736,0.01944842907055383,0.31745346617095616,1777047067.2700043,4.089758465163856,1.0732525190540736,0.31392135605153015,1777047067.268003,1777047067.2966757,0.9185914767989621
1777047067.518331,65.83558630943298,-1.4572743560465493,11.929937653896399,0.2,0.31897887274127706,4.0952466083001555,1.0747848185772635,0.017715941177010645,0.32287507092612444,1777047067.4899304,4.0952466083001555,1.0747848185772635,0.31897887274127706,1777047067.494972,1777047067.4415984,1.0950174628188318
1777047067.718863,66.03611826896667,-1.4572743560465493,11.929937653896399,0.2,0.3232868441871881,4.099839251399916,1.076086772991255,0.020785407806664238,0.3278604967784963,1777047067.709972,4.099839251399916,1.076086772991255,0.3232868441871881,1777047067.677171,1777047067.6896799,0.9990071739785994
1777047067.9188073,66.23606252670288,-1.4572743560465493,11.929937653896399,0.2,0.3266581808575531,4.103389023972791,1.0771059228196045,0.02102300659498787,0.3299507345175249,1777047067.9330578,4.105541560261506,1.07772953937467,0.3287184048744445,1777047067.920329,1777047067.858163,0.9717323366606273
1777047068.1181464,66.43540167808533,-1.4572743560465493,11.929937653896399,0.2,0.33265150215946804,4.109619765700038,1.078922969926121,0.017805191776202156,0.3366470007036175,1777047068.0909894,4.109619765700038,1.078922969926121,0.33265150215946804,1777047068.096521,1777047068.0909894,1.0140082797707934
1777047068.3183897,66.63564491271973,-1.4572743560465493,11.929937653896399,0.2,0.33658454455423925,4.11366176348152,1.0801215631889534,0.031214229256888125,0.3424480258417337,1777047068.2788358,4.11366176348152,1.0801215631889534,0.33658454455423925,1777047068.270838,1777047068.2738352,0.9022950830487806
1777047068.519065,66.83632016181946,-1.4572743560465493,11.929937653896399,0.2,0.3414539750485348,4.118623309742757,1.0816148559697667,0.018873860544342938,0.3457231542644323,1777047068.505031,4.118623309742757,1.0816148559697667,0.3414539750485348,1777047068.494107,1777047068.505031,0.918422773789514
1777047068.7184517,67.03570699691772,-1.4572743560465493,11.929937653896399,0.2,0.3451996657208252,4.12241222113519,1.0827719360419752,0.020783869769384282,0.34889172640691357,1777047068.6826718,4.12241222113519,1.0827719360419752,0.3451996657208252,1777047068.659512,1777047068.67165,1.0182707922767171
1777047068.9193654,67.23662066459656,-1.4572743560465493,11.929937653896399,0.2,0.3493199089900872,4.12655594941489,1.0840542754338574,0.03622595450190287,0.35597478400179944,1777047068.9360344,4.128431977144702,1.0846407268506284,0.35119274263509587,1777047068.917856,1777047068.8977172,0.9275293111700993
1777047069.1186714,67.43592667579651,-1.4572743560465493,11.929937653896399,0.2,0.3543765553566293,4.131611511910662,1.0856431343389876,0.024918210026561693,0.3597552489074587,1777047069.0822303,4.131611511910662,1.0856431343389876,0.3543765553566293,1777047069.073709,1777047069.1151667,0.943855871408435
1777047069.3188012,67.63605642318726,-1.4572743560465493,11.929937653896399,0.2,0.35924590830036607,4.136452893809812,1.0871901749897759,0.022914832949860058,0.3641649795470444,1777047069.296898,4.136452893809812,1.0871901749897759,0.35924590830036607,1777047069.2939,1777047069.2720356,1.077210539717907
1777047069.5183196,67.83557486534119,-1.4572743560465493,11.929937653896399,0.2,0.36317884258076916,4.140346327979403,1.0884526575729172,0.03617573177094199,0.368823512325169,1777047069.5271406,4.140346327979403,1.0884526575729172,0.36317884258076916,1777047069.469002,1777047069.5153089,0.9110560649567876
1777047069.7186935,68.03594875335693,-1.4572743560465493,11.929937653896399,0.2,0.3678609035329563,4.144963930546523,1.0899714332744888,0.019112391678793153,0.3719030773324887,1777047069.6644275,4.144963930546523,1.0899714332744888,0.3678609035329563,1777047069.68607,1777047069.6644275,0.9452984155646423
1777047069.918785,68.23604035377502,-1.4572743560465493,11.929937653896399,0.2,0.3729175267443869,4.149931885021837,1.0916317539022802,0.016983826708933208,0.37648766600497746,1777047069.8746357,4.149931885021837,1.0916317539022802,0.3729175267443869,1777047069.911787,1777047069.8846674,0.987385548725184
1777047070.1177208,68.43497610092163,-1.4572743560465493,11.929937653896399,0.2,0.3762886078468561,4.153233876953781,1.09275053358518,0.023492499578658496,0.38168023861847206,1777047070.10414,4.153233876953781,1.09275053358518,0.3762886078468561,1777047070.06352,1777047070.1136584,0.9510496672557386
1777047070.319127,68.63638234138489,-1.4572743560465493,11.929937653896399,0.2,0.3809706639182755,4.15780786475189,1.0943205666275282,0.05326633264752795,0.38918756223663126,1777047070.2584007,4.15780786475189,1.0943205666275282,0.3809706639182755,1777047070.273956,1777047070.2659166,1.0160829251352517
1777047070.5184586,68.8357138633728,-1.4572743560465493,11.929937653896399,0.2,0.38621456604645316,4.162915257924425,1.0961017524036434,0.026712865852407838,0.39207563441053145,1777047070.4778106,4.162915257924425,1.0961017524036434,0.38621456604645316,1777047070.504426,1777047070.4983964,0.9787540542873158
1777047070.7299368,69.0471920967102,-1.4572743560465493,11.929937653896399,0.2,0.3899602100543919,4.166554075373695,1.097388981737357,0.02326772696663012,0.3940347738712192,1777047070.733948,4.166554075373695,1.097388981737357,0.3899602100543919,1777047070.681276,1777047070.7439418,0.9067237774854302
1777047070.918439,69.23569416999817,-1.4572743560465493,11.929937653896399,0.2,0.3946422647365404,4.171092330567535,1.0990157716786788,0.02044130370611825,0.39955572700657177,1777047070.8932965,4.171092330567535,1.0990157716786788,0.3946422647365404,1777047070.898295,1777047070.8998003,1.0178242556343433
1777047071.1230352,69.4402904510498,-1.4572743560465493,11.929937653896399,0.2,0.39876247280036914,4.175076994360179,1.1004638176735093,0.02481890716800381,0.4028132887967113,1777047071.0565114,4.175076994360179,1.1004638176735093,0.39876247280036914,1777047071.070678,1777047071.1265464,1.0928922828706036
1777047071.323031,69.6402862071991,-1.4572743560465493,11.929937653896399,0.2,0.4032572450753263,4.179414697564701,1.1020612361729387,0.02073537923225118,0.4078818585785642,1777047071.2795415,4.179414697564701,1.1020612361729387,0.4032572450753263,1777047071.284079,1777047071.3295205,1.0062613728902046
1777047071.5187278,69.83598303794861,-1.4572743560465493,11.929937653896399,0.2,0.4081265815671325,4.184103422601492,1.1038127916504656,0.01782109827615236,0.4118357101562237,1777047071.4876728,4.184103422601492,1.1038127916504656,0.4081265815671325,1777047071.503176,1777047071.4661443,1.076960330310501
1777047071.7188234,70.03607869148254,-1.4572743560465493,11.929937653896399,0.2,0.4116849428866578,4.187523112399454,1.105106667438446,0.030879722241371137,0.41683209579988345,1777047071.7258325,4.187523112399454,1.105106667438446,0.4116849428866578,1777047071.666874,1777047071.6907723,0.936774884952035
1777047071.9206414,70.23789668083191,-1.4572743560465493,11.929937653896399,0.2,0.416928843670755,4.192552606774872,1.1070349055729578,0.024910993173624413,0.4221983425238204,1777047071.8658898,4.192552606774872,1.1070349055729578,0.416928843670755,1777047071.884701,1777047071.9256344,0.9952685296670126
1777047072.1180031,70.43525838851929,-1.4572743560465493,11.929937653896399,0.2,0.4202999227023066,4.195779633656919,1.108288036424529,0.016872185859822385,0.42412982840745356,1777047072.092885,4.197570346501013,1.1089888108346189,0.42217274440836405,1777047072.122524,1777047072.0665526,1.0288856909218058
1777047072.3185892,70.63584446907043,-1.4572743560465493,11.929937653896399,0.2,0.425918387835134,4.2011473491304585,1.110400209478627,0.026595285666964237,0.43115854753512745,1777047072.2899184,4.2011473491304585,1.110400209478627,0.425918387835134,1777047072.299577,1777047072.2743578,1.0508662112323601
1777047072.5182712,70.83552646636963,-1.4572743560465493,11.929937653896399,0.2,0.4296640311971771,4.20471849011544,1.1118247547628493,0.021825410270093232,0.4332024470301788,1777047072.5218873,4.2059670105767735,1.112326453729019,0.4309750063634441,1777047072.525027,1777047072.4996989,0.9630222657510132
1777047072.7182918,71.03554701805115,-1.4572743560465493,11.929937653896399,0.2,0.43490793189718335,4.2097082949501985,1.1138412250974288,0.023413363749774842,0.4403523390071751,1777047072.6845763,4.2097082949501985,1.1138412250974288,0.43490793189718335,1777047072.688578,1777047072.724387,0.9572224253051851
1777047072.918623,71.23587822914124,-1.4572743560465493,11.929937653896399,0.2,0.4395899861441954,4.214153856813619,1.1156634516120736,0.07476143046512958,0.4553263761740002,1777047072.8950644,4.214153856813619,1.1156634516120736,0.4395899861441954,1777047072.909609,1777047072.882035,0.9990228428912485
1777047073.122257,71.43951225280762,-1.4572743560465493,11.929937653896399,0.2,0.4435229116488966,4.217881122575861,1.1172100225720605,0.02491810490232958,0.4476922686956342,1777047073.0623868,4.217881122575861,1.1172100225720605,0.4435229116488966,1777047073.082947,1777047073.0930898,0.9104136047028865
1777047073.3272457,71.64450097084045,-1.4572743560465493,11.929937653896399,0.2,0.4467067084926253,4.2208937442561,1.1184726401020078,0.0321683259299856,0.4534758556433285,1777047073.2728157,4.2208937442561,1.1184726401020078,0.4467067084926253,1777047073.236707,1777047073.2569563,0.9190826675214689
1777047073.518637,71.83589220046997,-1.4572743560465493,11.929937653896399,0.2,0.4525124557386358,4.226376524553077,1.1207995379659683,0.018683244943836386,0.4555917382563074,1777047073.437631,4.226376524553077,1.1207995379659683,0.4525124557386358,1777047073.493628,1777047073.518637,0.9901353358892291
1777047073.7214754,72.03873062133789,-1.4572743560465493,11.929937653896399,0.2,0.4562580990736321,4.229906357439988,1.1223175301561172,0.020715146073541028,0.46091300423066184,1777047073.7257013,4.231316649634489,1.1229284066599323,0.45775635640585755,1777047073.724132,1777047073.6774175,1.0116939749513714
1777047073.9183588,72.23561406135559,-1.4572743560465493,11.929937653896399,0.2,0.4616892819403633,4.2350141893185755,1.124541954332531,0.020594036945693693,0.46614838775264983,1777047073.8788652,4.2350141893185755,1.124541954332531,0.4616892819403633,1777047073.897755,1777047073.9047968,1.0178338768539394
1777047074.1186209,72.43587613105774,-1.4572743560465493,11.929937653896399,0.2,0.46506036098140946,4.238178328391624,1.1259365098618546,0.026712859410490827,0.47104833984629,1777047074.1030262,4.238178328391624,1.1259365098618546,0.46506036098140946,1777047074.061939,1777047074.06394,0.9672856860153766
1777047074.3242667,72.64152193069458,-1.4572743560465493,11.929937653896399,0.2,0.46918056865151936,4.242039080309577,1.1276553852030262,0.01689686463911111,0.47211053205891285,1777047074.276429,4.242039080309577,1.1276553852030262,0.46918056865151936,1777047074.236657,1777047074.2879298,1.0144312016856172
1777047074.5178285,72.83508372306824,-1.4572743560465493,11.929937653896399,0.2,0.4746117515159406,4.247117207580438,1.1299453756271134,0.022300657246925162,0.479782513097159,1777047074.5082948,4.247117207580438,1.1299453756271134,0.4746117515159406,1777047074.486189,1777047074.5138333,1.0913563686230314
1777047074.7182896,73.03554487228394,-1.4572743560465493,11.929937653896399,0.2,0.47835739488762746,4.250611992740949,1.131540690564593,0.04680719481921639,0.48655901911488336,1777047074.6835163,4.252008211731984,1.132182471555838,0.47985565222481696,1777047074.721822,1777047074.6885166,1.0592273300335624
1777047074.9196756,73.23693084716797,-1.4572743560465493,11.929937653896399,0.2,0.4830394490553269,4.254971945246285,1.1335531835745267,0.02832840491053867,0.48754456145115277,1777047074.9256907,4.254971945246285,1.1335531835745267,0.4830394490553269,1777047074.878271,1777047074.9286919,0.9566486392724032
1777047075.1182625,73.43551778793335,-1.4572743560465493,11.929937653896399,0.2,0.48678509241067675,4.258453035247698,1.1351778346304702,0.01866859210073462,0.4916050901390129,1777047075.1007354,4.260365014623969,1.1360769382291218,0.4888451962673858,1777047075.118262,1777047075.1007354,1.0232093748573365
1777047075.320851,73.63810634613037,-1.4572743560465493,11.929937653896399,0.2,0.4920289931228324,4.263316214328175,1.1374741933879935,0.01671386746818641,0.49471679786458617,1777047075.3283584,4.263316214328175,1.1374741933879935,0.4920289931228324,1777047075.261548,1777047075.2720895,0.97903594059756
1777047075.518414,73.83566927909851,-1.4572743560465493,11.929937653896399,0.2,0.49689832945805534,4.267821122276814,1.1396293050647999,0.019649748418130514,0.5009554929055134,1777047075.4680223,4.267821122276814,1.1396293050647999,0.49689832945805534,1777047075.472764,1777047075.4838235,1.0400579235587304
1777047075.7221103,74.03936553001404,-1.4572743560465493,11.929937653896399,0.2,0.5002694084834722,4.270933703595265,1.1411341299779008,0.0468099844113581,0.5117406282394001,1777047075.7130816,4.2726607091973445,1.1419746709678484,0.5021422301693308,1777047075.719588,1777047075.6570723,0.967238221497822
1777047075.9189038,74.23615908622742,-1.4572743560465493,11.929937653896399,0.2,0.5055133091870205,4.275765326437579,1.143495783028334,0.015698436031884044,0.5079809476727214,1777047075.8702717,4.275765326437579,1.143495783028334,0.5055133091870205,1777047075.874787,1777047075.8863099,1.0141578634417956
1777047076.1179566,74.43521189689636,-1.4572743560465493,11.929937653896399,0.2,0.5098207990234106,4.279724821435026,1.1454546308824225,0.0162471734942617,0.5133614732195909,1777047076.0881972,4.279724821435026,1.1454546308824225,0.5098207990234106,1777047076.064618,1777047076.125484,0.908119052355527
1777047076.318155,74.63541030883789,-1.4572743560465493,11.929937653896399,0.2,0.5145028532271123,4.284018981083606,1.1476031244493548,0.018672142136909223,0.5186189786419436,1777047076.3086393,4.284018981083606,1.1476031244493548,0.5145028532271123,1777047076.281565,1777047076.2835658,0.9107410895646783
1777047076.5181818,74.83543705940247,-1.4572743560465493,11.929937653896399,0.2,0.518061214414783,4.2872757736003875,1.149249406093815,0.028750396824281845,0.5222818972363851,1777047076.4554436,4.288816411617024,1.150033264450655,0.5197467539163486,1777047076.518182,1777047076.4554436,1.0241467840252947
1777047076.7179594,75.03521466255188,-1.4572743560465493,11.929937653896399,0.2,0.5234923972572743,4.292235299282974,1.1517844583154544,0.020899783029757837,0.5284950709472602,1777047076.6948085,4.292235299282974,1.1517844583154544,0.5234923972572743,1777047076.68386,1777047076.6815784,1.022698925844476
1777047076.9209452,75.23820042610168,-1.4572743560465493,11.929937653896399,0.2,0.5272380406208016,4.295647594076897,1.153548441509802,0.021978689079336033,0.5309974602831578,1777047076.865857,4.295647594076897,1.153548441509802,0.5272380406208016,1777047076.863856,1777047076.9279432,1.0478305334554638
1777047077.1193888,75.43664407730103,-1.4572743560465493,11.929937653896399,0.2,0.532669223477721,4.300583615903677,1.1561288848228688,0.01972227124484434,0.537333541116151,1777047077.102357,4.300583615903677,1.1561288848228688,0.532669223477721,1777047077.107356,1777047077.1018379,0.9534302699314555
1777047077.3180149,75.63527011871338,-1.4572743560465493,11.929937653896399,0.2,0.5367894311555625,4.304318785275529,1.1581043199715657,0.020749071395486457,0.5405351338720712,1777047077.2828808,4.304318785275529,1.1581043199715657,0.5367894311555625,1777047077.295932,1777047077.2708545,1.0206784147004355
1777047077.5228786,75.84013390541077,-1.4572743560465493,11.929937653896399,0.2,0.5403477923502704,4.307538034695705,1.1598227478525778,0.028532139978736465,0.5468721245858228,1777047077.5115469,4.309060801896206,1.160640735119619,0.5420333318618412,1777047077.525881,1777047077.4974701,0.9894572244056938
1777047077.7207701,76.03802537918091,-1.4572743560465493,11.929937653896399,0.2,0.5452171287047572,4.3119333663349675,1.162192819045967,0.024921267187378845,0.5495194433286953,1777047077.6841831,4.3119333663349675,1.162192819045967,0.5452171287047572,1777047077.675668,1777047077.7347918,0.9986633669973746
1777047077.921571,76.23882627487183,-1.4572743560465493,11.929937653896399,0.2,0.5504610293892078,4.3166538253204,1.1647691024148057,0.026746513201303383,0.5565600422714634,1777047077.9122133,4.3166538253204,1.1647691024148057,0.5504610293892078,1777047077.909878,1777047077.8867927,0.9113524730866488
1777047078.1197672,76.43702244758606,-1.4572743560465493,11.929937653896399,0.2,0.553832108415004,4.319681242613771,1.166438340390478,0.020749619517919267,0.5569728012328512,1777047078.1247745,4.320857048505291,1.167090242891845,0.555143083589507,1777047078.121774,1777047078.0961654,1.005115913301459
1777047078.3205953,76.637850522995,-1.4572743560465493,11.929937653896399,0.2,0.5583268804320856,4.323709009523721,1.168679847102613,0.03121347620172587,0.5644470244020902,1777047078.3315885,4.3250493537902,1.169431036010587,0.5598251377680894,1777047078.334607,1777047078.2995229,1.070471006440841
1777047078.5180645,76.83531975746155,-1.4572743560465493,11.929937653896399,0.2,0.5633834989507012,4.328228147812015,1.1712231511054063,0.02198976389098078,0.5680261485005277,1777047078.4707763,4.328228147812015,1.1712231511054063,0.5633834989507012,1777047078.486989,1777047078.5150595,1.0911187332110241
1777047078.7188518,77.03610706329346,-1.4572743560465493,11.929937653896399,0.2,0.5680655531493359,4.332401016203972,1.1735984086945643,0.02481890505159165,0.573461782590374,1777047078.6882005,4.332401016203972,1.1735984086945643,0.5680655531493359,1777047078.692719,1777047078.6882005,1.0035362281001174
1777047078.9207034,77.23795866966248,-1.4572743560465493,11.929937653896399,0.2,0.5714366321593971,4.335398570678125,1.175320678188491,0.026628643097886675,0.5775475453437698,1777047078.917687,4.336895166010633,1.1761855997256772,0.5731221716632913,1777047078.92471,1777047078.9237094,0.9770014040355438
1777047079.1178732,77.43512845039368,-1.4572743560465493,11.929937653896399,0.2,0.5761186863440173,4.3395521716755425,1.177729461782211,0.017810995754361236,0.5787095779955563,1777047079.0631528,4.3395521716755425,1.177729461782211,0.5761186863440173,1777047079.061152,1777047079.1346285,0.9459269669917183
1777047079.3180554,77.63531064987183,-1.4572743560465493,11.929937653896399,0.2,0.5809880227091143,4.343859901490392,1.1802551971304118,0.016817640330936925,0.584853305636566,1777047079.2929878,4.343859901490392,1.1802551971304118,0.5809880227091143,1777047079.289961,1777047079.2809446,1.0012897143567403
1777047079.5190039,77.83625912666321,-1.4572743560465493,11.929937653896399,0.2,0.586044641224131,4.348320238817991,1.182900244548993,0.02182480393159347,0.5908791145323157,1777047079.5145006,4.348320238817991,1.182900244548993,0.586044641224131,1777047079.516499,1777047079.519525,0.9874858599946948
1777047079.7278178,78.04507303237915,-1.4572743560465493,11.929937653896399,0.2,0.5892284380729232,4.351121714787178,1.1845772025438563,0.02483224308926864,0.5926451816643554,1777047079.6520936,4.351121714787178,1.1845772025438563,0.5892284380729232,1777047079.654082,1777047079.6560855,0.9444205889474949
1777047079.9181795,78.2354347705841,-1.4572743560465493,11.929937653896399,0.2,0.5948469031061467,4.356052418029531,1.1875582667813391,0.023372261712618615,0.6006481923907363,1777047079.9003062,4.356052418029531,1.1875582667813391,0.5948469031061467,1777047079.904316,1777047079.9073172,0.9832681388205394
1777047080.1204998,78.43775510787964,-1.4572743560465493,11.929937653896399,0.2,0.5980306999486642,4.3588390233640695,1.1892598185826773,0.01963354104506877,0.6022944130768986,1777047080.117471,4.360312087737541,1.190164229478326,0.5997162394544011,1777047080.128007,1777047080.1204998,1.0350240617453532
1777047080.3210244,78.63827967643738,-1.4572743560465493,11.929937653896399,0.2,0.6029000363053125,4.363090374101074,1.1918793299044688,0.019125863645592298,0.6056552560824054,1777047080.2615283,4.363090374101074,1.1918793299044688,0.6029000363053125,1777047080.276092,1777047080.2715695,0.9702834551280847
1777047080.518554,78.83580923080444,-1.4572743560465493,11.929937653896399,0.2,0.6081439370007233,4.367654427043426,1.1947234565166065,0.023241562930182265,0.6133696347792761,1777047080.486371,4.367654427043426,1.1947234565166065,0.6081439370007233,1777047080.508029,1777047080.511545,0.9853658871920563
1777047080.7191138,79.03636908531189,-1.4572743560465493,11.929937653896399,0.2,0.6115150160110385,4.370580559803911,1.1965644461606533,0.021997153291750508,0.6165245019406884,1777047080.7141044,4.370580559803911,1.1965644461606533,0.6115150160110385,1777047080.670489,1777047080.6619833,1.0447692722420645
1777047080.918022,79.23527717590332,-1.4572743560465493,11.929937653896399,0.2,0.6167589167053604,4.375119940525407,1.1994477859268988,0.016209288824821866,0.6190903383510905,1777047080.9229505,4.375119940525407,1.1994477859268988,0.6167589167053604,1777047080.902617,1777047080.8749807,1.0823742589074534
1777047081.1189623,79.43621754646301,-1.4572743560465493,11.929937653896399,0.2,0.6206918422260462,4.378514519160607,1.2016258904475943,0.017452472701899497,0.6244952692940907,1777047081.0758674,4.378514519160607,1.2016258904475943,0.6206918422260462,1777047081.071335,1777047081.088889,0.9819629407829232
1777047081.3180683,79.6353235244751,-1.4572743560465493,11.929937653896399,0.2,0.625561178576243,4.382705419824399,1.2043410613206211,0.016595574840816706,0.6291304483608613,1777047081.290941,4.382705419824399,1.2043410613206211,0.625561178576243,1777047081.297453,1777047081.3145485,0.9113339050405941
1777047081.5224278,79.83968305587769,-1.4572743560465493,11.929937653896399,0.2,0.6302432327693515,4.386722617989624,1.2069710176106494,0.02076772275532859,0.6347906729546335,1777047081.5099077,4.386722617989624,1.2069710176106494,0.6302432327693515,1777047081.507906,1777047081.5199733,1.038592888548846
1777047081.7184312,80.03568649291992,-1.4572743560465493,11.929937653896399,0.2,0.6345507226229792,4.390407527925349,1.209407165156759,0.02495134819518368,0.6384784071884604,1777047081.6673214,4.390407527925349,1.209407165156759,0.6345507226229792,1777047081.702409,1777047081.694869,0.993127658975544
1777047081.920382,80.23763728141785,-1.4572743560465493,11.929937653896399,0.2,0.6392327768074182,4.394400921526452,1.2120731275578713,0.017781965909415068,0.6427262389414882,1777047081.9338942,4.394400921526452,1.2120731275578713,0.6392327768074182,1777047081.916369,1777047081.843741,0.9757232756753981
1777047082.118371,80.43562626838684,-1.4572743560465493,11.929937653896399,0.2,0.6431657023299185,4.397745695586929,1.2143269650625845,0.02076991923224321,0.6477568092924721,1777047082.0848284,4.397745695586929,1.2143269650625845,0.6431657023299185,1777047082.083828,1777047082.078318,0.9061510775493864
1777047082.3200693,80.6373245716095,-1.4572743560465493,11.929937653896399,0.2,0.6465367813465388,4.400605570913079,1.2162692833398103,0.019685203087782755,0.6500407563571488,1777047082.2628288,4.400605570913079,1.2162692833398103,0.6465367813465388,1777047082.265828,1777047082.3125434,1.05698596882794
1777047082.51865,80.83590531349182,-1.4572743560465493,11.929937653896399,0.2,0.6525298107037498,4.405673565494996,1.2197460567912264,0.018716632386690333,0.6568214858378061,1777047082.4921262,4.405673565494996,1.2197460567912264,0.6525298107037498,1777047082.51065,1777047082.4846292,0.9493900362476815
1777047082.7183464,81.03560161590576,-1.4572743560465493,11.929937653896399,0.2,0.6557136075551356,4.408357437140246,1.2216054289486116,0.026682009002188745,0.6614055922869937,1777047082.705453,4.409618384103066,1.2224833822206507,0.6572118648967118,1777047082.720867,1777047082.7014263,1.0506851321756205
1777047082.9179697,81.2352249622345,-1.4572743560465493,11.929937653896399,0.2,0.6607702260787276,4.412607850355463,1.2245760853321366,0.017815843228158563,0.663692785305221,1777047082.8694956,4.412607850355463,1.2245760853321366,0.6607702260787276,1777047082.889826,1777047082.8659885,0.9372717922196068
1777047083.1179678,81.43522310256958,-1.4572743560465493,11.929937653896399,0.2,0.6641413050919152,4.415433090376823,1.2265684469127363,0.017787200405027608,0.6676645439767683,1777047083.142759,4.415433090376823,1.2265684469127363,0.6641413050919152,1777047083.064574,1777047083.1209939,1.0068300809938477
1777047083.321982,81.63923716545105,-1.4572743560465493,11.929937653896399,0.2,0.669010641451429,4.419502098491672,1.2294630907742388,0.02983698656031634,0.6758804831457876,1777047083.2978187,4.419502098491672,1.2294630907742388,0.669010641451429,1777047083.301908,1777047083.2968185,0.9544930741339569
1777047083.5197165,81.83697175979614,-1.4572743560465493,11.929937653896399,0.2,0.6738799778069273,4.423556963344807,1.232377513657152,0.05505069337716842,0.6828005493984587,1777047083.5287507,4.423556963344807,1.232377513657152,0.6738799778069273,1777047083.474411,1777047083.472409,1.0296413216567086
1777047083.7179527,82.03520798683167,-1.4572743560465493,11.929937653896399,0.2,0.6794984428322177,4.428217953532777,1.2357647964782408,0.016930369310628433,0.683237203927844,1777047083.6806931,4.428217953532777,1.2357647964782408,0.6794984428322177,1777047083.71545,1777047083.6877704,0.9357025597056242
1777047083.920476,82.23773121833801,-1.4572743560465493,11.929937653896399,0.2,0.6826822396830422,4.430850710271548,1.2376958642555032,0.017658049785495945,0.6863480739297664,1777047083.8882945,4.43208752424434,1.2386075002481207,0.6841804970236929,1777047083.923477,1777047083.9109278,1.0348450894189722
1777047084.119865,82.43712019920349,-1.4572743560465493,11.929937653896399,0.2,0.6879261403723786,4.43517357135628,1.2408946884412622,0.019423811079311116,0.691279704953284,1777047084.0609467,4.43517357135628,1.2408946884412622,0.6879261403723786,1777047084.08958,1777047084.0850728,1.039839689782203
1777047084.317909,82.63516426086426,-1.4572743560465493,11.929937653896399,0.2,0.6916717837229092,4.43825102982073,1.2431934198177668,0.020760587385895514,0.6964933355840284,1777047084.2931921,4.43825102982073,1.2431934198177668,0.6916717837229092,1777047084.270634,1777047084.3103867,0.9177034760512397
1777047084.5179477,82.83520293235779,-1.4572743560465493,11.929937653896399,0.2,0.6974775309197422,4.443004016199093,1.2467791901906493,0.019437749787341346,0.7014255040771686,1777047084.4963007,4.443004016199093,1.2467791901906493,0.6974775309197422,1777047084.513943,1777047084.4533412,1.003718924137468
1777047084.7188835,83.03613877296448,-1.4572743560465493,11.929937653896399,0.2,0.7010358921011512,4.445906817615121,1.2489905376306814,0.026659370236125315,0.705763888099594,1777047084.673649,4.445906817615121,1.2489905376306814,0.7010358921011512,1777047084.680163,1777047084.686286,1.028902657221038
1777047084.9182634,83.23551869392395,-1.4572743560465493,11.929937653896399,0.2,0.7059052284581002,4.44986628376866,1.252033302213169,0.021955958996061297,0.7105649147403206,1777047084.8858778,4.44986628376866,1.252033302213169,0.7059052284581002,1777047084.900962,1777047084.9029622,1.002636356156999
1777047085.1185522,83.43580746650696,-1.4572743560465493,11.929937653896399,0.2,0.7096508718108554,4.452901917882325,1.2543869890752397,0.01694863409422531,0.7132977805618288,1777047085.101052,4.452901917882325,1.2543869890752397,0.7096508718108554,1777047085.065316,1777047085.0673158,0.942616895895611
1777047085.3182306,83.63548588752747,-1.4572743560465493,11.929937653896399,0.2,0.7143329259976082,4.456684028003637,1.2573450601618028,0.01625423353505102,0.7169901300484224,1777047085.2645297,4.456684028003637,1.2573450601618028,0.7143329259976082,1777047085.293613,1777047085.2906075,0.986528813654154
1777047085.5195932,83.83684849739075,-1.4572743560465493,11.929937653896399,0.2,0.7186404158520352,4.460151302488043,1.2600820981678582,0.01895784590246307,0.7222232839500285,1777047085.5215988,4.461354543166384,1.2610376089151285,0.7201386731933647,1777047085.528599,1777047085.525601,1.0895707709230475
1777047085.7187781,84.03603339195251,-1.4572743560465493,11.929937653896399,0.2,0.7238843165448792,4.464356369791673,1.2634342634880449,0.028768296808009835,0.7301134702745276,1777047085.6700494,4.464356369791673,1.2634342634880449,0.7238843165448792,1777047085.689707,1777047085.6784651,1.0740350591174674
1777047085.9179242,84.23517942428589,-1.4572743560465493,11.929937653896399,0.2,0.7283790885644253,4.467946680603074,1.2663250655729517,0.02196086958886416,0.7330283137888678,1777047085.8817544,4.467946680603074,1.2663250655729517,0.7283790885644253,1777047085.901874,1777047085.8938227,0.9668923263245541
1777047086.122341,84.43959617614746,-1.4572743560465493,11.929937653896399,0.2,0.7321247319167785,4.4709286560801855,1.2687463748185497,0.016473070041002985,0.7358555725752334,1777047086.1082356,4.4709286560801855,1.2687463748185497,0.7321247319167785,1777047086.066915,1777047086.127342,0.983564552575838
1777047086.3179305,84.63518571853638,-1.4572743560465493,11.929937653896399,0.2,0.7356830931014011,4.473753113566927,1.271056949052635,0.03312885767749725,0.7413585144643845,1777047086.2795491,4.473753113566927,1.271056949052635,0.7356830931014011,1777047086.260777,1777047086.3038628,0.9944916546754574
1777047086.5208075,84.83806276321411,-1.4572743560465493,11.929937653896399,0.2,0.7416761224614907,4.478491451224186,1.2749711121539609,0.019745075649648124,0.7459743148196748,1777047086.4972334,4.478491451224186,1.2749711121539609,0.7416761224614907,1777047086.485747,1777047086.4636836,0.9255970745474801
1777047086.719491,85.03674626350403,-1.4572743560465493,11.929937653896399,0.2,0.7454217658139727,4.481440967767868,1.2774318576390675,0.026735589148340483,0.7511077023970523,1777047086.7099063,4.482765238866387,1.2785427938972318,0.7471073053226114,1777047086.723495,1777047086.6782281,0.9225070179234183
1777047086.9183784,85.23563361167908,-1.4572743560465493,11.929937653896399,0.2,0.7501038200033374,4.485114868022018,1.2805232971553628,0.020187565064371873,0.7542817799619008,1777047086.9168634,4.485114868022018,1.2805232971553628,0.7501038200033374,1777047086.872081,1777047086.9118702,0.9896637075110057
1777047087.118164,85.43541932106018,-1.4572743560465493,11.929937653896399,0.2,0.7542240276884852,4.488335896497018,1.283257967107001,0.026255710426130528,0.7579421840419823,1777047087.0584767,4.488335896497018,1.283257967107001,0.7542240276884852,1777047087.049835,1777047087.1166575,1.0527421188439263
1777047087.3198452,85.63710045814514,-1.4572743560465493,11.929937653896399,0.2,0.7590933640465467,4.492128000460341,1.286506926285881,0.029368465427932824,0.7652178207215307,1777047087.340826,4.492128000460341,1.286506926285881,0.7590933640465467,1777047087.265021,1777047087.340826,1.0734387019597744
1777047087.5186427,85.83589792251587,-1.4572743560465493,11.929937653896399,0.2,0.7643372647378834,4.496194059444059,1.2900264102770547,0.021992226448271982,0.7690760782474161,1777047087.482492,4.496194059444059,1.2900264102770547,0.7643372647378834,1777047087.503626,1777047087.482492,1.0718762315943065
1777047087.7208223,86.03807759284973,-1.4572743560465493,11.929937653896399,0.2,0.7677083437534787,4.498798186225834,1.292300175535978,0.017733392283217488,0.7708826572650708,1777047087.661494,4.498798186225834,1.292300175535978,0.7677083437534787,1777047087.664656,1777047087.703722,1.0119990779159704
1777047087.9192255,86.23648071289062,-1.4572743560465493,11.929937653896399,0.2,0.7727649622791812,4.502689967496627,1.2957272511692604,0.0224024168589241,0.7774615176982221,1777047087.871139,4.502689967496627,1.2957272511692604,0.7727649622791812,1777047087.885656,1777047087.926267,0.90554164729625
1777047088.1185076,86.43576288223267,-1.4572743560465493,11.929937653896399,0.2,0.7759487591275986,4.505131438552448,1.2978951186627565,0.02494738604238675,0.7813181014576968,1777047088.0863657,4.505131438552448,1.2978951186627565,0.7759487591275986,1777047088.048674,1777047088.073314,0.9455504099514339
1777047088.319559,86.63681435585022,-1.4572743560465493,11.929937653896399,0.2,0.7817545063215318,4.509565714957688,1.3018682560525368,0.025672212061673427,0.7862848887644087,1777047088.262836,4.509565714957688,1.3018682560525368,0.7817545063215318,1777047088.298458,1777047088.3100064,0.9290284404437152
1777047088.5195878,86.83684301376343,-1.4572743560465493,11.929937653896399,0.2,0.785312867506347,4.512272068394182,1.3043161049929444,0.020735378526193466,0.7894288532742623,1777047088.5404904,4.513408976623085,1.3053496564351816,0.7868111248470389,1777047088.528767,1777047088.541495,1.086409538145402
1777047088.7186768,87.0359320640564,-1.4572743560465493,11.929937653896399,0.2,0.790744050365241,4.516385980489686,1.30807082182838,0.02197868898677706,0.7963228895446387,1777047088.715166,4.516385980489686,1.30807082182838,0.790744050365241,1777047088.71317,1777047088.70565,1.0376195026768489
1777047088.918982,87.23623728752136,-1.4572743560465493,11.929937653896399,0.2,0.7946769758841611,4.519352259216303,1.3108036744842853,0.026215403308432254,0.7990742129239619,1777047088.882901,4.519352259216303,1.3108036744842853,0.7946769758841611,1777047088.8809,1777047088.8777516,0.9442000091387835
1777047089.1196797,87.43693494796753,-1.4572743560465493,11.929937653896399,0.2,0.7999208765771577,4.523290534688993,1.31446558512333,0.01965810817857772,0.8031025690270756,1777047089.0447524,4.523290534688993,1.31446558512333,0.7999208765771577,1777047089.113169,1777047089.1141675,1.0745863728369043
1777047089.3179667,87.6352219581604,-1.4572743560465493,11.929937653896399,0.2,0.8029173912578083,4.525532338847783,1.316567361617796,0.024944217217927785,0.8087122610868457,1777047089.2770655,4.525532338847783,1.316567361617796,0.8029173912578083,1777047089.264051,1777047089.2740655,0.9227851157129063
1777047089.5196395,87.83689475059509,-1.4572743560465493,11.929937653896399,0.2,0.8081612919498031,4.529440305277682,1.3202616005936008,0.019688656910823294,0.8126982314466867,1777047089.5074997,4.529440305277682,1.3202616005936008,0.8081612919498031,1777047089.494989,1777047089.5151334,1.0934818935589112
1777047089.7226665,88.03992176055908,-1.4572743560465493,11.929937653896399,0.2,0.8122814996371854,4.532497227854377,1.323178562804511,0.03747880837208522,0.8171873917152237,1777047089.7266595,4.532497227854377,1.323178562804511,0.8122814996371854,1777047089.673996,1777047089.7308178,0.9595888101217652
1777047089.918602,88.23585724830627,-1.4572743560465493,11.929937653896399,0.2,0.8177126824961319,4.536508396674443,1.3270428474663836,0.02194001464917101,0.8232775987264682,1777047089.8920398,4.536508396674443,1.3270428474663836,0.8177126824961319,1777047089.915375,1777047089.889022,0.9662309364032289
1777047090.117946,88.4352011680603,-1.4572743560465493,11.929937653896399,0.2,0.8212710436803885,4.539124999416769,1.3295864086411304,0.02005817743609853,0.8251057897686642,1777047090.083221,4.539124999416769,1.3295864086411304,0.8212710436803885,1777047090.086224,1777047090.0798821,1.0624345177709849
1777047090.317968,88.6352231502533,-1.4572743560465493,11.929937653896399,0.2,0.8250166870325337,4.541869521598655,1.332273882206129,0.017804132924091783,0.8283180743303188,1777047090.268649,4.542964508669433,1.3333517468637384,0.8265149443730931,1777047090.332521,1777047090.314926,0.9337878671578002
1777047090.5187464,88.83600163459778,-1.4572743560465493,11.929937653896399,0.2,0.8300733055565468,4.545558621239523,1.3359182412301425,0.018548248985335847,0.8342164470166974,1777047090.4920201,4.545558621239523,1.3359182412301425,0.8300733055565468,1777047090.479897,1777047090.4758976,0.9228507342757085
1777047090.7189646,89.03621983528137,-1.4572743560465493,11.929937653896399,0.2,0.8353172062492256,4.5493648386815675,1.3397172295190978,0.020382955647930384,0.839667262000549,1777047090.7054365,4.5493648386815675,1.3397172295190978,0.8353172062492256,1777047090.711966,1777047090.7019293,0.9279790903168104
1777047090.9184418,89.23569703102112,-1.4572743560465493,11.929937653896399,0.2,0.8386882852659622,4.551801151939703,1.3421699550359445,0.01770820678094701,0.8415973588197381,1777047090.9385674,4.551801151939703,1.3421699550359445,0.8386882852659622,1777047090.874238,1777047090.8697147,1.0085084779584281
1777047091.1189299,89.43618512153625,-1.4572743560465493,11.929937653896399,0.2,0.8439321859576693,4.555574500331857,1.346001592433245,0.018555697553949042,0.8476969543606158,1777047091.072605,4.555574500331857,1.346001592433245,0.8439321859576693,1777047091.108862,1777047091.0918963,1.091568302147174
1777047091.3204753,89.6377305984497,-1.4572743560465493,11.929937653896399,0.2,0.8478651114773079,4.55839129744096,1.3488882768941333,0.016956317073538948,0.8516728830589009,1777047091.2971685,4.55839129744096,1.3488882768941333,0.8478651114773079,1777047091.278085,1777047091.2638865,0.9758070237834037
1777047091.5196846,89.83693981170654,-1.4572743560465493,11.929937653896399,0.2,0.8514234726616995,4.56093002787028,1.351509566876204,0.026629545887343294,0.8557181756732205,1777047091.5307343,4.562262450864774,1.3528928171213983,0.8532962943373814,1777047091.517079,1777047091.4927506,1.0668141882979048
1777047091.7181141,90.03536939620972,-1.4572743560465493,11.929937653896399,0.2,0.8566673733535577,4.564654274970754,1.3553889465650517,0.021989148296504446,0.8614436636643054,1777047091.6756556,4.564654274970754,1.3553889465650517,0.8566673733535577,1777047091.682891,1777047091.6405885,1.0643995596392912
1777047091.918243,90.23549818992615,-1.4572743560465493,11.929937653896399,0.2,0.860413016705575,4.567301971178428,1.3581718624755965,0.019778385152932423,0.8649517563717458,1777047091.9051354,4.568358127875947,1.3592878024097053,0.8619112740464656,1777047091.921781,1777047091.8708518,0.9187374567070243
1777047092.1180253,90.43528056144714,-1.4572743560465493,11.929937653896399,0.2,0.8654696352306478,4.5708597900130865,1.3619444920631811,0.026758357561695298,0.8695754248187881,1777047092.1255698,4.5708597900130865,1.3619444920631811,0.8654696352306478,1777047092.07671,1777047092.1065884,0.9276038977711373
1777047092.3183265,90.63558173179626,-1.4572743560465493,11.929937653896399,0.2,0.8707135359227438,4.574529181122941,1.3658757987316765,0.022956961295392847,0.8756598606474983,1777047092.2740357,4.574529181122941,1.3658757987316765,0.8707135359227438,1777047092.307592,1777047092.2740357,1.027570297496389
1777047092.518182,90.83543729782104,-1.4572743560465493,11.929937653896399,0.2,0.8738973327720849,4.576746949692557,1.36827203181013,0.017806150849178564,0.878200029663883,1777047092.5156767,4.576746949692557,1.36827203181013,0.8738973327720849,1777047092.455402,1777047092.5031526,0.9265407113986113
1777047092.7181745,91.03542971611023,-1.4572743560465493,11.929937653896399,0.2,0.8789539512970733,4.580253575287732,1.3720922917229874,0.021997153306772682,0.8825987056242596,1777047092.6813688,4.580253575287732,1.3720922917229874,0.8789539512970733,1777047092.687365,1777047092.668341,1.0503083148182655
1777047092.9186704,91.23592567443848,-1.4572743560465493,11.929937653896399,0.2,0.8828868768162003,4.582967569011055,1.375075835119898,0.022897404089239064,0.8880448338499811,1777047092.9066327,4.582967569011055,1.375075835119898,0.8828868768162003,1777047092.868322,1777047092.8874164,0.9413194689754969
1777047093.1205366,91.43779182434082,-1.4572743560465493,11.929937653896399,0.2,0.8866325201683251,4.585541396857796,1.377927207840226,0.021937563737190757,0.8896545483645911,1777047093.0443885,4.586952444344596,1.379499566187611,0.8886926240120037,1777047093.128536,1777047093.1462162,1.0325231123073124
1777047093.319916,91.63717126846313,-1.4572743560465493,11.929937653896399,0.2,0.8924382673637076,4.589509674556884,1.3823658337631892,0.02068459934217348,0.8964359397645992,1777047093.3266275,4.589509674556884,1.3823658337631892,0.8924382673637076,1777047093.291819,1777047093.293797,0.9238453940102845
1777047093.5185077,91.8357629776001,-1.4572743560465493,11.929937653896399,0.2,0.8958093463802044,4.591801988157133,1.3849536481139455,0.024867618864179753,0.9015105136670744,1777047093.4669173,4.591801988157133,1.3849536481139455,0.8958093463802044,1777047093.458386,1777047093.5205297,1.0306094967375872
1777047093.7182012,92.03545641899109,-1.4572743560465493,11.929937653896399,0.2,0.9012405292408339,4.595476772139101,1.3891391151078496,0.01716154733737686,0.9047951261241908,1777047093.674043,4.595476772139101,1.3891391151078496,0.9012405292408339,1777047093.702664,1777047093.674043,1.0620313101714427
1777047093.9350438,92.25229907035828,-1.4572743560465493,11.929937653896399,0.2,0.9047988904250639,4.597872041056429,1.3918921135057474,0.019091001424734005,0.9081363373038954,1777047093.9360447,4.597872041056429,1.3918921135057474,0.9047988904250639,1777047093.855458,1777047093.9560838,0.9331605051874472
1777047094.119045,92.43630027770996,-1.4572743560465493,11.929937653896399,0.2,0.9104173554528261,4.60163405680835,1.3962562572199226,0.020790808975675267,0.9154932266365728,1777047094.093001,4.60163405680835,1.3962562572199226,0.9104173554528261,1777047094.111042,1777047094.0990105,0.9336994390648012
1777047094.3185723,92.63582754135132,-1.4572743560465493,11.929937653896399,0.2,0.9141629988050477,4.604128419587117,1.3991773992061294,0.01697500474835524,0.9170166448147458,1777047094.2611096,4.604128419587117,1.3991773992061294,0.9141629988050477,1777047094.276013,1777047094.2683163,1.0599390030848057
1777047094.519838,92.83709335327148,-1.4572743560465493,11.929937653896399,0.2,0.9184704886596757,4.606983386527981,1.4025482348666074,0.024951348219323162,0.9245633994656416,1777047094.5053012,4.606983386527981,1.4025482348666074,0.9184704886596757,1777047094.466757,1777047094.4582486,1.0215136234906974
1777047094.7180479,93.03530311584473,-1.4572743560465493,11.929937653896399,0.2,0.9218415676763428,4.609207564499456,1.4051948396931655,0.02077211616022947,0.9250256121485525,1777047094.6585858,4.610439359940326,1.4066684109572631,0.9237143893524263,1777047094.715046,1777047094.6335557,0.971096600085254
1777047094.9187436,93.23599886894226,-1.4572743560465493,11.929937653896399,0.2,0.9276473148722558,4.613017135253676,1.4097704050849655,0.024994219953555316,0.9338614918911622,1777047094.9072104,4.613017135253676,1.4097704050849655,0.9276473148722558,1777047094.897718,1777047094.888105,0.9049822962163846
1777047095.1183293,93.4355845451355,-1.4572743560465493,11.929937653896399,0.2,0.9315802403917317,4.615582690749963,1.4128825133942833,0.04679882899348424,0.9392530741998625,1777047095.071164,4.615582690749963,1.4128825133942833,0.9315802403917317,1777047095.065818,1777047095.1239648,1.0136262718637465
1777047095.318392,93.63564729690552,-1.4572743560465493,11.929937653896399,0.2,0.9366368589169792,4.61886324261062,1.4168985796737303,0.020890334151175218,0.9413719121378509,1777047095.2978263,4.61886324261062,1.4168985796737303,0.9366368589169792,1777047095.305359,1777047095.2736347,1.03618605566556
1777047095.5186381,93.83589339256287,-1.4572743560465493,11.929937653896399,0.2,0.9403825022692284,4.621280165929694,1.419884111091383,0.013861517668039648,0.9425897873113659,1777047095.4570646,4.621280165929694,1.419884111091383,0.9403825022692284,1777047095.472613,1777047095.5009983,0.9454101486586435
1777047095.7197893,94.03704452514648,-1.4572743560465493,11.929937653896399,0.2,0.9446899921239735,4.624045780073071,1.4233286353973262,0.018634933330173627,0.9482569592333032,1777047095.7215068,4.624045780073071,1.4233286353973262,0.9446899921239735,1777047095.656991,1777047095.665708,1.022253589665394
1777047095.9187338,94.23598909378052,-1.4572743560465493,11.929937653896399,0.2,0.9495593284817065,4.627154226571291,1.4272367485723882,0.024937881988159622,0.9547702307929903,1777047095.8574328,4.627154226571291,1.4272367485723882,0.9495593284817065,1777047095.878493,1777047095.888014,0.9003888193721541
1777047096.1187282,94.43598341941833,-1.4572743560465493,11.929937653896399,0.2,0.9533049718339814,4.629532368726317,1.4302532624653959,0.01889855274203508,0.9574788206666586,1777047096.0782883,4.629532368726317,1.4302532624653959,0.9533049718339814,1777047096.053918,1777047096.0682533,0.9930484111374472
1777047096.3190844,94.63633966445923,-1.4572743560465493,11.929937653896399,0.2,0.958736154694404,4.632960566945114,1.4346429809352363,0.019457972372780793,0.962237357008659,1777047096.258225,4.632960566945114,1.4346429809352363,0.958736154694404,1777047096.295992,1777047096.308499,0.9077952068894233
1777047096.518395,94.83565020561218,-1.4572743560465493,11.929937653896399,0.2,0.9634182088846943,4.635896738004026,1.4384421177946567,0.02672740199931749,0.968801644032661,1777047096.459645,4.635896738004026,1.4384421177946567,0.9634182088846943,1777047096.49825,1777047096.5088727,1.0780849370330206
1777047096.7184663,95.03572154045105,-1.4572743560465493,11.929937653896399,0.2,0.9669765700693463,4.638116313500723,1.4413386325937625,0.020700952530607008,0.9711204286328906,1777047096.7222672,4.638116313500723,1.4413386325937625,0.9669765700693463,1777047096.671339,1777047096.6703374,1.004501726603872
1777047096.9184415,95.23569679260254,-1.4572743560465493,11.929937653896399,0.2,0.9722204707622479,4.641368446796036,1.4456215325780142,0.02496086255823918,0.9769836091446948,1777047096.9225802,4.641368446796036,1.4456215325780142,0.9722204707622479,1777047096.908958,1777047096.8757176,1.0704976816442786
1777047097.1184278,95.43568301200867,-1.4572743560465493,11.929937653896399,0.2,0.9757788319469167,4.643562440754425,1.4485374721997863,0.012873340185309357,0.9787984703091419,1777047097.0852118,4.643562440754425,1.4485374721997863,0.9757788319469167,1777047097.072757,1777047097.096241,1.016891834412954
1777047097.3182216,95.63547682762146,-1.4572743560465493,11.929937653896399,0.2,0.9812100148077123,4.646891127646989,1.453003120511558,0.023305000436797254,0.9862663499595016,1777047097.3021753,4.646891127646989,1.453003120511558,0.9812100148077123,1777047097.310204,1777047097.2552643,0.9586740538737416
1777047097.5210924,95.83834767341614,-1.4572743560465493,11.929937653896399,0.2,0.9843938116570135,4.648831134236665,1.4556292973578155,0.028754606659716627,0.9888754482878259,1777047097.5441058,4.648831134236665,1.4556292973578155,0.9843938116570135,1777047097.457034,1777047097.4715698,1.0994011640201513
1777047097.718318,96.03557324409485,-1.4572743560465493,11.929937653896399,0.2,0.9896377123502652,4.652008181727828,1.4599681880554378,0.01956166811382029,0.9939744119927575,1777047097.679727,4.652008181727828,1.4599681880554378,0.9896377123502652,1777047097.697036,1777047097.7000506,1.0342280042507215
1777047097.918364,96.23561930656433,-1.4572743560465493,11.929937653896399,0.2,0.994507048708237,4.65493788712419,1.464012024663442,0.01744588337258171,0.9983550762508027,1777047097.9002964,4.65493788712419,1.464012024663442,0.994507048708237,1777047097.914859,1777047097.9098537,1.023392121037217
1777047098.119814,96.43706917762756,-1.4572743560465493,11.929937653896399,0.2,0.9978781277252127,4.65695459371268,1.4668199383539808,0.01841346330904047,1.001791034335546,1777047098.112799,4.657847867065439,1.4680700789956678,0.9993763850661379,1777047098.13273,1777047098.124207,0.9620621492695534
1777047098.3178973,96.63515257835388,-1.4572743560465493,11.929937653896399,0.2,1.0023728997480674,4.6596287896670825,1.470574368318932,0.02193817641696973,1.0059268202648342,1777047098.274796,4.6596287896670825,1.470574368318932,1.0023728997480674,1777047098.27679,1777047098.2767904,1.058172233006605
1777047098.5187833,96.83603858947754,-1.4572743560465493,11.929937653896399,0.2,1.0063058252680452,4.661954847827517,1.4738693260681734,0.019627163678602767,1.0101661112124745,1777047098.4714768,4.662947759503512,1.475284246460007,1.0079913647765553,1777047098.519819,1777047098.5218298,0.938198973978345
1777047098.7188525,97.0361077785492,-1.4572743560465493,11.929937653896399,0.2,1.0113624437936028,4.664926421100733,1.478119097962534,0.020792459958472086,1.0156935800116114,1777047098.67978,4.664926421100733,1.478119097962534,1.0113624437936028,1777047098.661116,1777047098.7153206,1.0104605500470611
1777047098.9185567,97.23581194877625,-1.4572743560465493,11.929937653896399,0.2,1.016231780151772,4.667767590812319,1.4822256223923225,0.024934715575968748,1.0215482323982,1777047098.8929949,4.667767590812319,1.4822256223923225,1.016231780151772,1777047098.885483,1777047098.8654416,1.0780396479453103
1777047099.11873,97.43598532676697,-1.4572743560465493,11.929937653896399,0.2,1.0192282948336784,4.6695060516486135,1.4847595727170362,0.01782109770769865,1.0218441097964348,1777047099.0397768,4.6695060516486135,1.4847595727170362,1.0192282948336784,1777047099.027764,1777047099.0811746,1.0247916027248327
1777047099.3195102,97.6367654800415,-1.4572743560465493,11.929937653896399,0.2,1.0246594776945583,4.6726376280180215,1.4893655905975869,0.02494104920713026,1.030195222220429,1777047099.26173,4.6726376280180215,1.4893655905975869,1.0246594776945583,1777047099.269881,1777047099.2884252,1.0721507925755667
1777047099.5179656,97.83522081375122,5.954764944144428,3.5684246870703835,0.2,1.0293415318851622,4.675317150895893,1.493349897125862,0.015941518920212457,1.0329053357501585,1777047099.4852848,4.675317150895893,1.493349897125862,1.0293415318851622,1777047099.484285,1777047099.5039477,0.9712028501031862
1777047099.7185483,98.03580355644226,5.954764944144428,3.5684246870703835,0.2,1.0340256490593953,4.677998890089583,1.4973641596563818,0.018917961758391326,1.0383532769638055,1777047099.7140424,4.677998890089583,1.4973641596563818,1.0340256490593953,1777047099.703737,1777047099.717042,0.9283280206898703
1777047099.9180841,98.23533940315247,5.954764944144428,3.5684246870703835,0.2,1.0368517221597537,4.679622231731227,1.499794411598388,0.01614675085603537,1.0391348550776798,1777047099.8554413,4.679622231731227,1.499794411598388,1.0368517221597537,1777047099.850931,1777047099.8639545,0.9844593563465167
1777047100.1184435,98.43569874763489,5.954764944144428,3.5684246870703835,0.2,1.041524603042225,4.682271481862577,1.5037604215333003,0.018181555980283082,1.0453572651456058,1777047100.0662408,4.682271481862577,1.5037604215333003,1.041524603042225,1777047100.089629,1777047100.0998018,0.9148210762961537
1777047100.3197446,98.63699984550476,5.954764944144428,3.5684246870703835,0.2,1.0438980859615627,4.683584992973581,1.5057264725709587,0.016104193745888548,1.0472267358939618,1777047100.2729354,4.684374907464119,1.5069087533192789,1.0453498936692673,1777047100.316203,1777047100.2568576,0.9444764205755287
1777047100.518046,98.83530116081238,5.954764944144428,3.5684246870703835,0.2,1.0479134159508376,4.685741909992285,1.508954763276418,0.01346218083209856,1.0500310073051997,1777047100.4302347,4.685741909992285,1.508954763276418,1.0479134159508376,1777047100.476894,1777047100.4676816,0.9383687234518705
1777047100.7185593,99.0358145236969,5.954764944144428,3.5684246870703835,0.2,1.0516653866688568,4.687671514283405,1.5118424953608331,0.01713651017446378,1.0558494277404993,1777047100.6743941,4.687671514283405,1.5118424953608331,1.0516653866688568,1777047100.701439,1777047100.6838913,1.0742570438265677
1777047100.9182258,99.23548102378845,5.954764944144428,3.5684246870703835,0.2,1.0550666418117096,4.689343209504989,1.5143438003765195,0.016672426289440635,1.0583624231319968,1777047100.8720727,4.689343209504989,1.5143438003765195,1.0550666418117096,1777047100.909738,1777047100.9007492,0.9030011356273255
1777047101.1183631,99.43561840057373,5.954764944144428,3.5684246870703835,0.2,1.0572164385292577,4.690361755688666,1.5158677197160166,0.015674065502733953,1.0607155003760638,1777047101.0953116,4.690361755688666,1.5158677197160166,1.0572164385292577,1777047101.053917,1777047101.1200948,0.9874289170098479
1777047101.3206928,99.63794803619385,5.954764944144428,3.5684246870703835,0.2,1.0605439410617556,4.6918801512368535,1.518139147337388,0.014643605980424815,1.0634900741077555,1777047101.2965007,4.6918801512368535,1.518139147337388,1.0605439410617556,1777047101.278415,1777047101.2618184,0.9290758979114402
1777047101.5183735,99.83562874794006,5.954764944144428,3.5684246870703835,0.2,1.0643681457529768,4.693540739234763,1.5206227524970737,0.013771157663606965,1.0672718304678999,1777047101.5073533,4.693540739234763,1.5206227524970737,1.0643681457529768,1777047101.505362,1777047101.4641824,1.029735714937343
1777047101.7177634,100.03501868247986,5.954764944144428,3.5684246870703835,0.2,1.066596837026153,4.6944689447681505,1.5220108038787221,0.02371764092922422,1.0715395484203725,1777047101.7157514,4.6944689447681505,1.5220108038787221,1.066596837026153,1777047101.661987,1777047101.6750424,0.9753463132137492
1777047101.9187448,100.23600006103516,5.954764944144428,3.5684246870703835,0.2,1.0703825483518088,4.695981905307417,1.52427277765539,0.015261124093714017,1.0724918838031094,1777047101.8539677,4.695981905307417,1.52427277765539,1.0703825483518088,1777047101.905203,1777047101.8971887,0.9115396276392628
1777047102.1182492,100.43550443649292,5.954764944144428,3.5684246870703835,0.2,1.0731143506619683,4.697026785918131,1.5258345921481233,0.014375566162775185,1.0766757093023245,1777047102.1017046,4.697026785918131,1.5258345921481233,1.0731143506619683,1777047102.079832,1777047102.0778437,0.9475145568230705
1777047102.3197174,100.63697266578674,5.954764944144428,3.5684246870703835,0.2,1.0755808319328697,4.697938484228233,1.527197094955087,0.021654797220076297,1.0796999170736972,1777047102.2919204,4.69840613455883,1.5278958606399822,1.0768773951052673,1777047102.318712,1777047102.2664921,0.9038309388864296
1777047102.5227842,100.84003949165344,5.954764944144428,3.5684246870703835,0.2,1.078820540864867,4.6990926224350185,1.528921455947966,0.012796295749169741,1.0815482272108192,1777047102.5050826,4.6990926224350185,1.528921455947966,1.078820540864867,1777047102.458359,1777047102.4784052,1.0905684889359772
1777047102.7190602,101.03631544113159,5.954764944144428,3.5684246870703835,0.2,1.0823140652546162,4.700285739237267,1.530703546266898,0.0112969942955888,1.0839326262060949,1777047102.7195668,4.700285739237267,1.530703546266898,1.0823140652546162,1777047102.674404,1777047102.6869774,0.9817709645027535
1777047102.9183373,101.23559260368347,5.954764944144428,3.5684246870703835,0.2,1.0852868359404901,4.701261762150998,1.532160931322312,0.012901612717074148,1.0882502729277397,1777047102.8780513,4.701261762150998,1.532160931322312,1.0852868359404901,1777047102.866035,1777047102.8780513,0.9016496706831606
1777047103.1182148,101.43547010421753,5.954764944144428,3.5684246870703835,0.2,1.0889030081779456,4.702403645786766,1.5338653655170476,0.018396334501095048,1.0932383029252792,1777047103.113712,4.702403645786766,1.5338653655170476,1.0889030081779456,1777047103.105693,1777047103.0469503,1.074738474659402
1777047103.3183267,101.63558197021484,5.954764944144428,3.5684246870703835,0.2,1.090968334713498,4.703034878244027,1.5348072999567683,0.012281127916033483,1.0928944463827899,1777047103.2705472,4.703034878244027,1.5348072999567683,1.090968334713498,1777047103.248504,1777047103.2595234,0.9557723987741468
1777047103.51874,101.83599519729614,5.954764944144428,3.5684246870703835,0.2,1.094452281583024,4.704067211086911,1.5363472471492514,0.013566780837631822,1.097697292159128,1777047103.509735,4.704067211086911,1.5363472471492514,1.094452281583024,1777047103.469836,1777047103.47484,1.0542262676752547
1777047103.7190912,102.03634643554688,5.954764944144428,3.5684246870703835,0.2,1.0976770698792464,4.704988521226465,1.5377209930118798,0.01609339444068986,1.1008611439543374,1777047103.7075849,4.704988521226465,1.5377209930118798,1.0976770698792464,1777047103.682294,1777047103.7015822,1.0163449436663996
1777047103.9184992,102.23575448989868,5.954764944144428,3.5684246870703835,0.2,1.1010300511889355,4.705913894385743,1.539100211064902,0.02087162516093105,1.1054007324298156,1777047103.9169927,4.705913894385743,1.539100211064902,1.1010300511889355,1777047103.908815,1777047103.8452277,0.9936231780772595
1777047104.1215248,102.4387800693512,5.954764944144428,3.5684246870703835,0.2,1.10347992426924,4.706570182422479,1.5400779566612868,0.01352612971094786,1.1061442303461368,1777047104.1139674,4.706570182422479,1.5400779566612868,1.10347992426924,1777047104.062763,1777047104.0848162,1.0361460160829945
1777047104.3205664,102.63782167434692,5.954764944144428,3.5684246870703835,0.2,1.106703075326756,4.707409570243876,1.5413279603759917,0.012847027731415465,1.1086640347276644,1777047104.2666066,4.707409570243876,1.5413279603759917,1.106703075326756,1777047104.273846,1777047104.2838876,0.9988742780739623
1777047104.518273,102.83552837371826,5.954764944144428,3.5684246870703835,0.2,1.1103126388700042,4.708318968952386,1.5426814977327001,0.016075472644661873,1.1139392157411079,1777047104.4922035,4.708318968952386,1.5426814977327001,1.1103126388700042,1777047104.507761,1777047104.4997542,1.0661450770941683
1777047104.7186627,103.03591799736023,5.954764944144428,3.5684246870703835,0.2,1.1125040196372316,4.708856104972689,1.5434805667875582,0.017156951312083533,1.1162081676551376,1777047104.7081013,4.708856104972689,1.5434805667875582,1.1125040196372316,1777047104.667457,1777047104.6599429,0.9137617760716931
1777047104.9200985,103.2373538017273,5.954764944144428,3.5684246870703835,0.2,1.1158553916469662,4.709656893815833,1.544671284784102,0.012865103879268917,1.1180086619319998,1777047104.8754742,4.709656893815833,1.544671284784102,1.1158553916469662,1777047104.878474,1777047104.8624506,0.9013956435741479
1777047105.118415,103.43567037582397,5.954764944144428,3.5684246870703835,0.2,1.1193355177726532,4.710463306626582,1.5458696035604802,0.012867084999751522,1.122237994749856,1777047105.101048,4.710463306626582,1.5458696035604802,1.1193355177726532,1777047105.104069,1777047105.065002,1.0736370021924118
1777047105.3185372,103.63579249382019,5.954764944144428,3.5684246870703835,0.2,1.1216555412520208,4.710987380282105,1.546647923190021,0.014286124040636382,1.1240366584309864,1777047105.2677214,4.710987380282105,1.546647923190021,1.1216555412520208,1777047105.277231,1777047105.2782314,0.9886244687181402
1777047105.5184348,103.83569002151489,5.954764944144428,3.5684246870703835,0.2,1.1252643958000912,4.711782198161482,1.5478276225463288,0.012255218324062574,1.1277862399233956,1777047105.4734986,4.711782198161482,1.5478276225463288,1.1252643958000912,1777047105.500958,1777047105.516437,0.9771784969445639
1777047105.7186358,104.03589105606079,5.954764944144428,3.5684246870703835,0.2,1.1277132240240733,4.7123080025095625,1.548607529183089,0.013386385937509649,1.1305232198104422,1777047105.683413,4.7123080025095625,1.548607529183089,1.1277132240240733,1777047105.654685,1777047105.6622112,0.9970358783603365
1777047105.9185765,104.23583173751831,5.954764944144428,3.5684246870703835,0.2,1.131321983387215,4.7130639155621115,1.549727977908029,0.01497982503450346,1.1345228478334553,1777047105.8970914,4.7130639155621115,1.549727977908029,1.131321983387215,1777047105.891579,1777047105.8769305,1.0207948257276858
1777047106.1228495,104.44010472297668,5.954764944144428,3.5684246870703835,0.2,1.1333841151434072,4.713486145442006,1.5503534089071156,0.011175099545816185,1.1357948948512782,1777047106.1128192,4.713746571186834,1.5507390074683232,1.13467294267441,1777047106.122849,1777047106.0505536,1.0808304888188494
1777047106.318307,104.63556218147278,5.954764944144428,3.5684246870703835,0.2,1.1368639423860092,4.7141833372358075,1.5513854190206147,0.015907568368692632,1.1392713483948014,1777047106.2641563,4.7141833372358075,1.5513854190206147,1.1368639423860092,1777047106.274699,1777047106.2907314,0.9930008324723949
1777047106.518225,104.83548021316528,5.954764944144428,3.5684246870703835,0.2,1.1398282245665747,4.714762690339066,1.5522422862120544,0.013533494565891932,1.1427844173426247,1777047106.4825916,4.714762690339066,1.5522422862120544,1.1398282245665747,1777047106.451961,1777047106.5107207,0.9329721929159436
1777047106.7183077,105.03556299209595,5.954764944144428,3.5684246870703835,0.2,1.1431791401032063,4.715402236286715,1.5531873734258725,0.012809938468645867,1.1460317225147725,1777047106.7052767,4.715402236286715,1.5531873734258725,1.1431791401032063,1777047106.666481,1777047106.668473,0.9623964105308955
1777047106.9189796,105.23623490333557,5.954764944144428,3.5684246870703835,0.2,1.1465300462428374,4.71602618293072,1.554108530819347,0.01511268464684313,1.1490209290681739,1777047106.8700974,4.71602618293072,1.554108530819347,1.1465300462428374,1777047106.882374,1777047106.894389,1.0035872469863325
1777047107.1183422,105.43559741973877,5.954764944144428,3.5684246870703835,0.2,1.14975206497272,4.716612081454341,1.5549726744530081,0.010876992876072555,1.1519478161059489,1777047107.0719686,4.716612081454341,1.5549726744530081,1.14975206497272,1777047107.104661,1777047107.106666,0.9846895650142474
1777047107.3183138,105.63556909561157,5.954764944144428,3.5684246870703835,0.2,1.1522007960843528,4.717048516405413,1.5556158084979708,0.013425158951780774,1.1552919853575097,1777047107.302222,4.717048516405413,1.5556158084979708,1.1522007960843528,1777047107.26297,1777047107.2541265,0.9512817349390529
1777047107.5240982,105.84135341644287,5.954764944144428,3.5684246870703835,0.2,1.1559383292257186,4.717700517299775,1.5565756435418516,0.015110939553792311,1.1581808369200677,1777047107.5271003,4.717700517299775,1.5565756435418516,1.1559383292257186,1777047107.503479,1777047107.450625,0.9305140019293893
1777047107.718257,106.0355122089386,5.954764944144428,3.5684246870703835,0.2,1.1582581756238968,4.71809692751459,1.557158621705672,0.01839839540771149,1.1623054897645095,1777047107.6706069,4.71809692751459,1.557158621705672,1.1582581756238968,1777047107.661088,1777047107.6756063,1.0180318429382609
1777047107.9178908,106.23514604568481,5.954764944144428,3.5684246870703835,0.2,1.1618668236213514,4.718701462135507,1.5580467559184015,0.013100110196727665,1.165040702787221,1777047107.9128857,4.718701462135507,1.5580467559184015,1.1618668236213514,1777047107.89986,1777047107.9128857,1.0941933536910162
1777047108.1222372,106.43949246406555,5.954764944144428,3.5684246870703835,0.2,1.1643155480221985,4.719103577675032,1.558636862706883,0.012848211443554844,1.166154752282217,1777047108.128235,4.719103577675032,1.558636862706883,1.1643155480221985,1777047108.052035,1777047108.064069,1.0190980562518706
1777047108.3224406,106.63969588279724,5.954764944144428,3.5684246870703835,0.2,1.1677953132286953,4.719664164415996,1.559458608649369,0.012770503374085166,1.1705270316057417,1777047108.2699428,4.719664164415996,1.559458608649369,1.1677953132286953,1777047108.27347,1777047108.2839818,1.0900568914676998
1777047108.5181398,106.83539509773254,5.954764944144428,3.5684246870703835,0.2,1.1701151561756342,4.720031047555976,1.5599958004041605,0.013523529684078816,1.173130278459248,1777047108.4928966,4.720031047555976,1.5599958004041605,1.1701151561756342,1777047108.452163,1777047108.5146396,1.0361327080953482
1777047108.718509,107.03576421737671,5.954764944144428,3.5684246870703835,0.2,1.1737238001545498,4.720591272359661,1.56081509819414,0.01852510166791733,1.1764793793472375,1777047108.641645,4.720591272359661,1.56081509819414,1.1737238001545498,1777047108.678214,1777047108.6742103,0.9226410494885138
1777047108.9189584,107.23621368408203,5.954764944144428,3.5684246870703835,0.2,1.1770746833567431,4.721100456851535,1.5615586601162268,0.010725018664532855,1.1796459877003542,1777047108.8813932,4.721100456851535,1.5615586601162268,1.1770746833567431,1777047108.901437,1777047108.9034357,0.9564285523460335
1777047109.1185243,107.4357795715332,5.954764944144428,3.5684246870703835,0.2,1.1795234054750825,4.721466075178355,1.5620918936647539,0.015140954151200344,1.1826360647211491,1777047109.086972,4.721466075178355,1.5620918936647539,1.1795234054750825,1777047109.053931,1777047109.0684404,0.9870556011114179
1777047109.3183296,107.6355848312378,5.954764944144428,3.5684246870703835,0.2,1.1827454080562896,4.721939094469202,1.5627808791426674,0.011142168722729651,1.185128092006667,1777047109.3008158,4.721939094469202,1.5627808791426674,1.1827454080562896,1777047109.288228,1777047109.3113313,0.935539376279626
1777047109.5180295,107.83528470993042,5.954764944144428,3.5684246870703835,0.2,1.186225170642822,4.722440010056536,1.5635093485754457,0.012831425510751535,1.1881234598895778,1777047109.4487565,4.722440010056536,1.5635093485754457,1.186225170642822,1777047109.508985,1777047109.4487565,1.084752120561651
1777047109.7185547,108.0358099937439,5.954764944144428,3.5684246870703835,0.2,1.1889316525476996,4.722822709535301,1.5640650592873502,0.014818857240086357,1.1921510685596524,1777047109.6660078,4.722822709535301,1.5640650592873502,1.1889316525476996,1777047109.676055,1777047109.6730566,0.9065258506919652
1777047109.9188707,108.23612594604492,5.954764944144428,3.5684246870703835,0.2,1.1922825348171582,4.723288440519255,1.564740304270524,0.017413899202875914,1.196546388925578,1777047109.9108613,4.723288440519255,1.564740304270524,1.1922825348171582,1777047109.908345,1777047109.9063528,0.9333716793657341
1777047110.1268682,108.44412350654602,5.954764944144428,3.5684246870703835,0.2,1.194731256424367,4.723623289614445,1.5652250534067944,0.013401483805301182,1.1966686657098482,1777047110.055428,4.723623289614445,1.5652250534067944,1.194731256424367,1777047110.06308,1777047110.0544267,1.0430815310214687
1777047110.3183348,108.63559007644653,5.954764944144428,3.5684246870703835,0.2,1.1982110186536978,4.724091400186439,1.5659016366217964,0.013548944592789623,1.2013882872245363,1777047110.289931,4.724091400186439,1.5659016366217964,1.1982110186536978,1777047110.288427,1777047110.2834287,0.9328496270061513
1777047110.5184026,108.83565783500671,5.954764944144428,3.5684246870703835,0.2,1.2006597401972234,4.724415526169955,1.5663693378295296,0.014285093918176922,1.2027760832042225,1777047110.4380815,4.724415526169955,1.5663693378295296,1.2006597401972234,1777047110.457119,1777047110.5063028,0.9478588697744503
1777047110.7182395,109.03549480438232,5.954764944144428,3.5684246870703835,0.2,1.2037528621197444,4.724818893656434,1.5669504537669852,0.01711777551446187,1.2077922908783292,1777047110.67406,4.724818893656434,1.5669504537669852,1.2037528621197444,1777047110.663529,1777047110.6665416,1.0136171769288285
1777047110.9177666,109.2350218296051,5.954764944144428,3.5684246870703835,0.2,1.2074903844137364,4.725297550456325,1.5676386360327343,0.012864709540379916,1.2103948713137824,1777047110.8998318,4.725297550456325,1.5676386360327343,1.2074903844137364,1777047110.903992,1777047110.8988335,0.975464350637232
1777047111.1183891,109.43564438819885,5.954764944144428,3.5684246870703835,0.2,1.2100679859859425,4.725622250797914,1.5681045619277596,0.011678236866169608,1.2124624078871207,1777047111.1048646,4.725622250797914,1.5681045619277596,1.2100679859859425,1777047111.081754,1777047111.09531,0.9461337078349572
1777047111.3184843,109.63573956489563,5.954764944144428,3.5684246870703835,0.2,1.213289987936954,4.72602210557802,1.5686772722751203,0.012836603873968266,1.215327138471734,1777047111.2635632,4.72602210557802,1.5686772722751203,1.213289987936954,1777047111.26157,1777047111.25704,0.9075633270904077
1777047111.5179882,109.83524346351624,5.954764944144428,3.5684246870703835,0.2,1.217027510189686,4.726477805554462,1.5693284772663125,0.017154715025678613,1.2209534547794363,1777047111.4924183,4.726477805554462,1.5693284772663125,1.217027510189686,1777047111.499928,1777047111.469874,0.9682958218754117
1777047111.718201,110.03545618057251,5.954764944144428,3.5684246870703835,0.2,1.219347351585494,4.726756386518634,1.5697257560131916,0.019691895516578767,1.223724067555043,1777047111.714678,4.726756386518634,1.5697257560131916,1.219347351585494,1777047111.666905,1777047111.6984508,1.0744785006238866
1777047111.9180768,110.23533201217651,5.954764944144428,3.5684246870703835,0.2,1.2226982335932686,4.72715317588128,1.5702904859709788,0.01111810413284625,1.2243912650562319,1777047111.866955,4.72715317588128,1.5702904859709788,1.2226982335932686,1777047111.883479,1777047111.9035378,1.0651017201530775
1777047112.1183913,110.43564653396606,5.954764944144428,3.5684246870703835,0.2,1.226049115598892,4.72754352006426,1.5708446982123465,0.0151303558438515,1.2292394124594248,1777047112.077809,4.72754352006426,1.5708446982123465,1.226049115598892,1777047112.094166,1777047112.0622907,0.9694706590604326
1777047112.3180697,110.63532495498657,5.954764944144428,3.5684246870703835,0.2,1.228368956987178,4.727810083917064,1.5712223669622196,0.01606377885467386,1.232228450149835,1777047112.3180697,4.727810083917064,1.5712223669622196,1.228368956987178,1777047112.261781,1777047112.3100252,1.040142053893417
1777047112.517906,110.83516120910645,5.954764944144428,3.5684246870703835,0.2,1.2321064792172436,4.7282333986555845,1.5718207276851248,0.014036202269978124,1.2342929394926339,1777047112.4738426,4.7282333986555845,1.5718207276851248,1.2321064792172436,1777047112.504391,1777047112.4738426,0.9151190675142737
1777047112.7182887,111.03554391860962,5.954764944144428,3.5684246870703835,0.2,1.2344263206018011,4.728492421744979,1.5721859837427608,0.016115980634422388,1.2379370750692102,1777047112.6916857,4.728492421744979,1.5721859837427608,1.2344263206018011,1777047112.656467,1777047112.7007325,0.9213920102715684
1777047112.9180946,111.23534989356995,5.954764944144428,3.5684246870703835,0.2,1.237777202602393,4.728861666230375,1.5727054656482657,0.01711127288321862,1.2415656877596006,1777047112.9130886,4.728861666230375,1.5727054656482657,1.237777202602393,1777047112.87963,1777047112.8817105,0.9599985831589996
1777047113.1181312,111.43538641929626,5.954764944144428,3.5684246870703835,0.2,1.2403548041376453,4.729141852184185,1.5730986758656744,0.012821380456058688,1.2423935218204123,1777047113.0720978,4.729141852184185,1.5730986758656744,1.2403548041376453,1777047113.038518,1777047113.089949,1.03165314583813
1777047113.3186748,111.63593006134033,5.954764944144428,3.5684246870703835,0.2,1.2443500865195816,4.729569711007447,1.5736974285568854,0.010793974082143352,1.2461229982243125,1777047113.3217473,4.729569711007447,1.5736974285568854,1.2443500865195816,1777047113.300716,1777047113.319744,0.9599266099859777
1777047113.518081,111.8353362083435,5.954764944144428,3.5684246870703835,0.2,1.2469276880565452,4.729841706225916,1.574076951077965,0.014247442647331281,1.2504090636352543,1777047113.4806988,4.729841706225916,1.574076951077965,1.2469276880565452,1777047113.475179,1777047113.4896977,0.9918114301266923
1777047113.721521,112.0387761592865,5.954764944144428,3.5684246870703835,0.2,1.249634169667316,4.730123975681674,1.574469858044702,0.014147140053621264,1.2529052984722626,1777047113.7119207,4.730123975681674,1.574469858044702,1.249634169667316,1777047113.654915,1777047113.7240376,1.0178116147634417
1777047113.9182692,112.23552441596985,5.954764944144428,3.5684246870703835,0.2,1.2532428118180574,4.730495163685845,1.5749850034249815,0.012409031311270947,1.255183992163395,1777047113.8683536,4.730495163685845,1.5749850034249815,1.2532428118180574,1777047113.886376,1777047113.878348,1.0791171224780742
1777047114.118077,112.43533229827881,5.954764944144428,3.5684246870703835,0.2,1.2555626532009416,4.730730736285801,1.575311001184322,0.025627564651039346,1.2616400517824837,1777047114.1054966,4.730730736285801,1.575311001184322,1.2555626532009416,1777047114.044333,1777047114.1195917,1.0396202346399679
1777047114.3209476,112.63820290565491,5.954764944144428,3.5684246870703835,0.2,1.259300175425075,4.731105381226685,1.5758278946092112,0.012255423535325374,1.2611509638034635,1777047114.2565145,4.731105381226685,1.5758278946092112,1.259300175425075,1777047114.270217,1777047114.2687204,0.949736739655666
1777047114.5188172,112.83607244491577,5.954764944144428,3.5684246870703835,0.2,1.262651057422623,4.73143626793775,1.576282759131812,0.014236186086838744,1.2658526128565155,1777047114.481403,4.73143626793775,1.576282759131812,1.262651057422623,1777047114.494452,1777047114.4879162,1.09661885302378
1777047114.7181382,113.0353934764862,5.954764944144428,3.5684246870703835,0.2,1.2660019394181614,4.731762554401969,1.5767297122884838,0.013554719686713686,1.2688653134546117,1777047114.6926486,4.731762554401969,1.5767297122884838,1.2660019394181614,1777047114.709975,1777047114.6926486,0.9948896517562479
1777047114.9180365,113.23529171943665,5.954764944144428,3.5684246870703835,0.2,1.2690950612591827,4.7320597622056075,1.5771354057591114,0.012844534193968792,1.2716743869122147,1777047114.8934598,4.7320597622056075,1.5771354057591114,1.2690950612591827,1777047114.911031,1777047114.9075267,0.9578674253594504
1777047115.1217623,113.43901753425598,5.954764944144428,3.5684246870703835,0.2,1.2712860225655531,4.7322680241006605,1.5774188474204403,0.03213042211822928,1.2780726418032364,1777047115.1046808,4.7322680241006605,1.5774188474204403,1.2712860225655531,1777047115.060993,1777047115.062994,0.9743444018341058
1777047115.318225,113.63548016548157,5.954764944144428,3.5684246870703835,0.2,1.2745080244846747,4.7325709602484975,1.577829862799986,0.012691339448115709,1.2766021555265,1777047115.2696855,4.7325709602484975,1.577829862799986,1.2745080244846747,1777047115.267685,1777047115.2696855,1.0559541383274664
1777047115.5189342,113.83618950843811,5.954764944144428,3.5684246870703835,0.2,1.277858906478949,4.732881899783864,1.5782501085618719,0.013578894763560593,1.2808883215686193,1777047115.4927828,4.732881899783864,1.5782501085618719,1.277858906478949,1777047115.481274,1777047115.5015583,0.9373857674530622
1777047115.7185814,114.03583669662476,5.954764944144428,3.5684246870703835,0.2,1.2812097884767644,4.733188748613736,1.578663145194142,0.01351642091463152,1.2841165267777777,1777047115.7078352,4.733188748613736,1.578663145194142,1.2812097884767644,1777047115.69594,1777047115.6480029,1.0686357182683597
1777047115.9185266,114.23578190803528,5.954764944144428,3.5684246870703835,0.2,1.2836585099345372,4.733410456122818,1.5789605008769714,0.017161250232707856,1.2870066833145373,1777047115.902936,4.733410456122818,1.5789605008769714,1.2836585099345372,1777047115.857782,1777047115.9009445,1.0173250447518027
1777047116.118086,114.43534135818481,5.954764944144428,3.5684246870703835,0.2,1.2867516317755747,4.733687523008813,1.579330793055257,0.017111272880978093,1.2893064158547536,1777047116.0522401,4.733687523008813,1.579330793055257,1.2867516317755747,1777047116.05976,1777047116.0437076,0.9987707250075135
1777047116.319781,114.63703632354736,5.954764944144428,3.5684246870703835,0.2,1.2898447536197981,4.733961328465436,1.5796952476100177,0.014226819185126529,1.2928262807029574,1777047116.261811,4.733961328465436,1.5796952476100177,1.2898447536197981,1777047116.263817,1777047116.261811,1.0424288428844357
1777047116.5184116,114.83566689491272,5.954764944144428,3.5684246870703835,0.2,1.2931956356145384,4.734254355736115,1.5800836008580397,0.015077182414058535,1.2962809569980984,1777047116.4664462,4.734254355736115,1.5800836008580397,1.2931956356145384,1777047116.4818,1777047116.47979,1.0880981222765533
1777047116.7186894,115.03594470024109,5.954764944144428,3.5684246870703835,0.2,1.2965465176101656,4.7345437320166495,1.5804653413759135,0.014283583611978345,1.2996716542937783,1777047116.6852384,4.7345437320166495,1.5804653413759135,1.2965465176101656,1777047116.69776,1777047116.691756,1.0493541645408981
1777047116.917826,115.2350811958313,5.954764944144428,3.5684246870703835,0.2,1.2987374789166335,4.73473100760559,1.5807114219913307,0.016081939176014467,1.302146714106054,1777047116.89723,4.73473100760559,1.5807114219913307,1.2987374789166335,1777047116.851874,1777047116.9153202,0.9063615420382379
1777047117.117835,115.43509030342102,5.954764944144428,3.5684246870703835,0.2,1.301959480834741,4.735003695642819,1.58106832799286,0.011639010877119162,1.3044511058932806,1777047117.1113052,4.735003695642819,1.58106832799286,1.301959480834741,1777047117.065647,1777047117.0616484,1.0074577777642875
1777047117.3189194,115.63617467880249,5.954764944144428,3.5684246870703835,0.2,1.3053103628303404,4.735283930716428,1.5814333192511794,0.013482708250621755,1.3080624039517688,1777047117.3154216,4.735283930716428,1.5814333192511794,1.3053103628303404,1777047117.282315,1777047117.2522552,0.9452123576126954
1777047117.5185359,115.83579111099243,5.954764944144428,3.5684246870703835,0.2,1.3086612448279569,4.735560819139059,1.5817921039329645,0.01711073124929357,1.3110104179320001,1777047117.5206323,4.735560819139059,1.5817921039329645,1.3086612448279569,1777047117.489861,1777047117.5216172,0.9480396463969551
1777047117.7177448,116.03500008583069,5.954764944144428,3.5684246870703835,0.2,1.3118832467453974,4.735823974929517,1.5821313325308084,0.018312348695405312,1.3156717988256954,1777047117.659599,4.735823974929517,1.5821313325308084,1.3118832467453974,1777047117.707177,1777047117.6676347,1.0339712124100204
1777047117.9181662,116.23542141914368,5.954764944144428,3.5684246870703835,0.2,1.314718608435043,4.736053106233085,1.5824252568869022,0.012813782340973278,1.317349868760895,1777047117.8649452,4.736053106233085,1.5824252568869022,1.314718608435043,1777047117.90661,1777047117.8649452,1.0382405025806278
1777047118.120494,116.43774914741516,5.954764944144428,3.5684246870703835,0.2,1.3170384498181837,4.736238907171793,1.5826625827434126,0.011672688869804085,1.3193519459923924,1777047118.0631425,4.736321009768525,1.5827671576660083,1.318069490432193,1777047118.118439,1777047118.069668,0.9131373728901947
1777047118.317829,116.63508415222168,5.954764944144428,3.5684246870703835,0.2,1.3200026915825644,4.736474172865827,1.5829617499694961,0.012245151686302492,1.3224258472263442,1777047118.2610295,4.736474172865827,1.5829617499694961,1.3200026915825644,1777047118.24819,1777047118.2831182,0.9318973199016608
1777047118.5180511,116.83530640602112,5.954764944144428,3.5684246870703835,0.2,1.3229669333482523,4.736707075547846,1.5832563958654229,0.013516758899456872,1.3258605894908895,1777047118.4751086,4.736787540075473,1.5833578329774847,1.3239979739631753,1777047118.517063,1777047118.4948983,0.9258818029635685
1777047118.727506,117.04476118087769,5.954764944144428,3.5684246870703835,0.2,1.3261889352692835,4.736957606198619,1.5835716071369772,0.01514986187287692,1.3290780219731066,1777047118.6658092,4.737037208093678,1.583671374629432,1.3272199758831782,1777047118.729504,1777047118.7059371,0.9495584758370496
1777047118.9186833,117.23593854904175,5.954764944144428,3.5684246870703835,0.2,1.3294109371870029,4.737205461202913,1.5838816266756615,0.013443477276885904,1.3322234171322809,1777047118.875017,4.737205461202913,1.5838816266756615,1.3294109371870029,1777047118.863439,1777047118.912649,0.9282241071183414
1777047119.1178854,117.43514060974121,5.954764944144428,3.5684246870703835,0.2,1.33263293910722,4.737450698743958,1.5841865291161041,0.011187595139529424,1.3349925157139528,1777047119.085927,4.737450698743958,1.5841865291161041,1.33263293910722,1777047119.07841,1777047119.1163785,0.9634431052622082
1777047119.3189151,117.63617038726807,5.954764944144428,3.5684246870703835,0.2,1.3359838211042847,4.737703030070037,1.5844982771479772,0.014236186077027861,1.3383818879511495,1777047119.2543757,4.737703030070037,1.5844982771479772,1.3359838211042847,1777047119.308366,1777047119.2719343,0.9844010692910069
1777047119.5182889,117.83554410934448,5.954764944144428,3.5684246870703835,0.2,1.3384325425616332,4.737885710225542,1.5847226878280645,0.01603376109025077,1.3421299412394834,1777047119.4849765,4.737885710225542,1.5847226878280645,1.3384325425616332,1777047119.466402,1777047119.4849765,1.0699837467631266
1777047119.7183118,118.03556704521179,5.954764944144428,3.5684246870703835,0.2,1.3422989448664948,4.738171265892748,1.5850712459395133,0.01533379349138464,1.344880220544532,1777047119.6533155,4.738171265892748,1.5850712459395133,1.3422989448664948,1777047119.708641,1777047119.7011244,1.0658431898957361
1777047119.9223187,118.23957395553589,5.954764944144428,3.5684246870703835,0.2,1.3443610260954362,4.7383221437824385,1.585254286147408,0.01338190918184032,1.3472396955733863,1777047119.868432,4.7383221437824385,1.585254286147408,1.3443610260954362,1777047119.855801,1777047119.9253125,0.941929790300965
1777047120.1220744,118.43932962417603,5.954764944144428,3.5684246870703835,0.2,1.3477119080900524,4.738565258887434,1.585547540830387,0.013760366089313558,1.350556580481686,1777047120.0751615,4.738565258887434,1.585547540830387,1.3477119080900524,1777047120.073173,1777047120.064807,0.9438553235741477
1777047120.320115,118.63737034797668,5.954764944144428,3.5684246870703835,0.2,1.3510627900879506,4.738805870886136,1.5858356744788684,0.014285093468673064,1.3540101627716796,1777047120.2814865,4.738805870886136,1.5858356744788684,1.3510627900879506,1777047120.283997,1777047120.261933,1.0598968584235993
1777047120.519877,118.83713221549988,5.954764944144428,3.5684246870703835,0.2,1.353640391623987,4.738989288417234,1.5860538739543713,0.015137558702188558,1.3569214199671764,1777047120.498234,4.738989288417234,1.5860538739543713,1.353640391623987,1777047120.463993,1777047120.4659944,0.9924339006323647
1777047120.7186868,119.03594207763672,5.954764944144428,3.5684246870703835,0.2,1.3568623935420616,4.739216560730507,1.5863224648624616,0.014280187608298727,1.3599963304742528,1777047120.7176945,4.739216560730507,1.5863224648624616,1.3568623935420616,1777047120.678045,1777047120.6750283,0.9948448642569157
1777047120.9185698,119.2358250617981,5.954764944144428,3.5684246870703835,0.2,1.3603421556171218,4.739459569797559,1.586607415099373,0.01167722764128595,1.3619462214646558,1777047120.8550615,4.739459569797559,1.586607415099373,1.3603421556171218,1777047120.9015,1777047120.8986697,1.0044991885977035
1777047121.1179645,119.43521976470947,5.954764944144428,3.5684246870703835,0.2,1.3636930376130154,4.739691231200588,1.586876842441574,0.013471284203845363,1.3672211855179406,1777047121.116963,4.739691231200588,1.586876842441574,1.3636930376130154,1777047121.114964,1777047121.116963,1.0781845803197994
1777047121.3187785,119.63603377342224,5.954764944144428,3.5684246870703835,0.2,1.366141759071206,4.739859095138777,1.5870706839540352,0.04301442043578472,1.3726172471024891,1777047121.2675052,4.739859095138777,1.5870706839540352,1.366141759071206,1777047121.274027,1777047121.2579854,0.9454904076589624
1777047121.5189154,119.83617067337036,5.954764944144428,3.5684246870703835,0.2,1.3692348809159718,4.740069444473284,1.587311897680524,0.021476449021299207,1.3741789090942125,1777047121.4977121,4.740069444473284,1.587311897680524,1.3692348809159718,1777047121.49071,1777047121.4766953,0.9331084868616205
1777047121.718271,120.03552627563477,5.954764944144428,3.5684246870703835,0.2,1.3719413625283599,4.740251980846008,1.5875196607488433,0.012262651905789955,1.3737719730096916,1777047121.6469955,4.740251980846008,1.5875196607488433,1.3719413625283599,1777047121.65685,1777047121.7087016,1.050413763569762
1777047121.9185064,120.23576164245605,5.954764944144428,3.5684246870703835,0.2,1.375292244523882,4.740476052438975,1.5877726714128102,0.02334739436560669,1.3803496617242221,1777047121.8636115,4.740476052438975,1.5877726714128102,1.375292244523882,1777047121.871638,1777047121.8580925,1.0657239353473869
1777047122.1187692,120.43602442741394,5.954764944144428,3.5684246870703835,0.2,1.3786431265224568,4.740698036533571,1.5880210643750081,0.016063778841942933,1.3822286743569174,1777047122.0868185,4.740698036533571,1.5880210643750081,1.3786431265224568,1777047122.09633,1777047122.0752766,0.9213115987227664
1777047122.3181345,120.63538980484009,5.954764944144428,3.5684246870703835,0.2,1.3808340878275018,4.740842072948132,1.5881810038555513,0.01715199331391136,1.3844424028271798,1777047122.2971914,4.740842072948132,1.5881810038555513,1.3808340878275018,1777047122.251963,1777047122.2946827,1.0235487073833602
1777047122.5182974,120.83555269241333,5.954764944144428,3.5684246870703835,0.2,1.3840560897463359,4.741052331078532,1.5884126942130459,0.01976389242585065,1.3870484579137117,1777047122.4485972,4.741052331078532,1.5884126942130459,1.3840560897463359,1777047122.456707,1777047122.5182974,1.0089285938797825
1777047122.717988,121.03524327278137,5.954764944144428,3.5684246870703835,0.2,1.3877936119754717,4.7412939494357,1.5886762659994014,0.01827582060047382,1.392258776354415,1777047122.692918,4.7412939494357,1.5886762659994014,1.3877936119754717,1777047122.690919,1777047122.6878731,1.0748772722083788
1777047122.9184554,121.23571062088013,5.954764944144428,3.5684246870703835,0.2,1.3899845732803415,4.741434471115706,1.5888282081977203,0.013549283671532523,1.3929903580015452,1777047122.914759,4.741508535910127,1.5889078863782005,1.3911444939708622,1777047122.916951,1777047122.8413746,0.9836924915544177
1777047123.1186213,121.4358766078949,5.954764944144428,3.5684246870703835,0.2,1.393464335353291,4.741655990471814,1.5890656700362757,0.016055667755849375,1.3967214206158471,1777047123.117621,4.741655990471814,1.5890656700362757,1.393464335353291,1777047123.072746,1777047123.0923235,0.9524058123400472
1777047123.3184035,121.63565874099731,5.954764944144428,3.5684246870703835,0.2,1.3970729775055055,4.74188360253943,1.5893069741672563,0.012566538538952836,1.3988393260571699,1777047123.2581806,4.74188360253943,1.5893069741672563,1.3970729775055055,1777047123.303323,1777047123.2947938,0.9203957775171556
1777047123.518081,121.8353362083435,5.954764944144428,3.5684246870703835,0.2,1.399135058733446,4.742012720217722,1.5894426196044944,0.025612993192062703,1.4040018342361973,1777047123.5206254,4.742093074504666,1.5895265756315446,1.4004238595008243,1777047123.514059,1777047123.4577217,1.0135655675331563
1777047123.7206101,122.03786540031433,5.954764944144428,3.5684246870703835,0.2,1.402614820806857,4.742229076305871,1.5896678571717302,0.017317941372348503,1.4066794153531055,1777047123.6828969,4.742229076305871,1.5896678571717302,1.402614820806857,1777047123.674264,1777047123.6828969,1.0236231461975127
1777047123.9187438,122.23599910736084,5.954764944144428,3.5684246870703835,0.2,1.4062234629589494,4.742451456032989,1.589896620928654,0.011151821046724571,1.4086801156223094,1777047123.9031885,4.742451456032989,1.589896620928654,1.4062234629589494,1777047123.909694,1777047123.9116817,1.087838987073646
1777047124.123143,122.44039821624756,5.954764944144428,3.5684246870703835,0.2,1.408801064493766,4.74260908425234,1.5900570498928694,0.01509865989124956,1.4113947571393741,1777047124.0749714,4.74260908425234,1.5900570498928694,1.408801064493766,1777047124.064917,1777047124.060939,0.9229220518486168
1777047124.318947,122.63620233535767,5.954764944144428,3.5684246870703835,0.2,1.4122808265682922,4.742820310417506,1.5902697346263135,0.01113069539899857,1.4149796786099724,1777047124.3174407,4.742820310417506,1.5902697346263135,1.4122808265682922,1777047124.297198,1777047124.2650046,1.0848045420468257
1777047124.518431,122.83568620681763,5.954764944144428,3.5684246870703835,0.2,1.415502828489376,4.743014312083699,1.5904627103550533,0.013543512682639447,1.4173582456571638,1777047124.4544375,4.743014312083699,1.5904627103550533,1.415502828489376,1777047124.514904,1777047124.4544375,1.0211971730088785
1777047124.718763,123.03601837158203,5.954764944144428,3.5684246870703835,0.2,1.4180804300242313,4.743168442779329,1.5906143767166052,0.015462748406689304,1.4219036179261242,1777047124.701689,4.743168442779329,1.5906143767166052,1.4180804300242313,1777047124.678482,1777047124.691647,0.9195522308350916
1777047124.9184308,123.23568606376648,5.954764944144428,3.5684246870703835,0.2,1.4210446717917185,4.743344538886789,1.5907858342226988,0.015116393234543252,1.4236820569627313,1777047124.8761609,4.743344538886789,1.5907858342226988,1.4210446717917185,1777047124.86812,1777047124.87967,0.9628310120252807
1777047125.1186817,123.43593692779541,5.954764944144428,3.5684246870703835,0.2,1.4247821940199978,4.7435648485976,1.5909975456943717,0.019760280065614328,1.4291596645289275,1777047125.0976896,4.7435648485976,1.5909975456943717,1.4247821940199978,1777047125.112744,1777047125.0486853,0.9414807860549745
1777047125.318656,123.63591122627258,5.954764944144428,3.5684246870703835,0.2,1.4269731553246725,4.74369311867603,1.5911193504554286,0.006645058531894992,1.4281069270546196,1777047125.2683084,4.74369311867603,1.5911193504554286,1.4269731553246725,1777047125.279838,1777047125.273823,1.0135241002544069
1777047125.5183494,123.83560466766357,5.954764944144428,3.5684246870703835,0.2,1.429937397092279,4.743865648773033,1.5912814577547645,0.014262855463712858,1.4328869247688918,1777047125.4751062,4.743925390196275,1.5913371222999677,1.430968437707467,1777047125.518349,1777047125.4916704,0.9312515352932701
1777047125.7188065,124.03606176376343,5.954764944144428,3.5684246870703835,0.2,1.4330305189367865,4.744044461990634,1.5914473413107457,0.02571901329640164,1.438517696432601,1777047125.6884573,4.744044461990634,1.5914473413107457,1.4330305189367865,1777047125.661864,1777047125.7127442,1.0902154537334738
1777047125.9189558,124.23621106147766,5.954764944144428,3.5684246870703835,0.2,1.4362525208557164,4.744229429657694,1.591616610940413,0.014982738483003001,1.439457951511049,1777047125.9023988,4.744229429657694,1.591616610940413,1.4362525208557164,1777047125.880718,1777047125.859568,1.041354849108984
1777047126.1299367,124.44719195365906,5.954764944144428,3.5684246870703835,0.2,1.4398611630082678,4.744435057455077,1.5918019564087518,0.015680742090286387,1.4423254818262388,1777047126.0595546,4.744435057455077,1.5918019564087518,1.4398611630082678,1777047126.111484,1777047126.0605617,0.9222060363242586
1777047126.320765,124.63802027702332,5.954764944144428,3.5684246870703835,0.2,1.4420521243143736,4.744559126833118,1.591912319498538,0.017163429797348626,1.4459215547567246,1777047126.2850008,4.744559126833118,1.591912319498538,1.4420521243143736,1777047126.263925,1777047126.2799966,1.0345981534157247
1777047126.5184326,124.83568787574768,5.954764944144428,3.5684246870703835,0.2,1.4463051668482034,4.744798330624433,1.5921219144524752,0.013518110977151703,1.4485447401928375,1777047126.5211103,4.744798330624433,1.5921219144524752,1.4463051668482034,1777047126.5089,1777047126.5028992,0.9797961837693919
1777047126.7219687,125.03922390937805,5.954764944144428,3.5684246870703835,0.2,1.4487538883092912,4.744935093263998,1.5922398314687527,0.015757075205618164,1.4521794100030663,1777047126.6680686,4.744935093263998,1.5922398314687527,1.4487538883092912,1777047126.657878,1777047126.657878,1.0861656850660306
1777047126.9184587,125.23571395874023,5.954764944144428,3.5684246870703835,0.2,1.4522336503829552,4.745128259760291,1.592403956371327,0.017056740547229315,1.4559875327168257,1777047126.8881507,4.745128259760291,1.592403956371327,1.4522336503829552,1777047126.893672,1777047126.8926744,1.0727255739879709
1777047127.1186478,125.43590307235718,5.954764944144428,3.5684246870703835,0.2,1.454553491765081,4.7452562817902315,1.592511142352724,0.016059960842795748,1.4582310902536582,1777047127.1171424,4.7452562817902315,1.592511142352724,1.454553491765081,1777047127.052033,1777047127.1171424,1.0316385541516042
1777047127.3213308,125.63858604431152,5.954764944144428,3.5684246870703835,0.2,1.4579043737642952,4.745440157185984,1.5926628371771814,0.021479862592394955,1.4610286939496986,1777047127.262596,4.745440157185984,1.5926628371771814,1.4579043737642952,1777047127.266591,1777047127.3223362,0.9284606938719528
1777047127.5181148,125.83537006378174,5.954764944144428,3.5684246870703835,0.2,1.4617707760680112,4.7456508189704225,1.5928333054088084,0.013401483078548172,1.4650325481752038,1777047127.5059848,4.7456508189704225,1.5928333054088084,1.4617707760680112,1777047127.511428,1777047127.4836037,1.03971271729351
1777047127.718734,126.03598928451538,5.954764944144428,3.5684246870703835,0.2,1.463832857297029,4.745762527671017,1.5929222352461498,0.011688842751716978,1.4655805247580054,1777047127.6555007,4.745762527671017,1.5929222352461498,1.463832857297029,1777047127.660007,1777047127.694674,0.9233149780080043
1777047127.9180777,126.23533296585083,5.954764944144428,3.5684246870703835,0.2,1.467441499450043,4.745956962861152,1.5930745589531248,0.01282655234187318,1.4703218853762514,1777047127.880065,4.745956962861152,1.5930745589531248,1.467441499450043,1777047127.892636,1777047127.9070396,0.977920837058205
1777047128.1215906,126.43884587287903,5.954764944144428,3.5684246870703835,0.2,1.470147981062467,4.746101924940388,1.5931860581435229,0.014347273441326764,1.4725074883773648,1777047128.122592,4.746101924940388,1.5931860581435229,1.470147981062467,1777047128.059058,1777047128.0680907,1.0985568599787796
1777047128.3193355,126.63659071922302,5.954764944144428,3.5684246870703835,0.2,1.4736277431368787,4.746287240652395,1.593325981153109,0.01604804126588919,1.4770786330758563,1777047128.2595568,4.746287240652395,1.593325981153109,1.4736277431368787,1777047128.291308,1777047128.2998137,0.9192624413575916
1777047128.5185552,126.83581042289734,5.954764944144428,3.5684246870703835,0.2,1.4758187044442632,4.746403318651863,1.5934121101568517,0.0135564193571436,1.4787323379550021,1777047128.4744833,4.746403318651863,1.5934121101568517,1.4758187044442632,1777047128.443931,1777047128.5195594,0.9392717933845711
1777047128.71804,127.03529524803162,5.954764944144428,3.5684246870703835,0.2,1.4795562266712166,4.746600283426371,1.593555542608749,0.019827686665603656,1.484216463687403,1777047128.70952,4.746600283426371,1.593555542608749,1.4795562266712166,1777047128.692172,1777047128.695172,1.0773571109290865
1777047128.9199424,127.23719763755798,5.954764944144428,3.5684246870703835,0.2,1.4820049481310706,4.746728625097628,1.593647139728976,0.013547585826415782,1.4841230891748673,1777047128.8658683,4.746728625097628,1.593647139728976,1.4820049481310706,1777047128.855358,1777047128.8618782,0.9515049249943197
1777047129.1183517,127.43560695648193,5.954764944144428,3.5684246870703835,0.2,1.4854847102072053,4.746910068097356,1.5937740876486821,0.013499543535117101,1.488459811335009,1777047129.0862536,4.746910068097356,1.5937740876486821,1.4854847102072053,1777047129.084268,1777047129.0767224,0.9791651031519177
1777047129.3181098,127.63536500930786,5.954764944144428,3.5684246870703835,0.2,1.4883200718963359,4.747057113885842,1.5938747496710373,0.013547925350809455,1.4907157038074665,1777047129.2630801,4.747057113885842,1.5938747496710373,1.4883200718963359,1777047129.271124,1777047129.2630801,1.0289845301922051
1777047129.5185096,127.83576488494873,5.954764944144428,3.5684246870703835,0.2,1.4920575941253034,4.7472498800727365,1.5940036529801083,0.014278678803765344,1.4955615131313937,1777047129.5084753,4.7472498800727365,1.5940036529801083,1.4920575941253034,1777047129.51652,1777047129.4733868,1.0422095832089473
1777047129.7186286,128.03588390350342,5.954764944144428,3.5684246870703835,0.2,1.4941196753555646,4.747355725196507,1.594072937385938,0.016010017233328427,1.4965047392798905,1777047129.6574485,4.747355725196507,1.594072937385938,1.4941196753555646,1777047129.661561,1777047129.7025774,0.9566056214267614
1777047129.9188902,128.2361454963684,5.954764944144428,3.5684246870703835,0.2,1.4969550370448639,4.747500683959555,1.5941660835941471,0.015135863291751286,1.5004517237852817,1777047129.8884685,4.747500683959555,1.5941660835941471,1.4969550370448639,1777047129.840922,1777047129.852434,1.0825533084198156
1777047130.118794,128.43604922294617,5.954764944144428,3.5684246870703835,0.2,1.5005636791967323,4.747684228492532,1.5942811000422752,0.01716070546540949,1.504094952390125,1777047130.0942452,4.747684228492532,1.5942811000422752,1.5005636791967323,1777047130.070205,1777047130.0561898,0.9668787134182185
1777047130.318806,128.63606119155884,5.954764944144428,3.5684246870703835,0.2,1.5031412807346118,4.74781469569918,1.5943608437132537,0.012266269301999734,1.50529105914063,1777047130.2695045,4.74781469569918,1.5943608437132537,1.5031412807346118,1777047130.281763,1777047130.2695045,1.0354930104411153
1777047130.5181541,128.8354094028473,5.954764944144428,3.5684246870703835,0.2,1.5068788029614595,4.748002954643769,1.594472922187479,0.015139254513143699,1.510066987667581,1777047130.4800951,4.748002954643769,1.594472922187479,1.5068788029614595,1777047130.495632,1777047130.4911175,1.0988211308680542
1777047130.7189493,129.0362045764923,5.954764944144428,3.5684246870703835,0.2,1.5102296849606436,4.748170836327515,1.594569851968273,0.02858907458048707,1.5163699945067468,1777047130.6948733,4.748170836327515,1.594569851968273,1.5102296849606436,1777047130.713945,1777047130.702398,0.912477970601287
1777047130.9197967,129.23705196380615,5.954764944144428,3.5684246870703835,0.2,1.512291766190648,4.748273733860907,1.5946278385596981,0.013538085648025847,1.5141924544075411,1777047130.9233077,4.748273733860907,1.5946278385596981,1.512291766190648,1777047130.861613,1777047130.847317,0.9338653843587106
1777047131.1181111,129.43536639213562,5.954764944144428,3.5684246870703835,0.2,1.5157715282639106,4.74844667374432,1.5947228314204558,0.01285583670192598,1.5186367498685647,1777047131.0581422,4.74844667374432,1.5947228314204558,1.5157715282639106,1777047131.087578,1777047131.0795739,1.0525735818055515
1777047131.318227,129.63548231124878,5.954764944144428,3.5684246870703835,0.2,1.5187357700324164,4.748593314785978,1.5948009306463398,0.012789528750569603,1.5214607210233901,1777047131.2712033,4.748593314785978,1.5948009306463398,1.5187357700324164,1777047131.297766,1777047131.2937717,0.9706075511562917
1777047131.518653,129.83590817451477,5.954764944144428,3.5684246870703835,0.2,1.5222155321075774,4.748764682740528,1.594889316959241,0.01275783487916111,1.5247488981298427,1777047131.4697766,4.748764682740528,1.594889316959241,1.5222155321075774,1777047131.515643,1777047131.5096378,1.0129945778641503
1777047131.718391,130.03564620018005,5.954764944144428,3.5684246870703835,0.2,1.5247931336433551,4.748891094295117,1.5949525034720315,0.010284865043714177,1.5271022568847512,1777047131.6942933,4.748891094295117,1.5949525034720315,1.5247931336433551,1777047131.672737,1777047131.7201018,0.9365762153717612
1777047131.9184258,130.23568105697632,5.954764944144428,3.5684246870703835,0.2,1.5276284953351098,4.749029640311836,1.5950197719083676,0.014283583621821893,1.5306505926632987,1777047131.9058716,4.749029640311836,1.5950197719083676,1.5276284953351098,1777047131.886969,1777047131.9199324,1.0061324111980754
1777047132.1201673,130.4374225139618,5.954764944144428,3.5684246870703835,0.2,1.5311082574102797,4.749198965473284,1.5950991389072273,0.017149816677305224,1.53378056862975,1777047132.0616932,4.749198965473284,1.5950991389072273,1.5311082574102797,1777047132.109565,1777047132.0727482,1.0540764831625213
1777047132.3186612,130.63591647148132,5.954764944144428,3.5684246870703835,0.2,1.5335569788692887,4.749317662958025,1.595152890760302,0.013540798620668718,1.5364796649550079,1777047132.2775362,4.749317662958025,1.595152890760302,1.5335569788692887,1777047132.281059,1777047132.2980824,0.9194420241295259
1777047132.5180185,130.83527374267578,5.954764944144428,3.5684246870703835,0.2,1.537165621022563,4.7494919145568035,1.5952289566178877,0.011677984448611387,1.5397390183457704,1777047132.4978993,4.7494919145568035,1.5952289566178877,1.537165621022563,1777047132.504484,1777047132.4978993,0.9241773516032776
1777047132.718151,131.03540635108948,5.954764944144428,3.5684246870703835,0.2,1.5397432225595535,4.749615901867584,1.5952810018539878,0.01634303487876509,1.5423231814678975,1777047132.721487,4.749615901867584,1.5952810018539878,1.5397432225595535,1777047132.663785,1777047132.721487,1.0735840323261547
1777047132.9192133,131.2364685535431,5.954764944144428,3.5684246870703835,0.2,1.5428363444027369,4.749764173952923,1.5953409496414943,0.01532466467756134,1.546175706332634,1777047132.8736699,4.749764173952923,1.5953409496414943,1.5428363444027369,1777047132.876673,1777047132.877672,1.056330429818321
1777047133.1185644,131.4358196258545,5.954764944144428,3.5684246870703835,0.2,1.5463161064793605,4.749930328259648,1.595405134761928,0.01353063057394849,1.5495485250063958,1777047133.1125662,4.749930328259648,1.595405134761928,1.5463161064793605,1777047133.101054,1777047133.0977907,0.9865109588262754
1777047133.3212972,131.63855242729187,5.954764944144428,3.5684246870703835,0.2,1.5487648279393216,4.750046848280043,1.595448242871505,0.018262237216018745,1.5513457124338037,1777047133.2538898,4.750046848280043,1.595448242871505,1.5487648279393216,1777047133.25289,1777047133.2498314,1.0710617749303846
1777047133.5182323,131.83548760414124,5.954764944144428,3.5684246870703835,0.2,1.5521157099364105,4.750205770710588,1.595504486447005,0.014286603639777337,1.5552329680558576,1777047133.4720843,4.750205770710588,1.595504486447005,1.5521157099364105,1777047133.478079,1777047133.4720843,1.0031208094340667
1777047133.7185037,132.03575897216797,5.954764944144428,3.5684246870703835,0.2,1.555337711859372,4.750358022076514,1.5955555843503555,0.015139254525350582,1.5586625875587208,1777047133.6917038,4.750358022076514,1.5955555843503555,1.555337711859372,1777047133.69822,1777047133.683107,1.0847051808455659
1777047133.9177542,132.235009431839,5.954764944144428,3.5684246870703835,0.2,1.5579153133960002,4.750479439082505,1.595594364769608,0.012690147699880345,1.5602258662874582,1777047133.8737783,4.750479439082505,1.595594364769608,1.5579153133960002,1777047133.861622,1777047133.9162364,1.0400571768035691
1777047134.1186137,132.43586897850037,5.954764944144428,3.5684246870703835,0.2,1.561523955547198,4.750648864809559,1.595645535548557,0.01430399359882892,1.5646126882881912,1777047134.0897133,4.750648864809559,1.595645535548557,1.561523955547198,1777047134.088715,1777047134.1156104,1.0125474828930314
1777047134.3217454,132.63900065422058,5.954764944144428,3.5684246870703835,0.2,1.563714916854978,4.750751420497545,1.59567483209977,0.015143071462593817,1.5667957958691543,1777047134.2931647,4.750811640261734,1.595691441774927,1.5650037176238503,1777047134.321745,1777047134.2560704,1.0943851192555507
1777047134.5182574,132.83551263809204,5.954764944144428,3.5684246870703835,0.2,1.5671946789295754,4.750913834828554,1.5957186202873432,0.013658494114556512,1.5695459384328232,1777047134.465311,4.750913834828554,1.5957186202873432,1.5671946789295754,1777047134.471855,1777047134.472854,1.0408646616155128
1777047134.7184205,133.03567576408386,5.954764944144428,3.5684246870703835,0.2,1.5706744410043552,4.751075690054283,1.5957590547668765,0.012262651924804299,1.5734648136620033,1777047134.6928616,4.751075690054283,1.5957590547668765,1.5706744410043552,1777047134.690861,1777047134.6938674,0.924121492871216
1777047134.9186633,133.2359185218811,5.954764944144428,3.5684246870703835,0.2,1.572865402312143,4.751177319909483,1.5957827985140438,0.01975161582204298,1.5772956078620564,1777047134.9171574,4.751177319909483,1.5957827985140438,1.572865402312143,1777047134.843749,1777047134.851263,0.9366226645662998
1777047135.1182601,133.43551540374756,5.954764944144428,3.5684246870703835,0.2,1.5762162843097,4.751332348173025,1.5958165572000034,0.015087702958000828,1.5784302820114857,1777047135.0638993,4.751332348173025,1.5958165572000034,1.5762162843097,1777047135.062899,1777047135.0568607,0.948264539660392
1777047135.3178704,133.63512563705444,5.954764944144428,3.5684246870703835,0.2,1.5795671663077835,4.751486899209099,1.5958472352132331,0.012838128109509937,1.5824659334719489,1777047135.2896929,4.751486899209099,1.5958472352132331,1.5795671663077835,1777047135.276149,1777047135.2614288,0.9453387612056146
1777047135.5181406,133.83539581298828,5.954764944144428,3.5684246870703835,0.2,1.5831758084611423,4.751652822024808,1.5958768398623624,0.015045289927848596,1.5863395060383696,1777047135.4999712,4.751652822024808,1.5958768398623624,1.5831758084611423,1777047135.505625,1777047135.505626,1.0717198053829957
1777047135.7188463,134.03610157966614,5.954764944144428,3.5684246870703835,0.2,1.5852378896899253,4.7517474012325875,1.5958921631040501,0.014296049444269128,1.5874347339692896,1777047135.653639,4.7517474012325875,1.5958921631040501,1.5852378896899253,1777047135.656646,1777047135.659646,0.9839594087269085
1777047135.9196253,134.23688054084778,5.954764944144428,3.5684246870703835,0.2,1.588717651765168,4.751906629157631,1.5959154007949634,0.012698793041491291,1.591589302609165,1777047135.8797748,4.751906629157631,1.5959154007949634,1.588717651765168,1777047135.883455,1777047135.8849652,1.0753916112111874
1777047136.1221561,134.43941140174866,5.954764944144428,3.5684246870703835,0.2,1.591424133380423,4.752030156521814,1.595931205742262,0.012092303017256546,1.5941014963939086,1777047136.1011853,4.752071272163905,1.595936033920041,1.5923262939183085,1777047136.117725,1777047136.1132092,1.045082700058124
1777047136.3185632,134.6358184814453,5.954764944144428,3.5684246870703835,0.2,1.5946461353006445,4.7521768626812015,1.5959474406551255,0.013537746600129387,1.5973107026470403,1777047136.2980103,4.7521768626812015,1.5959474406551255,1.5946461353006445,1777047136.266941,1777047136.2809782,0.980629010676372
1777047136.5188448,134.83610010147095,5.954764944144428,3.5684246870703835,0.2,1.5982547774534686,4.752340735676844,1.5959623040393092,0.015155383599200356,1.6008874135456366,1777047136.47172,4.752340735676844,1.5959623040393092,1.5982547774534686,1777047136.50529,1777047136.5138404,0.9273606130208081
1777047136.7187638,135.03601908683777,5.954764944144428,3.5684246870703835,0.2,1.6014767793755278,4.752486672826197,1.595972620432907,0.013542155517208691,1.604252952510386,1777047136.6767223,4.752486672826197,1.595972620432907,1.6014767793755278,1777047136.714258,1777047136.6581573,1.02916393196697
1777047136.918518,135.23577332496643,5.954764944144428,3.5684246870703835,0.2,1.6040543809115322,4.752603173852937,1.5959788727444,0.01735519381590987,1.607651172401817,1777047136.883968,4.752603173852937,1.5959788727444,1.6040543809115322,1777047136.874543,1777047136.882968,1.0941258738731943
1777047137.1227608,135.44001603126526,5.954764944144428,3.5684246870703835,0.2,1.6066319824493922,4.7527194600956735,1.5959833512912858,0.012836603790547099,1.6089249435959698,1777047137.062595,4.7527194600956735,1.5959833512912858,1.6066319824493922,1777047137.061597,1777047137.055076,1.0581064300459853
1777047137.3194542,135.63670945167542,5.954764944144428,3.5684246870703835,0.2,1.6101117445255593,4.75287611589503,1.5959865913775242,0.015044033779099884,1.6134174187837351,1777047137.2823281,4.75287611589503,1.5959865913775242,1.6101117445255593,1777047137.284325,1777047137.2863255,1.053100550112349
1777047137.5177972,135.83505249023438,5.954764944144428,3.5684246870703835,0.2,1.6135915065994704,4.7530324043632195,1.5959866173022406,0.013515407087733827,1.616746925636901,1777047137.5157964,4.7530324043632195,1.5959866173022406,1.6135915065994704,1777047137.510792,1777047137.4415462,1.0065750474747532
1777047137.72097,136.0382251739502,5.954764944144428,3.5684246870703835,0.2,1.6157824679070132,4.753130625819338,1.5959849894139009,0.019141043951389096,1.6186633330608802,1777047137.6663036,4.753130625819338,1.5959849894139009,1.6157824679070132,1777047137.648879,1777047137.6603026,1.0403140434027374
1777047137.9178917,136.23514699935913,5.954764944144428,3.5684246870703835,0.2,1.6192622299828976,4.753286344346705,1.595979800078422,0.012262651914663315,1.6219089435407739,1777047137.882139,4.753286344346705,1.595979800078422,1.6192622299828976,1777047137.885706,1777047137.8776314,0.9430355350463494
1777047138.1178844,136.4351396560669,5.954764944144428,3.5684246870703835,0.2,1.621839831518962,4.753401476251844,1.5959739011884821,0.013458874160452628,1.6241488526744094,1777047138.0537002,4.753401476251844,1.5959739011884821,1.621839831518962,1777047138.050175,1777047138.112902,1.085564336144947
1777047138.3195934,136.6368486881256,5.954764944144428,3.5684246870703835,0.2,1.625319593595495,4.753556623975174,1.5959631718817915,0.012240715160466863,1.6280601564488009,1777047138.2775893,4.753556623975174,1.5959631718817915,1.625319593595495,1777047138.275591,1777047138.261059,1.0134635521416646
1777047138.5178485,136.83510375022888,5.954764944144428,3.5684246870703835,0.2,1.6289282357474442,4.753717189859724,1.5959486990263558,0.017352965285753478,1.6329757925259936,1777047138.510838,4.753717189859724,1.5959486990263558,1.6289282357474442,1777047138.513842,1777047138.4662774,1.0129790695516114
1777047138.7181637,137.03541898727417,5.954764944144428,3.5684246870703835,0.2,1.6313769572070316,4.753825961879248,1.5959369437117905,0.012394804683969479,1.6334600879824357,1777047138.6789029,4.753825961879248,1.5959369437117905,1.6313769572070316,1777047138.691581,1777047138.7046294,0.9284289122317801
1777047138.9179978,137.23525309562683,5.954764944144428,3.5684246870703835,0.2,1.6348567192839312,4.753980286855843,1.595917556545634,0.013552001156036156,1.6380494123625238,1777047138.9144912,4.753980286855843,1.595917556545634,1.6348567192839312,1777047138.913492,1777047138.8815627,1.0494923585727352
1777047139.134457,137.45171236991882,5.954764944144428,3.5684246870703835,0.2,1.6371765606672588,4.754083015015995,1.5959028871293754,0.018358994079350155,1.639762675712075,1777047139.0553548,4.754083015015995,1.5959028871293754,1.6371765606672588,1777047139.058354,1777047139.0382996,0.9158654401931736
1777047139.3185563,137.63581156730652,5.954764944144428,3.5684246870703835,0.2,1.64001192235713,4.75420840882856,1.5958830677446203,0.011146761972008937,1.6421830340853176,1777047139.3197656,4.75420840882856,1.5958830677446203,1.64001192235713,1777047139.259661,1777047139.25013,1.0862063020096737
1777047139.5183372,137.83559250831604,5.954764944144428,3.5684246870703835,0.2,1.6436205645108737,4.754367750989666,1.595854844721265,0.012822597010763354,1.6463463244850167,1777047139.4627047,4.754367750989666,1.595854844721265,1.6436205645108737,1777047139.487862,1777047139.4722185,0.9510166595206031
1777047139.718603,138.03585815429688,5.954764944144428,3.5684246870703835,0.2,1.6463270461246786,4.754487080723991,1.5958314803207887,0.015137558712411982,1.649488451671278,1777047139.6715498,4.754487080723991,1.5958314803207887,1.6463270461246786,1777047139.651995,1777047139.6715498,1.0046544603478482
1777047139.9207413,138.23799657821655,5.954764944144428,3.5684246870703835,0.2,1.6499356882761163,4.75464596086724,1.595797407970848,0.013862347022388696,1.6531259551946187,1777047139.9016888,4.75464596086724,1.595797407970848,1.6499356882761163,1777047139.891368,1777047139.881841,1.0458861070979757
1777047140.1186862,138.4359414577484,5.954764944144428,3.5684246870703835,0.2,1.6531576901992278,4.754787608506689,1.5957641755103422,0.01285339124406503,1.655127585523735,1777047140.0549476,4.754787608506689,1.5957641755103422,1.6531576901992278,1777047140.114671,1777047140.1081572,1.0931565822895317
1777047140.3180196,138.63527488708496,5.954764944144428,3.5684246870703835,0.2,1.6554775315821129,4.754889477181586,1.5957386113821528,0.016906834567298405,1.6590658297625274,1777047140.267187,4.754889477181586,1.5957386113821528,1.6554775315821129,1777047140.258564,1777047140.267187,1.0944731686702205
1777047140.518667,138.83592224121094,5.954764944144428,3.5684246870703835,0.2,1.65895729365693,4.755042102871337,1.5956977038746665,0.021317226207276767,1.663729785215942,1777047140.4910667,4.755042102871337,1.5956977038746665,1.65895729365693,1777047140.483951,1777047140.4889932,0.968468729270628
1777047140.718802,139.03605723381042,5.954764944144428,3.5684246870703835,0.2,1.66140601511864,4.755149383304479,1.595667079967895,0.021885110197913067,1.666313324930982,1777047140.7152972,4.755149383304479,1.595667079967895,1.66140601511864,1777047140.65598,1777047140.7102838,1.0366152826172101
1777047140.918358,139.23561334609985,5.954764944144428,3.5684246870703835,0.2,1.6647568971163533,4.755296030661034,1.5956227223254789,0.012194324745064341,1.6665723010233338,1777047140.86417,4.755296030661034,1.5956227223254789,1.6647568971163533,1777047140.872709,1777047140.8576686,1.017121618741287
1777047141.1189218,139.43617701530457,5.954764944144428,3.5684246870703835,0.2,1.6682366591916233,4.755448134095146,1.5955736705664225,0.011179728288336611,1.6708827735838745,1777047141.1008587,4.755448134095146,1.5955736705664225,1.6682366591916233,1777047141.097648,1777047141.069872,1.0010405307055616
1777047141.3185785,139.63583374023438,5.954764944144428,3.5684246870703835,0.2,1.6704276204994413,4.755543810809804,1.595541229375385,0.01832476429962769,1.6736181615103327,1777047141.2749696,4.755543810809804,1.595541229375385,1.6704276204994413,1777047141.265458,1777047141.2789834,0.954480408249815
1777047141.518674,139.83592915534973,5.954764944144428,3.5684246870703835,0.2,1.6742940228042356,4.755712486575727,1.5954810560684038,0.013547585816612633,1.6772317882922498,1777047141.4918175,4.755712486575727,1.5954810560684038,1.6742940228042356,1777047141.499865,1777047141.5136745,1.0390575757660925
1777047141.7208054,140.03806066513062,5.954764944144428,3.5684246870703835,0.2,1.6768716243416721,4.755824824841811,1.5954388734067388,0.01429794012292576,1.6799068358872946,1777047141.7041006,4.755824824841811,1.5954388734067388,1.6768716243416721,1777047141.65851,1777047141.656509,1.051258868611183
1777047141.9185872,140.23584246635437,5.954764944144428,3.5684246870703835,0.2,1.6806091465719923,4.755987564252792,1.5953747825990103,0.011682527323789108,1.6830445708590107,1777047141.9125679,4.755987564252792,1.5953747825990103,1.6806091465719923,1777047141.910682,1777047141.9016569,0.9934250119996226
1777047142.1177938,140.43504905700684,5.954764944144428,3.5684246870703835,0.2,1.683057868031291,4.756094094227684,1.595330920591926,0.015219816472394464,1.6855549199729116,1777047142.0766337,4.756094094227684,1.595330920591926,1.683057868031291,1777047142.085313,1777047142.0766337,0.9571569481387581
1777047142.318573,140.63582825660706,5.954764944144428,3.5684246870703835,0.2,1.6866665101841392,4.756250959658238,1.5952635917930704,0.014247067158868075,1.6889056376266713,1777047142.3218005,4.756250959658238,1.5952635917930704,1.6866665101841392,1777047142.313566,1777047142.3218005,0.9543358278725079
1777047142.5185688,140.83582401275635,5.954764944144428,3.5684246870703835,0.2,1.6887285914147547,4.756340532725506,1.5952236838358096,0.014288114131003492,1.6919805709928466,1777047142.4613981,4.756340532725506,1.5952236838358096,1.6887285914147547,1777047142.449877,1777047142.4613981,0.9653110453631898
1777047142.718745,141.03600025177002,5.954764944144428,3.5684246870703835,0.2,1.6925949937192701,4.756508363245316,1.5951460557048935,0.011695165007549533,1.6954757162001035,1777047142.7077155,4.756508363245316,1.5951460557048935,1.6925949937192701,1777047142.69469,1777047142.6916864,0.9596991362796
1777047142.9202588,141.23751401901245,5.954764944144428,3.5684246870703835,0.2,1.6950437151802786,4.756614579772564,1.5950950083350217,0.011475443090239625,1.6967095639087544,1777047142.9222665,4.756614579772564,1.5950950083350217,1.6950437151802786,1777047142.859667,1777047142.9116683,0.9141777105871721
1777047143.1216128,141.43886804580688,5.954764944144428,3.5684246870703835,0.2,1.6982657171028768,4.7567542538706045,1.5950256250266739,0.012191849470547224,1.7007418464352606,1777047143.055979,4.7567542538706045,1.5950256250266739,1.6982657171028768,1777047143.063528,1777047143.064592,1.0668780479360394
1777047143.3189406,141.63619589805603,5.954764944144428,3.5684246870703835,0.2,1.7018743592536758,4.7569105819116,1.5949449384539172,0.015133744555361818,1.7052059339556958,1777047143.2761211,4.7569105819116,1.5949449384539172,1.7018743592536758,1777047143.306846,1777047143.301842,0.9182534634986524
1777047143.5182338,141.8354890346527,5.954764944144428,3.5684246870703835,0.2,1.7040653205611047,4.757005443701429,1.5948944214581753,0.019800814000732733,1.7081786108320045,1777047143.4838545,4.757005443701429,1.5948944214581753,1.7040653205611047,1777047143.454127,1777047143.5041707,0.9367819491224985
1777047143.722193,142.039448261261,5.954764944144428,3.5684246870703835,0.2,1.7072873224835492,4.7571448801004825,1.594818041943771,0.01190482132104169,1.7098352095370581,1777047143.697876,4.7571448801004825,1.594818041943771,1.7072873224835492,1777047143.677778,1777047143.7237391,1.0152166050966738
1777047143.918208,142.23546314239502,5.954764944144428,3.5684246870703835,0.2,1.7108959646343924,4.757300961752985,1.59472955535983,0.011624494037583671,1.7127132396791749,1777047143.8542075,4.757300961752985,1.59472955535983,1.7108959646343924,1777047143.909691,1777047143.8912263,1.0617455774463942
1777047144.1186664,142.43592166900635,5.954764944144428,3.5684246870703835,0.2,1.7132158060188543,4.757401254970935,1.594671036817274,0.015527596651251073,1.716506932947225,1777047144.066161,4.757401254970935,1.594671036817274,1.7132158060188543,1777047144.056877,1777047144.0984411,0.9550639503487804
1777047144.3192353,142.6364905834198,5.954764944144428,3.5684246870703835,0.2,1.7164378079410127,4.75754049731898,1.5945876483292727,0.018374595386649324,1.7207475780366226,1777047144.3007114,4.75754049731898,1.5945876483292727,1.7164378079410127,1777047144.289684,1777047144.2675953,1.064111970342256
1777047144.5200007,142.83725595474243,5.954764944144428,3.5684246870703835,0.2,1.7188865294002973,4.757646282762611,1.594522636319729,0.023432408070912042,1.7226573820085964,1777047144.461636,4.757646282762611,1.594522636319729,1.7188865294002973,1777047144.44772,1777047144.49741,1.0016471756758614
1777047144.718191,143.0354461669922,5.954764944144428,3.5684246870703835,0.2,1.7226240516304476,4.757807686212033,1.594420694570946,0.042860943718898724,1.7325673662050245,1777047144.6936262,4.757807686212033,1.594420694570946,1.7226240516304476,1777047144.68962,1777047144.719924,0.98955946938947
1777047144.925742,143.24299716949463,5.954764944144428,3.5684246870703835,0.2,1.7252016531679981,4.75791896157032,1.5943484882323387,0.014417683879417822,1.7277664846008671,1777047144.871521,4.75791896157032,1.5943484882323387,1.7252016531679981,1777047144.849873,1777047144.8766668,1.076195339042045
1777047145.11992,143.43717527389526,5.954764944144428,3.5684246870703835,0.2,1.7291969355495895,4.758091385286737,1.5942335163613146,0.015126968569958711,1.7319874497866303,1777047145.0559938,4.758091385286737,1.5942335163613146,1.7291969355495895,1777047145.108585,1777047145.0464752,0.9463679169598763
