EpochTime(s),TimeFromStart(s),right_prop_rate(rad/s),left_prop_rate(rad/s),LastDT(s),Yaw(rad),North(m),East(m),IMUSensedYawRate(rad/s),IMUIntegratedYaw(rad),IMUSensedTimeStamp(s),ARUCOSensedNorth(m),ARUCOSensedEast(m),ARUCOSensedYaw(rad),ArucoSensedTimeStamp(s),DepthTimeStamp(s),Depth(m)
1777047385.101586,2.2024590969085693,-28.08199428855593,28.081994245804683,0.2,6.2831853057378515,0.1999490350647958,1.000000000592771,1.045284743809286e-13,6.283185305737873,1777047385.0665212,0.1999490350647958,1.000000000592771,6.2831853057378515,1777047385.053479,1777047385.0524783,1.0354863697951324
1777047385.1139188,2.214791774749756,-28.081994288573703,28.08199424578692,0.2,6.2831853057378515,0.2024377967736186,1.0000000005891827,1.045284743809286e-13,6.283185305737873,1777047385.0665212,0.1999490350647958,1.000000000592771,6.2831853057378515,1777047385.053479,1777047385.0524783,1.0354863697951324
1777047385.3143983,2.415271282196045,-28.081994288559073,28.08199424580135,0.2,6.283185305737875,0.20045454191801268,1.0000000005920433,9.526900514844878e-13,6.283185305738101,1777047385.3043604,0.20045454191801268,1.0000000005920433,6.283185305737875,1777047385.254114,1777047385.2958117,0.9461299259890442
1777047385.514838,2.615710973739624,-28.08199428879877,28.08199424556185,0.2,6.2831853057378515,0.20363566922882384,1.000000000543631,-2.0609663171091414e-12,6.283185305737503,1777047385.4733272,0.20363566922882384,1.000000000543631,6.2831853057378515,1777047385.481853,1777047385.466615,1.0564178403438096
1777047385.7173166,2.8181896209716797,-28.081994288583502,28.0819942457771,0.2,6.2831853057372635,0.20792811906654438,1.0000000005889529,-2.651609441932675e-12,6.283185305736832,1777047385.718317,0.20792811906654438,1.0000000005889529,6.2831853057372635,1777047385.645781,1777047385.697633,1.0124648079071972
1777047385.916185,3.0170578956604004,-28.08199428875065,28.08199424560978,0.2,6.28318530573813,0.21478064693737983,1.000000000552514,1.0886739352580012e-11,6.283185305740505,1777047385.8544111,0.21478064693737983,1.000000000552514,6.28318530573813,1777047385.860428,1777047385.9141622,0.9298473878936563
1777047386.114327,3.2151999473571777,-28.081994288860955,28.08199424549947,0.2,6.283185305738057,0.22412905692747312,1.000000000530407,-1.6873241365650116e-11,6.283185305734,1777047386.0947978,0.22412905692747312,1.000000000530407,6.283185305738057,1777047386.096791,1777047386.075074,1.0058091137333274
1777047386.3142319,3.415104866027832,-28.081994288729174,28.08199424563144,0.2,6.283185305736609,0.23082804390483203,1.0000000005614367,-1.920797287097844e-12,6.283185305736274,1777047386.26902,0.23082804390483203,1.0000000005614367,6.283185305736609,1777047386.25877,1777047386.3039272,1.0791404882253537
1777047386.514671,3.615544080734253,-28.081994289001624,28.081994245358988,0.2,6.2831853057387805,0.24118537530356704,1.0000000004998033,8.864783336915598e-12,6.283185305740684,1777047386.4837341,0.24118537530356704,1.0000000004998033,6.2831853057387805,1777047386.471209,1777047386.4459338,0.94157577785753
1777047386.7146478,3.815520763397217,-28.081994288986625,28.081994245373977,0.2,6.283185305737467,0.2533416124368308,1.0000000005067782,-1.6662287768594462e-11,6.283185305733695,1777047386.710115,0.2533416124368308,1.0000000005067782,6.283185305737467,1777047386.708604,1777047386.701566,1.0064360348845443
1777047386.915002,4.0158751010894775,-28.081994288937768,28.081994245422848,0.2,6.283185305736372,0.2598117038179059,1.0000000005199352,1.042149248203961e-11,6.2831853057384075,1777047386.9054625,0.2598117038179059,1.0000000005199352,6.283185305736372,1777047386.850995,1777047386.9110086,1.085944420081549
1777047387.1150105,4.215883493423462,-28.081994289231314,28.081994245129287,0.2,6.283185305739166,0.270776976880806,1.0000000004521612,1.2354879385296936e-11,6.283185305740995,1777047387.1325605,0.270776976880806,1.0000000004521612,6.283185305739166,1777047387.060056,1777047387.0621362,1.0668776075575515
1777047387.3154197,4.416292667388916,-28.08199428918856,28.08199424517186,0.2,6.283185305737453,0.2827654511959497,1.0000000004659382,-2.1035383003764806e-11,6.283185305733133,1777047387.2588398,0.2827654511959497,1.0000000004659382,6.283185305737453,1777047387.279882,1777047387.3064122,1.0494475073690406
1777047387.514398,4.615271091461182,-28.08199428924835,28.081994245112085,0.2,6.283185305737208,0.29398304951222226,1.0000000004545762,1.142996787349655e-11,6.283185305739515,1777047387.460709,0.29398304951222226,1.0000000004545762,6.283185305737208,1777047387.502357,1777047387.512398,1.0190481053214804
1777047387.714527,4.815399885177612,-28.081994289491373,28.08199424486924,0.2,6.2831853057395906,0.30389503021933817,1.0000000003982572,2.786937041763804e-12,6.283185305740199,1777047387.6788623,0.30389503021933817,1.0000000003982572,6.2831853057395906,1777047387.696901,1777047387.6738675,0.9141434829477311
1777047387.914874,5.0157470703125,-28.081994289362726,28.081994244997876,0.2,6.283185305736723,0.3156410645041849,1.0000000004329122,-1.0030762428260387e-11,6.2831853057345,1777047387.90038,0.3156410645041849,1.0000000004329122,6.283185305736723,1777047387.90863,1777047387.8798087,1.0008517023261807
1777047388.1150744,5.215947389602661,-28.081994289433062,28.08199424492754,0.2,6.283185305736959,0.32289545212999177,1.0000000004179501,1.828771316884126e-11,6.283185305740757,1777047388.108046,0.32289545212999177,1.0000000004179501,6.283185305736959,1777047388.04665,1777047388.1175842,1.0731486136650712
1777047388.317995,5.418868064880371,-28.081994289706252,28.08199424465435,0.2,6.283185305739515,0.3355904514909595,1.0000000003550171,4.929327941437418e-13,6.2831853057395906,1777047388.2606988,0.3355904514909595,1.0000000003550171,6.283185305739515,1777047388.289825,1777047388.270741,1.0748143224769597
1777047388.5146976,5.615570545196533,-28.081994289592984,28.08199424476763,0.2,6.283185305737147,0.34421037183141423,1.0000000003850418,-1.1652842944073856e-11,6.283185305734861,1777047388.4568698,0.347391440983412,1.0000000003912368,6.283185305736541,1777047388.511698,1777047388.503809,1.0725039716295233
1777047388.7143173,5.815190315246582,-28.0819942897355,28.08199424462511,0.2,6.283185305737958,0.35603003077645745,1.0000000003537566,1.6155500391905924e-11,6.283185305741216,1777047388.6585467,0.35603003077645745,1.0000000003537566,6.283185305737958,1777047388.657548,1777047388.696758,1.073989417637267
1777047388.9196956,6.020568609237671,-28.081994289918736,28.081994244441866,0.2,6.2831853057396225,0.3651117761557179,1.000000000311687,-9.228305699030726e-12,6.283185305737644,1777047388.8729815,0.3651117761557179,1.000000000311687,6.2831853057396225,1777047388.838217,1777047388.9227757,0.9088568055017101
1777047389.114604,6.215476989746094,-28.081994289798065,28.08199424456236,0.2,6.283185305736557,0.37965649181318845,1.00000000034529,3.1372996265232092e-12,6.283185305737301,1777047389.1099725,0.37965649181318845,1.00000000034529,6.283185305736557,1777047389.100195,1777047389.096173,0.9188713634861567
1777047389.3141742,6.4150471687316895,-28.08199429001387,28.08199424434673,0.2,6.283185305738723,0.3882984028507014,1.0000000002951541,1.3145704093378089e-11,6.2831853057408,1777047389.2680147,0.3882984028507014,1.0000000002951541,6.283185305738723,1777047389.255476,1777047389.3116715,1.0042858303138595
1777047389.5144808,6.61535382270813,-28.081994290089767,28.081994244270845,0.2,6.283185305738623,0.4001085106122728,1.000000000280089,-1.853253661083574e-11,6.2831853057349125,1777047389.4682622,0.4001085106122728,1.000000000280089,6.283185305738623,1777047389.475786,1777047389.4682622,0.9428597395693393
1777047389.7143764,6.815249443054199,-28.08199429007774,28.081994244282882,0.2,6.283185305737178,0.41330278869457093,1.0000000002868559,1.3249262120216391e-11,6.283185305740301,1777047389.7039855,0.41330278869457093,1.0000000002868559,6.283185305737178,1777047389.709985,1777047389.7019885,0.9936512697214532
1777047389.9161117,7.016984701156616,-28.08199429028319,28.081994244077244,0.2,6.283185305739357,0.42057666628201695,1.0000000002387373,1.1515306705346415e-11,6.2831853057408535,1777047389.8339508,0.42057666628201695,1.0000000002387373,6.283185305739357,1777047389.843002,1777047389.8269155,0.9376186154649162
1777047390.115222,7.216094970703125,-28.081994290248023,28.08199424411259,0.2,6.283185305737605,0.4337550575130526,1.0000000002511258,-1.406226776330556e-11,6.2831853057340945,1777047390.083591,0.4337550575130526,1.0000000002511258,6.283185305737605,1777047390.0826,1777047390.0780618,0.9509535186239555
1777047390.3142655,7.415138483047485,-28.0819942903513,28.081994244009323,0.2,6.283185305737876,0.44558654090311767,1.0000000002294074,1.831219067174923e-11,6.283185305741653,1777047390.2898326,0.44558654090311767,1.0000000002294074,6.283185305737876,1777047390.29722,1777047390.2997305,1.0353390694235012
1777047390.5143826,7.61525559425354,-28.08199429054194,28.081994243818674,0.2,6.283185305739783,0.4533113027368581,1.000000000185128,-7.79102477021631e-12,6.283185305738046,1777047390.5128696,0.4533113027368581,1.000000000185128,6.283185305739783,1777047390.456617,1777047390.461131,0.9695992495302429
1777047390.7145326,7.815405607223511,-28.081994290438473,28.08199424392213,0.2,6.283185305737144,0.46604111755823546,1.000000000213961,-8.01598733124139e-12,6.283185305735559,1777047390.7105205,0.46604111755823546,1.000000000213961,6.283185305737144,1777047390.690947,1777047390.6929445,1.0081471383639158
1777047390.9146833,8.015556335449219,-28.081994290602086,28.081994243758338,0.2,6.283185305738349,0.4769606903478057,1.0000000001772331,1.5867745424963054e-11,6.283185305740537,1777047390.9162035,0.4769606903478057,1.0000000001772331,6.283185305738349,1777047390.884585,1777047390.9061487,1.0054433446457363
1777047391.1143756,8.215248584747314,-28.08199429075239,28.081994243608044,0.2,6.283185305739284,0.48877377184121046,1.0000000001440075,-1.9085843302021006e-11,6.2831853057348335,1777047391.0816197,0.48877377184121046,1.0000000001440075,6.283185305739284,1777047391.103986,1777047391.0763226,0.910480590726328
1777047391.3145013,8.415374279022217,-28.08199429064799,28.08199424371262,0.2,6.283185305736886,0.4987833563210348,1.0000000001723548,-6.401019829411043e-12,6.2831853057355405,1777047391.291801,0.4987833563210348,1.0000000001723548,6.283185305736886,1777047391.303987,1777047391.285287,0.9881679252606068
1777047391.5143867,8.615259647369385,-28.081994290812176,28.081994243548447,0.2,6.283185305738381,0.5069711049075425,1.0000000001346323,1.4679613551034874e-11,6.283185305741568,1777047391.508868,0.5069711049075425,1.0000000001346323,6.283185305738381,1777047391.447287,1777047391.5033557,1.0294026615060796
1777047391.715616,8.816488981246948,-28.08199429097079,28.08199424338963,0.2,6.283185305739474,0.5183299485286742,1.0000000000992497,-1.1084365917175865e-11,6.283185305737888,1777047391.6520038,0.5183299485286742,1.0000000000992497,6.283185305739474,1777047391.659017,1777047391.7121074,1.080895892059103
1777047391.9146657,9.015538692474365,-28.08199429088194,28.08199424347848,0.2,6.283185305737019,0.5310699701166137,1.0000000001245968,-2.8686552113123905e-12,6.283185305736418,1777047391.861712,0.5310699701166137,1.0000000001245968,6.283185305737019,1777047391.892133,1777047391.853204,1.0149380223634774
1777047392.114207,9.21508002281189,-28.081994291133487,28.081994243227125,0.2,6.283185305739564,0.5410706434565846,1.0000000000660783,1.3490996982898384e-11,6.2831853057427,1777047392.0941856,0.5410706434565846,1.0000000000660783,6.283185305739564,1777047392.092183,1777047392.0781589,0.9598360652324129
1777047392.314778,9.415651082992554,-28.081994291170133,28.08199424319048,0.2,6.2831853057392335,0.5497048978670933,1.0000000000596463,-1.0402685264992356e-11,6.283185305737629,1777047392.2484388,0.5497048978670933,1.0000000000596463,6.2831853057392335,1777047392.247439,1777047392.287745,1.0255908097355093
1777047392.514147,9.615020036697388,-28.08199429110906,28.081994243251376,0.2,6.2831853057372,0.5619908526521286,1.0000000000780953,2.9020070271271914e-12,6.283185305737825,1777047392.4640117,0.5619908526521286,1.0000000000780953,6.2831853057372,1777047392.46802,1777047392.4785264,1.0507994986011966
1777047392.7148707,9.815743684768677,-28.081994291399642,28.08199424296097,0.2,6.283185305740008,0.5747154543442966,1.0000000000108942,1.2592376362512257e-11,6.283185305742478,1777047392.6601443,0.5747154543442966,1.0000000000108942,6.283185305740008,1777047392.704482,1777047392.7064795,0.9269052910805257
1777047392.9171958,10.018068790435791,-28.081994291346344,28.081994243014282,0.2,6.283185305738551,0.5824455103160517,1.0000000000260516,-1.5853186778828907e-11,6.28318530573523,1777047392.8696942,0.5824455103160517,1.0000000000260516,6.283185305738551,1777047392.86669,1777047392.8596828,0.9106305710443112
1777047393.1141875,10.215060472488403,-28.081994291380404,28.081994242980223,0.2,6.283185305737829,0.5947300069496071,1.0000000000213136,9.710053985478686e-12,6.283185305739939,1777047393.0868993,0.5947300069496071,1.0000000000213136,6.283185305737829,1777047393.094125,1777047393.0773423,1.0984419219631667
1777047393.3182342,10.41910719871521,-28.081994291601568,28.081994242759034,0.2,6.283185305740019,0.603817240839322,0.9999999999699902,5.559172771181108e-12,6.283185305740928,1777047393.3217437,0.603817240839322,0.9999999999699902,6.283185305740019,1777047393.254575,1777047393.293089,0.9856789048604598
1777047393.5147853,10.615658283233643,-28.081994291524946,28.081994242835478,0.2,6.28318530573789,0.615187417111469,0.9999999999918789,-1.3047753854345576e-11,6.283185305734926,1777047393.477647,0.615187417111469,0.9999999999918789,6.28318530573789,1777047393.468138,1777047393.5037417,1.0904374562763586
1777047393.7147858,10.815658807754517,-28.081994291615462,28.081994242744962,0.2,6.283185305738127,0.6256496116725497,0.9999999999728472,1.6712286017640125e-11,6.283185305741863,1777047393.7012434,0.6256496116725497,0.9999999999728472,6.283185305738127,1777047393.680134,1777047393.704766,1.0511307343091736
1777047393.9145617,11.015434741973877,-28.081994291828494,28.081994242531927,0.2,6.283185305739935,0.6374641719974389,0.9999999999243201,-9.078597068665888e-12,6.2831853057380265,1777047393.9115124,0.6374641719974389,0.9999999999243201,6.283185305739935,1777047393.901471,1777047393.8814044,1.0683890963873235
1777047394.117321,11.218194007873535,-28.08199429172799,28.081994242632433,0.2,6.283185305737689,0.6465640807094213,0.9999999999513912,-2.3036943177592173e-11,6.283185305734348,1777047394.0565386,0.6465640807094213,0.9999999999513912,6.283185305737689,1777047394.063047,1777047394.0882246,1.0694347379508349
1777047394.3150406,11.415913581848145,-28.081994291876615,28.081994242483987,0.2,6.2831853057387,0.6574776609108326,0.9999999999182965,2.0122201828206234e-11,6.2831853057430305,1777047394.2717395,0.6574776609108326,0.9999999999182965,6.2831853057387,1777047394.281915,1777047394.3019958,1.0623053286277928
1777047394.5143466,11.615219593048096,-28.0819942920258,28.081994242334623,0.2,6.283185305739586,0.6697493232548841,0.9999999998854401,-1.1925394634771146e-11,6.283185305736983,1777047394.4900115,0.6697493232548841,0.9999999998854401,6.283185305739586,1777047394.507313,1777047394.452254,0.9934137389301679
1777047394.7159674,11.816840410232544,-28.081994291936773,28.08199424242365,0.2,6.283185305737566,0.6779404474774763,0.9999999999095129,-8.981159201976446e-12,6.283185305736154,1777047394.7199602,0.6815794774564959,0.9999999999061019,6.283185305737461,1777047394.714907,1777047394.6552377,0.9045681881433308
1777047394.9151435,12.016016483306885,-28.081994292124637,28.081994242235783,0.2,6.283185305739129,0.688851018694458,0.999999999866817,1.528663221705058e-11,6.283185305742284,1777047394.8536804,0.688851018694458,0.999999999866817,6.283185305739129,1777047394.860497,1777047394.8835673,1.0772629967817378
1777047395.1143472,12.215220212936401,-28.08199429222995,28.08199424213047,0.2,6.283185305739455,0.7006704840428281,0.9999999998445275,-1.0783451299460818e-11,6.2831853057371445,1777047395.0679202,0.7006704840428281,0.9999999998445275,6.283185305739455,1777047395.084171,1777047395.0937314,0.9547542331027938
1777047395.3172393,12.41811227798462,-28.0819942921537,28.081994242206914,0.2,6.283185305737509,0.7097711781692353,0.99999999986582,1.4985077628567634e-12,6.283185305737814,1777047395.2718058,0.7097711781692353,0.99999999986582,6.283185305737509,1777047395.241967,1777047395.2354271,1.0703587900415854
1777047395.5147035,12.61557650566101,-28.08199429241209,28.081994241948344,0.2,6.283185305739918,0.7220418872931486,0.999999999806279,7.49144301336034e-12,6.28318530574153,1777047395.4869533,0.7220418872931486,0.999999999806279,6.283185305739918,1777047395.47081,1777047395.4677796,0.9251023482481721
1777047395.7145698,12.81544280052185,-28.081994292444293,28.08199424191632,0.2,6.283185305739545,0.7306817384762169,0.999999999800901,-1.921657759870966e-11,6.283185305735365,1777047395.704531,0.7306817384762169,0.999999999800901,6.283185305739545,1777047395.647847,1777047395.7065272,0.952802974042826
1777047395.919034,13.019906997680664,-28.081994292388206,28.081994241972406,0.2,6.2831853057376605,0.742055588431976,0.9999999998179057,3.619100590880707e-12,6.283185305738196,1777047395.8524945,0.7452370733467126,0.9999999998040097,6.283185305738205,1777047395.917031,1777047395.9215171,0.9151921521240879
1777047396.115099,13.215971946716309,-28.081994292669172,28.08199424169144,0.2,6.283185305740288,0.7552343946017642,0.9999999997531699,1.7415132290752767e-12,6.283185305740715,1777047396.098008,0.7552343946017642,0.9999999997531699,6.283185305740288,1777047396.096008,1777047396.098008,0.9331866975260654
1777047396.315007,13.415879964828491,-28.08199429258755,28.081994241773064,0.2,6.283185305738034,0.7670637612304047,0.999999999776444,-1.3574768587778093e-11,6.283185305735818,1777047396.2612433,0.7670637612304047,0.999999999776444,6.283185305738034,1777047396.308379,1777047396.253216,1.0251501451663996
1777047396.514828,13.615700960159302,-28.081994292682126,28.081994241678476,0.2,6.283185305738474,0.7761562593071634,0.9999999997559832,2.97551076713903e-11,6.28318530574505,1777047396.4822433,0.7761562593071634,0.9999999997559832,6.283185305738474,1777047396.488761,1777047396.4982688,1.0876734212444201
1777047396.7184079,13.819280862808228,-28.08199429287555,28.081994241485063,0.2,6.283185305740309,0.7847906126520008,0.999999999711348,-2.5204941126264644e-12,6.2831853057397575,1777047396.7009728,0.7847906126520008,0.999999999711348,6.283185305740309,1777047396.647586,1777047396.719918,1.0700873111570681
1777047396.914533,14.015405893325806,-28.081994292803177,28.081994241557258,0.2,6.28318530573814,0.7970748004343945,0.999999999732478,-1.0358137900585467e-11,6.283185305736348,1777047396.8739681,0.7970748004343945,0.999999999732478,6.28318530573814,1777047396.877974,1777047396.8739681,0.9395499400060234
1777047397.1146255,14.215498447418213,-28.081994292975864,28.08199424138475,0.2,6.283185305739356,0.8093471464060145,0.9999999996939057,1.342482010726861e-11,6.283185305742215,1777047397.0869544,0.8093471464060145,0.9999999996939057,6.283185305739356,1777047397.10511,1777047397.0819538,1.0058103101918792
1777047397.3296542,14.430527210235596,-28.081994293100248,28.081994241260173,0.2,6.28318530574037,0.8166207176162434,0.9999999996656748,-9.65142786423053e-13,6.283185305740212,1777047397.250756,0.8211706004530116,0.9999999996712378,6.283185305739707,1777047397.327653,1777047397.298446,0.959360786064506
1777047397.5143025,14.615175485610962,-28.08199429301252,28.08199424134809,0.2,6.283185305737884,0.829814465714301,0.9999999996909144,-4.564188064765884e-12,6.283185305736798,1777047397.4886827,0.829814465714301,0.9999999996909144,6.283185305737884,1777047397.491778,1777047397.4677477,1.0875548516979883
1777047397.7141428,14.81501579284668,-28.0819942932411,28.081994241119332,0.2,6.283185305739924,0.8416299899845281,0.9999999996385227,9.249272443448956e-12,6.283185305741999,1777047397.7131371,0.8416299899845281,0.9999999996385227,6.283185305739924,1777047397.711135,1777047397.6748378,0.9142280064709604
1777047397.916623,15.017496109008789,-28.081994293308295,28.08199424105214,0.2,6.283185305740077,0.8498166852153161,0.9999999996244675,-8.547585489131187e-12,6.283185305738892,1777047397.8518922,0.8498166852153161,0.9999999996244675,6.283185305740077,1777047397.849879,1777047397.8879745,1.0414948107415942
1777047398.1164513,15.217324256896973,-28.08199429323055,28.08199424113006,0.2,6.283185305737935,0.8607343914726171,0.9999999996466278,-7.462307079477292e-12,6.283185305736396,1777047398.0581143,0.8607343914726171,0.9999999996466278,6.283185305737935,1777047398.070653,1777047398.1068916,0.9864631415778945
1777047398.3144832,15.415356159210205,-28.081994293479124,28.08199424088149,0.2,6.283185305740199,0.8730045698915379,0.9999999995895512,1.0709324361507798e-11,6.283185305742368,1777047398.260601,0.8730045698915379,0.9999999995895512,6.283185305740199,1777047398.302293,1777047398.3144832,1.0154818778874162
1777047398.5160973,15.616970300674438,-28.081994293511887,28.081994240848726,0.2,6.283185305739883,0.8811931076721031,0.9999999995838755,-1.275146103899652e-11,6.283185305737175,1777047398.4729495,0.8848332636991193,0.999999999594682,6.283185305738976,1777047398.513068,1777047398.4452915,1.0514443371307343
1777047398.7148666,15.815739631652832,-28.08199429346024,28.08199424090036,0.2,6.283185305738059,0.8925629523960077,0.9999999995997986,7.179260492593352e-12,6.283185305739564,1777047398.6824837,0.8925629523960077,0.9999999995997986,6.283185305738059,1777047398.649942,1777047398.6668963,0.9639547837881539
1777047398.9146736,16.015546560287476,-28.08199429370512,28.081994240655302,0.2,6.283185305740357,0.9039249340495219,0.9999999995433295,5.930220353735014e-12,6.283185305741546,1777047398.8830197,0.9039249340495219,0.9999999995433295,6.283185305740357,1777047398.866777,1777047398.8687727,1.0448014922614797
1777047399.1150248,16.215897798538208,-28.08199429366958,28.08199424069103,0.2,6.2831853057386455,0.9166637403561285,0.9999999995556645,-1.254973682105964e-11,6.283185305735778,1777047399.1115162,0.9166637403561285,0.9999999995556645,6.2831853057386455,1777047399.10907,1777047399.1045105,0.948189612791375
1777047399.3150778,16.415950775146484,-28.081994293736585,28.081994240624027,0.2,6.283185305738661,0.9262085132900589,0.9999999995420694,9.574858761821559e-12,6.283185305740143,1777047399.26631,0.9262085132900589,0.9999999995420694,6.283185305738661,1777047399.272817,1777047399.2673018,0.9583373947922919
1777047399.5159628,16.616835832595825,-28.08199429392926,28.08199424043116,0.2,6.283185305740485,0.934845606411405,0.9999999994975969,5.099510240872391e-12,6.28318530574141,1777047399.5179691,0.934845606411405,0.9999999994975969,6.283185305740485,1777047399.443838,1777047399.5159628,0.9219084591424238
1777047399.7147326,16.815605640411377,-28.081994293878363,28.081994240482057,0.2,6.283185305738557,0.947584056119469,0.9999999995136806,-1.4864069204639747e-11,6.283185305735078,1777047399.6818914,0.947584056119469,0.9999999995136806,6.283185305738557,1777047399.683891,1777047399.68589,1.024548379072827
1777047399.9152842,17.016157150268555,-28.08199429397924,28.081994240381185,0.2,6.283185305739003,0.9575822528997042,0.9999999994919245,9.769265149468328e-12,6.283185305740672,1777047399.8527815,0.9575822528997042,0.9999999994919245,6.283185305739003,1777047399.862801,1777047399.8748271,0.9481116991468126
1777047400.114439,17.215312004089355,-28.081994294155436,28.081994240204985,0.2,6.283185305740132,0.9712267323971543,0.9999999994528835,-5.6157984476833e-12,6.28318530573884,1777047400.0828602,0.9712267323971543,0.9999999994528835,6.283185305740132,1777047400.102616,1777047400.1006093,1.019718165271852
1777047400.3150952,17.41596817970276,-28.0819942940888,28.081994240271797,0.2,6.283185305738491,0.9785040626379138,0.9999999994713178,-2.8846480304820736e-12,6.283185305737874,1777047400.2967424,0.9785040626379138,0.9999999994713178,6.283185305738491,1777047400.25275,1777047400.31407,0.9836206172339604
1777047400.514913,17.61578607559204,-28.08199429424632,28.08199424011429,0.2,6.283185305739585,0.989865465888931,0.9999999994361539,1.0685099623961693e-11,6.283185305741707,1777047400.4953535,0.989865465888931,0.9999999994361539,6.283185305739585,1777047400.453704,1777047400.516437,0.9212266649135469
1777047400.7144828,17.81535577774048,-28.08199429434442,28.081994240016193,0.2,6.28318530573959,1.0039675301032451,0.9999999994162942,-1.4188429105133135e-11,6.2831853057367955,1777047400.6922874,1.0039675301032451,0.9999999994162942,6.28318530573959,1777047400.704964,1777047400.6722598,1.041858426177515
1777047400.9169188,18.017791748046875,-28.081994294302955,28.08199424005747,0.2,6.283185305738305,1.0112416734545397,0.9999999994285164,-4.510986462284091e-12,6.283185305737649,1777047400.9204288,1.0112416734545397,0.9999999994285164,6.283185305738305,1777047400.855864,1777047400.8654656,1.0771861228436515
1777047401.1150794,18.215952396392822,-28.081994294547464,28.08199423981315,0.2,6.28318530574046,1.0239691267541278,0.9999999993725877,8.15453315276452e-12,6.283185305742402,1777047401.0759158,1.0239691267541278,0.9999999993725877,6.28318530574046,1777047401.086437,1777047401.0884423,0.902918732919628
1777047401.3248677,18.425740718841553,-28.08199429457337,28.08199423978723,0.2,6.283185305740002,1.0326138606168804,0.9999999993687154,-1.2339938419638287e-11,6.283185305737288,1777047401.2957942,1.0326138606168804,0.9999999993687154,6.283185305740002,1777047401.255155,1777047401.252627,0.9909355447008329
1777047401.5156283,18.616501331329346,-28.081994294548025,28.081994239812587,0.2,6.283185305738506,1.0444329804536412,0.9999999993783463,2.6559556742163827e-12,6.283185305738937,1777047401.45793,1.0444329804536412,0.9999999993783463,6.283185305738506,1777047401.474065,1777047401.4675553,1.091977060007385
1777047401.7150722,18.815945148468018,-28.081994294785854,28.081994239574744,0.2,6.283185305740693,1.0558000679131123,0.999999999323671,6.8127091613703385e-12,6.283185305742204,1777047401.6797197,1.0558000679131123,0.999999999323671,6.283185305740693,1777047401.680726,1777047401.6797197,1.0349980339774314
1777047401.9144106,19.015283584594727,-28.081994294760687,28.081994239599926,0.2,6.283185305739429,1.0653536739627003,0.9999999993325434,-1.519820580154617e-11,6.28318530573664,1777047401.8631916,1.0653536739627003,0.9999999993325434,6.283185305739429,1777047401.866192,1777047401.8631916,1.0143826728139682
1777047402.1141396,19.215012550354004,-28.081994294801774,28.081994239558828,0.2,6.283185305738907,1.0767157965802125,0.999999999325794,8.399121370348522e-12,6.28318530574066,1777047402.0719213,1.0767157965802125,0.999999999325794,6.283185305738907,1777047402.080572,1777047402.0654104,0.967769026907368
1777047402.3175573,19.41843032836914,-28.081994295002602,28.081994239357833,0.2,6.283185305740757,1.0862662637994671,0.9999999992796005,5.415008333730899e-12,6.2831853057416795,1777047402.3200657,1.0862662637994671,0.9999999992796005,6.283185305740757,1777047402.246317,1777047402.2874207,1.0787060794993868
1777047402.5141726,19.61504554748535,-28.081994294945027,28.08199423941557,0.2,6.283185305738682,1.0994554671458332,0.9999999992974974,-7.403984852253645e-12,6.283185305736825,1777047402.4931026,1.0994554671458332,0.9999999992974974,6.283185305738682,1777047402.489953,1777047402.506658,1.0734570079302697
1777047402.714667,19.815540075302124,-28.081994295109762,28.08199423925084,0.2,6.283185305739868,1.1108183844250046,0.9999999992606022,2.182237325251688e-11,6.283185305744537,1777047402.707076,1.1108183844250046,0.9999999992606022,6.283185305739868,1777047402.709638,1777047402.7126439,0.9861256038324996
1777047402.9316418,20.032514810562134,-28.081994295230814,28.08199423912962,0.2,6.2831853057408065,1.1185525062604942,0.9999999992332728,-6.962436441938994e-13,6.2831853057407026,1777047402.8561275,1.1185525062604942,0.9999999992332728,6.2831853057408065,1777047402.861205,1777047402.9376404,1.0451523883764373
1777047403.1148117,20.21568465232849,-28.081994295158633,28.0819942392018,0.2,6.283185305738572,1.1312836921767022,0.9999999992545726,-4.080939866392643e-12,6.283185305737625,1777047403.0881152,1.1312836921767022,0.9999999992545726,6.283185305738572,1777047403.097147,1777047403.0811155,0.910971626008221
1777047403.3147986,20.415671586990356,-28.081994295372592,28.08199423898802,0.2,6.283185305740385,1.1431037790252572,0.9999999992058661,1.2081782931130014e-11,6.283185305742975,1777047403.3025548,1.1431037790252572,0.9999999992058661,6.283185305740385,1777047403.311294,1777047403.2975512,1.08473084041404
1777047403.5148594,20.615732431411743,-28.081994295441262,28.08199423891935,0.2,6.2831853057405604,1.151293222532108,0.9999999991914347,-8.802670837575411e-12,6.283185305739151,1777047403.4627044,1.151293222532108,0.9999999991914347,6.2831853057405604,1777047403.465725,1777047403.467705,0.9596436610923792
1777047403.715195,20.816067934036255,-28.081994295386846,28.081994238973767,0.2,6.283185305738616,1.1635663371030112,0.9999999992082941,-4.096022094123949e-12,6.283185305737823,1777047403.656376,1.1635663371030112,0.9999999992082941,6.283185305738616,1777047403.70297,1777047403.6814294,0.98596292720671
1777047403.9166913,21.017564296722412,-28.081994295583222,28.0819942387772,0.2,6.2831853057404015,1.173114920512237,0.9999999991631751,8.025981750083674e-12,6.283185305742181,1777047403.8781276,1.173114920512237,0.9999999991631751,6.2831853057404015,1777047403.875623,1777047403.8866382,1.0568879393358095
1777047404.1159763,21.216849327087402,-28.081994295635045,28.081994238725567,0.2,6.283185305740073,1.1840327100732457,0.9999999991536912,-9.221467578664117e-12,6.283185305738398,1777047404.0597327,1.1840327100732457,0.9999999991536912,6.283185305740073,1777047404.068737,1777047404.071926,0.9987743303015941
1777047404.314129,21.41500210762024,-28.08199429563894,28.081994238721485,0.2,6.283185305738945,1.1963041116342987,0.9999999991562686,1.4347008009481437e-12,6.2831853057392335,1777047404.2606897,1.1963041116342987,0.9999999991562686,6.283185305738945,1777047404.30009,1777047404.2815692,1.088576346951809
1777047404.5172164,21.61808943748474,-28.08199429580348,28.08199423855694,0.2,6.283185305740506,1.203581042093358,0.9999999991182857,8.5715963249924e-12,6.283185305742194,1777047404.4576108,1.207220975617833,0.9999999991057041,6.283185305740936,1777047404.516216,1777047404.5016813,0.9696689196391902
1777047404.7145336,21.815406560897827,-28.08199429581903,28.081994238541405,0.2,6.283185305739404,1.2172253312856518,0.9999999991184519,-1.7116433892162054e-11,6.283185305735512,1777047404.6849868,1.2172253312856518,0.9999999991184519,6.283185305739404,1777047404.690495,1777047404.6768541,0.9409801596359048
1777047404.9149733,22.015846252441406,-28.081994295829016,28.081994238531582,0.2,6.283185305738805,1.2249511247263907,0.9999999991182374,1.0017319175836954e-11,6.2831853057409885,1777047404.9029317,1.2249511247263907,0.9999999991182374,6.283185305738805,1777047404.836811,1777047404.9099305,1.078986832275666
1777047405.1144392,22.215312242507935,-28.081994296075372,28.08199423828505,0.2,6.283185305740981,1.2376870556436237,0.9999999990618553,8.711884244688769e-12,6.283185305742235,1777047405.0468318,1.2376870556436237,0.9999999990618553,6.283185305740981,1777047405.081578,1777047405.0770435,0.9350052640062054
1777047405.3148603,22.415733337402344,-28.08199429601855,28.08199423834205,0.2,6.283185305739043,1.249508103270647,0.9999999990791789,-1.027099613582e-11,6.283185305736893,1777047405.2561972,1.249508103270647,0.9999999990791789,6.283185305739043,1777047405.295299,1777047405.287275,0.9685002761178307
1777047405.526308,22.62718105316162,-28.081994296099253,28.081994238261178,0.2,6.283185305739331,1.2581445866084804,0.9999999990619679,1.4587062209449784e-11,6.283185305742197,1777047405.4527044,1.2581445866084804,0.9999999990619679,6.283185305739331,1777047405.445193,1777047405.4431992,1.017932816984768
1777047405.7155912,22.81646418571472,-28.081994296294702,28.081994238065896,0.2,6.28318530574072,1.2717916008360628,0.9999999990182706,-7.091222469988807e-12,6.283185305738989,1777047405.6968193,1.2717916008360628,0.9999999990182706,6.28318530574072,1777047405.701334,1777047405.676021,1.0834254644230095
1777047405.9153097,23.01618266105652,-28.081994296231592,28.08199423812902,0.2,6.283185305739045,1.2799730744486608,0.9999999990360767,-6.8396767619073505e-12,6.283185305737922,1777047405.861121,1.2799730744486608,0.9999999990360767,6.283185305739045,1777047405.868129,1777047405.902244,1.0666970154049797
1777047406.1146915,23.215564489364624,-28.08199429638466,28.08199423797594,0.2,6.28318530574006,1.291339697502772,0.9999999990020405,9.366008761633482e-12,6.28318530574209,1777047406.0778258,1.291339697502772,0.9999999990020405,6.28318530574006,1777047406.074827,1777047406.1041205,0.937787721540984
1777047406.3150709,23.41594386100769,-28.081994296493676,28.081994237866937,0.2,6.283185305740344,1.3040755094812384,0.9999999989791392,-1.0846917269725042e-11,6.283185305737988,1777047406.294968,1.3040755094812384,0.9999999989791392,6.283185305740344,1777047406.303532,1777047406.2562485,0.9086504292122551
1777047406.5144422,23.615315198898315,-28.08199429646758,28.08199423789302,0.2,6.28318530573893,1.3149834255952078,0.999999998988676,5.312904111519859e-12,6.283185305740096,1777047406.5144422,1.3149834255952078,0.999999998988676,6.28318530573893,1777047406.503415,1777047406.5144422,0.990063734654196
1777047406.7150977,23.81597065925598,-28.081994296606215,28.081994237754397,0.2,6.283185305740176,1.3218057942691133,0.999999998956876,1.6950259194214978e-11,6.283185305742912,1777047406.6758974,1.3218057942691133,0.999999998956876,6.283185305740176,1777047406.644491,1777047406.6723115,1.0438889663060436
1777047406.9156685,24.016541481018066,-28.081994296700422,28.08199423766019,0.2,6.283185305740208,1.3349951899907395,0.9999999989377292,-1.0736783146365258e-11,6.283185305737805,1777047406.8996718,1.3349951899907395,0.9999999989377292,6.283185305740208,1777047406.888162,1777047406.8996718,0.952751798634182
1777047407.1147623,24.215635299682617,-28.08199429666692,28.0819942376935,0.2,6.283185305738917,1.3436303550275357,0.9999999989483469,9.29347710730177e-13,6.283185305739056,1777047407.0487804,1.3436303550275357,0.9999999989483469,6.283185305738917,1777047407.038221,1777047407.0487804,1.039814343807732
1777047407.3149276,24.41580057144165,-28.08199429690661,28.08199423745399,0.2,6.283185305740996,1.3563665494840924,0.9999999988936397,9.912802335158197e-12,6.283185305743295,1777047407.280781,1.3563665494840924,0.9999999988936397,6.283185305740996,1777047407.288873,1777047407.273277,1.0469259963346635
1777047407.5150573,24.615930318832397,-28.08199429689069,28.08199423746992,0.2,6.28318530573967,1.36773253234859,0.9999999989008337,-8.186647962871271e-12,6.283185305737934,1777047407.4928226,1.36773253234859,0.9999999989008337,6.28318530573967,1777047407.498341,1777047407.4928226,0.9381181455169239
1777047407.714714,24.815587043762207,-28.081994296920122,28.08199423744049,0.2,6.283185305739203,1.3768241336467835,0.9999999988962734,6.852955606292335e-12,6.283185305740307,1777047407.6539054,1.3768241336467835,0.9999999988962734,6.283185305739203,1777047407.658451,1777047407.6468842,1.0767010014355354
1777047407.9152253,25.016098260879517,-28.081994297147787,28.081994237212637,0.2,6.283185305741126,1.3895612799889883,0.9999999988444184,5.921148054457465e-12,6.283185305742406,1777047407.8699899,1.3895612799889883,0.9999999988444184,6.283185305741126,1777047407.902874,1777047407.8546276,1.0307935915315258
1777047408.114207,25.21508002281189,-28.081994297109656,28.08199423725096,0.2,6.283185305739839,1.3972886420853907,0.9999999988560178,-8.535327801475734e-12,6.283185305737978,1777047408.08809,1.3972886420853907,0.9999999988560178,6.283185305739839,1777047408.056435,1777047408.0659716,1.0997170234894782
1777047408.3148084,25.4156813621521,-28.08199429719666,28.08199423716397,0.2,6.283185305739806,1.4100193936044823,0.9999999988385136,1.0411243383528215e-11,6.283185305742125,1777047408.3108077,1.4100193936044823,0.9999999988385136,6.283185305739806,1777047408.288101,1777047408.3017628,1.0741212955017951
1777047408.5145462,25.615419149398804,-28.081994297362115,28.081994236998497,0.2,6.2831853057411395,1.4200267862964029,0.9999999988010362,-4.8859178828044655e-12,6.2831853057403135,1777047408.479844,1.4200267862964029,0.9999999988010362,6.2831853057411395,1777047408.471841,1777047408.4658089,1.0410251627733784
1777047408.7148318,25.815704822540283,-28.081994297302888,28.081994237057724,0.2,6.283185305739128,1.4322988483557182,0.9999999988190645,-8.7105032144118e-12,6.2831853057373,1777047408.6897097,1.4322988483557182,0.9999999988190645,6.283185305739128,1777047408.701766,1777047408.669053,0.9182994783398415
1777047408.9149346,26.015807628631592,-28.081994297397653,28.081994236962768,0.2,6.2831853057397264,1.4395755773488224,0.9999999987980622,1.1093601531813532e-11,6.283185305741881,1777047408.8839412,1.4395755773488224,0.9999999987980622,6.2831853057397264,1777047408.844265,1777047408.866365,0.9640081955929174
1777047409.1149046,26.21577763557434,-28.081994297573495,28.081994236787118,0.2,6.28318530574089,1.452765043792197,0.9999999987590098,-4.063725711568993e-12,6.283185305740227,1777047409.0470896,1.452765043792197,0.9999999987590098,6.28318530574089,1777047409.083241,1777047409.105856,1.0434457702691866
1777047409.3225758,26.42344880104065,-28.08199429751834,28.081994236842274,0.2,6.283185305739159,1.4627642877755926,0.9999999987753775,-2.1476257485618615e-12,6.283185305738669,1777047409.2753034,1.4627642877755926,0.9999999987753775,6.283185305739159,1777047409.263793,1777047409.2500389,0.9337033236444451
1777047409.5144541,26.61532711982727,-28.081994297736003,28.08199423662461,0.2,6.283185305740934,1.475500850494969,0.9999999987259883,1.478583170653667e-11,6.2831853057440785,1777047409.4879463,1.475500850494969,0.9999999987259883,6.283185305740934,1777047409.506035,1777047409.49551,0.9672195608855635
1777047409.7268283,26.827701330184937,-28.081994297787265,28.081994236573156,0.2,6.2831853057409415,1.482775654157293,0.9999999987155859,-1.089084200185157e-11,6.283185305738553,1777047409.7072592,1.482775654157293,0.9999999987155859,6.2831853057409415,1777047409.650403,1777047409.7072592,0.9052808582286938
1777047409.9150093,27.01588225364685,-28.08199429774655,28.081994236613873,0.2,6.283185305739191,1.495048880514742,0.9999999987290707,3.9285950946078715e-13,6.283185305739252,1777047409.8638809,1.495048880514742,0.9999999987290707,6.283185305739191,1777047409.872954,1777047409.8538368,1.0569523189204775
1777047410.1152685,27.21614146232605,-28.08199429797532,28.081994236385114,0.2,6.283185305741167,1.5073309711891585,0.9999999986768578,9.285369637243056e-12,6.283185305743136,1777047410.0759723,1.5073309711891585,0.9999999986768578,6.283185305741167,1777047410.097719,1777047410.0677993,0.9743850572817826
1777047410.3145542,27.415427207946777,-28.0819942979918,28.081994236368637,0.2,6.283185305740684,1.5146041640328374,0.9999999986749727,-1.4728240737778188e-11,6.28318530573773,1777047410.2765503,1.5146041640328374,0.9999999986749727,6.283185305740684,1777047410.246399,1777047410.2765503,1.0255347381742268
1777047410.5164714,27.61734437942505,-28.08199429796976,28.081994236390837,0.2,6.2831853057392815,1.525969584310604,0.9999999986836441,9.231817897422965e-13,6.283185305739431,1777047410.523985,1.525969584310604,0.9999999986836441,6.2831853057392815,1777047410.454625,1777047410.4516082,1.0849977830847148
1777047410.7150185,27.81589150428772,-28.081994298197795,28.081994236162807,0.2,6.283185305741251,1.538251188314663,0.9999999986316055,6.591415002892903e-12,6.283185305742766,1777047410.668143,1.538251188314663,0.9999999986316055,6.283185305741251,1777047410.685688,1777047410.668143,0.9003912154139404
1777047410.9143534,28.015226364135742,-28.081994298168926,28.081994236191687,0.2,6.283185305739746,1.5496142925736505,0.9999999986419611,-9.035946219992276e-12,6.2831853057377804,1777047410.8856912,1.5496142925736505,0.9999999986419611,6.283185305739746,1777047410.901305,1777047410.8948038,0.9817811932443133
1777047411.1147645,28.21563744544983,-28.08199429822501,28.081994236135603,0.2,6.283185305739635,1.5587101882065522,0.9999999986309486,1.1643572528346813e-11,6.283185305742191,1777047411.1052125,1.5587101882065522,0.9999999986309486,6.283185305739635,1777047411.051768,1777047411.0537653,0.9279635047587794
1777047411.314393,28.415266036987305,-28.081994298428423,28.08199423593201,0.2,6.283185305741269,1.5709894270648161,0.9999999985848657,-7.995329013725671e-12,6.283185305739709,1777047411.3003445,1.5709894270648161,0.9999999985848657,6.283185305741269,1777047411.284306,1777047411.2782786,1.0094839279170096
1777047411.5151494,28.61602234840393,-28.08199429837548,28.08199423598494,0.2,6.2831853057393925,1.5828078523093974,0.9999999986012056,-4.1988243814849374e-12,6.283185305738497,1777047411.5136373,1.5828078523093974,0.9999999986012056,6.2831853057393925,1777047411.511638,1777047411.5051181,1.0611947856034167
1777047411.715313,28.81618595123291,-28.08199429848283,28.08199423587777,0.2,6.283185305740072,1.5909960268477619,0.9999999985774761,9.241117029936342e-12,6.2831853057413385,1777047411.650714,1.5909960268477619,0.9999999985774761,6.283185305740072,1777047411.658715,1777047411.6997302,1.0876209425518062
1777047411.9144123,29.01528525352478,-28.08199429863979,28.08199423572081,0.2,6.283185305741018,1.6037269616583474,0.9999999985428623,-4.129161631357553e-12,6.2831853057401865,1777047411.8520558,1.6037269616583474,0.9999999985428623,6.283185305741018,1777047411.887006,1777047411.8520558,1.0030547603171571
1777047412.115693,29.21656608581543,-28.08199429859667,28.081994235763943,0.2,6.283185305739368,1.6146381367113436,0.9999999985565352,-3.3062261357549716e-12,6.283185305738637,1777047412.073125,1.6146381367113436,0.9999999985565352,6.283185305739368,1777047412.087166,1777047412.118688,1.0866627014114276
1777047412.3149865,29.41585946083069,-28.081994298798413,28.0819942355622,0.2,6.283185305741058,1.6260101305626518,0.9999999985106602,9.518902021987004e-12,6.283185305743112,1777047412.2889092,1.6260101305626518,0.9999999985106602,6.283185305741058,1777047412.311912,1777047412.247648,1.0124375434435662
1777047412.5146687,29.615541696548462,-28.081994298853942,28.08199423550667,0.2,6.283185305741073,1.6337375499668687,0.9999999984993708,-1.0718056756774928e-11,6.283185305738788,1777047412.502126,1.6337375499668687,0.9999999984993708,6.283185305741073,1777047412.451679,1777047412.4538245,1.0949044906519798
1777047412.7151675,29.816040515899658,-28.081994298817108,28.081994235543505,0.2,6.28318530573942,1.6455589927081193,0.9999999985117868,3.447272435051291e-12,6.283185305740082,1777047412.6941066,1.6455589927081193,0.9999999985117868,6.28318530573942,1777047412.664467,1777047412.658429,1.0015852967655485
1777047412.91486,30.015733003616333,-28.08199429900923,28.0819942353512,0.2,6.283185305741069,1.6560209319444525,0.9999999984679467,1.082740522122509e-11,6.283185305742842,1777047412.8578784,1.6560209319444525,0.9999999984679467,6.283185305741069,1777047412.876981,1777047412.8669307,1.0904300788554688
1777047413.115015,30.215888023376465,-28.081994299045878,28.081994235314557,0.2,6.283185305740471,1.6673843222905267,0.9999999984623227,-7.476466858519995e-12,6.283185305738943,1777047413.0622091,1.6673843222905267,0.9999999984623227,6.283185305740471,1777047413.09393,1777047413.085898,0.9151226536367856
1777047413.3150408,30.415913820266724,-28.081994299034402,28.08199423532621,0.2,6.283185305739475,1.6760250113131858,0.999999998467654,3.377708055252372e-12,6.283185305740184,1777047413.2721257,1.6760250113131858,0.999999998467654,6.283185305739475,1777047413.243186,1777047413.2988567,1.077477530680986
1777047413.5155158,30.61638879776001,-28.0819942992776,28.081994235083,0.2,6.2831853057414335,1.6905773592584454,0.9999999984125736,-3.793960992424803e-13,6.283185305741341,1777047413.5155158,1.6905773592584454,0.9999999984125736,6.2831853057414335,1777047413.511013,1777047413.4440827,1.0409464394170151
1777047413.7152598,30.81613278388977,-28.081994299257435,28.081994235103178,0.2,6.283185305740449,1.6978496786063444,0.9999999984195862,-1.3191423952751952e-11,6.283185305737831,1777047413.7140265,1.6978496786063444,0.9999999984195862,6.283185305740449,1777047413.663082,1777047413.665081,0.9714939404100528
1777047413.9166715,31.017544507980347,-28.081994299317223,28.08199423504321,0.2,6.283185305740038,1.71058532385458,0.999999998408709,4.066114064538206e-12,6.283185305740564,1777047413.8432863,1.71058532385458,0.999999998408709,6.283185305740038,1777047413.900026,1777047413.8924649,1.0013644787982907
1777047414.1148503,31.215723276138306,-28.08199429947843,28.08199423488199,0.2,6.2831853057414415,1.7192244507299863,0.9999999983718887,1.969802399778931e-12,6.283185305741894,1777047414.0728035,1.7192244507299863,0.9999999983718887,6.2831853057414415,1777047414.059673,1777047414.1060224,1.0323062934230796
1777047414.3183064,31.419179439544678,-28.08199429944993,28.08199423491068,0.2,6.283185305739856,1.7314983319305177,0.9999999983824389,-5.937900455806996e-12,6.2831853057385,1777047414.3012087,1.7314983319305177,0.9999999983824389,6.283185305739856,1777047414.283089,1777047414.3052213,0.9588463681720958
1777047414.51809,31.61896300315857,-28.081994299519707,28.081994234840906,0.2,6.283185305739975,1.7401414636717212,0.9999999983679584,9.861421033375282e-12,6.283185305741453,1777047414.4510612,1.7437798619304576,0.9999999983504041,6.283185305740683,1777047414.516958,1777047414.4510612,0.9846040544883713
1777047414.7147956,31.81566858291626,-28.081994299710715,28.081994234649887,0.2,6.28318530574139,1.7528710071581337,0.9999999983250599,-5.42649715726426e-12,6.283185305740159,1777047414.6779225,1.7528710071581337,0.9999999983250599,6.28318530574139,1777047414.668412,1777047414.6719232,0.9098742553826427
1777047414.9144814,32.01535439491272,-28.081994299666857,28.081994234693756,0.2,6.283185305739596,1.7651484599025677,0.9999999983393166,-2.41158135521082e-12,6.283185305739069,1777047414.8964548,1.7651484599025677,0.9999999983393166,6.283185305739596,1777047414.901989,1777047414.8876188,1.0804494900734365
1777047415.114936,32.21580910682678,-28.08199429982603,28.081994234534584,0.2,6.283185305740874,1.7747000259572314,0.9999999983032849,9.517096890324981e-12,6.283185305742321,1777047415.117093,1.7747000259572314,0.9999999983032849,6.283185305740874,1777047415.085639,1777047415.1097372,1.0490315299668904
1777047415.315264,32.41613698005676,-28.08199429992413,28.081994234436294,0.2,6.283185305741393,1.7833361541107446,0.9999999982818493,-5.137598376231477e-12,6.283185305740339,1777047415.2534213,1.7833361541107446,0.9999999982818493,6.283185305741393,1777047415.241406,1777047415.246926,1.0811429183729153
1777047415.5159748,32.61684775352478,-28.081994299894887,28.081994234465544,0.2,6.283185305739666,1.7969792636515636,0.9999999982929503,-6.439568363806247e-13,6.283185305739516,1777047415.4867656,1.7969792636515636,0.9999999982929503,6.283185305739666,1777047415.49228,1777047415.4572043,1.0741690738485994
1777047415.7151291,32.81600213050842,-28.081994300102554,28.081994234258058,0.2,6.283185305741445,1.808347279085852,0.9999999982456019,5.8390130069935955e-12,6.283185305742755,1777047415.7111232,1.808347279085852,0.9999999982456019,6.283185305741445,1777047415.701618,1777047415.6654894,0.9217574683242917
1777047415.915415,33.01628804206848,-28.081994300131434,28.081994234229,0.2,6.283185305741136,1.8156196835080471,0.9999999982406773,-9.820710986375752e-12,6.283185305739199,1777047415.9084015,1.8156196835080471,0.9999999982406773,6.283185305741136,1777047415.852411,1777047415.8857927,1.0987629604730875
1777047416.117899,33.21877193450928,-28.08199430013828,28.081994234222332,0.2,6.283185305739905,1.8292647358781293,0.9999999982429882,7.599875937563974e-13,6.2831853057400116,1777047416.1204312,1.8292647358781293,0.9999999982429882,6.283185305739905,1777047416.105653,1777047416.0419562,1.0683967533296839
1777047416.3186388,33.419511795043945,-28.081994300299858,28.081994234060563,0.2,6.283185305741358,1.8374488692264097,0.9999999982059258,6.386829567695102e-12,6.283185305742669,1777047416.2542467,1.8374488692264097,0.9999999982059258,6.283185305741358,1777047416.244201,1777047416.2627776,0.9508138181722576
1777047416.5149446,33.61581754684448,-28.08199430032504,28.081994234035395,0.2,6.283185305740605,1.8488134388917086,0.9999999982030925,-1.608710238140482e-11,6.283185305737019,1777047416.4771178,1.8488134388917086,0.9999999982030925,6.283185305740605,1777047416.467598,1777047416.4831712,1.0091992653439454
1777047416.715285,33.816158056259155,-28.08199430035779,28.08199423400281,0.2,6.283185305739992,1.859730522463298,0.9999999981983284,4.313983064315418e-12,6.283185305740801,1777047416.664723,1.859730522463298,0.9999999981983284,6.283185305739992,1777047416.676197,1777047416.667163,0.9243311503651473
1777047416.914696,34.01556897163391,-28.081994300561213,28.08199423379941,0.2,6.283185305741622,1.872004554290688,0.9999999981522633,-3.8562484974348e-13,6.283185305741535,1777047416.8900616,1.872004554290688,0.9999999981522633,6.283185305741622,1777047416.898368,1777047416.8684924,0.9071531917419395
1777047417.114721,34.21559405326843,-28.081994300533438,28.081994233827174,0.2,6.283185305740495,1.8797340442789994,0.9999999981612697,-9.152588478972814e-12,6.2831853057391,1777047417.116882,1.8838280598996622,0.9999999981663116,6.283185305739878,1777047417.111724,1777047417.079007,0.9669239644470922
1777047417.3140342,34.41490721702576,-28.081994300612287,28.081994233748325,0.2,6.283185305740391,1.8920151276538624,0.9999999981456393,1.3724896773351328e-11,6.283185305744061,1777047417.3098176,1.8920151276538624,0.9999999981456393,6.283185305740391,1777047417.277801,1777047417.291273,1.0880924558005465
1777047417.517381,34.61825394630432,-28.08199430076832,28.081994233592102,0.2,6.2831853057416716,1.901106159595185,0.999999998110196,-8.059735398329578e-14,6.28318530574166,1777047417.4529362,1.9047427812757591,0.9999999981091685,6.283185305741437,1777047417.516377,1777047417.5208948,1.036764425978168
1777047417.7146327,34.81550574302673,-28.081994300734447,28.081994233626165,0.2,6.283185305739837,1.9152038871271289,0.9999999981225821,-5.999173901269219e-12,6.28318530573856,1777047417.6656528,1.9152038871271289,0.9999999981225821,6.283185305739837,1777047417.700914,1777047417.6656528,0.9676905907451627
1777047417.9152067,35.01607966423035,-28.08199430090843,28.081994233452182,0.2,6.283185305741193,1.9261171905535226,0.9999999980832899,1.1694319039468862e-11,6.283185305743711,1777047417.8809404,1.9261171905535226,0.9999999980832899,6.283185305741193,1777047417.896502,1777047417.8809404,0.9979172615078067
1777047418.115254,35.216126918792725,-28.081994300991173,28.08199423336944,0.2,6.283185305741626,1.9333896799284653,0.9999999980652553,-6.8624863151302426e-12,6.283185305740156,1777047418.0951395,1.9333896799284653,0.9999999980652553,6.283185305741626,1777047418.059927,1777047418.0901258,1.0558581933637663
1777047418.3148377,35.41571068763733,-28.081994300946196,28.081994233414417,0.2,6.28318530574004,1.9433953080209134,0.9999999980791301,-3.0076247596574887e-12,6.283185305739514,1777047418.269953,1.9433953080209134,0.9999999980791301,6.28318530574004,1777047418.238413,1777047418.2583482,1.0358999580081885
1777047418.5150096,35.61588263511658,-28.081994301136834,28.081994233223778,0.2,6.28318530574136,1.9570368447070308,0.9999999980365732,9.751737310269161e-12,6.283185305743484,1777047418.4878147,1.9570368447070308,0.9999999980365732,6.28318530574136,1777047418.479805,1777047418.4651642,0.9840639140654805
1777047418.718262,35.81913495063782,-28.081994301199956,28.08199423316048,0.2,6.283185305741349,1.9661285933787174,0.9999999980238258,-7.517191263957226e-12,6.283185305740068,1777047418.6581776,1.9661285933787174,0.9999999980238258,6.283185305741349,1777047418.665204,1777047418.6901886,0.9893765672454615
1777047418.9152539,36.01612687110901,-28.08199430116886,28.081994233191754,0.2,6.283185305739901,1.9765905758369073,0.9999999980344871,4.413119030565918e-13,6.283185305739992,1777047418.8629596,1.9765905758369073,0.9999999980344871,6.283185305739901,1777047418.851886,1777047418.913616,0.9417978498070738
1777047419.1146502,36.21552324295044,-28.08199430136413,28.081994232996482,0.2,6.28318530574151,1.9879564803581729,0.9999999979901494,5.409514729127009e-12,6.28318530574269,1777047419.0811563,1.9879564803581729,0.9999999979901494,6.28318530574151,1777047419.06197,1777047419.1098876,1.0361450383036404
1777047419.3146005,36.41547346115112,-28.081994301380963,28.081994232979458,0.2,6.2831853057404246,2.00159780946666,0.9999999979899703,-2.0356777587223574e-11,6.283185305737021,1777047419.2483644,2.00159780946666,0.9999999979899703,6.2831853057404246,1777047419.310071,1777047419.2659218,0.9695855970939776
1777047419.5156124,36.616485357284546,-28.081994301399106,28.081994232961506,0.2,6.283185305740005,2.008420714965938,0.9999999979875765,3.776392115169312e-12,6.283185305740866,1777047419.4761813,2.008420714965938,0.9999999979875765,6.283185305740005,1777047419.45407,1777047419.4957805,0.900931040098554
1777047419.7159688,36.81684184074402,-28.08199430161289,28.081994232747533,0.2,6.283185305741779,2.0206943459750786,0.9999999979389794,2.7809897715790667e-12,6.283185305742369,1777047419.6884031,2.0206943459750786,0.9999999979389794,6.283185305741779,1777047419.686402,1777047419.6381347,1.0526512487227229
1777047419.9142132,37.01508617401123,-28.081994301600854,28.081994232759758,0.2,6.283185305740648,2.030699067903746,0.999999997944833,-1.3041165031263674e-11,6.283185305738706,1777047419.9163134,2.030699067903746,0.999999997944833,6.283185305740648,1777047419.868249,1777047419.9163134,0.986543810748689
1777047420.115641,37.216514110565186,-28.081994301687107,28.081994232673328,0.2,6.28318530574065,2.04297799708562,0.9999999979273572,9.855654491488579e-12,6.283185305742791,1777047420.1206696,2.04297799708562,0.9999999979273572,6.28318530574065,1777047420.086224,1777047420.0621326,1.0559511045988392
1777047420.3144398,37.41531276702881,-28.081994301843135,28.081994232517477,0.2,6.283185305741793,2.0534329209605144,0.9999999978923574,1.1802899955522896e-12,6.2831853057420375,1777047420.2616677,2.0534329209605144,0.9999999978923574,6.283185305741793,1777047420.295846,1777047420.2541459,1.0449894499357868
1777047420.5149002,37.61577320098877,-28.081994301803338,28.081994232557264,0.2,6.283185305740098,2.065258990268123,0.9999999979055012,-4.6309946050494595e-12,6.283185305738963,1777047420.5067437,2.065258990268123,0.9999999979055012,6.283185305740098,1777047420.509743,1777047420.4708588,0.9877056699044469
1777047420.7149696,37.815842628479004,-28.081994301954367,28.08199423240623,0.2,6.2831853057411795,2.0757158161335445,0.9999999978716969,1.2288415933850427e-11,6.283185305743403,1777047420.6876802,2.0757158161335445,0.9999999978716969,6.2831853057411795,1777047420.695254,1777047420.7057948,0.9856846421520175
1777047420.9170861,38.017959117889404,-28.081994302055623,28.08199423230499,0.2,6.283185305741565,2.0861724290968056,0.999999997850062,-2.0518848972550726e-12,6.283185305741218,1777047420.8567524,2.0861724290968056,0.999999997850062,6.283185305741565,1777047420.902409,1777047420.9200823,1.0754666954054968
1777047421.1147745,38.21564745903015,-28.08199430202249,28.081994232338122,0.2,6.28318530574009,2.096634328811698,0.9999999978611863,-6.807706207404588e-13,6.2831853057399165,1777047421.111633,2.096634328811698,0.9999999978611863,6.28318530574009,1777047421.101933,1777047421.0960095,1.0021803643438156
1777047421.3149352,38.41580820083618,-28.081994302156115,28.081994232204487,0.2,6.283185305741108,2.105271933808691,0.9999999978311037,8.469777109045656e-12,6.283185305742288,1777047421.3169432,2.105271933808691,0.9999999978311037,6.283185305741108,1777047421.248497,1777047421.3008564,0.9649155255356077
1777047421.516791,38.617664098739624,-28.081994302267915,28.081994232092697,0.2,6.283185305741553,2.1166382786015494,0.9999999978071393,-5.714239852713187e-12,6.283185305740388,1777047421.5208156,2.1166382786015494,0.9999999978071393,6.283185305741553,1777047421.463408,1777047421.4548993,1.061166732378638
1777047421.7148306,38.81570363044739,-28.081994302245892,28.08199423211472,0.2,6.283185305740141,2.128009360642811,0.9999999978158324,-6.142782254863409e-13,6.283185305740002,1777047421.6825068,2.128009360642811,0.9999999978158324,6.283185305740141,1777047421.68401,1777047421.6860168,1.009918682048386
1777047421.9170394,39.0179123878479,-28.08199430240303,28.081994231957392,0.2,6.283185305741442,2.137100674447005,0.999999997780105,8.240779817170266e-12,6.2831853057428235,1777047421.919032,2.137100674447005,0.999999997780105,6.283185305741442,1777047421.855288,1777047421.8582911,1.0868126877343685
1777047422.1150107,39.21588373184204,-28.08199430246226,28.081994231898342,0.2,6.283185305740987,2.1502884357649252,0.9999999977695028,-8.460601351350576e-12,6.283185305739203,1777047422.0608878,2.1502884357649252,0.9999999977695028,6.283185305740987,1777047422.091987,1777047422.0834684,1.0354355335763166
1777047422.318544,39.41941690444946,-28.081994302473365,28.081994231887236,0.2,6.2831853057402505,2.159384084459219,0.9999999977694803,-2.156686206077403e-12,6.28318530573983,1777047422.3356078,2.159384084459219,0.9999999977694803,6.2831853057402505,1777047422.290974,1777047422.337608,1.0345440833158968
1777047422.5144901,39.615363121032715,-28.081994302653456,28.081994231707156,0.2,6.2831853057417755,2.1693842610983194,0.9999999977284678,4.623901231387259e-12,6.283185305742812,1777047422.4797194,2.1693842610983194,0.9999999977284678,6.2831853057417755,1777047422.459667,1777047422.4807262,1.0788339992176468
1777047422.7144828,39.81535577774048,-28.081994302669006,28.081994231691606,0.2,6.2831853057408065,2.181664142403201,0.9999999977282091,-9.378877891394547e-12,6.283185305738869,1777047422.6862335,2.181664142403201,0.9999999977282091,6.2831853057408065,1777047422.682732,1777047422.703829,0.9280201903471453
1777047422.9150434,40.01591634750366,-28.081994302697698,28.081994231662726,0.2,6.283185305740362,2.1903039792169325,0.9999999977237273,1.0607318617488366e-11,6.283185305742762,1777047422.9125059,2.1903039792169325,0.9999999977237273,6.283185305740362,1777047422.859705,1777047422.8647184,1.0849815758556658
1777047423.1150377,40.21591067314148,-28.08199430290129,28.081994231459312,0.2,6.283185305741989,2.20257793149437,0.9999999976776663,4.171891257586555e-12,6.283185305742573,1777047423.1175451,2.20257793149437,0.9999999976776663,6.283185305741989,1777047423.087841,1777047423.0798373,1.0407448625080347
1777047423.3158169,40.4166898727417,-28.08199430288149,28.081994231479122,0.2,6.283185305740793,2.212130009107544,0.9999999976852774,-6.167316265069493e-12,6.283185305739427,1777047423.2741385,2.212130009107544,0.9999999976852774,6.283185305740793,1777047423.254112,1777047423.3188217,0.9630894330779166
1777047423.5176315,40.61850452423096,-28.081994303009008,28.081994231351594,0.2,6.283185305741236,2.225769068014459,0.999999997658131,6.2629193784522615e-12,6.283185305742387,1777047423.4579067,2.225769068014459,0.999999997658131,6.283185305741236,1777047423.509101,1777047423.4478655,0.9312038264768503
1777047423.714972,40.815845012664795,-28.081994303121547,28.081994231239065,0.2,6.2831853057419975,2.23395328126972,0.9999999976330749,-2.0281967053011646e-12,6.283185305741576,1777047423.665748,2.23395328126972,0.9999999976330749,6.2831853057419975,1777047423.653232,1777047423.6562304,1.0599157303557387
1777047423.9140308,41.01490378379822,-28.081994303092678,28.081994231267757,0.2,6.283185305740318,2.247143160319527,0.9999999976439464,-8.444306597293304e-13,6.2831853057401155,1777047423.9053426,2.247143160319527,0.9999999976439464,6.283185305740318,1777047423.892824,1777047423.868189,1.0030337067044517
1777047424.1141353,41.21500825881958,-28.081994303263887,28.081994231096726,0.2,6.283185305741632,2.2580527059041264,0.9999999976053766,8.197093352056153e-12,6.283185305743331,1777047424.112618,2.2580527059041264,0.9999999976053766,6.283185305741632,1777047424.095385,1777047424.097387,1.0772473465816106
1777047424.314251,41.41512393951416,-28.081994303337925,28.081994231022687,0.2,6.283185305741954,2.265328854873432,0.9999999975894169,-4.942682266521841e-12,6.283185305741213,1777047424.262556,2.2698777187734196,0.9999999975942231,6.283185305741318,1777047424.327284,1777047424.3282855,1.0308419776929556
1777047424.514904,41.615777015686035,-28.081994303323853,28.08199423103676,0.2,6.283185305740388,2.2794268821764443,0.999999997596973,1.0773184643669166e-12,6.283185305740636,1777047424.4925911,2.2794268821764443,0.999999997596973,6.283185305740388,1777047424.500633,1777047424.493591,1.0179419887578436
1777047424.71494,41.815813064575195,-28.081994303490802,28.081994230869622,0.2,6.2831853057417755,2.288972814541113,0.9999999975590114,9.206407809391967e-12,6.283185305743341,1777047424.6626651,2.288972814541113,0.9999999975590114,6.2831853057417755,1777047424.672684,1777047424.6606615,1.0134764617833194
1777047424.9152188,42.01609182357788,-28.081994303533005,28.081994230827416,0.2,6.283185305741218,2.3007984369004557,0.9999999975521443,-6.558096527297791e-12,6.283185305739642,1777047424.9028924,2.3007984369004557,0.9999999975521443,6.283185305741218,1777047424.905922,1777047424.8927906,1.0828431791890973
1777047425.1179092,42.21878218650818,-28.081994303546885,28.081994230813546,0.2,6.2831853057404805,2.3103466436416498,0.9999999975515509,1.7689357764723352e-12,6.2831853057407585,1777047425.0602808,2.3103466436416498,0.9999999975515509,6.2831853057404805,1777047425.069788,1777047425.1098552,0.989202256651688
1777047425.3150256,42.41589856147766,-28.081994303754,28.08199423060661,0.2,6.283185305742111,2.3230766215803205,0.999999997504768,1.8766680297868643e-12,6.283185305742549,1777047425.2934144,2.3230766215803205,0.999999997504768,6.283185305742111,1777047425.299935,1777047425.2868948,0.9281523709944239
1777047425.532074,42.63294696807861,-28.081994303747717,28.081994230612906,0.2,6.28318530574128,2.3308094093896585,0.9999999975085226,-7.711909154876577e-12,6.283185305740107,1777047425.5340807,2.3358115071054244,0.9999999975142397,6.283185305740547,1777047425.53408,1777047425.5330796,0.9228092196209335
1777047425.7146606,42.81553363800049,-28.081994303825994,28.081994230534608,0.2,6.283185305741038,2.344448159292407,0.9999999974934196,6.742535088671139e-12,6.283185305742823,1777047425.7101374,2.344448159292407,0.9999999974934196,6.283185305741038,1777047425.707351,1777047425.7101374,1.0117719315791955
1777047425.9160538,43.016926765441895,-28.081994303962414,28.081994230398198,0.2,6.283185305742129,2.352632789753826,0.9999999974625343,2.9123332688444715e-12,6.283185305742548,1777047425.854073,2.352632789753826,0.9999999974625343,6.283185305742129,1777047425.857585,1777047425.854073,1.0482914936082883
1777047426.1143296,43.21520256996155,-28.08199430394501,28.081994230415603,0.2,6.283185305740696,2.3649129728245817,0.9999999974703653,-6.063236333390024e-12,6.283185305739261,1777047426.090762,2.3649129728245817,0.9999999974703653,6.283185305740696,1777047426.089754,1777047426.0838876,0.921089016349277
1777047426.3152983,43.41617131233215,-28.08199430402849,28.081994230331944,0.2,6.283185305740976,2.3740042948355375,0.9999999974526118,8.797589264276364e-12,6.283185305742929,1777047426.3127906,2.3771866045655754,0.9999999974384347,6.283185305741522,1777047426.316315,1777047426.2497036,1.00625128493517
1777047426.5143313,43.61520433425903,-28.081994304192296,28.08199423016832,0.2,6.283185305742007,2.386737698197872,0.9999999974164012,-2.258760392863683e-12,6.2831853057417,1777047426.448734,2.386737698197872,0.9999999974164012,6.283185305742007,1777047426.478342,1777047426.462292,1.0270700740428178
1777047426.7148864,43.8157594203949,-28.081994304167495,28.081994230193118,0.2,6.2831853057405125,2.398560446068262,0.9999999974258955,-7.991898523588202e-12,6.283185305738768,1777047426.6669827,2.398560446068262,0.9999999974258955,6.2831853057405125,1777047426.702816,1777047426.6981094,0.9593736235305832
1777047426.9143553,44.015228271484375,-28.081994304327228,28.081994230033207,0.2,6.283185305741755,2.4085615766029864,0.9999999973898263,1.1138783808387361e-11,6.283185305744137,1777047426.8808534,2.4085615766029864,0.9999999973898263,6.283185305741755,1777047426.905283,1777047426.9017684,0.9714887850329236
1777047427.1145372,44.215410232543945,-28.081994304402183,28.081994229958237,0.2,6.283185305741827,2.4185681696798595,0.9999999973744441,-9.507184037789944e-12,6.2831853057396385,1777047427.1110134,2.4185681696798595,0.9999999973744441,6.283185305741827,1777047427.09265,1777047427.0881422,0.9998209477727028
1777047427.314986,44.41585898399353,-28.081994304377933,28.08199422998267,0.2,6.283185305740558,2.428116561659097,0.9999999973831653,-4.184009932926389e-12,6.283185305739893,1777047427.269877,2.428116561659097,0.9999999973831653,6.283185305740558,1777047427.275399,1777047427.287932,1.0860685356156174
1777047427.514474,44.615346908569336,-28.08199430456932,28.0819942297911,0.2,6.283185305742016,2.4403916347828476,0.9999999973400552,5.6008605104092e-12,6.2831853057431495,1777047427.4721742,2.4403916347828476,0.9999999973400552,6.283185305742016,1777047427.49675,1777047427.5088506,0.9626641971797578
1777047427.7148054,44.815678358078,-28.08199430460856,28.081994229752052,0.2,6.283185305741592,2.4503983418207014,0.9999999973334087,-9.174821478958004e-12,6.283185305739531,1777047427.6967754,2.4503983418207014,0.9999999973334087,6.283185305741592,1777047427.668188,1777047427.6736991,0.9981721432691848
1777047427.9148042,45.01567721366882,-28.081994304646873,28.08199422971374,0.2,6.283185305740887,2.463127285796048,0.9999999973277681,-2.7265536840093056e-13,6.283185305740847,1777047427.915312,2.463127285796048,0.9999999973277681,6.283185305740887,1777047427.904294,1777047427.8809035,0.9363827377685112
1777047428.1151857,45.2160587310791,-28.081994304773474,28.08199422958695,0.2,6.2831853057419735,2.469947800974311,0.9999999972988776,5.509126920223905e-12,6.283185305743209,1777047428.0681224,2.469947800974311,0.9999999972988776,6.2831853057419735,1777047428.048017,1777047428.096079,0.9724611260720102
1777047428.3142662,45.41513919830322,-28.081994304811047,28.081994229549565,0.2,6.2831853057412586,2.4826827836919803,0.9999999972934315,-1.20851581982198e-11,6.283185305738314,1777047428.311746,2.4826827836919803,0.9999999972934315,6.2831853057412586,1777047428.285053,1777047428.268947,0.995215517310834
1777047428.515142,45.61601495742798,-28.08199430489063,28.08199422946979,0.2,6.2831853057411715,2.494956548269943,0.9999999972775724,5.878354134078913e-12,6.283185305742057,1777047428.4623187,2.494956548269943,0.9999999972775724,6.2831853057411715,1777047428.501003,1777047428.4924748,1.0456089584914834
1777047428.7144814,45.815354347229004,-28.081994305032044,28.081994229328558,0.2,6.283185305742289,2.5035976873695627,0.9999999972456287,6.7064949790034e-13,6.283185305742427,1777047428.6685832,2.5035976873695627,0.9999999972456287,6.283185305742289,1777047428.654987,1777047428.7210112,0.9513810924524855
1777047428.9149516,46.01582455635071,-28.081994305016316,28.081994229344307,0.2,6.283185305740965,2.5149666465383653,0.9999999972527741,-6.76568509080817e-12,6.283185305739481,1777047428.8878603,2.5149666465383653,0.9999999972527741,6.283185305740965,1777047428.876323,1777047428.865163,1.0895182286449892
1777047429.1146455,46.21551847457886,-28.081994305136988,28.081994229223625,0.2,6.283185305741489,2.526786220092901,0.9999999972267903,8.249344735445594e-12,6.283185305743248,1777047429.1011183,2.526786220092901,0.9999999972267903,6.283185305741489,1777047429.106123,1777047429.0746691,1.0934346468132605
1777047429.3151326,46.41600561141968,-28.081994305259325,28.081994229101273,0.2,6.2831853057422595,2.536337908074097,0.9999999971997221,-4.519552530046631e-12,6.283185305741502,1777047429.268842,2.536337908074097,0.9999999971997221,6.2831853057422595,1777047429.268842,1777047429.2844133,1.0860745841242063
1777047429.5152256,46.61609864234924,-28.08199430523361,28.081994229127,0.2,6.283185305740707,2.548613751902975,0.999999997209596,-5.7804695488189166e-12,6.283185305739364,1777047429.5011475,2.548613751902975,0.999999997209596,6.283185305740707,1777047429.504683,1777047429.453371,1.077472203315411
1777047429.7146752,46.81554818153381,-28.081994305339293,28.081994229021127,0.2,6.283185305741421,2.5563423805456984,0.9999999971860487,9.067691502230746e-12,6.283185305743344,1777047429.7131705,2.5599808016317325,0.9999999971704574,6.283185305742011,1777047429.721202,1777047429.6583319,0.9769745255021465
1777047429.9151607,47.01603364944458,-28.08199430547237,28.08199422888805,0.2,6.283185305742075,2.5686228674567566,0.9999999971571555,-6.198650066111156e-12,6.283185305741077,1777047429.8740091,2.5686228674567566,0.9999999971571555,6.283185305742075,1777047429.872008,1777047429.8684976,0.9510408304857773
1777047430.114582,47.215455055236816,-28.081994305464228,28.081994228896384,0.2,6.283185305740767,2.5808972501343996,0.9999999971627483,1.2769617371128512e-12,6.283185305741051,1777047430.0959013,2.5808972501343996,0.9999999971627483,6.283185305740767,1777047430.0979,1777047430.0959013,1.0573419010037624
1777047430.3157573,47.416630268096924,-28.08199430558583,28.08199422877477,0.2,6.283185305741739,2.588172462646198,0.9999999971352322,6.407448053770062e-12,6.28318530574305,1777047430.3004413,2.588172462646198,0.9999999971352322,6.283185305741739,1777047430.246829,1777047430.3140857,1.0880715891342012
1777047430.5152702,47.616143226623535,-28.0819943056782,28.081994228682422,0.2,6.283185305741785,2.6009072644619278,0.9999999971163975,-6.375131354770466e-12,6.28318530574075,1777047430.4628828,2.6009072644619278,0.9999999971163975,6.283185305741785,1777047430.486147,1777047430.4790804,0.9035079485701228
1777047430.7149594,47.8158323764801,-28.081994305672453,28.08199422868815,0.2,6.283185305740781,2.610453387475889,0.9999999971205595,2.3687343546101678e-12,6.283185305741298,1777047430.6810186,2.610453387475889,0.9999999971205595,6.283185305740781,1777047430.661547,1777047430.7079878,0.9888280449388327
1777047430.9150145,48.01588749885559,-28.081994305865315,28.081994228495105,0.2,6.2831853057422995,2.622277198742349,0.9999999970769714,1.7736496687910307e-12,6.283185305742712,1777047430.9135096,2.622277198742349,0.9999999970769714,6.2831853057422995,1777047430.880933,1777047430.920021,0.9193598468256436
1777047431.1145446,48.2154176235199,-28.08199430589234,28.081994228468094,0.2,6.283185305741836,2.630918040026208,0.9999999970728883,-6.753520774162098e-12,6.283185305740789,1777047431.06856,2.630918040026208,0.9999999970728883,6.283185305741836,1777047431.050175,1777047431.0700681,0.9483300044795273
1777047431.3145952,48.41546821594238,-28.08199430593232,28.081994228428282,0.2,6.2831853057411085,2.6441013911224998,0.9999999970670009,6.436101722516703e-12,6.283185305742627,1777047431.3045695,2.6441013911224998,0.9999999970670009,6.2831853057411085,1777047431.292525,1777047431.2859955,1.0747986950348702
1777047431.5155444,48.6164174079895,-28.08199430609779,28.081994228262822,0.2,6.283185305742426,2.6541076516692232,0.9999999970295846,1.1466922230546523e-12,6.28318530574263,1777047431.4829395,2.6541076516692232,0.9999999970295846,6.283185305742426,1777047431.467377,1777047431.4643881,1.049874528755379
1777047431.716216,48.81708908081055,-28.08199430609779,28.081994228262822,0.2,6.283185305741585,2.6627472276264217,0.9999999970320927,-7.898667349379199e-12,6.283185305740239,1777047431.6534066,2.667292804027868,0.9999999970366957,6.283185305740958,1777047431.716216,1777047431.6900055,0.922426074800585
1777047431.9152422,49.01611518859863,-28.08199430615165,28.08199422820877,0.2,6.283185305741187,2.674567020791517,0.9999999970223733,6.708876975719305e-12,6.283185305742654,1777047431.8721726,2.674567020791517,0.9999999970223733,6.283185305741187,1777047431.860629,1777047431.8636322,1.0239704853769145
1777047432.1154337,49.21630668640137,-28.081994306326372,28.08199422803424,0.2,6.283185305742411,2.686847392617589,0.9999999969833728,-2.3519896658125027e-12,6.2831853057419185,1777047432.0817838,2.686847392617589,0.9999999969833728,6.283185305742411,1777047432.079938,1777047432.1244562,1.0184458334370647
1777047432.3157358,49.416608810424805,-28.081994306300643,28.081994228059955,0.2,6.283185305741213,2.6954852748038043,0.9999999969921564,-3.5460862946433316e-12,6.283185305740446,1777047432.2981675,2.6954852748038043,0.9999999969921564,6.283185305741213,1777047432.248509,1777047432.2941678,1.038576310621082
1777047432.5234392,49.62431216239929,-28.081994306404674,28.081994227955942,0.2,6.283185305741547,2.7068519446860138,0.9999999969701167,6.09186366339249e-12,6.283185305742476,1777047432.4506109,2.7068519446860138,0.9999999969701167,6.283185305741547,1777047432.46365,1777047432.4506109,0.9019139708693353
1777047432.7148829,49.81575584411621,-28.0819943065383,28.081994227822303,0.2,6.28318530574212,2.7200410369239036,0.999999996941349,0.0,6.28318530574212,1777047432.7158966,2.7200410369239036,0.999999996941349,6.28318530574212,1777047432.70585,1777047432.667616,1.0120279713421034
1777047432.914217,50.015089988708496,-28.081994306516282,28.08199422784434,0.2,6.283185305740931,2.7291325428952797,0.9999999969493851,-1.4622361501224312e-12,6.2831853057405755,1777047432.8742242,2.7291325428952797,0.9999999969493851,6.283185305740931,1777047432.863119,1777047432.8742242,1.0725780041455126
1777047433.1143725,50.215245485305786,-28.081994306705624,28.081994227654988,0.2,6.283185305742313,2.7418664039549907,0.999999996906925,4.6055678296323016e-12,6.28318530574341,1777047433.1123729,2.7418664039549907,0.999999996906925,6.283185305742313,1777047433.11037,1777047433.0320847,0.9843005511977638
1777047433.3149533,50.41582632064819,-28.081994306752257,28.08199422760834,0.2,6.283185305742165,2.7500517796491324,0.9999999968979243,-7.616260342455602e-12,6.283185305740904,1777047433.2779434,2.7500517796491324,0.9999999968979243,6.283185305742165,1777047433.266431,1777047433.2779434,0.9894600827137291
1777047433.5152864,50.616159439086914,-28.081994306734316,28.08199422762612,0.2,6.2831853057409495,2.7600525768865833,0.9999999969051808,4.330702875434601e-12,6.283185305741971,1777047433.5137823,2.7600525768865833,0.9999999969051808,6.2831853057409495,1777047433.444039,1777047433.5137823,1.0416430981385143
1777047433.714957,50.81582999229431,-28.08199430691699,28.08199422744343,0.2,6.283185305742324,2.7718774001166997,0.9999999968640967,2.4664142139347167e-12,6.283185305742794,1777047433.704399,2.7718774001166997,0.9999999968640967,6.283185305742324,1777047433.657265,1777047433.7169693,0.9873319705979513
1777047433.924694,51.025567054748535,-28.081994306955313,28.0819942274053,0.2,6.283185305741793,2.7827899778846574,0.9999999968579555,-8.667342081432642e-12,6.283185305740517,1777047433.9266858,2.7827899778846574,0.9999999968579555,6.283185305741793,1777047433.868437,1777047433.8709476,0.9359366381008283
1777047434.1144605,51.215333461761475,-28.08199430699196,28.081994227368654,0.2,6.283185305741196,2.7941559913283998,0.9999999968523353,3.5448173895974105e-12,6.283185305741951,1777047434.0646412,2.7941559913283998,0.9999999968523353,6.283185305741196,1777047434.088314,1777047434.0978262,1.0843871511273913
1777047434.3142152,51.415088176727295,-28.081994307153167,28.08199422720743,0.2,6.283185305742503,2.8037076222023227,0.9999999968157824,5.267909920049843e-13,6.283185305742622,1777047434.2899525,2.8037076222023227,0.9999999968157824,6.283185305742503,1777047434.252199,1777047434.3011005,0.946704126055496
1777047434.5164936,51.617366552352905,-28.08199430715669,28.08199422720392,0.2,6.283185305741357,2.815982584159055,0.9999999968185189,-1.5326470757364522e-11,6.283185305738807,1777047434.537498,2.815982584159055,0.9999999968185189,6.283185305741357,1777047434.475365,1777047434.4642675,0.95142732188463
1777047434.7145169,51.81538987159729,-28.081994307203885,28.08199422715654,0.2,6.283185305741215,2.8241669571896217,0.9999999968093761,7.65288289251733e-12,6.283185305742849,1777047434.6698883,2.8282605665174185,0.9999999967931038,6.283185305741807,1777047434.714516,1777047434.6953778,0.9578125602675712
1777047434.9169047,52.01777768135071,-28.081994307382868,28.081994226977745,0.2,6.283185305742591,2.835537502589018,0.9999999967690489,-3.960413813270835e-12,6.283185305741642,1777047434.9093428,2.835537502589018,0.9999999967690489,6.283185305742591,1777047434.849916,1777047434.8621001,1.0412118012101133
1777047435.1150134,52.21588635444641,-28.081994307369545,28.081994226991068,0.2,6.2831853057411235,2.8487210185612484,0.9999999967761466,-2.147195190071773e-12,6.283185305740696,1777047435.1085005,2.8487210185612484,0.9999999967761466,6.2831853057411235,1777047435.086471,1777047435.0979826,0.9598978504756956
1777047435.3175695,52.418442487716675,-28.081994307461525,28.081994226899074,0.2,6.283185305741597,2.856907000893251,0.999999996756119,7.68222935913783e-12,6.283185305742713,1777047435.321081,2.861000675106918,0.9999999967390362,6.283185305742238,1777047435.317569,1777047435.3175695,1.077323449998271
1777047435.5143511,52.6152241230011,-28.081994307608497,28.081994226751938,0.2,6.283185305742488,2.868730865544252,0.9999999967236868,-5.420454466820103e-12,6.283185305741225,1777047435.4867826,2.868730865544252,0.9999999967236868,6.283185305742488,1777047435.477752,1777047435.4707735,1.0741152325292223
1777047435.7174692,52.818342208862305,-28.081994307583315,28.081994226777105,0.2,6.283185305741168,2.8787318324715603,0.9999999967327435,-3.5375355966687217e-12,6.283185305740562,1777047435.6580436,2.8787318324715603,0.9999999967327435,6.283185305741168,1777047435.656061,1777047435.69899,0.9633893476151103
1777047435.9151592,53.016032218933105,-28.08199430769807,28.08199422666253,0.2,6.2831853057418225,2.8882826015298453,0.9999999967075841,8.283156117538084e-12,6.283185305743745,1777047435.890131,2.8882826015298453,0.9999999967075841,6.2831853057418225,1777047435.842088,1777047435.910152,0.945577433821585
1777047436.1149728,53.215845823287964,-28.0819943078206,28.08199422654,0.2,6.283185305742329,2.9005598964770094,0.9999999966812506,-7.39575341163226e-12,6.283185305740777,1777047436.0999339,2.9005598964770094,0.9999999966812506,6.283185305742329,1777047436.073381,1777047436.0680647,0.9509112989014328
1777047436.3146775,53.41555047035217,-28.081994307803765,28.081994226556656,0.2,6.283185305741126,2.9105615398410194,0.9999999966882618,-4.1199848467838025e-13,6.28318530574106,1777047436.3302464,2.9137450853888582,0.9999999966818303,6.283185305741233,1777047436.320202,1777047436.300561,0.9005220107142248
1777047436.5152984,53.61617136001587,-28.081994307981084,28.08199422637935,0.2,6.28318530574243,2.922386941185134,0.9999999966484749,5.602827172546218e-12,6.283185305743663,1777047436.4811537,2.922386941185134,0.9999999966484749,6.28318530574243,1777047436.471111,1777047436.5062633,0.9073354221884805
1777047436.7166507,53.81752371788025,-28.081994308032158,28.081994226328266,0.2,6.2831853057422515,2.9314797047259407,0.9999999966386723,-6.637042802453257e-12,6.283185305741074,1777047436.729684,2.9314797047259407,0.9999999966386723,6.2831853057422515,1777047436.646883,1777047436.729684,1.0658237135255246
1777047436.91514,54.0160129070282,-28.08199430806548,28.081994226295134,0.2,6.2831853057413865,2.945120623832844,0.9999999966345342,5.1122843394565e-12,6.283185305742605,1777047436.8970983,2.945120623832844,0.9999999966345342,6.2831853057413865,1777047436.904614,1777047436.886552,1.0914008733246932
1777047437.1159034,54.2167763710022,-28.081994308212067,28.081994226148545,0.2,6.283185305742578,2.953762012699466,0.9999999966013146,3.793475590485774e-12,6.283185305743201,1777047437.0613399,2.953762012699466,0.9999999966013146,6.283185305742578,1777047437.051205,1777047437.0944786,1.0715756828911953
1777047437.3148139,54.41568684577942,-28.081994308231867,28.08199422612873,0.2,6.283185305741747,2.9651270504201905,0.999999996599782,-6.4436060599112046e-12,6.283185305740392,1777047437.2716763,2.9651270504201905,0.999999996599782,6.283185305741747,1777047437.27719,1777047437.2972746,1.006630450820264
1777047437.5143764,54.61524939537048,-28.08199430828444,28.081994226076173,0.2,6.283185305741455,2.975586495744863,0.9999999965900432,3.1814495666559098e-12,6.283185305741988,1777047437.5203342,2.975586495744863,0.9999999965900432,6.283185305741455,1777047437.471122,1777047437.5078633,1.0271368869243307
1777047437.715321,54.8161940574646,-28.081994308459162,28.08199422590126,0.2,6.283185305742688,2.9878645315387495,0.9999999965509576,-8.467618564921489e-13,6.283185305742472,1777047437.6937184,2.9878645315387495,0.9999999965509576,6.283185305742688,1777047437.70123,1777047437.6530533,1.0590711698473259
1777047437.9163952,55.01726818084717,-28.081994308446387,28.081994225914226,0.2,6.2831853057417995,2.995137813167128,0.9999999965562322,-6.721620819093173e-12,6.283185305740909,1777047437.9184008,2.995137813167128,0.9999999965562322,6.2831853057417995,1777047437.83373,1777047437.8464048,1.043778751196325
1777047438.134432,55.235305070877075,-28.08199430851858,28.08199422584203,0.2,6.283185305741647,3.0069620664857535,0.999999996542081,8.627197627149707e-12,6.283185305744106,1777047438.1112316,3.0069620664857535,0.999999996542081,6.283185305741647,1777047438.04846,1777047438.1384296,1.0797696547392306
1777047438.3149343,55.415807247161865,-28.081994308672208,28.08199422568842,0.2,6.283185305742718,3.0178752337242245,0.9999999965077726,-1.3351098641562275e-12,6.2831853057425135,1777047438.263924,3.0178752337242245,0.9999999965077726,6.283185305742718,1777047438.260913,1777047438.2855096,0.9245998679634333
1777047438.515931,55.616803884506226,-28.08199430865424,28.08199422570636,0.2,6.2831853057413225,3.0296957003399383,0.9999999965156007,-3.484370936562453e-12,6.283185305740613,1777047438.4676912,3.0296957003399383,0.9999999965156007,6.2831853057413225,1777047438.476775,1777047438.5184398,1.0516717863114686
1777047438.7151494,55.81602239608765,-28.081994308770675,28.08199422558995,0.2,6.283185305742002,3.0392471534899315,0.9999999964899932,7.599234107967354e-12,6.283185305743729,1777047438.6949308,3.0392471534899315,0.9999999964899932,6.283185305742002,1777047438.658185,1777047438.6763515,1.002409869652142
1777047438.916737,56.0176100730896,-28.081994308889872,28.081994225470563,0.2,6.283185305742638,3.049704201734566,0.9999999964639563,-6.3718445378647756e-12,6.283185305741279,1777047438.9082012,3.0537954700300176,0.9999999964673799,6.283185305742113,1777047438.915737,1777047438.852749,1.0569012693523865
1777047439.113988,56.214860916137695,-28.0819943088821,28.081994225478514,0.2,6.283185305741291,3.0624355667567293,0.9999999964695878,1.098581627384817e-12,6.283185305741481,1777047439.0805101,3.0624355667567293,0.9999999964695878,6.283185305741291,1777047439.068467,1777047439.0805101,1.088377843090878
1777047439.3141305,56.415003538131714,-28.08199430903794,28.081994225322486,0.2,6.283185305742479,3.072441215901885,0.9999999964344817,7.54172312317841e-12,6.28318530574409,1777047439.2940972,3.072441215901885,0.9999999964344817,6.283185305742479,1777047439.271984,1777047439.269733,0.9684911997719953
1777047439.5147412,56.61561417579651,-28.081994309087914,28.081994225272698,0.2,6.2831853057418865,3.085624878887535,0.9999999964261719,-7.108302342362476e-12,6.283185305740479,1777047439.4920974,3.085624878887535,0.9999999964261719,6.2831853057418865,1777047439.497605,1777047439.4920974,1.0624173611339371
1777047439.714881,56.81575393676758,-28.081994309160656,28.081994225199956,0.2,6.2831853057417435,3.097449832393133,0.9999999964118593,7.292791116405242e-12,6.283185305743292,1777047439.7043357,3.097449832393133,0.9999999964118593,6.2831853057417435,1777047439.70987,1777047439.7043357,0.9054474280136036
1777047439.9142556,57.01512861251831,-28.081994309301507,28.081994225059105,0.2,6.283185305742815,3.1065435962798094,0.9999999963801499,2.190426886957866e-12,6.283185305743196,1777047439.8781245,3.1065435962798094,0.9999999963801499,6.283185305742815,1777047439.882654,1777047439.8701177,1.055436182630869
1777047440.1247222,57.225595235824585,-28.08199430929503,28.081994225065582,0.2,6.283185305741574,3.118364177109408,0.9999999963851974,-9.23513453501313e-12,6.2831853057396465,1777047440.0868592,3.118364177109408,0.9999999963851974,6.283185305741574,1777047440.100912,1777047440.1019108,0.9918841665418078
1777047440.3260632,57.42693614959717,-28.081994309350186,28.081994225010426,0.2,6.283185305741582,3.126096339503793,0.9999999963740076,4.217790959052695e-12,6.283185305742194,1777047440.3315673,3.126096339503793,0.9999999963740076,6.283185305741582,1777047440.251406,1777047440.2425973,0.959820271398363
1777047440.5151045,57.61597752571106,-28.081994309527875,28.08199422483256,0.2,6.283185305742808,3.1388271470224254,0.999999996334352,-9.53125316224105e-13,6.283185305742571,1777047440.4804356,3.1388271470224254,0.999999996334352,6.283185305742808,1777047440.483454,1777047440.4804356,0.9887756985764197
1777047440.7148776,57.81575059890747,-28.081994309512872,28.08199422484774,0.2,6.283185305741408,3.151104046552409,0.9999999963416171,-3.0467496636850816e-12,6.28318530574073,1777047440.7027175,3.151104046552409,0.9999999963416171,6.283185305741408,1777047440.705866,1777047440.7027175,1.0866938237714516
1777047440.9155307,58.016403675079346,-28.08199430959135,28.08199422476926,0.2,6.283185305741829,3.1579264939558978,0.9999999963244525,6.343460216742879e-12,6.283185305742748,1777047440.9185326,3.1579264939558978,0.9999999963244525,6.283185305741829,1777047440.851664,1777047440.9120271,0.9092508068063485
1777047441.1154935,58.21636652946472,-28.08199430974368,28.08199422461692,0.2,6.28318530574279,3.1697470067976874,0.9999999962907592,-1.6035095641416454e-12,6.28318530574246,1777047441.0533142,3.1697470067976874,0.9999999962907592,6.28318530574279,1777047441.070565,1777047441.1174948,1.052193558521884
1777047441.31427,58.41514301300049,-28.08199430972813,28.081994224632467,0.2,6.283185305741428,3.181569895966454,0.9999999962979762,-3.036621377562572e-12,6.283185305740798,1777047441.2610207,3.181569895966454,0.9999999962979762,6.283185305741428,1777047441.278366,1777047441.2531807,1.091137825199296
1777047441.5153673,58.61624026298523,-28.08199430990508,28.08199422445552,0.2,6.283185305742685,3.1938481893901067,0.9999999962584051,1.4496055218287933e-11,6.283185305745884,1777047441.4817028,3.1938481893901067,0.9999999962584051,6.283185305742685,1777047441.502935,1777047441.4683523,1.0641245221530677
1777047441.7147338,58.81560683250427,-28.08199430995783,28.08199422440278,0.2,6.283185305742662,3.201576172432208,0.9999999962477986,-6.569237491330227e-12,6.28318530574122,1777047441.7011983,3.201576172432208,0.9999999962477986,6.283185305742662,1777047441.662094,1777047441.6966872,1.010424476989716
1777047441.9153006,59.01617360115051,-28.08199430995783,28.08199422440259,0.2,6.283185305741468,3.2138551234217636,0.9999999962513713,-1.1718434408499257e-12,6.283185305741296,1777047441.8483021,3.2138551234217636,0.9999999962513713,6.283185305741468,1777047441.88663,1777047441.8483021,0.9092526703112507
1777047442.1145833,59.21545624732971,-28.08199431010961,28.08199422425082,0.2,6.283185305742646,3.2234043109518464,0.9999999962171289,5.023741380939074e-12,6.283185305743775,1777047442.0729783,3.2234043109518464,0.9999999962171289,6.283185305742646,1777047442.052808,1777047442.0729783,1.051998859974597
1777047442.3146455,59.41551852226257,-28.08199431016458,28.081994224195856,0.2,6.283185305742344,3.234315043467131,0.999999996206909,-8.296613979826689e-12,6.2831853057404805,1777047442.2975667,3.234315043467131,0.999999996206909,6.283185305742344,1777047442.257998,1777047442.2935627,0.9214682256457194
1777047442.5166383,59.61751127243042,-28.08199431015477,28.081994224205843,0.2,6.283185305741501,3.2415919055747913,0.9999999962114541,6.190687294170263e-13,6.28318530574159,1777047442.517638,3.2470496698504157,0.9999999961992913,6.283185305741748,1777047442.512097,1777047442.4408817,0.9378866182003937
1777047442.7148268,59.81569981575012,-28.08199431035318,28.08199422400743,0.2,6.283185305742877,3.255687935348901,0.9999999961671825,3.537940279134993e-12,6.28318530574364,1777047442.6564937,3.255687935348901,0.9999999961671825,6.283185305742877,1777047442.664017,1777047442.6564937,0.9091366445743785
1777047442.914734,60.01560688018799,-28.081994310365026,28.081994223995395,0.2,6.2831853057418074,3.2684190132971658,0.9999999961679611,-8.11712604900597e-12,6.283185305739954,1777047442.8848133,3.2684190132971658,0.9999999961679611,6.2831853057418074,1777047442.890327,1777047442.8848133,0.986999531093559
1777047443.1172814,60.218154430389404,-28.081994310445175,28.081994223915437,0.2,6.283185305741939,3.2784247216743108,0.9999999961513775,5.267575676954984e-12,6.283185305742855,1777047443.058631,3.2784247216743108,0.9999999961513775,6.283185305741939,1777047443.085697,1777047443.055116,1.0536734101646794
1777047443.3152044,60.41607737541199,-28.081994310579738,28.081994223780875,0.2,6.283185305742964,3.287062363444707,0.9999999961210747,-2.648373396380422e-13,6.283185305742904,1777047443.28418,3.287062363444707,0.9999999961210747,6.283185305742964,1777047443.250917,1777047443.2801192,0.9618985759970716
1777047443.5154326,60.6163055896759,-28.08199431057918,28.081994223781432,0.2,6.2831853057418545,3.298430004482652,0.9999999961245105,-9.389086846399243e-12,6.283185305740317,1777047443.4478927,3.298430004482652,0.9999999961245105,6.2831853057418545,1777047443.455946,1777047443.5164335,1.0572064097280371
1777047443.714688,60.815561056137085,-28.081994310696707,28.081994223663713,0.2,6.283185305742287,3.3107088337026496,0.9999999960994139,7.908460162212979e-12,6.28318530574421,1777047443.6910107,3.3107088337026496,0.9999999960994139,6.283185305742287,1777047443.679729,1777047443.6767185,0.9194967838189044
1777047443.915473,61.0163459777832,-28.081994310812213,28.0819942235484,0.2,6.283185305742781,3.322074076862927,0.9999999960745745,-4.865871217733651e-12,6.283185305741773,1777047443.8982308,3.322074076862927,0.9999999960745745,6.283185305742781,1777047443.903748,1777047443.8886583,1.0773801058883414
1777047444.119061,61.21993398666382,-28.081994310792403,28.08199422356803,0.2,6.283185305741668,3.330715213841756,0.9999999960819076,-7.559552255857319e-12,6.283185305740547,1777047444.0465045,3.330715213841756,0.9999999960819076,6.283185305741668,1777047444.065551,1777047444.0424988,0.9915680146714326
1777047444.3143203,61.41519331932068,-28.081994310948065,28.081994223412547,0.2,6.28318530574263,3.342992573354545,0.9999999960475409,6.630292068354455e-12,6.283185305744222,1777047444.2867122,3.342992573354545,0.9999999960475409,6.28318530574263,1777047444.284711,1777047444.271199,1.0644118672485867
1777047444.5157053,61.616578340530396,-28.081994311025806,28.081994223334807,0.2,6.283185305742821,3.352084934209905,0.9999999960312275,-4.073775198603306e-12,6.283185305742124,1777047444.4578462,3.352084934209905,0.9999999960312275,6.283185305742821,1777047444.464878,1777047444.500115,1.0176906097170637
1777047444.7141604,61.81503343582153,-28.08199431100822,28.08199422335221,0.2,6.283185305741649,3.3616358716147325,0.999999996038295,1.388957291421828e-12,6.283185305741967,1777047444.687018,3.366638404451931,0.9999999960290883,6.2831853057417675,1777047444.715165,1777047444.687018,1.0584100934422023
1777047444.9144893,62.01536226272583,-28.081994311167026,28.081994223193586,0.2,6.2831853057427,3.3734578574928826,0.9999999960030257,4.569634043276393e-12,6.283185305743678,1777047444.9009488,3.3734578574928826,0.9999999960030257,6.2831853057427,1777047444.849765,1777047444.9074605,0.9751171998785801
1777047445.1164293,62.217302322387695,-28.08199431123347,28.081994223126955,0.2,6.283185305742516,3.3848243926837385,0.9999999959901118,-5.697928568780754e-12,6.283185305741368,1777047445.1024785,3.3848243926837385,0.9999999959901118,6.283185305742516,1777047445.052095,1777047445.047055,0.9594390695282198
1777047445.3144686,62.41534161567688,-28.08199431125809,28.081994223102523,0.2,6.283185305741748,3.396194535149949,0.9999999959874539,3.561373401634072e-12,6.283185305742344,1777047445.2698221,3.396194535149949,0.9999999959874539,6.283185305741748,1777047445.268317,1777047445.267317,0.9154252523055072
1777047445.514325,62.6151978969574,-28.081994311432812,28.081994222927612,0.2,6.283185305743064,3.407559896020773,0.9999999959481337,1.9126576036067485e-12,6.28318530574348,1777047445.4871006,3.407559896020773,0.9999999959481337,6.283185305743064,1777047445.490259,1777047445.480085,1.0833979982910789
1777047445.7142725,62.81514549255371,-28.081994311435405,28.08199422292503,0.2,6.283185305742044,3.4184739935808284,0.9999999959506729,-7.605610017555647e-12,6.283185305740727,1777047445.6601698,3.4184739935808284,0.9999999959506729,6.283185305742044,1777047445.67713,1777047445.6541467,0.94213789285754
1777047445.915036,63.01590895652771,-28.081994311534054,28.08199422282637,0.2,6.283185305742258,3.4302971670152207,0.9999999959300682,7.004980213773069e-12,6.283185305743737,1777047445.8712375,3.4302971670152207,0.9999999959300682,6.283185305742258,1777047445.89402,1777047445.921519,0.9845174529732882
1777047446.1148674,63.215740442276,-28.081994311664545,28.081994222696068,0.2,6.283185305743045,3.440753388367473,0.9999999959013193,-1.0024551191089154e-12,6.2831853057428395,1777047446.0762656,3.440753388367473,0.9999999959013193,6.283185305743045,1777047446.097917,1777047446.0712698,0.9562403694457512
1777047446.3149614,63.41583442687988,-28.081994311650295,28.081994222710318,0.2,6.283185305741743,3.452123547189218,0.999999995908117,-2.954636643616828e-12,6.283185305741064,1777047446.3059177,3.452123547189218,0.999999995908117,6.283185305741743,1777047446.312446,1777047446.2968967,1.078311945493186
1777047446.5200949,63.620967864990234,-28.08199431174561,28.08199422261499,0.2,6.2831853057422675,3.4603078878588063,0.9999999958872606,9.070617784187309e-12,6.283185305743566,1777047446.4491117,3.4648537361717917,0.9999999958697401,6.2831853057428955,1777047446.543098,1777047446.5486286,1.0068248461465394
1777047446.7150395,63.81591248512268,-28.081994311879804,28.08199422248081,0.2,6.2831853057429345,3.47258328886879,0.9999999958580911,-6.976641937825448e-12,6.283185305741167,1777047446.7024927,3.47258328886879,0.9999999958580911,6.2831853057429345,1777047446.685858,1777047446.6984775,0.9430943612428185
1777047446.9147594,64.01563239097595,-28.081994311861674,28.081994222498952,0.2,6.283185305741841,3.4812248963735692,0.9999999958650404,-3.125942855053072e-12,6.2831853057413145,1777047446.8708782,3.4812248963735692,0.9999999958650404,6.283185305741841,1777047446.84912,1777047446.8708782,1.034430337743409
1777047447.1163208,64.2171938419342,-28.08199431200474,28.081994222355874,0.2,6.283185305742675,3.493046101454234,0.9999999958335855,5.977200639329184e-12,6.283185305743966,1777047447.086741,3.493046101454234,0.9999999958335855,6.283185305742675,1777047447.055892,1777047447.086741,0.915813822660623
1777047447.314209,64.41508197784424,-28.08199431209173,28.08199422226869,0.2,6.28318530574282,3.5039586386708312,0.9999999958155336,-7.158739385798666e-12,6.283185305741282,1777047447.3016748,3.5039586386708312,0.9999999958155336,6.28318530574282,1777047447.267847,1777047447.312209,0.9724418121739814
1777047447.514003,64.61487603187561,-28.081994312093208,28.081994222267216,0.2,6.2831853057417755,3.514873756037311,0.9999999958183753,-4.664776231482487e-13,6.283185305741699,1777047447.466031,3.514873756037311,0.9999999958183753,6.2831853057417755,1777047447.480072,1777047447.4750717,0.921880834656859
1777047447.714239,64.81511187553406,-28.081994312276272,28.08199422208435,0.2,6.2831853057431175,3.5271483855649337,0.9999999957773138,4.306205920706201e-12,6.283185305744029,1777047447.6776137,3.5271483855649337,0.9999999957773138,6.2831853057431175,1777047447.7082,1777047447.689129,1.079986951043349
1777047447.9151611,65.01603412628174,-28.081994312303465,28.081994222056956,0.2,6.283185305742748,3.534879268944254,0.9999999957729074,-9.262472472333778e-12,6.283185305740771,1777047447.8910398,3.534879268944254,0.9999999957729074,6.283185305742748,1777047447.849742,1777047447.8517478,1.0630709713417785
1777047448.1147306,65.2156035900116,-28.08199431232494,28.08199422203549,0.2,6.283185305741892,3.546703193571851,0.9999999957711367,4.299287303332299e-12,6.283185305742795,1777047448.1012104,3.546703193571851,0.9999999957711367,6.283185305741892,1777047448.072489,1777047448.065981,1.0742371506214923
1777047448.3154755,65.41634845733643,-28.0819943124769,28.08199422188371,0.2,6.283185305743065,3.556249872142444,0.9999999957368952,4.2106835656704815e-12,6.283185305743662,1777047448.2430236,3.5598874650126637,0.999999995729363,6.283185305743199,1777047448.316482,1777047448.2811842,0.984050351245032
1777047448.514264,65.61513710021973,-28.081994312505035,28.08199422185539,0.2,6.283185305742222,3.568983723597379,0.9999999957337022,-8.40950436622703e-12,6.283185305740369,1777047448.4634418,3.568983723597379,0.9999999957337022,6.283185305742222,1777047448.469947,1777047448.4957147,1.0407871474598938
1777047448.7149394,65.81581234931946,-28.081994312583515,28.08199422177691,0.2,6.283185305742247,3.579896149997645,0.9999999957177472,6.98034884311167e-12,6.2831853057437606,1777047448.6802816,3.579896149997645,0.9999999957177472,6.283185305742247,1777047448.684293,1777047448.7139387,1.091013191310426
1777047448.916446,66.01731896400452,-28.08199431271826,28.081994221642354,0.2,6.283185305743224,3.5889888761175763,0.9999999956875733,-1.5855474206061925e-12,6.283185305742884,1777047448.8951056,3.5889888761175763,0.9999999956875733,6.283185305743224,1777047448.85632,1777047448.911937,1.086449637225125
1777047449.1280186,66.22889161109924,-28.081994312717327,28.081994221643274,0.2,6.2831853057419735,3.601723293549111,0.9999999956915058,-6.064209100927233e-12,6.2831853057410365,1777047449.049678,3.601723293549111,0.9999999956915058,6.2831853057419735,1777047449.092332,1777047449.1311505,1.09983621929025
1777047449.314935,66.4158079624176,-28.081994312802664,28.08199422155795,0.2,6.283185305742318,3.610361444611723,0.9999999956732033,6.898858381996087e-12,6.283185305743947,1777047449.285803,3.6135436176718625,0.9999999956607379,6.2831853057427685,1777047449.312935,1777047449.285803,0.9422195661658452
1777047449.514993,66.61586594581604,-28.081994312946467,28.08199422141413,0.2,6.283185305743159,3.6221832695187723,0.9999999956415798,-5.668427112693113e-12,6.2831853057418865,1777047449.5102608,3.6221832695187723,0.9999999956415798,6.283185305743159,1777047449.474291,1777047449.521086,1.08303639068864
1777047449.7151353,66.81600832939148,-28.081994312944623,28.08199422141599,0.2,6.283185305741894,3.6349169304940356,0.9999999956457492,-3.908277872707124e-12,6.283185305741323,1777047449.656066,3.6349169304940356,0.9999999956457492,6.283185305741894,1777047449.699929,1777047449.662149,1.098354625943763
1777047449.9152246,67.01609754562378,-28.081994313053272,28.08199422130734,0.2,6.283185305742648,3.642645139796554,0.9999999956215202,6.727892780727364e-12,6.283185305744163,1777047449.881218,3.642645139796554,0.9999999956215202,6.283185305742648,1777047449.859997,1777047449.9116933,0.9955001055995216
1777047450.1144416,67.21531462669373,-28.08199431316006,28.08199422120036,0.2,6.28318530574298,3.654468394659982,0.9999999955988869,-7.969715610704158e-12,6.283185305741257,1777047450.0973835,3.654468394659982,0.9999999955988869,6.28318530574298,1777047450.077292,1777047450.062201,1.053228220161778
1777047450.314513,67.41538596153259,-28.081994313154514,28.0819942212061,0.2,6.283185305741926,3.6644730561119863,0.9999999956031986,-1.7728080988230967e-13,6.2831853057418945,1777047450.27466,3.6644730561119863,0.9999999956031986,6.283185305741926,1777047450.263643,1777047450.3190324,1.0858289288179181
1777047450.5147347,67.61560773849487,-28.081994313329425,28.081994221030996,0.2,6.283185305743155,3.676747877246369,0.9999999955640919,3.983439294995957e-12,6.283185305744099,1777047450.511736,3.676747877246369,0.9999999955640919,6.283185305743155,1777047450.49159,1777047450.46656,1.0568860721553857
1777047450.7175612,67.81843423843384,-28.081994313361808,28.081994220998613,0.2,6.2831853057424105,3.6890274495106707,0.9999999955597787,-8.673112345847154e-12,6.283185305741162,1777047450.6557212,3.6890274495106707,0.9999999955597787,6.2831853057424105,1777047450.702984,1777047450.6984692,1.0603345961883501
1777047450.9202833,68.02115631103516,-28.081994313358678,28.08199422100195,0.2,6.2831853057421,3.6917558412846736,0.9999999955613548,-6.020081213711614e-13,6.283185305741997,1777047450.9285803,3.6917558412846736,0.9999999955613548,6.2831853057421,1777047450.822083,1777047450.9320953,0.9657292449764653
1777047451.1150744,68.21594738960266,-28.08199431354709,28.081994220813332,0.2,6.283185305743205,3.7072134864996733,0.9999999955198972,5.232030773692121e-12,6.283185305744463,1777047451.066915,3.7072134864996733,0.9999999955198972,6.283185305743205,1777047451.104034,1777047451.0945065,1.0091138033175509
1777047451.3145401,68.41541314125061,-11.200559123099787,20.906881441299273,0.2,6.283185305743011,3.714945192494261,0.9999999955123923,-4.366538648034927e-12,6.283185305742051,1777047451.2867868,3.7190383477816074,0.9999999955162995,6.2831853057424585,1777047451.331141,1777047451.3331401,0.9935252245860665
1777047451.5152757,68.61614871025085,-18.285096071687512,27.498851063642643,0.2,0.00016546166426589795,3.7261167088197484,1.0000000013886248,0.0034926307274216525,0.0009582272123328521,1777047451.5137691,3.7261167088197484,1.0000000013886248,0.00016546166426589795,1777047451.473802,1777047451.484134,1.015262005754616
1777047451.7165582,68.81743121147156,-18.17153113122006,27.392800440531214,0.2,0.0011625273004272076,3.7361748614632355,1.0000003849386394,0.006770115301355154,0.002342730806265853,1777047451.6880946,3.7361748614632355,1.0000003849386394,0.0011625273004272076,1777047451.670891,1777047451.6568248,1.0380137663426179
1777047451.9153366,69.01620960235596,-18.162994027902815,27.384828695635044,0.2,0.002739741943260655,3.7448662120695864,1.0000023675267036,0.007684934374769711,0.003966367552852008,1777047451.9203784,3.748155796055192,1.0000039032720622,0.0034946194650391504,1777047451.91635,1777047451.8667827,0.9825023931092046
1777047452.1212294,69.22210240364075,-18.101880535215678,27.32776432166965,0.2,0.005582098768259769,3.7559319319228357,1.0000102257365304,0.015733640320779313,0.008887045365973975,1777047452.057765,3.7559319319228357,1.0000102257365304,0.005582098768259769,1777047452.066238,1777047452.0767643,0.9935513043199327
1777047452.3151553,69.41602826118469,-18.11893215465585,27.34368582795652,0.2,0.008020797414713066,3.763681758568078,1.0000218575615654,0.014514134290700482,0.011514761424882284,1777047452.2984934,3.767346444552177,1.0000297832233787,0.009276951706129744,1777047452.318667,1777047452.2582285,1.003008111064924
1777047452.5177274,69.61860036849976,-17.99283017264321,27.225947716671502,0.2,0.012255328510839549,3.7754695115607966,1.000054182831581,0.023360072983801966,0.016056606866653653,1777047452.4612188,3.7754695115607966,1.000054182831581,0.012255328510839549,1777047452.483193,1777047452.4937034,1.0368805189409156
1777047452.7159865,69.81685948371887,-17.758411384009886,27.007116072410195,0.2,0.015781891506781776,3.7843718272210825,1.0000939101800201,0.025355167734130553,0.02149970820934568,1777047452.6867278,3.788406047843072,1.000117133609318,0.017468335675252075,1777047452.741326,1777047452.6711109,0.930834118440811
1777047452.934267,70.03514003753662,-17.56748203320985,26.828919776137788,0.2,0.0193722520718822,3.7928364091675166,1.0001468456118732,0.024888966763119424,0.023606137626812275,1777047452.8568387,3.7928364091675166,1.0001468456118732,0.0193722520718822,1777047452.847801,1777047452.8568387,0.9883129323836458
1777047453.1144066,70.2152795791626,-17.346509301477578,26.622726059316403,0.2,0.024908127110907508,3.8052629125918815,1.0002562638102201,0.019546080294491914,0.02922244150723104,1777047453.077564,3.8052629125918815,1.0002562638102201,0.024908127110907508,1777047453.092317,1777047453.086086,1.0355792757095914
1777047453.3152435,70.41611647605896,-17.084694334594904,26.378480811894924,0.2,0.028162993932632222,3.812432081352795,1.0003388216085478,0.020124927722375306,0.03267335716753061,1777047453.3016822,3.812432081352795,1.0003388216085478,0.028162993932632222,1777047453.258616,1777047453.3142436,1.0866191126341158
1777047453.5143063,70.61517930030823,-17.06487389618493,26.35999309066309,0.2,0.0328926367226714,3.822750435573406,1.0004857626825494,0.01728935977165471,0.03564101698143962,1777047453.460646,3.822750435573406,1.0004857626825494,0.0328926367226714,1777047453.476201,1777047453.4681668,0.9588281561416936
1777047453.7145774,70.81545042991638,-16.98010293628132,26.280926261739893,0.2,0.037827405061225505,3.83342662374921,1.0006756291625238,0.01802609006572102,0.04204050696554539,1777047453.6943684,3.83342662374921,1.0006756291625238,0.037827405061225505,1777047453.700407,1777047453.6943684,1.0684998886922026
1777047453.9143817,71.01525473594666,-16.908825494407573,26.21445022719052,0.2,0.04114535088272486,3.8405220048038697,1.0008244344423376,0.03368286386585942,0.046088519051744346,1777047453.9385269,3.8405220048038697,1.0008244344423376,0.04114535088272486,1777047453.856197,1777047453.9118648,1.0686182590687119
1777047454.115201,71.21607398986816,-16.739606796350802,26.056649685530203,0.2,0.04639730877392801,3.851508044408248,1.0010921036152025,0.02090926629228883,0.051646410485535074,1777047454.0921664,3.851508044408248,1.0010921036152025,0.04639730877392801,1777047454.096165,1777047454.0781372,0.9301289572974349
1777047454.3146403,71.41551327705383,-16.5014185830884,25.83457934646577,0.2,0.05019426930023041,3.8593259697860103,1.001311518227761,0.021123451771230387,0.054872613589274546,1777047454.3136427,3.8593259697860103,1.001311518227761,0.05019426930023041,1777047454.2641,1777047454.3136427,0.9283556705200182
1777047454.519581,71.62045407295227,-16.343293905575283,25.687184538942915,0.2,0.05531913499497687,3.8698381965305853,1.001645971995727,0.02895435970099692,0.05908190035404052,1777047454.5311315,3.8698381965305853,1.001645971995727,0.05531913499497687,1777047454.482285,1777047454.451117,0.9769200639318564
1777047454.7159967,71.81686973571777,-16.118735561143644,25.47790507421107,0.2,0.0586981203846495,3.876810196435142,1.0018932975587664,0.02191407922977648,0.06385938452369416,1777047454.6791205,3.876810196435142,1.0018932975587664,0.0586981203846495,1777047454.652669,1777047454.6791205,0.9502215511293489
1777047454.9147713,72.01564431190491,-15.838925662218061,25.21720102053377,0.2,0.06335711028105885,3.886458426782584,1.0022702557957228,0.024710964256631343,0.06853348765034797,1777047454.8885975,3.886458426782584,1.0022702557957228,0.06335711028105885,1777047454.861899,1777047454.8885975,0.9063373609454854
1777047455.1198032,72.22067618370056,-15.57133337816863,24.967950947432165,0.2,0.06838965194839108,3.89683314387479,1.0027214176625185,0.02074180035574219,0.07190735764460461,1777047455.0581925,3.89683314387479,1.0027214176625185,0.06838965194839108,1777047455.086892,1777047455.1228142,0.9926634399428961
1777047455.314841,72.41571402549744,-15.441745318069138,24.847270470964773,0.2,0.07326200413066887,3.906746816792864,1.0031970677068924,0.020330399780674743,0.07777006228134604,1777047455.2799323,3.906746816792864,1.0031970677068924,0.07326200413066887,1777047455.299754,1777047455.2717373,1.0932993120944479
1777047455.5151486,72.6160216331482,-8.904165308522286,18.781215961653132,0.2,0.07660845616187385,3.9135612868006726,1.0035496321045518,0.02316490963466951,0.08059282455137373,1777047455.5221817,3.9135612868006726,1.0035496321045518,0.07660845616187385,1777047455.460472,1777047455.4890208,0.9137341095707984
1777047455.715925,72.81679797172546,-15.154312086107126,24.579653047304042,0.2,0.08198613771203878,3.92428872148909,1.0041437952369205,0.02184669402870553,0.08698606370982033,1777047455.6807966,3.92428872148909,1.0041437952369205,0.08198613771203878,1777047455.705111,1777047455.7240229,0.937992849098277
1777047455.9146276,73.01550054550171,-15.026857839670267,24.461011388548254,0.2,0.08569962090468941,3.9314277302599465,1.0045648103595064,0.024247277511755018,0.09103387812595941,1777047455.9007907,3.9314277302599465,1.0045648103595064,0.08569962090468941,1777047455.867535,1777047455.8820958,1.0113977327820562
1777047456.114905,73.2157781124115,-14.861571753688327,24.307177422785784,0.2,0.09050218525505738,3.940813427693802,1.0051602197899072,0.02967044588085575,0.09673629772109689,1777047456.1109025,3.940813427693802,1.0051602197899072,0.09050218525505738,1777047456.098171,1777047456.1109025,0.9276059685990768
1777047456.3144112,73.41528415679932,-14.861571753688327,24.307177422785784,0.2,0.0938303001137344,3.9473536972740026,1.0056024146201639,0.02058251826360786,0.09675713897674526,1777047456.3330443,3.9473536972740026,1.0056024146201639,0.0938303001137344,1777047456.251105,1777047456.290826,0.9440317555908985
1777047456.5142744,73.61514735221863,-14.861571753688327,24.307177422785784,0.2,0.09983171943002667,3.9590133447489073,1.0064449854394129,0.021651262590449853,0.10468174629250071,1777047456.4771094,3.9590133447489073,1.0064449854394129,0.09983171943002667,1777047456.505744,1777047456.4437754,0.9938345912634055
1777047456.714278,73.81515097618103,-14.861571753688327,24.307177422785784,0.2,0.10324013914721508,3.9655810367195503,1.0069500708655994,0.019972821431980883,0.10764576992565823,1777047456.6976907,3.9655810367195503,1.0069500708655994,0.10324013914721508,1777047456.667095,1777047456.6600835,1.0128213327563542
1777047456.9142656,74.01513862609863,-8.650194542287224,18.546482522761085,0.2,0.10857081266162716,3.975803821183359,1.0077800474361427,0.02114595633693787,0.11310844934400734,1777047456.9122772,3.975803821183359,1.0077800474361427,0.10857081266162716,1777047456.902239,1777047456.8788433,0.962073240978799
1777047457.1142013,74.21507430076599,-14.861571753688327,24.307177422785784,0.2,0.11237986241866428,3.982965305194447,1.008389924735496,0.029105424726781754,0.11748231059638402,1777047457.0875864,3.982965305194447,1.008389924735496,0.11237986241866428,1777047457.075059,1777047457.0609734,1.0942799870389972
1777047457.3150403,74.41591334342957,-8.650194542287224,18.546482522761085,0.2,0.1175129509540005,3.9923783710572445,1.0092266851677465,0.02228355309453443,0.12215599892813848,1777047457.2959485,3.9923783710572445,1.0092266851677465,0.1175129509540005,1777047457.303988,1777047457.2697647,0.9587035120932599
1777047457.5143383,74.61521124839783,-14.861571753688327,24.307177422785784,0.2,0.1213187044502515,3.999308264631081,1.0098721592491375,0.01659831910157984,0.1237848443623138,1777047457.4445262,3.999308264631081,1.0098721592491375,0.1213187044502515,1777047457.460593,1777047457.5098982,1.0279090317443096
1777047457.7168746,74.81774759292603,-14.861571753688327,24.307177422785784,0.2,0.12606943402591408,4.0078208503458415,1.0106974427273612,0.027109786111958974,0.13185978485811442,1777047457.6581151,4.0078208503458415,1.0106974427273612,0.12606943402591408,1777047457.671182,1777047457.7203853,1.087462419288908
1777047457.9145334,75.01540637016296,-8.650194542287224,18.546482522761085,0.2,0.12969410694561745,4.014414025310881,1.011367532952682,0.022457524107071806,0.13445590280124248,1777047457.8701508,4.017566068525805,1.0116970563815841,0.13141430585995462,1777047457.916539,1777047457.8701508,0.9299594466820724
1777047458.1145139,75.2153868675232,-14.861571753688327,24.307177422785784,0.2,0.13522839462124558,4.024462345654698,1.0124341175607419,0.022093113503546417,0.14024770313212506,1777047458.0973396,4.024462345654698,1.0124341175607419,0.13522839462124558,1777047458.087725,1777047458.1049075,1.0839853803128425
1777047458.3148704,75.41574335098267,-1.9304308846975395,12.363210942770417,0.2,0.13960700502853385,4.032289142029573,1.013300142927948,0.020040834515149767,0.14317745525653705,1777047458.2754984,4.032289142029573,1.013300142927948,0.13960700502853385,1777047458.273988,1777047458.2709875,1.038218782549437
1777047458.5151954,75.6160683631897,-1.8239050622381017,12.265638974754669,0.2,0.14497460539578455,4.041582991869873,1.014366936828107,0.0427179368409716,0.15472196093448637,1777047458.5036778,4.041582991869873,1.014366936828107,0.14497460539578455,1777047458.506676,1777047458.4964106,0.9586786987219247
1777047458.7146962,75.81556916236877,-1.7147299960388522,12.165655729663499,0.2,0.1492304879062516,4.048222570568642,1.0151423234383075,0.01839752632892623,0.15253146847518556,1777047458.683103,4.048222570568642,1.0151423234383075,0.1492304879062516,1777047458.706172,1777047458.6755774,1.0415532963675482
1777047458.9150271,76.01590013504028,-1.5846941319225685,12.04658827489171,0.2,0.1529240603799949,4.053601244700082,1.0157806526484359,0.019402901559201925,0.1560574157411467,1777047458.844592,4.053601244700082,1.0157806526484359,0.1529240603799949,1777047458.864194,1777047458.911506,0.9422703604331494
1777047459.1173446,76.21821761131287,-1.4572743560465493,11.929937653896399,0.2,0.15799618758277753,4.060532422220377,1.0166189812439475,0.022853117611788883,0.16288327823478338,1777047459.05844,4.060532422220377,1.0166189812439475,0.15799618758277753,1777047459.074999,1777047459.078,0.9936285736279006
1777047459.3150768,76.41594982147217,-1.4572743560465493,11.929937653896399,0.2,0.16304969126888663,4.067072983379733,1.0174291975457113,0.02130677201853128,0.16802522901091738,1777047459.291959,4.067072983379733,1.0174291975457113,0.16304969126888663,1777047459.296493,1777047459.291959,1.0083975579077658
1777047459.5151315,76.6160044670105,-1.4572743560465493,11.929937653896399,0.2,0.16707942570490175,4.072114430772631,1.0180676956756598,0.022359933244930866,0.17117090095480078,1777047459.4749415,4.072114430772631,1.0180676956756598,0.16707942570490175,1777047459.484462,1777047459.4663777,0.9216353144075671
1777047459.7144737,76.81534671783447,-1.4572743560465493,11.929937653896399,0.2,0.17107780895062064,4.076977733744541,1.0186964871929212,0.0222694678912779,0.1757751208597452,1777047459.685872,4.078565618288899,1.0189047782055287,0.1724055082242835,1777047459.712958,1777047459.6798677,1.0130424450096032
1777047459.9149668,77.01583981513977,-1.4572743560465493,11.929937653896399,0.2,0.175999698140358,4.0828044844307,1.0194685558312657,0.014984551286173067,0.17940239879099257,1777047459.9129527,4.0828044844307,1.0194685558312657,0.175999698140358,1777047459.858713,1777047459.904921,1.0793306670522702
1777047460.1147037,77.21557664871216,-1.4572743560465493,11.929937653896399,0.2,0.1810897452140399,4.08867146664667,1.0202684885539677,0.022131392343402282,0.18514485215182372,1777047460.0961814,4.08867146664667,1.0202684885539677,0.1810897452140399,1777047460.093181,1777047460.120208,0.9540339485016859
1777047460.3149314,77.41580438613892,-1.4572743560465493,11.929937653896399,0.2,0.18485134798508265,4.092918453680712,1.0208627244027055,0.025031569980782906,0.188648375056085,1777047460.247871,4.092918453680712,1.0208627244027055,0.18485134798508265,1777047460.272889,1777047460.3244433,1.053442327229801
1777047460.515074,77.61594700813293,-1.4572743560465493,11.929937653896399,0.2,0.18842027754138613,4.096890156774605,1.021430750888443,0.019522220493301597,0.19343164161054469,1777047460.5045714,4.096890156774605,1.021430750888443,0.18842027754138613,1777047460.424779,1777047460.4744203,1.0050557722831968
1777047460.7149282,77.81580114364624,-1.4572743560465493,11.929937653896399,0.2,0.19386188765001844,4.102852195417656,1.022306787352731,0.0218028628005861,0.19709900903528554,1777047460.6530437,4.102852195417656,1.022306787352731,0.19386188765001844,1777047460.667093,1777047460.6856577,1.0987074001995556
1777047460.9170125,78.01788544654846,-1.4572743560465493,11.929937653896399,0.2,0.19873683879062476,4.108112938633978,1.0231041447536922,0.02472607952367678,0.20377564738290346,1777047460.9629233,4.108112938633978,1.0231041447536922,0.19873683879062476,1777047460.900711,1777047460.9542546,0.9378453926394886
1777047461.116971,78.21784400939941,-1.4572743560465493,11.929937653896399,0.2,0.20248529641120513,4.112115747266023,1.023726776418446,0.018645287616045003,0.20619446618003662,1777047461.0557623,4.112115747266023,1.023726776418446,0.20248529641120513,1777047461.072366,1777047461.1179764,1.006048898854316
1777047461.314881,78.41575407981873,-1.4572743560465493,11.929937653896399,0.2,0.20773174230281644,4.117665381980557,1.0246134598416201,0.03118864324116545,0.21467448991980095,1777047461.2783673,4.117665381980557,1.0246134598416201,0.20773174230281644,1777047461.29841,1777047461.2723622,0.9541164180195152
1777047461.5146337,78.61550664901733,-1.4572743560465493,11.929937653896399,0.2,0.21091655242242258,4.121008816793945,1.0251611327357506,0.01718021528861543,0.21398629183196297,1777047461.5251653,4.121008816793945,1.0251611327357506,0.21091655242242258,1777047461.461067,1777047461.5055795,1.083584132323235
1777047461.7144156,78.81528854370117,-1.4572743560465493,11.929937653896399,0.2,0.21634887503150238,4.126674568743039,1.0261128836214914,0.01549852788824596,0.21977342084161,1777047461.6780055,4.126674568743039,1.0261128836214914,0.21634887503150238,1777047461.702089,1777047461.665927,1.0135848170854604
1777047461.9143205,79.01519346237183,-1.4572743560465493,11.929937653896399,0.2,0.21990771306335247,4.13036410767234,1.026748923610368,0.02073262837220636,0.22452682437171032,1777047461.9007998,4.13036410767234,1.026748923610368,0.21990771306335247,1777047461.862665,1777047461.8897676,1.0313217128084626
1777047462.115217,79.21608996391296,-1.4572743560465493,11.929937653896399,0.2,0.2247774821385935,4.135388874124629,1.0276361331700676,0.016195091193881603,0.22742094416069664,1777047462.0640259,4.135388874124629,1.0276361331700676,0.2247774821385935,1777047462.078545,1777047462.133791,0.9349904991257959
1777047462.3147871,79.41566014289856,-1.4572743560465493,11.929937653896399,0.2,0.22814875978326565,4.138853303191013,1.0282621006077148,0.020608977344959516,0.23293308142849095,1777047462.2961733,4.138853303191013,1.0282621006077148,0.22814875978326565,1777047462.228508,1777047462.294173,1.049314953192769
1777047462.5154898,79.61636281013489,-1.4572743560465493,11.929937653896399,0.2,0.23320557659644692,4.144030893237453,1.0292195554048498,0.03101847159515364,0.23818104030145912,1777047462.4565766,4.144030893237453,1.0292195554048498,0.23320557659644692,1777047462.463101,1777047462.4641058,0.9532214941284187
1777047462.7146735,79.81554651260376,-1.4572743560465493,11.929937653896399,0.2,0.2382623155322969,4.149188847205139,1.0301998101506809,0.024023907336351326,0.24333950973781845,1777047462.6679158,4.149188847205139,1.0301998101506809,0.2382623155322969,1777047462.691044,1777047462.6749494,0.9524911195720683
1777047462.9176602,80.01853322982788,-1.4572743560465493,11.929937653896399,0.2,0.2420080164669596,4.15299844582118,1.0309409032139734,0.016225225992706076,0.24533767971855794,1777047462.873131,4.1543297662716245,1.0312033334424013,0.24331900733695827,1777047462.920168,1777047462.8921757,1.080571300702091
1777047463.1147816,80.21565461158752,-1.4572743560465493,11.929937653896399,0.2,0.24687740224769605,4.1579384483906,1.0319236941310412,0.018550138345380322,0.2512671596222173,1777047463.1097739,4.1579384483906,1.0319236941310412,0.24687740224769605,1777047463.071383,1777047463.1017041,1.0126082750182361
1777047463.3147619,80.41563487052917,-1.4572743560465493,11.929937653896399,0.2,0.2511849197456417,4.162297968626064,1.0328115864683265,0.020558028582076976,0.25466509172798885,1777047463.2790592,4.162297968626064,1.0328115864683265,0.2511849197456417,1777047463.260947,1777047463.2710595,1.0526483995177194
1777047463.5149388,80.61581182479858,-1.4572743560465493,11.929937653896399,0.2,0.25642884163505203,4.16759322838687,1.0339161878220515,0.017797340008087276,0.2593890749624174,1777047463.520451,4.16759322838687,1.0339161878220515,0.25642884163505203,1777047463.507687,1777047463.4855096,0.9315708843450384
1777047463.7146368,80.81550979614258,-1.4572743560465493,11.929937653896399,0.2,0.26054905990141913,4.171745411875521,1.0348025093270776,0.018287469193345594,0.26528919983475,1777047463.7045908,4.171745411875521,1.0348025093270776,0.26054905990141913,1777047463.692828,1777047463.7131312,0.989771745017719
1777047463.9145162,81.01538920402527,-1.4572743560465493,11.929937653896399,0.2,0.26466927451495975,4.175890799698669,1.0357051573083444,0.024907867018344017,0.26899568428546666,1777047463.8782873,4.175890799698669,1.0357051573083444,0.26466927451495975,1777047463.869768,1777047463.889799,1.0363213614626288
1777047464.1150591,81.2159321308136,-1.4572743560465493,11.929937653896399,0.2,0.2682276398394139,4.179465748266295,1.0364979180194147,0.015573028037089506,0.27109514903362697,1777047464.0624204,4.1815333729483095,1.036962499021244,0.27028774555678664,1777047464.122213,1777047464.0624204,0.9069110062684905
1777047464.315234,81.4161069393158,-1.4572743560465493,11.929937653896399,0.2,0.2738461091964517,4.185101267326973,1.0377746842590483,0.02446870323879431,0.27980919118573344,1777047464.3061228,4.185101267326973,1.0377746842590483,0.2738461091964517,1777047464.296241,1777047464.3202524,1.0829076940608822
1777047464.5141213,81.61499428749084,-1.4572743560465493,11.929937653896399,0.2,0.27796631872889327,4.189227216518244,1.038730537713239,0.017819487025176113,0.28103157516542443,1777047464.4781399,4.189227216518244,1.038730537713239,0.27796631872889327,1777047464.46623,1777047464.468225,1.0462128349292128
1777047464.7152133,81.81608629226685,-1.4572743560465493,11.929937653896399,0.2,0.2830229388088279,4.1942834044307435,1.0399263225516628,0.021991616459719032,0.2878388271465001,1777047464.6971273,4.1942834044307435,1.0399263225516628,0.2830229388088279,1777047464.694128,1777047464.692132,0.9608248908337311
1777047464.916455,82.01732802391052,-1.4572743560465493,11.929937653896399,0.2,0.2862067363471717,4.19746283954243,1.0406920838723706,0.023218896479495422,0.2896803780425367,1777047464.9174607,4.19746283954243,1.0406920838723706,0.2862067363471717,1777047464.85226,1777047464.894382,0.9307410399696721
1777047465.1186762,82.21954917907715,-1.4572743560465493,11.929937653896399,0.2,0.29088879111964167,4.202132874876877,1.0418362840616469,0.01930305255117326,0.2949871755419883,1777047465.0590494,4.202132874876877,1.0418362840616469,0.29088879111964167,1777047465.061556,1777047465.1317186,0.9871734841262508
1777047465.3155758,82.41644883155823,-1.4572743560465493,11.929937653896399,0.2,0.29613269230499034,4.20735554804831,1.0431433756531934,0.01782271666684306,0.30038117297407385,1777047465.2974238,4.20735554804831,1.0431433756531934,0.29613269230499034,1777047465.295422,1777047465.288913,1.0458822793979217
1777047465.5141351,82.61500811576843,-1.4572743560465493,11.929937653896399,0.2,0.29987833590616386,4.21108108294498,1.0440935818321986,0.0217999716980241,0.3032581365109883,1777047465.4524608,4.21108108294498,1.0440935818321986,0.29987833590616386,1777047465.458451,1777047465.4492009,1.0461775191941938
1777047465.7143393,82.81521224975586,-1.4572743560465493,11.929937653896399,0.2,0.3043731080404495,4.215546332518166,1.0452520645222472,0.022072562705015713,0.30913479461765153,1777047465.6681895,4.215546332518166,1.0452520645222472,0.3043731080404495,1777047465.673701,1777047465.659714,1.0278642621524543
1777047465.9152038,83.0160768032074,-1.4572743560465493,11.929937653896399,0.2,0.3092424445655899,4.220377085953534,1.04652954318256,0.018653519873677988,0.3134167632690299,1777047465.8919713,4.220377085953534,1.04652954318256,0.3092424445655899,1777047465.897987,1777047465.8713953,1.0578155586396205
1777047466.1184058,83.21927881240845,-1.4572743560465493,11.929937653896399,0.2,0.3129880880085514,4.224088389122588,1.0475281114307435,0.022547745351006006,0.3165713714438188,1777047466.1254344,4.224088389122588,1.0475281114307435,0.3129880880085514,1777047466.057403,1777047466.109364,0.990606981734966
1777047466.314162,83.41503500938416,-1.4572743560465493,11.929937653896399,0.2,0.3184192708745215,4.2294625700521316,1.0490005763618955,0.02176674651516743,0.3230419457193485,1777047466.2632644,4.2294625700521316,1.0490005763618955,0.3184192708745215,1777047466.295358,1777047466.3171668,1.0208643234778227
1777047466.514911,83.61578392982483,-1.4572743560465493,11.929937653896399,0.2,0.3217903499555899,4.232793964832803,1.049929126058048,0.0340198511184359,0.32910328482791773,1777047466.4782252,4.232793964832803,1.049929126058048,0.3217903499555899,1777047466.45995,1777047466.4712226,0.962437730153926
1777047466.7148824,83.81575536727905,-1.4572743560465493,11.929937653896399,0.2,0.32740881502671204,4.2383389210574,1.0515015553489502,0.020678065140696623,0.3321677185643509,1777047466.7083678,4.2383389210574,1.0515015553489502,0.32740881502671204,1777047466.710884,1777047466.7008467,0.9921907086260581
1777047466.9149635,84.01583647727966,-1.4572743560465493,11.929937653896399,0.2,0.33115445835793,4.242030407433252,1.0525670848423039,0.017817863854735744,0.3340346428058384,1777047466.8700137,4.242030407433252,1.0525670848423039,0.33115445835793,1777047466.878528,1777047466.867014,0.9581163386176811
1777047467.1153362,84.21620917320251,-1.4572743560465493,11.929937653896399,0.2,0.33452553741550783,4.2453491950134525,1.053537847205455,0.02074687956652244,0.3394693375627632,1777047467.108305,4.247375676875018,1.054136584133927,0.33658564128794044,1777047467.118347,1777047467.094787,1.0036979358481712
1777047467.314978,84.41585087776184,-1.4572743560465493,11.929937653896399,0.2,0.33920759163786235,4.249952996837907,1.0549046365886119,0.019451708394150422,0.34241858827785515,1777047467.2733803,4.249952996837907,1.0549046365886119,0.33920759163786235,1777047467.271374,1777047467.3144732,0.9399173409827631
1777047467.5169306,84.6178035736084,-1.4572743560465493,11.929937653896399,0.2,0.34426421012932984,4.254917683834317,1.0564049187961773,0.01776387034070837,0.3482393524974903,1777047467.497157,4.254917683834317,1.0564049187961773,0.34426421012932984,1777047467.496151,1777047467.5234506,1.0498100634045897
1777047467.7149498,84.81582283973694,-1.4572743560465493,11.929937653896399,0.2,0.34782257134986416,4.258406685662135,1.0574756907402312,0.01867391786283564,0.3509420738907973,1777047467.6642084,4.258406685662135,1.0574756907402312,0.34782257134986416,1777047467.661701,1777047467.668221,1.025479545520573
1777047467.9147217,85.01559472084045,-1.4572743560465493,11.929937653896399,0.2,0.35325375421758043,4.263724483919981,1.059133916963388,0.018696140365278977,0.35738975481485535,1777047467.8854306,4.263724483919981,1.059133916963388,0.35325375421758043,1777047467.89546,1777047467.914194,1.0650936263775286
1777047468.1145997,85.21547269821167,-1.4572743560465493,11.929937653896399,0.2,0.3573739618818177,4.267752545538536,1.0604111155634453,0.033798818879265786,0.3645598886864341,1777047468.0980394,4.267752545538536,1.0604111155634453,0.3573739618818177,1777047468.068712,1777047468.0759187,1.0765268922608882
1777047468.3186634,85.41953635215759,-1.4572743560465493,11.929937653896399,0.2,0.362430580450682,4.272688753866567,1.0620012352684887,0.019530540831713076,0.3655408660523373,1777047468.2572918,4.272688753866567,1.0620012352684887,0.362430580450682,1777047468.30248,1777047468.2879162,1.0484603407105375
1777047468.520004,85.6208770275116,-1.4572743560465493,11.929937653896399,0.2,0.36580165945910365,4.275975025904522,1.0630751646936187,0.017792437833622117,0.369489806063626,1777047468.464579,4.275975025904522,1.0630751646936187,0.36580165945910365,1777047468.453053,1777047468.5017438,1.0928202561596891
1777047468.7152,85.81607294082642,-1.4572743560465493,11.929937653896399,0.2,0.37029643145741264,4.280351014054892,1.0645242833971709,0.03084819145226208,0.3762302401348283,1777047468.6569343,4.280351014054892,1.0645242833971709,0.37029643145741264,1777047468.646863,1777047468.707062,0.9660950301173427
1777047468.9140964,86.01496934890747,-1.4572743560465493,11.929937653896399,0.2,0.3753530500194077,4.285266111017024,1.066178024403792,0.033886301245767456,0.3825779357381938,1777047468.870144,4.285266111017024,1.066178024403792,0.3753530500194077,1777047468.87845,1777047468.8809693,1.0041426663874602
1777047469.1177826,86.21865558624268,-1.4572743560465493,11.929937653896399,0.2,0.3800351041896599,4.289809580768441,1.0677314018405772,0.02490388492321773,0.3851192253996781,1777047469.0742936,4.289809580768441,1.0677314018405772,0.3800351041896599,1777047469.105104,1777047469.121893,1.0242112713939056
1777047469.3146796,86.41555261611938,-1.4572743560465493,11.929937653896399,0.2,0.383780747532831,4.293439067900842,1.0689894060348877,0.019038253748754216,0.3882517529953673,1777047469.3091369,4.293439067900842,1.0689894060348877,0.383780747532831,1777047469.274019,1777047469.285269,0.9186312375599646
1777047469.5162466,86.61711955070496,-1.4572743560465493,11.929937653896399,0.2,0.3875263909109563,4.297063801645501,1.070260993739896,0.01699483671498893,0.39034734959075296,1777047469.475126,4.297063801645501,1.070260993739896,0.3875263909109563,1777047469.448007,1777047469.469098,1.026369610485993
1777047469.7150853,86.81595826148987,-1.4572743560465493,11.929937653896399,0.2,0.3927702915893603,4.302130350530569,1.072064003711808,0.019506775424535293,0.3972457256488561,1777047469.7045557,4.302130350530569,1.072064003711808,0.3927702915893603,1777047469.676362,1777047469.685869,0.914782141873293
1777047469.9148595,87.01573252677917,-1.4572743560465493,11.929937653896399,0.2,0.3967032171001215,4.305924004880174,1.073433681490432,0.016896501363403926,0.39946130455502704,1777047469.86779,4.305924004880174,1.073433681490432,0.3967032171001215,1777047469.846612,1777047469.9178655,0.9398790004984451
1777047470.1142035,87.2150764465332,-1.4572743560465493,11.929937653896399,0.2,0.4013852713153661,4.310433179792528,1.0750836871284195,0.02073756818475424,0.4057517407920881,1777047470.0783484,4.310433179792528,1.0750836871284195,0.4013852713153661,1777047470.060784,1777047470.1247287,1.0842670644764072
1777047470.3147583,87.41563129425049,-1.4572743560465493,11.929937653896399,0.2,0.4056927611531327,4.314574745362923,1.0766203226781936,0.017809380380575758,0.409518146001839,1777047470.2931445,4.314574745362923,1.0766203226781936,0.4056927611531327,1777047470.261985,1777047470.2820473,0.9629916007222669
1777047470.5146008,87.61547374725342,-1.4572743560465493,11.929937653896399,0.2,0.41093666184471106,4.319607646372357,1.078515065444711,0.021999617644993558,0.41427441864213915,1777047470.5186062,4.319607646372357,1.078515065444711,0.41093666184471106,1777047470.485691,1777047470.487696,1.0544950761821565
1777047470.7159348,87.8168077468872,-1.4572743560465493,11.929937653896399,0.2,0.41561871604881967,4.324092848614487,1.0802290813815925,0.01779243799259394,0.4194117558018733,1777047470.722432,4.324092848614487,1.0802290813815925,0.41561871604881967,1777047470.703887,1777047470.6968358,0.9768938126218495
1777047470.9142354,88.01510834693909,-1.4572743560465493,11.929937653896399,0.2,0.41955164154884894,4.327854177241952,1.0816850706507337,0.026366754195419822,0.42506250354124037,1777047470.867054,4.327854177241952,1.0816850706507337,0.41955164154884894,1777047470.872564,1777047470.9026606,0.9565762757757849
1777047471.1143677,88.2152407169342,-1.4572743560465493,11.929937653896399,0.2,0.42329728490204493,4.33143104105362,1.0830854703061015,0.024835383625474165,0.42878368313744253,1777047471.0879645,4.333038912147767,1.0837200191954341,0.424982824418728,1777047471.112137,1777047471.1143677,0.9961163231384668
1777047471.31602,88.4168930053711,-1.4572743560465493,11.929937653896399,0.2,0.4276047747721474,4.3355379115723025,1.0847124797170804,0.023331996986909867,0.43248531455859285,1777047471.2971425,4.337143032884867,1.0853539487588302,0.4292903142767717,1777047471.325051,1777047471.3200176,0.952483616608353
1777047471.5149407,88.61581373214722,-1.4572743560465493,11.929937653896399,0.2,0.43266139327778586,4.340350018853984,1.0866449989926061,0.018645991779937407,0.4357519891409665,1777047471.4628937,4.340350018853984,1.0866449989926061,0.43266139327778586,1777047471.468909,1777047471.4628937,1.0820653822981066
1777047471.715164,88.81603693962097,-1.4572743560465493,11.929937653896399,0.2,0.43809257614800146,4.345507617287045,1.0887477430710282,0.020772116245934003,0.44293634793535896,1777047471.69608,4.345507617287045,1.0887477430710282,0.43809257614800146,1777047471.704133,1777047471.6800356,0.9249601033789138
1777047471.9149592,89.01583218574524,-1.4572743560465493,11.929937653896399,0.2,0.4410890908338283,4.348348275584344,1.0899198595959843,0.016980875983939603,0.44457475208075664,1777047471.9013498,4.349589956283634,1.0904353362773498,0.44240006600323944,1777047471.919969,1777047471.8470747,0.9501918302322037
1777047472.1179307,89.2188036441803,-1.4572743560465493,11.929937653896399,0.2,0.4459584271733749,4.352956813486984,1.0918426882545127,0.0207009525199061,0.45018119437585036,1777047472.1053388,4.352956813486984,1.0918426882545127,0.4459584271733749,1777047472.057649,1777047472.0687,1.0104892614780876
1777047472.314839,89.41571187973022,-1.4572743560465493,11.929937653896399,0.2,0.45064048137167134,4.357379217789946,1.0937127041312789,0.023305691963570387,0.4540534731557337,1777047472.3168442,4.357379217789946,1.0937127041312789,0.45064048137167134,1777047472.272307,1777047472.2836034,1.0745486986734485
1777047472.5172732,89.61814618110657,-1.4572743560465493,11.929937653896399,0.2,0.45550981772942656,4.361969175617391,1.095679463827174,0.016990058030759907,0.45904485471357165,1777047472.5237906,4.361969175617391,1.095679463827174,0.45550981772942656,1777047472.501386,1777047472.4948564,1.0688748590074553
1777047472.717279,89.81815195083618,-1.4572743560465493,11.929937653896399,0.2,0.45888089673429727,4.365141202272811,1.0970541488702685,0.01679498713685528,0.462273398413237,1777047472.6618433,4.365141202272811,1.0970541488702685,0.45888089673429727,1777047472.649695,1777047472.7182794,1.0665285077563769
1777047472.9173217,90.01819467544556,-1.4572743560465493,11.929937653896399,0.2,0.46393751526789906,4.369890506791991,1.099136207144083,0.01692562695368691,0.467615210835928,1777047472.879129,4.369890506791991,1.099136207144083,0.46393751526789906,1777047472.877127,1777047472.925831,1.0735937742468493
1777047473.115282,90.21615505218506,-1.4572743560465493,11.929937653896399,0.2,0.46899413378934707,4.374629221044384,1.10124225485758,0.033946341482074024,0.47632325223940014,1777047473.095032,4.374629221044384,1.10124225485758,0.46899413378934707,1777047473.102568,1777047473.0875137,1.0109786588373297
1777047473.3154922,90.41636514663696,-1.4572743560465493,11.929937653896399,0.2,0.47273977713203763,4.378132480762694,1.1028177249247373,0.016940958104581617,0.47644807149226326,1777047473.3139272,4.378132480762694,1.1028177249247373,0.47273977713203763,1777047473.27099,1777047473.2938445,1.0065853742391533
1777047473.51503,90.6159029006958,-1.4572743560465493,11.929937653896399,0.2,0.4774218313313056,4.3825032158318615,1.104805497596007,0.020726077715942443,0.48152650300298555,1777047473.511971,4.3825032158318615,1.104805497596007,0.4774218313313056,1777047473.471671,1777047473.4939039,0.9786899991637381
1777047473.7177777,90.81865072250366,-1.4572743560465493,11.929937653896399,0.2,0.48191660334854974,4.386690321030789,1.1067329924024696,0.021925317286208956,0.4851215763980348,1777047473.7211497,4.386690321030789,1.1067329924024696,0.48191660334854974,1777047473.68579,1777047473.712238,0.973589047970264
1777047473.9145312,91.01540422439575,-1.4572743560465493,11.929937653896399,0.2,0.48641137536316226,4.3908687196975205,1.108679288232076,0.021965782409990392,0.4910997820959968,1777047473.8715892,4.3908687196975205,1.108679288232076,0.48641137536316226,1777047473.894817,1777047473.8618186,1.0649992352729711
1777047474.1155097,91.2163827419281,-1.4572743560465493,11.929937653896399,0.2,0.48996973655459186,4.394170388295629,1.110233413518292,0.016258607140878758,0.4936178857302091,1777047474.0959718,4.395385395363896,1.1108089461621582,0.4912807117292238,1777047474.114509,1777047474.0459108,1.0756704803964972
1777047474.3143563,91.41522932052612,-1.4572743560465493,11.929937653896399,0.2,0.4950263550747449,4.398852673548509,1.1124620961169076,0.02201256389580004,0.498017254169941,1777047474.3178682,4.398852673548509,1.1124620961169076,0.4950263550747449,1777047474.26977,1777047474.2717762,0.9970974666818663
1777047474.5146418,91.61551475524902,-1.4572743560465493,11.929937653896399,0.2,0.49839743408501835,4.401967910017532,1.113961026076765,0.01850281115518662,0.5026413510539446,1777047474.4612103,4.403178023352931,1.114546778085425,0.4997084092589033,1777047474.509907,1777047474.4828506,0.9866507940488515
1777047474.7163715,91.81724452972412,-1.4572743560465493,11.929937653896399,0.2,0.503454052617208,4.406631245723516,1.1162290907432375,0.020708046956758,0.5078577582997097,1777047474.673867,4.406631245723516,1.1162290907432375,0.503454052617208,1777047474.655308,1777047474.6834059,1.050502621639582
1777047474.9149556,92.01582860946655,-1.4572743560465493,11.929937653896399,0.2,0.5086979533024351,4.411455118902508,1.1186060336798231,0.016267024429142813,0.5120466658034786,1777047474.879726,4.411455118902508,1.1186060336798231,0.5086979533024351,1777047474.889732,1777047474.8918943,1.0989832165039528
1777047475.1149757,92.21584868431091,-1.4572743560465493,11.929937653896399,0.2,0.5124435966510967,4.414893078221349,1.1203193213756542,0.01759358415207573,0.5159462614433589,1777047475.0788136,4.414893078221349,1.1203193213756542,0.5124435966510967,1777047475.072297,1777047475.0839927,0.9988979517804674
1777047475.31525,92.4161229133606,-1.4572743560465493,11.929937653896399,0.2,0.5180620616844589,4.420037924082747,1.122913368207803,0.06246666754186746,0.5318928236923548,1777047475.3002238,4.420037924082747,1.122913368207803,0.5180620616844589,1777047475.30823,1777047475.3062315,1.053130427813695
1777047475.5145414,92.61541438102722,-1.4572743560465493,11.929937653896399,0.2,0.5212458585275312,4.42294684147964,1.1243961464208652,0.018616825682887812,0.5241877163171338,1777047475.5325038,4.42294684147964,1.1243961464208652,0.5212458585275312,1777047475.464761,1777047475.533504,0.918233421214104
1777047475.7149258,92.81579875946045,-1.4572743560465493,11.929937653896399,0.2,0.5263024770500362,4.427557141317019,1.1267701613418988,0.017708206804209602,0.5302881053697106,1777047475.6833177,4.427557141317019,1.1267701613418988,0.5263024770500362,1777047475.691822,1777047475.6938229,0.984997207620796
1777047475.91509,93.01596307754517,-1.4572743560465493,11.929937653896399,0.2,0.5304226847409126,4.431304767845901,1.1287217609176248,0.02112346638758303,0.5340986720388038,1777047475.8573415,4.431304767845901,1.1287217609176248,0.5304226847409126,1777047475.864876,1777047475.8474734,0.9050918714777879
1777047476.1141255,93.21499848365784,-1.4572743560465493,11.929937653896399,0.2,0.5351047389232129,4.435553631600234,1.1309582088668415,0.02201194707092326,0.5396347411445203,1777047476.063139,4.435553631600234,1.1309582088668415,0.5351047389232129,1777047476.081205,1777047476.0726705,1.024107095007134
1777047476.3144417,93.41531467437744,-1.4572743560465493,11.929937653896399,0.2,0.5384758179386688,4.438606306224069,1.1325807571469568,0.0177940501868286,0.5421387762916661,1777047476.268992,4.440130588022654,1.1333958880705355,0.5401613574489277,1777047476.31596,1777047476.2904775,0.9687367314319695
1777047476.5151544,93.61602735519409,-1.4572743560465493,11.929937653896399,0.2,0.5435324364674283,4.443175018941385,1.1350338519001817,0.017797275393793444,0.5472665298229636,1777047476.4788046,4.443175018941385,1.1350338519001817,0.5435324364674283,1777047476.457229,1777047476.4530923,0.9055379942842728
1777047476.7144783,93.81535124778748,-1.4572743560465493,11.929937653896399,0.2,0.5480272084829165,4.4472256378837765,1.1372337507638894,0.023351417811958278,0.5529394250409381,1777047476.689165,4.4472256378837765,1.1372337507638894,0.5480272084829165,1777047476.666129,1777047476.6821506,1.0346320540912048
1777047476.9146855,94.01555848121643,-1.4572743560465493,11.929937653896399,0.2,0.5534583913441224,4.452106880886406,1.139916219496184,0.021338069307866605,0.5582175347919948,1777047476.9122005,4.452106880886406,1.139916219496184,0.5534583913441224,1777047476.902404,1777047476.8908415,1.0424735855273881
1777047477.1144965,94.21536946296692,-1.4572743560465493,11.929937653896399,0.2,0.5568294703615005,4.4551292630224335,1.1415945195565258,0.022009480080122906,0.5603059028100406,1777047477.070152,4.4551292630224335,1.1415945195565258,0.5568294703615005,1777047477.068648,1777047477.062655,0.9214409638205386
1777047477.3148096,94.415682554245,-1.4572743560465493,11.929937653896399,0.2,0.5618860888797527,4.459652185089914,1.1441310496596158,0.020582704745098743,0.5661429255876155,1777047477.2769682,4.459652185089914,1.1441310496596158,0.5618860888797527,1777047477.295024,1777047477.2688825,1.0846253034841438
1777047477.517792,94.61866497993469,-1.4572743560465493,11.929937653896399,0.2,0.565819014400482,4.4631611117328545,1.1461196991982825,0.019653681578510572,0.5700401495983068,1777047477.491744,4.4631611117328545,1.1461196991982825,0.565819014400482,1777047477.457924,1777047477.491744,0.9600149809798421
1777047477.7150617,94.81593465805054,-1.4572743560465493,11.929937653896399,0.2,0.5705010685904544,4.467328167721554,1.1485051102174262,0.019653681549336836,0.573530805612093,1777047477.7150617,4.467328167721554,1.1485051102174262,0.5705010685904544,1777047477.671971,1777047477.7150617,1.0864936755321677
1777047477.916664,95.01753687858582,-1.4572743560465493,11.929937653896399,0.2,0.575370404942273,4.471650008506417,1.1510066058434234,0.024818120878384593,0.5806339859082331,1777047477.9246926,4.471650008506417,1.1510066058434234,0.575370404942273,1777047477.901592,1777047477.8755367,0.9209806672958609
1777047478.1149445,95.21581745147705,-1.4572743560465493,11.929937653896399,0.2,0.5787414839603029,4.474634892855059,1.1527507245720339,0.020772665482234595,0.5834344883285244,1777047478.0839086,4.474634892855059,1.1527507245720339,0.5787414839603029,1777047478.049108,1777047478.0859075,1.0853712690034956
1777047478.314358,95.41523098945618,-1.4572743560465493,11.929937653896399,0.2,0.5836108203173662,4.478935973671855,1.155287748792606,0.024871555715893695,0.5872147286079384,1777047478.2288094,4.478935973671855,1.155287748792606,0.5836108203173662,1777047478.263764,1777047478.2336843,0.9644004210460514
1777047478.5152361,95.61610913276672,-1.4572743560465493,11.929937653896399,0.2,0.5886674388375255,4.483389349847825,1.1579444853877,0.020742496548174772,0.593765870687925,1777047478.4746058,4.483389349847825,1.1579444853877,0.5886674388375255,1777047478.502194,1777047478.4746058,1.0157063379079663
1777047478.7168884,95.81776142120361,-1.4572743560465493,11.929937653896399,0.2,0.5920385178556495,4.486350779296253,1.1597281390282064,0.018664599751990505,0.5949608823997858,1777047478.6311784,4.487500819768626,1.160424476580279,0.5933494930293683,1777047478.717889,1777047478.700819,0.9461939763794854
1777047478.9146082,96.0154812335968,-1.4572743560465493,11.929937653896399,0.2,0.5967205720444753,4.490453865594381,1.1622219762392219,0.02076058735744165,0.6014698680362152,1777047478.8599434,4.491600633171815,1.16292369070812,0.598031547216114,1777047478.923561,1777047478.9136086,1.031598418048471
1777047479.1150088,96.21588182449341,-1.4572743560465493,11.929937653896399,0.2,0.6015899083977709,4.494708640174308,1.1648359160471324,0.031172599885622335,0.6083542959216363,1777047479.0769413,4.494708640174308,1.1648359160471324,0.6015899083977709,1777047479.082448,1777047479.0500991,0.9619473396491176
1777047479.3147938,96.41566681861877,-1.4572743560465493,11.929937653896399,0.2,0.6049609874156631,4.4976467737182455,1.1666576887993767,0.020255759280403598,0.6092411431542638,1777047479.2882469,4.498950636176265,1.1674705427726941,0.6064592447568691,1777047479.312793,1777047479.2882469,1.090284426535146
1777047479.5187612,96.61963415145874,-1.4572743560465493,11.929937653896399,0.2,0.6102048881065878,4.502204951353661,1.1695112163866712,0.022002082344570933,0.6141183625471266,1777047479.4661152,4.502204951353661,1.1695112163866712,0.6102048881065878,1777047479.475623,1777047479.4586058,1.0049530767368557
1777047479.7143536,96.8152265548706,-1.4572743560465493,11.929937653896399,0.2,0.6154487887961757,4.506748102735937,1.1723886073187637,0.026549442146164448,0.6218260102431609,1777047479.706317,4.506748102735937,1.1723886073187637,0.6154487887961757,1777047479.710848,1777047479.6727152,0.9099294914143606
1777047479.9154851,97.01635813713074,-1.4572743560465493,11.929937653896399,0.2,0.6188198678140617,4.509660707139444,1.1742509231558729,0.016954853116723005,0.6213957515178778,1777047479.858243,4.509660707139444,1.1742509231558729,0.6188198678140617,1777047479.869811,1777047479.8843632,1.035912155603244
1777047480.114898,97.21577095985413,-1.4572743560465493,11.929937653896399,0.2,0.6238764863363819,4.514017801112129,1.1770627803388065,0.022015031639192443,0.6289203345442869,1777047480.0873523,4.514017801112129,1.1770627803388065,0.6238764863363819,1777047480.091855,1777047480.103886,1.0588532192864
1777047480.3144364,97.4153094291687,-1.4572743560465493,11.929937653896399,0.2,0.6274348475186137,4.517075354197388,1.1790546845588599,0.020751812136348347,0.6319390645435363,1777047480.304404,4.5183606209281875,1.179896633681697,0.628933104859561,1777047480.331798,1777047480.3249576,0.9404505051541514
1777047480.5151317,97.61600470542908,-1.4572743560465493,11.929937653896399,0.2,0.6323041838771094,4.521247849201638,1.1817980535708217,0.015562831256599888,0.6345735210181134,1777047480.4502218,4.521247849201638,1.1817980535708217,0.6323041838771094,1777047480.484142,1777047480.47781,1.0522149155568268
1777047480.7143786,97.81525158882141,-1.4572743560465493,11.929937653896399,0.2,0.6369862380642042,4.525247220612783,1.1844550386208652,0.01698087602396358,0.64056934402174,1777047480.66123,4.525247220612783,1.1844550386208652,0.6369862380642042,1777047480.699736,1777047480.6811593,1.0848583443275406
1777047480.9166856,98.01755857467651,-1.4572743560465493,11.929937653896399,0.2,0.6407318814144157,4.528437733493475,1.1865940906690824,0.02494104920594744,0.6459914033253266,1777047480.8721082,4.5297116914893385,1.187453055116356,0.6422301387554281,1777047480.928713,1777047480.9001544,0.9604269007053444
1777047481.119782,98.22065496444702,-1.4572743560465493,11.929937653896399,0.2,0.6454139356050695,4.532414570846831,1.1892846865013422,0.02660249067198932,0.6517392373255276,1777047481.1098793,4.532414570846831,1.1892846865013422,0.6454139356050695,1777047481.101837,1777047481.1238503,0.9514670003515473
1777047481.3150766,98.41594958305359,-1.4572743560465493,11.929937653896399,0.2,0.6495341432898707,4.535903733899414,1.19166779063321,0.023316760487497753,0.6529466935547957,1777047481.2562354,4.535903733899414,1.19166779063321,0.6495341432898707,1777047481.255233,1777047481.2682667,0.9834799878744236
1777047481.5144184,98.6152913570404,-1.4572743560465493,11.929937653896399,0.2,0.6544034796456194,4.540014588400375,1.1945026915837038,0.0248975703566558,0.6595763971324646,1777047481.4640033,4.540014588400375,1.1945026915837038,0.6544034796456194,1777047481.472523,1777047481.4640033,0.9205753289125849
1777047481.7147772,98.81565022468567,-1.4572743560465493,11.929937653896399,0.2,0.6592728160033703,4.544111590122223,1.1973575759996353,0.03059586914324557,0.6665916432121427,1777047481.703213,4.544111590122223,1.1973575759996353,0.6592728160033703,1777047481.695679,1777047481.703213,1.0440863248268404
1777047481.9141824,99.01505541801453,-1.4572743560465493,11.929937653896399,0.2,0.6626438950180499,4.546939809905582,1.1993457051633938,0.021947983910073843,0.6662151916991953,1777047481.8659294,4.548194641923495,1.2002323761879086,0.6641421523579131,1777047481.927222,1777047481.9302568,0.999030271174515
1777047482.1152346,99.21610760688782,-1.4572743560465493,11.929937653896399,0.2,0.6677005135417549,4.55116953292767,1.2023457471545322,0.0267510674570348,0.6739156167988517,1777047482.0982604,4.55116953292767,1.2023457471545322,0.6677005135417549,1777047482.08574,1777047482.078842,1.0376951971717139
1777047482.3151073,99.4159803390503,-1.4572743560465493,11.929937653896399,0.2,0.6714461568939232,4.5542928518467,1.2045817693071197,0.019693099289185136,0.6751539850979029,1777047482.286541,4.5542928518467,1.2045817693071197,0.6714461568939232,1777047482.263016,1777047482.3186257,1.0770921940987928
1777047482.5166442,99.6175172328949,-1.4572743560465493,11.929937653896399,0.2,0.6768773397514042,4.558806737038074,1.207844745198088,0.017600285548701175,0.6807857214902174,1777047482.5086045,4.558806737038074,1.207844745198088,0.6768773397514042,1777047482.496963,1777047482.4589698,1.0994367109293344
1777047482.7200274,99.82090044021606,-1.4572743560465493,11.929937653896399,0.2,0.6804357009351776,4.561754473339214,1.2099958295841948,0.02196885403187343,0.6836757568114656,1777047482.7301958,4.562993332098463,1.2109046848402953,0.6819339582761357,1777047482.715018,1777047482.7427945,0.9509037340426657
1777047482.9151657,100.01603865623474,-1.4572743560465493,11.929937653896399,0.2,0.6854923194600815,4.565930153541088,1.2130706472481467,0.03398305621596866,0.6925050907034557,1777047482.8624494,4.565930153541088,1.2130706472481467,0.6854923194600815,1777047482.873506,1777047482.8810225,1.0736370425331783
1777047483.114975,100.21584796905518,-1.4572743560465493,11.929937653896399,0.2,0.6901743736476097,4.569782615634424,1.2159364939175408,0.02077651143580883,0.6949317805740242,1777047483.0914295,4.569782615634424,1.2159364939175408,0.6901743736476097,1777047483.097435,1777047483.0914295,1.0069324511958955
1777047483.3148527,100.41572570800781,-1.4572743560465493,11.929937653896399,0.2,0.6944818635020686,4.573314994667769,1.2185889772101892,0.019580197037644343,0.6978067638661136,1777047483.2612388,4.573314994667769,1.2185889772101892,0.6944818635020686,1777047483.288296,1777047483.2772472,1.0849324679785102
1777047483.5144682,100.61534118652344,-1.4572743560465493,11.929937653896399,0.2,0.6995384820262878,4.577447074968809,1.2217221419380162,0.053190570446750386,0.711325566126195,1777047483.4828398,4.577447074968809,1.2217221419380162,0.6995384820262878,1777047483.507455,1777047483.5054572,0.9287100073960346
1777047483.71697,100.81784296035767,-1.4572743560465493,11.929937653896399,0.2,0.7027222788738907,4.5800406066917345,1.223705579252378,0.02201256394726615,0.7075103467877066,1777047483.700355,4.5800406066917345,1.223705579252378,0.7027222788738907,1777047483.660802,1777047483.7295074,1.0500097276979494
1777047483.9141204,101.01499342918396,-1.4572743560465493,11.929937653896399,0.2,0.707966179566232,4.584298499070539,1.2269903860503217,0.015473925315851077,0.7106024590424457,1777047483.8707242,4.584298499070539,1.2269903860503217,0.707966179566232,1777047483.891947,1777047483.893946,0.9592411901265125
1777047484.1164932,101.2173662185669,-1.4572743560465493,11.929937653896399,0.2,0.7117118229175583,4.5873292757392665,1.2293503243844195,0.024921267269755982,0.7168812088344508,1777047484.078153,4.588387956398658,1.230178982543606,0.7130227980901642,1777047484.113149,1777047484.118491,1.021894639214914
1777047484.3152668,101.41613984107971,-1.4572743560465493,11.929937653896399,0.2,0.7162065949380132,4.590954507845227,1.2321972104926926,0.021968239632002756,0.7209418268501545,1777047484.293702,4.590954507845227,1.2321972104926926,0.7162065949380132,1777047484.271113,1777047484.2645154,0.9487880352506721
1777047484.5147572,101.61563014984131,-1.4572743560465493,11.929937653896399,0.2,0.7210759312953332,4.594867359009844,1.2352996907845823,0.02483224305853173,0.7264527287355544,1777047484.5102267,4.594867359009844,1.2352996907845823,0.7210759312953332,1777047484.492615,1777047484.4840877,1.0091833878660514
1777047484.7153277,101.81620073318481,-1.4572743560465493,11.929937653896399,0.2,0.7250088568141155,4.598016680731259,1.2378194260509825,0.016945343523599134,0.7275076936576359,1777047484.6576912,4.599064249425216,1.2386620878546575,0.7263198319867508,1777047484.723189,1777047484.7042994,0.9050411123672245
1777047484.9150972,102.01597023010254,-1.4572743560465493,11.929937653896399,0.2,0.7293163466672611,4.601454537586298,1.2405933239420492,0.021698802367520826,0.7338358527026553,1777047484.865975,4.601454537586298,1.2405933239420492,0.7293163466672611,1777047484.862973,1777047484.9191215,1.023698723415959
1777047485.1152005,102.216073513031,-1.4572743560465493,11.929937653896399,0.2,0.7341856830246059,4.605326380923531,1.2437468326824757,0.01967879211076572,0.7381474677423248,1777047485.0672975,4.605326380923531,1.2437468326824757,0.7341856830246059,1777047485.083073,1777047485.134801,0.988027464779854
1777047485.314802,102.41567492485046,-1.4572743560465493,11.929937653896399,0.2,0.7388677372134573,4.6090347841246455,1.2467967977711802,0.016271067886984722,0.7425047439498532,1777047485.2908235,4.6090347841246455,1.2467967977711802,0.7388677372134573,1777047485.28971,1777047485.2807126,1.0828796198985629
1777047485.5170438,102.61791682243347,-1.4572743560465493,11.929937653896399,0.2,0.74223881622913,4.611695971738509,1.2490035069120633,0.023357667098580073,0.7456905106676766,1777047485.438599,4.611695971738509,1.2490035069120633,0.74223881622913,1777047485.436597,1777047485.5225606,0.9765347810096167
1777047485.7147644,102.8156373500824,-1.4572743560465493,11.929937653896399,0.2,0.7450480487428885,4.6139079352610946,1.250849275577075,0.0047756520067935805,0.7460816064269045,1777047485.6550214,4.6139079352610946,1.250849275577075,0.7450480487428885,1777047485.6942,1777047485.697708,1.0603246231072958
1777047485.9145033,103.015376329422,-1.4572743560465493,11.929937653896399,0.2,0.7471081525864633,4.615526741807115,1.2522067847473515,0.0053229497781883345,0.7481328413333699,1777047485.8475254,4.615526741807115,1.2522067847473515,0.7471081525864633,1777047485.872699,1777047485.9105017,0.9670421221237664
1777047486.1225467,103.22341966629028,-1.4572743560465493,11.929937653896399,0.2,0.7514156424403176,4.618902462997627,1.2550559733541087,0.04147185177239532,0.7603810408163477,1777047486.0637057,4.618902462997627,1.2550559733541087,0.7514156424403176,1777047486.04095,1777047486.0561898,0.9206984877914349
1777047486.3149002,103.41577315330505,-1.4572743560465493,11.929937653896399,0.2,0.7577832361373504,4.623870103115383,1.2592943887611687,0.020774862994411943,0.7629703989170361,1777047486.3133903,4.625035030237448,1.260296253874902,0.7592814934781327,1777047486.317904,1777047486.3379295,0.9138251448784273
1777047486.5147126,103.61558556556702,-1.4572743560465493,11.929937653896399,0.2,0.76302713682961,4.627940769510447,1.2628085427609017,0.023380609712262884,0.7665163200597778,1777047486.4626243,4.627940769510447,1.2628085427609017,0.76302713682961,1777047486.481669,1777047486.4836707,1.0173986903488745
1777047486.714898,103.81577110290527,-1.4572743560465493,11.929937653896399,0.2,0.7680837553533948,4.631848550873451,1.2662173627441995,0.021989148294835923,0.7729917350730403,1777047486.6858244,4.631848550873451,1.2662173627441995,0.7680837553533948,1777047486.701855,1777047486.6973321,0.9347210714649591
1777047486.9143884,104.01526141166687,-1.4572743560465493,11.929937653896399,0.2,0.7714548343699762,4.634444140715353,1.2685008684102557,0.024898359525871185,0.7759493926879756,1777047486.8663406,4.634444140715353,1.2685008684102557,0.7714548343699762,1777047486.872848,1777047486.8829362,1.010149071278064
1777047487.114909,104.21578192710876,-1.4572743560465493,11.929937653896399,0.2,0.7755750420567484,4.637606051421559,1.2713036821518002,0.02198360977521535,0.7805656254292502,1777047487.0933545,4.637606051421559,1.2713036821518002,0.7755750420567484,1777047487.058956,1777047487.0767696,1.0471669195943554
1777047487.3151493,104.41602230072021,-1.4572743560465493,11.929937653896399,0.2,0.78081894274822,4.641613553699365,1.2748897006583308,0.018681467479662588,0.7849154461993145,1777047487.3126361,4.641613553699365,1.2748897006583308,0.78081894274822,1777047487.293097,1777047487.305127,1.0506959835953982
1777047487.5184953,104.61936831474304,-1.4572743560465493,11.929937653896399,0.2,0.7845645860999843,4.644464514952135,1.2774639842690643,0.024917314660681512,0.7882655015394658,1777047487.461164,4.645602196237428,1.2784966847093129,0.7860628434407202,1777047487.526006,1777047487.5305164,1.0105449658724381
1777047487.7179375,104.81881046295166,-1.4572743560465493,11.929937653896399,0.2,0.7892466402894067,4.648014624198168,1.280696826006395,0.02675471200622943,0.7950599782798998,1777047487.6784468,4.648014624198168,1.280696826006395,0.7892466402894067,1777047487.670443,1777047487.6583593,0.9414471317550038
1777047487.9144568,105.01532983779907,-1.4572743560465493,11.929937653896399,0.2,0.7943032588135228,4.651831695078403,1.2842069226945796,0.028492812383330127,0.8007045400684996,1777047487.9031098,4.651831695078403,1.2842069226945796,0.7943032588135228,1777047487.907106,1777047487.89608,0.9867694019651714
1777047488.1153264,105.21619939804077,-1.4572743560465493,11.929937653896399,0.2,0.7978616199977673,4.654507118753069,1.2866885394108134,0.020793010341218013,0.8011674095299223,1777047488.0620954,4.655490572720617,1.2876052167691903,0.7991725951708961,1777047488.127364,1777047488.1208484,0.9709902697999244
1777047488.31478,105.41565299034119,-1.4572743560465493,11.929937653896399,0.2,0.803292802857384,4.65857359111888,1.2904945837831967,0.019969959184195925,0.8080264447489873,1777047488.2991335,4.65857359111888,1.2904945837831967,0.803292802857384,1777047488.302647,1777047488.2902508,1.094645509874661
1777047488.5146396,105.61551260948181,-1.4572743560465493,11.929937653896399,0.2,0.8066638818735417,4.6610871888265795,1.2928680435614988,0.03711402525831812,0.8130881690201024,1777047488.4722295,4.6610871888265795,1.2928680435614988,0.8066638818735417,1777047488.468831,1777047488.510017,1.019568573617149
1777047488.7149115,105.8157844543457,-1.4572743560465493,11.929937653896399,0.2,0.811720500398499,4.664842547633998,1.2964440873387997,0.031223401886007727,0.8184659041199643,1777047488.6882663,4.664842547633998,1.2964440873387997,0.811720500398499,1777047488.687268,1777047488.672233,0.9380722812149578
1777047488.917418,106.01829099655151,-1.4572743560465493,11.929937653896399,0.2,0.8156534259175459,4.667750852410585,1.2992385562433528,0.02662954588557524,0.821528415071394,1777047488.9088855,4.6688558836580025,1.3003061211587108,0.817151683258044,1777047488.920931,1777047488.9033666,1.0111412683259307
1777047489.1141374,106.21501040458679,-1.4572743560465493,11.929937653896399,0.2,0.8208973266095726,4.6716114531800015,1.3029822662938098,0.0177872004131257,0.8240634647713356,1777047489.0868864,4.6716114531800015,1.3029822662938098,0.8208973266095726,1777047489.094031,1777047489.1121368,1.0726387370036181
1777047489.315633,106.41650605201721,-1.4572743560465493,11.929937653896399,0.2,0.824830252129046,4.67449399150104,1.3058033061662002,0.023386874616703305,0.8300746267699556,1777047489.3111308,4.67449399150104,1.3058033061662002,0.824830252129046,1777047489.273721,1777047489.266204,0.9326502801493084
1777047489.5148988,106.6157717704773,-1.4572743560465493,11.929937653896399,0.2,0.8287631776481295,4.67736541261718,1.3086356610003356,0.014942899569225577,0.8311943259135964,1777047489.4738266,4.67736541261718,1.3086356610003356,0.8287631776481295,1777047489.451755,1777047489.517909,0.9822035240512818
1777047489.7145636,106.8154366016388,-1.4572743560465493,11.929937653896399,0.2,0.834194360507885,4.68131234960137,1.3125655286461233,0.02305262933735977,0.8397208800219524,1777047489.7135615,4.68131234960137,1.3125655286461233,0.834194360507885,1777047489.701922,1777047489.703923,1.0977317304658791
1777047489.914801,107.01567387580872,-1.4572743560465493,11.929937653896399,0.2,0.8379400038597797,4.6840219124804365,1.3152882451535943,0.024812633288173812,0.8418952733283988,1777047489.872967,4.6840219124804365,1.3152882451535943,0.8379400038597797,1777047489.856915,1777047489.8644297,0.9148159453626661
1777047490.1150227,107.215895652771,-1.4572743560465493,11.929937653896399,0.2,0.8414983650437664,4.686586534018502,1.3178842092774088,0.024746970719821616,0.8474389775837634,1777047490.1130211,4.686586534018502,1.3178842092774088,0.8414983650437664,1777047490.030093,1777047490.0863836,0.9029404638986541
1777047490.3151386,107.41601157188416,-1.4572743560465493,11.929937653896399,0.2,0.8467422657360046,4.690349100305044,1.3217264349584383,0.01966647500542809,0.8497475063729861,1777047490.2658315,4.690349100305044,1.3217264349584383,0.8467422657360046,1777047490.263836,1777047490.2598255,0.999425401285008
1777047490.5150907,107.61596369743347,-1.4572743560465493,11.929937653896399,0.2,0.8521734485962149,4.694224747756001,1.325726625967397,0.01781422711485556,0.8563447378712319,1777047490.4999864,4.694224747756001,1.325726625967397,0.8521734485962149,1777047490.506515,1777047490.4979863,0.9082990985106142
1777047490.7141964,107.81506943702698,-1.4572743560465493,11.929937653896399,0.2,0.8564809384504946,4.697283053841029,1.3289141223476704,0.019643360539235263,0.8602134028773726,1777047490.689998,4.697283053841029,1.3289141223476704,0.8564809384504946,1777047490.687005,1777047490.689002,0.9769923135386397
1777047490.9139915,108.01486444473267,-1.4572743560465493,11.929937653896399,0.2,0.860039299634682,4.699799105732436,1.3315571880385921,0.01926990346084743,0.8631530103915156,1777047490.9175146,4.699799105732436,1.3315571880385921,0.860039299634682,1777047490.8583,1777047490.874875,1.0210114500618368
1777047491.11427,108.21514296531677,-1.4572743560465493,11.929937653896399,0.2,0.8652832003273281,4.703489790941269,1.33546851082445,0.024901516710517713,0.8712129889340349,1777047491.0897117,4.703489790941269,1.33546851082445,0.8652832003273281,1777047491.09772,1777047491.099717,0.9773287791743989
1777047491.3165429,108.41741585731506,-1.4572743560465493,11.929937653896399,0.2,0.869216125846527,4.706244317063943,1.3384146742573582,0.01792847821734274,0.8720773574374497,1777047491.249303,4.706244317063943,1.3384146742573582,0.869216125846527,1777047491.265864,1777047491.259854,1.033275470270199
1777047491.5147622,108.61563515663147,-1.4572743560465493,11.929937653896399,0.2,0.8723999226955561,4.708465671284536,1.3408075837463618,0.020735378525898455,0.8774879534873066,1777047491.4946823,4.708465671284536,1.3408075837463618,0.8723999226955561,1777047491.40821,1777047491.5052304,1.0745790513130113
1777047491.7144008,108.81527376174927,-1.4572743560465493,11.929937653896399,0.2,0.8782056698910444,4.7124967181074044,1.3451892831311374,0.02329118023637276,0.8818016418835675,1777047491.7219908,4.7124967181074044,1.3451892831311374,0.8782056698910444,1777047491.673141,1777047491.7259994,0.994588284570834
1777047491.9148886,109.01576161384583,-1.4572743560465493,11.929937653896399,0.2,0.8828877240806694,4.7157289892976015,1.3487399118523256,0.019332980843216555,0.8870869128397209,1777047491.8662777,4.7157289892976015,1.3487399118523256,0.8828877240806694,1777047491.891234,1777047491.8751543,1.073491910863729
1777047492.115233,109.21610593795776,-1.4572743560465493,11.929937653896399,0.2,0.8877570604382106,4.719072877829571,1.3524485770714918,0.012433415820385837,0.8906776371780307,1777047492.101175,4.719072877829571,1.3524485770714918,0.8877570604382106,1777047492.111885,1777047492.1139646,1.061958784009125
1777047492.3144133,109.41528630256653,-1.4572743560465493,11.929937653896399,0.2,0.8915027037901213,4.721632788493989,1.3553124509455097,0.018675693508460527,0.8942492699568685,1777047492.3229373,4.721632788493989,1.3553124509455097,0.8915027037901213,1777047492.27314,1777047492.2756536,1.0727689512216394
1777047492.5145223,109.6153953075409,-1.4572743560465493,11.929937653896399,0.2,0.895810193644655,4.724563400060543,1.3586177323451838,0.02453211569817717,0.9013449373436251,1777047492.4738536,4.724563400060543,1.3586177323451838,0.895810193644655,1777047492.488884,1777047492.5135207,0.9064357585239642
1777047492.7149975,109.81587052345276,-1.4572743560465493,11.929937653896399,0.2,0.8980575796558163,4.7260867555219725,1.3603472299416666,0.004454971216037585,0.8990435471287296,1777047492.695172,4.7260867555219725,1.3603472299416666,0.8980575796558163,1777047492.606439,1777047492.666175,0.9341687984297408
1777047492.928523,110.0293960571289,-1.4572743560465493,11.929937653896399,0.2,0.8995558369966332,4.727100164807903,1.3615021284332918,0.0098326220719722,0.9013129145469296,1777047492.8738708,4.727859085618148,1.3623692980086974,0.9006795300022521,1777047492.93754,1777047492.9310324,1.0103081106537297
1777047493.1148572,110.2157301902771,-1.4572743560465493,11.929937653896399,0.2,0.9019905051754603,4.728743260983283,1.3633820729144137,0.013051946442395995,0.9042594965982135,1777047493.1188629,4.729500068276129,1.364251087638219,0.9031141981810471,1777047493.113348,1777047493.102741,1.0848629497176392
1777047493.3157125,110.41658544540405,-1.4572743560465493,11.929937653896399,0.2,0.9091072275440117,4.73351985041739,1.3689001593794186,0.04662106621605196,0.9207811567343469,1777047493.2981143,4.73351985041739,1.3689001593794186,0.9091072275440117,1777047493.300649,1777047493.2981143,0.9469452721115046
1777047493.5147562,110.61562919616699,-1.4572743560465493,11.929937653896399,0.2,0.9139765639016808,4.73676536139633,1.3726952149400036,0.01961883025837902,0.9173468056472143,1777047493.4699004,4.73676536139633,1.3726952149400036,0.9139765639016808,1777047493.486748,1777047493.481759,0.9942780884029361
1777047493.7144687,110.81534171104431,-1.4572743560465493,11.929937653896399,0.2,0.9171603607508773,4.738877418834061,1.375185123327022,0.020094608597133204,0.9218934431151816,1777047493.7054403,4.739744783506743,1.3762123319769557,0.91847133592404,1777047493.712952,1777047493.6973896,1.0518289697374763
1777047493.9142716,111.01514458656311,-1.4572743560465493,11.929937653896399,0.2,0.9227788257787637,4.742585201296815,1.3795954364777696,0.01284870362307538,0.9251277686209888,1777047493.8882558,4.742585201296815,1.3795954364777696,0.9227788257787637,1777047493.879727,1777047493.863936,0.9815732615186528
1777047494.1151848,111.21605777740479,-1.4572743560465493,11.929937653896399,0.2,0.9263371869632655,4.744920624340452,1.3823993823714456,0.023548830671568557,0.9316456429328338,1777047494.1136792,4.744920624340452,1.3823993823714456,0.9263371869632655,1777047494.042965,1777047494.0916066,1.050680285078991
1777047494.314862,111.4157350063324,-1.4572743560465493,11.929937653896399,0.2,0.9313938054885034,4.748222187462058,1.3863981934230412,0.021447599854790715,0.9346942414159605,1777047494.2675629,4.748222187462058,1.3863981934230412,0.9313938054885034,1777047494.27419,1777047494.2927756,1.012621539871876
1777047494.5145097,111.6153826713562,-1.4572743560465493,11.929937653896399,0.2,0.9351394488404879,4.750654730788568,1.3893710118064904,0.023322298765334686,0.9400524571243651,1777047494.47822,4.751745738930347,1.390711748375038,0.9368249883489348,1777047494.518513,1777047494.460164,1.0612315690674128
1777047494.715597,111.81646990776062,-1.4572743560465493,11.929937653896399,0.2,0.9409451960363038,4.754403121182652,1.3939968303763648,0.016141009014820153,0.9446695620468414,1777047494.7089593,4.754403121182652,1.3939968303763648,0.9409451960363038,1777047494.696351,1777047494.6988761,0.904366613286268
1777047494.9142437,112.01511669158936,-1.4572743560465493,11.929937653896399,0.2,0.9448781215559467,4.756927066615226,1.397142778975482,0.01625154328533384,0.9476372390900112,1777047494.878735,4.756927066615226,1.397142778975482,0.9448781215559467,1777047494.876736,1777047494.864213,0.9653573894136697
1777047495.1147003,112.21557331085205,-1.4572743560465493,11.929937653896399,0.2,0.9497474579136603,4.760034777825642,1.4010514768731013,0.015388742182905544,0.9531915969718124,1777047495.102544,4.760034777825642,1.4010514768731013,0.9497474579136603,1777047495.108058,1777047495.0745673,1.092877860117195
1777047495.3142614,112.41513442993164,-1.4572743560465493,11.929937653896399,0.2,0.9533058190982482,4.762293742216309,1.4039173786943617,0.018637143986283196,0.956197370807542,1777047495.257694,4.762293742216309,1.4039173786943617,0.9533058190982482,1777047495.263216,1777047495.2962592,1.0625874923354672
1777047495.514965,112.61583805084229,-1.4572743560465493,11.929937653896399,0.2,0.9581751554559812,4.765368402129299,1.407852128323166,0.02198422503450189,0.9627780218542855,1777047495.4670653,4.765368402129299,1.407852128323166,0.9581751554559812,1777047495.474284,1777047495.5114326,1.0314068444325393
1777047495.719807,112.8206799030304,-1.4572743560465493,11.929937653896399,0.2,0.9613589523052859,4.767368382317668,1.4104329246425873,0.02231649605766823,0.9656033869323657,1777047495.7277002,4.768658104553116,1.4121062394183113,0.9634190561490064,1777047495.716807,1777047495.711291,0.9063949501138551
1777047495.9144466,113.01531958580017,-1.4572743560465493,11.929937653896399,0.2,0.9666028529984061,4.770644523865731,1.414697487903264,0.019682736844668224,0.9708660528662599,1777047495.873854,4.770644523865731,1.414697487903264,0.9666028529984061,1777047495.871843,1777047495.8663282,0.9344358373463745
1777047496.1148868,113.21575975418091,-1.4572743560465493,11.929937653896399,0.2,0.9714721893562022,4.77366659300823,1.4186727723358479,0.02314705164788685,0.9761290286647234,1777047496.075039,4.77366659300823,1.4186727723358479,0.9714721893562022,1777047496.083096,1777047496.0679512,0.9949310564646099
1777047496.322929,113.4238018989563,-1.4572743560465493,11.929937653896399,0.2,0.9750305505407911,4.775862768294842,1.4215870694171002,0.023313992364846266,0.9793147392102887,1777047496.2587993,4.775862768294842,1.4215870694171002,0.9750305505407911,1777047496.256794,1777047496.2487617,1.0480977514999694
1777047496.515785,113.61665797233582,-1.4572743560465493,11.929937653896399,0.2,0.9800871690663592,4.778965779491256,1.4257418414190162,0.007943435010453795,0.9815496153614721,1777047496.520814,4.778965779491256,1.4257418414190162,0.9800871690663592,1777047496.509776,1777047496.4888906,0.9116907924867999
1777047496.7291245,113.82999753952026,-1.4572743560465493,11.929937653896399,0.2,0.984207376753778,4.7814785998481435,1.4291387779865823,0.0190502581543772,0.9888180135505434,1777047496.6849318,4.7814785998481435,1.4291387779865823,0.984207376753778,1777047496.674097,1777047496.6849318,0.9280432241496869
1777047496.9150147,114.01588773727417,-1.4572743560465493,11.929937653896399,0.2,0.9875784557707972,4.783524119546353,1.431925771693458,0.02791068592794968,0.9922976017321457,1777047496.9328673,4.784769530033565,1.4336323233339334,0.9896385596145718,1777047496.913506,1777047496.925345,1.0764586811100734
1777047497.115068,114.21594095230103,-1.4572743560465493,11.929937653896399,0.2,0.9928223564640392,4.786687333126581,1.4362747581378046,0.016971703931217927,0.9964999034633962,1777047497.070699,4.786687333126581,1.4362747581378046,0.9928223564640392,1777047497.066185,1777047497.070699,1.0263383974844948
1777047497.3153436,114.41621661186218,-1.4572743560465493,11.929937653896399,0.2,0.9982535393248115,4.789939429866646,1.4407964876815664,0.01527473155113688,1.0016533556261926,1777047497.2932768,4.789939429866646,1.4407964876815664,0.9982535393248115,1777047497.30179,1777047497.3047893,0.9490519651588164
1777047497.5146408,114.6155138015747,5.954764944144428,3.5684246870703835,0.2,1.0023737470123786,4.792390128984926,1.4442385100554096,0.03591926218699491,1.0086220467063984,1777047497.4672308,4.792390128984926,1.4442385100554096,1.0023737470123786,1777047497.485783,1777047497.47675,1.0955618168795536
1777047497.714764,114.81563711166382,5.954764944144428,3.5684246870703835,0.2,1.0058445480645295,4.794453925823828,1.4471542651743137,0.021812270733666716,1.0104663237202876,1777047497.6791196,4.794453925823828,1.4471542651743137,1.0058445480645295,1777047497.661602,1777047497.6552515,1.023948132809872
1777047497.9145458,115.01541876792908,5.954764944144428,3.5684246870703835,0.2,1.0106874152676468,4.797345635931305,1.4512403482551508,0.015374106447055343,1.0128597832706796,1777047497.82042,4.797345635931305,1.4512403482551508,1.0106874152676468,1777047497.907003,1777047497.8949754,1.0091429664320726
1777047498.1154199,115.21629285812378,5.954764944144428,3.5684246870703835,0.2,1.0139522069044151,4.799270496990517,1.4539601854556585,0.015396409156767387,1.0178294347865442,1777047498.0722468,4.799270496990517,1.4539601854556585,1.0139522069044151,1777047498.068214,1777047498.0628736,0.9877236913194972
1777047498.3151512,115.41602420806885,5.954764944144428,3.5684246870703835,0.2,1.0179488478066734,4.801566221437325,1.45720352778684,0.022336492748778105,1.0229819322722602,1777047498.297577,4.801566221437325,1.45720352778684,1.0179488478066734,1777047498.303094,1777047498.2965896,1.0951134433395011
1777047498.5149324,115.61580538749695,5.954764944144428,3.5684246870703835,0.2,1.0205223198842557,4.802999801235872,1.4592287554427925,0.0166319234553632,1.023177635674329,1777047498.4572287,4.802999801235872,1.4592287554427925,1.0205223198842557,1777047498.46725,1777047498.5138714,1.078411165893301
1777047498.7148128,115.81568574905396,5.954764944144428,3.5684246870703835,0.2,1.0234574404947754,4.804585562269015,1.461468819301994,0.019423820058249764,1.0274568365652046,1777047498.6631303,4.804950264316988,1.4619839460518271,1.0241475833306364,1777047498.713291,1777047498.6586084,1.0137468079147096
1777047498.9157162,116.01658916473389,5.954764944144428,3.5684246870703835,0.2,1.027016658246355,4.806432352944501,1.4640771433979167,0.017982765369683126,1.031018052318127,1777047498.885643,4.806432352944501,1.4640771433979167,1.027016658246355,1777047498.870103,1777047498.8781087,0.960360725180332
1777047499.1147912,116.21566414833069,5.954764944144428,3.5684246870703835,0.2,1.030649817251545,4.808230709508739,1.4666168003120525,0.020156988946408327,1.0351875263250965,1777047499.1107614,4.808230709508739,1.4666168003120525,1.030649817251545,1777047499.105248,1777047499.1127641,1.0128236612903125
1777047499.3150685,116.4159414768219,5.954764944144428,3.5684246870703835,0.2,1.0331785712489658,4.809430689490509,1.4683111587421656,0.011759590547427926,1.034955259398602,1777047499.2618456,4.809430689490509,1.4683111587421656,1.0331785712489658,1777047499.266893,1777047499.2809227,1.0918639672361021
1777047499.5146203,116.6154932975769,5.954764944144428,3.5684246870703835,0.2,1.036743213141957,4.811052167091502,1.470600236625588,0.015457853640764293,1.0401647862309955,1777047499.483194,4.811052167091502,1.470600236625588,1.036743213141957,1777047499.493734,1777047499.5060737,0.9858956019594922
1777047499.7175322,116.81840515136719,5.954764944144428,3.5684246870703835,0.2,1.039367265997635,4.812195932430876,1.472214704370776,0.018654769972671015,1.043425367317755,1777047499.700731,4.812195932430876,1.472214704370776,1.039367265997635,1777047499.660132,1777047499.6541088,1.0916164344081682
1777047499.914712,117.01558494567871,5.954764944144428,3.5684246870703835,0.2,1.0428936055897768,4.813669367014706,1.4742940490739544,0.01735208076612567,1.0454812735885677,1777047499.8498583,4.813669367014706,1.4742940490739544,1.0428936055897768,1777047499.897334,1777047499.898335,0.9119640068118292
1777047500.1148818,117.21575474739075,5.954764944144428,3.5684246870703835,0.2,1.0453667264413413,4.814661603075957,1.4756940170884867,0.011046615253931009,1.0478312362536277,1777047500.0729592,4.814661603075957,1.4756940170884867,1.0453667264413413,1777047500.060045,1777047500.1107626,1.0620329321398765
1777047500.3173008,117.41817378997803,5.954764944144428,3.5684246870703835,0.2,1.0490021202774011,4.816062703517388,1.4776704715539555,0.012299911634624846,1.0516244977637073,1777047500.2861621,4.816062703517388,1.4776704715539555,1.0490021202774011,1777047500.292675,1777047500.2568731,0.9175150613739024
1777047500.516349,117.61722207069397,5.954764944144428,3.5684246870703835,0.2,1.0523706239184758,4.817303449970342,1.479420173073063,0.016166728273179613,1.0558806850479092,1777047500.5032785,4.817303449970342,1.479420173073063,1.0523706239184758,1777047500.506793,1777047500.4586065,1.032066663057565
1777047500.7168024,117.81767535209656,5.954764944144428,3.5684246870703835,0.2,1.054311640671476,4.817994947023822,1.480395110904112,0.015211733618936305,1.0574049767382616,1777047500.7066305,4.817994947023822,1.480395110904112,1.054311640671476,1777047500.647547,1777047500.6673546,0.9787764968169297
1777047500.9210153,118.021888256073,5.954764944144428,3.5684246870703835,0.2,1.0576730019115521,4.819154326839448,1.4820293329173218,0.011190374127416653,1.0593672122133742,1777047500.8580294,4.819154326839448,1.4820293329173218,1.0576730019115521,1777047500.862544,1777047500.8752677,0.9195254481442073
1777047501.115535,118.21640801429749,5.954764944144428,3.5684246870703835,0.2,1.0612896663661555,4.820350904559927,1.483715361216303,0.012292771956104799,1.06416523087957,1777047501.0919526,4.820350904559927,1.483715361216303,1.0612896663661555,1777047501.094959,1777047501.0969782,1.0189746360714018
1777047501.3156886,118.41656160354614,5.954764944144428,3.5684246870703835,0.2,1.063742419056293,4.821134452105018,1.4848190744198113,0.021169776782403362,1.0670578483369837,1777047501.316681,4.821134452105018,1.4848190744198113,1.063742419056293,1777047501.257603,1777047501.2540874,1.0582022941783866
1777047501.5153823,118.61625528335571,5.954764944144428,3.5684246870703835,0.2,1.0669684429587045,4.82213271988542,1.486224786416052,0.01355374596719273,1.070040321921842,1777047501.4752083,4.82213271988542,1.486224786416052,1.0669684429587045,1777047501.481732,1777047501.4752083,1.0110097921247978
1777047501.7155511,118.81642413139343,5.954764944144428,3.5684246870703835,0.2,1.0703223550613892,4.82313393367233,1.487634066303585,0.012255913765858746,1.0728363125315616,1777047501.6803303,4.82313393367233,1.487634066303585,1.0703223550613892,1777047501.699897,1777047501.694916,0.9876540001791237
1777047501.915491,119.01636409759521,5.954764944144428,3.5684246870703835,0.2,1.0730306516379722,4.823916886281044,1.4887357138527892,0.013235993200914667,1.0753113881582792,1777047501.8526435,4.823916886281044,1.4887357138527892,1.0730306516379722,1777047501.863681,1777047501.8526435,1.033845073621739
1777047502.1154609,119.21633386611938,5.954764944144428,3.5684246870703835,0.2,1.0762542706449763,4.824820758230309,1.490006969947181,0.01592621227412197,1.0794718044392986,1777047502.054671,4.824820758230309,1.490006969947181,1.0762542706449763,1777047502.081898,1777047502.0687473,1.0866325416998304
1777047502.3151832,119.41605615615845,5.954764944144428,3.5684246870703835,0.2,1.07947745115235,4.825695774947649,1.4912370641257027,0.017164720161040314,1.0832045568662385,1777047502.2718086,4.825695774947649,1.4912370641257027,1.07947745115235,1777047502.298877,1777047502.2913642,0.9082866717741908
1777047502.515079,119.6159520149231,5.954764944144428,3.5684246870703835,0.2,1.081797937724616,4.826308914218133,1.4920986533534317,0.016071835402340612,1.0853906598890253,1777047502.4953501,4.826308914218133,1.4920986533534317,1.081797937724616,1777047502.444677,1777047502.5130413,0.9928774092638855
1777047502.7146,119.8154730796814,5.954764944144428,3.5684246870703835,0.2,1.0852784298208533,4.827203523986683,1.4933551652401547,0.016040517049849597,1.0876599680073882,1777047502.6438203,4.827203523986683,1.4933551652401547,1.0852784298208533,1777047502.663888,1777047502.6483328,0.9166590453823176
1777047502.9152622,120.01613521575928,5.954764944144428,3.5684246870703835,0.2,1.088629814387402,4.82803809239911,1.4945266659533296,0.01532894497926199,1.091849467206529,1777047502.8538578,4.82803809239911,1.4945266659533296,1.088629814387402,1777047502.88993,1777047502.8578634,1.0167188682899342
1777047503.114335,120.21520805358887,5.954764944144428,3.5684246870703835,0.2,1.0909499185587057,4.828601216664036,1.4953167329759156,0.017130861430793624,1.0946560755832417,1777047503.0702016,4.828601216664036,1.4953167329759156,1.0909499185587057,1777047503.050309,1777047503.0767307,1.016876903357494
1777047503.3149672,120.41584014892578,5.954764944144428,3.5684246870703835,0.2,1.094558867243114,4.8294545593393305,1.4965132969337658,0.012852767300966851,1.0975362582194401,1777047503.3018553,4.8294545593393305,1.4965132969337658,1.094558867243114,1777047503.286351,1777047503.3059435,0.9674578105006633
1777047503.5144603,120.61533331871033,5.954764944144428,3.5684246870703835,0.2,1.0975232910685264,4.830135927221254,1.4974680950528774,0.01714799827367989,1.1005504456624207,1777047503.4783864,4.830135927221254,1.4974680950528774,1.0975232910685264,1777047503.467871,1777047503.485903,0.9933497054219298
1777047503.7190351,120.81990814208984,5.954764944144428,3.5684246870703835,0.2,1.0998432422353757,4.830657420685628,1.498198457278112,0.018250596908390884,1.1040425029003638,1777047503.7084754,4.830657420685628,1.498198457278112,1.0998432422353757,1777047503.635898,1777047503.6539805,1.0344140753015452
1777047503.914593,121.01546597480774,5.954764944144428,3.5684246870703835,0.2,1.1033231285377338,4.8314211828111535,1.499267438861886,0.012819339371025923,1.1051877059824555,1777047503.9171078,4.8314211828111535,1.499267438861886,1.1033231285377338,1777047503.862429,1777047503.90807,1.0521983898225635
1777047504.115215,121.21608805656433,5.954764944144428,3.5684246870703835,0.2,1.1066740960572388,4.832136682391576,1.5002680901692902,0.012644124332502333,1.109242370505801,1777047504.0570457,4.832136682391576,1.5002680901692902,1.1066740960572388,1777047504.072586,1777047504.0660715,0.9702308031323666
1777047504.3150494,121.41592240333557,5.954764944144428,3.5684246870703835,0.2,1.1100250396086384,4.832833552251785,1.5012418948832291,0.028508126771443126,1.116051094381653,1777047504.268426,4.832833552251785,1.5012418948832291,1.1100250396086384,1777047504.292494,1777047504.2904897,1.038798931251227
1777047504.5144799,121.61535286903381,5.954764944144428,3.5684246870703835,0.2,1.1123449131815608,4.833305563848557,1.5019010095907084,0.012352183614753324,1.1150583416238742,1777047504.488098,4.833305563848557,1.5019010095907084,1.1123449131815608,1777047504.447983,1777047504.516495,1.092325496784785
1777047504.7160838,121.81695675849915,5.954764944144428,3.5684246870703835,0.2,1.115824711675148,4.833998263483484,1.5028675544580732,0.018103994864159114,1.118757018231601,1777047504.650068,4.833998263483484,1.5028675544580732,1.115824711675148,1777047504.672385,1777047504.6583536,0.9297636210123944
1777047504.9142876,122.01516056060791,5.954764944144428,3.5684246870703835,0.2,1.1181445712750093,4.8344502293362295,1.5034976913750604,0.014267842488354388,1.1214547021327625,1777047504.8820674,4.8344502293362295,1.5034976913750604,1.1181445712750093,1777047504.840133,1777047504.8875756,0.9817148950707417
1777047505.1146355,122.21550846099854,5.954764944144428,3.5684246870703835,0.2,1.122139876771933,4.835210992223857,1.5045573969748083,0.01702780594875237,1.1259974629945169,1777047505.1086137,4.835210992223857,1.5045573969748083,1.122139876771933,1777047505.091615,1777047505.1086137,1.0963127625708438
1777047505.3177612,122.41863417625427,5.954764944144428,3.5684246870703835,0.2,1.12471748906672,4.835690438566962,1.505224584164655,0.01557462809568103,1.1271729404893651,1777047505.2662709,4.835690438566962,1.505224584164655,1.12471748906672,1777047505.255995,1777047505.2763138,0.9535543842716977
1777047505.5162623,122.61713528633118,5.954764944144428,3.5684246870703835,0.2,1.128583903175943,4.8363936389247595,1.5062021518091784,0.01828885222629676,1.1327740098307297,1777047505.495378,4.8363936389247595,1.5062021518091784,1.128583903175943,1777047505.498662,1777047505.501173,1.009354485203736
1777047505.733327,122.83419990539551,5.954764944144428,3.5684246870703835,0.2,1.1306459890929113,4.836761128730712,1.5067125304939015,0.01583094217534721,1.1330923000603272,1777047505.7373261,4.836761128730712,1.5067125304939015,1.1306459890929113,1777047505.653646,1777047505.6499052,1.0718503072858185
1777047505.9180229,123.0188958644867,5.954764944144428,3.5684246870703835,0.2,1.133739116404758,4.83730288355534,1.5074642746652949,0.015094887160961279,1.1373771344143049,1777047505.8909152,4.83730288355534,1.5074642746652949,1.133739116404758,1777047505.854094,1777047505.9064894,1.0022114037196161
1777047506.1147316,123.21560454368591,5.954764944144428,3.5684246870703835,0.2,1.1369611225062926,4.837855527962386,1.5082302762703899,0.02340706645899767,1.141873258947875,1777047506.1007721,4.837855527962386,1.5082302762703899,1.1369611225062926,1777047506.065121,1777047506.055607,0.9894340526016151
1777047506.3189785,123.41985154151917,5.954764944144428,3.5684246870703835,0.2,1.1406986481875254,4.838482262315874,1.5090978625115095,0.023356492598140287,1.144383822864691,1777047506.2585516,4.838482262315874,1.5090978625115095,1.1406986481875254,1777047506.294434,1777047506.2911377,1.032675192507069
1777047506.514687,123.61556005477905,5.954764944144428,3.5684246870703835,0.2,1.1432762514628543,4.838905858266997,1.5096835355023677,0.01600576035001783,1.1468702229756218,1777047506.483094,4.838905858266997,1.5096835355023677,1.1432762514628543,1777047506.482083,1777047506.47303,1.0014738082902919
1777047506.7142277,123.81510066986084,5.954764944144428,3.5684246870703835,0.2,1.1467560152880312,4.839466954889223,1.5104583854124467,0.01970338817622702,1.1510534055074029,1777047506.701198,4.839466954889223,1.5104583854124467,1.1467560152880312,1777047506.706192,1777047506.7106974,1.0690577994515265
1777047506.915664,124.01653695106506,5.954764944144428,3.5684246870703835,0.2,1.149204737666671,4.839854630826339,1.5109930943370553,0.012253205284495871,1.1511231280156227,1777047506.8577604,4.839854630826339,1.5109930943370553,1.149204737666671,1777047506.852761,1777047506.8628564,0.9569428530711952
1777047507.114726,124.2155990600586,5.954764944144428,3.5684246870703835,0.2,1.1530711410357242,4.840455129938577,1.5118202232221871,0.014264740601726597,1.1566438118534625,1777047507.108215,4.840455129938577,1.5118202232221871,1.1530711410357242,1777047507.106216,1777047507.1162584,0.9794103517404038
1777047507.3156536,124.41652655601501,5.954764944144428,3.5684246870703835,0.2,1.155262102790083,4.840789294188175,1.5122798827922195,0.013471286707858368,1.157447848529956,1777047507.2704673,4.840789294188175,1.5122798827922195,1.155262102790083,1777047507.266732,1777047507.2765424,1.098110885491282
1777047507.5148225,124.61569547653198,5.954764944144428,3.5684246870703835,0.2,1.1588707454974967,4.841330369370307,1.5130231661671145,0.014120903136561662,1.161918488192809,1777047507.4862993,4.841330369370307,1.5130231661671145,1.1588707454974967,1777047507.504292,1777047507.445432,0.9575819505940851
1777047507.7144082,124.81528115272522,5.954764944144428,3.5684246870703835,0.2,1.1614483473239723,4.841709966940124,1.5135438570202038,0.019779080569476946,1.16577195599336,1777047507.7048943,4.841709966940124,1.5135438570202038,1.1614483473239723,1777047507.667805,1777047507.6783144,0.9376985529221046
1777047507.9151924,125.0160653591156,5.954764944144428,3.5684246870703835,0.2,1.165185869864919,4.842250546005175,1.5142842098900118,0.014916588844884464,1.1673490808126208,1777047507.8499148,4.842250546005175,1.5142842098900118,1.165185869864919,1777047507.906681,1777047507.8372645,0.9226049816115
1777047508.1182063,125.21907925605774,5.954764944144428,3.5684246870703835,0.2,1.1673768313066173,4.842562181909065,1.5147103660630554,0.013191523519311674,1.1703921056950342,1777047508.0784914,4.842562181909065,1.5147103660630554,1.1673768313066173,1777047508.049867,1777047508.0677218,1.0911639432748914
1777047508.3151894,125.4160623550415,5.954764944144428,3.5684246870703835,0.2,1.1711143537054411,4.843085124602574,1.5154243609293634,0.012240438440707567,1.173907379030441,1777047508.3066716,4.843085124602574,1.5154243609293634,1.1711143537054411,1777047508.294139,1777047508.2981377,0.9742355246479002
1777047508.5184314,125.61930441856384,5.954764944144428,3.5684246870703835,0.2,1.1733053150882462,4.8433867321402095,1.515835491998742,0.018330357358536706,1.176208307224056,1777047508.4650424,4.8433867321402095,1.515835491998742,1.1733053150882462,1777047508.451911,1777047508.520947,1.0381594772746476
1777047508.7178593,125.81873226165771,5.954764944144428,3.5684246870703835,0.2,1.1766561971736895,4.843841160317615,1.5164539714383154,0.012934586364019285,1.179303592361328,1777047508.669718,4.843841160317615,1.5164539714383154,1.1766561971736895,1777047508.668719,1777047508.6597595,1.0504215056126978
1777047508.915204,126.01607704162598,5.954764944144428,3.5684246870703835,0.2,1.1801359593107297,4.844304550459346,1.5170833944797666,0.015119775963422436,1.1836961525294118,1777047508.905184,4.844304550459346,1.5170833944797666,1.1801359593107297,1777047508.894664,1777047508.892155,1.0624881249064744
1777047509.1150396,126.21591258049011,5.954764944144428,3.5684246870703835,0.2,1.1834868413544148,4.844742844108038,1.5176775015965016,0.012875127512773078,1.1853708940512984,1777047509.0515168,4.844742844108038,1.5176775015965016,1.1834868413544148,1777047509.104002,1777047509.0872555,1.0179695336326609
1777047509.3181162,126.41898918151855,5.954764944144428,3.5684246870703835,0.2,1.1854200425256511,4.844992262987985,1.518015031971289,0.015962268601540323,1.1885726398963454,1777047509.3218548,4.845157171606568,1.518237968127698,1.186708843303701,1777047509.313595,1777047509.2980232,1.0217855939345564
1777047509.5150795,126.61595249176025,5.954764944144428,3.5684246870703835,0.2,1.1887709245466622,4.845418782162733,1.5185912490870814,0.018254836730625796,1.1925806382702269,1777047509.457716,4.845418782162733,1.5185912490870814,1.1887709245466622,1777047509.463236,1777047509.4662378,0.9275393709406528
1777047509.7144942,126.81536722183228,5.954764944144428,3.5684246870703835,0.2,1.1922506866415516,4.845854120551493,1.5191780526639715,0.014269255983171194,1.195443240383596,1777047509.6814525,4.845854120551493,1.5191780526639715,1.1922506866415516,1777047509.688448,1777047509.6814525,0.9361668611098659
1777047509.9145994,127.01547241210938,5.954764944144428,3.5684246870703835,0.2,1.1956015686496606,4.846266256115229,1.5197322812886587,0.014741265965066393,1.1987873386517016,1777047509.897565,4.846266256115229,1.5197322812886587,1.1956015686496606,1777047509.904168,1777047509.8889108,0.9509311866134117
1777047510.1151285,127.21600151062012,5.954764944144428,3.5684246870703835,0.2,1.1977925299606769,4.846532075652009,1.5200890480602782,0.018319796090065316,1.2017231342706207,1777047510.11212,4.846532075652009,1.5200890480602782,1.1977925299606769,1777047510.051321,1777047510.0899034,0.9058740670940758
1777047510.3199956,127.42086863517761,5.954764944144428,3.5684246870703835,0.2,1.200885651812415,4.846902557740198,1.5205853323450231,0.014248944905092096,1.202995538629998,1777047510.260193,4.846902557740198,1.5205853323450231,1.200885651812415,1777047510.25769,1777047510.3108244,1.0338483553818472
1777047510.5152206,127.61609363555908,5.954764944144428,3.5684246870703835,0.2,1.2044942939664969,4.8473278796106065,1.5211536495887792,0.017158526594009404,1.2082014861768242,1777047510.4762485,4.8473278796106065,1.5211536495887792,1.2044942939664969,1777047510.48177,1777047510.4547055,1.0137393861777777
1777047510.7143264,127.81519937515259,5.954764944144428,3.5684246870703835,0.2,1.2074585357352952,4.847671841775022,1.5216120857383513,0.018361488531303146,1.211215219247932,1777047510.6808443,4.847671841775022,1.5216120857383513,1.2074585357352952,1777047510.683843,1777047510.6547804,1.0863292570691652
1777047510.914456,128.01532888412476,5.954764944144428,3.5684246870703835,0.2,1.210680537659032,4.8480403343350025,1.5221020043074762,0.012830205591246776,1.2134557938573634,1777047510.8971508,4.8480403343350025,1.5221020043074762,1.210680537659032,1777047510.902282,1777047510.8971508,0.9573994592649216
1777047511.1141613,128.2150342464447,5.954764944144428,3.5684246870703835,0.2,1.2131292591176743,4.848316732456712,1.5224686257805962,0.012195150056662357,1.2156037007662106,1777047511.1000545,4.848417782078207,1.5226024720021198,1.2140314196548678,1777047511.115688,1777047511.1081042,1.0537666958603842
1777047511.3147042,128.41557717323303,5.954764944144428,3.5684246870703835,0.2,1.2164801411147055,4.848689973300693,1.5229624900549632,0.0160494706842343,1.2199009905205829,1777047511.3131986,4.848689973300693,1.5229624900549632,1.2164801411147055,1777047511.273773,1777047511.3131986,1.0430048824377385
1777047511.5144916,128.6153645515442,5.954764944144428,3.5684246870703835,0.2,1.219831023113266,4.8490575954490005,1.5234475023471499,0.012622880201101966,1.221758659646166,1777047511.4659083,4.8490575954490005,1.5234475023471499,1.219831023113266,1777047511.499784,1777047511.4659083,0.9398917839656875
1777047511.71457,128.81544303894043,5.954764944144428,3.5684246870703835,0.2,1.222021984417336,4.849294999743325,1.5237599380819622,0.015003531081031484,1.2256474748034187,1777047511.7075508,4.849419752855047,1.5239238676561289,1.2231819051076922,1777047511.715576,1777047511.6959608,0.9735397088040607
1777047511.915177,129.01605010032654,5.954764944144428,3.5684246870703835,0.2,1.2252439863365439,4.849639967111333,1.5242128031107198,0.012650352716254127,1.2275524782143994,1777047511.8900352,4.849639967111333,1.5242128031107198,1.2252439863365439,1777047511.876851,1777047511.9101539,0.9263197453788351
1777047512.1149411,129.21581411361694,5.954764944144428,3.5684246870703835,0.2,1.2287237484111726,4.850007106053126,1.5246932482584123,0.014913295484187405,1.231808041681589,1777047512.0968502,4.850007106053126,1.5246932482584123,1.2287237484111726,1777047512.09485,1777047512.109928,1.0477822589440213
1777047512.3157475,129.41662049293518,5.954764944144428,3.5684246870703835,0.2,1.2309147097148827,4.850235445148236,1.5249912330491369,0.013524875427995941,1.2330684690205962,1777047512.2560945,4.850342157533672,1.5251302708718921,1.2319457503283948,1777047512.314218,1777047512.2651172,0.9060332195877889
1777047512.5162776,129.61715054512024,5.954764944144428,3.5684246870703835,0.2,1.2341367116337736,4.850567368445325,1.5254232262799783,0.013465914900974674,1.2368476590870086,1777047512.4574137,4.850567368445325,1.5254232262799783,1.2341367116337736,1777047512.44634,1777047512.497549,1.0947470183501335
1777047512.7178311,129.81870412826538,5.954764944144428,3.5684246870703835,0.2,1.2377453537847742,4.850933781789226,1.5258984367081312,0.011579423375563223,1.240100530001312,1777047512.660807,4.850933781789226,1.5258984367081312,1.2377453537847742,1777047512.681697,1777047512.660807,1.0542358380792527
1777047512.9146624,130.01553535461426,5.954764944144428,3.5684246870703835,0.2,1.2412251158552934,4.851281906196039,1.5263482332630072,0.01383148818608774,1.2446133902860566,1777047512.905775,4.851281906196039,1.5263482332630072,1.2412251158552934,1777047512.908773,1777047512.905775,1.0166479914714124
1777047513.1156743,130.21654725074768,5.954764944144428,3.5684246870703835,0.2,1.243158317007314,4.851473152260399,1.5265946052411246,0.01604994720405503,1.2453471583741778,1777047513.1186693,4.851473152260399,1.5265946052411246,1.243158317007314,1777047513.052183,1777047513.0623674,1.042971408819845
1777047513.3145566,130.41542959213257,5.954764944144428,3.5684246870703835,0.2,1.2467669591580295,4.851826117770694,1.5270479045558938,0.011766700508153252,1.2492761706510218,1777047513.2553988,4.851826117770694,1.5270479045558938,1.2467669591580295,1777047513.274254,1777047513.2867749,0.966102884657758
1777047513.5146632,130.61553621292114,5.954764944144428,3.5684246870703835,0.2,1.2503756013053395,4.852173958660098,1.5274927710133552,0.023276017103286455,1.254971382486708,1777047513.4528458,4.852173958660098,1.5274927710133552,1.2503756013053395,1777047513.512159,1777047513.4498396,0.9259077334156365
1777047513.7180037,130.81887674331665,5.954764944144428,3.5684246870703835,0.2,1.2521799223807437,4.852346000500338,1.5277120978301888,0.01390764181025528,1.2550307259394013,1777047513.657827,4.852346000500338,1.5277120978301888,1.2521799223807437,1777047513.647057,1777047513.6873858,0.9241026229587654
1777047513.915022,131.01589488983154,5.954764944144428,3.5684246870703835,0.2,1.2557885645312543,4.852686410476805,1.5281446465535735,0.013553360275712741,1.258772091128889,1777047513.8779588,4.852686410476805,1.5281446465535735,1.2557885645312543,1777047513.875453,1777047513.8964937,0.9883685608405363
1777047514.1161592,131.21703219413757,5.954764944144428,3.5684246870703835,0.2,1.259397206678715,4.853022030008122,1.5285691942745356,0.015216389057356904,1.2619373250615291,1777047514.120664,4.853022030008122,1.5285691942745356,1.259397206678715,1777047514.101939,1777047514.0534627,1.0974853457253322
1777047514.3151643,131.4160373210907,5.954764944144428,3.5684246870703835,0.2,1.2613304078311174,4.853199899397335,1.5287933955345498,0.023242990149026244,1.2663756330921712,1777047514.2619562,4.8533059862453145,1.5289268463363825,1.2624903285228015,1777047514.313114,1777047514.281021,0.9198197662293669
1777047514.5144901,131.61536312103271,5.954764944144428,3.5684246870703835,0.2,1.2645524097511966,4.853493424146059,1.5291621294460132,0.014239186082342743,1.267448821682875,1777047514.4653676,4.853493424146059,1.5291621294460132,1.2645524097511966,1777047514.455313,1777047514.4868538,1.0011256880258605
1777047514.7150521,131.81592512130737,5.954764944144428,3.5684246870703835,0.2,1.2681610518987085,4.8538179230599185,1.529567903851259,0.014277170288416997,1.2712524377301109,1777047514.681894,4.8538179230599185,1.529567903851259,1.2681610518987085,1777047514.688409,1777047514.702962,0.9000482355042112
1777047514.9148948,132.01576781272888,5.954764944144428,3.5684246870703835,0.2,1.27073865343539,4.854047020774722,1.5298531580927401,0.013540459441072501,1.2735316501830023,1777047514.8881645,4.854138043548907,1.5299662036145394,1.2717696940501175,1777047514.913896,1777047514.9164026,0.955277147703002
1777047515.1329203,132.233793258667,5.954764944144428,3.5684246870703835,0.2,1.2738317752781327,4.85431904667107,1.5301905019023792,0.01837209737957632,1.2769891728977927,1777047515.0600228,4.85431904667107,1.5301905019023792,1.2738317752781327,1777047515.058041,1777047515.0540261,1.0002123659620614
1777047515.31507,132.41594290733337,5.954764944144428,3.5684246870703835,0.2,1.2766671369653908,4.854565687993712,1.5304950487472089,0.015140950693761151,1.2804681967601867,1777047515.3110678,4.854565687993712,1.5304950487472089,1.2766671369653908,1777047515.247365,1777047515.2381673,0.989988381145128
1777047515.5146916,132.61556458473206,5.954764944144428,3.5684246870703835,0.2,1.2800180189630037,4.854853896292681,1.5308492809537004,0.01168151748801875,1.2822726725106055,1777047515.5040781,4.854853896292681,1.5308492809537004,1.2800180189630037,1777047515.460499,1777047515.4753208,0.9444052569551785
1777047515.7146344,132.8155074119568,5.954764944144428,3.5684246870703835,0.2,1.2833689009586244,4.8551386326712365,1.5311974502162353,0.013488090953127568,1.2859649033654608,1777047515.6965444,4.8551386326712365,1.5311974502162353,1.2833689009586244,1777047515.678713,1777047515.6885052,0.934915592523496
1777047515.914688,133.0155611038208,5.954764944144428,3.5684246870703835,0.2,1.2867197829537247,4.8554199770361395,1.5315396561813708,0.014283583611584605,1.289799436157104,1777047515.9121523,4.8554199770361395,1.5315396561813708,1.2867197829537247,1777047515.902128,1777047515.8950722,1.0641771200797072
1777047516.1150975,133.21597051620483,5.954764944144428,3.5684246870703835,0.2,1.2887818641834432,4.855591459756893,1.5317473223164433,0.014244063817092239,1.2908304257401837,1777047516.055971,4.855676735966434,1.5318503290588084,1.2898129047980833,1777047516.113587,1777047516.118101,1.0160065760559798
1777047516.3149152,133.41578817367554,5.954764944144428,3.5684246870703835,0.2,1.2925193864093183,4.8558991299978365,1.5321181246737754,0.01350662688389186,1.2956407818760207,1777047516.287072,4.8558991299978365,1.5321181246737754,1.2925193864093183,1777047516.281072,1777047516.295582,1.040305480398255
1777047516.5146832,133.6155562400818,5.954764944144428,3.5684246870703835,0.2,1.29522586802074,4.856119445931227,1.5323821966654696,0.015140950693239431,1.2979765634922036,1777047516.4687445,4.856119445931227,1.5323821966654696,1.29522586802074,1777047516.468744,1777047516.476213,0.9108430670217931
1777047516.714482,133.81535506248474,5.954764944144428,3.5684246870703835,0.2,1.2988345101724272,4.856410033168385,1.532728580350466,0.013552340905519667,1.301896758570114,1777047516.6947017,4.856410033168385,1.532728580350466,1.2988345101724272,1777047516.706941,1777047516.7014167,1.0136736095480423
1777047516.918365,134.0192379951477,5.954764944144428,3.5684246870703835,0.2,1.3014121117069133,4.856615423174817,1.5329720539226068,0.016908949956816657,1.3038854529715442,1777047516.9208865,4.856615423174817,1.5329720539226068,1.3014121117069133,1777047516.856414,1777047516.8524153,1.0430547474288465
1777047517.1146543,134.21552729606628,5.954764944144428,3.5684246870703835,0.2,1.3046341136258057,4.856869668080388,1.5332718392709417,0.01785801855775244,1.3084560955195077,1777047517.0549963,4.856869668080388,1.5332718392709417,1.3046341136258057,1777047517.073079,1777047517.0690284,0.9137558729539812
1777047517.3299935,134.43086647987366,5.954764944144428,3.5684246870703835,0.2,1.3078561155470236,4.857121198502773,1.5335666283209632,0.012179213721223213,1.3102773036415796,1777047517.253793,4.857121198502773,1.5335666283209632,1.3078561155470236,1777047517.296796,1777047517.2805073,0.933874119954108
1777047517.5145266,134.61539959907532,5.954764944144428,3.5684246870703835,0.2,1.3103048370047699,4.85731058163895,1.5337873691715338,0.01487717686098741,1.3140417207700479,1777047517.5049753,4.85731058163895,1.5337873691715338,1.3103048370047699,1777047517.454262,1777047517.5175354,1.0529601836419233
1777047517.7147384,134.81561136245728,5.954764944144428,3.5684246870703835,0.2,1.314171239308136,4.857606542928257,1.5341301848485016,0.01714764058941146,1.317479754086995,1777047517.6979182,4.857606542928257,1.5341301848485016,1.314171239308136,1777047517.69592,1777047517.7102218,1.0376664669865576
1777047517.921941,135.02281403541565,5.954764944144428,3.5684246870703835,0.2,1.3162333205378811,4.85776288250407,1.5343101881111205,0.017115607185375546,1.3188064741344927,1777047517.8482578,4.85776288250407,1.5343101881111205,1.3162333205378811,1777047517.846255,1777047517.933448,1.0832714464622581
1777047518.1144078,135.2152807712555,5.954764944144428,3.5684246870703835,0.2,1.3202286029165755,4.85806287230827,1.5346534146096773,0.018139063163555243,1.3250194119591214,1777047518.1123734,4.85806287230827,1.5346534146096773,1.3202286029165755,1777047518.110165,1777047518.108163,0.9010722286331767
1777047518.3145509,135.41542387008667,5.954764944144428,3.5684246870703835,0.2,1.3229350845295622,4.858263945482224,1.5348818271691569,0.012250979555166758,1.3248716563562084,1777047518.2704482,4.858263945482224,1.5348818271691569,1.3229350845295622,1777047518.279991,1777047518.2814672,1.0835903027800498
1777047518.5149918,135.61586475372314,5.954764944144428,3.5684246870703835,0.2,1.326157086450512,4.858501106810977,1.5351494902030394,0.018035573916042158,1.330323724463473,1777047518.5014715,4.858501106810977,1.5351494902030394,1.326157086450512,1777047518.48346,1777047518.493979,0.9040261789369038
1777047518.7187762,135.81964921951294,5.954764944144428,3.5684246870703835,0.2,1.328476927831396,4.858670400868865,1.5353393734022212,0.013535034835933326,1.3306579822339313,1777047518.662613,4.858670400868865,1.5353393734022212,1.328476927831396,1777047518.652585,1777047518.6575925,1.0359628927806637
1777047518.914397,136.01526999473572,5.954764944144428,3.5684246870703835,0.2,1.3319566899050006,4.858922091022874,1.5356198005456616,0.015103722323844906,1.3352056849830398,1777047518.8777251,4.858922091022874,1.5356198005456616,1.3319566899050006,1777047518.875727,1777047518.868193,0.9324911201592061
1777047519.1157703,136.21664333343506,5.954764944144428,3.5684246870703835,0.2,1.3355653320560883,4.8591803070876995,1.5359051058099908,0.014368247870047103,1.3389423826468463,1777047519.1127608,4.8591803070876995,1.5359051058099908,1.3355653320560883,1777047519.110762,1777047519.1097558,0.9296022534595724
1777047519.315281,136.41615390777588,5.954764944144428,3.5684246870703835,0.2,1.3377562933602336,4.859335719606854,1.5360756221481686,0.022610097932362058,1.3411274065301613,1777047519.2618585,4.859335719606854,1.5360756221481686,1.3377562933602336,1777047519.255159,1777047519.2598543,0.9190019099828947
1777047519.5147424,136.6156153678894,5.954764944144428,3.5684246870703835,0.2,1.3408494152038273,4.859553407216004,1.5363129097484731,0.0214798625920989,1.3455168599877179,1777047519.4791524,4.859553407216004,1.5363129097484731,1.3408494152038273,1777047519.463374,1777047519.4653745,1.02643587736582
1777047519.7156367,136.81650972366333,5.954764944144428,3.5684246870703835,0.2,1.3440714171247317,4.859778064427955,1.536555843745624,0.015608749752547993,1.3473939828663468,1777047519.692018,4.859778064427955,1.536555843745624,1.3440714171247317,1777047519.680246,1777047519.7020516,0.9711500603964514
1777047519.914587,137.01546001434326,5.954764944144428,3.5684246870703835,0.2,1.347680059273305,4.86002718879004,1.5368228526095133,0.019791389499249044,1.3506868772816063,1777047519.8439436,4.86002718879004,1.5368228526095133,1.347680059273305,1777047519.909861,1777047519.862511,0.9608881811059905
1777047520.1147392,137.21561217308044,5.954764944144428,3.5684246870703835,0.2,1.3499999006566874,4.8601859766668865,1.536991698322761,0.01578837029043568,1.353661095375462,1777047520.0758355,4.8601859766668865,1.536991698322761,1.3499999006566874,1777047520.059161,1777047520.0838995,0.9494685474326672
1777047520.3173249,137.41819787025452,5.954764944144428,3.5684246870703835,0.2,1.3533507826540898,4.860413489743475,1.5372317549021475,0.0142786787834946,1.3566700386808646,1777047520.3082979,4.860413489743475,1.5372317549021475,1.3533507826540898,1777047520.306294,1777047520.242752,0.9070754193285533
1777047520.5142674,137.61514043807983,5.954764944144428,3.5684246870703835,0.2,1.3561861443421925,4.8606043261005025,1.5374313764055056,0.0111778788548194,1.3577474001503158,1777047520.4479716,4.8606043261005025,1.5374313764055056,1.3561861443421925,1777047520.482104,1777047520.473595,1.0501141940235885
1777047520.714424,137.81529688835144,5.954764944144428,3.5684246870703835,0.2,1.359794786494211,4.860845033923349,1.5376808455855384,0.01974584387840125,1.363850672078736,1777047520.653376,4.860845033923349,1.5376808455855384,1.359794786494211,1777047520.702221,1777047520.6846375,1.089895782491697
1777047520.914979,138.0158519744873,5.954764944144428,3.5684246870703835,0.2,1.361985747799988,4.860990011028871,1.5378298218540618,0.011675966507880444,1.3644710757987382,1777047520.8662345,4.860990011028871,1.5378298218540618,1.361985747799988,1777047520.853682,1777047520.8571916,1.0713474850488842
1777047521.114809,138.21568202972412,5.954764944144428,3.5684246870703835,0.2,1.3654655098720792,4.861218491688812,1.5380626068655234,0.015103722315309733,1.3687576954383969,1777047521.0842063,4.861218491688812,1.5380626068655234,1.3654655098720792,1777047521.082202,1777047521.0937426,1.0282032093834532
1777047521.3144372,138.41531014442444,5.954764944144428,3.5684246870703835,0.2,1.3681719914863093,4.861394717369667,1.538240445352394,0.011679246002621,1.3703511045362955,1777047521.2707863,4.861394717369667,1.538240445352394,1.3681719914863093,1777047521.249721,1777047521.259756,1.0957796099814938
1777047521.5144937,138.6153666973114,5.954764944144428,3.5684246870703835,0.2,1.3716517535600445,4.861619426783273,1.538465000326097,0.01224737117007011,1.3743356840048704,1777047521.4899297,4.861619426783273,1.538465000326097,1.3716517535600445,1777047521.478394,1777047521.4972603,1.0804254934405666
1777047521.7164972,138.8173701763153,5.954764944144428,3.5684246870703835,0.2,1.3739715949414357,4.861768087191087,1.5386121665433012,0.01421073691976688,1.3765613665461731,1777047521.6721702,4.861768087191087,1.5386121665433012,1.3739715949414357,1777047521.644505,1777047521.6590452,0.9320743513840889
1777047521.9142468,139.01511979103088,5.954764944144428,3.5684246870703835,0.2,1.3775802370936905,4.861997550296619,1.5388370950915842,0.02058500464231071,1.3822323318072343,1777047521.8981645,4.861997550296619,1.5388370950915842,1.3775802370936905,1777047521.877801,1777047521.8798015,1.0027559159633173
1777047522.1173723,139.21824526786804,5.954764944144428,3.5684246870703835,0.2,1.3809311190901274,4.862208713436015,1.5390416400162892,0.013552340897580999,1.3829698715603413,1777047522.0486,4.862208713436015,1.5390416400162892,1.3809311190901274,1777047522.094902,1777047522.120883,1.0610249668159553
1777047522.3149824,139.41585540771484,5.954764944144428,3.5684246870703835,0.2,1.3832509604718588,4.862353846815191,1.5391808342701192,0.029092202883613333,1.390117034253514,1777047522.2846107,4.862353846815191,1.5391808342701192,1.3832509604718588,1777047522.268668,1777047522.2801807,0.9643255473653437
1777047522.5156918,139.6165647506714,5.954764944144428,3.5684246870703835,0.2,1.3859574420862684,4.862522095650293,1.5393407511757098,0.014239186101674255,1.3885179571600226,1777047522.4644325,4.862593852985107,1.5394084752892463,1.387117362778083,1777047522.513663,1777047522.4553757,1.0992458547849264
1777047522.7147276,139.81560063362122,5.954764944144428,3.5684246870703835,0.2,1.389566084236817,4.862744661500723,1.5395498583182914,0.013530630556418151,1.3925295517727738,1777047522.6834517,4.862744661500723,1.5395498583182914,1.389566084236817,1777047522.662903,1777047522.6834517,0.9590652413217088
1777047522.9141788,140.01505184173584,5.954764944144428,3.5684246870703835,0.2,1.3929169662332088,4.862949559015365,1.5397398547757324,0.012821076366703875,1.395034965190448,1777047522.8486483,4.862949559015365,1.5397398547757324,1.3929169662332088,1777047522.883404,1777047522.9089851,1.0602765811993857
1777047523.115418,140.21629095077515,5.954764944144428,3.5684246870703835,0.2,1.3951079275403853,4.86308262609749,1.5398619275094798,0.015913398153749814,1.3988511446379743,1777047523.0838726,4.863152787940188,1.5399258682506984,1.396267848232097,1777047523.113912,1777047523.068355,0.900946513165318
1777047523.3166294,140.41750240325928,5.954764944144428,3.5684246870703835,0.2,1.39871656969067,4.863300266327664,1.540059302477833,0.011214983846018423,1.4006385406275688,1777047523.2552478,4.863300266327664,1.540059302477833,1.39871656969067,1777047523.270801,1777047523.3020883,1.0076138329688513
1777047523.515266,140.6161389350891,5.954764944144428,3.5684246870703835,0.2,1.4021963317643822,4.863508366455985,1.540245318700352,0.016262401382200125,1.4057344737231217,1777047523.4728136,4.863508366455985,1.540245318700352,1.4021963317643822,1777047523.490394,1777047523.4529934,0.9835889553898961
1777047523.714188,140.8150610923767,5.954764944144428,3.5684246870703835,0.2,1.4050316934558484,4.863676673252423,1.5403937851469214,0.01512654527178681,1.4082453680852463,1777047523.6852663,4.863676673252423,1.5403937851469214,1.4050316934558484,1777047523.690806,1777047523.6918054,1.0591854683068167
1777047523.9150019,141.0158748626709,5.954764944144428,3.5684246870703835,0.2,1.4076092949912904,4.863828718764239,1.5405263550199921,0.01509486530376111,1.409864716128179,1777047523.8346827,4.863828718764239,1.5405263550199921,1.4076092949912904,1777047523.848207,1777047523.84121,1.0324089881263516
1777047524.1149254,141.21579837799072,5.954764944144428,3.5684246870703835,0.2,1.411217937142044,4.864040074499699,1.5407081415274946,0.013539442004882028,1.4146592208083004,1777047524.08885,4.864040074499699,1.5407081415274946,1.411217937142044,1777047524.08685,1777047524.096364,0.9327908355698985
1777047524.3148248,141.41569781303406,5.954764944144428,3.5684246870703835,0.2,1.4134088984492612,4.864167554415058,1.5408163570091173,0.021469625138590877,1.417709340679053,1777047524.2891536,4.864167554415058,1.5408163570091173,1.4134088984492612,1777047524.247516,1777047524.2600627,1.0195584835332103
1777047524.5152915,141.61616444587708,5.954764944144428,3.5684246870703835,0.2,1.4167597804456282,4.864361315148138,1.5409787363430854,0.01486000003972684,1.4196121445117482,1777047524.4811027,4.864361315148138,1.5409787363430854,1.4167597804456282,1777047524.458333,1777047524.4618487,0.9090004019183938
1777047524.715066,141.81593894958496,5.954764944144428,3.5684246870703835,0.2,1.4204973026737537,4.864575742446912,1.5411554227741784,0.015100347005337422,1.4237577727684771,1777047524.697023,4.864575742446912,1.5411554227741784,1.4204973026737537,1777047524.69485,1777047524.6817262,0.9208910987600051
1777047524.9170434,142.01791644096375,5.954764944144428,3.5684246870703835,0.2,1.4234615444417642,4.864744564853549,1.5412922574632872,0.01281742831317486,1.4260049625346076,1777047524.8954573,4.864744564853549,1.5412922574632872,1.4234615444417642,1777047524.90848,1777047524.886414,1.0732285624632023
1777047525.115519,142.21639204025269,5.954764944144428,3.5684246870703835,0.2,1.4257813858234574,4.864875935867735,1.5413973252470337,0.012840567758145188,1.427839407595573,1777047525.0557323,4.864875935867735,1.5413973252470337,1.4257813858234574,1777047525.038674,1777047525.1134999,0.9725986902206958
1777047525.3148367,142.415709733963,5.954764944144428,3.5684246870703835,0.2,1.429132267821154,4.865064551442097,1.5415459777527023,0.017110731263443823,1.4327816969777587,1777047525.2690153,4.865064551442097,1.5415459777527023,1.429132267821154,1777047525.277536,1777047525.2554686,0.9295952300348963
1777047525.5144722,142.61534523963928,5.954764944144428,3.5684246870703835,0.2,1.4324831498198032,4.865251842705394,1.5416909759020145,0.012862260492382614,1.4349889652729513,1777047525.4638345,4.865251842705394,1.5416909759020145,1.4324831498198032,1777047525.491952,1777047525.4638345,1.0343426498199797
1777047525.7147398,142.81561279296875,5.954764944144428,3.5684246870703835,0.2,1.4353185115086076,4.865409306667007,1.5418108313076881,0.021476449011530865,1.4402543163471608,1777047525.6936586,4.865409306667007,1.5418108313076881,1.4353185115086076,1777047525.679976,1777047525.7026923,0.9267136597024384
1777047525.9200797,143.0209527015686,5.954764944144428,3.5684246870703835,0.2,1.4387982735840572,4.865601314777998,1.5419543977592616,0.012879115174332151,1.440827060078245,1777047525.851184,4.865601314777998,1.5419543977592616,1.4387982735840572,1777047525.912571,1777047525.9212718,0.9349567774165823
1777047526.1151018,143.21597480773926,5.954764944144428,3.5684246870703835,0.2,1.4411181149676562,4.865728573271489,1.5420479607028736,0.012243764928688684,1.4440462703123305,1777047526.0903387,4.865728573271489,1.5420479607028736,1.4411181149676562,1777047526.057887,1777047526.061399,1.0166837988586028
1777047526.3144076,143.41528058052063,5.954764944144428,3.5684246870703835,0.2,1.4444689969637248,4.865911357076342,1.5421800916263075,0.015124852308470842,1.4465415249066715,1777047526.2273667,4.865911357076342,1.5421800916263075,1.4444689969637248,1777047526.271773,1777047526.267027,1.0197874256434696
1777047526.5166907,143.61756372451782,5.954764944144428,3.5684246870703835,0.2,1.4474332387318682,4.866072050891595,1.5422940224234472,0.01467881991349378,1.4510831633867003,1777047526.4760191,4.866072050891595,1.5422940224234472,1.4474332387318682,1777047526.474029,1777047526.45974,0.9806902264963092
1777047526.7151878,143.81606078147888,5.954764944144428,3.5684246870703835,0.2,1.450784120730039,4.866252598636855,1.542419494509695,0.017149816673759578,1.4546016164789097,1777047526.698616,4.866252598636855,1.542419494509695,1.450784120730039,1777047526.70564,1777047526.6606796,0.9579753571901015
1777047526.91496,144.01583290100098,5.954764944144428,3.5684246870703835,0.2,1.4533617222654582,4.866390698296229,1.542513627715851,0.016013811518993157,1.4558310608716418,1777047526.8528166,4.866390698296229,1.542513627715851,1.4533617222654582,1777047526.859765,1777047526.898396,1.062269163043883
1777047527.1148615,144.21573448181152,5.954764944144428,3.5684246870703835,0.2,1.4564548441106187,4.8665555367176845,1.5426238663356748,0.01950080166456611,1.4603786752316852,1777047527.0540304,4.8665555367176845,1.5426238663356748,1.4564548441106187,1777047527.06004,1777047527.0621614,1.0809418218451528
1777047527.3145256,144.41539859771729,5.954764944144428,3.5684246870703835,0.2,1.4592902058015458,4.866705810015607,1.5427223237241983,0.013889417036953932,1.462170395200067,1777047527.2613962,4.866705810015607,1.5427223237241983,1.4592902058015458,1777047527.271449,1777047527.2810812,1.0415674416033556
1777047527.5154727,144.6163456439972,5.954764944144428,3.5684246870703835,0.2,1.4626410877978593,4.866882404933769,1.5428354999608294,0.012239329387161258,1.4650012454224983,1777047527.45423,4.866882404933769,1.5428354999608294,1.4626410877978593,1777047527.474904,1777047527.4859586,0.9469070130907424
1777047527.714294,144.81516695022583,5.954764944144428,3.5684246870703835,0.2,1.4659919697971935,4.86705793867862,1.5429452472114742,0.019797188134321995,1.471110701297722,1777047527.7127886,4.86705793867862,1.5429452472114742,1.4659919697971935,1777047527.688236,1777047527.7097838,1.053047989997598
1777047527.9163961,145.01726913452148,5.954764944144428,3.5684246870703835,0.2,1.4683118111803664,4.867178852971152,1.5430192274953607,0.018429723554956517,1.4708533732224145,1777047527.8506942,4.867178852971152,1.5430192274953607,1.4683118111803664,1777047527.849189,1777047527.9173963,1.0962244243606012
1777047528.1153338,145.21620678901672,5.954764944144428,3.5684246870703835,0.2,1.471662693176831,4.867352645045006,1.5431232152958583,0.012107199019639135,1.4744055197342913,1777047528.0772393,4.867352645045006,1.5431232152958583,1.471662693176831,1777047528.075244,1777047528.064599,1.089555336503202
1777047528.315265,145.41613793373108,5.954764944144428,3.5684246870703835,0.2,1.4750135751763,4.867525439282315,1.543223824578501,0.012262651922691594,1.4777238926121607,1777047528.2982614,4.867525439282315,1.543223824578501,1.4750135751763,1777047528.296752,1777047528.2709634,1.0495742880518033
1777047528.5148225,145.61569547653198,5.954764944144428,3.5684246870703835,0.2,1.4777200567896909,4.867664290990629,1.5433026316732013,0.02339083606910004,1.4813884042663041,1777047528.4550898,4.867664290990629,1.5433026316732013,1.4777200567896909,1777047528.462593,1777047528.4771464,0.9131918103669093
1777047528.714466,145.81533908843994,5.954764944144428,3.5684246870703835,0.2,1.4809420587097295,4.867828777666879,1.5433936037003229,0.01606950925643678,1.484341716600801,1777047528.6666493,4.867828777666879,1.5433936037003229,1.4809420587097295,1777047528.684913,1777047528.686914,1.006238905315232
1777047528.9146798,146.01555275917053,5.954764944144428,3.5684246870703835,0.2,1.4842929407093415,4.867998926402925,1.5434849484046955,0.013526229157084853,1.487276138465575,1777047528.8871984,4.867998926402925,1.5434849484046955,1.4842929407093415,1777047528.90365,1777047528.905647,0.9743641104908619
1777047529.1166127,146.21748566627502,5.954764944144428,3.5684246870703835,0.2,1.4866127820920791,4.868116185001553,1.5435462447350465,0.01210828378989167,1.4890655509001283,1777047529.089768,4.868116185001553,1.5435462447350465,1.4866127820920791,1777047529.040803,1777047529.052871,1.0281313697409158
1777047529.3145046,146.41537761688232,5.954764944144428,3.5684246870703835,0.2,1.4900925441659911,4.8682912670992105,1.543635222693033,0.023372631521965757,1.4934392412393476,1777047529.2329566,4.8682912670992105,1.543635222693033,1.4900925441659911,1777047529.275645,1777047529.26663,0.9086734971211728
1777047529.5164392,146.61731219291687,5.954764944144428,3.5684246870703835,0.2,1.4925412656274224,4.868413904563989,1.5436957111789098,0.012169891081958723,1.495261677479003,1777047529.456493,4.868413904563989,1.5436957111789098,1.4925412656274224,1777047529.442903,1777047529.4906085,0.9478960750594536
1777047529.7145722,146.81544518470764,5.954764944144428,3.5684246870703835,0.2,1.4961499077784968,4.868593796710645,1.5437816656344012,0.013529275973741081,1.4991053500235874,1777047529.6749408,4.868593796710645,1.5437816656344012,1.4961499077784968,1777047529.672945,1777047529.6953533,1.0507976646394208
1777047529.9148376,147.0157105922699,5.954764944144428,3.5684246870703835,0.2,1.4985986292379927,4.868715310022026,1.543837837973626,0.016033761112129143,1.5022920446189911,1777047529.9052932,4.868715310022026,1.543837837973626,1.4985986292379927,1777047529.838348,1777047529.8534412,1.012874763787605
1777047530.1165185,147.21739149093628,5.954764944144428,3.5684246870703835,0.2,1.5019495112377061,4.868880878776837,1.5439118951812487,0.014247067155431642,1.5041322659593348,1777047530.0585005,4.868880878776837,1.5439118951812487,1.5019495112377061,1777047530.056502,1777047530.0660243,1.082084439510767
1777047530.3144197,147.41529273986816,5.954764944144428,3.5684246870703835,0.2,1.5053003932347693,4.869045642100686,1.5439827179829275,0.019751615811970213,1.5094344967118476,1777047530.267805,4.869045642100686,1.5439827179829275,1.5053003932347693,1777047530.273898,1777047530.2798994,0.9747522991053782
1777047530.5155535,147.6164264678955,5.954764944144428,3.5684246870703835,0.2,1.5077491146945645,4.869165547953835,1.5440324356776085,0.017147096657001433,1.5114362745564938,1777047530.4828362,4.869215910880661,1.5440528562028881,1.5087801553098723,1777047530.514045,1777047530.5064077,1.0999633663622326
1777047530.7158582,147.81673121452332,5.954764944144428,3.5684246870703835,0.2,1.5109711166174318,4.8693226919899635,1.5440952423425074,0.014386985920845734,1.5133454078015183,1777047530.6478667,4.8693226919899635,1.5440952423425074,1.5109711166174318,1777047530.6544,1777047530.7178621,0.921504009316982
1777047530.9146605,148.01553344726562,5.954764944144428,3.5684246870703835,0.2,1.5141931185376372,4.869479139187114,1.5441550923882157,0.015920897169005792,1.517752509693703,1777047530.871434,4.869479139187114,1.5441550923882157,1.5141931185376372,1777047530.86198,1777047530.8660684,1.0556076875019194
1777047531.1148713,148.21574425697327,5.954764944144428,3.5684246870703835,0.2,1.5180595208436396,4.8696659792626775,1.5442230258798952,0.013531985435643525,1.5213400925948861,1777047531.113865,4.8696659792626775,1.5442230258798952,1.5180595208436396,1777047531.102835,1777047531.0998306,0.9293978703594676
1777047531.3146455,148.41551852226257,5.954764944144428,3.5684246870703835,0.2,1.5202504821510114,4.8697714311258755,1.5442596463714895,0.01830924745503237,1.523074027070052,1777047531.268079,4.8697714311258755,1.5442596463714895,1.5202504821510114,1777047531.260038,1777047531.250023,0.9063143547593342
1777047531.5155768,148.61644983291626,5.954764944144428,3.5684246870703835,0.2,1.5238591243014363,4.869944463732221,1.5443170164560223,0.011656076887120266,1.5266295596235928,1777047531.5057607,4.869944463732221,1.5443170164560223,1.5238591243014363,1777047531.492182,1777047531.4831436,1.0382946582446269
1777047531.7140179,148.81489086151123,5.954764944144428,3.5684246870703835,0.2,1.5264367258390186,4.870067571528041,1.5443557576346312,0.015096551573545022,1.528806107966625,1777047531.6627092,4.870067571528041,1.5443557576346312,1.5264367258390186,1777047531.653173,1777047531.6973698,0.9438233519030704
1777047531.9149199,149.0157928466797,5.954764944144428,3.5684246870703835,0.2,1.529529847684655,4.870214777817037,1.5443997943672794,0.02146962514095821,1.5339529097513116,1777047531.868724,4.870214777817037,1.5443997943672794,1.529529847684655,1777047531.866726,1777047531.9033756,1.0335777828507005
1777047532.1155083,149.21638131141663,5.954764944144428,3.5684246870703835,0.2,1.5327518496045887,4.870367524640873,1.5444428300263489,0.01711994368054993,1.5364953964401447,1777047532.08739,4.870367524640873,1.5444428300263489,1.5327518496045887,1777047532.084397,1777047532.1054838,1.0855689937688953
1777047532.3159995,149.4168725013733,5.954764944144428,3.5684246870703835,0.2,1.5361027316038476,4.870525755249081,1.5444845280353638,0.012192949478986267,1.5381241144751217,1777047532.2531729,4.870525755249081,1.5444845280353638,1.5361027316038476,1777047532.296415,1777047532.2531729,0.9172858137991295
1777047532.5143929,149.61526584625244,5.954764944144428,3.5684246870703835,0.2,1.5391958534487724,4.870671261786406,1.5445202595783574,0.010323756645539417,1.5414810903548783,1777047532.47453,4.870671261786406,1.5445202595783574,1.5391958534487724,1777047532.498827,1777047532.4654965,1.0854824648444128
1777047532.714718,149.81559109687805,5.954764944144428,3.5684246870703835,0.2,1.5416445749078544,4.870786087001541,1.5445466744993677,0.012844229001964884,1.5443161033968438,1777047532.6825244,4.870786087001541,1.5445466744993677,1.5416445749078544,1777047532.663432,1777047532.6750004,1.0243425155923793
1777047532.914989,150.01586198806763,5.954764944144428,3.5684246870703835,0.2,1.5449954569071906,4.870942702248238,1.5445801477932124,0.01710910657327902,1.5488006600444844,1777047532.9049325,4.870942702248238,1.5445801477932124,1.5449954569071906,1777047532.886026,1777047532.8960924,0.992096956719804
1777047533.114944,150.2158169746399,5.954764944144428,3.5684246870703835,0.2,1.5474441783680406,4.871056784399661,1.5446026608331958,0.011685557874512838,1.5492940653583678,1777047533.063238,4.871104727844468,1.5446116489542372,1.548475218982487,1777047533.113934,1777047533.0602279,1.000244051396277
1777047533.3147385,150.41561150550842,5.954764944144428,3.5684246870703835,0.2,1.551181700595441,4.8712303266514505,1.5446338611133221,0.012960325632870544,1.5538620687676874,1777047533.2700512,4.8712303266514505,1.5446338611133221,1.551181700595441,1777047533.286107,1777047533.2700512,1.0533017323884901
1777047533.514436,150.61530900001526,5.954764944144428,3.5684246870703835,0.2,1.5544037025183446,4.8713793806825345,1.5446577010774998,0.01286624035253903,1.5573427014125796,1777047533.4984784,4.8713793806825345,1.5446577010774998,1.5544037025183446,1777047533.503993,1777047533.4884536,1.0001267590857865
1777047533.716737,150.81761002540588,5.954764944144428,3.5684246870703835,0.2,1.5567235439019225,4.871486391358358,1.544673118565659,0.028646646621062064,1.5607802953184893,1777047533.7197378,4.871486391358358,1.544673118565659,1.5567235439019225,1777047533.655126,1777047533.7098105,1.0693994148679726
1777047533.9171245,151.01799750328064,5.954764944144428,3.5684246870703835,0.2,1.559816665745215,4.871628680233208,1.544691406007695,0.0116845475176755,1.5624328062220532,1777047533.8639894,4.871628680233208,1.544691406007695,1.559816665745215,1777047533.87135,1777047533.8564777,0.9391690027189933
1777047534.1148758,151.21574878692627,5.954764944144428,3.5684246870703835,0.2,1.562394267283359,4.8717469195080625,1.5447046695367015,0.012939539977161364,1.5656276097642816,1777047534.1138701,4.8717469195080625,1.5447046695367015,1.562394267283359,1777047534.044134,1777047534.1048565,1.0510657872472093
1777047534.314019,151.4148919582367,5.954764944144428,3.5684246870703835,0.2,1.5660029094358459,4.871911956182059,1.5447202294294684,0.015151560435399824,1.5683018530061377,1777047534.2656,4.871911956182059,1.5447202294294684,1.5660029094358459,1777047534.271995,1777047534.2656,1.0915553053100806
1777047534.515067,151.61594009399414,5.954764944144428,3.5684246870703835,0.2,1.5697404316638224,4.872082290915826,1.5447326556786747,0.012259314691852933,1.5726224186329263,1777047534.5006855,4.872082290915826,1.5447326556786747,1.5697404316638224,1777047534.512554,1777047534.5066912,1.010104420826914
1777047534.7174985,151.81837153434753,5.954764944144428,3.5684246870703835,0.2,1.571931392971643,4.872181867792157,1.5447381998541807,0.01478157566403443,1.5749967405790175,1777047534.7080617,4.872181867792157,1.5447381998541807,1.571931392971643,1777047534.659788,1777047534.714123,0.9083719212012371
1777047534.9154139,152.0162868499756,5.954764944144428,3.5684246870703835,0.2,1.5752822749698172,4.872333779578852,1.5447441984433836,0.013245502968654517,1.5771447375043184,1777047534.9174163,4.872333779578852,1.5447441984433836,1.5752822749698172,1777047534.881191,1777047534.8580997,0.993174567557342
1777047535.1150172,152.21589016914368,5.954764944144428,3.5684246870703835,0.2,1.5786331569674863,4.872485240706241,1.5447472052761233,0.01183807945114994,1.58119254826362,1777047535.0648725,4.872485240706241,1.5447472052761233,1.5786331569674863,1777047535.100024,1777047535.069868,0.9948127169961528
1777047535.3142836,152.4151566028595,5.954764944144428,3.5684246870703835,0.2,1.581210758506086,4.872601450701912,1.5447474882047318,0.015117661494423213,1.5846904809347029,1777047535.2950485,4.872601450701912,1.5447474882047318,1.581210758506086,1777047535.262805,1777047535.2990563,0.9668767814429461
1777047535.5153542,152.61622714996338,5.954764944144428,3.5684246870703835,0.2,1.5845616405038507,4.872752145886022,1.544745224472701,0.017088013580846766,1.5879568201888936,1777047535.4937363,4.872752145886022,1.544745224472701,1.5845616405038507,1777047535.47566,1777047535.4641275,1.0387210159077094
1777047535.715248,152.8161211013794,5.954764944144428,3.5684246870703835,0.2,1.5877836424250464,4.872896652977527,1.5447402502820542,0.014195436501225941,1.5899594785989883,1777047535.6470134,4.872896652977527,1.5447402502820542,1.5877836424250464,1777047535.707548,1777047535.6655498,0.9548502978720498
1777047535.9147973,153.01567029953003,5.954764944144428,3.5684246870703835,0.2,1.5901034838098234,4.873000466207338,1.544734975212391,0.012554280786399608,1.5928212377173985,1777047535.8634937,4.873000466207338,1.544734975212391,1.5901034838098234,1777047535.848725,1777047535.8710253,1.0198643646649708
1777047536.114444,153.21531701087952,5.954764944144428,3.5684246870703835,0.2,1.5937121259611546,4.873161577945092,1.5447239590493687,0.012881570432635903,1.59664948853506,1777047536.091522,4.873161577945092,1.5447239590493687,1.5937121259611546,1777047536.080001,1777047536.091522,1.0915010677246852
1777047536.317435,153.41830801963806,5.954764944144428,3.5684246870703835,0.2,1.5961608474211735,4.873270649869678,1.5447145402094442,0.014703974705669276,1.5989132081420865,1777047536.2787068,4.873270649869678,1.5447145402094442,1.5961608474211735,1777047536.259895,1777047536.2553902,0.9356521355090902
1777047536.5143044,153.6151773929596,5.954764944144428,3.5684246870703835,0.2,1.5996406094980815,4.87342530371426,1.5446984602834837,0.011324232155142049,1.6021437070923887,1777047536.4997458,4.87342530371426,1.5446984602834837,1.5996406094980815,1777047536.475397,1777047536.470388,1.0223567008215482
1777047536.7186012,153.81947422027588,5.954764944144428,3.5684246870703835,0.2,1.6032492516489514,4.873585272227365,1.544678452687685,0.0214406719660898,1.6064012671681742,1777047536.646757,4.873585272227365,1.544678452687685,1.6032492516489514,1777047536.709995,1777047536.6800485,1.0399430830567022
1777047536.915326,154.01619911193848,5.954764944144428,3.5684246870703835,0.2,1.6055690930326538,4.873687893273158,1.5446638043349346,0.025791412862208377,1.6117956136708433,1777047536.8881752,4.873687893273158,1.5446638043349346,1.6055690930326538,1777047536.881176,1777047536.912822,0.9904787034838495
1777047537.1142726,154.21514558792114,5.954764944144428,3.5684246870703835,0.2,1.6089199750324976,4.873835833894696,1.544640184687824,0.013545209528474886,1.6118720612270532,1777047537.1061184,4.873835833894696,1.544640184687824,1.6089199750324976,1777047537.095096,1777047537.0549145,0.9574940757833362
1777047537.3199077,154.42078065872192,5.954764944144428,3.5684246870703835,0.2,1.6116264566455243,4.873955080848922,1.5446189896899154,0.014602291299810433,1.6138588229256268,1777047537.2589962,4.873955080848922,1.5446189896899154,1.6116264566455243,1777047537.271415,1777047537.264047,1.0517280293901212
1777047537.5149856,154.6158585548401,5.954764944144428,3.5684246870703835,0.2,1.6138174179519371,4.87405145878759,1.5446004494755572,0.012184978973667871,1.6167172066099107,1777047537.4969769,4.874113748405953,1.5445877951137772,1.6152350987981257,1777047537.516074,1777047537.5099745,0.9799473705542907
1777047537.714816,154.81568908691406,5.954764944144428,3.5684246870703835,0.2,1.617683820259477,4.874221207825506,1.5445647226812051,0.013527921664775672,1.620589993584017,1777047537.7118046,4.874221207825506,1.5445647226812051,1.617683820259477,1777047537.666032,1777047537.6479273,1.0082877512012767
1777047537.9142313,155.01510429382324,5.954764944144428,3.5684246870703835,0.2,1.6209058221797843,4.87436235329538,1.5445320250607666,0.02134500381638832,1.6237970056093027,1777047537.8472548,4.87436235329538,1.5445320250607666,1.6209058221797843,1777047537.867855,1777047537.8537798,0.92689523770795
1777047538.116939,155.21781206130981,5.954764944144428,3.5684246870703835,0.2,1.6242567041789533,4.874508853671671,1.5444952081083005,0.01514773923121399,1.6274435409028134,1777047538.0576384,4.874508853671671,1.5444952081083005,1.6242567041789533,1777047538.089828,1777047538.076757,1.08969054275399
1777047538.315723,155.41659593582153,5.954764944144428,3.5684246870703835,0.2,1.6264476654864746,4.874604486553161,1.5444695900880536,0.01164126675670237,1.6290353975775704,1777047538.279928,4.874604486553161,1.5444695900880536,1.6264476654864746,1777047538.253867,1777047538.2869473,0.9513780073438676
1777047538.514768,155.61564087867737,5.954764944144428,3.5684246870703835,0.2,1.6300563076372896,4.874761738969316,1.5444247401150282,0.01353944199881706,1.6329502875698165,1777047538.4936724,4.874761738969316,1.5444247401150282,1.6300563076372896,1777047538.472075,1777047538.4428532,0.9496395043166216
1777047538.714977,155.81585001945496,5.954764944144428,3.5684246870703835,0.2,1.6335360697136743,4.874913077537297,1.5443783719875757,0.015107099161940446,1.6367767218253892,1777047538.7081842,4.874913077537297,1.5443783719875757,1.6335360697136743,1777047538.698655,1777047538.6672215,0.9182099239424736
1777047538.915982,156.01685500144958,5.954764944144428,3.5684246870703835,0.2,1.6355981509440651,4.87500262595226,1.5443494536617393,0.01527184489320895,1.637893553320764,1777047538.8584871,4.87500262595226,1.5443494536617393,1.6355981509440651,1777047538.849047,1777047538.880099,0.9177374100799327
1777047539.1144931,156.2153661251068,5.954764944144428,3.5684246870703835,0.2,1.6393356731716846,4.875164686809403,1.5442943149181962,0.017158526593063418,1.6430863272259,1777047539.0770755,4.875164686809403,1.5442943149181962,1.6393356731716846,1777047539.093198,1777047539.101718,1.0288157132874949
1777047539.3155563,156.41642928123474,5.954764944144428,3.5684246870703835,0.2,1.641913274709827,4.875276273744445,1.5442542484541362,0.014048604974984516,1.6449021315759942,1777047539.2898266,4.875276273744445,1.5442542484541362,1.641913274709827,1777047539.261979,1777047539.2669802,0.9704164777291342
1777047539.5144153,156.61528825759888,5.954764944144428,3.5684246870703835,0.2,1.6447486364016264,4.875398855798842,1.5442082584817398,0.013549283682830902,1.6467842024999575,1777047539.4400609,4.875398855798842,1.5442082584817398,1.6447486364016264,1777047539.438062,1777047539.5028632,1.0582574377561407
1777047539.7147713,156.8156442642212,5.954764944144428,3.5684246870703835,0.2,1.6483572785524245,4.87555462933652,1.5441468310275823,0.016097743354711133,1.6520438896965106,1777047539.669075,4.87555462933652,1.5441468310275823,1.6483572785524245,1777047539.678597,1777047539.7078838,0.9258620135661869
1777047539.9166393,157.01751232147217,5.954764944144428,3.5684246870703835,0.2,1.650677119936799,4.875654631968693,1.5441056354719245,0.021377080009398183,1.6554760743639005,1777047539.8935657,4.875704593969061,1.544084538215516,1.651837040629203,1777047539.914111,1777047539.8529122,0.9981818107788261
1777047540.1149712,157.2158441543579,5.954764944144428,3.5684246870703835,0.2,1.6540280019359725,4.875798896612643,1.5440437812889842,0.013415119040192084,1.6561988132360985,1777047540.055384,4.875798896612643,1.5440437812889842,1.6540280019359725,1777047540.053386,1777047540.0669246,0.9542440176085176
1777047540.314985,157.4158580303192,5.954764944144428,3.5684246870703835,0.2,1.6576366440869228,4.875954024136617,1.5439740748807855,0.014267749410471396,1.6608390046127137,1777047540.2798314,4.875954024136617,1.5439740748807855,1.6576366440869228,1777047540.29535,1777047540.2898378,1.0640334625352101
1777047540.5146327,157.61550569534302,5.954764944144428,3.5684246870703835,0.2,1.6599564854715239,4.87605362506054,1.543927575305174,0.014204762110712024,1.6630527704758455,1777047540.4978065,4.876103390139253,1.5439038314259146,1.6611164061638297,1777047540.51363,1777047540.5169299,1.025831347837428
1777047540.714167,157.81504011154175,5.954764944144428,3.5684246870703835,0.2,1.663178487393456,4.876191804394282,1.5438608085755066,0.013447155939798432,1.666067576099226,1777047540.712654,4.876191804394282,1.5438608085755066,1.663178487393456,1777047540.666779,1777047540.6617799,1.0627071099365815
1777047540.9144146,158.01528763771057,5.954764944144428,3.5684246870703835,0.2,1.6666582494676936,4.876340842343913,1.5437858585269457,0.01606759866992734,1.6698678663683306,1777047540.9124112,4.876340842343913,1.5437858585269457,1.6666582494676936,1777047540.894343,1777047540.8767793,1.0486518925057782
1777047541.1144423,158.21531534194946,5.954764944144428,3.5684246870703835,0.2,1.6693647310831459,4.87645662543614,1.5437255315448946,0.0197335896825941,1.6722799529743413,1777047541.0601401,4.87645662543614,1.5437255315448946,1.6693647310831459,1777047541.057638,1777047541.051108,0.9890967473163421
1777047541.3146577,158.4155306816101,5.954764944144428,3.5684246870703835,0.2,1.672844493158098,4.876605322201241,1.5436453656537377,0.012240437970174774,1.675640810272082,1777047541.2885892,4.876605322201241,1.5436453656537377,1.672844493158098,1777047541.307172,1777047541.3026562,1.0367400407754388
1777047541.515324,158.6161971092224,5.954764944144428,3.5684246870703835,0.2,1.6756798548484628,4.876726348606822,1.543577888793586,0.014253453452019765,1.6787613307612836,1777047541.5047808,4.876726348606822,1.543577888793586,1.6756798548484628,1777047541.453502,1777047541.515324,0.9520953997159127
1777047541.7144682,158.81534123420715,5.954764944144428,3.5684246870703835,0.2,1.6790307368484694,4.876869231071885,1.5434956573168777,0.02331919338905926,1.683732327197822,1777047541.7063997,4.876869231071885,1.5434956573168777,1.6790307368484694,1777047541.684565,1777047541.657503,1.0533518597364429
1777047541.9155009,159.01637387275696,5.954764944144428,3.5684246870703835,0.2,1.682123858692318,4.877000985276342,1.5434173706831196,0.014261350296705068,1.6848719787976574,1777047541.8990967,4.877000985276342,1.5434173706831196,1.682123858692318,1777047541.88906,1777047541.8719866,0.9991356735400749
1777047542.11446,159.21533298492432,5.954764944144428,3.5684246870703835,0.2,1.6857325008446127,4.877154539316759,1.543323160848888,0.015126968580070736,1.6889751142032667,1777047542.1134565,4.877154539316759,1.543323160848888,1.6857325008446127,1777047542.111244,1777047542.0763905,0.9215511574208528
1777047542.3142889,159.41516184806824,5.954764944144428,3.5684246870703835,0.2,1.6879234621523178,4.877247688295688,1.5432644574092522,0.012540592089694665,1.6900231654219628,1777047542.280889,4.877247688295688,1.5432644574092522,1.6879234621523178,1777047542.274135,1777047542.285889,0.9913712584807894
1777047542.5144017,159.61527466773987,5.954764944144428,3.5684246870703835,0.2,1.6906299437657415,4.877362674288873,1.5431903781183491,0.013503590259358645,1.6935392510877356,1777047542.496336,4.877406455771438,1.5431617042270973,1.691660984380169,1777047542.512889,1777047542.5043721,1.083222881914185
1777047542.7249522,159.825825214386,5.954764944144428,3.5684246870703835,0.2,1.6942385859176703,4.877515856369634,1.5430889288619019,0.017126995188574,1.6969061078721788,1777047542.6520855,4.877515856369634,1.5430889288619019,1.6942385859176703,1777047542.663521,1777047542.6520855,0.9713638005486357
1777047542.9155445,160.01641750335693,5.954764944144428,3.5684246870703835,0.2,1.6977183479941884,4.877663431099605,1.542988219180961,0.019699789426064134,1.7023529112533533,1777047542.887345,4.877663431099605,1.542988219180961,1.6977183479941884,1777047542.897089,1777047542.900093,0.9122592339104847
1777047543.1147912,160.2156641483307,5.954764944144428,3.5684246870703835,0.2,1.6999093092999304,4.877756282998912,1.5429233635311599,0.014209616259186967,1.7029914206749583,1777047543.1042483,4.877799961113723,1.542892457929724,1.7009403499144504,1777047543.114791,1777047543.103249,1.0219292547501835
1777047543.31505,160.41592288017273,5.954764944144428,3.5684246870703835,0.2,1.7033890713753719,4.877903654635062,1.542818071681687,0.011490811006505227,1.7053119441512103,1777047543.2715883,4.877903654635062,1.542818071681687,1.7033890713753719,1777047543.280096,1777047543.2715883,0.961496103051979
1777047543.5144377,160.6153106689453,5.954764944144428,3.5684246870703835,0.2,1.7068688334516473,4.878050910837058,1.5427099876097372,0.014102113686154447,1.7098127977551802,1777047543.4803488,4.878050910837058,1.5427099876097372,1.7068688334516473,1777047543.496389,1777047543.4883554,0.9613033699447019
1777047543.7174444,160.81831741333008,5.954764944144428,3.5684246870703835,0.2,1.7093175549109416,4.878154470087944,1.5426322628164901,0.028570941947282432,1.7133366242488342,1777047543.7229629,4.878154470087944,1.5426322628164901,1.7093175549109416,1777047543.64874,1777047543.6260235,0.9012017694586396
1777047543.9146547,161.01552772521973,5.954764944144428,3.5684246870703835,0.2,1.712539556833061,4.878290654329702,1.542527907147929,0.012845449888611592,1.7157656626322983,1777047543.8721664,4.878290654329702,1.542527907147929,1.712539556833061,1777047543.867635,1777047543.8801715,0.9943521915157533
1777047544.1141298,161.21500277519226,5.954764944144428,3.5684246870703835,0.2,1.7160193189090585,4.878437639496897,1.5424125533615833,0.01712428237666375,1.7195265170438963,1777047544.0769749,4.878437639496897,1.5424125533615833,1.7160193189090585,1777047544.099736,1777047544.092216,1.0918032095684747
1777047544.3160577,161.4169306755066,5.954764944144428,3.5684246870703835,0.2,1.718339160291528,4.878535578664758,1.5423341297138167,0.013524875445612032,1.7213953284307086,1777047544.3029413,4.878535578664758,1.5423341297138167,1.718339160291528,1777047544.267113,1777047544.256549,0.9335983285217341
1777047544.5150464,161.61591935157776,5.954764944144428,3.5684246870703835,0.2,1.7218189223676694,4.8786824158488935,1.5422142243116472,0.01605566776204565,1.7244783429263597,1777047544.4685788,4.8786824158488935,1.5422142243116472,1.7218189223676694,1777047544.473087,1777047544.5120466,1.0988350828471276
1777047544.7180634,161.81893634796143,5.954764944144428,3.5684246870703835,0.2,1.7241387637518333,4.878780262390746,1.5421327810211614,0.019754503061429937,1.728185157323254,1777047544.6734128,4.878780262390746,1.5421327810211614,1.7241387637518333,1777047544.648139,1777047544.6572132,0.9019623735987783
1777047544.914074,162.01494693756104,5.954764944144428,3.5684246870703835,0.2,1.727747405902619,4.878932401803596,1.5420037090747198,0.019253534043940455,1.7317842681299915,1777047544.8830814,4.878932401803596,1.5420037090747198,1.727747405902619,1777047544.880189,1777047544.8770094,0.9718666268206818
1777047545.1150477,162.2159206867218,5.954764944144428,3.5684246870703835,0.2,1.7313560480560906,4.879084466703051,1.5418717529501451,0.012867465416992371,1.7341862772474057,1777047545.1030338,4.879084466703051,1.5418717529501451,1.7313560480560906,1777047545.107536,1777047545.1030338,0.9064350308441629
1777047545.3158422,162.41671514511108,5.954764944144428,3.5684246870703835,0.2,1.7335470093629084,4.879176758431974,1.5417902374263643,0.014282074078451756,1.735899962053189,1777047545.2677824,4.879176758431974,1.5417902374263643,1.7335470093629084,1777047545.276296,1777047545.278295,0.9870243829830757
1777047545.5152922,162.6161651611328,5.954764944144428,3.5684246870703835,0.2,1.7372845315906869,4.8793341442259255,1.5416487554420593,0.012244042262845721,1.7397299631044147,1777047545.4675066,4.8793341442259255,1.5416487554420593,1.7372845315906869,1777047545.509755,1777047545.5117784,0.9699384887875406
1777047545.7148612,162.8157341480255,5.954764944144428,3.5684246870703835,0.2,1.7394754928982898,4.87942637633619,1.541564402593287,0.0151375587281644,1.7425973574198164,1777047545.6737397,4.87942637633619,1.541564402593287,1.7394754928982898,1777047545.652551,1777047545.7148612,1.047975765041381
1777047545.9189317,163.01980471611023,5.954764944144428,3.5684246870703835,0.2,1.7425686147434494,4.87955655403074,1.5414435454949629,0.013556079388005599,1.745387312131991,1777047545.8816683,4.87955655403074,1.5414435454949629,1.7425686147434494,1777047545.863142,1777047545.8586292,1.0532168397670771
1777047546.114277,163.21514987945557,5.954764944144428,3.5684246870703835,0.2,1.746177256894434,4.879708385283293,1.5412999401177665,0.021242669941308846,1.750865180426697,1777047546.1023526,4.879708385283293,1.5412999401177665,1.746177256894434,1777047546.09528,1777047546.088256,1.0877444868069661
1777047546.3152661,163.41613912582397,5.954764944144428,3.5684246870703835,0.2,1.7483682182020477,4.879800548771313,1.5412113899857514,0.010616954182268512,1.7501113177620249,1777047546.2665334,4.879800548771313,1.5412113899857514,1.7483682182020477,1777047546.232369,1777047546.317267,0.9531183731117886
1777047546.5145047,163.61537766456604,5.954764944144428,3.5684246870703835,0.2,1.752234620507988,4.879963159089452,1.541052631971312,0.013506626896550885,1.755176375402821,1777047546.4843342,4.879963159089452,1.541052631971312,1.752234620507988,1777047546.491737,1777047546.4646087,0.923474866821536
1777047546.7154317,163.8163046836853,5.954764944144428,3.5684246870703835,0.2,1.7553277423519518,4.8800932233118015,1.5409233478529456,0.025786491533243684,1.7608853859633185,1777047546.6998596,4.8800932233118015,1.5409233478529456,1.7553277423519518,1777047546.707912,1777047546.6728847,0.9435731008427586
1777047546.9148598,164.01573276519775,5.954764944144428,3.5684246870703835,0.2,1.7576475837365848,4.880190760149948,1.5408250643313115,0.013505277124437883,1.7597801616547057,1777047546.8577666,4.880190760149948,1.5408250643313115,1.7576475837365848,1777047546.862021,1777047546.8931928,1.0537523356119345
1777047547.1147578,164.21563076972961,5.954764944144428,3.5684246870703835,0.2,1.7613851059652834,4.880347887152346,1.5406643527959554,0.013530969252537129,1.7642596188091078,1777047547.0702062,4.880347887152346,1.5406643527959554,1.7613851059652834,1777047547.08686,1777047547.1087406,0.900554664511674
1777047547.3148885,164.41576147079468,5.954764944144428,3.5684246870703835,0.2,1.7638338274250263,4.880450824866462,1.5405574852549258,0.025720237049224028,1.7697538792116827,1777047547.3003771,4.880450824866462,1.5405574852549258,1.7638338274250263,1777047547.26681,1777047547.2843008,1.075000441945077
1777047547.5143967,164.6152696609497,5.954764944144428,3.5684246870703835,0.2,1.7677002297324549,4.880613351447378,1.5403862281127714,0.015140950706908499,1.7699028690146537,1777047547.4458528,4.880613351447378,1.5403862281127714,1.7677002297324549,1777047547.50527,1777047547.4550614,1.07469596084634
1777047547.7147765,164.81564950942993,5.954764944144428,3.5684246870703835,0.2,1.77040671134578,4.880727118802781,1.540264524603559,0.01825730281111212,1.7745980822734972,1777047547.675425,4.880727118802781,1.540264524603559,1.77040671134578,1777047547.682945,1777047547.68095,1.0009972668005311
1777047547.9150765,165.01594948768616,5.954764944144428,3.5684246870703835,0.2,1.7727265527287575,4.880824635166931,1.5401590196804342,0.014282074086719462,1.7758911444664103,1777047547.897003,4.88087339441693,1.5401058579599676,1.773886473420907,1777047547.918588,1777047547.908561,0.9655279125589066
1777047548.114573,165.2154459953308,5.954764944144428,3.5684246870703835,0.2,1.7767218351130512,4.880992588268286,1.539974763776719,0.011090275778058644,1.7790568617227884,1777047548.1075501,4.880992588268286,1.539974763776719,1.7767218351130512,1777047548.104544,1777047548.117581,0.9798927937260826
1777047548.3150394,165.41591238975525,5.954764944144428,3.5684246870703835,0.2,1.7790416764958863,4.881090116995594,1.5398663035156495,0.01511977572251644,1.7815648161779438,1777047548.274427,4.881090116995594,1.5398663035156495,1.7790416764958863,1777047548.264403,1777047548.2839453,1.041725959157588
1777047548.5175877,165.6184606552124,5.954764944144428,3.5684246870703835,0.2,1.782779198724658,4.881247263283611,1.5396893027867586,0.017079375107518117,1.7865467441088512,1777047548.4950173,4.881247263283611,1.5396893027867586,1.782779198724658,1777047548.502527,1777047548.4950173,0.9483716687753733
1777047548.714784,165.81565690040588,5.954764944144428,3.5684246870703835,0.2,1.7853568002630311,4.881355655072354,1.5395656195470866,0.012726297721334103,1.7875486596891288,1777047548.667248,4.881355655072354,1.5395656195470866,1.7853568002630311,1777047548.668228,1777047548.6717384,0.9578342258887861
1777047548.9152048,166.0160777568817,5.954764944144428,3.5684246870703835,0.2,1.7890943224908575,4.881512850092891,1.539383956876359,0.01838521942983849,1.7930985907965862,1777047548.8850462,4.881512850092891,1.539383956876359,1.7890943224908575,1777047548.910193,1777047548.9076881,1.086426787137304
1777047549.115336,166.21620893478394,5.954764944144428,3.5684246870703835,0.2,1.7912852837976523,4.881605016087903,1.5392761955732037,0.013533340565246773,1.7943742788228485,1777047549.113297,4.881605016087903,1.5392761955732037,1.7912852837976523,1777047549.061231,1777047549.045201,0.972689302854888
1777047549.3146188,166.4154918193817,5.954764944144428,3.5684246870703835,0.2,1.7946361657973782,4.881746004100526,1.539109582573376,0.01977039799426645,1.7979649927204444,1777047549.2816713,4.881746004100526,1.539109582573376,1.7946361657973782,1777047549.296563,1777047549.2816713,0.990817493905099
1777047549.5145533,166.61542630195618,5.954764944144428,3.5684246870703835,0.2,1.797084887256915,4.8818490578220475,1.5389864578809735,0.015135439498766988,1.8001996208260413,1777047549.487462,4.881892455449723,1.5389342719387655,1.798115927871418,1777047549.512035,1777047549.4939678,0.9453229247229736
1777047549.7147882,166.8156611919403,5.954764944144428,3.5684246870703835,0.2,1.800049129024508,4.8819738371769805,1.5388358763144412,0.023411096673783105,1.8053123759151055,1777047549.7122805,4.8819738371769805,1.5388358763144412,1.800049129024508,1777047549.657196,1777047549.6471515,1.0455629020907176
1777047549.9145675,167.01544046401978,5.954764944144428,3.5684246870703835,0.2,1.8036577711779813,4.8821257914983445,1.5386503058327954,0.013473970486039806,1.8058601655761366,1777047549.875736,4.8821257914983445,1.5386503058327954,1.8036577711779813,1777047549.891825,1777047549.893825,0.9940428760726252
1777047550.1169887,167.21786165237427,5.954764944144428,3.5684246870703835,0.2,1.806235372714264,4.882234366311817,1.5385162517363329,0.011696177201480293,1.8087693189376008,1777047550.0923834,4.882234366311817,1.5385162517363329,1.806235372714264,1777047550.051883,1777047550.0447233,0.9264261266310915
1777047550.3146904,167.41556334495544,5.954764944144428,3.5684246870703835,0.2,1.8095862547129133,4.882375562387447,1.5383401228573526,0.004768208155194122,1.8104909390126376,1777047550.282116,4.882375562387447,1.5383401228573526,1.8095862547129133,1777047550.288624,1777047550.283116,1.0230468094997993
1777047550.5146294,167.6155023574829,5.954764944144428,3.5684246870703835,0.2,1.8125504964817498,4.882500516067286,1.5381825783340353,0.015130355806939564,1.8150689265268751,1777047550.4485648,4.882500516067286,1.5381825783340353,1.8125504964817498,1777047550.465203,1777047550.4485648,0.9633988212465565
1777047550.7146804,167.81555342674255,5.954764944144428,3.5684246870703835,0.2,1.8157724984021204,4.88263639187889,1.538009498532254,0.012249869056568738,1.818572071104195,1777047550.6771038,4.88263639187889,1.538009498532254,1.8157724984021204,1777047550.681177,1777047550.6665862,1.054370263709103
1777047550.914816,168.0156888961792,5.954764944144428,3.5684246870703835,0.2,1.8183500999398028,4.882745137672663,1.5378696682803015,0.019397933834565957,1.8214798735465008,1777047550.8384495,4.882745137672663,1.5378696682803015,1.8183500999398028,1777047550.839955,1777047550.9028034,1.0700536228576012
1777047551.1147158,168.2155888080597,5.954764944144428,3.5684246870703835,0.2,1.8218298620160667,4.8828920121610535,1.5376789863905174,0.02146195345786185,1.8273767813125188,1777047551.096903,4.8828920121610535,1.5376789863905174,1.8218298620160667,1777047551.085879,1777047551.0647693,0.9637620656296809
1777047551.314312,168.4151849746704,5.954764944144428,3.5684246870703835,0.2,1.8245363436290987,4.883006304623048,1.537529171989795,0.011533962526792124,1.8265932522757722,1777047551.275238,4.883006304623048,1.537529171989795,1.8245363436290987,1777047551.264204,1777047551.2827566,1.098909146686561
1777047551.5146391,168.61551213264465,5.954764944144428,3.5684246870703835,0.2,1.8284027459360301,4.883169670907297,1.5373128856156049,0.01839335200841472,1.8324930712928742,1777047551.4976187,4.883169670907297,1.5373128856156049,1.8284027459360301,1777047551.502143,1777047551.5171497,0.9213945530692659
1777047551.7146933,168.81556630134583,5.954764944144428,3.5684246870703835,0.2,1.830722587319892,4.883267744846417,1.5371818445460512,0.013523522010663007,1.832909350641081,1777047551.6593194,4.883267744846417,1.5371818445460512,1.830722587319892,1777047551.661831,1777047551.679739,1.0478988416549768
1777047551.9149399,169.01581287384033,5.954764944144428,3.5684246870703835,0.2,1.8342023493940118,4.883414935873258,1.5369835138007577,0.01427377734598575,1.83728526864364,1777047551.8753042,4.883414935873258,1.5369835138007577,1.8342023493940118,1777047551.883839,1777047551.838606,1.0204241968207506
1777047552.115092,169.21596503257751,5.954764944144428,3.5684246870703835,0.2,1.8378109915475846,4.883567684815859,1.5367756145678177,0.015100347006482127,1.8410951797817456,1777047552.0927951,4.883567684815859,1.5367756145678177,1.8378109915475846,1777047552.10987,1777047552.0842676,0.9909067258492985
1777047552.3159568,169.41682982444763,5.954764944144428,3.5684246870703835,0.2,1.839873072777408,4.8836550207127205,1.5366558074932815,0.004950067505496837,1.8407001414895106,1777047552.2598774,4.8836550207127205,1.5366558074932815,1.839873072777408,1777047552.283926,1777047552.2548733,1.0767332958661326
1777047552.5150323,169.6159052848816,5.954764944144428,3.5684246870703835,0.2,1.8430950746979136,4.88379156002558,1.5364671543310264,0.01514434420299168,1.8463887344337344,1777047552.477362,4.88379156002558,1.5364671543310264,1.8430950746979136,1777047552.452288,1777047552.4688494,0.9405701045260884
1777047552.7149582,169.8158311843872,5.954764944144428,3.5684246870703835,0.2,1.846059316466926,4.883917262118069,1.5362920390084625,0.017112898001015918,1.8500126969136623,1777047552.7083795,4.883917262118069,1.5362920390084625,1.846059316466926,1777047552.660036,1777047552.693001,1.0712044334045652
1777047552.914598,170.0154709815979,5.954764944144428,3.5684246870703835,0.2,1.849539078542188,4.884064934827064,1.5360845857332568,0.01606950925112111,1.852012051937972,1777047552.8622718,4.884064934827064,1.5360845857332568,1.849539078542188,1777047552.890371,1777047552.8622718,0.9037071494012041
1777047553.1147108,170.21558380126953,5.954764944144428,3.5684246870703835,0.2,1.8522455601556123,4.88417987608995,1.5359218396314769,0.012233512617259327,1.8549079383995617,1777047553.0799017,4.88417987608995,1.5359218396314769,1.8522455601556123,1777047553.056837,1777047553.0799017,0.9677974121172599
1777047553.3152041,170.4160771369934,5.954764944144428,3.5684246870703835,0.2,1.8548231616939823,4.884289415232385,1.5357657194530157,0.008209492181721774,1.8560973121067794,1777047553.2351062,4.884289415232385,1.5357657194530157,1.8548231616939823,1777047553.300171,1777047553.3121855,0.9853595935237119
1777047553.5149891,170.61586213111877,5.954764944144428,3.5684246870703835,0.2,1.8585606839229563,4.884448374699183,1.535537414994213,0.013538085643547549,1.8618769517310956,1777047553.4800646,4.884448374699183,1.535537414994213,1.8585606839229563,1777047553.475067,1777047553.4720597,0.9915912921081138
1777047553.7199626,170.82083559036255,5.954764944144428,3.5684246870703835,0.2,1.8611382854596243,4.884558092840836,1.535378644324365,0.01283142380373948,1.8633726422255439,1777047553.6541963,4.884558092840836,1.535378644324365,1.8611382854596243,1777047553.643153,1777047553.7199626,0.9981107699927187
1777047553.9150794,171.0159523487091,5.954764944144428,3.5684246870703835,0.2,1.8647469276133233,4.884711827278881,1.5351545741902697,0.01226376473583848,1.8676066279264716,1777047553.8873792,4.884711827278881,1.5351545741902697,1.8647469276133233,1777047553.875868,1777047553.856522,1.0136989448935063
1777047554.114176,171.2150490283966,5.954764944144428,3.5684246870703835,0.2,1.8683555697646563,4.884865717251774,1.5349284352470793,0.012650056671255997,1.8705404779412584,1777047554.0600984,4.884865717251774,1.5349284352470793,1.8683555697646563,1777047554.107602,1777047554.0849915,0.9573535575651502
1777047554.314482,171.4153549671173,5.954764944144428,3.5684246870703835,0.2,1.8702887709174796,4.884948224200409,1.5348064464183466,0.017056740568387723,1.8743455165567666,1777047554.2979367,4.884948224200409,1.5348064464183466,1.8702887709174796,1777047554.274302,1777047554.2979367,1.0108483157137556
1777047554.5152602,171.6161332130432,5.954764944144428,3.5684246870703835,0.2,1.8741551732249455,4.885113380114056,1.534560721724724,0.014567661682997602,1.876406102824189,1777047554.4524522,4.885113380114056,1.534560721724724,1.8741551732249455,1777047554.490013,1777047554.4589605,0.9826914654363911
1777047554.7143908,171.81526374816895,5.954764944144428,3.5684246870703835,0.2,1.8767327747614981,4.885223591953466,1.5343956225806328,0.02147303653307229,1.8814131017997013,1777047554.6704152,4.885223591953466,1.5343956225806328,1.8767327747614981,1777047554.676304,1777047554.68784,0.9218691745071019
1777047554.9146707,172.01554369926453,5.954764944144428,3.5684246870703835,0.2,1.8799547766831068,4.885361481632753,1.5341878204553776,0.028551324256351228,1.886110748907346,1777047554.886026,4.885361481632753,1.5341878204553776,1.8799547766831068,1777047554.888026,1777047554.8644762,1.0990861941777064
1777047555.1143816,172.2152545452118,5.954764944144428,3.5684246870703835,0.2,1.882790138375352,4.885482942192161,1.5340036540818915,0.01282259700457766,1.8855361886219226,1777047555.100183,4.885482942192161,1.5340036540818915,1.882790138375352,1777047555.06698,1777047555.0784986,0.9915016091300782
1777047555.3147466,172.4156196117401,5.954764944144428,3.5684246870703835,0.2,1.8858832602192932,4.88561557345799,1.5338013705264226,0.012277691961898405,1.8879907135113256,1777047555.271832,4.88561557345799,1.5338013705264226,1.8858832602192932,1777047555.285633,1777047555.2961924,0.9250761704215374
1777047555.5143695,172.6152424812317,5.954764944144428,3.5684246870703835,0.2,1.8894919023719992,4.885770484281396,1.533563578827509,0.012841787955295322,1.892219347590115,1777047555.4842203,4.885770484281396,1.533563578827509,1.8894919023719992,1777047555.511859,1777047555.5053387,0.9445714200443258
1777047555.7190855,172.81995844841003,5.954764944144428,3.5684246870703835,0.2,1.8918117437564632,4.8858701713361485,1.5334097025595583,0.0170615857667353,1.8954330204920362,1777047555.6964676,4.8858701713361485,1.5334097025595583,1.8918117437564632,1777047555.654543,1777047555.721595,1.06101772102247
1777047555.915388,173.01626110076904,5.954764944144428,3.5684246870703835,0.2,1.8947759855235393,4.885997667528576,1.5332119438045333,0.02144492489103286,1.8984767666781368,1777047555.869039,4.885997667528576,1.5332119438045333,1.8947759855235393,1777047555.86103,1777047555.869039,1.0891465254379202
1777047556.11468,173.21555304527283,5.954764944144428,3.5684246870703835,0.2,1.8973535870608806,4.886108643802668,1.5330389500302215,0.012256535056470992,1.8995972090764697,1777047556.0520942,4.886108643802668,1.5330389500302215,1.8973535870608806,1777047556.028726,1777047556.0600998,0.9342588320959619
1777047556.3176076,173.41848063468933,5.954764944144428,3.5684246870703835,0.2,1.9014777495219197,4.886286423800738,1.5327601895763228,0.019794288399142337,1.9059421046043843,1777047556.2776318,4.886286423800738,1.5327601895763228,1.9014777495219197,1777047556.296166,1777047556.2519214,0.9543793066397325
1777047556.5142598,173.6151328086853,5.954764944144428,3.5684246870703835,0.2,1.9040553510583518,4.886397675567278,1.5325847458569826,0.023393872933625173,1.909332640773102,1777047556.503216,4.886397675567278,1.5325847458569826,1.9040553510583518,1777047556.467243,1777047556.485216,1.0118067626063125
1777047556.7183383,173.81921124458313,5.954764944144428,3.5684246870703835,0.2,1.9074062330576584,4.886542466803439,1.532355284084345,0.012257924719328146,1.9093004302998375,1777047556.6577444,4.886542466803439,1.532355284084345,1.9074062330576584,1777047556.694469,1777047556.7118287,1.0699062111039759
1777047556.9150653,174.01593828201294,5.954764944144428,3.5684246870703835,0.2,1.910499354903154,4.8866762881365995,1.5321420982672904,0.01509317944319608,1.9141860699887618,1777047556.902008,4.8866762881365995,1.5321420982672904,1.910499354903154,1777047556.880945,1777047556.8934608,1.0895785200966857
1777047557.117485,174.21835803985596,5.954764944144428,3.5684246870703835,0.2,1.913205836516461,4.886793516718746,1.5319544895621546,0.01279588642081843,1.9153953242975723,1777047557.0731168,4.886793516718746,1.5319544895621546,1.913205836516461,1777047557.060038,1777047557.0555189,1.0419732325479887
1777047557.314649,174.41552209854126,5.954764944144428,3.5684246870703835,0.2,1.916685598592963,4.886944427963612,1.531711825593852,0.02128868234867879,1.9215179517988992,1777047557.3001084,4.886944427963612,1.531711825593852,1.916685598592963,1777047557.292948,1777047557.2641098,1.0124927943103674
1777047557.5146728,174.6155457496643,5.954764944144428,3.5684246870703835,0.2,1.9195209602844763,4.8870675527380625,1.531512904053028,0.01211045393427327,1.9216195088355954,1777047557.4733925,4.8870675527380625,1.531512904053028,1.9195209602844763,1777047557.477391,1777047557.5026667,1.0555457227702343
1777047557.714485,174.8153579235077,5.954764944144428,3.5684246870703835,0.2,1.9223563219746982,4.8871908239892505,1.5313129210123182,0.013535034853376093,1.9253266660070603,1777047557.6928484,4.8871908239892505,1.5313129210123182,1.9223563219746982,1777047557.65413,1777047557.6456037,0.9171982440607539
1777047557.9151816,175.01605463027954,5.954764944144428,3.5684246870703835,0.2,1.925578323897554,4.8873310859954175,1.5310843930340354,0.014878814845324868,1.9287893040925785,1777047557.9086573,4.8873310859954175,1.5310843930340354,1.925578323897554,1777047557.870966,1777047557.8899143,1.0452149608398105
1777047558.1141615,175.21503448486328,5.954764944144428,3.5684246870703835,0.2,1.9289292058963705,4.887477166644033,1.5308453022648314,0.02106551660967284,1.9332371885802628,1777047558.1131613,4.887477166644033,1.5308453022648314,1.9289292058963705,1777047558.095403,1777047558.1101537,0.9518636976431363
1777047558.3146994,175.41557240486145,5.954764944144428,3.5684246870703835,0.2,1.9315068074330703,4.887589683397064,1.5306604111116984,0.012250979556686458,1.933380268213337,1777047558.2660847,4.887589683397064,1.5306604111116984,1.9315068074330703,1777047558.254566,1777047558.2670867,0.973111189877502
1777047558.514336,175.61520910263062,5.954764944144428,3.5684246870703835,0.2,1.9351154495868794,4.887747425577294,1.530400155900126,0.011691876586834267,1.9379408624751695,1777047558.5077407,4.887747425577294,1.530400155900126,1.9351154495868794,1777047558.487182,1777047558.500229,0.9617500753109367
1777047558.7146022,175.8154752254486,5.954764944144428,3.5684246870703835,0.2,1.937564171047411,4.887854612609881,1.5302226290979188,0.02588527614605505,1.9417903612523901,1777047558.671007,4.887854612609881,1.5302226290979188,1.937564171047411,1777047558.663517,1777047558.6549604,0.9628453196775234
1777047558.914644,176.01551699638367,5.954764944144428,3.5684246870703835,0.2,1.9410439331222733,4.888007140069622,1.5299690832216752,0.015135439509614816,1.9444888977583912,1777047558.898616,4.888007140069622,1.5299690832216752,1.9410439331222733,1777047558.889097,1777047558.8624232,0.9037031067501534
1777047559.1154084,176.21628141403198,5.954764944144428,3.5684246870703835,0.2,1.9442659350455003,4.88814859163887,1.5297330038715005,0.014291136076295919,1.9472353763119483,1777047559.106398,4.88814859163887,1.5297330038715005,1.9442659350455003,1777047559.095378,1777047559.0663457,1.0930336125837767
1777047559.3157597,176.41663265228271,5.954764944144428,3.5684246870703835,0.2,1.9472301768131537,4.888278919235881,1.5295147084228506,0.014921940644300209,1.949306492271691,1777047559.3177567,4.888278919235881,1.5295147084228506,1.9472301768131537,1777047559.304404,1777047559.2560635,1.0923355716838457
1777047559.5172136,176.6180865764618,5.954764944144428,3.5684246870703835,0.2,1.9496788982733408,4.888386722150857,1.5293335895308346,0.013826888913250835,1.9526245011379748,1777047559.4585776,4.888386722150857,1.5293335895308346,1.9496788982733408,1777047559.448167,1777047559.466256,0.9706984987243138
1777047559.7148283,176.8157012462616,5.954764944144428,3.5684246870703835,0.2,1.9531586603504056,4.8885401385448155,1.529074998210706,0.014307400933933968,1.9563365458674946,1777047559.6806924,4.8885401385448155,1.529074998210706,1.9531586603504056,1777047559.670157,1777047559.6806924,0.9439556793825628
1777047559.9149237,177.01579666137695,5.954764944144428,3.5684246870703835,0.2,1.9567673025022165,4.8886995176965895,1.5288053458971225,0.016069986972262584,1.9602980717846605,1777047559.9004045,4.8886995176965895,1.5288053458971225,1.9567673025022165,1777047559.904413,1777047559.9004045,1.0822284396275648
1777047560.114387,177.2152600288391,5.954764944144428,3.5684246870703835,0.2,1.9589582638090486,4.88879642517341,1.5286409006542037,0.015178363062301182,1.9613318987112243,1777047560.0567873,4.88879642517341,1.5286409006542037,1.9589582638090486,1777047560.065295,1777047560.1163945,1.0388657475918333
1777047560.3176441,177.41851711273193,5.954764944144428,3.5684246870703835,0.2,1.962180265732334,4.888939133318934,1.5283980827299386,0.012180311448868731,1.9646567408415372,1777047560.2601051,4.888939133318934,1.5283980827299386,1.962180265732334,1777047560.268112,1777047560.3186417,1.0299332969903439
1777047560.5178463,177.61871933937073,5.954764944144428,3.5684246870703835,0.2,1.9657889078841073,4.889099249094278,1.5281247493313954,0.018252371075280868,1.9693921408667876,1777047560.457517,4.889099249094278,1.5281247493313954,1.9657889078841073,1777047560.498136,1777047560.455523,1.083108692799661
1777047560.7148056,177.81567859649658,5.954764944144428,3.5684246870703835,0.2,1.969010909806567,4.889242465958039,1.527879488938017,0.01389084471829765,1.9722499345642301,1777047560.6906939,4.889242465958039,1.527879488938017,1.969010909806567,1777047560.712301,1777047560.6811786,1.0723896287663561
1777047560.9158163,178.0166893005371,5.954764944144428,3.5684246870703835,0.2,1.9710729910374738,4.889334253407412,1.5277219293096456,0.013297636514520742,1.9740665875725316,1777047560.9158163,4.889334253407412,1.5277219293096456,1.9710729910374738,1777047560.856265,1777047560.8953853,1.051925651892611
1777047561.1150806,178.21595358848572,5.954764944144428,3.5684246870703835,0.2,1.9742949929587648,4.889477874914848,1.5274748269275853,0.011055120391443634,1.9760466834563895,1777047561.074267,4.889477874914848,1.5274748269275853,1.9742949929587648,1777047561.072754,1777047561.0350268,0.9005736411970606
1777047561.3152628,178.41613578796387,5.954764944144428,3.5684246870703835,0.2,1.9776458749579324,4.889627508088847,1.5272166706242072,0.012831423809222009,1.9803275766500554,1777047561.2832618,4.889627508088847,1.5272166706242072,1.9776458749579324,1777047561.292793,1777047561.2546403,0.9719132404709829
1777047561.5200126,178.62088561058044,5.954764944144428,3.5684246870703835,0.2,1.9808678768809234,4.889771646377043,1.5269673342940517,0.011673949291208961,1.983316834920767,1777047561.4930415,4.889771646377043,1.5269673342940517,1.9808678768809234,1777047561.491041,1777047561.4483652,1.0261830793218898
1777047561.7150137,178.81588673591614,5.954764944144428,3.5684246870703835,0.2,1.9831877182640572,4.889875585952046,1.5267871474632755,0.01118666904950585,1.9851572987935058,1777047561.6691065,4.889875585952046,1.5267871474632755,1.9831877182640572,1777047561.656079,1777047561.688915,1.0649129361181628
1777047561.9146626,179.01553559303284,5.954764944144428,3.5684246870703835,0.2,1.9866674803402553,4.890031749710218,1.5265158375089714,0.017161250268424473,1.9894946589109967,1777047561.9161723,4.890031749710218,1.5265158375089714,1.9866674803402553,1777047561.878558,1777047561.907152,1.016543938798436
1777047562.1149216,179.21579456329346,5.954764944144428,3.5684246870703835,0.2,1.989245081878808,4.890147625691919,1.526314080306984,0.013376279866172985,1.992295233067641,1777047562.0618753,4.890147625691919,1.526314080306984,1.989245081878808,1777047562.035156,1777047562.0618753,1.073013677908989
1777047562.3146784,179.4155514240265,5.954764944144428,3.5684246870703835,0.2,1.9925959638768678,4.890298521108805,1.526050808698347,0.02902815067579892,1.9991437873971762,1777047562.2874434,4.890298521108805,1.526050808698347,1.9925959638768678,1777047562.279998,1777047562.2719688,0.9890424470832195
1777047562.514521,179.61539387702942,5.954764944144428,3.5684246870703835,0.2,1.9953024454918697,4.890420612451509,1.5258373620097319,0.015942496306286504,1.9977711525451654,1777047562.4422941,4.890467174283605,1.5257558619618303,1.9963334861074529,1777047562.511018,1777047562.514521,1.0594734950650362
1777047562.7351825,179.83605551719666,5.954764944144428,3.5684246870703835,0.2,1.9987822075686985,4.890577871982037,1.525561889676699,0.019592686550541173,2.0028849849979724,1777047562.6516976,4.890577871982037,1.525561889676699,1.9987822075686985,1777047562.658485,1777047562.737179,0.9197769015832178
1777047562.9143744,180.0152473449707,5.954764944144428,3.5684246870703835,0.2,2.0023908497205607,4.890741298898663,1.525274996202135,0.021362718226228507,2.007616451959021,1777047562.8963108,4.890741298898663,1.525274996202135,2.0023908497205607,1777047562.899325,1777047562.8963108,0.9968716378608513
1777047563.1144898,180.2153627872467,5.954764944144428,3.5684246870703835,0.2,2.004968451259206,4.8908582488793275,1.5250693239814652,0.015964154107745057,2.0082511270348986,1777047563.1019387,4.8908582488793275,1.5250693239814652,2.004968451259206,1777047563.077295,1777047563.116501,0.9103822263929114
1777047563.315502,180.4163749217987,5.954764944144428,3.5684246870703835,0.2,2.008190453181774,4.891004693071393,1.524811369544191,0.015064577148653202,2.0112644170311493,1777047563.3059912,4.891004693071393,1.524811369544191,2.008190453181774,1777047563.286963,1777047563.254118,0.9940760736386997
1777047563.516749,180.61762189865112,5.954764944144428,3.5684246870703835,0.2,2.0103814144881387,4.891104439685707,1.5246354189194573,0.018414028546511356,2.0134001040939222,1777047563.4699254,4.891104439685707,1.5246354189194573,2.0103814144881387,1777047563.428213,1777047563.476934,1.0522725786477454
1777047563.7149148,180.8157877922058,5.954764944144428,3.5684246870703835,0.2,2.0145055769497127,4.89129256368312,1.5243030461856095,0.01829066191521809,2.018649302111529,1777047563.696474,4.89129256368312,1.5243030461856095,2.0145055769497127,1777047563.701332,1777047563.7058675,1.0131469335860097
1777047563.91427,181.01514291763306,5.954764944144428,3.5684246870703835,0.2,2.017083178487569,4.8914103863457825,1.5240945471575449,0.01218031144416805,2.0191027711097385,1777047563.862282,4.8914103863457825,1.5240945471575449,2.017083178487569,1777047563.871326,1777047563.8616521,1.00658845036628
1777047564.114882,181.21575498580933,5.954764944144428,3.5684246870703835,0.2,2.0205629405628827,4.891569749751488,1.5238121539798266,0.015132049997788315,2.0238257210177326,1777047564.0779026,4.891569749751488,1.5238121539798266,2.0205629405628827,1777047564.090049,1777047564.0875313,1.0686290476726612
1777047564.3161292,181.41700220108032,5.954764944144428,3.5684246870703835,0.2,2.0228827819478585,4.891676187222715,1.523623312923847,0.012238221014884632,2.025466627619875,1777047564.2890317,4.891676187222715,1.523623312923847,2.0228827819478585,1777047564.256198,1777047564.3090916,1.0088189067411018
1777047564.5144966,181.61536955833435,5.954764944144428,3.5684246870703835,0.2,2.0262336639472007,4.891830208874974,1.52334973708168,0.013536390590288312,2.029061244552375,1777047564.497919,4.891830208874974,1.52334973708168,2.0262336639472007,1777047564.477884,1777047564.450149,1.038508373327398
1777047564.7149572,181.8158302307129,5.954764944144428,3.5684246870703835,0.2,2.0297134260227505,4.891990506651221,1.5230646468151507,0.021302105219445155,2.032921070127651,1777047564.6484978,4.891990506651221,1.5230646468151507,2.0297134260227505,1777047564.696332,1777047564.6673126,1.075412698268912
1777047564.9150658,182.0159387588501,5.954764944144428,3.5684246870703835,0.2,2.031775507253922,4.892085668974877,1.5228952344366506,0.011680255450675378,2.0343713714450704,1777047564.8707416,4.892085668974877,1.5228952344366506,2.031775507253922,1777047564.847678,1777047564.8797433,0.9087430560715196
1777047565.1147351,182.2156081199646,5.954764944144428,3.5684246870703835,0.2,2.035513029483825,4.892258478504453,1.5225872969196848,0.011924254337727,2.0374789360919974,1777047565.116746,4.892258478504453,1.5225872969196848,2.035513029483825,1777047565.094398,1777047565.1122327,0.991265271332681
1777047565.31481,182.41568303108215,5.954764944144428,3.5684246870703835,0.2,2.037961750944323,4.892371929723986,1.5223849400503122,0.012198727735047188,2.0407557376906222,1777047565.264647,4.892371929723986,1.5223849400503122,2.037961750944323,1777047565.243065,1777047565.264647,0.9614837961674867
1777047565.5155492,182.61642217636108,5.954764944144428,3.5684246870703835,0.2,2.041828153252556,4.892551439943332,1.5220644713043243,0.013539442007401323,2.044993719098289,1777047565.4984503,4.892551439943332,1.5220644713043243,2.041828153252556,1777047565.49645,1777047565.5155492,0.9627784903272881
1777047565.7177408,182.8186137676239,5.954764944144428,3.5684246870703835,0.2,2.0442768747132067,4.892665370581168,1.5218609103078238,0.014175334920801025,2.0472569265453497,1777047565.7086782,4.892665370581168,1.5218609103078238,2.0442768747132067,1777047565.666904,1777047565.6603835,0.9287072437022055
1777047565.9152384,183.01611137390137,5.954764944144428,3.5684246870703835,0.2,2.047498876635238,4.892815566741487,1.5215923727561504,0.012780759478555333,2.0493841183723056,1777047565.8561845,4.892815566741487,1.5215923727561504,2.047498876635238,1777047565.882203,1777047565.865689,0.9998348616587849
1777047566.1151524,183.21602535247803,5.954764944144428,3.5684246870703835,0.2,2.0507208785589093,4.892966092558252,1.5213230588133155,0.018062693294349706,2.0545300520321272,1777047566.0670707,4.892966092558252,1.5213230588133155,2.0507208785589093,1777047566.097832,1777047566.0872815,1.0788709043819398
1777047566.3143115,183.41518449783325,5.954764944144428,3.5684246870703835,0.2,2.053685120326991,4.893104870287566,1.5210746157942998,0.012821380467015163,2.0562605728947894,1777047566.2679424,4.893104870287566,1.5210746157942998,2.053685120326991,1777047566.255891,1777047566.2659433,1.075855677736904
1777047566.5155976,183.61647057533264,5.954764944144428,3.5684246870703835,0.2,2.0572937624803505,4.893274201130494,1.520771306778862,0.021429622291750668,2.062278031491129,1777047566.5005302,4.893274201130494,1.520771306778862,2.0572937624803505,1777047566.483429,1777047566.4789076,1.0910907283334565
1777047566.7147038,183.8155767917633,5.954764944144428,3.5684246870703835,0.2,2.0594847237884935,4.893377216687329,1.520586703300288,0.013065895343540279,2.061473109863586,1777047566.6527116,4.893377216687329,1.520586703300288,2.0594847237884935,1777047566.640845,1777047566.710699,1.0902861269978656
1777047566.9186623,184.01953530311584,5.954764944144428,3.5684246870703835,0.2,2.062835605787244,4.893535075953805,1.5203037197487512,0.012650056676835388,2.065650419412098,1777047566.8752255,4.893535075953805,1.5203037197487512,2.062835605787244,1777047566.852961,1777047566.8549588,0.9247335801691134
1777047567.1141765,184.21504950523376,5.954764944144428,3.5684246870703835,0.2,2.066702008094829,4.893717685401253,1.5199762423778778,0.012262651928607168,2.069318017545914,1777047567.088557,4.893717685401253,1.5199762423778778,2.066702008094829,1777047567.104657,1777047567.067498,0.9502478003550732
1777047567.314571,184.41544389724731,5.954764944144428,3.5684246870703835,0.2,2.0690218494797037,4.893827491964168,1.5197792721780323,0.012186077731539117,2.0711890795833576,1777047567.2664018,4.893827491964168,1.5197792721780323,2.0690218494797037,1777047567.268423,1777047567.288966,0.9592102739038636
1777047567.518204,184.61907696723938,5.954764944144428,3.5684246870703835,0.2,2.0717283310939383,4.893955829899327,1.5195490228037043,0.014239186102361162,2.075196686351164,1777047567.50998,4.8940047861439515,1.5194611825468682,2.0727593717089583,1777047567.516203,1777047567.454188,1.0740454780800048
1777047567.715035,184.81590795516968,5.954764944144428,3.5684246870703835,0.2,2.075336973247694,4.8941273360378315,1.51924128099831,0.012214991239927742,2.0773794460921255,1777047567.6771903,4.8941273360378315,1.51924128099831,2.075336973247694,1777047567.669156,1777047567.6917248,0.921641128304377
1777047567.9149315,185.01580452919006,5.954764944144428,3.5684246870703835,0.2,2.0788167353247005,4.894293141699282,1.5189437414877915,0.025776654520258076,2.0845830847619102,1777047567.9008946,4.894293141699282,1.5189437414877915,2.0788167353247005,1777047567.898383,1777047567.8518157,1.0885384312473498
1777047568.114335,185.21520805358887,5.954764944144428,3.5684246870703835,0.2,2.0811365767082766,4.894403912477221,1.5187449597065383,0.013550642283332094,2.0834303170657695,1777047568.0701663,4.894403912477221,1.5187449597065383,2.0811365767082766,1777047568.066167,1777047568.07525,1.0877409300351237
1777047568.31787,185.41874289512634,5.954764944144428,3.5684246870703835,0.2,2.083843058323737,4.894533383131465,1.5185126280728833,0.013544870138044373,2.086775707375699,1777047568.28668,4.894533383131465,1.5185126280728833,2.083843058323737,1777047568.230429,1777047568.2591238,1.0174412525423737
1777047568.5150092,185.61588215827942,5.954764944144428,3.5684246870703835,0.2,2.087709460631663,4.8947187894984525,1.5181799560028382,0.014291513904648662,2.0908510181335656,1777047568.5064998,4.8947187894984525,1.5181799560028382,2.087709460631663,1777047568.476421,1777047568.470913,0.9075536516215961
1777047568.7186816,185.81955456733704,5.954764944144428,3.5684246870703835,0.2,2.089771541861527,4.8948178901813275,1.518002167143209,0.018093527312526295,2.0922658993623737,1777047568.6443589,4.8948178901813275,1.518002167143209,2.089771541861527,1777047568.629727,1777047568.7111719,1.0122176767810809
1777047568.915622,186.01649498939514,5.954764944144428,3.5684246870703835,0.2,2.09350906409262,4.894997898678467,1.517679292718801,0.017161250272445548,2.0976529847030916,1777047568.8858285,4.894997898678467,1.517679292718801,2.09350906409262,1777047568.876315,1777047568.880827,1.089951129276217
1777047569.115802,186.21667504310608,5.954764944144428,3.5684246870703835,0.2,2.0962155457081373,4.895128564534342,1.517444987543197,0.012857059794240216,2.098295611416688,1777047569.0476124,4.895178412016949,1.5173556197963758,2.0972465863231236,1777047569.112252,1777047569.1178036,0.9338025703548102
1777047569.3150008,186.41587376594543,5.954764944144428,3.5684246870703835,0.2,2.0994375476300426,4.895284466813952,1.517165516854488,0.042946073102252104,2.109756564901686,1777047569.287891,4.895284466813952,1.517165516854488,2.0994375476300426,1777047569.269004,1777047569.2858896,0.9222862484054992
1777047569.5143325,186.61520552635193,5.954764944144428,3.5684246870703835,0.2,2.1024017893998668,4.895428233175952,1.516907899106438,0.013099140289620333,2.1047992580223154,1777047569.4709158,4.895428233175952,1.516907899106438,2.1024017893998668,1777047569.449854,1777047569.4620843,0.9321563843654075
1777047569.7149978,186.81587076187134,5.954764944144428,3.5684246870703835,0.2,2.10601043155353,4.8956036915653804,1.5165936385307992,0.012661612487688417,2.1089609590782437,1777047569.7039452,4.8956036915653804,1.5165936385307992,2.10601043155353,1777047569.691764,1777047569.682716,1.0590855217246447
1777047569.9146194,187.01549243927002,5.954764944144428,3.5684246870703835,0.2,2.108974673321983,4.895748181071502,1.516334982058582,0.014760990201261542,2.1114330763621756,1777047569.8704925,4.895748181071502,1.516334982058582,2.108974673321983,1777047569.880012,1777047569.849209,1.008983243510731
1777047570.1150727,187.2159457206726,5.954764944144428,3.5684246870703835,0.2,2.1114233947842322,4.895867790692786,1.5161209667779783,0.01226265192759307,2.1141161703568847,1777047570.090084,4.895867790692786,1.5161209667779783,2.1114233947842322,1777047570.045467,1777047570.0675461,1.0879374610943844
1777047570.315012,187.41588497161865,5.954764944144428,3.5684246870703835,0.2,2.114774276784086,4.896031834228141,1.5158276114901543,0.010710565127286199,2.116592165125074,1777047570.2598126,4.896031834228141,1.5158276114901543,2.114774276784086,1777047570.278879,1777047570.295434,0.9781017281970039
1777047570.5147784,187.61565136909485,5.954764944144428,3.5684246870703835,0.2,2.1173518783217773,4.896158312209997,1.5156015739217776,0.012828987616234381,2.1201906137261948,1777047570.4810877,4.896158312209997,1.5156015739217776,2.1173518783217773,1777047570.445339,1777047570.455485,1.0555393903513948
1777047570.7144985,187.8153715133667,5.954764944144428,3.5684246870703835,0.2,2.121089400553535,4.896342157574113,1.5152732461969722,0.023436471807279636,2.126500922160967,1777047570.7119894,4.896342157574113,1.5152732461969722,2.121089400553535,1777047570.69281,1777047570.7119894,1.0680550935281006
1777047570.918602,188.01947498321533,5.954764944144428,3.5684246870703835,0.2,2.1235381220147893,4.896462900214627,1.5150577746142118,0.01253477616171906,2.125373057526054,1777047570.858377,4.896462900214627,1.5150577746142118,2.1235381220147893,1777047570.850062,1777047570.8617656,0.9754780077375041
1777047571.1145942,188.21546721458435,5.954764944144428,3.5684246870703835,0.2,2.127146764167991,4.896641261545134,1.514739729782428,0.009751104376981661,2.129320814557491,1777047571.0813313,4.896641261545134,1.514739729782428,2.127146764167991,1777047571.086575,1777047571.1071756,0.9259778200592876
1777047571.3165658,188.41743874549866,5.954764944144428,3.5684246870703835,0.2,2.129853245784293,4.8967753668806635,1.5145008075800577,0.010945213864334703,2.1317423769877624,1777047571.25393,4.8967753668806635,1.5145008075800577,2.129853245784293,1777047571.27048,1777047571.2797363,0.968626339018914
1777047571.515609,188.61648201942444,5.954764944144428,3.5684246870703835,0.2,2.1333330078606476,4.896948212159641,1.5141931442928105,0.013426447975937839,2.1362789712641397,1777047571.473345,4.896948212159641,1.5141931442928105,2.1333330078606476,1777047571.499043,1777047571.5118346,0.9928347300221562
1777047571.7173483,188.8182213306427,5.954764944144428,3.5684246870703835,0.2,2.1359106093988593,4.8970765552907976,1.5139649067609804,0.015123159753453843,2.1382489837849854,1777047571.7198565,4.8970765552907976,1.5139649067609804,2.1359106093988593,1777047571.654718,1777047571.6648738,0.9969987708900296
1777047571.914233,189.0151059627533,5.954764944144428,3.5684246870703835,0.2,2.139519251553798,4.897256681402456,1.513644901709539,0.01713133746093539,2.143684295067192,1777047571.8710914,4.897256681402456,1.513644901709539,2.139519251553798,1777047571.887363,1777047571.8978775,0.990227919851982
1777047572.1144226,189.2152955532074,5.954764944144428,3.5684246870703835,0.2,2.1417102128610335,4.8973662989014235,1.5134503498106626,0.021444074182955283,2.14662073398156,1777047572.1000834,4.897424410143315,1.5133472727369406,2.1428701335529787,1777047572.113422,1777047572.0578973,0.9251072457059004
1777047572.3158836,189.41675662994385,5.954764944144428,3.5684246870703835,0.2,2.1449322147837915,4.897527853623113,1.5131638914950671,0.004661264840299624,2.1456535638059093,1777047572.2548373,4.897527853623113,1.5131638914950671,2.1449322147837915,1777047572.27195,1777047572.3098266,0.9107054580603012
1777047572.515137,189.61600995063782,5.954764944144428,3.5684246870703835,0.2,2.1484119768618157,4.897702806996328,1.512854056259331,0.01709503881052004,2.152017839337664,1777047572.4657676,4.897702806996328,1.512854056259331,2.1484119768618157,1777047572.481379,1777047572.4597564,0.9876528076566011
1777047572.7146597,189.81553268432617,5.954764944144428,3.5684246870703835,0.2,2.151505098707263,4.897858737350973,1.51257825658765,0.022969415400747414,2.157048174189211,1777047572.7070918,4.897858737350973,1.51257825658765,2.151505098707263,1777047572.685968,1777047572.6748948,0.9569377648893086
1777047572.914646,190.0155189037323,5.954764944144428,3.5684246870703835,0.2,2.154598220553746,4.898015062027208,1.5123020991548248,0.011112390222560711,2.1568265490039726,1777047572.9076183,4.898015062027208,1.5123020991548248,2.154598220553746,1777047572.905618,1777047572.8864884,1.032283803684602
1777047573.1149435,190.21581649780273,5.954764944144428,3.5684246870703835,0.2,2.1570469420161196,4.898139100328907,1.5120832269823998,0.014880453165360399,2.159996073805123,1777047573.1058066,4.898139100328907,1.5120832269823998,2.1570469420161196,1777047573.052781,1777047573.097161,0.9157466435822831
1777047573.31465,190.41552305221558,5.954764944144428,3.5684246870703835,0.2,2.1605267040923763,4.8983157954098315,1.511771831552937,0.01464382678689352,2.1628518907490935,1777047573.2645893,4.8983157954098315,1.511771831552937,2.1605267040923763,1777047573.283222,1777047573.3030953,0.9940824348941555
1777047573.516342,190.6172149181366,5.954764944144428,3.5684246870703835,0.2,2.1629754255541407,4.898440440727677,1.511552449820048,0.015135439518376523,2.1663087410369464,1777047573.4848218,4.898440440727677,1.511552449820048,2.1629754255541407,1777047573.448748,1777047573.4577687,1.0339520976993037
1777047573.714657,190.8155300617218,5.954764944144428,3.5684246870703835,0.2,2.166455187632156,4.898618003383719,1.511240349299008,0.017112898004082194,2.1698672456443195,1777047573.684207,4.898618003383719,1.511240349299008,2.166455187632156,1777047573.682207,1777047573.6756918,0.9740084338245624
1777047573.9142115,191.01508450508118,5.954764944144428,3.5684246870703835,0.2,2.168903909093167,4.898743262696612,1.5110204846839708,0.015017285865205489,2.171053516780718,1777047573.8273492,4.898743262696612,1.5110204846839708,2.168903909093167,1777047573.833888,1777047573.9173243,0.9541886362756644
1777047574.1155274,191.21640038490295,5.954764944144428,3.5684246870703835,0.2,2.1725125512474754,4.898928321632539,1.5106961254384736,0.013035332957299866,2.1757047394176934,1777047574.0722365,4.898928321632539,1.5106961254384736,2.1725125512474754,1777047574.069721,1777047574.0568285,1.0865444777809907
1777047574.3149004,191.41577339172363,5.954764944144428,3.5684246870703835,0.2,2.175863433248283,4.899100662423792,1.5103945742718698,0.015001865572745837,2.1788487025749474,1777047574.2712297,4.899100662423792,1.5103945742718698,2.175863433248283,1777047574.304352,1777047574.2712297,1.0036490125545818
1777047574.5177407,191.61861371994019,5.954764944144428,3.5684246870703835,0.2,2.178183274632371,4.899220259135868,1.5101856108760596,0.015132050000499666,2.1818149559535156,1777047574.511229,4.899220259135868,1.5101856108760596,2.178183274632371,1777047574.447604,1777047574.43911,0.9580622231255742
1777047574.7145758,191.81544876098633,5.954764944144428,3.5684246870703835,0.2,2.1817919167870308,4.899406762686771,1.5098602458748664,0.012812263810142416,2.1839054907887405,1777047574.676194,4.899406762686771,1.5098602458748664,2.1817919167870308,1777047574.679183,1777047574.6814115,0.9475256376835651
1777047574.9168718,192.0177447795868,5.954764944144428,3.5684246870703835,0.2,2.1843695183261715,4.899540327273811,1.5096276173253875,0.016016183878136706,2.1878516440885716,1777047574.893607,4.899540327273811,1.5096276173253875,2.1843695183261715,1777047574.848618,1777047574.9021301,0.9668807102523618
1777047575.115154,192.21602702140808,5.954764944144428,3.5684246870703835,0.2,2.187591520248686,4.899707692813134,1.5093365766110771,0.015952376268075417,2.1909358300725637,1777047575.1032503,4.899707692813134,1.5093365766110771,2.187591520248686,1777047575.063807,1777047575.1091347,1.03762746452674
1777047575.3172219,192.41809487342834,5.954764944144428,3.5684246870703835,0.2,2.1905557620188,4.899862073324223,1.5090685767040641,0.006259984973378373,2.191497242383855,1777047575.2536469,4.899862073324223,1.5090685767040641,2.1905557620188,1777047575.274748,1777047575.2641983,0.938676407898425
1777047575.5148592,192.61573219299316,5.954764944144428,3.5684246870703835,0.2,2.194293284250195,4.900057282308246,1.5087303446024483,0.012201205806610934,2.1972993748087295,1777047575.5000234,4.900057282308246,1.5087303446024483,2.194293284250195,1777047575.506258,1777047575.4870842,0.9815615405879934
1777047575.7143514,192.8152244091034,5.954764944144428,3.5684246870703835,0.2,2.1966131256344443,4.900178759631971,1.5085202344479611,0.017345726549311727,2.1994478545887257,1777047575.6634486,4.900178759631971,1.5085202344479611,2.1966131256344443,1777047575.654011,1777047575.6530194,0.969309926639693
1777047575.914867,193.01573991775513,5.954764944144428,3.5684246870703835,0.2,2.200479527943555,4.900381757795202,1.5081697676870804,0.014267749423450474,2.2037636822656723,1777047575.8936288,4.900381757795202,1.5081697676870804,2.200479527943555,1777047575.910357,1777047575.876573,1.0187461541870009
1777047576.1157188,193.21659183502197,5.954764944144428,3.5684246870703835,0.2,2.2025416091746077,4.900490298670843,1.5079827121050178,0.013553700124265749,2.2053747734777076,1777047576.1026614,4.900490298670843,1.5079827121050178,2.2025416091746077,1777047576.053769,1777047576.0941534,0.9697808574111154
1777047576.3147964,193.41566944122314,5.954764944144428,3.5684246870703835,0.2,2.206021371251186,4.90067389773574,1.5076668434984446,0.01260316201994945,2.208167930215961,1777047576.2729805,4.90067389773574,1.5076668434984446,2.206021371251186,1777047576.299763,1777047576.2637525,1.015873734904828
1777047576.5172749,193.61814785003662,5.954764944144428,3.5684246870703835,0.2,2.2088567329446978,4.900823903957291,1.507409278912638,0.014128651917448108,2.212009454248412,1777047576.4961243,4.900823903957291,1.507409278912638,2.2088567329446978,1777047576.456797,1777047576.493125,0.9987480089575119
1777047576.7174923,193.81836533546448,5.954764944144428,3.5684246870703835,0.2,2.2120787348682036,4.900994811444226,1.507116393190243,0.015121467553243362,2.214204693719923,1777047576.7200155,4.900994811444226,1.507116393190243,2.2120787348682036,1777047576.657453,1777047576.643253,1.0724115892237587
1777047576.914988,194.0158610343933,5.954764944144428,3.5684246870703835,0.2,2.2156873770221086,4.901186793834253,1.5067881211335574,0.014438479186734627,2.2188813922201045,1777047576.8579319,4.901186793834253,1.5067881211335574,2.2156873770221086,1777047576.895203,1777047576.8644636,0.9065945360674807
1777047577.1161687,194.21704173088074,5.954764944144428,3.5684246870703835,0.2,2.2182649785618125,4.901324292059914,1.5065534926152597,0.036489956954020596,2.227465749353746,1777047577.1100771,4.901324292059914,1.5065534926152597,2.2182649785618125,1777047577.077957,1777047577.095,1.0995379185158185
1777047577.3142633,194.41513633728027,5.954764944144428,3.5684246870703835,0.2,2.2209714601774255,4.901468996712364,1.5063070052334815,0.012712829474165518,2.2230550886072837,1777047577.2739768,4.901468996712364,1.5063070052334815,2.2209714601774255,1777047577.261567,1777047577.265564,0.9913115303207565
1777047577.514647,194.61552000045776,5.954764944144428,3.5684246870703835,0.2,2.22393570194658,4.901627874053112,1.5060368992745359,0.010694672517682621,2.226418425107262,1777047577.5061226,4.901690155186826,1.5059311662275872,2.2250956226393495,1777047577.513141,1777047577.496583,0.9430197014147592
1777047577.715048,194.81592106819153,5.954764944144428,3.5684246870703835,0.2,2.22728658394813,4.901807969358262,1.5057313898142906,0.015677103981652705,2.2297125053623024,1777047577.6608655,4.901807969358262,1.5057313898142906,2.22728658394813,1777047577.663862,1777047577.6608655,0.9037469935160118
1777047577.914419,195.015291929245,5.954764944144428,3.5684246870703835,0.2,2.2306374659482167,4.901988592315422,1.505425707076122,0.013482708255267567,2.2336687113416542,1777047577.8856902,4.901988592315422,1.505425707076122,2.2306374659482167,1777047577.89123,1777047577.8756068,1.0332684588840166
1777047578.1144583,195.21533131599426,5.954764944144428,3.5684246870703835,0.2,2.233343947563897,4.902134867068311,1.5051786897219814,0.012253478917117077,2.2359561712909373,1777047578.0988724,4.902134867068311,1.5051786897219814,2.233343947563897,1777047578.05596,1777047578.0988724,0.9815528936176937
1777047578.3154066,195.41627955436707,5.954764944144428,3.5684246870703835,0.2,2.2359215491036686,4.902274499204835,1.5049433407048896,0.02858302783214703,2.2409003121406017,1777047578.2730584,4.902274499204835,1.5049433407048896,2.2359215491036686,1777047578.255902,1777047578.2685487,0.9464632807031779
1777047578.5149543,195.61582732200623,5.954764944144428,3.5684246870703835,0.2,2.239787951411561,4.902484540570828,1.504590154317589,0.01714764059425656,2.2425737913305404,1777047578.4355204,4.902484540570828,1.504590154317589,2.239787951411561,1777047578.486443,1777047578.500407,1.0570169637135425
1777047578.7175975,195.81847047805786,5.954764944144428,3.5684246870703835,0.2,2.2422366728734904,4.902617936471893,1.5043663743973554,0.01717924815399856,2.246196210760154,1777047578.6660042,4.902617936471893,1.5043663743973554,2.2422366728734904,1777047578.652979,1777047578.7186005,0.9088138496360636
1777047578.9152346,196.0161075592041,5.954764944144428,3.5684246870703835,0.2,2.2450720345672455,4.902772754600308,1.5041071743764316,0.011677227649574745,2.2472018020605606,1777047578.9182441,4.902836200885005,1.5040011125287929,2.24623195525983,1777047578.915234,1777047578.871667,1.077724810067414
1777047579.115278,196.2161509990692,5.954764944144428,3.5684246870703835,0.2,2.248551796644316,4.902963288408488,1.5037889465929553,0.011934521616731685,2.2510913948640567,1777047579.061185,4.902963288408488,1.5037889465929553,2.248551796644316,1777047579.065698,1777047579.0782118,0.9346330186724556
1777047579.3144653,196.41533827781677,5.954764944144428,3.5684246870703835,0.2,2.251902678645163,4.903147319599612,1.503482390660742,0.019742959183474105,2.2562405994016537,1777047579.2809048,4.903147319599612,1.503482390660742,2.251902678645163,1777047579.292753,1777047579.3064141,1.0714288377753367
1777047579.5151534,196.61602640151978,5.954764944144428,3.5684246870703835,0.2,2.254995800492662,4.903317679299502,1.503199324556418,0.01714274639988121,2.2587185027207672,1777047579.4980638,4.903317679299502,1.503199324556418,2.254995800492662,1777047579.488534,1777047579.4699008,0.9822539923475034
1777047579.7149284,196.81580138206482,5.954764944144428,3.5684246870703835,0.2,2.258217802415661,4.903495634291,1.5029043788086196,0.01428169675358378,2.2603184897839976,1777047579.7169354,4.903495634291,1.5029043788086196,2.258217802415661,1777047579.708402,1777047579.687337,1.083572211923577
1777047579.9147117,197.01558470726013,5.954764944144428,3.5684246870703835,0.2,2.260795403955047,4.903638364824125,1.5026683650172061,0.016021880389855164,2.264543033680322,1777047579.8790603,4.903638364824125,1.5026683650172061,2.260795403955047,1777047579.862013,1777047579.9141912,1.0555404204206578
1777047580.1151338,197.21600675582886,5.954764944144428,3.5684246870703835,0.2,2.2637596457256244,4.903802909246707,1.5023968921336226,0.01506289804969517,2.266573531595716,1777047580.0658693,4.903802909246707,1.5023968921336226,2.2637596457256244,1777047580.087435,1777047580.0723898,0.9711749443248514
1777047580.3145669,197.41543984413147,5.954764944144428,3.5684246870703835,0.2,2.2664661273409834,4.903953524523372,1.5021489773979055,0.01124718534695805,2.2688508538993015,1777047580.277898,4.903953524523372,1.5021489773979055,2.2664661273409834,1777047580.271695,1777047580.296475,0.946940125540593
1777047580.514887,197.61576008796692,5.954764944144428,3.5684246870703835,0.2,2.269430369111072,4.904118900787729,1.5018774047462935,0.013022144069783284,2.2722478382974503,1777047580.494258,4.904118900787729,1.5018774047462935,2.269430369111072,1777047580.438725,1777047580.511242,0.9810579765772359
1777047580.7150826,197.8159556388855,5.954764944144428,3.5684246870703835,0.2,2.272652371035669,4.90429915350536,1.50158216838298,0.018385219451124413,2.275493957125343,1777047580.648816,4.90429915350536,1.50158216838298,2.272652371035669,1777047580.661359,1777047580.6588433,0.9652187832894359
1777047580.9152546,198.01612758636475,5.954764944144428,3.5684246870703835,0.2,2.2757454928818515,4.904472683955594,1.5012987008742547,0.013406801145405524,2.278620320901414,1777047580.8632467,4.904472683955594,1.5012987008742547,2.2757454928818515,1777047580.866755,1777047580.879796,0.9711625388329673
1777047581.1150086,198.21588158607483,5.954764944144428,3.5684246870703835,0.2,2.2794830151142342,4.9046830067726095,1.5009561345778073,0.012261539320436736,2.2822069639194558,1777047581.0854006,4.9046830067726095,1.5009561345778073,2.2794830151142342,1777047581.112002,1777047581.0492258,0.9722085448664107
1777047581.3145838,198.4154567718506,5.954764944144428,3.5684246870703835,0.2,2.282060616653601,4.904828466712638,1.5007198604307823,0.028551324259105892,2.2879961319951336,1777047581.29329,4.904828466712638,1.5007198604307823,2.282060616653601,1777047581.287767,1777047581.2817678,1.0846243007964544
1777047581.5152283,198.6161012649536,5.954764944144428,3.5684246870703835,0.2,2.2848959783459524,4.904988860347418,1.5004599439622368,0.015123159754079171,2.2877351367800376,1777047581.4810257,4.904988860347418,1.5004599439622368,2.2848959783459524,1777047581.469991,1777047581.500866,1.0116992653735923
1777047581.7350512,198.83592414855957,5.954764944144428,3.5684246870703835,0.2,2.287344699808509,4.905127709982083,1.5002354619583982,0.014193945554254399,2.2895759251432737,1777047581.7380497,4.905186264115359,1.5001409416692602,2.288375740424531,1777047581.702823,1777047581.6445682,1.027461167787648
1777047581.914079,199.0149519443512,5.954764944144428,3.5684246870703835,0.2,2.2913399821947014,4.9053549087976736,1.4998691935957873,0.025744736018254995,2.2980027390563214,1777047581.897022,4.9053549087976736,1.4998691935957873,2.2913399821947014,1777047581.890003,1777047581.9050457,0.9517520695913277
1777047582.1146924,199.21556544303894,5.954764944144428,3.5684246870703835,0.2,2.2936598235793717,4.905487204458509,1.499656521771701,0.014994791185640925,2.2960397148576166,1777047582.0557365,4.905487204458509,1.499656521771701,2.2936598235793717,1777047582.044099,1777047582.0642588,1.091123949206767
1777047582.3144362,199.41530919075012,5.954764944144428,3.5684246870703835,0.2,2.2971395856579555,4.9056861647190795,1.4993375215830207,0.012850641209752158,2.300221282477892,1777047582.2955453,4.9056861647190795,1.4993375215830207,2.2971395856579555,1777047582.293031,1777047582.2900221,0.9853937410605854
1777047582.5144582,199.61533117294312,5.954764944144428,3.5684246870703835,0.2,2.3002327075051454,4.9058635405866875,1.49905398015117,0.012848197707803079,2.3030453429528226,1777047582.5144582,4.9058635405866875,1.49905398015117,2.3002327075051454,1777047582.475322,1777047582.4517527,0.9180189837172543
1777047582.7189906,199.81986355781555,5.954764944144428,3.5684246870703835,0.2,2.3034547094285696,4.906048831705523,1.498758646114053,0.01567483101328979,2.306006165719939,1777047582.6772323,4.906048831705523,1.498758646114053,2.3034547094285696,1777047582.687751,1777047582.6570966,0.9556785365360821
1777047582.9153311,200.01620411872864,5.954764944144428,3.5684246870703835,0.2,2.305774550814501,4.906182573792046,1.4985460233143744,0.018304287635731484,2.3098845300110145,1777047582.9017687,4.906182573792046,1.4985460233143744,2.305774550814501,1777047582.853566,1777047582.8801486,0.9063847214836256
1777047583.1147497,200.21562266349792,5.954764944144428,3.5684246870703835,0.2,2.3091254328157156,4.906376249769839,1.4982389337780708,0.014318770453693832,2.312124888560242,1777047583.1112459,4.906376249769839,1.4982389337780708,2.3091254328157156,1777047583.074506,1777047583.092545,1.0633578611647925
1777047583.3152502,200.41612315177917,5.954764944144428,3.5684246870703835,0.2,2.312347434739209,4.906563027788722,1.4979436981239762,0.02146536244109574,2.3162225781502905,1777047583.291776,4.906563027788722,1.4979436981239762,2.312347434739209,1777047583.298294,1777047583.2817383,0.9077721468912253
1777047583.5149202,200.6157932281494,5.954764944144428,3.5684246870703835,0.2,2.3154405565871876,4.906742844701289,1.4976603180548678,0.0205521337726494,2.318730732358754,1777047583.4518652,4.906742844701289,1.4976603180548678,2.3154405565871876,1777047583.464177,1777047583.4340363,1.0427242685052054
1777047583.7151897,200.81606268882751,5.954764944144428,3.5684246870703835,0.2,2.318662558511054,4.906930686967027,1.4973651854298011,0.01220699189734664,2.3212910042775627,1777047583.6671882,4.906930686967027,1.4973651854298011,2.318662558511054,1777047583.688271,1777047583.6837616,0.9107006743531134
1777047583.914237,201.01511001586914,5.954764944144428,3.5684246870703835,0.2,2.320982399896025,4.907066271127397,1.4971527285562602,0.01168757913188082,2.3234829174901352,1777047583.8811347,4.907066271127397,1.4971527285562602,2.320982399896025,1777047583.829988,1777047583.9032118,1.0138051366081544
1777047584.1148233,201.21569633483887,5.954764944144428,3.5684246870703835,0.2,2.3251065623599096,4.907308010004428,1.496775116228263,0.015033155973930037,2.327533696284697,1777047584.0425868,4.907308010004428,1.496775116228263,2.3251065623599096,1777047584.106872,1777047584.064872,0.9388185003957343
1777047584.3143158,201.41518878936768,5.954764944144428,3.5684246870703835,0.2,2.3274264037449566,4.9074443832012165,1.4965627637660308,0.01347699382155948,2.3306376383498573,1777047584.280862,4.9074443832012165,1.4965627637660308,2.3274264037449566,1777047584.260882,1777047584.2911196,1.0322993817981871
1777047584.5149653,201.61583828926086,5.954764944144428,3.5684246870703835,0.2,2.3310350458998066,4.907657086504256,1.4962325230559854,0.017097742358262193,2.3336768958861893,1777047584.5230258,4.907657086504256,1.4962325230559854,2.3310350458998066,1777047584.488361,1777047584.4428933,1.0833401236293132
1777047584.7143793,201.81525230407715,5.954764944144428,3.5684246870703835,0.2,2.3333548872859176,4.907794189930426,1.496020284186936,0.013539102901269109,2.3365649424800723,1777047584.6724718,4.907794189930426,1.496020284186936,2.3333548872859176,1777047584.65537,1777047584.702794,1.0042784612108768
1777047584.9148254,202.01569843292236,5.954764944144428,3.5684246870703835,0.2,2.337092409517501,4.908015682398718,1.4956784478718719,0.014223824392107459,2.340167273013856,1777047584.8886487,4.908015682398718,1.4956784478718719,2.337092409517501,1777047584.899165,1777047584.8785496,0.980787944852058
1777047585.1145356,202.2154085636139,5.954764944144428,3.5684246870703835,0.2,2.3396700110568283,4.908168870972372,1.49544277824949,0.012518520239248087,2.3415673397297163,1777047585.118047,4.908168870972372,1.49544277824949,2.3396700110568283,1777047585.054843,1777047585.046216,1.0440429320627551
1777047585.314368,202.4152410030365,5.954764944144428,3.5684246870703835,0.2,2.343149773135833,4.908376240682247,1.495124734169494,0.015112167245012973,2.3469894986741684,1777047585.2942922,4.908376240682247,1.495124734169494,2.343149773135833,1777047585.292292,1777047585.2772148,0.9799353549238489
1777047585.5159276,202.61680054664612,5.954764944144428,3.5684246870703835,0.2,2.345727374674709,4.908530267566865,1.4948892318419367,0.014259469313490265,2.3478480569208786,1777047585.4430132,4.908530267566865,1.4948892318419367,2.345727374674709,1777047585.449118,1777047585.508871,1.051383520563145
1777047585.7149487,202.81582164764404,5.954764944144428,3.5684246870703835,0.2,2.3493360168300175,4.908746506972238,1.4945596584677843,0.01975739117444912,2.3543345524221553,1777047585.696009,4.908746506972238,1.4945596584677843,2.3493360168300175,1777047585.693773,1777047585.6649933,0.9669596280269068
1777047585.9144707,203.01534366607666,5.954764944144428,3.5684246870703835,0.2,2.3519136183700304,4.908901394608708,1.4943243462509272,0.015010613750732172,2.3544698329458105,1777047585.8663027,4.908901394608708,1.4943243462509272,2.3519136183700304,1777047585.87382,1777047585.9064424,0.978039813422448
1777047586.1151001,203.2159731388092,5.954764944144428,3.5684246870703835,0.2,2.3546200999859046,4.90906441408239,1.4940773598449393,0.012261539314352697,2.3565602558580627,1777047586.0245337,4.909118842261064,1.4939950525036276,2.3555222605245216,1777047586.108568,1777047586.0525956,1.05794114915828
1777047586.314558,203.41543102264404,5.954764944144428,3.5684246870703835,0.2,2.3583576222183,4.909290190366255,1.4937364443346095,0.015029812113891578,2.3613718020628816,1777047586.2250805,4.909290190366255,1.4937364443346095,2.3583576222183,1777047586.298376,1777047586.2958658,0.9153604199343749
1777047586.5140817,203.6149547100067,5.954764944144428,3.5684246870703835,0.2,2.3617085042200405,4.9094932573510865,1.4934309621147073,0.01975739116600731,2.3664694501418566,1777047586.4660509,4.9094932573510865,1.4934309621147073,2.3617085042200405,1777047586.473561,1777047586.4650135,1.0967779741889119
1777047586.7142797,203.81515264511108,5.954764944144428,3.5684246870703835,0.2,2.364157225681941,4.909642040217411,1.4932078287573582,0.013933093341662133,2.367594836065631,1777047586.7127736,4.909642040217411,1.4932078287573582,2.364157225681941,1777047586.646562,1777047586.6666358,1.0355734183408438
1777047586.914804,204.01567697525024,5.954764944144428,3.5684246870703835,0.2,2.3676369877607293,4.909854033167091,1.492890901104678,0.01115757559750308,2.3692825550155496,1777047586.8602579,4.909854033167091,1.492890901104678,2.3676369877607293,1777047586.873808,1777047586.911714,1.0641419956994222
1777047587.1143105,204.21518349647522,5.954764944144428,3.5684246870703835,0.2,2.370987869762285,4.910058802544547,1.4925858918909611,0.011694152996532333,2.3736300521389446,1777047587.0861983,4.910058802544547,1.4925858918909611,2.370987869762285,1777047587.09572,1777047587.0771775,1.0684672142220244
1777047587.3152692,204.4161422252655,5.954764944144428,3.5684246870703835,0.2,2.3738232314551606,4.910232551406718,1.4923279506628406,0.016853595508951612,2.3771598970283514,1777047587.2841778,4.910232551406718,1.4923279506628406,2.3738232314551606,1777047587.290185,1777047587.2740238,1.074019047700872
1777047587.5148385,204.61571145057678,5.954764944144428,3.5684246870703835,0.2,2.3769163533032707,4.9104226012006205,1.4920467154889192,0.013593577994966282,2.3794318547793187,1777047587.4692285,4.9104226012006205,1.4920467154889192,2.3769163533032707,1777047587.470333,1777047587.4459496,0.9227253727567264
1777047587.71441,204.81528306007385,5.954764944144428,3.5684246870703835,0.2,2.3792361946890406,4.9105654854701495,1.4918358985960538,0.016004329176036416,2.3828332293945937,1777047587.6939824,4.9105654854701495,1.4918358985960538,2.3792361946890406,1777047587.635891,1777047587.6869283,1.0573190573416826
1777047587.9152617,205.01613473892212,5.954764944144428,3.5684246870703835,0.2,2.3828448368437045,4.91078834225222,1.4915081536096442,0.012859812595479282,2.3856244767219326,1777047587.9101317,4.91078834225222,1.4915081536096442,2.3828448368437045,1777047587.87553,1777047587.918268,0.9847972433910621
1777047588.1144524,205.21532535552979,5.954764944144428,3.5684246870703835,0.2,2.3863245989229167,4.911003924376335,1.491192342637529,0.01427717031714725,2.3883591558748165,1777047588.052636,4.911003924376335,1.491192342637529,2.3863245989229167,1777047588.104936,1777047588.0823953,1.0162243905150388
1777047588.3142226,205.41509556770325,5.954764944144428,3.5684246870703835,0.2,2.3889022004623683,4.911164049125037,1.4909585579619618,0.021309663037202158,2.393770028454859,1777047588.2810688,4.911164049125037,1.4909585579619618,2.3889022004623683,1777047588.287054,1777047588.2990897,1.0353614513131109
1777047588.5178258,205.61869883537292,5.954764944144428,3.5684246870703835,0.2,2.3912220418474757,4.911308478027944,1.4907482632847762,0.011680255453090217,2.3932978242453977,1777047588.458786,4.911308478027944,1.4907482632847762,2.3912220418474757,1777047588.438721,1777047588.458786,1.0279204533488213
1777047588.7150602,205.81593322753906,5.954764944144428,3.5684246870703835,0.2,2.3949595640806205,4.911541801228809,1.49040968322293,0.013557779401520574,2.3981816177246627,1777047588.6964395,4.911541801228809,1.49040968322293,2.3949595640806205,1777047588.684934,1777047588.6964395,0.9716178511417384
1777047588.914645,206.01551795005798,5.954764944144428,3.5684246870703835,0.2,2.397666045697149,4.91171124738378,1.490164684714649,0.012196525851172264,2.4002460026175187,1777047588.9079716,4.91171124738378,1.490164684714649,2.397666045697149,1777047588.84721,1777047588.9079716,0.9592057119007164
1777047589.1182992,206.2191722393036,5.954764944144428,3.5684246870703835,0.2,2.40075916754415,4.911905403108774,1.489884876719741,0.017140572103517136,2.4033051549076743,1777047589.0565073,4.911905403108774,1.489884876719741,2.40075916754415,1777047589.054484,1777047589.1097665,1.0259269642329687
1777047589.314746,206.41561889648438,5.954764944144428,3.5684246870703835,0.2,2.4038522893924434,4.912100096378196,1.48960527664579,0.01839585579362515,2.408296211288031,1777047589.2980793,4.912100096378196,1.48960527664579,2.4038522893924434,1777047589.27506,1777047589.2685404,1.0980162993247364
1777047589.5149195,206.61579251289368,5.954764944144428,3.5684246870703835,0.2,2.4073320514706698,4.912319770164089,1.4892909814599438,0.011192227882257164,2.4095961065521623,1777047589.5003674,4.912319770164089,1.4892909814599438,2.4073320514706698,1777047589.487342,1777047589.468241,1.0611746275030731
1777047589.714806,206.81567907333374,5.954764944144428,3.5684246870703835,0.2,2.4106829334720707,4.912531953545895,1.4889885884136251,0.015919021776098347,2.412970851828003,1777047589.7168124,4.912531953545895,1.4889885884136251,2.4106829334720707,1777047589.702259,1777047589.66837,1.0752023780264712
1777047589.914493,207.0153660774231,5.954764944144428,3.5684246870703835,0.2,2.413002774858383,4.912679221521493,1.4887793931408153,0.01696892963728897,2.4166889570559875,1777047589.861321,4.912679221521493,1.4887793931408153,2.413002774858383,1777047589.867316,1777047589.8945532,0.9948985114996162
1777047590.1152704,207.21614336967468,5.954764944144428,3.5684246870703835,0.2,2.416482536936515,4.912900694891483,1.488465841321089,0.01512527553274314,2.4196531296328536,1777047590.070943,4.912900694891483,1.488465841321089,2.416482536936515,1777047590.10188,1777047590.110269,1.050330319616076
1777047590.3142,207.41507291793823,5.954764944144428,3.5684246870703835,0.2,2.4190601384760324,4.913065192046647,1.4882337709016373,0.01220919757240038,2.421532385829258,1777047590.2734337,4.913065192046647,1.4882337709016373,2.4190601384760324,1777047590.261878,1777047590.2689252,1.0975906200296723
1777047590.5146956,207.6155686378479,5.954764944144428,3.5684246870703835,0.2,2.422926540786348,4.913312645744076,1.4878859756474965,0.015133744576429279,2.4254931193797997,1777047590.4430268,4.913312645744076,1.4878859756474965,2.422926540786348,1777047590.509936,1777047590.490233,0.9031231694185055
1777047590.7165916,207.81746459007263,5.954764944144428,3.5684246870703835,0.2,2.424859741940759,4.913436691683701,1.4877122202875246,0.012256812966740532,2.4275086814939217,1777047590.6591465,4.913502936611053,1.4876195901177738,2.4258907825563907,1777047590.716591,1777047590.718588,0.9370149477174984
1777047590.9153256,208.01619863510132,5.954764944144428,3.5684246870703835,0.2,2.428210623942157,4.913652209431964,1.4874112734609386,0.013544870143084982,2.4309897013180852,1777047590.8643222,4.913652209431964,1.4874112734609386,2.428210623942157,1777047590.86233,1777047590.854816,1.0283700330826995
1777047591.1202276,208.22110056877136,5.954764944144428,3.5684246870703835,0.2,2.4318192660984757,4.9138850226116855,1.4870875079722452,0.0181652739580456,2.4355361990481295,1777047591.0689397,4.9138850226116855,1.4870875079722452,2.4318192660984757,1777047591.092023,1777047591.0865068,1.040324994446157
1777047591.3157034,208.41657638549805,5.954764944144428,3.5684246870703835,0.2,2.434912387945513,4.91408516975675,1.4868102736334867,0.015348160769927914,2.438498602332337,1777047591.3025973,4.91408516975675,1.4868102736334867,2.434912387945513,1777047591.304677,1777047591.2955642,0.9732445940611435
1777047591.5148256,208.6156985759735,5.954764944144428,3.5684246870703835,0.2,2.4373611094083945,4.914244008401166,1.4865909824008452,0.014549625132501525,2.4397987130441487,1777047591.4701345,4.914244008401166,1.4865909824008452,2.4373611094083945,1777047591.473144,1777047591.4766564,0.9434572773965519
1777047591.7140586,208.81493163108826,5.954764944144428,3.5684246870703835,0.2,2.44019647110275,4.914428356721214,1.4863372748965173,0.014256836754507764,2.4435024748560097,1777047591.7020235,4.914428356721214,1.4863372748965173,2.44019647110275,1777047591.641375,1777047591.7085373,1.0623480965942245
1777047591.9151373,209.01601028442383,5.954764944144428,3.5684246870703835,0.2,2.44354735310384,4.914646818570956,1.4860377322193128,0.015082651291907365,2.4459742613253233,1777047591.8629308,4.914646818570956,1.4860377322193128,2.44354735310384,1777047591.861932,1777047591.8714397,0.9477409023908094
1777047592.1149554,209.2158284187317,5.954764944144428,3.5684246870703835,0.2,2.4467693550287923,4.914857487521858,1.485750015497987,0.015850405306857905,2.4504069483428292,1777047592.092426,4.914857487521858,1.485750015497987,2.4467693550287923,1777047592.092425,1777047592.0999384,1.0848467222324578
1777047592.3149214,209.4157943725586,5.954764944144428,3.5684246870703835,0.2,2.4501202370309105,4.915077218098766,1.4854511131381385,0.017138398352732034,2.4526809343229727,1777047592.3159866,4.915077218098766,1.4854511131381385,2.4501202370309105,1777047592.312918,1777047592.3159866,0.9859724088236197
1777047592.5149975,209.61587047576904,5.954764944144428,3.5684246870703835,0.2,2.452826718647092,4.915255166042345,1.4852099364182947,0.012195425208046553,2.455568152714748,1777047592.466631,4.915255166042345,1.4852099364182947,2.452826718647092,1777047592.475662,1777047592.4776661,1.012694232020846
1777047592.718612,209.81948494911194,5.954764944144428,3.5684246870703835,0.2,2.455275440110114,4.915416531442286,1.4849919198995927,0.014321805388738148,2.4585080921248035,1777047592.6923463,4.915416531442286,1.4849919198995927,2.455275440110114,1777047592.653078,1777047592.7221262,1.0668797754450414
1777047592.9149015,210.0157744884491,5.954764944144428,3.5684246870703835,0.2,2.4586263221124014,4.915637909690322,1.4846938797924791,0.017122112772692138,2.462265311563824,1777047592.904878,4.915637909690322,1.4846938797924791,2.4586263221124014,1777047592.871153,1777047592.8670444,1.0868283389504945
1777047593.1145446,210.2154176235199,5.954764944144428,3.5684246870703835,0.2,2.4623638443444524,4.91588559939259,1.4843618635568714,0.014267749422663864,2.4646301770433596,1777047593.063721,4.91588559939259,1.4843618635568714,2.4623638443444524,1777047593.11204,1777047593.0929718,0.9449070664420308
1777047593.317016,210.417888879776,5.954764944144428,3.5684246870703835,0.2,2.4648125658077387,4.91604831847357,1.4841445755720477,0.014263231815552693,2.4682915865523154,1777047593.3076363,4.91604831847357,1.4841445755720477,2.4648125658077387,1777047593.264503,1777047593.3146603,1.0539720618317576
1777047593.5184233,210.61929631233215,5.954764944144428,3.5684246870703835,0.2,2.4677768075788524,4.91624576044643,1.4838818005626615,0.014813982526483062,2.469989447865632,1777047593.4569979,4.91624576044643,1.4838818005626615,2.4677768075788524,1777047593.471558,1777047593.4650555,0.9876261043404738
1777047593.7146902,210.8155632019043,5.954764944144428,3.5684246870703835,0.2,2.4713854497339973,4.9164868146578415,1.483562287049841,0.010143973848798437,2.4737349710969667,1777047593.6886153,4.9164868146578415,1.483562287049841,2.4713854497339973,1777047593.704173,1777047593.698654,0.9850778241498714
1777047593.9162781,211.01715111732483,5.954764944144428,3.5684246870703835,0.2,2.473963051274376,4.91665946071066,1.4833343265914785,0.01935140769671308,2.4767354447119896,1777047593.9182796,4.91665946071066,1.4833343265914785,2.473963051274376,1777047593.863842,1777047593.85433,0.9130716854875388
1777047594.1144187,211.21529173851013,5.954764944144428,3.5684246870703835,0.2,2.4770561731223517,4.916867147503772,1.4830610679136749,0.01707937511434487,2.480962094583113,1777047594.0605733,4.916867147503772,1.4830610679136749,2.4770561731223517,1777047594.075306,1777047594.0700946,1.0283151796470362
1777047594.3144135,211.4152865409851,5.954764944144428,3.5684246870703835,0.2,2.4795048945847,4.9170319623745,1.4828449682108038,0.016048041279492404,2.4830633529414174,1777047594.2823112,4.917110154870375,1.4827426768518537,2.480664815277646,1777047594.312907,1777047594.305379,1.0091043318233373
1777047594.5150173,211.6158902645111,5.954764944144428,3.5684246870703835,0.2,2.483113536741099,4.917275486280888,1.4825268810163172,0.015140950720055845,2.485352184617681,1777047594.430165,4.917275486280888,1.4825268810163172,2.483113536741099,1777047594.465776,1777047594.466779,1.007386442121624
1777047594.7156487,211.81652164459229,5.954764944144428,3.5684246870703835,0.2,2.4864644187428873,4.9175022979333205,1.4822319203288556,0.015146465924415528,2.489854872261609,1777047594.6540096,4.9175022979333205,1.4822319203288556,2.4864644187428873,1777047594.699786,1777047594.7090724,1.064556706738765
1777047594.9149017,212.01577472686768,5.954764944144428,3.5684246870703835,0.2,2.48917090035936,4.917685972151731,1.4819939721060327,0.011152511295096416,2.4915261538531337,1777047594.8651955,4.917685972151731,1.4819939721060327,2.48917090035936,1777047594.863202,1777047594.8717139,1.034610128326963
1777047595.1143456,212.21521854400635,5.954764944144428,3.5684246870703835,0.2,2.492908422592979,4.917940323717606,1.4816658075738618,0.01284422901993366,2.4959469742047973,1777047595.101765,4.917940323717606,1.4816658075738618,2.492908422592979,1777047595.106288,1777047595.1007643,1.087503152096383
1777047595.3148603,212.41573333740234,5.954764944144428,3.5684246870703835,0.2,2.495357144055653,4.918107412458557,1.4814510773070646,0.010607370780531455,2.497109699149501,1777047595.2669854,4.918107412458557,1.4814510773070646,2.495357144055653,1777047595.283058,1777047595.2669854,1.0617289891014878
1777047595.5145333,212.61540627479553,5.954764944144428,3.5684246870703835,0.2,2.4988369061342404,4.918345460455056,1.4811463123035216,0.012109368784673592,2.501646211764631,1777047595.4989798,4.918345460455056,1.4811463123035216,2.4988369061342404,1777047595.504498,1777047595.484445,0.9184868990179198
1777047595.7142737,212.8151466846466,5.954764944144428,3.5684246870703835,0.2,2.501543387751795,4.918531101233907,1.4809095830688865,0.01684729235734063,2.5040571718434057,1777047595.6481898,4.918531101233907,1.4809095830688865,2.501543387751795,1777047595.670243,1777047595.701162,0.9145250593131415
1777047595.9152684,213.01614141464233,5.954764944144428,3.5684246870703835,0.2,2.505023149830299,4.9187704158373675,1.4806056206544842,0.01977618432471509,2.5094565226336605,1777047595.8723671,4.9187704158373675,1.4806056206544842,2.505023149830299,1777047595.906237,1777047595.8512785,0.9837668897345782
1777047596.1148665,213.21573948860168,5.954764944144428,3.5684246870703835,0.2,2.5072141111390778,4.918921461381638,1.4804144723744654,0.016048041283031455,2.5109370710412757,1777047596.1043556,4.918921461381638,1.4804144723744654,2.5072141111390778,1777047596.061001,1777047596.074032,0.9576036360725597
1777047596.3149822,213.41585516929626,5.954764944144428,3.5684246870703835,0.2,2.5110805134497536,4.919188702821437,1.4800776009329881,0.018355877025045885,2.5145413257943683,1777047596.2928953,4.919188702821437,1.4800776009329881,2.5110805134497536,1777047596.308914,1777047596.3109832,0.9269248157804288
1777047596.5142486,213.61512160301208,5.954764944144428,3.5684246870703835,0.2,2.513142594681433,4.919331592266862,1.4798981728614846,0.028468623465428937,2.519086736866398,1777047596.5016916,4.919331592266862,1.4798981728614846,2.513142594681433,1777047596.457571,1777047596.4600797,1.0010292332899888
1777047596.7163274,213.817200422287,5.954764944144428,3.5684246870703835,0.2,2.516106836452053,4.91953743575215,1.4796405365352316,0.012841787963614258,2.518065302927631,1777047596.654199,4.919609155171073,1.4795510050724936,2.5171378770682336,1777047596.715314,1777047596.6627204,0.9667172587539172
1777047596.9143603,214.01523327827454,5.954764944144428,3.5684246870703835,0.2,2.5195865985317383,4.919779740631728,1.4793385370115852,0.014531242540606889,2.5227114449730546,1777047596.8692422,4.919779740631728,1.4793385370115852,2.5195865985317383,1777047596.859372,1777047596.8828042,0.9108505073887486
1777047597.1149044,214.21577739715576,5.954764944144428,3.5684246870703835,0.2,2.523324120764155,4.920040791651626,1.4790147064638188,0.021476449042463947,2.5285674302988537,1777047597.1133845,4.920040791651626,1.4790147064638188,2.523324120764155,1777047597.105397,1777047597.0486414,0.9745278765474921
1777047597.319901,214.4207739830017,5.954764944144428,3.5684246870703835,0.2,2.5256439621502147,4.920203239130466,1.478813992173297,0.013142772248241695,2.52750110745264,1777047597.25469,4.920203239130466,1.478813992173297,2.5256439621502147,1777047597.271257,1777047597.2852902,0.9074568483743999
1777047597.5147789,214.615651845932,5.954764944144428,3.5684246870703835,0.2,2.5292526043068158,4.920456568701025,1.4785022069455744,0.012529836875107152,2.532297704569318,1777047597.4977179,4.920456568701025,1.4785022069455744,2.5292526043068158,1777047597.506025,1777047597.4484274,1.0812630325593904
1777047597.7144837,214.8153567314148,5.954764944144428,3.5684246870703835,0.2,2.531701325769351,4.920628910375234,1.478290944162393,0.019790664946970953,2.5347277144055425,1777047597.6506379,4.920628910375234,1.478290944162393,2.531701325769351,1777047597.657699,1777047597.6692076,0.9090021181895156
1777047597.9148598,215.01573276519775,5.954764944144428,3.5684246870703835,0.2,2.534923327694445,4.9208562173980415,1.4780133472314838,0.017147096673190643,2.5389557430797804,1777047597.885804,4.9208562173980415,1.4780133472314838,2.534923327694445,1777047597.872279,1777047597.8903177,0.9799982482183487
1777047598.1144578,215.2153308391571,5.954764944144428,3.5684246870703835,0.2,2.5376298093119782,4.921047631221693,1.4777805028593518,0.016039470136059504,2.5402674990561547,1777047598.0502539,4.921047631221693,1.4777805028593518,2.5376298093119782,1777047598.062851,1777047598.0573428,0.9083092764639279
1777047598.3148432,215.41571617126465,5.954764944144428,3.5684246870703835,0.2,2.541238451467422,4.921303525982837,1.4774705271910102,0.014279055984134162,2.544374696751394,1777047598.2698934,4.921303525982837,1.4774705271910102,2.541238451467422,1777047598.298291,1777047598.2882729,0.9132496948965941
1777047598.51523,215.61610293388367,5.954764944144428,3.5684246870703835,0.2,2.5438160530076637,4.921486781422575,1.477249457410158,0.013539102905374523,2.546090728586484,1777047598.5197408,4.921486781422575,1.477249457410158,2.5438160530076637,1777047598.459164,1777047598.4516504,1.076857655519541
1777047598.714745,215.8156180381775,5.954764944144428,3.5684246870703835,0.2,2.5467802947792038,4.921698013182697,1.4769955821612628,0.012249869072946238,2.5496263692205607,1777047598.6702363,4.921698013182697,1.4769955821612628,2.5467802947792038,1777047598.651899,1777047598.6486554,1.075445589607963
1777047598.914399,216.01527190208435,5.954764944144428,3.5684246870703835,0.2,2.550260056857665,4.921946647330169,1.4766980436568553,0.04303154135038378,2.5599224923193944,1777047598.8947794,4.921946647330169,1.4766980436568553,2.550260056857665,1777047598.890764,1777047598.8712108,0.9485280777830803
1777047599.115206,216.21607899665833,5.954764944144428,3.5684246870703835,0.2,2.552837658397989,4.922131284998139,1.4764779882628563,0.012786805975867193,2.554957605337053,1777047599.0605712,4.922131284998139,1.4764779882628563,2.552837658397989,1777047599.03845,1777047599.091636,0.925675754247124
1777047599.3150651,216.4159381389618,5.954764944144428,3.5684246870703835,0.2,2.556446300554441,4.922390441752078,1.4761704064655885,0.015108788149317126,2.5598036125111827,1777047599.2827804,4.922390441752078,1.4761704064655885,2.556446300554441,1777047599.273243,1777047599.2827804,0.9435746875577385
1777047599.5149426,216.61581563949585,5.954764944144428,3.5684246870703835,0.2,2.560054942710007,4.9226503734940685,1.4758634084845441,0.023276017156220737,2.564010152626988,1777047599.4527068,4.9226503734940685,1.4758634084845441,2.560054942710007,1777047599.510424,1777047599.4963684,0.9984200949975484
1777047599.714874,216.81574702262878,5.954764944144428,3.5684246870703835,0.2,2.562503664173571,4.922827197270026,1.4756554239572537,0.011694153004591371,2.564961739723993,1777047599.6629038,4.922827197270026,1.4756554239572537,2.562503664173571,1777047599.683941,1777047599.6629038,0.983834163754198
1777047599.914567,217.01543998718262,5.954764944144428,3.5684246870703835,0.2,2.5649523856368504,4.923004378122375,1.4754477128614671,0.015155383603691426,2.5687209571710605,1777047599.911566,4.923004378122375,1.4754477128614671,2.5649523856368504,1777047599.843391,1777047599.9020596,1.0714748944545132
1777047600.117527,217.21840000152588,5.954764944144428,3.5684246870703835,0.2,2.568303267638388,4.923247414916557,1.4751639230831661,0.016088161382691136,2.5706632881554357,1777047600.058259,4.923247414916557,1.4751639230831661,2.568303267638388,1777047600.062764,1777047600.1002975,1.0197669752407756
1777047600.3149142,217.41578722000122,5.954764944144428,3.5684246870703835,0.2,2.5719119097951353,4.923509895008807,1.4748588852146234,0.012872674555637472,2.5746359926139983,1777047600.2698765,4.923509895008807,1.4748588852146234,2.5719119097951353,1777047600.281887,1777047600.3104098,0.9929908758028906
1777047600.5164652,217.617338180542,5.954764944144428,3.5684246870703835,0.2,2.5748761515661496,4.9237260842118244,1.4746087738369444,0.01514434421426336,2.578239082450183,1777047600.491935,4.9237260842118244,1.4746087738369444,2.5748761515661496,1777047600.490936,1777047600.5164652,0.9817834858028435
1777047600.71479,217.81566309928894,5.954764944144428,3.5684246870703835,0.2,2.577195992951861,4.92389564108989,1.4744133232939676,0.012876354125801666,2.579981694940052,1777047600.7082775,4.923971102679315,1.474326538229811,2.578227033567963,1777047600.713288,1777047600.66208,0.9167315863354214
1777047600.914177,218.0150499343872,5.954764944144428,3.5684246870703835,0.2,2.580546874954578,4.9241411229748495,1.4741314568874113,0.014283583634027892,2.582791768719722,1777047600.8654435,4.9241411229748495,1.4741314568874113,2.580546874954578,1777047600.862935,1777047600.8741767,0.9325736790747463
1777047601.1147432,218.2156162261963,5.954764944144428,3.5684246870703835,0.2,2.584155517110592,4.9244062367745585,1.4738285093489834,0.019821870206129844,2.5882363146959633,1777047601.071317,4.9244062367745585,1.4738285093489834,2.584155517110592,1777047601.089853,1777047601.1010392,1.0623930736583505
1777047601.3185525,218.4194254875183,5.954764944144428,3.5684246870703835,0.2,2.5863464784194097,4.924567577567956,1.473644883306791,0.0171863486012552,2.5900027504368146,1777047601.2840598,4.924567577567956,1.473644883306791,2.5863464784194097,1777047601.249849,1777047601.321065,0.9100501378633047
1777047601.5170798,218.61795282363892,5.954764944144428,3.5684246870703835,0.2,2.589826240499235,4.924824413078816,1.4733537214596333,0.015117661509008907,2.5929394276605575,1777047601.4899902,4.924824413078816,1.4733537214596333,2.589826240499235,1777047601.46894,1777047601.459932,0.99773875302418
1777047601.7148001,218.81567311286926,5.954764944144428,3.5684246870703835,0.2,2.5930482424241674,4.925062867605365,1.4730846557431196,0.014531242537402338,2.595883233414248,1777047601.6850865,4.925062867605365,1.4730846557431196,2.5930482424241674,1777047601.67322,1777047601.6850865,1.0121065299145806
1777047601.9167213,219.01759433746338,5.954764944144428,3.5684246870703835,0.2,2.5963991244262203,4.925311517073978,1.4728053709909508,0.01715907127949804,2.59900240543322,1777047601.9187167,4.925311517073978,1.4728053709909508,2.5963991244262203,1777047601.897017,1777047601.836801,1.090375548992085
1777047602.1147375,219.2156105041504,5.954764944144428,3.5684246870703835,0.2,2.5988478458898925,4.9254936459288725,1.4726016313473855,0.013546567326209956,2.6021165597379747,1777047602.0780957,4.9254936459288725,1.4726016313473855,2.5988478458898925,1777047602.067578,1777047602.0700843,1.0338688329942176
1777047602.3147128,219.41558575630188,5.954764944144428,3.5684246870703835,0.2,2.6023276079687516,4.925753075746541,1.4723126232520418,0.015124852333903713,2.605800294985451,1777047602.307697,4.925753075746541,1.4723126232520418,2.6023276079687516,1777047602.294059,1777047602.2850275,0.9664108434085268
1777047602.5149736,219.61584663391113,5.954764944144428,3.5684246870703835,0.2,2.604776329431786,4.92593607031379,1.4721096131610167,0.01239821611416586,2.606494569851323,1777047602.4462848,4.92593607031379,1.4721096131610167,2.604776329431786,1777047602.448731,1777047602.490177,0.9897169589189372
1777047602.7143412,219.8152141571045,5.954764944144428,3.5684246870703835,0.2,2.608127211434649,4.926187063315501,1.4718323033421,0.013264679588548602,2.6108147399136694,1777047602.6488926,4.926187063315501,1.4718323033421,2.608127211434649,1777047602.668155,1777047602.7118359,0.9846543144838615
1777047602.9147856,220.01565861701965,5.954764944144428,3.5684246870703835,0.2,2.611091453205475,4.92640965361316,1.4715874693434747,0.01716997180720605,2.6149257818433322,1777047602.8722086,4.92640965361316,1.4715874693434747,2.611091453205475,1777047602.870203,1777047602.9112759,1.092905085933269
1777047603.1176908,220.21856379508972,5.954764944144428,3.5684246870703835,0.2,2.6137979348225553,4.926613345680694,1.4713643202890003,0.009880501236150347,2.61585134709728,1777047603.0800333,4.926613345680694,1.4713643202890003,2.6137979348225553,1777047603.044525,1777047603.0580473,0.9708789257412376
1777047603.3148372,220.41571021080017,5.954764944144428,3.5684246870703835,0.2,2.617277696902431,4.926875876986665,1.4710779722439289,0.013555059618482846,2.6201058226455993,1777047603.2886732,4.926875876986665,1.4710779722439289,2.617277696902431,1777047603.277167,1777047603.2677672,1.0943812086591882
1777047603.5153065,220.61617946624756,5.954764944144428,3.5684246870703835,0.2,2.6203708187502017,4.927109843890425,1.4708239711704583,0.012255423561000723,2.622871567932443,1777047603.4927256,4.927109843890425,1.4708239711704583,2.6203708187502017,1777047603.481211,1777047603.4731762,0.9251174139725261
1777047603.7151284,220.81600141525269,5.954764944144428,3.5684246870703835,0.2,2.6225617800593284,4.92727591530957,1.470644357791551,0.01834590947225465,2.6252231700524833,1777047603.7171357,4.927373737946654,1.4705388212061778,2.6238505808296946,1777047603.715128,1777047603.7060006,0.9226760085941168
1777047603.9156578,221.016530752182,5.954764944144428,3.5684246870703835,0.2,2.6261704222162443,4.927550067976007,1.4703490771840886,0.01541996298936786,2.629526359276493,1777047603.8554287,4.927550067976007,1.4703490771840886,2.6261704222162443,1777047603.863945,1777047603.8500686,0.9870504645728322
1777047604.1150744,221.21594738960266,5.954764944144428,3.5684246870703835,0.2,2.629392424141022,4.927795502383788,1.4700860192855276,0.011693141154440284,2.6318371924153263,1777047604.0645058,4.927795502383788,1.4700860192855276,2.629392424141022,1777047604.079022,1777047604.0529742,0.9655990051718796
1777047604.317735,221.41860795021057,5.954764944144428,3.5684246870703835,0.2,2.632872186220606,4.92806126561069,1.4698025417084706,0.014114264671457146,2.6359696894335953,1777047604.2839649,4.92806126561069,1.4698025417084706,2.632872186220606,1777047604.308682,1777047604.2683206,1.0579397361005456
1777047604.5146248,221.6154978275299,5.954764944144428,3.5684246870703835,0.2,2.635707547915139,4.928278346145518,1.469572043032416,0.016038042500100068,2.6390264517510755,1777047604.4909043,4.928278346145518,1.469572043032416,2.635707547915139,1777047604.47111,1777047604.4751177,0.9725272756955342
1777047604.7141845,221.81505751609802,5.954764944144428,3.5684246870703835,0.2,2.6391873099939165,4.928545416700899,1.4692897551578512,0.014251574545690135,2.642226579473539,1777047604.7041628,4.928545416700899,1.4692897551578512,2.6391873099939165,1777047604.702155,1777047604.685518,1.0983103655821478
1777047604.9148867,222.0157597064972,5.954764944144428,3.5684246870703835,0.2,2.6415071513804484,4.928723863712165,1.4691019308313842,0.013046029266372324,2.643430165924443,1777047604.8515651,4.928723863712165,1.4691019308313842,2.6415071513804484,1777047604.865218,1777047604.8948035,1.039549386230109
1777047605.1150963,222.21596932411194,5.954764944144428,3.5684246870703835,0.2,2.6446002732290665,4.928962290602294,1.4688519586007045,0.012687764874563407,2.6473203885159857,1777047605.065954,4.928962290602294,1.4688519586007045,2.6446002732290665,1777047605.063964,1777047605.1055558,1.0280656022080428
1777047605.3156507,222.41652369499207,5.954764944144428,3.5684246870703835,0.2,2.6479511552308654,4.929221227794723,1.4685817523593836,0.015121467564289597,2.651081594905833,1777047605.2729735,4.929221227794723,1.4685817523593836,2.6479511552308654,1777047605.288545,1777047605.2553933,0.9402490509362557
1777047605.5150084,222.61588144302368,5.954764944144428,3.5684246870703835,0.2,2.6513020372337195,4.929480831697506,1.4683121710457263,0.014288114150598363,2.654289412899472,1777047605.4820547,4.929480831697506,1.4683121710457263,2.6513020372337195,1777047605.50434,1777047605.472495,1.0415880475165833
1777047605.7147694,222.81564235687256,5.954764944144428,3.5684246870703835,0.2,2.6545240391589857,4.9297310792294295,1.4680535514202961,0.01716125027788583,2.6572583188408956,1777047605.6413834,4.9297310792294295,1.4680535514202961,2.6545240391589857,1777047605.712268,1777047605.707729,0.9967115514679018
1777047605.9186833,223.0195562839508,5.954764944144428,3.5684246870703835,0.2,2.6567150004678677,4.929901599272562,1.4678780241439071,0.01427226990087591,2.659877256481612,1777047605.8629498,4.929901599272562,1.4678780241439071,2.6567150004678677,1777047605.87001,1777047605.8599331,0.9565971129763571
1777047606.1148171,223.2156901359558,5.954764944144428,3.5684246870703835,0.2,2.6601947625477553,4.930173010121996,1.4675998045508767,0.0151125897465595,2.663377728248096,1777047606.0735667,4.930173010121996,1.4675998045508767,2.6601947625477553,1777047606.091225,1777047606.0640502,0.9084197925034811
1777047606.3140514,223.41492438316345,5.954764944144428,3.5684246870703835,0.2,2.663416764473027,4.930424956139306,1.4673428090018203,0.018398360247899016,2.667219974706614,1777047606.2802813,4.930424956139306,1.4673428090018203,2.663416764473027,1777047606.302839,1777047606.2737641,1.0190578168062492
1777047606.51499,223.6158630847931,5.954764944144428,3.5684246870703835,0.2,2.6657366058589407,4.930606737894647,1.4671581405596696,0.01513543952400905,2.6691591179758856,1777047606.506407,4.930606737894647,1.4671581405596696,2.6657366058589407,1777047606.460255,1777047606.4898536,0.9587552952309568
1777047606.7155879,223.81646084785461,5.954764944144428,3.5684246870703835,0.2,2.6690874878618445,4.930869873765762,1.4668919447120419,0.011747266660717747,2.6708532619893712,1777047606.6567206,4.930869873765762,1.4668919447120419,2.6690874878618445,1777047606.676794,1777047606.6557097,0.9472141129523473
1777047606.9148507,224.01572370529175,5.954764944144428,3.5684246870703835,0.2,2.6724383698641057,4.931133673646893,1.466626399462341,0.013522168862219092,2.675394800037235,1777047606.8753564,4.931133673646893,1.466626399462341,2.6724383698641057,1777047606.900055,1777047606.879869,0.9160718527126113
1777047607.115454,224.2163269519806,5.954764944144428,3.5684246870703835,0.2,2.675273731558157,4.931357407190968,1.466402218448805,0.012252090265763314,2.677490340353196,1777047607.0562732,4.931357407190968,1.466402218448805,2.675273731558157,1777047607.075326,1777047607.0668173,0.906803057479163
1777047607.3151,224.41597294807434,5.954764944144428,3.5684246870703835,0.2,2.6777224530219055,4.931551013670385,1.4662089865911656,0.01168328483297608,2.6801358709044476,1777047607.2628434,4.931551013670385,1.4662089865911656,2.6777224530219055,1777047607.249816,1777047607.2874694,1.0191732558179565
1777047607.5149422,224.6158151626587,5.954764944144428,3.5684246870703835,0.2,2.6814599752552386,4.931847200489789,1.4659147346846921,0.017143290068613506,2.6850304258773243,1777047607.4711144,4.931847200489789,1.4659147346846921,2.6814599752552386,1777047607.476126,1777047607.496671,0.9686269640935075
1777047607.714617,224.8154900074005,5.954764944144428,3.5684246870703835,0.2,2.6842953369493614,4.9320724433901155,1.4656920608897273,0.017131337473213715,2.688117239404959,1777047607.6942086,4.9320724433901155,1.4656920608897273,2.6842953369493614,1777047607.666115,1777047607.6681268,0.9493375987268878
1777047607.9148965,225.01576948165894,5.954764944144428,3.5684246870703835,0.2,2.687646218952363,4.932339250167581,1.4654295182825476,0.013402479919298889,2.6904423954540237,1777047607.90284,4.932339250167581,1.4654295182825476,2.687646218952363,1777047607.892222,1777047607.8801749,1.0396836302154746
1777047608.1153173,225.21619033813477,5.954764944144428,3.5684246870703835,0.2,2.690868220877398,4.932596418445723,1.4651777076044412,0.022398368378367492,2.6953851594471323,1777047608.1045036,4.932596418445723,1.4651777076044412,2.690868220877398,1777047608.111797,1777047608.101001,1.0378991732588838
1777047608.3147542,225.41562724113464,5.954764944144428,3.5684246870703835,0.2,2.6934458224176527,4.93280259266697,1.4649767090449168,0.01281742833516939,2.695463757930193,1777047608.2619405,4.93280259266697,1.4649767090449168,2.6934458224176527,1777047608.274601,1777047608.2619405,1.0506978093837436
1777047608.5142572,225.61513018608093,5.954764944144428,3.5684246870703835,0.2,2.6969255844976647,4.933081547142717,1.4647059988206395,0.012875127368588327,2.6998466176002425,1777047608.4888146,4.933081547142717,1.4647059988206395,2.6969255844976647,1777047608.493165,1777047608.4777994,0.963440242766568
1777047608.7145212,225.8153941631317,5.954764944144428,3.5684246870703835,0.2,2.6992454258836744,4.933267911746288,1.4645259343892882,0.0171356819391039,2.702102644814943,1777047608.6555555,4.933267911746288,1.4645259343892882,2.6992454258836744,1777047608.66006,1777047608.6954272,1.0184956005977703
1777047608.9174669,226.01833987236023,5.954764944144428,3.5684246870703835,0.2,2.7025963078860045,4.933537662349338,1.4642664220015476,0.012190749687199168,2.7052391458465634,1777047608.872346,4.933537662349338,1.4642664220015476,2.7025963078860045,1777047608.876348,1777047608.859262,0.9847680655435371
1777047609.1147451,226.21561813354492,5.954764944144428,3.5684246870703835,0.2,2.7059471898889633,4.933808070936536,1.4640075993024768,0.010693614689520865,2.708212585497937,1777047609.0841916,4.933808070936536,1.4640075993024768,2.7059471898889633,1777047609.091705,1777047609.0731525,1.0415853391854442
1777047609.3148813,226.4157543182373,5.954764944144428,3.5684246870703835,0.2,2.70839591135195,4.934006092905833,1.4638188979860285,0.011370203661150607,2.710473414710782,1777047609.2669063,4.934006092905833,1.4638188979860285,2.70839591135195,1777047609.263907,1777047609.2849221,0.9931997151728732
1777047609.5148723,226.61574530601501,5.954764944144428,3.5684246870703835,0.2,2.7120045535085033,4.934298553912465,1.4635414899854315,0.012972455547386318,2.714837184195326,1777047609.4852636,4.934298553912465,1.4635414899854315,2.7120045535085033,1777047609.494779,1777047609.5113719,0.9323242492698447
1777047609.718079,226.81895208358765,5.954764944144428,3.5684246870703835,0.2,2.7147110351262747,4.934518398932466,1.4633339667444096,0.013533679399756698,2.7167384005019604,1777047609.7190778,4.934518398932466,1.4633339667444096,2.7147110351262747,1777047609.658435,1777047609.6609464,1.0774328450464117
1777047609.9141347,227.0150077342987,5.954764944144428,3.5684246870703835,0.2,2.71831967728229,4.934812190536213,1.4630579831994242,0.01606568854499133,2.7220081326211174,1777047609.864651,4.934812190536213,1.4630579831994242,2.71831967728229,1777047609.896968,1777047609.9172363,0.9840411032990751
1777047610.1148705,227.21574354171753,5.954764944144428,3.5684246870703835,0.2,2.720639518668787,4.9350014574220715,1.462880998138302,0.019805892451069448,2.7249610504442905,1777047610.0828452,4.9350014574220715,1.462880998138302,2.720639518668787,1777047610.066815,1777047610.0578501,1.0504465296367769
1777047610.3157473,227.4166202545166,5.954764944144428,3.5684246870703835,0.2,2.7232171202095863,4.9352121215105536,1.4626847472199795,0.005969435399316239,2.724215490711841,1777047610.2500923,4.935296495395389,1.4626063648595937,2.724248160825706,1777047610.312223,1777047610.2801619,0.9882316934873137
1777047610.5173657,227.61823868751526,5.954764944144428,3.5684246870703835,0.2,2.726954642442669,4.935518270908852,1.462400933042616,0.015158783581339772,2.7305375664096325,1777047610.4864519,4.935518270908852,1.462400933042616,2.726954642442669,1777047610.475943,1777047610.4391668,1.0950896639054157
1777047610.7143848,227.81525778770447,5.954764944144428,3.5684246870703835,0.2,2.7303055244454786,4.935793439634873,1.4621472371121031,0.018312348747399607,2.734323296121377,1777047610.7058542,4.935793439634873,1.4621472371121031,2.7303055244454786,1777047610.69582,1777047610.6828315,0.9752879759171879
1777047610.9146678,228.01554083824158,5.954764944144428,3.5684246870703835,0.2,2.732754245909094,4.935994936478711,1.4619622994444816,0.015678922834000325,2.7351859289006297,1777047610.8609467,4.935994936478711,1.4619622994444816,2.732754245909094,1777047610.866942,1777047610.8990598,1.0839831921154301
1777047611.1142607,228.2151336669922,5.954764944144428,3.5684246870703835,0.2,2.73610512791112,4.936271232100738,1.4617098530642894,0.012821380482036139,2.738699413767542,1777047611.0632873,4.936271232100738,1.4617098530642894,2.73610512791112,1777047611.087159,1777047611.1052244,0.9599281227649831
1777047611.315445,228.4163179397583,5.954764944144428,3.5684246870703835,0.2,2.738682729451753,4.936484209460468,1.4615161580197693,0.03216483533705159,2.7453919934412094,1777047611.2718773,4.936484209460468,1.4615161580197693,2.738682729451753,1777047611.264357,1777047611.277886,0.9788492074288456
1777047611.5148973,228.61577033996582,5.954764944144428,3.5684246870703835,0.2,2.742678011839592,4.936815083326829,1.461216784644066,0.01427415427708802,2.7461326172898324,1777047611.5138955,4.936815083326829,1.461216784644066,2.742678011839592,1777047611.496339,1777047611.515938,0.9780454891035849
1777047611.7143264,228.8151993751526,5.954764944144428,3.5684246870703835,0.2,2.744868973148588,4.936996921511176,1.4610530547955225,0.04294607313303229,2.7513157825239483,1777047611.6640096,4.936996921511176,1.4610530547955225,2.744868973148588,1777047611.656758,1777047611.6682832,0.9244275367267534
1777047611.9150352,229.01590824127197,5.954764944144428,3.5684246870703835,0.2,2.7484776153055783,4.937297022923474,1.4607840688739901,0.024022852309771976,2.7540134275670454,1777047611.894449,4.937297022923474,1.4607840688739901,2.7484776153055783,1777047611.891919,1777047611.9029775,0.9150880643251219
1777047612.1144328,229.2153058052063,5.954764944144428,3.5684246870703835,0.2,2.751055216846085,4.937511840097089,1.4605924614480337,0.01412717495584822,2.753240317520299,1777047612.124074,4.937511840097089,1.4605924614480337,2.751055216846085,1777047612.055425,1777047612.0679371,1.016691989111556
1777047612.3151033,229.41597628593445,5.954764944144428,3.5684246870703835,0.2,2.7545349789252143,4.937802449151943,1.460334489126071,0.012717614928956117,2.7574844694538316,1777047612.2810442,4.937802449151943,1.460334489126071,2.7545349789252143,1777047612.298068,1777047612.2905483,0.9461539184909222
1777047612.515003,229.61587595939636,5.954764944144428,3.5684246870703835,0.2,2.7574992206971665,4.938050553293712,1.4601153699161642,0.019667535844349267,2.7611115156680404,1777047612.4647121,4.938050553293712,1.4601153699161642,2.7574992206971665,1777047612.485713,1777047612.4647121,0.9209186674722288
1777047612.7151883,229.81606125831604,5.954764944144428,3.5684246870703835,0.2,2.7602057023146322,4.938277523051079,1.4599158169544157,0.014557461624515274,2.7629420915509355,1777047612.6526837,4.938277523051079,1.4599158169544157,2.7602057023146322,1777047612.661286,1777047612.7183447,1.0263103953644506
1777047612.914557,230.0154299736023,5.954764944144428,3.5684246870703835,0.2,2.7636854643938378,4.938569957379956,1.4596599706334417,0.017877508436929385,2.767892047537092,1777047612.887984,4.938569957379956,1.4596599706334417,2.7636854643938378,1777047612.886986,1777047612.8819828,1.0141800119463762
1777047613.1145928,230.21546578407288,5.954764944144428,3.5684246870703835,0.2,2.766005305780615,4.938765298100924,1.459489859307745,0.015745600845802222,2.7695496636919534,1777047613.1130855,4.938765298100924,1.459489859307745,2.766005305780615,1777047613.051303,1777047613.0985498,0.9259205416675617
1777047613.3141146,230.4149875640869,5.954764944144428,3.5684246870703835,0.2,2.7697428280142127,4.939080659674867,1.4592165564880735,0.01084290573421036,2.77179228337271,1777047613.302099,4.939080659674867,1.4592165564880735,2.7697428280142127,1777047613.284623,1777047613.3061042,1.0282738333362704
1777047613.5153344,230.6162073612213,5.954764944144428,3.5684246870703835,0.2,2.772062669400338,4.939276801711349,1.4590473971642228,0.01604994722595549,2.7743558546520237,1777047613.521857,4.939276801711349,1.4590473971642228,2.772062669400338,1777047613.452331,1777047613.522867,0.9261026649109856
1777047613.7140903,230.81496334075928,5.954764944144428,3.5684246870703835,0.2,2.7760579517885926,4.939615319491855,1.458756927408543,0.012191849488863642,2.778787175923463,1777047613.6688335,4.939615319491855,1.458756927408543,2.7760579517885926,1777047613.698298,1777047613.6868649,0.9987780528881327
1777047613.9184296,231.01930260658264,5.954764944144428,3.5684246870703835,0.2,2.778506673251833,4.9398232462321765,1.4585794376471806,0.017124824890096115,2.781998602302554,1777047613.8727438,4.939910896080101,1.458504828324155,2.779537713867837,1777047613.916416,1777047613.8978217,1.0264010534404737
1777047614.1143737,231.21524667739868,5.954764944144428,3.5684246870703835,0.2,2.781599795100128,4.940086376476024,1.4583558292518888,0.018853314127357277,2.785885345340534,1777047614.100054,4.940086376476024,1.4583558292518888,2.781599795100128,1777047614.062143,1777047614.056625,0.9835597968888167
1777047614.3145006,231.41537356376648,5.954764944144428,3.5684246870703835,0.2,2.78495067710325,4.940372045373365,1.4581143319434142,0.011700227757780917,2.7867938064247033,1777047614.2575834,4.940372045373365,1.4581143319434142,2.78495067710325,1777047614.284353,1777047614.2680876,1.0539438517742052
1777047614.5149684,231.6158413887024,5.954764944144428,3.5684246870703835,0.2,2.788430439182502,4.9406693730042806,1.4578643700450666,0.019757391172815223,2.7928927752433386,1777047614.48344,4.9406693730042806,1.4578643700450666,2.788430439182502,1777047614.495951,1777047614.4899454,1.0012425705597563
1777047614.715021,231.8158938884735,5.954764944144428,3.5684246870703835,0.2,2.7907502805688904,4.940867970840097,1.457698196915395,0.018411519845607575,2.794737442107721,1777047614.699998,4.940867970840097,1.457698196915395,2.7907502805688904,1777047614.665744,1777047614.6679509,0.9111726896859039
1777047614.9147146,232.01558756828308,5.954764944144428,3.5684246870703835,0.2,2.7944878028030704,4.941188571290663,1.4574312645135503,0.014285093486294875,2.7967205775082857,1777047614.856299,4.941188571290663,1.4574312645135503,2.7944878028030704,1777047614.906696,1777047614.8803496,1.0179701519499351
1777047615.1149445,232.21581745147705,5.954764944144428,3.5684246870703835,0.2,2.796936524266192,4.941399045554808,1.4572569089398442,0.0160437545635763,2.8007314693384413,1777047615.0928361,4.941399045554808,1.4572569089398442,2.796936524266192,1777047615.057206,1777047615.113439,0.9520732984361224
1777047615.3180673,232.41894030570984,5.954764944144428,3.5684246870703835,0.2,2.8002874062688345,4.94168760804949,1.4570190012939839,0.014870219592998644,2.802725807257655,1777047615.256815,4.94168760804949,1.4570190012939839,2.8002874062688345,1777047615.294469,1777047615.2609153,0.9638516608954026
1777047615.5147765,232.61564946174622,5.954764944144428,3.5684246870703835,0.2,2.8028650078096984,4.941910007082272,1.456836535303692,0.023364549731052536,2.8082719158646947,1777047615.48823,4.941910007082272,1.456836535303692,2.8028650078096984,1777047615.464694,1777047615.4957378,0.9266365916418056
1777047615.7165024,232.81737542152405,5.954764944144428,3.5684246870703835,0.2,2.805571489426919,4.942143925799094,1.4566454531019268,0.016085767669481565,2.8090662737726295,1777047615.7054894,4.942143925799094,1.4566454531019268,2.805571489426919,1777047615.616584,1777047615.646899,1.0364730480341522
1777047615.9145713,233.01544427871704,5.954764944144428,3.5684246870703835,0.2,2.8094378917376943,4.9424788043645345,1.4563733830386014,0.02340704177197279,2.81312436196962,1777047615.8629835,4.9424788043645345,1.4563733830386014,2.8094378917376943,1777047615.868981,1777047615.8659832,0.9422031799831023
1777047616.1146038,233.21547675132751,5.954764944144428,3.5684246870703835,0.2,2.8118866132014873,4.942691324704965,1.4562016244300249,0.011698455300499424,2.814812498869477,1777047616.1130922,4.942691324704965,1.4562016244300249,2.8118866132014873,1777047616.045026,1777047616.1065817,0.9232249667641157
1777047616.315841,233.4167139530182,5.954764944144428,3.5684246870703835,0.2,2.8156241354347564,4.943016340257662,1.4559402959145828,0.012265990980836791,2.8175647588189916,1777047616.271304,4.943016340257662,1.4559402959145828,2.8156241354347564,1777047616.288811,1777047616.2517776,1.0553196178964632
1777047616.515284,233.61615705490112,5.954764944144428,3.5684246870703835,0.2,2.8189750174377366,4.943308392075758,1.4557068566677736,0.018405877717387026,2.8228208649369235,1777047616.4802506,4.943308392075758,1.4557068566677736,2.8189750174377366,1777047616.494764,1777047616.4583266,1.0943651312081208
1777047616.716861,233.81773400306702,5.954764944144428,3.5684246870703835,0.2,2.821165978747351,4.943499684992458,1.4555546621521906,0.012873594249769686,2.8237610016574495,1777047616.6818278,4.943499684992458,1.4555546621521906,2.821165978747351,1777047616.654299,1777047616.660309,1.0665517337212147
1777047616.91523,234.0161030292511,5.954764944144428,3.5684246870703835,0.2,2.824516860749565,4.943792763422059,1.4553225676072283,0.012268496459863071,2.8264368582854495,1777047616.838326,4.943792763422059,1.4553225676072283,2.824516860749565,1777047616.87638,1777047616.8688664,1.0483223996385784
1777047617.1150758,234.21594882011414,5.954764944144428,3.5684246870703835,0.2,2.8278677427525665,4.944086460715608,1.4550912904314195,0.013259148438504505,2.8311511831319804,1777047617.0859618,4.944086460715608,1.4550912904314195,2.8278677427525665,1777047617.090463,1777047617.0859618,0.9276726890202022
1777047617.3145475,234.41542053222656,5.954764944144428,3.5684246870703835,0.2,2.8307031044472493,4.9443354561181545,1.4548962351630317,0.013532324200621509,2.8335654675274244,1777047617.2974823,4.9443354561181545,1.4548962351630317,2.8307031044472493,1777047617.270885,1777047617.289957,1.009627260592526
1777047617.515071,234.6159439086914,5.954764944144428,3.5684246870703835,0.2,2.833667346218446,4.944596241196597,1.4546929440395484,0.01979428842506072,2.8379046026145054,1777047617.5115469,4.944596241196597,1.4546929440395484,2.833667346218446,1777047617.474895,1777047617.5041738,1.0434047394362003
1777047617.714346,234.81521892547607,5.954764944144428,3.5684246870703835,0.2,2.837275988375616,4.944914368041577,1.4544463319702525,0.012182507497732583,2.839160105775341,1777047617.6662045,4.944914368041577,1.4544463319702525,2.837275988375616,1777047617.711764,1777047617.6612036,1.0010386573291548
1777047617.9147973,235.01567029953003,5.954764944144428,3.5684246870703835,0.2,2.839466949685097,4.9451078636195085,1.454297072340768,0.01825730284130902,2.8434461873559993,1777047617.8841577,4.9451078636195085,1.454297072340768,2.839466949685097,1777047617.863764,1777047617.8841577,0.9377168988097593
1777047618.114476,235.21534895896912,5.954764944144428,3.5684246870703835,0.2,2.841915671148234,4.94532443313963,1.4541306735239323,0.017104234357117293,2.8457178006173827,1777047618.1064494,4.94532443313963,1.4541306735239323,2.841915671148234,1777047618.017538,1777047618.1039412,0.9168671092705262
1777047618.3147452,235.41561818122864,5.954764944144428,3.5684246870703835,0.2,2.845653193382322,4.945655615695297,1.4538775553901624,0.03613142321347776,2.8509245702976176,1777047618.252344,4.945655615695297,1.4538775553901624,2.845653193382322,1777047618.266874,1777047618.3177505,0.9813688262931606
1777047618.514506,235.61537909507751,5.954764944144428,3.5684246870703835,0.2,2.8488751953080236,4.9459417265599495,1.4536601861273395,0.012828987624191381,2.8515598043832577,1777047618.461605,4.9459417265599495,1.4536601861273395,2.8488751953080236,1777047618.485546,1777047618.514506,0.942976257817009
1777047618.714306,235.81517910957336,5.954764944144428,3.5684246870703835,0.2,2.852226077310409,4.946239878137609,1.4534349464024,0.01342778206541555,2.8552349118384646,1777047618.6856804,4.946239878137609,1.4534349464024,2.852226077310409,1777047618.701741,1777047618.6856804,0.9998200471727271
1777047618.9145894,236.01546239852905,5.954764944144428,3.5684246870703835,0.2,2.854674798774294,4.9464581417234985,1.4532708814202975,0.01510709917380907,2.8581102225347976,1777047618.913085,4.9464581417234985,1.4532708814202975,2.854674798774294,1777047618.850836,1777047618.9075584,1.0188324973845648
1777047619.1185534,236.2194263935089,5.954764944144428,3.5684246870703835,0.2,2.857510160468927,4.946711271744506,1.4530814758115926,0.011373074322173953,2.8590989429726905,1777047619.0527818,4.946711271744506,1.4530814758115926,2.857510160468927,1777047619.053783,1777047619.0442374,1.0843451099917718
1777047619.3172019,236.4180748462677,5.954764944144428,3.5684246870703835,0.2,2.8607321623942497,4.946999444284263,1.4528669796203504,0.013748816608591277,2.8635831698555285,1777047619.2601457,4.946999444284263,1.4528669796203504,2.8607321623942497,1777047619.269154,1777047619.2725048,0.9282245228389737
1777047619.5147226,236.61559557914734,5.954764944144428,3.5684246870703835,0.2,2.8640830443974234,4.947299734469557,1.4526447386312773,0.014196927793741177,2.86685753702989,1777047619.4555748,4.947299734469557,1.4526447386312773,2.8640830443974234,1777047619.482832,1777047619.4843252,1.0142705671019556
1777047619.7155347,236.81640768051147,5.954764944144428,3.5684246870703835,0.2,2.86666064593789,4.9475311357749545,1.4524743652930823,0.014000938188261189,2.869776253118459,1777047619.6781032,4.9475311357749545,1.4524743652930823,2.86666064593789,1777047619.650764,1777047619.6999702,1.0864750786427935
1777047619.9144683,237.01534128189087,5.954764944144428,3.5684246870703835,0.2,2.870011527940324,4.947832487635404,1.4522536380941518,0.016666015805982377,2.8736946491530317,1777047619.899099,4.947832487635404,1.4522536380941518,2.870011527940324,1777047619.86781,1777047619.9054067,1.0092466449738549
1777047620.1151767,237.2160496711731,5.954764944144428,3.5684246870703835,0.2,2.873233529866484,4.948122812790617,1.452042211229244,0.016989195507561377,2.8761867379679016,1777047620.0729277,4.948122812790617,1.452042211229244,2.873233529866484,1777047620.088446,1777047620.0552747,1.009158274216171
1777047620.3155177,237.41639065742493,5.954764944144428,3.5684246870703835,0.2,2.876455531791919,4.948413689125634,1.4518315820172745,0.016021880390959312,2.8799486826695273,1777047620.2909515,4.948413689125634,1.4518315820172745,2.876455531791919,1777047620.297982,1777047620.2818978,0.9177620116705321
1777047620.5146637,237.6155366897583,5.954764944144428,3.5684246870703835,0.2,2.879806413794636,4.948716783579588,1.4516133766648476,0.014419606878854274,2.882893605262475,1777047620.5050483,4.948716783579588,1.4516133766648476,2.879806413794636,1777047620.513155,1777047620.4961116,1.0616880546950482
1777047620.71473,237.815603017807,5.954764944144428,3.5684246870703835,0.2,2.882255135258527,4.948938650664293,1.4514544680594117,0.014285093486688659,2.884849326605403,1777047620.6866496,4.948938650664293,1.4514544680594117,2.882255135258527,1777047620.676627,1777047620.6746306,1.0098362281523199
1777047620.9148045,238.0156774520874,5.954764944144428,3.5684246870703835,0.2,2.885477137183937,4.9492310622082725,1.4512460864809615,0.011541103858522512,2.8880751887162974,1777047620.9117625,4.9492310622082725,1.4512460864809615,2.885477137183937,1777047620.898579,1777047620.895573,0.9737190813515589
1777047621.1144972,238.21537017822266,5.954764944144428,3.5684246870703835,0.2,2.887925858647396,4.9494536597971,1.4510882565726364,0.021138005812854858,2.8908967175366493,1777047621.0523083,4.9494536597971,1.4510882565726364,2.887925858647396,1777047621.051307,1777047621.099192,1.069561801619397
1777047621.315087,238.41596007347107,5.954764944144428,3.5684246870703835,0.2,2.8911478605735597,4.949747030112448,1.4508812984194346,0.012609335727657725,2.8937025240460432,1777047621.2549093,4.949747030112448,1.4508812984194346,2.8911478605735597,1777047621.261436,1777047621.2436981,1.0950890869574628
1777047621.5152743,238.61614727973938,5.954764944144428,3.5684246870703835,0.2,2.894498742575985,4.950052710787026,1.4506669237592429,0.01710639944700878,2.8984534522099534,1777047621.4860923,4.950052710787026,1.4506669237592429,2.894498742575985,1777047621.48208,1777047621.4860923,0.9401424742889158
1777047621.715226,238.81609892845154,5.954764944144428,3.5684246870703835,0.2,2.8969474640394957,4.950276462910619,1.45051082271926,0.01825483664382145,2.9008206515745987,1777047621.6982656,4.950276462910619,1.45051082271926,2.8969474640394957,1777047621.651079,1777047621.703779,1.0429533482243623
1777047621.9178777,239.01875066757202,5.954764944144428,3.5684246870703835,0.2,2.9004272261197155,4.950594962527262,1.4502898070533288,0.015123159763667543,2.9034576025817014,1777047621.8986454,4.950594962527262,1.4502898070533288,2.9004272261197155,1777047621.880071,1777047621.8568814,1.090581041725262
1777047622.1146743,239.21554732322693,5.954764944144428,3.5684246870703835,0.2,2.903004827660016,4.950831292818547,1.4501267081131848,0.018351514888234288,2.906843363416631,1777047622.1078126,4.950925921147456,1.4500616157555588,2.904035868276127,1777047622.113175,1777047622.087285,1.0461967942379824
1777047622.3141134,239.41498637199402,5.954764944144428,3.5684246870703835,0.2,2.906484589739817,4.951150883349263,1.449907359224438,0.016962539936046805,2.909047737364764,1777047622.258919,4.951150883349263,1.449907359224438,2.906484589739817,1777047622.272478,1777047622.2554111,1.0228628063060903
1777047622.5146472,239.61552023887634,5.954764944144428,3.5684246870703835,0.2,2.9095777115888524,4.95143548761495,1.4497131898968145,0.014036202290194828,2.912498612950303,1777047622.4670167,4.95143548761495,1.4497131898968145,2.9095777115888524,1777047622.484563,1777047622.4670167,0.9414323200105708
1777047622.7147624,239.81563544273376,5.954764944144428,3.5684246870703835,0.2,2.9118975529751037,4.951649263408331,1.449568063051026,0.023407041767133492,2.9173121290246744,1777047622.6983392,4.951649263408331,1.449568063051026,2.9118975529751037,1777047622.639885,1777047622.6874132,1.0377829988249316
1777047622.9140818,240.01495480537415,5.954764944144428,3.5684246870703835,0.2,2.9158928353631333,4.9520180790206165,1.4493191303146473,0.01168126507702246,2.91788883338939,1777047622.869211,4.9520180790206165,1.4493191303146473,2.9158928353631333,1777047622.877315,1777047622.849812,1.0292421087717032
1777047623.114431,240.21530389785767,5.954764944144428,3.5684246870703835,0.2,2.9183415568269346,4.952244530268474,1.4491671907634602,0.010944327473028611,2.920816489020184,1777047623.0953493,4.952244530268474,1.4491671907634602,2.9183415568269346,1777047623.030076,1777047623.116438,0.9868411104201368
1777047623.3142197,240.4150927066803,5.954764944144428,3.5684246870703835,0.2,2.921821318906341,4.952566854500259,1.4489521056612644,0.012126482772791582,2.923952259343945,1777047623.2710755,4.952566854500259,1.4489521056612644,2.921821318906341,1777047623.276079,1777047623.2710755,0.9790273315072004
1777047623.5144374,240.61531043052673,5.954764944144428,3.5684246870703835,0.2,2.925301080986474,4.952889793189512,1.44873799658191,0.012853391256643289,2.928203708177362,1777047623.4969013,4.952889793189512,1.44873799658191,2.925301080986474,1777047623.498901,1777047623.4969013,1.0607067099809304
1777047623.714794,240.8156669139862,5.954764944144428,3.5684246870703835,0.2,2.9278786825271776,4.953129401899678,1.4485800283805503,0.013613433629939345,2.93002688828971,1777047623.6547017,4.953129401899678,1.4485800283805503,2.9278786825271776,1777047623.661524,1777047623.6385505,0.9408360953394834
1777047623.9145346,241.01540756225586,5.954764944144428,3.5684246870703835,0.2,2.9313584446066194,4.953453404977397,1.4483676258107931,0.011698202138272497,2.934206044734876,1777047623.8981237,4.953453404977397,1.4483676258107931,2.9313584446066194,1777047623.902401,1777047623.8608532,1.0681423312001843
1777047624.114539,241.215411901474,5.954764944144428,3.5684246870703835,0.2,2.933807166070482,4.953681771995848,1.4482187473838868,0.015552167060300926,2.9370788875706784,1777047624.1084945,4.953681771995848,1.4482187473838868,2.933807166070482,1777047624.061581,1777047624.0735936,1.0973737389037028
1777047624.3148298,241.41570281982422,5.954764944144428,3.5684246870703835,0.2,2.937286928150394,4.954006810307708,1.4480080241808906,0.013547925377325307,2.9394221092579387,1777047624.2660966,4.954006810307708,1.4480080241808906,2.937286928150394,1777047624.28477,1777047624.2942154,1.0513575027798856
1777047624.5146468,241.61551976203918,5.954764944144428,3.5684246870703835,0.2,2.9406378101528983,4.954320381616482,1.4478060410962177,0.014247067171730155,2.9438564832485814,1777047624.492015,4.954320381616482,1.4478060410962177,2.9406378101528983,1777047624.49902,1777047624.5100474,0.9557347534731293
1777047624.7152202,241.81609320640564,5.954764944144428,3.5684246870703835,0.2,2.942699891385665,4.954513626362032,1.4476822012599595,0.028507658615889095,2.948418953300527,1777047624.6926298,4.954513626362032,1.4476822012599595,2.942699891385665,1777047624.646778,1777047624.7117014,0.9553940412374045
1777047624.9150977,242.0159707069397,5.954764944144428,3.5684246870703835,0.2,2.946179653465574,4.954840205246022,1.4474740139393236,0.01283538460299845,2.948177657292355,1777047624.8482935,4.954840205246022,1.4474740139393236,2.946179653465574,1777047624.874396,1777047624.8553329,1.0854238467006057
1777047625.1190188,242.21989178657532,5.954764944144428,3.5684246870703835,0.2,2.9495305354680976,4.955155254551278,1.4472744802301631,0.018377718862525837,2.9533856201331217,1777047625.058063,4.955155254551278,1.4472744802301631,2.9495305354680976,1777047625.085927,1777047625.0655818,1.0532059581452122
1777047625.3147335,242.41560649871826,5.954764944144428,3.5684246870703835,0.2,2.9519792569320225,4.95538583282516,1.447129253800865,0.012728695080752335,2.9546907246564635,1777047625.271083,4.95538583282516,1.447129253800865,2.9519792569320225,1777047625.258432,1777047625.284127,0.9391322725761067
1777047625.5151997,242.61607265472412,5.954764944144428,3.5684246870703835,0.2,2.9555878990888242,4.955726169102343,1.4469161413544127,0.018379593436308853,2.958694513227789,1777047625.516206,4.955726169102343,1.4469161413544127,2.9555878990888242,1777047625.496061,1777047625.5172093,1.0197314973676685
1777047625.7146204,242.81549334526062,5.954764944144428,3.5684246870703835,0.2,2.9584232607833183,4.955994023289406,1.4467494546335418,0.01352216886743763,2.9615321218892094,1777047625.6700168,4.955994023289406,1.4467494546335418,2.9584232607833183,1777047625.667517,1777047625.6700168,1.077938224114537
1777047625.9150343,243.01590728759766,5.954764944144428,3.5684246870703835,0.2,2.9611297424013454,4.956250068040325,1.4465909690955094,0.017172153584355906,2.9641063649146693,1777047625.8433568,4.956250068040325,1.4465909690955094,2.9611297424013454,1777047625.845355,1777047625.886875,1.0166835984395093
1777047626.1156654,243.21653842926025,5.954764944144428,3.5684246870703835,0.2,2.964609504481061,4.956579791540468,1.4463881005832961,0.013518110996622186,2.96781149499299,1777047626.0802236,4.956579791540468,1.4463881005832961,2.964609504481061,1777047626.078235,1777047626.0999534,0.959711653511787
1777047626.3151073,243.4159803390503,5.954764944144428,3.5684246870703835,0.2,2.9677026263296895,4.956873371351007,1.446208623922823,0.012024785840183029,2.970328280523725,1777047626.298577,4.956873371351007,1.446208623922823,2.9677026263296895,1777047626.302087,1777047626.2732594,0.9859758945015712
1777047626.5152123,243.6160852909088,5.954764944144428,3.5684246870703835,0.2,2.9705379880247698,4.9571428916620075,1.446044809030573,0.011478367152228277,2.9722576451771245,1777047626.4483943,4.9571428916620075,1.446044809030573,2.9705379880247698,1777047626.459956,1777047626.4976058,1.0573970688394663
1777047626.7151139,243.81598687171936,5.954764944144428,3.5684246870703835,0.2,2.9741466301813784,4.9574864763264985,1.4458372957574952,0.023377685531305564,2.9799445169552445,1777047626.6964037,4.9574864763264985,1.4458372957574952,2.9741466301813784,1777047626.703435,1777047626.6660979,1.061292354297252
1777047626.9145048,244.01537775993347,5.954764944144428,3.5684246870703835,0.2,2.976337591490866,4.957695385591411,1.4457118414598606,0.012832642262535335,2.9785209590215085,1777047626.8665454,4.957695385591411,1.4457118414598606,2.976337591490866,1777047626.855502,1777047626.9041772,0.9089294023783681
1777047627.1189778,244.2198507785797,5.954764944144428,3.5684246870703835,0.2,2.979430713340037,4.957990706303336,1.4455354205097193,0.015132050013639283,2.982577074930743,1777047627.0744724,4.957990706303336,1.4455354205097193,2.979430713340037,1777047627.05488,1777047627.050879,1.0994313193024672
1777047627.3145785,244.41545152664185,5.954764944144428,3.5684246870703835,0.2,2.982910475419631,4.958323485880528,1.4453379162247841,0.00431903851563926,2.9837176095819338,1777047627.2613506,4.958323485880528,1.4453379162247841,2.982910475419631,1777047627.295278,1777047627.2731826,1.0804345850730517
1777047627.5146377,244.61551070213318,5.954764944144428,3.5684246870703835,0.2,2.986003597268436,4.9586197713675375,1.445163220696876,0.018075981364214705,2.989870284016863,1777047627.4752636,4.9586197713675375,1.445163220696876,2.986003597268436,1777047627.460121,1777047627.4835,0.981126720792674
1777047627.7142243,244.81509733200073,5.954764944144428,3.5684246870703835,0.2,2.9892255991945635,4.958928881916064,1.4449821130023126,0.016069986996405317,2.992969063904036,1777047627.7082112,4.958928881916064,1.4449821130023126,2.9892255991945635,1777047627.678619,1777047627.6731057,1.0476214492376763
1777047627.9145648,245.0154378414154,5.954764944144428,3.5684246870703835,0.2,2.9927053612740675,4.959263268972388,1.444787512756991,0.012263764747839733,2.9944249854697205,1777047627.848431,4.959263268972388,1.444787512756991,2.9927053612740675,1777047627.908549,1777047627.8905087,1.0468775395757477
1777047628.1146567,245.21552968025208,-3.5684246870703835,-5.954764944144428,0.2,2.995025202660797,4.959486508415832,1.4446583552828713,0.02311379068272291,2.9999574845953387,1777047628.0618224,4.959486508415832,1.4446583552828713,2.995025202660797,1777047628.055246,1777047628.0552466,0.9651434425037597
1777047628.3142097,245.41508269309998,-3.5684246870703835,-5.954764944144428,0.2,2.998039495852808,4.959796979274802,1.444479736165377,0.012513799766785752,3.0007522904099377,1777047628.2786067,4.959796979274802,1.444479736165377,2.998039495852808,1777047628.284119,1777047628.2786067,1.09689588479652
1777047628.5153458,245.6162188053131,-3.5684246870703835,-5.954764944144428,0.2,3.0004789049285012,4.960145278578321,1.444280742094353,0.00804881672942544,3.0022914653327093,1777047628.5038025,4.960145278578321,1.444280742094353,3.0004789049285012,1777047628.512829,1777047628.4982886,0.9679028678657937
1777047628.7166212,245.81749415397644,-3.5684246870703835,-5.954764944144428,0.2,3.0016466027245876,4.960381967030096,1.4441463475570433,0.005721186095252458,3.0025278443230943,1777047628.6578338,4.960381967030096,1.4441463475570433,3.0016466027245876,1777047628.661351,1777047628.66335,0.9500890850130213
1777047628.9151757,246.01604866981506,-3.5684246870703835,-5.954764944144428,0.2,3.0024718191339925,4.96061893103068,1.4440124670737546,0.0061268100979192846,3.0040354360230532,1777047628.9130428,4.96061893103068,1.4440124670737546,3.0024718191339925,1777047628.838427,1777047628.8984232,1.0433517530613035
1777047629.1145468,246.2154197692871,-3.5684246870703835,-5.954764944144428,0.2,3.0031178222340635,4.960968640702034,1.443816103098137,0.0015755002126978791,3.003356814003098,1777047629.0647354,4.960968640702034,1.443816103098137,3.0031178222340635,1777047629.071254,1777047629.1135461,1.0789889826744068
1777047629.3152914,246.41616439819336,-3.5684246870703835,-5.954764944144428,0.2,3.003130865907604,4.96130642084994,1.4436277997377316,-0.0009231869511184241,3.0029293633739873,1777047629.2830038,4.96130642084994,1.4436277997377316,3.003130865907604,1777047629.300211,1777047629.2628577,0.9045875350779997
1777047629.5154595,246.61633253097534,-3.5684246870703835,-5.954764944144428,0.2,3.002735784663269,4.961569516272495,1.4434820475545174,-0.0026277950931674525,3.0022552938882505,1777047629.4658532,4.961569516272495,1.4434820475545174,3.002735784663269,1777047629.472184,1777047629.498411,1.0409158761129482
1777047629.7161899,246.81706285476685,-3.5684246870703835,-5.954764944144428,0.2,3.0020838725952506,4.961807837765396,1.4433507047348813,-0.00443721788081851,3.0013017569588847,1777047629.6421158,4.9619333774781795,1.4432817771732653,3.0016340714889225,1777047629.71267,1777047629.6461244,0.9382771443587044
1777047629.9147408,247.01561379432678,-3.5684246870703835,-5.954764944144428,0.2,3.0006511675995267,4.962159534590156,1.4431580532175117,-0.01099775218936641,2.9979689043238134,1777047629.8860078,4.962159534590156,1.4431580532175117,3.0006511675995267,1777047629.877477,1777047629.8689582,1.0570006120660398
1777047630.1143243,247.2151973247528,-3.5684246870703835,-5.954764944144428,0.2,2.9992468168734856,4.9624236845689165,1.443014266000958,-0.00655229383470931,2.998155226663749,1777047630.0526044,4.9624236845689165,1.443014266000958,2.9992468168734856,1777047630.05561,1777047630.1143243,1.0008947173496365
1777047630.314788,247.41566109657288,-3.5684246870703835,-5.954764944144428,0.2,2.997260387510572,4.962738567011427,1.4428438649816449,-0.009434898433179215,2.9951785798202493,1777047630.2732542,4.962738567011427,1.4428438649816449,2.997260387510572,1777047630.263167,1777047630.274253,0.9960367473861955
1777047630.5155096,247.61638259887695,5.954764944144428,3.5684246870703835,0.2,2.9946032404531913,4.963104395016534,1.4426472397111243,-0.010157706978776984,2.99230158466434,1777047630.4998462,4.963104395016534,1.4426472397111243,2.9946032404531913,1777047630.502934,1777047630.5049307,0.9695970976883417
1777047630.7147129,247.8155858516693,5.954764944144428,3.5684246870703835,0.2,2.9928565851951827,4.963357040151255,1.4425122775028654,-0.009062776631271403,2.99108627827508,1777047630.6951845,4.963357040151255,1.4425122775028654,2.9928565851951827,1777047630.69969,1777047630.6846375,0.9433272646876093
1777047630.9151273,248.0160002708435,5.954764944144428,3.5684246870703835,0.2,2.9913348139483986,4.963660588012323,1.4423510044195704,-0.005953697396540328,2.9903168267755076,1777047630.8661685,4.963660588012323,1.4423510044195704,2.9913348139483986,1777047630.884744,1777047630.9141312,0.9047117141460981
1777047631.1199052,248.22077822685242,5.954764944144428,3.5684246870703835,0.2,2.990272469329959,4.964002562589643,1.442170450568134,-0.0022972881600836752,2.9897335615226344,1777047631.1007528,4.964002562589643,1.442170450568134,2.990272469329959,1777047631.107285,1777047631.061024,0.941002618000419
1777047631.314205,248.4150779247284,5.954764944144428,3.5684246870703835,0.2,2.9898781167413997,4.964268893714302,1.4420306562678162,-0.0021661547810751165,2.9895093574269684,1777047631.2709897,4.964268893714302,1.4420306562678162,2.9898781167413997,1777047631.281905,1777047631.2427914,1.098032255087472
1777047631.5147078,248.61558079719543,5.954764944144428,3.5684246870703835,0.2,2.9898890930030433,4.964599059083247,1.4418583425498626,0.0010425417722807503,2.9901316963160123,1777047631.5036933,4.964599059083247,1.4418583425498626,2.9898890930030433,1777047631.508692,1777047631.4816027,0.9464410026491575
1777047631.7151377,248.81601071357727,5.954764944144428,3.5684246870703835,0.2,2.9902408557823765,4.964840627139114,1.4417329528472491,0.002360123060694311,2.9906202577366487,1777047631.6644485,4.964840627139114,1.4417329528472491,2.9902408557823765,1777047631.669955,1777047631.6644485,1.034204094782373
1777047631.9151561,249.01602911949158,5.954764944144428,3.5684246870703835,0.2,2.99104026854922,4.965133380944562,1.4415817631953567,0.003877925839159314,2.991751782155443,1777047631.9166653,4.965133380944562,1.4415817631953567,2.99104026854922,1777047631.86124,1777047631.8479264,0.9560254311483791
1777047632.1143785,249.21525144577026,5.954764944144428,3.5684246870703835,0.2,2.9923390311297293,4.965451998251939,1.4414181667084762,0.005828823857636897,2.993611144353895,1777047632.0661716,4.965451998251939,1.4414181667084762,2.9923390311297293,1777047632.077227,1777047632.0742285,0.9689351442415831
1777047632.3140752,249.41494822502136,5.954764944144428,3.5684246870703835,0.2,2.994033978601127,4.9657710365557115,1.4412553392694045,0.007334072724603401,2.9956228373294693,1777047632.2828124,4.9657710365557115,1.4412553392694045,2.994033978601127,1777047632.297357,1777047632.2928374,0.9683949169394351
1777047632.5146356,249.61550855636597,-3.5684246870703835,-5.954764944144428,0.2,2.99563504294799,4.9660265686304434,1.4411256304140243,0.009482194188028611,2.9975276909914106,1777047632.4824126,4.9660265686304434,1.4411256304140243,2.99563504294799,1777047632.455718,1777047632.513375,0.9712926298085183
1777047632.714901,249.81577396392822,-3.5684246870703835,-5.954764944144428,0.2,2.997627459303004,4.966346358518242,1.4409641856637532,0.006348094750887298,2.9988719120158516,1777047632.6784482,4.966346358518242,1.4409641856637532,2.997627459303004,1777047632.667923,1777047632.6507967,0.9875287045531451
1777047632.9147217,250.01559472084045,-3.5684246870703835,-5.954764944144428,0.2,2.9989592957743803,4.966653746523584,1.4408099211597796,0.004901960186405618,2.999979266693427,1777047632.8865223,4.966653746523584,1.4408099211597796,2.9989592957743803,1777047632.870757,1777047632.861622,1.0885241499448763
1777047633.1155374,250.21641039848328,-3.5684246870703835,-5.954764944144428,0.2,2.9997657832189795,4.966961513962568,1.4406563628881188,0.003800534002858736,3.000534966783947,1777047633.0889106,4.966961513962568,1.4406563628881188,2.9997657832189795,1777047633.079873,1777047633.058261,0.920542828366166
1777047633.3154655,250.4163384437561,-3.5684246870703835,-5.954764944144428,0.2,3.000090939540982,4.967282505850901,1.4404971543418141,0.000421516143028594,3.000176293689743,1777047633.2914038,4.967282505850901,1.4404971543418141,3.000090939540982,1777047633.296417,1777047633.2698348,1.07537261524048
1777047633.514958,250.6158308982849,-3.5684246870703835,-5.954764944144428,0.2,2.9999851552545334,4.967539591854651,1.4403703340790535,-0.001171958491286733,2.99982157299558,1777047633.5204704,4.967539591854651,1.4403703340790535,2.9999851552545334,1777047633.451982,1777047633.4781165,1.0337343403084995
1777047633.7143035,250.815176486969,-3.5684246870703835,-5.954764944144428,0.2,2.9994686206951364,4.967835559913308,1.4402250873077111,-0.0040000091319954325,2.9985628292519153,1777047633.6574314,4.967835559913308,1.4402250873077111,2.9994686206951364,1777047633.661843,1777047633.6864989,1.0367811370828401
1777047633.9147947,251.01566767692566,-3.5684246870703835,-5.954764944144428,0.2,2.998401648159304,4.9681705405084555,1.4400616572487597,-0.0040381701291020665,2.9975542946672,1777047633.8672674,4.9681705405084555,1.4400616572487597,2.998401648159304,1777047633.881037,1777047633.8941977,0.9814343978422906
1777047634.1151352,251.21600818634033,-3.5684246870703835,-5.954764944144428,0.2,2.996803296675079,4.968518859203225,1.4398927878443117,-0.005499585830224772,2.995560431847842,1777047634.0932598,4.968518859203225,1.4398927878443117,2.996803296675079,1777047634.107821,1777047634.1098208,0.9393440753979946
1777047634.3155134,251.4163863658905,5.954764944144428,3.5684246870703835,0.2,2.9953384693893916,4.968777168754162,1.439768248700691,-0.008959360945578379,2.993405882627808,1777047634.3089657,4.968777168754162,1.439768248700691,2.9953384693893916,1777047634.26586,1777047634.3089657,0.9993295196967583
1777047634.5156026,251.6164755821228,5.954764944144428,3.5684246870703835,0.2,2.9934890837035515,4.969100406317096,1.4396132235085732,-0.006778740946514221,2.99233631580751,1777047634.479022,4.969100406317096,1.4396132235085732,2.9934890837035515,1777047634.485416,1777047634.4580986,1.0953243842405183
1777047634.7149715,251.81584453582764,5.954764944144428,3.5684246870703835,0.2,2.9922353091672758,4.969424029933843,1.4394589099056334,-0.004424940899722967,2.9912632642115007,1777047634.6986961,4.969424029933843,1.4394589099056334,2.9922353091672758,1777047634.707225,1777047634.6689785,1.0178985278269381
1777047634.914378,252.0152509212494,5.954764944144428,3.5684246870703835,0.2,2.9916567957409868,4.969670239872373,1.4393421022507067,-0.0032290630372709237,2.9909983247996896,1777047634.9026163,4.969670239872373,1.4393421022507067,2.9916567957409868,1777047634.860371,1777047634.8811574,1.0253183787612024
1777047635.1147573,252.21563029289246,5.954764944144428,3.5684246870703835,0.2,2.991353278847672,4.970007514067386,1.4391829128111429,8.197990760909835e-05,2.991370196679291,1777047635.1089818,4.970007514067386,1.4391829128111429,2.991353278847672,1777047635.083105,1777047635.10211,1.0415247119264284
1777047635.3156316,252.41650462150574,5.954764944144428,3.5684246870703835,0.2,2.9916183654243604,4.970358191499644,1.4390183927831095,0.001861430430431492,2.9918931932074155,1777047635.2566252,4.970358191499644,1.4390183927831095,2.9916183654243604,1777047635.296426,1777047635.3085773,1.0559010376556284
1777047635.51498,252.61585307121277,5.954764944144428,3.5684246870703835,0.2,2.992048294162917,4.970566206151793,1.4389212780719576,0.004004780762298402,2.992884740947885,1777047635.4654872,4.970566206151793,1.4389212780719576,2.992048294162917,1777047635.448404,1777047635.4654872,1.0032726920168265
1777047635.7141535,252.81502652168274,5.954764944144428,3.5684246870703835,0.2,2.9931553688946764,4.970904554418707,1.4387640652172182,0.005316069754763518,2.9942143891077397,1777047635.6646984,4.970904554418707,1.4387640652172182,2.9931553688946764,1777047635.671249,1777047635.6877773,0.978525322108054
1777047635.915403,253.01627588272095,5.954764944144428,3.5684246870703835,0.2,2.994453312310865,4.971191161032387,1.4386316164507418,0.008463864743743181,2.996405205637342,1777047635.8953133,4.971191161032387,1.4386316164507418,2.994453312310865,1777047635.860014,1777047635.8500016,0.9782099573645694
1777047636.1151683,253.21604132652283,5.954764944144428,3.5684246870703835,0.2,2.9962783049957356,4.971517195266429,1.4384817483325483,0.009392061414097415,2.9981875789587815,1777047636.0985992,4.971517195266429,1.4384817483325483,2.9962783049957356,1777047636.072431,1777047636.0668998,0.9642588642160173
1777047636.3157468,253.41661977767944,-3.5684246870703835,-5.954764944144428,0.2,2.998600315587348,4.971869721897176,1.4383206579210468,0.015240442178648762,3.0018715698416196,1777047636.3132422,4.971869721897176,1.4383206579210468,2.998600315587348,1777047636.305207,1777047636.2769697,0.9576435828732673
1777047636.5146875,253.6155605316162,-3.5684246870703835,-5.954764944144428,0.2,3.0001040734064355,4.972104974720608,1.4382137074843948,0.00784673714459785,3.001368507580578,1777047636.4743836,4.972104974720608,1.4382137074843948,3.0001040734064355,1777047636.451259,1777047636.482921,0.9440818922955841
1777047636.715285,253.81615805625916,-3.5684246870703835,-5.954764944144428,0.2,3.001572908969596,4.9724189361068305,1.4380716589554405,0.005324151313367281,3.002732683777649,1777047636.6922164,4.9724189361068305,1.4380716589554405,3.001572908969596,1777047636.649613,1777047636.7012553,1.0837624707501072
1777047636.9142992,254.0151722431183,-3.5684246870703835,-5.954764944144428,0.2,3.0025296842381857,4.9727463307692075,1.4379243619730984,0.0023103895396831627,3.003016126451096,1777047636.902762,4.9727463307692075,1.4379243619730984,3.0025296842381857,1777047636.870107,1777047636.9047616,1.0800316824540372
1777047637.1146748,254.2155478000641,-3.5684246870703835,-5.954764944144428,0.2,3.0029540059038986,4.973074081669676,1.4377777467458706,0.001011543125684753,3.0031066963638224,1777047637.05371,4.973074081669676,1.4377777467458706,3.0029540059038986,1777047637.084911,1777047637.0628715,0.9662846297840864
1777047637.3145795,254.41545248031616,-3.5684246870703835,-5.954764944144428,0.2,3.002868674539128,4.973402186096094,1.4376318096432712,-0.0008631131949203264,3.0026729661804645,1777047637.280457,4.973402186096094,1.4376318096432712,3.002868674539128,1777047637.296519,1777047637.2899914,1.017559547552644
1777047637.5141604,254.61503338813782,-3.5684246870703835,-5.954764944144428,0.2,3.002468908367178,4.973651780124825,1.4375213479554492,-0.0035738478889466374,3.0018768923335646,1777047637.515429,4.973756932617111,1.4374749534628828,3.002216547846384,1777047637.510057,1777047637.4532216,1.0342642986372836
1777047637.714491,254.81536388397217,-3.5684246870703835,-5.954764944144428,0.2,3.00161459890686,4.973954189319719,1.43738814752577,-0.004099591934320674,3.000693247702419,1777047637.6708515,4.973954189319719,1.43738814752577,3.00161459890686,1777047637.665319,1777047637.678148,0.9305321528098076
1777047637.915403,255.01627588272095,-3.5684246870703835,-5.954764944144428,0.2,3.000008031629097,4.9743359042190365,1.4372209968526617,-0.007564749454136076,2.9987401568060585,1777047637.8384545,4.9743359042190365,1.4372209968526617,3.000008031629097,1777047637.896237,1777047637.909787,1.006211805218999
1777047638.114937,255.2158100605011,-3.5684246870703835,-5.954764944144428,0.2,2.9986729252722863,4.974586242772134,1.4371119610121863,-0.00716214117181193,2.996991463839857,1777047638.0732253,4.974586242772134,1.4371119610121863,2.9986729252722863,1777047638.058123,1777047638.053119,0.9781681906133525
1777047638.314772,255.4156448841095,5.954764944144428,3.5684246870703835,0.2,2.9963620433441918,4.974955519012958,1.4369519545197682,-0.00808762872583602,2.9944612181248913,1777047638.308254,4.974955519012958,1.4369519545197682,2.9963620433441918,1777047638.295225,1777047638.2655818,0.9035475991103605
1777047638.5142217,255.61509466171265,5.954764944144428,3.5684246870703835,0.2,2.9947855099406464,4.975206338799233,1.4368438323591892,-0.009612460838112317,2.9932683019100446,1777047638.4660916,4.975206338799233,1.4368438323591892,2.9947855099406464,1777047638.457566,1777047638.4887183,1.0300557006424478
1777047638.714683,255.81555604934692,5.954764944144428,3.5684246870703835,0.2,2.9930986934231925,4.975589538250083,1.4366794999140922,-0.005248417471393016,2.9920536796057706,1777047638.665202,4.975589538250083,1.4366794999140922,2.9930986934231925,1777047638.692891,1777047638.6863685,0.9013394473931943
1777047638.9143043,256.01517724990845,5.954764944144428,3.5684246870703835,0.2,2.992416252653401,4.975840839685508,1.4365722844939217,-0.0031186915937118235,2.991756857796548,1777047638.876635,4.975946707182189,1.4365272469816817,2.9922216948704463,1777047638.912313,1777047638.9163764,1.0356527156046211
1777047639.114207,256.2150800228119,5.954764944144428,3.5684246870703835,0.2,2.9919917428138127,4.97615854185056,1.4364373590372022,-0.0014472131828703718,2.9916967021385363,1777047639.0805032,4.97615854185056,1.4364373590372022,2.9919917428138127,1777047639.05874,1777047639.1101658,0.9354338924632363
1777047639.3185964,256.41946935653687,5.954764944144428,3.5684246870703835,0.2,2.9920262080540105,4.976463285733743,1.4363085798867972,0.0009136768883094746,2.9921772513799376,1777047639.321114,4.976463285733743,1.4363085798867972,2.9920262080540105,1777047639.259864,1777047639.3069847,1.090846463860945
1777047639.514549,256.61542201042175,5.954764944144428,3.5684246870703835,0.2,2.992607070307381,4.976821374469932,1.436158054938443,0.002612099777635987,2.9932232507486147,1777047639.4817116,4.976821374469932,1.436158054938443,2.992607070307381,1777047639.48544,1777047639.450908,1.064730273180951
1777047639.7148004,256.81567335128784,5.954764944144428,3.5684246870703835,0.2,2.99344360029232,4.977100144300457,1.4360414636320278,0.005428683859721097,2.9943502956353973,1777047639.7168071,4.977100144300457,1.4360414636320278,2.99344360029232,1777047639.656755,1777047639.6577594,1.0229318850999116
1777047639.9145696,257.015442609787,5.954764944144428,3.5684246870703835,0.2,2.9949039977017073,4.977445596476446,1.4358976974082485,0.00602724693185192,2.996217171216908,1777047639.8666039,4.977445596476446,1.4358976974082485,2.9949039977017073,1777047639.874627,1777047639.8666039,1.0459566071955448
1777047640.116718,257.217591047287,5.954764944144428,3.5684246870703835,0.2,2.996775625181902,4.977791387829272,1.435754578002637,0.015134151173281955,3.00003523599743,1777047640.081985,4.977791387829272,1.435754578002637,2.996775625181902,1777047640.091694,1777047640.0891845,0.9088264806018154
1777047640.3148053,257.41567826271057,-3.5684246870703835,-5.954764944144428,0.2,2.998276498831739,4.978030979370487,1.4356558746200654,0.008867029830607857,3.000188693565147,1777047640.2976372,4.978030979370487,1.4356558746200654,2.998276498831739,1777047640.257796,1777047640.3051538,0.9503533547233063
1777047640.515052,257.61592507362366,-3.5684246870703835,-5.954764944144428,0.2,3.0004255936459465,4.978377339791588,1.4355138521641624,0.00665203483091158,3.0018281815364567,1777047640.5084882,4.978377339791588,1.4355138521641624,3.0004255936459465,1777047640.463394,1777047640.4456983,0.9279558606034006
1777047640.7146425,257.8155155181885,-3.5684246870703835,-5.954764944144428,0.2,3.0013032486467406,4.978563979818915,1.4354376477983297,0.005351727292748355,3.002266909527335,1777047640.6885536,4.978563979818915,1.4354376477983297,3.0013032486467406,1777047640.625618,1777047640.7006133,0.929610145094845
1777047640.9155605,258.01643347740173,-3.5684246870703835,-5.954764944144428,0.2,3.002590246815716,4.978977596447323,1.435269580313511,0.0022598479031242977,3.0030851025499232,1777047640.907531,4.978977596447323,1.435269580313511,3.002590246815716,1777047640.864781,1777047640.8582616,0.9735981009076962
1777047641.11457,258.2154428958893,-3.5684246870703835,-5.954764944144428,0.2,3.0030190092542117,4.979298137492329,1.4351400967873253,0.0013172036102828278,3.0032197793706508,1777047641.0599525,4.979298137492329,1.4351400967873253,3.0030190092542117,1777047641.067488,1777047641.0684905,0.9851789605034293
1777047641.3143547,258.41522765159607,-3.5684246870703835,-5.954764944144428,0.2,3.0029656714128983,4.979632330465143,1.435005802755713,-0.0012725318224653275,3.0026753783068876,1777047641.288075,4.979632330465143,1.435005802755713,3.0029656714128983,1777047641.296589,1777047641.3061335,1.0298267489434936
1777047641.5150418,258.61591482162476,-3.5684246870703835,-5.954764944144428,0.2,3.0025619935335546,4.979899900638454,1.4348987942483566,-0.002986502017799811,3.001964349073442,1777047641.4881902,4.979899900638454,1.4348987942483566,3.0025619935335546,1777047641.457566,1777047641.4480493,1.0178876784191198
1777047641.7150612,258.8159341812134,-3.5684246870703835,-5.954764944144428,0.2,3.001625906367485,4.980234630791095,1.4347655624024869,-0.00494748460849541,3.0005282554097965,1777047641.7100506,4.980234630791095,1.4347655624024869,3.001625906367485,1777047641.6627,1777047641.68297,0.957578225048965
1777047641.914493,259.0153660774231,-3.5684246870703835,-5.954764944144428,0.2,3.000186308740254,4.980583062441152,1.4346276177974535,-0.007605216594679077,2.998962371030277,1777047641.8709846,4.980583062441152,1.4346276177974535,3.000186308740254,1777047641.882506,1777047641.8999279,0.9293696414735383
1777047642.1154196,259.2162926197052,-3.5684246870703835,-5.954764944144428,0.2,2.9984881642836054,4.9809049713342075,1.4345008347828518,-0.009055224929224557,2.996371711764119,1777047642.1047118,4.9809049713342075,1.4345008347828518,2.9984881642836054,1777047642.102712,1777047642.0981941,0.9119738032065382
1777047642.3178678,259.41874074935913,5.954764944144428,3.5684246870703835,0.2,2.997014989773554,4.981146577449075,1.434406089542762,-0.003963975631297297,2.9964174131964403,1777047642.2554636,4.981146577449075,1.434406089542762,2.997014989773554,1777047642.261837,1777047642.2564688,0.9227749969370296
1777047642.5142846,259.61515760421753,5.954764944144428,3.5684246870703835,0.2,2.9946978878506543,4.981536142836331,1.4342540512943136,-0.00919216987123859,2.9927857942971756,1777047642.463477,4.981536142836331,1.4342540512943136,2.9946978878506543,1777047642.490012,1777047642.4850156,1.0823638212825832
1777047642.7150848,259.8159577846527,5.954764944144428,3.5684246870703835,0.2,2.9932815742051684,4.981899182859595,1.4341131608616833,-0.005062606832185045,2.9921598764740476,1777047642.6850421,4.981899182859595,1.4341131608616833,2.9932815742051684,1777047642.710577,1777047642.6369932,0.9366695876839418
1777047642.914955,260.0158278942108,5.954764944144428,3.5684246870703835,0.2,2.9925922653462855,4.982208695765184,1.4339936396666861,-0.0026196216761813942,2.9920162788982445,1777047642.904916,4.982208695765184,1.4339936396666861,2.9925922653462855,1777047642.912956,1777047642.866273,1.0199267893453792
1777047643.114636,260.2155089378357,5.954764944144428,3.5684246870703835,0.2,2.9923563739917682,4.982464556752506,1.433895245878762,-0.0006136189788301171,2.9922604645722206,1777047643.0612173,4.982464556752506,1.433895245878762,2.9923563739917682,1777047643.078421,1777047643.0809338,1.029791140731374
1777047643.3185732,260.4194462299347,5.954764944144428,3.5684246870703835,0.2,2.992413964364866,4.982720576139323,1.4337971585644662,0.0018292961211339965,2.9927999907058545,1777047643.2722418,4.982720576139323,1.4337971585644662,2.992413964364866,1777047643.253565,1777047643.3005087,0.9560575134332127
1777047643.5152943,260.6161673069,5.954764944144428,3.5684246870703835,0.2,2.9931263807767348,4.9831386293219015,1.433637775529836,0.003835919807361699,2.994018357718577,1777047643.5047746,4.9831386293219015,1.433637775529836,2.9931263807767348,1777047643.502769,1777047643.4571495,0.9950905521294154
1777047643.7184112,260.81928420066833,5.954764944144428,3.5684246870703835,0.2,2.9940223617146593,4.983422062497633,1.433530265524279,0.005766134993466029,2.9949340200155294,1777047643.6628802,4.983422062497633,1.433530265524279,2.9940223617146593,1777047643.667389,1777047643.678913,1.0830423951637211
1777047643.914877,261.01574993133545,5.954764944144428,3.5684246870703835,0.2,2.995615640510389,4.983786754344441,1.4333925824297125,0.007693433663189298,2.9973768689037823,1777047643.8918064,4.983786754344441,1.4333925824297125,2.995615640510389,1777047643.894317,1777047643.902844,0.9944539906476978
1777047644.1145663,261.2154393196106,5.954764944144428,3.5684246870703835,0.2,2.9969990344157935,4.984043575545408,1.433296061427558,0.007980433928256892,2.9987727180802,1777047644.1140604,4.984043575545408,1.433296061427558,2.9969990344157935,1777047644.069805,1777047644.0658033,1.0384192815279256
1777047644.3142087,261.41508173942566,-3.5684246870703835,-5.954764944144428,0.2,2.9988317390616714,4.984341138545909,1.4331846799392445,0.01048426515578264,3.000569321317576,1777047644.2797928,4.984341138545909,1.4331846799392445,2.9988317390616714,1777047644.251683,1777047644.2981462,1.0651926726237229
1777047644.514916,261.615788936615,-3.5684246870703835,-5.954764944144428,0.2,3.0012736221182887,4.984747234948941,1.4330334551206894,0.009592849946330268,3.002969073192487,1777047644.456534,4.984747234948941,1.4330334551206894,3.0012736221182887,1777047644.505363,1777047644.4786668,1.052822285600809
1777047644.715719,261.8165919780731,-3.5684246870703835,-5.954764944144428,0.2,3.0023069132646363,4.984991073824528,1.432943086370328,0.005345224013061405,3.003471960202328,1777047644.6744943,4.984991073824528,1.432943086370328,3.0023069132646363,1777047644.653238,1777047644.6980214,0.9351862557236192
1777047644.914659,262.01553201675415,-3.5684246870703835,-5.954764944144428,0.2,3.0032980274437655,4.985357085013397,1.4328080484064558,0.0027908562479041863,3.0039332438985245,1777047644.9021006,4.985357085013397,1.4328080484064558,3.0032980274437655,1777047644.885063,1777047644.8530393,0.9333050242263244
1777047645.1148188,262.21569180488586,-3.5684246870703835,-5.954764944144428,0.2,3.003623558251686,4.985614829184347,1.432713391555189,0.0007706632394294118,3.0037459903828942,1777047645.0609665,4.985614829184347,1.432713391555189,3.003623558251686,1777047645.044844,1777047645.0679653,0.9378768336611077
1777047645.3144038,262.41527676582336,-3.5684246870703835,-5.954764944144428,0.2,3.0035668465158794,4.985994932639509,1.4325744515086405,-0.001986296237813883,3.003115248813074,1777047645.2883232,4.985994932639509,1.4325744515086405,3.0035668465158794,1777047645.284322,1777047645.2938328,1.0430253930208226
1777047645.5151277,262.61600065231323,-3.5684246870703835,-5.954764944144428,0.2,3.0030190727319876,4.986320989423314,1.432455882004402,-0.0032495237802388065,3.002403399235477,1777047645.477789,4.986320989423314,1.432455882004402,3.0030190727319876,1777047645.483308,1777047645.4737797,1.0923510826810903
1777047645.714881,262.8157539367676,-3.5684246870703835,-5.954764944144428,0.2,3.002227341229826,4.986592880728522,1.432357438702486,-0.0041544497987843956,3.0014418971020302,1777047645.6668499,4.986592880728522,1.432357438702486,3.002227341229826,1777047645.672364,1777047645.7123814,1.0093237989335928
1777047645.9146757,263.0155487060547,-3.5684246870703835,-5.954764944144428,0.2,3.000586697136635,4.986987406544179,1.4322152776442636,-0.006105908812352866,2.9992191192786315,1777047645.890826,4.986987406544179,1.4322152776442636,3.000586697136635,1777047645.907586,1777047645.862216,0.9686122177494239
1777047646.1190574,263.21993041038513,-3.5684246870703835,-5.954764944144428,0.2,2.999078241710107,4.987273304907284,1.4321127574795363,-0.01253324152262169,2.997054867542318,1777047646.0522666,4.987273304907284,1.4321127574795363,2.999078241710107,1777047646.069884,1777047646.0883563,1.0996506419379153
1777047646.315066,263.4159390926361,5.954764944144428,3.5684246870703835,0.2,2.997253219902822,4.987573002098617,1.4320057314089139,-0.009994684945703517,2.994777093459113,1777047646.300011,4.987573002098617,1.4320057314089139,2.997253219902822,1777047646.271821,1777047646.2641897,0.9412323842834546
1777047646.5179055,263.61877846717834,5.954764944144428,3.5684246870703835,0.2,2.995478400079781,4.98785925106136,1.4319039234818283,-0.007343118000687689,2.9942660190675228,1777047646.4651153,4.98785925106136,1.4319039234818283,2.995478400079781,1777047646.454077,1777047646.4841964,1.020756649866001
1777047646.7153847,263.8162577152252,5.954764944144428,3.5684246870703835,0.2,2.993755412907303,4.988254823920952,1.431763889087524,-0.004458468346632488,2.9927424721450824,1777047646.69231,4.988254823920952,1.431763889087524,2.993755412907303,1777047646.694316,1777047646.7153847,1.048617162068233
1777047646.9149315,264.01580452919006,5.954764944144428,3.5684246870703835,0.2,2.9929435687520822,4.988568779749459,1.4316532803256896,-0.0052733015973179635,2.9919469983021996,1777047646.8812943,4.988568779749459,1.4316532803256896,2.9929435687520822,1777047646.884299,1777047646.8812943,1.0385624115974263
1777047647.1143317,264.21520471572876,5.954764944144428,3.5684246870703835,0.2,2.992586072976577,4.988869270110792,1.4315478510767998,-0.0008439432349046679,2.9924143866389863,1777047647.0847278,4.988869270110792,1.4315478510767998,2.992586072976577,1777047647.08121,1777047647.0661266,1.0488454234083195
1777047647.3233466,264.4242196083069,5.954764944144428,3.5684246870703835,0.2,2.992623213713019,4.98916993955578,1.4314427810264576,0.002488343882594772,2.9930448737805304,1777047647.2541819,4.98916993955578,1.4314427810264576,2.992623213713019,1777047647.252177,1777047647.3070157,0.9947788158042852
1777047647.517285,264.6181581020355,5.954764944144428,3.5684246870703835,0.2,2.9932973269550165,4.989580229371956,1.431300078861456,0.0035544484691046674,2.9941432684434313,1777047647.492177,4.989580229371956,1.431300078861456,2.9932973269550165,1777047647.506737,1777047647.460341,1.0383005919055484
1777047647.7150187,264.8158917427063,5.954764944144428,3.5684246870703835,0.2,2.993937773263465,4.989799184541796,1.431224241465026,0.0046522929793476695,2.994951585722877,1777047647.7100937,4.989799184541796,1.431224241465026,2.993937773263465,1777047647.662905,1777047647.6759605,0.9236429138882344
1777047647.9149804,265.0158534049988,5.954764944144428,3.5684246870703835,0.2,2.9955513410428622,4.990196276501414,1.431087265172048,0.006746318267717311,2.9968913773541246,1777047647.908726,4.990196276501414,1.431087265172048,2.9955513410428622,1777047647.893142,1777047647.898976,0.9562621365344057
1777047648.114762,265.21563506126404,5.954764944144428,3.5684246870703835,0.2,2.9973544507200014,4.990538839479472,1.4309696783358312,0.00874257400621054,2.99859902871999,1777047648.1177807,4.990538839479472,1.4309696783358312,2.9973544507200014,1777047648.106841,1777047648.096299,1.0951320934198334
1777047648.3152804,265.4161534309387,5.954764944144428,3.5684246870703835,0.2,2.998679110881593,4.9907581968683035,1.430894664632747,0.010126038132658303,3.0013138941720245,1777047648.311283,4.9907581968683035,1.430894664632747,2.998679110881593,1777047648.248165,1777047648.3102767,0.9065922613589454
1777047648.514662,265.61553502082825,-3.5684246870703835,-5.954764944144428,0.2,3.0010690692441084,4.991114846564138,1.4307731718809422,0.00971392098201427,3.0029132371917724,1777047648.501131,4.991114846564138,1.4307731718809422,3.0010690692441084,1777047648.461684,1777047648.4686894,0.9831024802506881
1777047648.7151616,265.8160345554352,-3.5684246870703835,-5.954764944144428,0.2,3.003377611429805,4.991471735256589,1.4306521829061554,0.007993350015792038,3.004984150710175,1777047648.7021155,4.991471735256589,1.4306521829061554,3.003377611429805,1777047648.676424,1777047648.6689,1.056374575969165
1777047648.9147346,266.0156075954437,-3.5684246870703835,-5.954764944144428,0.2,3.0048203841326657,4.991787642640563,1.4305455765303423,0.004260774022994138,3.0057070830410795,1777047648.910223,4.991787642640563,1.4305455765303423,3.0048203841326657,1777047648.886259,1777047648.87919,0.9662920935524935
1777047649.1146536,266.21552658081055,-3.5684246870703835,-5.954764944144428,0.2,3.005632283924097,4.992048749115753,1.4304578100899006,0.0033721620485586633,3.0061142920732054,1777047649.0531604,4.992048749115753,1.4304578100899006,3.005632283924097,1777047649.042119,1777047649.1131477,0.9050096582586998
1777047649.3143404,266.4152133464813,-3.5684246870703835,-5.954764944144428,0.2,3.0062600792003877,4.992433766101139,1.4303289638673882,0.0009890158677256199,3.006493555151666,1777047649.2892294,4.992433766101139,1.4303289638673882,3.0062600792003877,1777047649.2777,1777047649.2690742,0.9083535880781533
1777047649.5158381,266.61671113967896,-3.5684246870703835,-5.954764944144428,0.2,3.0062446879991036,4.992819053106354,1.4302007036351045,-0.0011188923030811325,3.0060080364871404,1777047649.5007346,4.992819053106354,1.4302007036351045,3.0062446879991036,1777047649.508256,1777047649.4673028,1.0280448033591894
1777047649.7150233,266.8158962726593,-3.5684246870703835,-5.954764944144428,0.2,3.0059768760818386,4.993025566985938,1.4301322323153425,-0.009869937345990693,3.0039007296933087,1777047649.711085,4.993149511944605,1.4300912292294168,3.005731281611876,1777047649.715023,1777047649.6863854,0.9991185669253426
1777047649.9147618,267.01563477516174,-3.5684246870703835,-5.954764944144428,0.2,3.0050560706431497,4.993397483803734,1.430009401279084,-0.0031801167457815435,3.0045499918217553,1777047649.8702235,4.993397483803734,1.430009401279084,3.0050560706431497,1777047649.878335,1777047649.8898575,1.0243604086907185
1777047650.114965,267.21583795547485,-3.5684246870703835,-5.954764944144428,0.2,3.003614446682853,4.993769644832397,1.4298871007228717,-0.01014007333102129,3.001440997060244,1777047650.084566,4.993769644832397,1.4298871007228717,3.003614446682853,1777047650.092149,1777047650.1039174,1.0594284007968577
1777047650.3145118,267.4153847694397,-3.5684246870703835,-5.954764944144428,0.2,3.0023968143776543,4.99401788636175,1.4298058575608967,-0.008379778109342755,3.000911565405493,1777047650.2618082,4.99401788636175,1.4298058575608967,3.0023968143776543,1777047650.25729,1777047650.260813,0.989335574825598
1777047650.51437,267.61524295806885,-3.5684246870703835,-5.954764944144428,0.2,3.00041321394834,4.994362842297027,1.4296933992495688,-0.009396465658879855,2.998411300226672,1777047650.4748578,4.994362842297027,1.4296933992495688,3.00041321394834,1777047650.473811,1777047650.4738116,0.9223626309156844
1777047650.7156975,267.816570520401,5.954764944144428,3.5684246870703835,0.2,2.9979522224533657,4.994735621822276,1.4295724308567404,-0.009768192440013401,2.996394956123147,1777047650.63428,4.994735621822276,1.4295724308567404,2.9979522224533657,1777047650.702669,1777047650.695132,1.086139485288737
1777047650.9156418,268.0165147781372,5.954764944144428,3.5684246870703835,0.2,2.9963725823062592,4.99498427086771,1.4294920604640469,-0.009764122604569303,2.993939441071694,1777047650.883472,4.99498427086771,1.4294920604640469,2.9963725823062592,1777047650.854361,1777047650.904626,0.9451688404714864
1777047651.1153512,268.216224193573,5.954764944144428,3.5684246870703835,0.2,2.9948168679067386,4.995315961898737,1.4293852358946815,-0.005827906321023732,2.9939885787439477,1777047651.0255966,4.995315961898737,1.4293852358946815,2.9948168679067386,1777047651.062728,1777047651.0431647,1.0632019603928773
1777047651.3153358,268.4162087440491,5.954764944144428,3.5684246870703835,0.2,2.993750153470007,4.995675496530042,1.4292699357834449,-0.0035105279083817807,2.992892884259531,1777047651.2697961,4.995675496530042,1.4292699357834449,2.993750153470007,1777047651.2728,1777047651.2697961,1.0155952828519523
1777047651.5148177,268.6156907081604,5.954764944144428,3.5684246870703835,0.2,2.9932494718815086,4.996062920581121,1.4291462554487537,-0.0008842808460070338,2.9930563192222555,1777047651.4882252,4.996062920581121,1.4291462554487537,2.9932494718815086,1777047651.499774,1777047651.496269,0.9365977207308929
1777047651.7148206,268.81569361686707,5.954764944144428,3.5684246870703835,0.2,2.9932582141867847,4.996298258996029,1.4290714088293888,0.0010745012144585402,2.993494694916619,1777047651.7083094,4.996298258996029,1.4290714088293888,2.9932582141867847,1777047651.675244,1777047651.6708398,0.9513823669961993
1777047651.9197776,269.0206506252289,5.954764944144428,3.5684246870703835,0.2,2.9937491282123716,4.996672211307042,1.4289529127501994,0.002807174564503224,2.994163634317761,1777047651.855969,4.996672211307042,1.4289529127501994,2.9937491282123716,1777047651.892202,1777047651.8751557,1.0808875316380364
1777047652.1145647,269.21543765068054,5.954764944144428,3.5684246870703835,0.2,2.9947512704466135,4.9970325201431915,1.4288392423602319,0.005963254433138973,2.996034725988027,1777047652.0711963,4.9970325201431915,1.4288392423602319,2.9947512704466135,1777047652.102533,1777047652.07993,0.9640631705448979
1777047652.3148596,269.4157326221466,5.954764944144428,3.5684246870703835,0.2,2.995606119102561,4.9972543487166305,1.4287695042927684,0.0072902337515121695,2.997239650996064,1777047652.2952676,4.997379160636688,1.4287303480080797,2.9961603115645996,1777047652.315866,1777047652.260037,0.9722919635398433
1777047652.516117,269.6169900894165,5.954764944144428,3.5684246870703835,0.2,2.9971923381338925,4.997587233683357,1.4286652019516053,0.008924942981199951,2.999113806752291,1777047652.5105596,4.997587233683357,1.4286652019516053,2.9971923381338925,1777047652.455441,1777047652.4669266,0.9847844712037459
1777047652.7148902,269.81576323509216,5.954764944144428,3.5684246870703835,0.2,2.999181592400863,4.997934169270898,1.4285569440876658,0.008023658287988443,3.000374446386594,1777047652.6592267,4.997934169270898,1.4285569440876658,2.999181592400863,1777047652.664771,1777047652.6762931,1.039191086822067
1777047652.916156,270.01702904701233,-3.5684246870703835,-5.954764944144428,0.2,3.0017442508839984,4.99832295452613,1.4284361714508478,0.012654799909625187,3.0043332099402926,1777047652.8638098,4.99832295452613,1.4284361714508478,3.0017442508839984,1777047652.897915,1777047652.8884048,1.0909177427773038
1777047653.117475,270.21834802627563,-3.5684246870703835,-5.954764944144428,0.2,3.0037391109365306,4.998642484872959,1.4283373448961543,0.010470429539141544,3.0059085570044743,1777047653.0710073,4.998642484872959,1.4283373448961543,3.0037391109365306,1777047653.097888,1777047653.0569472,0.9958425196665732
1777047653.314334,270.4152069091797,-3.5684246870703835,-5.954764944144428,0.2,3.0050075498080417,4.9989204621632295,1.428251688986455,0.005126019441267711,3.0061048075468038,1777047653.2850637,4.9989204621632295,1.428251688986455,3.0050075498080417,1777047653.281562,1777047653.273028,0.9238631880098681
1777047653.5148673,270.61574029922485,-3.5684246870703835,-5.954764944144428,0.2,3.006089875601459,4.999282005250097,1.4281407272609405,0.0030443269941914423,3.00673299641463,1777047653.496316,4.999282005250097,1.4281407272609405,3.006089875601459,1777047653.493323,1777047653.4752443,0.9507367214392002
1777047653.7178304,270.81870341300964,-3.5684246870703835,-5.954764944144428,0.2,3.0065906221528085,4.999643742106841,1.4280302073595974,0.00161938545794845,3.00685610142579,1777047653.6602542,4.999643742106841,1.4280302073595974,3.0065906221528085,1777047653.708789,1777047653.6373277,1.0967977903282136
1777047653.9164262,271.01729917526245,-3.5684246870703835,-5.954764944144428,0.2,3.006627510268754,4.999852523943685,1.4279666462357326,-0.0004450491337798064,3.0065392180290593,1777047653.8586419,4.999852523943685,1.4279666462357326,3.006627510268754,1777047653.848609,1777047653.866681,1.052662417292951
1777047654.1147873,271.2156603336334,-3.5684246870703835,-5.954764944144428,0.2,3.00615787394151,5.000270278004464,1.427839960985336,-0.0023130095789428823,3.005599097065547,1777047654.1002219,5.000270278004464,1.427839960985336,3.00615787394151,1777047654.100727,1777047654.1002219,0.9194080862490017
1777047654.3144028,271.41527581214905,-3.5684246870703835,-5.954764944144428,0.2,3.0054980182195727,5.000534985730667,1.4277600258399925,-0.006128539118030902,3.004451952123452,1777047654.2709095,5.000534985730667,1.4277600258399925,3.0054980182195727,1777047654.255341,1777047654.2618566,0.9612655521563293
1777047654.515123,271.61599588394165,-3.5684246870703835,-5.954764944144428,0.2,3.0041152455260534,5.000911321009837,1.4276468272921603,-0.008573843296739915,3.002267519973148,1777047654.4864168,5.000911321009837,1.4276468272921603,3.0041152455260534,1777047654.478351,1777047654.4838648,1.018270395226086
1777047654.7230737,271.82394671440125,-3.5684246870703835,-5.954764944144428,0.2,3.002932072451188,5.001162321992773,1.4275716147696815,-0.00645044946418993,3.0018232768790636,1777047654.6583111,5.001162321992773,1.4275716147696815,3.002932072451188,1777047654.643247,1777047654.6477594,0.9370284536217598
1777047654.9149888,272.01586174964905,-3.5684246870703835,-5.954764944144428,0.2,3.000390619479143,5.001608761881243,1.4274383941980502,-0.00959792288538875,2.9979415393538087,1777047654.9134789,5.001608761881243,1.4274383941980502,3.000390619479143,1777047654.912481,1777047654.8530366,0.9652346158116726
1777047655.1158144,272.2166874408722,5.954764944144428,3.5684246870703835,0.2,2.998848441798401,5.001846044081648,1.4273678713685574,-0.009767390622708988,2.997509237248777,1777047655.0505886,5.001846044081648,1.4273678713685574,2.998848441798401,1777047655.052594,1777047655.0691142,0.9786632791318784
1777047655.3147652,272.4156382083893,5.954764944144428,3.5684246870703835,0.2,2.9964935000309065,5.002209093065183,1.4272603414660852,-0.00904125440456237,2.99463250973518,1777047655.2564218,5.002209093065183,1.4272603414660852,2.9964935000309065,1777047655.283111,1777047655.3062167,1.0663017358518976
1777047655.514751,272.61562395095825,5.954764944144428,3.5684246870703835,0.2,2.9950344121669907,5.002516425227604,1.4271696586905418,-0.006432034600010625,2.9936333761116845,1777047655.4742434,5.002516425227604,1.4271696586905418,2.9950344121669907,1777047655.464717,1777047655.466723,1.0924664321462119
1777047655.7147632,272.8156361579895,5.954764944144428,3.5684246870703835,0.2,2.993818131406032,5.00292173389862,1.4270505396769135,-0.0028700517889644417,2.9931696315639993,1777047655.7001975,5.00292173389862,1.4270505396769135,2.993818131406032,1777047655.705712,1777047655.67602,1.0040734745461524
1777047655.915111,273.0159840583801,5.954764944144428,3.5684246870703835,0.2,2.9933797253490706,5.0032293511034736,1.4269604854984128,-0.0016080952761025082,2.993133373347099,1777047655.8533924,5.0032293511034736,1.4269604854984128,2.9933797253490706,1777047655.889906,1777047655.902376,0.984833640170061
1777047656.1152384,273.2161114215851,5.954764944144428,3.5684246870703835,0.2,2.9933161702138946,5.003481127882579,1.4268870029117255,0.0014448201319859247,2.993648332126753,1777047656.0832908,5.003481127882579,1.4268870029117255,2.9933161702138946,1777047656.049798,1777047656.0639598,1.0294042524769489
1777047656.3145103,273.4153833389282,5.954764944144428,3.5684246870703835,0.2,2.9937106597348517,5.003858943544217,1.4267771110943495,0.003205427711771022,2.9943873908099135,1777047656.2944112,5.003858943544217,1.4267771110943495,2.9937106597348517,1777047656.285389,1777047656.2733288,1.0056384108633674
1777047656.5151837,273.6160566806793,5.954764944144428,3.5684246870703835,0.2,2.994717072258352,5.004250941523491,1.426663568569135,0.004824501435377952,2.9957215667077266,1777047656.502618,5.004250941523491,1.426663568569135,2.994717072258352,1777047656.500617,1777047656.493102,1.0092288965255451
1777047656.715077,273.8159499168396,5.954764944144428,3.5684246870703835,0.2,2.996085040897548,5.004601101176449,1.4265625521535497,0.008312170641397488,2.997842691827726,1777047656.7140732,5.004601101176449,1.4265625521535497,2.996085040897548,1777047656.71208,1777047656.6984982,1.0105667761311943
1777047656.9150982,274.01597118377686,5.954764944144428,3.5684246870703835,0.2,2.997095208696182,5.0048112696657,1.4265021062108558,0.007476139844157114,2.99816666829438,1777047656.8573904,5.0048112696657,1.4265021062108558,2.997095208696182,1777047656.854389,1777047656.8573904,1.0131250197278432
1777047657.1143749,274.2152478694916,5.954764944144428,3.5684246870703835,0.2,2.999568151561622,5.005245789800015,1.4263775765414783,0.007738544886798252,3.0014621255445424,1777047657.102136,5.005245789800015,1.4263775765414783,2.999568151561622,1777047657.11026,1777047657.0912051,1.0003895187256708
1777047657.3150513,274.4159243106842,-3.5684246870703835,-5.954764944144428,0.2,3.0011115890231803,5.005484173047132,1.4263095120153426,0.008385937752193044,3.0024697985425086,1777047657.2640986,5.005484173047132,1.4263095120153426,3.0011115890231803,1777047657.266097,1777047657.2640986,0.9824471616413695
1777047657.5150187,274.6158916950226,-3.5684246870703835,-5.954764944144428,0.2,3.003636014118744,5.00589098641964,1.4261937752929394,0.007112134600301243,3.0051809599587105,1777047657.4813254,5.00589098641964,1.4261937752929394,3.003636014118744,1777047657.503994,1777047657.4878142,1.0483636358879291
1777047657.715484,274.8163568973541,-3.5684246870703835,-5.954764944144428,0.2,3.004922113728508,5.006185700567119,1.4261102622806638,0.005292969957458979,3.0061005129957845,1777047657.7039602,5.006185700567119,1.4261102622806638,3.004922113728508,1777047657.66637,1777047657.7129803,1.0267826399405513
1777047657.918832,275.01970505714417,-3.5684246870703835,-5.954764944144428,0.2,3.0059695992048745,5.006564772343216,1.4260032560146543,0.0040709914886720225,3.006609950617807,1777047657.924343,5.006564772343216,1.4260032560146543,3.0059695992048745,1777047657.903308,1777047657.8612564,0.9887665724129792
1777047658.1149426,275.2158155441284,-3.5684246870703835,-5.954764944144428,0.2,3.0063322962591315,5.006831629481958,1.4259282033245604,0.0013839774380962784,3.006617513533285,1777047658.0673416,5.006831629481958,1.4259282033245604,3.0063322962591315,1777047658.072854,1777047658.0748549,0.9081075365546434
1777047658.314201,275.4150741100311,-3.5684246870703835,-5.954764944144428,0.2,3.006389450103026,5.007126675041552,1.425845488041153,-0.0018308444634460804,3.0059530719736665,1777047658.3056896,5.007126675041552,1.425845488041153,3.006389450103026,1777047658.257777,1777047658.2412581,1.0188576074966313
1777047658.5154576,275.6163306236267,-3.5684246870703835,-5.954764944144428,0.2,3.005855917964828,5.007548345974945,1.4257277534685064,-0.0034075150399986514,3.0051462589313602,1777047658.5139525,5.007548345974945,1.4257277534685064,3.005855917964828,1777047658.498424,1777047658.4909165,1.0941967313771215
1777047658.7147455,275.81561851501465,-3.5684246870703835,-5.954764944144428,0.2,3.0051138744324106,5.007829574631843,1.4256495420914383,-0.004786622386323738,3.0043365040977843,1777047658.6763573,5.007829574631843,1.4256495420914383,3.0051138744324106,1777047658.656338,1777047658.7032142,0.9648992381839229
1777047658.915322,276.01619505882263,-3.5684246870703835,-5.954764944144428,0.2,3.003537618277317,5.008237517128331,1.4255365251702365,-0.007213282931278676,3.0019949956562666,1777047658.8902159,5.008237517128331,1.4255365251702365,3.003537618277317,1777047658.899244,1777047658.911309,0.9657652119853085
1777047659.114935,276.2158079147339,-3.5684246870703835,-5.954764944144428,0.2,3.002441423877606,5.008462669470966,1.4254743653719395,-0.008048193450040977,3.000670704039167,1777047659.1102304,5.008589342602908,1.4254394603382716,3.001761748557604,1777047659.11023,1777047659.054066,0.9473104033936547
1777047659.3143888,276.4152617454529,5.954764944144428,3.5684246870703835,0.2,3.0003661531706776,5.008828662658071,1.4253736447002663,-0.008095810444800572,2.9990275440480714,1777047659.2755764,5.008828662658071,1.4253736447002663,3.0003661531706776,1777047659.278583,1777047659.2830966,1.0602185085081126
1777047659.514038,276.61491107940674,5.954764944144428,3.5684246870703835,0.2,2.9986758259176227,5.0091243801779415,1.4252925494485411,-0.006946352378844099,2.9970784644992405,1777047659.5055332,5.0091243801779415,1.4252925494485411,2.9986758259176227,1777047659.438816,1777047659.511035,0.9378024038672581
1777047659.7151954,276.8160684108734,5.954764944144428,3.5684246870703835,0.2,2.997157634836441,5.009504727633919,1.4251886126439939,-0.005583044399180605,2.996338480289923,1777047659.652255,5.009504727633919,1.4251886126439939,2.997157634836441,1777047659.672351,1777047659.6567583,1.0397837250670727
1777047659.914922,277.0157949924469,5.954764944144428,3.5684246870703835,0.2,2.9963235921419873,5.009871134157837,1.4250888681464635,-0.002437178801021477,2.9957754316803697,1777047659.877171,5.009871134157837,1.4250888681464635,2.9963235921419873,1777047659.902336,1777047659.8992193,1.045609882332709
1777047660.1144857,277.21535873413086,5.954764944144428,3.5684246870703835,0.2,2.9960681679364356,5.010153081643075,1.4250123672547859,-0.00015324304990974204,2.9960338806633446,1777047660.1009154,5.010153081643075,1.4250123672547859,2.9960681679364356,1777047660.059108,1777047660.0511,1.0975944244157936
1777047660.3183537,277.41922664642334,5.954764944144428,3.5684246870703835,0.2,2.9962385876813062,5.010533842206595,1.4249093993236501,0.0011890555236823137,2.996441179665764,1777047660.271296,5.010533842206595,1.4249093993236501,2.9962385876813062,1777047660.302314,1777047660.2752934,1.0191781661573955
1777047660.51431,277.6151828765869,5.954764944144428,3.5684246870703835,0.2,2.9967723129222428,5.010830092849255,1.4248295567773632,0.003118257770033977,2.99751123217772,1777047660.5082614,5.010830092849255,1.4248295567773632,2.9967723129222428,1777047660.458881,1777047660.4603882,0.9547053173343477
1777047660.7144885,277.8153614997864,5.954764944144428,3.5684246870703835,0.2,2.9978396079459984,5.011182889401039,1.4247347836726454,0.00675080469428513,2.9988326237641676,1777047660.6553574,5.011182889401039,1.4247347836726454,2.9978396079459984,1777047660.682418,1777047660.6854162,1.0170915262246145
1777047660.9149156,278.01578855514526,5.954764944144428,3.5684246870703835,0.2,2.9989382082324654,5.011451099508772,1.424662958311194,0.01355231389456625,3.0022790250638094,1777047660.90187,5.011451099508772,1.424662958311194,2.9989382082324654,1777047660.851522,1777047660.90588,1.0624943712070365
1777047661.1153736,278.21624660491943,5.954764944144428,3.5684246870703835,0.2,3.000794665212107,5.011818241856251,1.4245649555113213,0.007001209079192158,3.0018547223372583,1777047661.0532806,5.011818241856251,1.4245649555113213,3.000794665212107,1777047661.069807,1777047661.072316,1.0630144774290788
1777047661.3150733,278.4159462451935,-3.5684246870703835,-5.954764944144428,0.2,3.0031788631938205,5.012213777780194,1.4244597850050886,0.007442295147814995,3.004772626793247,1777047661.26743,5.012213777780194,1.4244597850050886,3.0031788631938205,1777047661.302051,1777047661.2955282,1.0093683676054837
1777047661.5142426,278.6151156425476,-3.5684246870703835,-5.954764944144428,0.2,3.004817385842184,5.012496399539952,1.4243849014158378,0.00636168040257661,3.0062959249267607,1777047661.4998434,5.012496399539952,1.4243849014158378,3.004817385842184,1777047661.459784,1777047661.4527857,0.9115007095024011
1777047661.7156155,278.8164885044098,-3.5684246870703835,-5.954764944144428,0.2,3.006320924264422,5.012863927118819,1.4242878525379048,0.010923315990421468,3.0080056832671187,1777047661.6540785,5.012863927118819,1.4242878525379048,3.006320924264422,1777047661.677395,1777047661.6733952,1.0755513318383891
1777047661.914939,279.015811920166,-3.5684246870703835,-5.954764944144428,0.2,3.006994156251558,5.013118447929874,1.4242208643224097,0.004163261307472757,3.0079648643219787,1777047661.887239,5.013118447929874,1.4242208643224097,3.006994156251558,1777047661.847388,1777047661.9069057,1.0727667339513647
1777047662.115073,279.2159459590912,-3.5684246870703835,-5.954764944144428,0.2,3.007494292893206,5.013514496244745,1.4241169851160436,0.0005684093917838507,3.007615188494175,1777047662.09993,5.013514496244745,1.4241169851160436,3.007494292893206,1777047662.081837,1777047662.0546706,0.9284155363700124
1777047662.315206,279.41607904434204,-3.5684246870703835,-5.954764944144428,0.2,3.0074593522693043,5.013797481904329,1.4240430269624855,-0.0012946582717597295,3.0072304224081243,1777047662.2767565,5.013797481904329,1.4240430269624855,3.0074593522693043,1777047662.236863,1777047662.2757545,0.9786054645651032
1777047662.514123,279.6149959564209,-3.5684246870703835,-5.954764944144428,0.2,3.006738784184268,5.0142504202053315,1.4239251087243618,-0.005154747116594559,3.0058707933394695,1777047662.4451432,5.0142504202053315,1.4239251087243618,3.006738784184268,1777047662.506607,1777047662.438467,0.9348522533147297
1777047662.7152073,279.81608033180237,-3.5684246870703835,-5.954764944144428,0.2,3.0058938373489035,5.014533606328107,1.4238516660927087,-0.006874448173145941,3.0042502765790338,1777047662.6842258,5.014533606328107,1.4238516660927087,3.0058938373489035,1777047662.689228,1777047662.702303,0.9718710019129563
1777047662.9145355,280.0154085159302,-3.5684246870703835,-5.954764944144428,0.2,3.004772191125472,5.01481686819425,1.423778417567406,-0.0052926125885521475,3.0039341627541027,1777047662.842565,5.01481686819425,1.423778417567406,3.004772191125472,1777047662.858239,1777047662.8684,0.9530281958964586
1777047663.1167417,280.2176146507263,-3.5684246870703835,-5.954764944144428,0.2,3.0031772599674316,5.01514271186855,1.423694417751171,-0.007434729240812235,3.001943730318707,1777047663.1202488,5.01514271186855,1.423694417751171,3.0031772599674316,1777047663.048855,1777047663.040836,1.0950291644460985
1777047663.3142955,280.41516852378845,-3.5684246870703835,-5.954764944144428,0.2,3.001560011169138,5.015426133620707,1.4236215756961932,-0.016032485405962617,2.996979578453254,1777047663.2941766,5.015426133620707,1.4236215756961932,3.001560011169138,1777047663.233949,1777047663.300237,0.9320082047264485
1777047663.514398,280.6152710914612,5.954764944144428,3.5684246870703835,0.2,2.9988999757255748,5.0158372243231435,1.423516278957052,-0.010949377395034347,2.996499607066295,1777047663.5134008,5.0158372243231435,1.423516278957052,2.9988999757255748,1777047663.465205,1777047663.4617639,1.0755970440849065
1777047663.714829,280.81570196151733,5.954764944144428,3.5684246870703835,0.2,2.996508366334586,5.016220098925723,1.4234185789814853,-0.008583336156309884,2.995213150063494,1777047663.6642997,5.016220098925723,1.4234185789814853,2.996508366334586,1777047663.688881,1777047663.6708272,1.0434115474616317
1777047663.9149702,281.0158431529999,5.954764944144428,3.5684246870703835,0.2,2.9952387828973066,5.01650379216363,1.4233464108098202,-0.004639758625679612,2.9941522067338657,1777047663.8984878,5.01650379216363,1.4233464108098202,2.9952387828973066,1777047663.867884,1777047663.8536906,1.0577369085754105
1777047664.1164842,281.2173571586609,5.954764944144428,3.5684246870703835,0.2,2.9943168921901595,5.01680174447105,1.4232708154589284,-0.003892814611712364,2.993657761333614,1777047664.0678077,5.01680174447105,1.4232708154589284,2.9943168921901595,1777047664.047713,1777047664.0858426,1.0576775243452357
1777047664.3149574,281.41583037376404,5.954764944144428,3.5684246870703835,0.2,2.993682611923671,5.017199131265807,1.4231703056705118,-0.0011489899770014478,2.9934309194483477,1777047664.286863,5.017199131265807,1.4231703056705118,2.993682611923671,1777047664.282258,1777047664.293895,0.9529849612241813
1777047664.5150733,281.6159462928772,5.954764944144428,3.5684246870703835,0.2,2.9936155890679643,5.01745466407477,1.4231058616160104,0.0007976428950594638,2.9937895012210456,1777047664.5048957,5.01745466407477,1.4231058616160104,2.9936155890679643,1777047664.438402,1777047664.508895,1.007165953965305
1777047664.7152064,281.81607937812805,5.954764944144428,3.5684246870703835,0.2,2.993956251882828,5.0178096605692515,1.4230165741790426,0.003261402465638725,2.994617441253407,1777047664.7076273,5.0178096605692515,1.4230165741790426,2.993956251882828,1777047664.65593,1777047664.65793,1.040678466097608
1777047664.915414,282.01628708839417,5.954764944144428,3.5684246870703835,0.2,2.994960707223065,5.0182215862740875,1.4229133177340847,0.004514917529126855,2.9957212003991045,1777047664.8760674,5.0182215862740875,1.4229133177340847,2.994960707223065,1777047664.892669,1777047664.887634,0.9472351209055324
1777047665.1145198,282.21539282798767,5.954764944144428,3.5684246870703835,0.2,2.996308047846325,5.018576805727475,1.4228245774438286,0.007452032728056633,2.9978499293881704,1777047665.082975,5.018576805727475,1.4228245774438286,2.996308047846325,1777047665.098407,1777047665.0920222,0.9020178776435245
1777047665.3154693,282.41634225845337,5.954764944144428,3.5684246870703835,0.2,2.9973072118554622,5.018789986544299,1.422771455743298,0.01150657500824282,2.9998432593368607,1777047665.3033748,5.018789986544299,1.422771455743298,2.9973072118554622,1777047665.248646,1777047665.257163,0.9827000719074597
1777047665.515237,282.61611008644104,5.954764944144428,3.5684246870703835,0.2,2.999674409727803,5.019216458396354,1.4226654906780714,0.008743017259320396,3.000942174162115,1777047665.5207639,5.019216458396354,1.4226654906780714,2.999674409727803,1777047665.483862,1777047665.4970202,1.0526247058307732
1777047665.7153401,282.8162131309509,-3.5684246870703835,-5.954764944144428,0.2,3.0018646883703752,5.019557741468063,1.4225809892563925,0.011042897834200876,3.0042570848962793,1777047665.6650236,5.019557741468063,1.4225809892563925,3.0018646883703752,1777047665.697194,1777047665.7058148,0.9667805530515341
1777047665.9146967,283.01556968688965,-3.5684246870703835,-5.954764944144428,0.2,3.0036155614942452,5.019842215626866,1.4225107580973402,0.006286363696597365,3.0049143703869756,1777047665.871631,5.019842215626866,1.4225107580973402,3.0036155614942452,1777047665.858594,1777047665.8621078,0.9390451984980132
1777047666.1148915,283.2157645225525,-3.5684246870703835,-5.954764944144428,0.2,3.0053926137376124,5.020254818554535,1.4224092286055257,0.004657646886398248,3.0064905671878965,1777047666.1073623,5.020254818554535,1.4224092286055257,3.0053926137376124,1777047666.105362,1777047666.1073623,0.9006558645412241
1777047666.3172033,283.4180762767792,-3.5684246870703835,-5.954764944144428,0.2,3.0060651760132053,5.020496752517874,1.42234988081281,0.005879391794256303,3.0069482908534106,1777047666.2575674,5.020496752517874,1.42234988081281,3.0060651760132053,1777047666.255569,1777047666.3136907,1.0677469270096713
1777047666.5151634,283.6160364151001,-3.5684246870703835,-5.954764944144428,0.2,3.006603944054764,5.02085262224725,1.4222628328947544,0.0014547652794628175,3.0069074664260698,1777047666.4662075,5.02085262224725,1.4222628328947544,3.006603944054764,1777047666.470721,1777047666.4552317,1.013853558315616
1777047666.7145374,283.8154103755951,-3.5684246870703835,-5.954764944144428,0.2,3.006610392044145,5.021237073707532,1.4221691257009788,-0.000909761451605165,3.0064210081444775,1777047666.6743762,5.021237073707532,1.4221691257009788,3.006610392044145,1777047666.693968,1777047666.6668584,1.0498293106890964
1777047666.9146414,284.0155143737793,-3.5684246870703835,-5.954764944144428,0.2,3.006064080254662,5.021607395192021,1.4220791858442352,-0.003073645580148756,3.005378289265129,1777047666.897496,5.021607395192021,1.4220791858442352,3.006064080254662,1777047666.905013,1777047666.8812196,1.003925664106119
1777047667.1220584,284.2229313850403,-3.5684246870703835,-5.954764944144428,0.2,3.0054694049685775,5.021835337915514,1.4220239813480557,-0.0059185619715011965,3.0045722462034288,1777047667.1245847,5.021835337915514,1.4220239813480557,3.0054694049685775,1777047667.04608,1777047667.04908,0.9477584364739685
1777047667.3147843,284.4156572818756,-3.5684246870703835,-5.954764944144428,0.2,3.004054604914284,5.0222200809920805,1.4219310672102523,-0.006686871306868069,3.0025597255933665,1777047667.2726343,5.0222200809920805,1.4219310672102523,3.004054604914284,1777047667.281152,1777047667.2726343,0.9673461378535014
1777047667.5149615,284.6158344745636,-3.5684246870703835,-5.954764944144428,0.2,3.002335067621196,5.0225764236914054,1.4218453029876408,-0.005885294313383466,3.001187810267629,1777047667.4675705,5.0225764236914054,1.4218453029876408,3.002335067621196,1777047667.489795,1777047667.478268,1.0714342246677613
1777047667.7167058,284.817578792572,5.954764944144428,3.5684246870703835,0.2,3.000802750697654,5.022847306883119,1.4217802900653949,-0.013359257955390653,2.997852253592369,1777047667.6884284,5.022847306883119,1.4217802900653949,3.000802750697654,1777047667.657091,1777047667.7121863,1.0691993691187467
1777047667.9149723,285.0158452987671,5.954764944144428,3.5684246870703835,0.2,2.998680208160639,5.023218075472751,1.4216915536495989,-0.007918463528720467,2.997097812070675,1777047667.8882647,5.023218075472751,1.4216915536495989,2.998680208160639,1777047667.869174,1777047667.911993,1.0962181391159909
1777047668.114638,285.2155110836029,5.954764944144428,3.5684246870703835,0.2,2.9971260183415414,5.0236174743196935,1.4215962785562002,-0.004670032180112703,2.9960758772689924,1777047668.1131327,5.0236174743196935,1.4215962785562002,2.9971260183415414,1777047668.108086,1777047668.0485814,0.9870816473495722
1777047668.3144476,285.4153206348419,5.954764944144428,3.5684246870703835,0.2,2.9965065791614496,5.023874289804504,1.4215351839939487,-0.003193960588294075,2.9959563629955857,1777047668.2854004,5.023874289804504,1.4215351839939487,2.9965065791614496,1777047668.2844,1777047668.289911,0.9591084450958394
1777047668.5156422,285.61651515960693,5.954764944144428,3.5684246870703835,0.2,2.9960941957049307,5.024245326046467,1.4214471451173494,6.1985755304289114e-06,2.996095588570505,1777047668.5101078,5.024245326046467,1.4214471451173494,2.9960941957049307,1777047668.448655,1777047668.455359,0.9532876239284699
1777047668.7143645,285.81523752212524,5.954764944144428,3.5684246870703835,0.2,2.996248473055367,5.024630732554502,1.4213559785621204,0.002131899939278243,2.9966252572794927,1777047668.686844,5.024630732554502,1.4213559785621204,2.996248473055367,1777047668.688841,1777047668.6943572,0.9126388942011183
1777047668.9147594,286.01563239097595,5.954764944144428,3.5684246870703835,0.2,2.996770074546074,5.0249305627006855,1.4212852522527553,0.0026567774960487363,2.9972067901254476,1777047668.851222,5.0249305627006855,1.4212852522527553,2.996770074546074,1777047668.867315,1777047668.8607914,1.0997383820765232
1777047669.1142683,286.2151412963867,5.954764944144428,3.5684246870703835,0.2,2.9979274459177816,5.02531614735352,1.4211945512329833,0.004944744659969936,2.999059407391108,1777047669.0801442,5.02531614735352,1.4211945512329833,2.9979274459177816,1777047669.098511,1777047669.0811694,0.9783374020124429
1777047669.321519,286.4223918914795,5.954764944144428,3.5684246870703835,0.2,2.998850337151806,5.025544688869106,1.4211409266589385,0.010059285118079997,3.000959885442572,1777047669.2898557,5.025544688869106,1.4211409266589385,2.998850337151806,1777047669.251167,1777047669.2486515,0.9595777029380095
1777047669.5144873,286.61536026000977,5.954764944144428,3.5684246870703835,0.2,3.0009956754837597,5.025973297990197,1.4210406321503886,0.006418872302593715,3.002327710733634,1777047669.4973743,5.025973297990197,1.4210406321503886,3.0009956754837597,1777047669.476828,1777047669.4673162,1.0802678135772734
1777047669.7143977,286.81527066230774,-3.5684246870703835,-5.954764944144428,0.2,3.0024190139504316,5.026216230707515,1.420983945984396,0.00991111333361559,3.0041789290187806,1777047669.6749442,5.026216230707515,1.420983945984396,3.0024190139504316,1777047669.638867,1777047669.6799414,0.9055619063324749
1777047669.9146423,287.0155153274536,-3.5684246870703835,-5.954764944144428,0.2,3.0052049011504125,5.026687917883076,1.4208742181534686,0.007013827818452164,3.0068580462322223,1777047669.9106421,5.026687917883076,1.4208742181534686,3.0052049011504125,1777047669.889411,1777047669.8999474,0.965157183054298
1777047670.1146474,287.2155203819275,-3.5684246870703835,-5.954764944144428,0.2,3.006292652059603,5.026945264020334,1.4208145417234548,0.009278798787695018,3.0077171895507706,1777047670.0641682,5.026945264020334,1.4208145417234548,3.006292652059603,1777047670.037751,1777047670.0512176,1.0553090361313138
1777047670.3142035,287.4150764942169,-3.5684246870703835,-5.954764944144428,0.2,3.00732920441647,5.027317063529789,1.420728563043651,0.00339637891811382,3.0081202320779368,1777047670.2970715,5.027317063529789,1.420728563043651,3.00732920441647,1777047670.26846,1777047670.2875597,0.9232976442566487
1777047670.5150673,287.6159403324127,-3.5684246870703835,-5.954764944144428,0.2,3.007804727399197,5.027731870184275,1.4206329723601716,0.0010320835478221343,3.007956542922861,1777047670.5170734,5.027731870184275,1.4206329723601716,3.007804727399197,1777047670.506025,1777047670.433891,0.9625296571830397
1777047670.714245,287.8151180744171,-3.5684246870703835,-5.954764944144428,0.2,3.0077547017624475,5.027989392815346,1.4205738035602897,-0.0015856820305211173,3.007394612063803,1777047670.6712558,5.027989392815346,1.4205738035602897,3.0077547017624475,1777047670.651361,1777047670.6946669,0.9570507974514944
