EpochTime(s),TimeFromStart(s),right_prop_rate(rad/s),left_prop_rate(rad/s),LastDT(s),Yaw(rad),North(m),East(m),IMUSensedYawRate(rad/s),IMUIntegratedYaw(rad),IMUSensedTimeStamp(s),ARUCOSensedNorth(m),ARUCOSensedEast(m),ARUCOSensedYaw(rad),ArucoSensedTimeStamp(s),DepthTimeStamp(s),Depth(m)
1776244411.520547,2.2688095569610596,-0.0,0.0,0.2,0.0,0.2,1.0,0.0,0.0,1776244411.5039015,0.2,1.0,0.0,1776244411.447293,1776244411.4843595,1.0152272714216406
1776244411.5255404,2.2738029956817627,-1.0471975511966902,1.0471975511966902,0.2,0.0,0.2,1.0,0.0,0.0,1776244411.5039015,0.2,1.0,0.0,1776244411.447293,1776244411.4843595,1.0152272714216406
1776244411.7264283,2.4746909141540527,-18.80772703915084,18.80772703915084,0.2,0.0,0.2,1.0,0.0,0.0,1776244411.6677675,0.2,1.0,0.0,1776244411.680328,1776244411.7239175,1.018865526905792
1776244411.930561,2.678823709487915,-18.807727091455114,18.807726986846756,0.2,6.283185305058449,0.20071437155117988,0.9999999999988503,0.0,6.283185305058449,1776244411.8662672,0.20071437155117988,0.9999999999988503,6.283185305058449,1776244411.916458,1776244411.9336596,1.0690015990351054
1776244412.1266294,2.874891996383667,-18.807727116406667,18.807726961895014,0.2,6.283185305323966,0.20185624476377104,0.9999999999970122,4.829294384907487e-09,6.283185306397495,1776244412.0885625,0.20185624476377104,0.9999999999970122,6.283185305323966,1776244412.0605,1776244412.0975683,1.0928756470928158
1776244412.3277698,3.0760324001312256,-18.807727144760353,18.807726933541336,0.2,6.283185305533933,0.20590101901761032,0.9999999999905009,3.1139865765388e-09,6.2831853062616245,1776244412.3222473,0.20590101901761032,0.9999999999905009,6.283185305533933,1776244412.319734,1776244412.3232484,1.0579558605799242
1776244412.537368,3.285630702972412,-18.807727194298458,18.807726884003223,0.2,6.283185305516831,0.2092822544355228,0.999999999985058,-9.438315904984018e-09,6.283185304143899,1776244412.467711,0.2092822544355228,0.999999999985058,6.283185305516831,1776244412.46671,1776244412.5408907,1.0845543461626699
1776244412.725649,3.473911762237549,-18.807727250281015,18.807726828020666,0.2,6.283185305531695,0.21548571140632053,0.9999999999750723,1.6475941579319389e-09,6.283185305889676,1776244412.6849859,0.21548571140632053,0.9999999999750723,6.283185305531695,1776244412.693531,1776244412.6955261,1.0387899094374615
1776244412.9266944,3.674957036972046,-18.807727308055423,18.80772677024626,0.2,6.283185305568218,0.2200664015910903,0.9999999999676985,-4.1994503735033574e-09,6.283185305010618,1776244412.9279985,0.2200664015910903,0.9999999999676985,6.283185305568218,1776244412.837139,1776244412.9279985,0.9693212236528939
1776244413.1278844,3.8761470317840576,-18.80772738284808,18.807726695453606,0.2,6.283185305567651,0.23055873073163285,0.9999999999508086,-3.2452026364473297e-09,6.283185304822889,1776244413.0472615,0.23055873073163285,0.9999999999508086,6.283185305567651,1776244413.096672,1776244413.0768337,0.9252495623316825
1776244413.3312368,4.0794994831085205,-18.807727467155075,18.80772661114661,0.2,6.283185305562805,0.23843244365234945,0.9999999999381338,9.395966031880807e-10,6.283185305793302,1776244413.2925766,0.23843244365234945,0.9999999999381338,6.283185305562805,1776244413.259158,1776244413.2925766,0.9707348641109697
1776244413.526727,4.274989604949951,-18.807727559943245,18.80772651835844,0.2,6.283185305561746,0.24945407290434357,0.9999999999203919,8.746224784145362e-10,6.283185305757771,1776244413.5167017,0.24945407290434357,0.9999999999203919,6.283185305561746,1776244413.479034,1776244413.5048993,0.9613832300948361
1776244413.735067,4.48332953453064,-18.80772765605007,18.80772642225161,0.2,6.283185305576196,0.2591860178541567,0.9999999999047257,-1.0277353713960537e-09,6.283185305423462,1776244413.6653137,0.2591860178541567,0.9999999999047257,6.283185305576196,1776244413.651791,1776244413.6537967,0.9892501615307994
1776244413.925674,4.673936605453491,-18.807727768721485,18.807726309580197,0.2,6.28318530556985,0.27524876219349004,0.9999999998788683,5.570736637291594e-10,6.283185305706242,1776244413.910151,0.27524876219349004,0.9999999998788683,6.28318530556985,1776244413.899321,1776244413.879945,0.9994489375343096
1776244414.1268349,4.8750975131988525,-18.807727884749127,18.807726193552554,0.2,6.283185305565237,0.29052982301126257,0.9999999998542694,4.444766240352005e-10,6.283185305659546,1776244414.1223316,0.29052982301126257,0.9999999998542694,6.283185305565237,1776244414.110814,1776244414.0772192,1.0208128985998368
1776244414.3261702,5.074432849884033,-18.807728008688983,18.8077260696127,0.2,6.283185305569439,0.30439856634235907,0.999999999831944,3.9725995570551143e-10,6.283185305647423,1776244414.3186371,0.30439856634235907,0.999999999831944,6.283185305569439,1776244414.306572,1776244414.2677114,1.0645616745118636
1776244414.5433266,5.291589260101318,-18.80772815005465,18.807725928247034,0.2,6.283185305568363,0.3163574547120846,0.9999999998126929,5.491418458895298e-10,6.283185305650759,1776244414.468682,0.3218432428331796,0.9999999998038622,6.283185305569114,1776244414.533193,1776244414.468682,1.0207110686906133
1776244414.7265782,5.474840879440308,-18.807728294721016,18.807725783580665,0.2,6.283185305571807,0.33527913296282896,0.9999999997822334,3.765501528887897e-10,6.28318530565759,1776244414.6964948,0.33527913296282896,0.9999999997822334,6.283185305571807,1776244414.677414,1776244414.6899798,0.928013729962649
1776244414.926105,5.674367666244507,-18.80772843870107,18.807725639600616,0.2,6.2831853055709965,0.3545562707918434,0.9999999997512016,-7.848963591668703e-10,6.283185305450438,1776244414.9276233,0.3545562707918434,0.9999999997512016,6.2831853055709965,1776244414.900336,1776244414.910575,0.9155338760992402
1776244415.1266801,5.874942779541016,-18.80772860025723,18.807725478044457,0.2,6.283185305568357,0.3724216168867715,0.9999999997224427,-7.076130260767665e-10,6.283185305373761,1776244415.1250956,0.3724216168867715,0.9999999997224427,6.283185305568357,1776244415.108952,1776244415.1114798,0.9610083269111476
1776244415.3267462,6.075008869171143,-18.80772876926509,18.80772530903659,0.2,6.2831853055686,0.38772312561244576,0.9999999996978108,2.6663860939153895e-10,6.283185305609226,1776244415.2774584,0.38772312561244576,0.9999999996978108,6.2831853055686,1776244415.265938,1776244415.3257482,0.9274767903100325
1776244415.527359,6.275621652603149,-18.807728950126275,18.807725128175406,0.2,6.28318530556734,0.412822641105026,0.9999999996574065,-4.581450749479878e-10,6.2831853054698765,1776244415.490194,0.412822641105026,0.9999999996574065,6.28318530556734,1776244415.511755,1776244415.4880302,1.0467973335214527
1776244415.7264402,6.474702835083008,-18.807729132341944,18.807724945959738,0.2,6.2831853055673195,0.4327949415280197,0.9999999996252558,2.2964050917153487e-10,6.283185305613066,1776244415.6894016,0.4327949415280197,0.9999999996252558,6.2831853055673195,1776244415.713408,1776244415.7044888,0.9918609393551562
1776244415.9273782,6.675640821456909,-18.80772932091692,18.80772475738476,0.2,6.283185305571474,0.4479378709289476,0.9999999996008792,1.9576613485760718e-10,6.283185305603593,1776244415.9298904,0.4479378709289476,0.9999999996008792,6.283185305571474,1776244415.859986,1776244415.9298904,0.9771870467836064
1776244416.1260648,6.8743274211883545,-18.807729531204938,18.807724547096743,0.2,6.283185305567831,0.4744685138875687,0.9999999995581712,-4.3538835366940466e-10,6.283185305467281,1776244416.0844097,0.4744685138875687,0.9999999995581712,6.283185305567831,1776244416.09545,1776244416.0964515,1.0079599179188194
1776244416.331915,7.080177545547485,-18.807729736777613,18.807724341524068,0.2,6.283185305570174,0.4941946629225412,0.9999999995264169,1.4632932879013013e-10,6.283185305600162,1776244416.2893426,0.4941946629225412,0.9999999995264169,6.283185305570174,1776244416.277287,1776244416.271101,0.9682995976140548
1776244416.5259514,7.274214029312134,-18.80772995184631,18.807724126455188,0.2,6.283185305571629,0.5114234993581682,0.9999999994986828,-5.858283738019924e-10,6.283185305434193,1776244416.5239437,0.5114234993581682,0.9999999994986828,6.283185305571629,1776244416.439923,1776244416.4767475,0.9896173342328969
1776244416.7319963,7.480258941650391,-18.807730066996076,18.80772401130561,0.2,6.283185305568079,0.5367979451250781,0.9999999994578359,-3.402654712524485e-10,6.283185305517687,1776244416.6720383,0.5367979451250781,0.9999999994578359,6.283185305568079,1776244416.657912,1776244416.6871786,0.9412411512960813
1776244416.9456713,7.693933963775635,-18.80773004987344,18.80772402842806,0.2,6.283185305567428,0.5667390137961912,0.9999999994096378,-4.011177885971129e-10,6.28318530548738,1776244416.8716016,0.5667390137961912,0.9999999994096378,6.283185305567428,1776244416.905795,1776244416.9077988,0.979852568890907
1776244417.1266022,7.874864816665649,-18.807730027023762,18.80772405127792,0.2,6.283185305568293,0.5839967694517035,0.9999999993818567,1.4828408525104384e-10,6.2831853056029905,1776244417.1055975,0.5942407445871755,0.9999999993653664,6.283185305569951,1776244417.127108,1776244417.1179292,1.0626373549255521
1776244417.327207,8.075469732284546,-18.807730010631673,18.807724067670005,0.2,6.283185305570879,0.6086920884864504,0.9999999993421033,1.1361156177082384e-10,6.283185305586199,1776244417.3297234,0.6086920884864504,0.9999999993421033,6.283185305570879,1776244417.258861,1776244417.2504823,1.0210853650789715
1776244417.5263484,8.274610996246338,-18.80772999535457,18.807724082947114,0.2,6.283185305569362,0.6358515167236329,0.999999999298383,8.239241457758792e-11,6.283185305589522,1776244417.4851246,0.6358515167236329,0.999999999298383,6.283185305569362,1776244417.473495,1776244417.4765494,0.9684574855899368
1776244417.7263756,8.474638223648071,-18.807729978240083,18.807724100061602,0.2,6.283185305567837,0.6655323684624309,0.9999999992506038,8.664613319689423e-11,6.28318530558822,1776244417.7203672,0.6655323684624309,0.9999999992506038,6.283185305567837,1776244417.700964,1776244417.7203672,1.0556555661652007
1776244417.928721,8.67698359489441,-18.807729956873896,18.80772412142779,0.2,6.283185305567897,0.6826784297278324,0.9999999992230026,8.614414037702383e-11,6.283185305579921,1776244417.859953,0.6826784297278324,0.9999999992230026,6.283185305567897,1776244417.842925,1776244417.8524382,1.0116903512030928
1776244418.1267385,8.875001192092896,-18.807729943087875,18.80772413521381,0.2,6.283185305568942,0.7151609131400319,0.9999999991707132,8.991784734062944e-11,6.283185305590991,1776244418.1051702,0.7151609131400319,0.9999999991707132,6.283185305568942,1776244418.09791,1776244418.0658526,0.9389135931136334
1776244418.3301284,9.078391075134277,-18.807729920585977,18.80772415771552,0.2,6.283185305568421,0.7414353722887476,0.9999999991284182,6.72765297464805e-11,6.283185305578021,1776244418.247875,0.7414353722887476,0.9999999991284182,6.283185305568421,1776244418.29614,1776244418.286618,0.9729112661633852
1776244418.528701,9.276963710784912,-18.807729899483174,18.807724178818503,0.2,6.283185305570061,0.7668344990662886,0.9999999990875316,1.0760884317021402e-10,6.283185305596705,1776244418.4954698,0.7668344990662886,0.9999999990875316,6.283185305570061,1776244418.480888,1776244418.4723701,0.9400042013306096
1776244418.726382,9.474644660949707,-18.80772988285455,18.807724195446948,0.2,6.28318530556897,0.7969015352653573,0.9999999990391306,5.708417495191941e-11,6.28318530558178,1776244418.7198732,0.7969015352653573,0.9999999990391306,6.28318530556897,1776244418.710354,1776244418.7038124,1.005870337180612
1776244418.9263413,9.674603939056396,-18.80772986300314,18.807724215298542,0.2,6.2831853055677325,0.8204586915562639,0.9999999990012092,-3.7805802412842277e-10,6.28318530550822,1776244418.8772898,0.8204586915562639,0.9999999990012092,6.2831853055677325,1776244418.875289,1776244418.870292,0.9236177442168589
1776244419.1299534,9.878216028213501,-18.807729842202587,18.807724236099094,0.2,6.283185305570711,0.8475495677392395,0.9999999989575993,8.067821811497808e-11,6.283185305587376,1776244419.0838525,0.8475495677392395,0.9999999989575993,6.283185305570711,1776244419.07881,1776244419.069244,1.0972277466483638
1776244419.3268347,10.07509732246399,-18.807729824779553,18.807724253522128,0.2,6.283185305569239,0.8748054500805308,0.9999999989137235,3.2072699438319426e-11,6.283185305576136,1776244419.2989209,0.8748054500805308,0.9999999989137235,6.283185305569239,1776244419.286398,1776244419.2748652,1.0339156749654923
1776244419.5261028,10.274365425109863,-18.80772980315221,18.807724275149475,0.2,6.283185305570936,0.9033572765843392,0.999999998867762,4.105302273457344e-11,6.283185305579456,1776244419.5064616,0.9033572765843392,0.999999998867762,6.283185305570936,1776244419.50495,1776244419.5245936,0.9866312804262874
1776244419.7317266,10.479989290237427,-18.807729783904932,18.80772429439675,0.2,6.28318530557002,0.9251571460514877,0.9999999988326693,3.172421989530631e-11,6.28318530557656,1776244419.7125986,0.9343603557467782,0.9999999988178544,6.283185305568964,1776244419.730727,1776244419.6644063,0.9541377991248751
1776244419.9298036,10.67806625366211,-18.80772977106934,18.807724307232345,0.2,6.283185305567795,0.9574278113952274,0.999999998780721,3.303449212857857e-11,6.283185305573062,1776244419.8720717,0.9574278113952274,0.999999998780721,6.283185305567795,1776244419.885104,1776244419.8720717,1.0944560374672951
1776244420.1263428,10.874605417251587,-18.807729747393797,18.807724330907703,0.2,6.2831853055682725,0.9898552226653204,0.9999999987285206,4.248423729073231e-11,6.283185305577564,1776244420.0907648,0.9898552226653204,0.9999999987285206,6.2831853055682725,1776244420.122342,1776244420.0907648,1.047431367877977
1776244420.326651,11.074913740158081,-18.807729723929622,18.80772435437206,0.2,6.283185305568473,1.0072859724828436,0.9999999987004612,2.6284660531728213e-11,6.283185305574581,1776244420.3231313,1.0072859724828436,0.9999999987004612,6.283185305568473,1776244420.258117,1776244420.2886295,1.075192182374666
1776244420.5264316,11.274694204330444,-18.807729708760423,18.80772436954126,0.2,6.283185305570864,1.037588486024688,0.9999999986516813,2.8385183278931403e-11,6.28318530557451,1776244420.4515774,1.037588486024688,0.9999999986516813,6.283185305570864,1776244420.467663,1776244420.5111156,0.9902637552445773
1776244420.729056,11.477318525314331,-18.807729689506484,18.807724388795197,0.2,6.283185305568734,1.0644815133057444,0.9999999986083898,2.965973795934032e-11,6.283185305575322,1776244420.673697,1.0644815133057444,0.9999999986083898,6.283185305568734,1776244420.665171,1776244420.6586487,0.9757815660407463
1776244420.9262033,11.674465894699097,-18.807729668749058,18.807724409552623,0.2,6.283185305570146,1.094971650333222,0.9999999985593079,2.5494413562043947e-11,6.283185305575552,1776244420.8857625,1.094971650333222,0.9999999985593079,6.283185305570146,1776244420.894554,1776244420.886771,1.0388171815635712
1776244421.125905,11.874167680740356,-18.80772964679855,18.807724431503132,0.2,6.283185305570305,1.1196615643338157,0.9999999985195629,1.4037035140474697e-11,6.283185305572993,1776244421.0772986,1.1196615643338157,0.9999999985195629,6.283185305570305,1776244421.064768,1776244421.1143496,1.080690558120272
1776244421.3272686,12.075531244277954,-18.807729628840605,18.807724449461077,0.2,6.2831853055706395,1.1479418003071487,0.9999999984740385,-3.352677241617186e-10,6.2831853054949525,1776244421.30305,1.1479418003071487,0.9999999984740385,6.2831853055706395,1776244421.264956,1776244421.2669575,0.9245163135205311
1776244421.5280766,12.276339292526245,-18.80772960918039,18.80772446912129,0.2,6.283185305570118,1.1715560204574207,0.9999999984360256,2.4550715698857377e-11,6.2831853055733715,1776244421.5290747,1.1715560204574207,0.9999999984360256,6.283185305570118,1776244421.444092,1776244421.4900632,0.984857473340772
1776244421.7279541,12.476216793060303,-18.80772959232503,18.807724485976657,0.2,6.283185305570138,1.2023133174799496,0.9999999983865137,1.1842310155715998e-11,6.283185305573601,1776244421.7279541,1.2023133174799496,0.9999999983865137,6.283185305570138,1776244421.664716,1776244421.690785,0.9404627229014499
1776244421.9267797,12.675042390823364,-18.807729570654,18.80772450764768,0.2,6.283185305569844,1.2331312019106446,0.9999999983369042,1.1646190658957064e-11,6.2831853055714415,1776244421.8651288,1.2331312019106446,0.9999999983369042,6.283185305569844,1776244421.873683,1776244421.9137156,0.9933670411528817
1776244422.1261976,12.874460220336914,-18.807729549097544,18.807724529204137,0.2,6.2831853055693685,1.2651922857528906,0.9999999982852935,1.2568001488876871e-11,6.2831853055721805,1776244422.08884,1.2651922857528906,0.9999999982852935,6.2831853055693685,1776244422.102157,1776244422.1116924,0.9778254896265823
1776244422.3257926,13.074055194854736,-18.80772952727049,18.807724551031196,0.2,6.283185305568172,1.2913556994771294,0.9999999982431764,1.0152266192395215e-11,6.283185305570348,1776244422.303169,1.2913556994771294,0.9999999982431764,6.283185305568172,1776244422.302167,1776244422.2551558,0.9451665257682293
1776244422.5265226,13.274785280227661,-18.807729506921557,18.807724571380124,0.2,6.283185305569999,1.3163601260463702,0.9999999982029252,1.2804961716291364e-11,6.28318530557228,1776244422.4812999,1.3163601260463702,0.9999999982029252,6.283185305569999,1776244422.485311,1776244422.5089037,0.9394859025209393
1776244422.7292945,13.477557182312012,-18.807729490198348,18.807724588103333,0.2,6.283185305568718,1.3461625780898447,0.9999999981549503,7.169534831527933e-12,6.283185305570004,1776244422.660707,1.3461625780898447,0.9999999981549503,6.283185305568718,1776244422.663708,1776244422.6667075,0.9432637193309539
1776244422.9262578,13.674520492553711,-18.80772946726705,18.807724611034633,0.2,6.283185305570654,1.3783883979816265,0.9999999981030745,6.3303600775929755e-12,6.283185305572329,1776244422.9252574,1.3783883979816265,0.9999999981030745,6.283185305570654,1776244422.887202,1776244422.8977377,0.9389032925968783
1776244423.1261747,13.87443733215332,-18.807729445659696,18.807724632641992,0.2,6.2831853055689555,1.4070644992060166,0.9999999980569129,7.398064756958937e-12,6.2831853055701155,1776244423.0820544,1.4070644992060166,0.9999999980569129,6.2831853055689555,1776244423.106642,1776244423.1026475,0.9704437955141363
1776244423.326615,14.074877738952637,-18.80772942400033,18.80772465430117,0.2,6.283185305570425,1.4369634671463563,0.9999999980087826,5.3078815090261575e-12,6.2831853055715134,1776244423.2871044,1.4369634671463563,0.9999999980087826,6.283185305570425,1776244423.313071,1776244423.305541,1.0906845993893688
1776244423.5265346,14.274797201156616,-18.8077294043279,18.807724673973784,0.2,6.283185305568261,1.4609014575518662,0.9999999979702481,5.939955997883213e-12,6.28318530556953,1776244423.500754,1.4609014575518662,0.9999999979702481,6.283185305568261,1776244423.473142,1776244423.465622,0.9770808617830455
1776244423.7268357,14.475098371505737,-18.807729386293513,18.80772469200817,0.2,6.283185305569493,1.4908454090498402,0.9999999979220455,5.418907226139071e-12,6.283185305570611,1776244423.7070792,1.4908454090498402,0.9999999979220455,6.283185305569493,1776244423.684997,1776244423.6779182,0.9727788462525288
1776244423.9259908,14.674253463745117,-18.807729364123674,18.80772471417801,0.2,6.283185305570563,1.519612105025436,0.9999999978757379,5.261254492711739e-12,6.283185305571389,1776244423.8641465,1.519612105025436,0.9999999978757379,6.283185305570563,1776244423.894851,1776244423.8798177,1.0739396958394445
1776244424.126618,14.87488055229187,-18.807729345302096,18.807724732999585,0.2,6.283185305568155,1.5435983667062498,0.9999999978371258,3.383481744913288e-12,6.283185305568887,1776244424.0804992,1.5435983667062498,0.9999999978371258,6.283185305568155,1776244424.055365,1776244424.0860221,0.9074603191379255
1776244424.32677,15.075032711029053,-18.80772932747187,18.807724750829816,0.2,6.283185305569163,1.5759982372044123,0.9999999977849698,4.713618193100198e-12,6.283185305570131,1776244424.2859304,1.5759982372044123,0.9999999977849698,6.283185305569163,1776244424.276382,1776244424.2936401,0.9892245245843073
1776244424.5387716,15.287034273147583,-18.80772930372543,18.80772477457625,0.2,6.283185305570069,1.6084173164129667,0.9999999977327828,2.8904360262215806e-12,6.283185305570726,1776244424.5129657,1.6084173164129667,0.9999999977327828,6.283185305570069,1776244424.500902,1776244424.4677825,1.0120579939815708
1776244424.7265248,15.474787473678589,-18.807729280111523,18.807724798190158,0.2,6.283185305570796,1.6372488322759966,0.9999999976863708,3.349372491741725e-12,6.283185305571254,1776244424.732053,1.6372488322759966,0.9999999976863708,6.283185305570796,1776244424.711508,1776244424.7095022,1.0525014766299514
1776244424.9286098,15.676872491836548,-18.80772926114151,18.807724817160175,0.2,6.283185305568244,1.6660927633629106,0.999999997639939,2.887316530047737e-12,6.283185305568855,1776244424.9306169,1.6660927633629106,0.999999997639939,6.283185305568244,1776244424.916072,1776244424.9095547,1.0909492368522333
1776244425.1266732,15.874935865402222,-18.807729240181416,18.807724838120272,0.2,6.283185305568798,1.6925429819604028,0.9999999975973605,2.513188697678069e-12,6.283185305569361,1776244425.0854673,1.6925429819604028,0.9999999975973605,6.283185305568798,1776244425.090027,1776244425.0854673,1.002067417207542
1776244425.326639,16.074901580810547,-18.807729220986516,18.80772485731517,0.2,6.283185305569306,1.7190019031272756,0.9999999975547677,2.7648811738970388e-12,6.283185305569782,1776244425.338987,1.7190019031272756,0.9999999975547677,6.283185305569306,1776244425.280466,1776244425.2747467,1.06862035608709
1776244425.5267391,16.275001764297485,-18.80772920179828,18.8077248765034,0.2,6.283185305569852,1.7502817727032005,0.9999999975044146,2.2932226230394782e-12,6.28318530557033,1776244425.466415,1.7502817727032005,0.9999999975044146,6.283185305569852,1776244425.501201,1776244425.4906232,1.0437198872042717
1776244425.7261417,16.474404335021973,-18.807729179218835,18.807724899082846,0.2,6.283185305570307,1.7791644524599362,0.9999999974579203,2.060990997094162e-12,6.283185305570722,1776244425.6675498,1.7791644524599362,0.9999999974579203,6.283185305570307,1776244425.715129,1776244425.724633,0.9486130011700318
1776244425.9258103,16.674072980880737,-18.807729158424767,18.807724919876918,0.2,6.283185305570622,1.8008316198101089,0.9999999974230414,2.2452185779786317e-12,6.28318530557106,1776244425.8627484,1.8008316198101089,0.9999999974230414,6.283185305570622,1776244425.853231,1776244425.8787913,1.082261073234178
1776244426.1257293,16.87399196624756,-18.807729144409784,18.807724933891897,0.2,6.2831853055678835,1.8357483050604493,0.9999999973668338,-4.548017230206116e-10,6.283185305463474,1776244426.0923197,1.8357483050604493,0.9999999973668338,6.2831853055678835,1776244426.097315,1776244426.0988202,1.0698641807635085
1776244426.3275552,17.075817823410034,-18.807729119297946,18.807724959003743,0.2,6.283185305568117,1.8550168020304114,0.9999999973358161,2.019195933987961e-12,6.283185305568554,1776244426.3086505,1.8550168020304114,0.9999999973358161,6.283185305568117,1776244426.244346,1776244426.2453475,0.914787985612357
1776244426.5390382,17.28730082511902,-18.807729105379764,18.807724972921918,0.2,6.283185305568504,1.889947725906244,0.9999999972795857,1.380211823602477e-12,6.283185305568724,1776244426.5545537,1.889947725906244,0.9999999972795857,6.283185305568504,1776244426.485551,1776244426.4865513,1.0575430291956918
1776244426.7261457,17.474408388137817,-18.807729080274218,18.807724998027464,0.2,6.283185305568815,1.921271868083945,0.9999999972291612,1.9160741396638927e-12,6.283185305569227,1776244426.6827462,1.921271868083945,0.9999999972291612,6.283185305568815,1776244426.704567,1776244426.6963186,0.9797808524845756
1776244426.9260163,17.67427897453308,-18.807729057793058,18.807725020508627,0.2,6.283185305568981,1.9393461397599407,0.9999999972000659,9.226153918548484e-13,6.283185305569131,1776244426.927525,1.9393461397599407,0.9999999972000659,6.283185305568981,1776244426.844285,1776244426.8854985,0.9924569811035415
1776244427.1260018,17.87426447868347,-18.807729044809765,18.807725033491923,0.2,6.2831853055693125,1.9791157336116794,0.9999999971360464,9.333526165564888e-13,6.283185305569563,1776244427.1133335,1.9791157336116794,0.9999999971360464,6.2831853055693125,1776244427.121356,1776244427.093226,0.94508542198594
1776244427.326147,18.07440972328186,-18.807729016300417,18.807725062001264,0.2,6.283185305569476,2.000811531836897,0.9999999971011213,8.724741904683859e-13,6.28318530556966,1776244427.3241487,2.000811531836897,0.9999999971011213,6.283185305569476,1776244427.263539,1776244427.2888288,1.0761265479157263
1776244427.5261621,18.27442479133606,-18.8077290007603,18.80772507754138,0.2,6.283185305569668,2.028537007916925,0.9999999970564899,8.402068135063459e-13,6.283185305569786,1776244427.4648156,2.028537007916925,0.9999999970564899,6.283185305569668,1776244427.463817,1776244427.5043926,0.9759995367099074
1776244427.7273562,18.475618839263916,-18.807728980912035,18.807725097389646,0.2,6.283185305569851,2.0574713081106304,0.9999999970099126,7.090838712889881e-13,6.283185305570001,1776244427.6771185,2.0574713081106304,0.9999999970099126,6.283185305569851,1776244427.665845,1776244427.7298703,0.9375614747071384
1776244427.9269533,18.67521595954895,-18.80772896021532,18.807725118086363,0.2,6.283185305570037,2.0900261267702738,0.9999999969575072,5.503457376956587e-13,6.28318530557016,1776244427.9003482,2.0900261267702738,0.9999999969575072,6.283185305570037,1776244427.887532,1776244427.9088583,1.0855982702908695
1776244428.1291656,18.87742829322815,-18.807728936926427,18.807725141375254,0.2,6.283185305570175,2.116554928253712,0.999999996914802,6.869065165880831e-13,6.283185305570309,1776244428.0951545,2.116554928253712,0.999999996914802,6.283185305570175,1776244428.062547,1776244428.099701,0.922503542998089
1776244428.3291209,19.077383518218994,-18.80772891797511,18.807725160326573,0.2,6.283185305570323,2.147909930546858,0.9999999968643282,7.587149284036485e-13,6.283185305570492,1776244428.318061,2.147909930546858,0.9999999968643282,6.283185305570323,1776244428.287502,1776244428.2704313,0.9838465210938653
1776244428.5266607,19.27492332458496,-18.807728895569277,18.807725182732405,0.2,6.283185305570447,2.1768554430405263,0.9999999968177327,4.669687999475926e-13,6.283185305570517,1776244428.467861,2.1768554430405263,0.9999999968177327,6.283185305570447,1776244428.500589,1776244428.4788852,1.0072609737058997
1776244428.7257452,19.474007844924927,-18.80772887490773,18.80772520339395,0.2,6.283185305570572,2.209421667739203,0.9999999967653089,4.910355493187876e-13,6.283185305570678,1776244428.6828136,2.209421667739203,0.9999999967653089,6.283185305570572,1776244428.720217,1776244428.690888,1.074950648989857
1776244428.926443,19.674705743789673,-18.807728851631236,18.807725226670446,0.2,6.283185305570654,2.2323401008602874,0.9999999967284157,4.3878566530764594e-13,6.283185305570744,1776244428.8894198,2.2323401008602874,0.9999999967284157,6.283185305570654,1776244428.87789,1776244428.8894198,1.0318290994904116
1776244429.126421,19.874683618545532,-18.807728835277096,18.807725243024585,0.2,6.283185305570732,2.256465961684259,0.9999999966895787,8.839746807763929e-13,6.2831853055709335,1776244429.117402,2.256465961684259,0.9999999966895787,6.283185305570732,1776244429.060257,1776244429.128933,1.0443419833469547
1776244429.3262472,20.074509859085083,-18.807728818088385,18.8077252602133,0.2,6.283185305570829,2.2890376555434773,0.9999999966371461,3.731447186319341e-13,6.283185305570887,1776244429.2734926,2.2890376555434773,0.9999999966371461,6.283185305570829,1776244429.270493,1776244429.2734926,1.0489371465960444
1776244429.527225,20.275487661361694,-18.807728794856683,18.807725283445,0.2,6.283185305570918,2.3228176677485552,0.9999999965827684,4.724977389684388e-13,6.283185305571019,1776244429.4856355,2.3228176677485552,0.9999999965827684,6.283185305570918,1776244429.508679,1776244429.4856355,1.0566945389096032
1776244429.7264252,20.474687814712524,-18.80772877074729,18.807725307554396,0.2,6.2831853055709885,2.351773394622602,0.9999999965361567,4.43786319953371e-13,6.2831853055710845,1776244429.7008603,2.351773394622602,0.9999999965361567,6.2831853055709885,1776244429.723919,1776244429.7113779,1.032628747344352
1776244429.9262557,20.6745183467865,-18.8077287507156,18.807725327586084,0.2,6.283185305567848,2.3734909798484396,0.9999999965011966,2.659971651882838e-13,6.283185305567903,1776244429.9071639,2.3734909798484396,0.9999999965011966,6.283185305567848,1776244429.874521,1776244429.8649962,1.0288827590506688
1776244430.1259274,20.874190092086792,-18.807728735231006,18.807725343070675,0.2,6.283185305567919,2.4084817201121305,0.9999999964448697,2.5352458816264557e-13,6.283185305567971,1776244430.1143873,2.4084817201121305,0.9999999964448697,6.283185305567919,1776244430.111387,1776244430.0779562,1.083521871239079
1776244430.3264053,21.074667930603027,-13.270299498739089,8.206727638976524,0.2,6.283185305567959,2.430200849801807,0.9999999964099077,3.115659574961177e-13,6.2831853055680105,1776244430.279281,2.430200849801807,0.9999999964099077,6.283185305567959,1776244430.273772,1776244430.2943418,0.9992464721699257
1776244430.5261157,21.274378299713135,-12.93946673854389,7.852598670856333,0.2,6.283157286139137,2.456638096434521,0.9999998420669263,-0.0006320607344461075,6.283004430753087,1776244430.5211174,2.456638096434521,0.9999998420669263,6.283157286139137,1776244430.455141,1776244430.5221148,1.0238070874931007
1776244430.734767,21.48302960395813,-12.46845730587944,7.301855955666393,0.2,6.282964839807399,2.4872766886555078,0.9999964973800538,-0.0009237121336370784,6.282835721522362,1776244430.6608994,2.4872766886555078,0.9999964973800538,6.282964839807399,1776244430.668895,1776244430.7387643,0.9081486918707817
1776244430.9260874,21.674350023269653,-12.094171411632022,6.836063947083296,0.2,6.282699215174525,2.5103704111338137,0.9999885393065493,-0.0019485754970467626,6.282199197418065,1776244430.9175062,2.5103704111338137,0.9999885393065493,6.282699215174525,1776244430.84601,1776244430.902706,0.9919141549483615
1776244431.1269364,21.87519907951355,-11.692183830494443,6.263439026496206,0.2,6.282109135576044,2.544291291932807,0.9999627797170257,-0.0035971874381319612,6.281478674254313,1776244431.0927713,2.544291291932807,0.9999627797170257,6.282109135576044,1776244431.099307,1776244431.124932,0.9485186062050532
1776244431.3267956,22.075058221817017,-11.34410281804391,5.746090362156321,0.2,6.281435577279553,2.571914354675243,0.9999241101716472,-0.0032951411421162963,6.28067430557696,1776244431.3237998,2.571914354675243,0.9999241101716472,6.281435577279553,1776244431.313761,1776244431.260994,1.0834107769349557
1776244431.529622,22.27788472175598,-11.157810526870477,5.390922839625133,0.2,6.280648904937676,2.5978869143319523,0.9998688099245148,-0.0031250417102928313,6.280186281037848,1776244431.5374908,2.5978869143319523,0.9998688099245148,6.280648904937676,1776244431.512493,1776244431.4743497,0.9764827612022885
1776244431.7262394,22.474502086639404,-11.220273161689281,5.32535305398523,0.2,6.279920749546251,2.6180827579583443,0.9998104040593653,-0.005038816776862125,6.278902077714979,1776244431.6740024,2.6180827579583443,0.9998104040593653,6.279920749546251,1776244431.664898,1776244431.6836283,0.99430619587866
1776244431.9264352,22.674697875976562,-11.302052343513271,5.239399965556431,0.2,6.278873274597257,2.643165631761204,0.999715713974518,-0.007805831615775557,6.277039824347724,1776244431.9088845,2.643165631761204,0.999715713974518,6.278873274597257,1776244431.89786,1776244431.904379,1.0345441531229527
1776244432.1261392,22.874401807785034,-11.377621492284424,5.159866931262387,0.2,6.277741180279517,2.6667878050553147,0.9996007600647825,-0.005440638345248419,6.276728192316435,1776244432.0950737,2.6667878050553147,0.9996007600647825,6.277741180279517,1776244432.094065,1776244432.0910609,0.9006867474448966
1776244432.3267186,23.074981212615967,-11.465844931562488,5.0668856042656065,0.2,6.2762014344020445,2.6950403562526373,0.9994256718859258,-0.006064438237161407,6.274863891819952,1776244432.3156288,2.6950403562526373,0.9994256718859258,6.2762014344020445,1776244432.322212,1776244432.3086195,1.0835367656834707
1776244432.5265088,23.274771451950073,-11.504591258294088,5.02600526904166,0.2,6.275306609336436,2.709963601459978,0.9993148405538446,-0.00822468887990437,6.2735968373154,1776244432.5235116,2.719834854116893,0.9992340123551606,6.274683844500398,1776244432.528561,1776244432.5168502,1.080777900708923
1776244432.7265291,23.474791765213013,-11.571889567876934,4.954935859293954,0.2,6.273711363458986,2.7345302500327042,0.9991019969571932,-0.010315431448637035,6.271648237327132,1776244432.7235155,2.7345302500327042,0.9991019969571932,6.273711363458986,1776244432.673225,1776244432.6559339,1.081520835577736
1776244432.9266708,23.674933433532715,-11.62781352490268,4.89581574925632,0.2,6.27191033351251,2.7596898138546093,0.9988413687076881,-0.00843552361294593,6.2706804472891085,1776244432.869314,2.7596898138546093,0.9988413687076881,6.27191033351251,1776244432.883377,1776244432.8763335,1.0079036470307297
1776244433.12603,23.874292612075806,-11.661561736531441,4.860111315832418,0.2,6.270337488901607,2.7797210417511855,0.9985999582005919,-0.007857265427043047,6.2684189770447,1776244433.1134844,2.7797210417511855,0.9985999582005919,6.270337488901607,1776244433.054675,1776244433.0611908,0.9020131834104272
1776244433.3267922,24.07505488395691,-11.695879220696371,4.8237833992407975,0.2,6.268166110862242,2.8051213648499966,0.9982464359921139,-0.009142244037292314,6.266759835280701,1776244433.3298032,2.8051213648499966,0.9982464359921139,6.268166110862242,1776244433.290914,1776244433.28186,1.0298457163025063
1776244433.528742,24.277004718780518,-11.70494219986433,4.8141859077012095,0.2,6.2661014400088035,2.827388537538321,0.997889260053647,-0.011024920475922096,6.263597547665237,1776244433.4944181,2.827388537538321,0.997889260053647,6.2661014400088035,1776244433.493416,1776244433.477344,1.0613950761133135
1776244433.7262685,24.474531173706055,-11.70494219986433,4.8141859077012095,0.2,6.263728637021371,2.8512055588327825,0.9974544024960117,-0.008482684026324966,6.261957629913583,1776244433.7031972,2.8512055588327825,0.9974544024960117,6.263728637021371,1776244433.710723,1776244433.681122,1.0613693527867056
1776244433.9267995,24.67506217956543,-11.69012443624838,4.829876811679674,0.2,6.261909017362451,2.8684224258632076,0.9971038312515191,-0.010224693867349526,6.26022617764826,1776244433.9298303,2.8684224258632076,0.9971038312515191,6.261909017362451,1776244433.877364,1776244433.8929434,0.9058662423520493
1776244434.1263278,24.874590396881104,-11.656860595531539,4.865086199065505,0.2,6.259306986802671,2.8917423464406613,0.9965775449147906,-0.0101359451357974,6.257225095188078,1776244434.07318,2.8917423464406613,0.9965775449147906,6.259306986802671,1776244434.08973,1776244434.07318,0.934421777312293
1776244434.3258972,25.074159860610962,-11.595465978327645,4.930018929188451,0.2,6.256366592541576,2.9165667830698117,0.9959485064352078,-0.01249597244849838,6.253759300530203,1776244434.2818305,2.9165667830698117,0.9959485064352078,6.256366592541576,1776244434.319382,1776244434.2818305,1.0668598578194302
1776244434.5262735,25.2745361328125,-11.533193089759678,4.995810734256831,0.2,6.254182600764344,2.9341272020438893,0.995458379580929,-0.01058722406719888,6.251690229796334,1776244434.5172436,2.9341272020438893,0.995458379580929,6.254182600764344,1776244434.480677,1776244434.4826632,0.9460003562422717
1776244434.7256832,25.47394585609436,-11.442200084194601,5.091819396999435,0.2,6.251358968615968,2.9558901091777807,0.9947964987134581,-0.014169253719312828,6.249529767439468,1776244434.6463401,2.9558901091777807,0.9947964987134581,6.251358968615968,1776244434.706051,1776244434.721664,1.057417803886494
1776244434.9260361,25.674298763275146,-11.329476913513268,5.210548759234243,0.2,6.248447837342004,2.9774722346624127,0.9940780947625665,-0.012345968792612952,6.245007070367406,1776244434.9250357,2.9774722346624127,0.9940780947625665,6.248447837342004,1776244434.914495,1776244434.9250357,1.0056913003252927
1776244435.1267214,25.8749840259552,-11.24025369523012,5.304363829559915,0.2,6.246431749831204,2.9920647880257647,0.993556299772008,-0.010683478133119963,6.244980297946585,1776244435.1336582,2.9920647880257647,0.993556299772008,6.246431749831204,1776244435.049711,1776244435.067411,0.9197368921089542
1776244435.3260064,26.07426905632019,-11.096591587540942,5.455119231499941,0.2,6.243415757694405,3.0134093493799283,0.9927393640652172,-0.012154708254903387,6.240790409287447,1776244435.2768896,3.0134093493799283,0.9927393640652172,6.243415757694405,1776244435.274889,1776244435.2768896,0.969918326530714
1776244435.525863,26.274125576019287,-10.96648563459468,5.591330537270472,0.2,6.240960810387071,3.030391556257489,0.9920428216725703,-0.01307006299007526,6.237903431934735,1776244435.5108118,3.0396980433358327,0.9916432709248255,6.239595178264426,1776244435.531381,1776244435.521353,1.0021850941690724
1776244435.725974,26.474236726760864,-10.765040498425131,5.8016337882241515,0.2,6.237471255229297,3.0540264268322503,0.9910030767752751,-0.020727492968599645,6.233271929350069,1776244435.7134087,3.0540264268322503,0.9910030767752751,6.237471255229297,1776244435.670746,1776244435.7224567,0.902605607171082
1776244435.9258943,26.67415690422058,-10.576106954449875,5.998221354292134,0.2,6.234457371030628,3.0741333301130305,0.9900529661654363,-0.012506166542200891,6.232426727297826,1776244435.87578,3.0741333301130305,0.9900529661654363,6.234457371030628,1776244435.881287,1776244435.8531861,0.9892283841820549
1776244436.126828,26.87509059906006,-10.35438626454332,6.228121423024233,0.2,6.231172826560091,3.095764413763008,0.9889625580300484,-0.010923965523027514,6.228857658058056,1776244436.087715,3.095764413763008,0.9889625580300484,6.231172826560091,1776244436.096227,1776244436.1067424,1.071241077746209
1776244436.3258028,27.074065446853638,-10.098115925517284,6.492771811732605,0.2,6.227629751055831,3.118913972975097,0.9877162795929328,-0.013162057352591697,6.2246550718179305,1776244436.313719,3.118913972975097,0.9877162795929328,6.227629751055831,1776244436.322787,1776244436.3237894,1.0816139977520596
1776244436.553848,27.30211067199707,-9.950983651745554,6.644197814517908,0.2,6.22561334987209,3.1320916872643845,0.9869701017253214,-0.013915521493373335,6.223328400396986,1776244436.4779205,3.1320916872643845,0.9869701017253214,6.22561334987209,1776244436.469919,1776244436.465408,0.9357874251679645
1776244436.7262487,27.47451138496399,-9.720725553425682,6.88042199222638,0.2,6.222728628259898,3.150969441141806,0.985854727687994,-0.014122984227296687,6.219285604024165,1776244436.7217093,3.1566955005586053,0.9855056226754482,6.221857595604896,1776244436.727256,1776244436.7126613,0.9108987029940936
1776244436.9259822,27.67424488067627,-9.442776517933309,7.164354873950724,0.2,6.219388955223485,3.173004583430427,0.9844839348765505,-0.012892185912951557,6.217300593997125,1776244436.8836958,3.173004583430427,0.9844839348765505,6.219388955223485,1776244436.889749,1776244436.8786895,1.0129772440316287
1776244437.1265748,27.874837398529053,2.502343325828628,6.347319687212385,0.2,6.216354638263465,3.193302702513882,0.9831561968601271,-0.010979214680128961,6.214047005495807,1776244437.0938778,3.193302702513882,0.9831561968601271,6.216354638263465,1776244437.100415,1776244437.0948598,1.0971614919218446
1776244437.3261008,28.074363470077515,2.502343325828628,6.347319687212385,0.2,6.214152271650301,3.2086016868320972,0.9821151124127976,-0.012653468551630933,6.211379214908176,1776244437.3130317,3.2086016868320972,0.9821151124127976,6.214152271650301,1776244437.269028,1776244437.3336194,1.0228044516532655
1776244437.52591,28.27417254447937,2.502343325828628,6.347319687212385,0.2,6.211652147482236,3.2275387935450284,0.98078155230715,-0.009418374514544232,6.210271332864398,1776244437.5289445,3.2275387935450284,0.98078155230715,6.211652147482236,1776244437.475173,1776244437.4661446,1.028168123071275
1776244437.7267716,28.47503423690796,2.502343325828628,6.347319687212385,0.2,6.208872441407003,3.2513903780659588,0.9790382997874458,-0.008988831709747184,6.206939772638477,1776244437.674648,3.2513903780659588,0.9790382997874458,6.208872441407003,1776244437.718797,1776244437.7066116,1.09265666532644
1776244437.9268317,28.67509436607361,2.502343325828628,6.347319687212385,0.2,6.207192520093317,3.2679276622695155,0.977792847304188,-0.007643140529186962,6.205534532554183,1776244437.891573,3.2679276622695155,0.977792847304188,6.207192520093317,1776244437.917877,1776244437.9118607,0.9070948395819072
1776244438.1261744,28.87443709373474,2.502343325828628,6.347319687212385,0.2,6.20592850252668,3.281964955691995,0.9767149565711218,-0.007042917446921194,6.204390242029082,1776244438.1099854,3.2870816223155357,0.9763177728669011,6.205505143653635,1776244438.128682,1776244438.1099854,1.0109623539548847
1776244438.3263204,29.074583053588867,2.502343325828628,6.347319687212385,0.2,6.204467683315674,3.300825945933087,0.9752406180720622,-0.007929259832165568,6.203222407130275,1776244438.2670336,3.300825945933087,0.9752406180720622,6.204467683315674,1776244438.292978,1776244438.316272,0.98142739837067
1776244438.5264924,29.274755001068115,2.502343325828628,6.347319687212385,0.2,6.203674028603841,3.3129515022662006,0.9742791887466097,-0.0041818355031985315,6.202650053671843,1776244438.5118961,3.320011071805118,0.9737152110188113,6.20326483925287,1776244438.529008,1776244438.531014,1.001349694694437
1776244438.7261407,29.474403381347656,2.502343325828628,6.347319687212385,0.2,6.20260166733731,3.333280430152279,0.9726478718286425,-0.0034762766386444177,6.201935852794871,1776244438.703427,3.333280430152279,0.9726478718286425,6.20260166733731,1776244438.669779,1776244438.7331595,1.01037772535245
1776244438.9272804,29.675543069839478,2.502343325828628,6.347319687212385,0.2,6.202014912081129,3.3484187729199872,0.9714206212517305,-0.002450354137567886,6.201666310497646,1776244438.8456929,3.3484187729199872,0.9714206212517305,6.202014912081129,1776244438.867332,1776244438.8688376,1.0207196641415965
1776244439.1263723,29.874634981155396,2.502343325828628,6.347319687212385,0.2,6.201561631249076,3.3660125022658334,0.9699850096295214,-0.0014099177830975804,6.201222590767919,1776244439.0861611,3.3660125022658334,0.9699850096295214,6.201561631249076,1776244439.085161,1776244439.0771074,1.0348525569957252
1776244439.3263443,30.074606895446777,2.502343325828628,6.347319687212385,0.2,6.201372441570671,3.380661321088766,0.9687850516825551,-0.0006527405827711802,6.201270817508249,1776244439.3288536,3.380661321088766,0.9687850516825551,6.201372441570671,1776244439.256389,1776244439.2878902,0.9709933251126861
1776244439.5264063,30.27466893196106,2.502343325828628,6.347319687212385,0.2,6.20137707148793,3.399007134340364,0.9672804022329101,0.0006653525269391259,6.201546961081927,1776244439.4971871,3.399007134340364,0.9672804022329101,6.20137707148793,1776244439.493184,1776244439.5017035,0.9188154914192447
1776244439.7261858,30.474448442459106,2.502343325828628,6.347319687212385,0.2,6.2016028132237,3.415120477401083,0.9659608009220636,0.0018814551422089252,6.2019902585795,1776244439.7031157,3.415120477401083,0.9659608009220636,6.2016028132237,1776244439.715146,1776244439.711134,0.9212376391855405
1776244439.926564,30.674826622009277,2.502343325828628,6.347319687212385,0.2,6.201889027190027,3.4265741380170343,0.9650258542164012,0.0023186588776281593,6.2023593192884645,1776244439.905945,3.4265741380170343,0.9650258542164012,6.201889027190027,1776244439.867081,1776244439.9290833,1.047710250799958
1776244440.1264715,30.8747341632843,2.502343325828628,6.347319687212385,0.2,6.20245104871075,3.4422863880874672,0.9637498724252704,0.002893359295263994,6.203065772635214,1776244440.1184053,3.4422863880874672,0.9637498724252704,6.20245104871075,1776244440.071636,1776244440.073638,1.0445190498885242
1776244440.325759,31.074021577835083,2.502343325828628,6.347319687212385,0.2,6.203196259053933,3.457781949551703,0.96250169066506,0.005231531458061317,6.2039675085148005,1776244440.3297787,3.457781949551703,0.96250169066506,6.203196259053933,1776244440.300907,1776244440.302908,1.0275540139499877
1776244440.5258632,31.274125814437866,2.502343325828628,6.347319687212385,0.2,6.203879866959364,3.469420544103834,0.9615726404518696,0.003168577639137519,6.204675134390265,1776244440.5168142,3.469420544103834,0.9615726404518696,6.203879866959364,1776244440.442024,1776244440.5168142,0.9403671881959036
1776244440.726585,31.474847555160522,6.891520295367718,4.077164142986089,0.2,6.208107210491475,3.484537938355333,0.9612124586314432,0.03763961902598334,6.214135664049702,1776244440.6769767,3.4892830774719354,0.9613675178176591,6.2105090320255565,1776244440.726584,1776244440.6504307,0.9430748265621905
1776244440.9266083,31.67487096786499,6.897826873949854,4.073813233823173,0.2,6.214885947178773,3.498006829910002,0.9616226555253296,0.02690475354940322,6.220423299780838,1776244440.8827899,3.498006829910002,0.9616226555253296,6.214885947178773,1776244440.872179,1776244440.8787842,0.9772113867044439
1776244441.126445,31.87470769882202,6.901319631185602,4.07195729574,0.2,6.220015317216487,3.513817833728191,0.9622933899976148,0.004392709812172614,6.2209858283568105,1776244441.1037266,3.513817833728191,0.9622933899976148,6.220015317216487,1776244441.105737,1776244441.1037266,1.0678298206563872
1776244441.3259792,32.07424187660217,6.902503986237077,4.07132794967258,0.2,6.22081812647656,3.5251003224616055,0.9629569266244933,-0.002603285501057647,6.220247316501811,1776244441.3229918,3.5251003224616055,0.9629569266244933,6.22081812647656,1776244441.261396,1776244441.3274891,1.029393436646822
1776244441.526011,32.27427363395691,5.954764944144428,3.5684246870703835,0.2,6.210660799869616,3.5422889693313317,0.9559881639720673,0.006756713252097054,6.211781546843821,1776244441.4888635,3.5422889693313317,0.9559881639720673,6.210660799869616,1776244441.512452,1776244441.5327349,1.0551859062003532
1776244441.728644,32.476906538009644,5.954764944144428,3.5684246870703835,0.2,6.2122827307591955,3.5548629931139764,0.9550866501977051,0.007526130185143005,6.213872436060088,1776244441.7000883,3.5548629931139764,0.9550866501977051,6.2122827307591955,1776244441.71724,1776244441.6760213,0.9134541483306089
1776244441.926062,32.67432475090027,-18.760874044975534,18.854563239426202,0.2,6.2135258477232105,3.5639927344000832,0.9544437405480224,0.008189111214689215,6.214955870613057,1776244441.8747132,3.5639927344000832,0.9544437405480224,6.2135258477232105,1776244441.863648,1776244441.8822417,1.0214861794055465
1776244442.126008,32.87427067756653,-19.308044471990605,18.305486545181886,0.2,6.21566834683883,3.579801548326246,0.9533577678665011,0.0076327830185410304,6.217211118200279,1776244442.0768375,3.579801548326246,0.9533577678665011,6.21566834683883,1776244442.109434,1776244442.0452652,1.017191168307648
1776244442.3261335,33.07439613342285,-19.526411855696427,18.085067458376216,0.2,6.217346331554753,3.5940255513737616,0.9524079290839669,0.007971072289636623,6.219173513267996,1776244442.3060641,3.5940255513737616,0.9524079290839669,6.217346331554753,1776244442.313582,1776244442.2659612,1.0343377449635913
1776244442.526038,33.27430057525635,-19.69639113377893,17.912977648772078,0.2,6.218661759318764,3.6066883223575394,0.951581275078177,0.007930468999436101,6.220183552151521,1776244442.497956,3.6066883223575394,0.951581275078177,6.218661759318764,1776244442.470627,1776244442.4786348,1.0378318590856983
1776244442.7262537,33.47451639175415,-19.900610726260076,17.705625207369494,0.2,6.220252864375317,3.624184738597451,0.9504647365237708,0.007250128902271926,6.22172120810936,1776244442.7004826,3.624184738597451,0.9504647365237708,6.220252864375317,1776244442.69094,1776244442.6844263,0.9596746535067258
1776244442.925831,33.67409372329712,-20.02111114597665,17.58296928033004,0.2,6.22120985520224,3.6362120070976465,0.949712424885758,0.005317677326742546,6.222005452150974,1776244442.9288375,3.6362120070976465,0.949712424885758,6.22120985520224,1776244442.848065,1776244442.9059405,0.9339541493595821
1776244443.1262033,33.87446594238281,-20.20295914361517,17.397435350967132,0.2,6.222637323447293,3.656991668156766,0.9484389055234307,0.005012830355397361,6.223721158890812,1776244443.0663085,3.656991668156766,0.9484389055234307,6.222637323447293,1776244443.076821,1776244443.106435,1.0432416661570594
1776244443.3267255,34.07498812675476,-20.358457568353803,17.238370429905782,0.2,6.223897553207886,3.679750549652464,0.9470758484514749,0.00479091632047688,6.224942517505191,1776244443.2844222,3.679750549652464,0.9470758484514749,6.223897553207886,1776244443.317708,1776244443.2759085,0.9570634913625986
1776244443.5257568,34.27401947975159,-20.413629485210233,17.181840933516106,0.2,6.224429062348308,3.6911619690420863,0.9464050721423517,0.003964265562159991,6.225271232869688,1776244443.4968626,3.6911619690420863,0.9464050721423517,6.224429062348308,1776244443.45071,1776244443.4870558,1.0792238403413075
1776244443.730329,34.47859168052673,-20.519505317029978,17.073224342239055,0.2,6.225288885094394,3.713045568697354,0.945129956279282,0.0039042403317890145,6.226102502759114,1776244443.705256,3.713045568697354,0.945129956279282,6.225288885094394,1776244443.670627,1776244443.6985962,0.9812073028392966
1776244443.935808,34.6840705871582,-20.588985648245995,17.001848376572383,0.2,6.225941677377216,3.7339967171865824,0.9439246239938957,0.0023051439954789484,6.226458121360832,1776244443.9292958,3.7339967171865824,0.9439246239938957,6.225941677377216,1776244443.868853,1776244443.8717582,0.9027910830019245
1776244444.1267729,34.875035524368286,-20.648595430041205,16.940550862761224,0.2,6.226522117047467,3.7583675543369277,0.9425375788911615,0.0023965252368048947,6.226856833762308,1776244444.0689633,3.7583675543369277,0.9425375788911615,6.226522117047467,1776244444.088902,1776244444.0729897,0.9669504788685449
1776244444.3265398,35.07480239868164,-20.681176930423028,16.90702288550507,0.2,6.226932936309716,3.7835070631205316,0.9411191763758027,0.0018405939630573446,6.227289572278451,1776244444.3280587,3.7835070631205316,0.9411191763758027,6.226932936309716,1776244444.317502,1776244444.3048124,0.9025177207848104
1776244444.5263448,35.27460741996765,-20.682403899654254,16.905759941763943,0.2,6.227122340231848,3.803528436192494,0.9399923132823561,0.0007361495986927776,6.227312921762308,1776244444.5216143,3.803528436192494,0.9399923132823561,6.227122340231848,1776244444.512092,1776244444.5055683,1.0503725619266626
1776244444.7266102,35.47487282752991,-20.672986718205326,16.91545261646432,0.2,6.227197629695786,3.8209942957448653,0.9390128644272697,0.00026366038870589764,6.227234641310504,1776244444.6619904,3.8209942957448653,0.9390128644272697,6.227197629695786,1776244444.659994,1776244444.6987925,0.9634797351842594
1776244444.9264555,35.674718141555786,-20.652741257178096,16.93628554363948,0.2,6.227157020900722,3.849683768540209,0.9374038570346637,-0.0004148356199064666,6.227066028743188,1776244444.8813355,3.849683768540209,0.9374038570346637,6.227157020900722,1776244444.908954,1776244444.9123473,0.9803264060277311
1776244445.1270149,35.875277519226074,-20.59674143405509,16.993876211911786,0.2,6.227027173812928,3.870161180166412,0.9363317596878671,-0.000825331644684385,6.226833651308617,1776244445.115814,3.870161180166412,0.9363317596878671,6.227027173812928,1776244445.063622,1776244445.0656219,1.0188043588477738
1776244445.326399,36.07466173171997,-20.553393159734064,17.03842155245625,0.2,6.226750060145196,3.893363382613841,0.9349492672796748,-0.0015802023959427384,6.226447192264019,1776244445.307478,3.893363382613841,0.9349492672796748,6.226750060145196,1776244445.271408,1776244445.2979684,0.905636095764266
1776244445.5320187,36.28028130531311,-20.494324247938835,17.099073432188842,0.2,6.226448959473031,3.9130542971681956,0.9338339369830536,-0.001748132995820892,6.226196291707018,1776244445.5460854,3.9130542971681956,0.9338339369830536,6.226448959473031,1776244445.42994,1776244445.5415745,0.9490986196247354
1776244445.726538,36.47480058670044,-20.400334528855975,17.195467451751536,0.2,6.225822166133168,3.9467535473348887,0.9319096786422719,-0.002696080304344197,6.225202396080315,1776244445.681892,3.9467535473348887,0.9319096786422719,6.225822166133168,1776244445.688896,1776244445.6723762,0.9207116183965642
1776244445.9287314,36.67699408531189,-20.305185753585665,17.292907225481073,0.2,6.225260631961912,3.972436629323054,0.9304277115632024,-0.0022271100262531668,6.224795805025275,1776244445.890605,3.972436629323054,0.9304277115632024,6.225260631961912,1776244445.898904,1776244445.8688946,1.0976345601112534
1776244446.1280296,36.87629222869873,-20.204515695760044,17.395844994740035,0.2,6.224568169173601,4.000618025014281,0.9287838752962249,-0.002798768224131699,6.223949179094955,1776244446.1117702,4.000618025014281,0.9287838752962249,6.224568169173601,1776244446.11999,1776244446.0716043,1.009370449133316
1776244446.3276353,37.07589793205261,-20.133158030968413,17.468712995459335,0.2,6.224100338559775,4.01813144027961,0.9277520412473311,-0.002880500492265578,6.223636261343472,1776244446.27288,4.01813144027961,0.9277520412473311,6.224100338559775,1776244446.261374,1776244446.3353164,1.0456052891903842
1776244446.530705,37.27896761894226,-20.02508104310945,17.57892448339943,0.2,6.223241925562505,4.04795713459512,0.9259750788821917,-0.0036199709602881655,6.22245536392212,1776244446.490164,4.04795713459512,0.9259750788821917,6.223241925562505,1776244446.484144,1776244446.4975588,1.0494086641735014
1776244446.7297893,37.47805190086365,-19.924701236626326,17.68112201957648,0.2,6.222445195503526,4.0736125924072395,0.9244252133674937,-0.004730201281178395,6.221651289779405,1776244446.7364023,4.0736125924072395,0.9244252133674937,6.222445195503526,1776244446.664042,1776244446.6660423,1.0269595804910547
1776244446.927284,37.675546646118164,-19.817773722228146,17.789811733751645,0.2,6.221523043315803,4.101724153370854,0.922702673716245,-0.004246226583272279,6.220606057472381,1776244446.8739548,4.101724153370854,0.922702673716245,6.221523043315803,1776244446.882352,1776244446.8789597,0.9715309357730327
1776244447.1269252,37.87518787384033,-19.715136552316665,17.89397187398761,0.2,6.2205704281842475,4.130019311094694,0.9209422390672444,-0.004547011405915198,6.219509846888863,1776244447.1072028,4.130019311094694,0.9209422390672444,6.2205704281842475,1776244447.104483,1776244447.1203926,1.0232999295842045
1776244447.3257825,38.074045181274414,-19.614207969358414,17.9962374911798,0.2,6.219550612064285,4.159621254197756,0.919071193691278,-0.004547548153462163,6.218917918753951,1776244447.2463312,4.159621254197756,0.919071193691278,6.219550612064285,1776244447.323021,1776244447.2658222,1.0500771197231333
1776244447.5268755,38.27513813972473,-19.549998292644336,18.061215071537568,0.2,6.218787418811489,4.181356658659051,0.9176778913216405,-0.0052815126069496445,6.217496088132901,1776244447.4908314,4.181356658659051,0.9176778913216405,6.218787418811489,1776244447.474412,1776244447.4668996,0.9606430293835129
1776244447.7263095,38.47457218170166,-19.45941775426335,18.15276975023816,0.2,6.217730583906224,4.211242267143184,0.9157347657184722,-0.00422344741399834,6.21674251082134,1776244447.7247808,4.211242267143184,0.9157347657184722,6.217730583906224,1776244447.702978,1776244447.6830134,1.0591894819089274
1776244447.9262192,38.6744818687439,-19.409168076065068,18.203504836364047,0.2,6.21692506633103,4.234354551519902,0.9142104236496543,-0.005167902875741543,6.2159279871847515,1776244447.9177177,4.234354551519902,0.9142104236496543,6.21692506633103,1776244447.870777,1776244447.910611,1.0060370121143802
1776244448.1325502,38.880812883377075,-19.343204534040435,18.2700461000537,0.2,6.21592796787935,4.263383924682521,0.9122695352692411,-0.004664874273645541,6.215324941448344,1776244448.1371279,4.263383924682521,0.9122695352692411,6.21592796787935,1776244448.069931,1776244448.0548475,1.0054016087110529
1776244448.3264103,39.07467293739319,-19.295790130251607,18.317834109760074,0.2,6.214941282656707,4.292554428172816,0.9102901482617556,-0.006887060294134836,6.213422301685663,1776244448.267543,4.292554428172816,0.9102901482617556,6.214941282656707,1776244448.291994,1776244448.2825978,1.0660245644302644
1776244448.5264132,39.27467584609985,-19.26451001065942,18.3493416494463,0.2,6.214003410848324,4.320678708463398,0.9083545685129162,-0.004545540489540622,6.213014730995848,1776244448.4850485,4.320678708463398,0.9083545685129162,6.214003410848324,1776244448.504107,1776244448.4895525,0.985096949837116
1776244448.72666,39.47492265701294,-19.258194751682552,18.355700986481203,0.2,6.213267146671553,4.343020406603808,0.9067981783412569,-0.004042096046792094,6.212664260762063,1776244448.730549,4.3512675411832635,0.9062194932445431,6.212997233038539,1776244448.719612,1776244448.6600413,1.0774259017659717
1776244448.926479,39.67474174499512,-19.22533574477171,18.388779384438163,0.2,6.212191698815842,4.37605748010267,0.9044666202612404,-0.004742782135184476,6.211056399322533,1776244448.8735745,4.37605748010267,0.9044666202612404,6.212191698815842,1776244448.887124,1776244448.8735745,0.9309171752598469
1776244449.1271982,39.8754608631134,-19.256379310551377,18.35752898453811,0.2,6.21154409102629,4.396175775662014,0.9030293889675962,-0.004904680474469064,6.210489105704801,1776244449.0886722,4.396175775662014,0.9030293889675962,6.21154409102629,1776244449.048914,1776244449.0964706,1.0028057711642215
1776244449.3263247,40.07458734512329,-19.236696731519338,18.37734443123808,0.2,6.210410642214207,4.431778878077926,0.9004540379113477,-0.004103085866770066,6.209466399239303,1776244449.318802,4.431778878077926,0.9004540379113477,6.210410642214207,1776244449.300616,1776244449.26563,1.086109456712244
1776244449.5259316,40.27419424057007,-19.28309312631549,18.330625252014965,0.2,6.209474847406315,4.4615369299053524,0.8982705507513006,-0.003915920555845481,6.208667653925248,1776244449.5249333,4.4615369299053524,0.8982705507513006,6.209474847406315,1776244449.505807,1776244449.5078,0.933640547901595
1776244449.726534,40.474796533584595,-19.338222054351466,18.275069477070026,0.2,6.208768715796403,4.484201914858858,0.8965888153622493,-0.0038947732081316636,6.208156705927377,1776244449.6820695,4.484201914858858,0.8965888153622493,6.208768715796403,1776244449.654178,1776244449.6511703,1.009090404828651
1776244449.925969,40.67423152923584,-19.36853651570291,18.244500236687866,0.2,6.207735728175835,4.517672746697198,0.8940760057858803,-0.0056367086709563545,6.206581656079989,1776244449.8868117,4.517672746697198,0.8940760057858803,6.207735728175835,1776244449.894367,1776244449.8669324,1.0592671195125654
1776244450.126605,40.8748676776886,-17.28115770129002,15.963366422228752,0.2,6.2068207537108355,4.547621162834741,0.891798311685134,-0.0042760780797250495,6.205840163274843,1776244450.1161318,4.547621162834741,0.891798311685134,6.2068207537108355,1776244450.113132,1776244450.0819232,0.937501752628634
1776244450.3261654,41.07442808151245,-13.486925640465588,11.927654294067747,0.2,6.206196440099979,4.56798010243867,0.8902342132548967,-0.0036676418148099627,6.205653416616942,1776244450.2641897,4.5775349401279675,0.8894957095641016,6.205898192556376,1776244450.331728,1776244450.2930276,0.9571551302615596
1776244450.5271776,41.27544021606445,-7.902465837562206,6.139216159366796,0.2,6.205064319170054,4.603602247248132,0.8874661560736288,-0.004823663671901254,6.203957928668969,1776244450.493557,4.603602247248132,0.8874661560736288,6.205064319170054,1776244450.501079,1776244450.5030735,0.9272511601813037
1776244450.7265344,41.47479701042175,-5.623940951400461,3.5015768796541664,0.2,6.204412254582127,4.62342792291536,0.8859077079399293,-0.004661152548375677,6.203326311425666,1776244450.7265344,4.62342792291536,0.8859077079399293,6.204412254582127,1776244450.660006,1776244450.6620014,1.002018860906637
1776244450.9267073,41.67496991157532,-3.189228050631421,1.0471975511966902,0.2,6.203457559702644,4.651821983846833,0.8836528401073307,-0.0038335246023599805,6.202907870838919,1776244450.8699243,4.651821983846833,0.8836528401073307,6.203457559702644,1776244450.871924,1776244450.8739245,1.0608617025515834
1776244451.1441586,41.89242124557495,-2.008145526309271,-2.186968750802392,0.2,6.202442233111764,4.680263911035757,0.8813660642481016,-0.0038278638786740536,6.201684460435163,1776244451.0678866,4.680263911035757,0.8813660642481016,6.202442233111764,1776244451.084694,1776244451.076932,0.9691736783423319
1776244451.326991,42.07525372505188,-3.0669978588117885,-5.006838823862991,0.2,6.201307251693502,4.709569206245779,0.8789782061087056,-0.005861700361427255,6.2000243814373714,1776244451.286743,4.709569206245779,0.8789782061087056,6.201307251693502,1776244451.317948,1776244451.3089294,0.9109815599006392
1776244451.5257769,42.27403950691223,-3.243358364837896,-5.3405732499320155,0.2,6.200625616624708,4.725709749912369,0.8776482377379287,-0.00603702463038706,6.199579605913601,1776244451.5277896,4.73362146077023,0.8769921445485519,6.200267275378206,1776244451.529865,1776244451.5189729,0.9584887654557038
1776244451.730102,42.47836470603943,-3.2834913525788814,-5.416468008864977,0.2,6.199516296231079,4.749141135811725,0.8756965419914865,-0.004857144586155297,6.198509882889882,1776244451.6672115,4.749141135811725,0.8756965419914865,6.199516296231079,1776244451.666207,1776244451.6780627,0.9999081693152269
1776244451.926107,42.67436957359314,-3.3350230022292786,-5.513891175764762,0.2,6.198042444741472,4.7762938869461555,0.8733997048344824,-0.0067476192795090685,6.196381642016915,1776244451.9133432,4.7762938869461555,0.8733997048344824,6.198042444741472,1776244451.917118,1776244451.9133432,0.9751828371496517
1776244452.1259935,42.8742561340332,-3.3705140981377246,-5.580970994551733,0.2,6.197001198317904,4.793444229556403,0.8719270685866326,-0.007137331722555886,6.19550477986385,1776244452.123004,4.793444229556403,0.8719270685866326,6.197001198317904,1776244452.063465,1776244452.1169631,1.0798469008692055
1776244452.3263342,43.074596881866455,-3.4152337222284346,-5.665472438063979,0.2,6.195664187139498,4.813573848942655,0.8701745627823975,-0.00726506143721888,6.19422715336452,1776244452.3208046,4.813573848942655,0.8701745627823975,6.195664187139498,1776244452.267166,1776244452.3291311,1.03096602095819
1776244452.5257432,43.27400588989258,-3.4659393490119355,-5.7612570324217405,0.2,6.194119780925784,4.834718053389993,0.868303064389338,-0.007338057558037172,6.193095209355974,1776244452.460429,4.834718053389993,0.868303064389338,6.194119780925784,1776244452.478808,1776244452.460429,1.0370140183325334
1776244452.726273,43.47453570365906,-3.518736211075564,-5.860960600011668,0.2,6.192484752484189,4.855145639415323,0.8664622563516865,-0.0069936071702230125,6.191039985303168,1776244452.667013,4.855145639415323,0.8664622563516865,6.192484752484189,1776244452.691443,1776244452.6745186,0.9083648191061052
1776244452.9265547,43.67481732368469,-3.5624168866315022,-5.943424627787952,0.2,6.1911143269398785,4.871003015357582,0.8650091900895587,-0.01180314215840385,6.18839707978104,1776244452.8972268,4.871003015357582,0.8650091900895587,6.1911143269398785,1776244452.855152,1776244452.8972268,1.0534454617961537
1776244453.1297753,43.87803792953491,-3.5684246870703835,-5.954764944144428,0.2,6.189253510560796,4.89101179892667,0.8631432125730212,-0.006392530658074004,6.18815644190396,1776244453.068844,4.89101179892667,0.8631432125730212,6.189253510560796,1776244453.088695,1776244453.055952,1.0406154201377504
1776244453.3258953,44.07415795326233,-3.5684246870703835,-5.954764944144428,0.2,6.187687861637542,4.90670007937751,0.8616529692385578,-0.007265240336803531,6.18602422313319,1776244453.29783,4.9125703686284075,0.861088858938794,6.187077198463982,1776244453.324896,1776244453.2873118,0.9652598899567683
1776244453.525798,44.27406072616577,-3.5684246870703835,-5.954764944144428,0.2,6.185675356139222,4.925572190937162,0.8598262926672401,-0.012066062548140726,6.183703474628592,1776244453.5303175,4.925572190937162,0.8598262926672401,6.185675356139222,1776244453.481495,1776244453.5160306,0.9468080033626387
1776244453.728899,44.47716164588928,-3.5684246870703835,-5.954764944144428,0.2,6.183420646330633,4.945252755842197,0.8578790022847886,-0.007757595143718243,6.181830016245937,1776244453.6662955,4.945252755842197,0.8578790022847886,6.183420646330633,1776244453.707655,1776244453.7339356,0.969604439109387
1776244453.9261026,44.674365282058716,-3.5684246870703835,-5.954764944144428,0.2,6.1817572047918254,4.958924406454209,0.8564991183195514,-0.010612087724508695,6.179451312640446,1776244453.8835847,4.958924406454209,0.8564991183195514,6.1817572047918254,1776244453.866052,1776244453.8776233,0.9041877016370643
1776244454.1269426,44.875205278396606,-3.5684246870703835,-5.954764944144428,0.2,6.1795318180034515,4.976242522138616,0.8547172492396032,-0.007492598592968426,6.1779678665946935,1776244454.0923176,4.976242522138616,0.8547172492396032,6.1795318180034515,1776244454.090312,1776244454.0923176,1.0158412597398878
1776244454.3258474,45.07411003112793,-3.5684246870703835,-5.954764944144428,0.2,6.177238494768153,4.9930722824319345,0.8529471867749451,-0.00962129911825158,6.175093070751958,1776244454.3153045,4.9930722824319345,0.8529471867749451,6.177238494768153,1776244454.313303,1776244454.3153045,1.04698981112831
1776244454.5261858,45.27444839477539,-3.5684246870703835,-5.954764944144428,0.2,6.175064130426319,5.00819654328091,0.8513223045239359,-0.01011428606272764,6.173022620291727,1776244454.5171487,5.00819654328091,0.8513223045239359,6.175064130426319,1776244454.52166,1776244454.5236585,0.921799174621213
1776244454.7268584,45.47512102127075,-3.5684246870703835,-5.954764944144428,0.2,6.173211867145123,5.020512874126663,0.8499739692227387,-0.00944309325603196,6.1718924920125415,1776244454.6568673,5.020512874126663,0.8499739692227387,6.173211867145123,1776244454.678954,1776244454.665778,1.0939810740707971
1776244454.9259202,45.6741828918457,-3.5684246870703835,-5.954764944144428,0.2,6.1705599146979555,5.037337615907188,0.8480938150939217,-0.014660409448309885,6.167294515471857,1776244454.8796031,5.037337615907188,0.8480938150939217,6.1705599146979555,1776244454.914982,1776244454.890379,1.0497376506556229
1776244455.1262646,45.87452721595764,-3.5684246870703835,-5.954764944144428,0.2,6.168722948212859,5.048488445278971,0.8468222973168739,-0.010756233409868882,6.1661935291068,1776244455.1147616,5.048488445278971,0.8468222973168739,6.168722948212859,1776244455.089043,1776244455.1147616,0.9411339353947883
1776244455.3265755,46.074838161468506,-3.5684246870703835,-5.954764944144428,0.2,6.166757974388432,5.0600035630546705,0.8454870662034784,-0.009326084758071356,6.1653966737122206,1776244455.2607286,5.0600035630546705,0.8454870662034784,6.166757974388432,1776244455.248096,1776244455.2512162,0.937988023889542
1776244455.5260227,46.274285316467285,-3.5684246870703835,-5.954764944144428,0.2,6.163752857180532,5.0768660905570675,0.8434894167229223,-0.01171345676164995,6.161563185994038,1776244455.447665,5.0768660905570675,0.8434894167229223,6.163752857180532,1776244455.49561,1776244455.4721174,0.9262242353889678
1776244455.727088,46.47535061836243,-3.5684246870703835,-5.954764944144428,0.2,6.162020528376159,5.086211772203543,0.8423597268685767,-0.012466479117904319,6.159412280566937,1776244455.733835,5.086211772203543,0.8423597268685767,6.162020528376159,1776244455.654885,1776244455.665078,0.9700872674904963
1776244455.9268794,46.67514204978943,-3.5684246870703835,-5.954764944144428,0.2,6.159227439736564,5.100756463714846,0.8405682759427237,-0.011871958074958378,6.156722321126561,1776244455.8678973,5.100756463714846,0.8405682759427237,6.159227439736564,1776244455.886028,1776244455.8935432,1.0845969266179372
1776244456.1274252,46.87568783760071,-3.5684246870703835,-5.954764944144428,0.2,6.156279211642637,5.115468761672956,0.8387132983412936,-0.009597352236620778,6.154330385585583,1776244456.1309536,5.115468761672956,0.8387132983412936,6.156279211642637,1776244456.118735,1776244456.1207407,1.0979083912520637
1776244456.3371544,47.08541703224182,-3.5684246870703835,-5.954764944144428,0.2,6.154357392913934,5.124735258701341,0.8375219582987974,-0.009482269067329172,6.152464587497395,1776244456.2705712,5.124735258701341,0.8375219582987974,6.154357392913934,1776244456.256725,1776244456.2610419,1.0662139389809193
1776244456.5265243,47.274786949157715,-3.5684246870703835,-5.954764944144428,0.2,6.151981503341278,5.135865094066089,0.8360667632727816,-0.012707570766824154,6.14983866350445,1776244456.5300426,5.135865094066089,0.8360667632727816,6.151981503341278,1776244456.461824,1776244456.4779894,0.9202392086395985
1776244456.726787,47.4750497341156,-3.5684246870703835,-5.954764944144428,0.2,6.149136916029038,5.148750520454204,0.834347838386653,-0.011586997223356599,6.146331082421875,1776244456.681352,5.148750520454204,0.834347838386653,6.149136916029038,1776244456.678598,1776244456.6803455,1.0098445626018395
1776244456.9263842,47.674646854400635,-3.5684246870703835,-5.954764944144428,0.2,6.147034074489177,5.157989628414358,0.833092027927038,-0.010905013140549296,6.1446551131588585,1776244456.899505,5.162793938457069,0.832431120971291,6.1459194218728825,1776244456.926384,1776244456.9163566,0.9602083570713978
1776244457.126401,47.87466359138489,-3.5684246870703835,-5.954764944144428,0.2,6.144012378857772,5.170871036817901,0.8313075730550811,-0.0249093305472038,6.140193320024887,1776244457.0528233,5.170871036817901,0.8313075730550811,6.144012378857772,1776244457.071674,1776244457.0650663,1.0594966561969452
1776244457.325846,48.074108600616455,-3.5684246870703835,-5.954764944144428,0.2,6.140839201508503,5.183933621756166,0.8294567708476279,-0.014155223467283042,6.137552521925225,1776244457.2850118,5.183933621756166,0.8294567708476279,6.140839201508503,1776244457.30598,1776244457.3019762,0.9692192971733257
1776244457.5264282,48.27469086647034,-3.5684246870703835,-5.954764944144428,0.2,6.138778995166028,5.192177625882328,0.8282666412989336,-0.014779792519617072,6.13570075031954,1776244457.4932857,5.195804114914102,0.8277375805600151,6.1378584195980945,1776244457.530939,1776244457.5178037,0.9019931933747517
1776244457.726467,48.47472953796387,-3.5684246870703835,-5.954764944144428,0.2,6.135660240838068,5.204326508067605,0.8264807200242081,-0.014425459678538068,6.133343478385619,1776244457.653888,5.204326508067605,0.8264807200242081,6.135660240838068,1776244457.688823,1776244457.6612825,1.0340128950070337
1776244457.9271853,48.675447940826416,-3.5684246870703835,-5.954764944144428,0.2,6.132626158594435,5.215787449926011,0.8247598820717753,-0.016684634170960794,6.12920993099446,1776244457.9297032,5.215787449926011,0.8247598820717753,6.132626158594435,1776244457.898591,1776244457.9025867,0.9379519693041573
1776244458.125932,48.874194622039795,-3.5684246870703835,-5.954764944144428,0.2,6.130862547852715,5.222296689879478,0.8237665268326306,-0.012326816544598336,6.127826955717885,1776244458.1049001,5.222296689879478,0.8237665268326306,6.130862547852715,1776244458.046268,1776244458.1124067,0.9574121849194897
1776244458.3263552,49.074617862701416,-3.5684246870703835,-5.954764944144428,0.2,6.127426748197216,5.234674666266773,0.8218447018848675,-0.011842220930933817,6.125409679082705,1776244458.2752287,5.234674666266773,0.8218447018848675,6.127426748197216,1776244458.28676,1776244458.2827604,1.0995797216642536
1776244458.5265625,49.27482509613037,-3.5684246870703835,-5.954764944144428,0.2,6.124798228457029,5.2438886113756125,0.8203854678292049,-0.01409778666722444,6.121466854362391,1776244458.5115335,5.2438886113756125,0.8203854678292049,6.124798228457029,1776244458.473205,1776244458.4828138,1.0343992773787243
1776244458.7255852,49.47384786605835,-3.5684246870703835,-5.954764944144428,0.2,6.121547576143457,5.254995956000399,0.8185929132095612,-0.013297184163597923,6.1188548410603705,1776244458.7140377,5.254995956000399,0.8185929132095612,6.121547576143457,1776244458.692406,1776244458.6944048,0.9716935749309288
1776244458.9268143,49.675076961517334,-3.5684246870703835,-5.954764944144428,0.2,6.118514519201129,5.2650896496175195,0.8169313784983413,-0.01619143216942265,6.116139917053189,1776244458.8606956,5.2650896496175195,0.8169313784983413,6.118514519201129,1776244458.899274,1776244458.900279,0.9371108872261027
1776244459.126758,49.87502074241638,-3.5684246870703835,-5.954764944144428,0.2,6.116562155422048,5.271456081691339,0.8158670620188156,-0.014382358641997342,6.113225618049682,1776244459.0926838,5.271456081691339,0.8158670620188156,6.116562155422048,1776244459.049004,1776244459.1062212,0.9740064711613099
1776244459.3267071,50.07496976852417,-3.5684246870703835,-5.954764944144428,0.2,6.112878937753241,5.283202217908832,0.8138694213845662,-0.01322826528316795,6.110068154043381,1776244459.305167,5.283202217908832,0.8138694213845662,6.112878937753241,1776244459.303169,1776244459.3332598,1.0653796734025955
1776244459.5270464,50.27530908584595,-3.5684246870703835,-5.954764944144428,0.2,6.110036085416753,5.29204372002976,0.8123360312536787,-0.01541149463549316,6.107641968979758,1776244459.5330746,5.29204372002976,0.8123360312536787,6.110036085416753,1776244459.479561,1776244459.46551,0.9134406053486017
1776244459.7290747,50.47733736038208,-3.5684246870703835,-5.954764944144428,0.2,6.10692818237556,5.30149781439478,0.8106674157914506,-0.03561958780831539,6.098744381181059,1776244459.6902688,5.30149781439478,0.8106674157914506,6.10692818237556,1776244459.694268,1776244459.6711454,0.9407494458443673
1776244459.927804,50.676066637039185,-3.5684246870703835,-5.954764944144428,0.2,6.104679455272625,5.308206638667146,0.8094647747055731,-0.012462758028023876,6.102576304834064,1776244459.8590236,5.3111624998557465,0.8089299315548122,6.103677149989092,1776244459.925293,1776244459.8662944,0.9658580289279742
1776244460.127811,50.876073598861694,-3.5684246870703835,-5.954764944144428,0.2,6.101415681700529,5.317756048113983,0.807725773695843,-0.01085597421525145,6.098783169346999,1776244460.101518,5.317756048113983,0.807725773695843,6.101415681700529,1776244460.068059,1776244460.0703628,0.9603392124647148
1776244460.3259542,51.07421684265137,-3.5684246870703835,-5.954764944144428,0.2,6.098260784664019,5.326785075599779,0.8060515762020335,-0.014855052484182462,6.095373503273315,1776244460.2958815,5.326785075599779,0.8060515762020335,6.098260784664019,1776244460.278751,1776244460.2732265,1.046254977481618
1776244460.5261333,51.27439594268799,-3.5684246870703835,-5.954764944144428,0.2,6.095217439539071,5.335315744334355,0.8044424193936878,-0.014146969668019144,6.092172783054022,1776244460.5110977,5.335315744334355,0.8044424193936878,6.095217439539071,1776244460.486477,1776244460.473408,0.9715003523342047
1776244460.7264395,51.47470211982727,-3.5684246870703835,-5.954764944144428,0.2,6.092032735984328,5.34406288357298,0.8027642076301884,-0.015973942812970005,6.088672707932271,1776244460.721442,5.34406288357298,0.8027642076301884,6.092032735984328,1776244460.707731,1776244460.6986046,1.0324791152185036
1776244460.9270165,51.67527914047241,-3.5684246870703835,-5.954764944144428,0.2,6.088962084488304,5.35233029365731,0.801151205852187,-0.011101304571895185,6.087126126905531,1776244460.8868241,5.35233029365731,0.801151205852187,6.088962084488304,1776244460.903431,1776244460.9054313,0.9195053605545115
1776244461.126297,51.8745596408844,-3.5684246870703835,-5.954764944144428,0.2,6.0866508809429485,5.358449404656219,0.7999402295667609,-0.014229221091604372,6.084462060195922,1776244461.1273167,5.358449404656219,0.7999402295667609,6.0866508809429485,1776244461.045191,1776244461.055718,0.9918933538156851
1776244461.3261962,52.074458837509155,-3.5684246870703835,-5.954764944144428,0.2,6.083300571119451,5.367167859129074,0.798189206014748,-0.021541611492893208,6.077353190699735,1776244461.316738,5.367167859129074,0.798189206014748,6.083300571119451,1776244461.274601,1776244461.2726023,1.0038835151231837
1776244461.5269458,52.275208473205566,-3.5684246870703835,-5.954764944144428,0.2,6.080196018385114,5.375092525761996,0.796570974996626,-0.01422521595851445,6.077405507340426,1776244461.5129044,5.375092525761996,0.796570974996626,6.080196018385114,1776244461.482114,1776244461.456029,0.9860261766375653
1776244461.727321,52.47558355331421,-3.5684246870703835,-5.954764944144428,0.2,6.076950470214254,5.383224943311588,0.7948834084396623,-0.012889320990403592,6.074411627036127,1776244461.709877,5.383224943311588,0.7948834084396623,6.076950470214254,1776244461.687066,1776244461.7190073,1.0791580636756393
1776244461.9260592,52.67432188987732,-3.5684246870703835,-5.954764944144428,0.2,6.07343256796722,5.3918712467654535,0.7930586913346065,-0.013305710680607841,6.070850105291424,1776244461.9039638,5.3918712467654535,0.7930586913346065,6.07343256796722,1776244461.91002,1776244461.8465521,1.0013039346865584
1776244462.1258624,52.8741250038147,-3.5684246870703835,-5.954764944144428,0.2,6.071341920948559,5.396929523024059,0.7919763472448688,-0.014377976010258704,6.068173130221396,1776244462.1243558,5.396929523024059,0.7919763472448688,6.071341920948559,1776244462.060242,1776244462.0697625,0.9519641989849488
1776244462.326119,53.074381589889526,-3.5684246870703835,-5.954764944144428,0.2,6.068066775819079,5.404737754005898,0.7902836838445705,-0.013784489957495837,6.0659611093192956,1776244462.277112,5.404737754005898,0.7902836838445705,6.068066775819079,1776244462.265591,1776244462.331956,0.9494301954795039
1776244462.5263948,53.27465748786926,-3.5684246870703835,-5.954764944144428,0.2,6.06451845641303,5.413042967554529,0.7884536021030859,-0.015464828755878674,6.061472046967676,1776244462.4741015,5.413042967554529,0.7884536021030859,6.06451845641303,1776244462.490643,1776244462.4688792,1.0200933880708531
1776244462.7260485,53.474311113357544,-3.5684246870703835,-5.954764944144428,0.2,6.061223133975222,5.420617689572018,0.7867572814739245,-0.014610177628988448,6.058326007101298,1776244462.6723967,5.420617689572018,0.7867572814739245,6.061223133975222,1776244462.695468,1776244462.679906,0.9094122056142431
1776244462.926593,53.67485570907593,-3.5684246870703835,-5.954764944144428,0.2,6.058712640038139,5.4263020098423915,0.785466955158898,-0.012749420583725298,6.055726020517596,1776244462.906652,5.428676990846188,0.7849233767406295,6.05765407810081,1776244462.924087,1776244462.917053,1.0736779483177505
1776244463.126619,53.874881744384766,-3.5684246870703835,-5.954764944144428,0.2,6.055269130546338,5.433981354831542,0.7836997252580709,-0.014197944799369536,6.052282013493643,1776244463.1170428,5.433981354831542,0.7836997252580709,6.055269130546338,1776244463.084602,1776244463.1086879,0.9864083509326647
1776244463.326131,54.07439374923706,-3.5684246870703835,-5.954764944144428,0.2,6.051816677741198,5.441548582083599,0.7819308008231503,-0.015169374858872096,6.048782100413896,1776244463.317089,5.441548582083599,0.7819308008231503,6.051816677741198,1776244463.307323,1776244463.317089,0.904256204748805
1776244463.5260873,54.27434992790222,-3.5684246870703835,-5.954764944144428,0.2,6.048488981020943,5.448721507695988,0.7802283797038594,-0.015645290149435387,6.04539937207714,1776244463.5145676,5.448721507695988,0.7802283797038594,6.048488981020943,1776244463.505049,1776244463.4459414,1.0756551261906477
1776244463.7258635,54.47412610054016,-3.5684246870703835,-5.954764944144428,0.2,6.046221840874631,5.453542457999331,0.7790699087887807,-0.017765381516054248,6.0436178254769874,1776244463.7278678,5.453542457999331,0.7790699087887807,6.046221840874631,1776244463.658646,1776244463.7278678,1.0275853208802002
1776244463.9280896,54.67635226249695,-3.5684246870703835,-5.954764944144428,0.2,6.042747992577967,5.460828779270587,0.777296892431745,-0.014797463523312637,6.03962513558022,1776244463.8721857,5.460828779270587,0.777296892431745,6.042747992577967,1776244463.881701,1776244463.8646507,0.9179521531990992
1776244464.1272023,54.87546491622925,-3.5684246870703835,-5.954764944144428,0.2,6.039400701045347,5.467737731688255,0.7755907206390785,-0.01405609569995496,6.036592309676912,1776244464.0719845,5.467737731688255,0.7755907206390785,6.039400701045347,1776244464.091032,1776244464.0719845,0.9362777569790753
1776244464.3262756,55.074538230895996,-3.5684246870703835,-5.954764944144428,0.2,6.036181099322328,5.474282684946161,0.773951617010058,-0.013380156280533509,6.033505632071985,1776244464.2719424,5.474282684946161,0.773951617010058,6.036181099322328,1776244464.280303,1776244464.2812984,0.9655990759396664
1776244464.5262265,55.27448916435242,-3.5684246870703835,-5.954764944144428,0.2,6.032955698156742,5.4807435746841024,0.7723114217448976,-0.017503198365338993,6.029351135246461,1776244464.4778798,5.4807435746841024,0.7723114217448976,6.032955698156742,1776244464.483083,1776244464.4896412,1.0413745904362284
1776244464.726284,55.474546670913696,-3.5684246870703835,-5.954764944144428,0.2,6.029994207827026,5.486593667208963,0.7708070042814034,-0.015148594855710046,6.026975052374941,1776244464.6771824,5.486593667208963,0.7708070042814034,6.029994207827026,1776244464.680691,1776244464.6607685,0.9817047341519198
1776244464.9257147,55.67397737503052,-3.5684246870703835,-5.954764944144428,0.2,6.026758407157612,5.492898155152672,0.7691648935996762,-0.012615181172498385,6.0242528871289265,1776244464.875794,5.492898155152672,0.7691648935996762,6.026758407157612,1776244464.882328,1776244464.884321,0.9998532809390522
1776244465.126234,55.87449669837952,-3.5684246870703835,-5.954764944144428,0.2,6.0231120779291825,5.4998960627526134,0.767316439709711,-0.015761956810270858,6.019781987706454,1776244465.0870678,5.4998960627526134,0.767316439709711,6.0231120779291825,1776244465.102176,1776244465.0940363,1.064382663547068
1776244465.3260639,56.074326515197754,-11.13976919248542,15.56278365902627,0.2,6.020948392113027,5.503996546697895,0.7662205564306065,-0.029849071489069956,6.013934183690182,1776244465.322057,5.503996546697895,0.7662205564306065,6.020948392113027,1776244465.251081,1776244465.322057,1.0039329028524413
1776244465.525775,56.2740375995636,-9.925228809357911,15.834462761375317,0.2,6.016852548421791,5.512182453569535,0.764004712061294,-0.0134223771221845,6.014936090936198,1776244465.5277832,5.512182453569535,0.764004712061294,6.016852548421791,1776244465.509493,1776244465.521247,0.9469611546621288
1776244465.7261937,56.47445631027222,-9.682557194927258,15.873206642355754,0.2,6.013994788036368,5.519384438362826,0.7620284458974598,-0.012321056708870492,6.010799368223306,1776244465.724184,5.519384438362826,0.7620284458974598,6.013994788036368,1776244465.703101,1776244465.724184,0.9679654679117232
1776244465.9263062,56.67456889152527,-9.583629834147876,15.887755520391082,0.2,6.011355180782021,5.52767819005886,0.7597280853766815,-0.0106189869364721,6.009728264315463,1776244465.8773923,5.52767819005886,0.7597280853766815,6.011355180782021,1776244465.908745,1776244465.856747,1.0573532159699344
1776244466.1260571,56.87431979179382,-9.328738881060774,15.922118480164016,0.2,6.009130515510736,5.536379139701325,0.7572920665879088,-0.011622292184541486,6.006319587729192,1776244466.1192489,5.536379139701325,0.7572920665879088,6.009130515510736,1776244466.123545,1776244466.079087,0.9275854108540732
1776244466.3265226,57.074785232543945,-9.317554247951687,15.923527093596238,0.2,6.007730511773613,5.542968650919384,0.7554344609708732,-0.007509595528545271,6.0062003250468345,1776244466.323013,5.542968650919384,0.7554344609708732,6.007730511773613,1776244466.260843,1776244466.2843933,0.9887111360852013
1776244466.5261557,57.274418354034424,-9.15990642226742,15.81633653695114,0.2,6.005536082959315,5.555866764779289,0.7517729055269095,-0.007328878447349609,6.004410024915957,1776244466.4766598,5.555866764779289,0.7517729055269095,6.005536082959315,1776244466.520159,1776244466.48317,0.9791120006302776
1776244466.7267668,57.47502946853638,-9.2020023849444,15.856238518627515,0.2,6.004577428882931,5.562956505897634,0.7497484786978658,-0.004783593232995019,6.00358710410885,1776244466.683685,5.562956505897634,0.7497484786978658,6.004577428882931,1776244466.660106,1776244466.6876836,0.9195156928275763
1776244466.9262,57.67446255683899,-9.196813866027131,15.851320341737996,0.2,6.003215902389999,5.575564531165489,0.7461322380936104,-0.006286285999090815,6.001792629425752,1776244466.9100943,5.575564531165489,0.7461322380936104,6.003215902389999,1776244466.894068,1776244466.88773,1.0982664034197749
1776244467.130077,57.878339529037476,-9.168382371089136,15.824370618231272,0.2,6.00219584698869,5.588443158850699,0.7424218585973125,-0.0035543779521868216,6.001624438673243,1776244467.070856,5.588443158850699,0.7424218585973125,6.00219584698869,1776244467.110007,1776244467.101453,1.0845456392954107
1776244467.3263278,58.07459044456482,-8.982249850980674,15.647954712407653,0.2,6.00164953053108,5.597766976635112,0.7397278804481269,-0.0026886016598097738,6.001123768801748,1776244467.2664082,5.597766976635112,0.7397278804481269,6.00164953053108,1776244467.265419,1776244467.3147357,0.9099980616092964
1776244467.5280235,58.276286125183105,-8.87399988460915,15.54536839942918,0.2,6.001121641583963,5.610691381602539,0.7359859111735875,-0.0020553892182303803,6.000718316612247,1776244467.5301642,5.610691381602539,0.7359859111735875,6.001121641583963,1776244467.47015,1776244467.5311635,0.9378359791041606
1776244467.726844,58.475106716156006,-8.75279732754663,15.430518308932442,0.2,6.000828602875951,5.624702188086987,0.7319231535619894,-0.0008401715978067268,6.000656154830294,1776244467.6678896,5.624702188086987,0.7319231535619894,6.000828602875951,1776244467.683691,1776244467.7303362,1.0011860557042953
1776244467.9257503,58.674012899398804,-8.51091760219693,15.201351256888337,0.2,6.00078435578195,5.638653010722796,0.7278752940300572,0.00019570130068924174,6.000822536512662,1776244467.8629866,5.638653010722796,0.7278752940300572,6.00078435578195,1776244467.882063,1776244467.8755293,0.9821428366346325
1776244468.1271248,58.87538743019104,-8.26729017224047,14.970576083533045,0.2,6.001000556484069,5.654906499055016,0.7231607673400453,0.0013794293408253438,6.001295772104194,1776244468.0769994,5.654906499055016,0.7231607673400453,6.001000556484069,1776244468.105079,1776244468.0769994,0.9145615821494811
1776244468.326097,59.07435965538025,-8.151286073492237,14.860708543549238,0.2,6.001326050001438,5.667301391293466,0.7195692824785274,0.0020375651514456983,6.001679828064833,1776244468.2506273,5.667301391293466,0.7195692824785274,6.001326050001438,1776244468.275208,1776244468.333617,0.9418853356165109
1776244468.5269458,59.275208473205566,-8.072859253799903,14.786436664167512,0.2,6.001847503777718,5.681889547676145,0.7153489495520576,0.0027164471696053205,6.002467797806171,1776244468.4789748,5.681889547676145,0.7153489495520576,6.001847503777718,1776244468.476974,1776244468.5254405,0.9118788869587711
1776244468.7260866,59.4743492603302,-7.944494131715742,14.664882962439247,0.2,6.002617885875601,5.698790595338669,0.7104712873861442,0.0032386544326144253,6.003327193992284,1776244468.697988,5.698790595338669,0.7104712873861442,6.002617885875601,1776244468.696006,1776244468.66722,1.0030956637745125
1776244468.9260857,59.6743483543396,-7.810071096918656,14.537607234406728,0.2,6.00358480575671,5.716088890620612,0.7054952148826003,0.003597421306027099,6.0043729081286275,1776244468.9170623,5.716088890620612,0.7054952148826003,6.00358480575671,1776244468.904549,1776244468.897523,0.9946952917207246
1776244469.1257198,59.873982429504395,-7.6873326106658135,14.42140772096193,0.2,6.004238288630621,5.726229314706112,0.7025872078754635,0.005361631261259851,6.0049978887668285,1776244469.128735,5.733052520651507,0.7006346731547703,6.004711652788329,1776244469.125719,1776244469.1217213,1.0477410978750887
1776244469.3258867,60.07414937019348,-7.048864441111161,13.817154893946837,0.2,6.005530167177284,5.744071374325149,0.6974891683314921,0.0046880700513236406,6.006486273020411,1776244469.333913,5.748930581279641,0.6961052066967752,6.005911434437183,1776244469.327394,1776244469.2711961,1.0606025546853852
1776244469.5268002,60.275062799453735,-6.432758891295746,13.234388535690444,0.2,6.0070069155783905,5.76222415796668,0.6923295749597039,0.005408696931036743,6.008191339512418,1776244469.4816651,5.76222415796668,0.6923295749597039,6.0070069155783905,1776244469.479662,1776244469.475156,0.9501459602661856
1776244469.7259917,60.47425436973572,-5.722655295524905,12.563109122306079,0.2,6.008509771956932,5.779204891364752,0.6875304582303523,0.007107188422599076,6.009903559361634,1776244469.6777747,5.779204891364752,0.6875304582303523,6.008509771956932,1776244469.684836,1776244469.6777747,1.0136114442211213
1776244469.926331,60.674593687057495,-4.9492184627883615,11.832452468140085,0.2,6.010232055658135,5.797058559685431,0.6825156809506333,0.005434523425491791,6.011255506709731,1776244469.9308658,5.797058559685431,0.6825156809506333,6.010232055658135,1776244469.900228,1776244469.883646,1.0756758481456925
1776244470.126902,60.87516474723816,-4.26673134533295,11.188149245012308,0.2,6.012184482234251,5.815704869722991,0.6773151896946643,0.007292769110798917,6.0136401953166425,1776244470.065709,5.815704869722991,0.6773151896946643,6.012184482234251,1776244470.11381,1776244470.0742297,1.0461218282911373
1776244470.326652,61.0749146938324,-3.9539061839170566,10.892964015038045,0.2,6.0135454699669815,5.827908979433167,0.6739333232573353,0.013707749633800866,6.016517744405472,1776244470.2825408,5.827908979433167,0.6739333232573353,6.0135454699669815,1776244470.260464,1776244470.289038,0.9338143274388099
1776244470.5270562,61.27531886100769,-9.860669200849026,16.480759124813726,0.2,6.0157500733319385,5.846574904121911,0.668796501995867,0.009144426181604071,6.017611409117426,1776244470.4860895,5.846574904121911,0.668796501995867,6.0157500733319385,1776244470.485085,1776244470.4926002,1.0190049168835336
1776244470.7263825,61.474645137786865,-9.61116052404927,16.244145084521673,0.2,6.018192589179097,5.866062393756381,0.663482339462388,0.012202043020404084,6.020131191533515,1776244470.6449647,5.866062393756381,0.663482339462388,6.018192589179097,1776244470.710183,1776244470.7101839,1.030865009376009
1776244470.926508,61.67477059364319,-9.267352644282703,15.918185605864114,0.2,6.0199087471778725,5.879314913323737,0.6598980969107289,0.011544950840524577,6.022736232118607,1776244470.8898757,5.879314913323737,0.6598980969107289,6.0199087471778725,1776244470.849274,1776244470.9174862,1.0291551467580937
1776244471.1257856,61.87404823303223,-9.026656687074748,15.690040884584388,0.2,6.022702273639706,5.900327004799739,0.6542659828427791,0.014465721140343385,6.025263600207976,1776244471.0669374,5.900327004799739,0.6542659828427791,6.022702273639706,1776244471.086019,1776244471.0548754,1.0925642156358029
1776244471.3264678,62.07473039627075,-8.780913502425124,15.457159810093783,0.2,6.025293305666603,5.919444295637711,0.6491969234455386,0.010416494993992272,6.027409183530603,1776244471.3325083,5.919444295637711,0.6491969234455386,6.025293305666603,1776244471.308915,1776244471.3024185,1.035263631838158
1776244471.526195,62.274457693099976,-8.519251024602589,15.209245908859634,0.2,6.027981581008322,5.938860266089715,0.6441034240886402,0.011412850735183052,6.030132222285795,1776244471.5287066,5.938860266089715,0.6441034240886402,6.027981581008322,1776244471.516175,1776244471.5111756,1.0548953401869725
1776244471.7260752,62.4743378162384,-8.251483973704948,14.955605381821545,0.2,6.030783118248722,5.9585331318893235,0.639000210622865,0.01341791594884799,6.034264392789769,1776244471.717955,5.9585331318893235,0.639000210622865,6.030783118248722,1776244471.715954,1776244471.712955,1.045415778249915
1776244471.9262316,62.67449426651001,-8.242032787091215,14.946653870549063,0.2,6.032511183363638,5.97044753148587,0.6359384188002658,0.014504140305899695,6.0345526020771505,1776244471.932748,5.978428934584327,0.6338996531603129,6.03367737696754,1776244471.929747,1776244471.9247246,0.9876617088640443
1776244472.129098,62.877360582351685,2.3589462465464757,6.419440723850078,0.2,6.035685132501329,5.99206551417966,0.6304393600959098,0.010773229956009368,6.037981888518037,1776244472.0718935,5.99206551417966,0.6304393600959098,6.035685132501329,1776244472.087438,1776244472.0718935,0.9642755447967415
1776244472.3267066,63.07496929168701,2.481236527981827,6.357943245874222,0.2,6.038208905118926,6.008897906015344,0.6262085928047906,0.016197622830850102,6.0419778542925275,1776244472.3045788,6.008897906015344,0.6262085928047906,6.038208905118926,1776244472.255956,1776244472.2866275,0.9757514418356459
1776244472.5263298,63.27459239959717,2.502343325828628,6.347319687212385,0.2,6.041277119476629,6.02852233917491,0.6213342613531112,0.013719979948222716,6.043420912138912,1776244472.5288393,6.02852233917491,0.6213342613531112,6.041277119476629,1776244472.475078,1776244472.5062034,0.9952975867458682
1776244472.7261097,63.47437238693237,2.502343325828628,6.347319687212385,0.2,6.04428508797802,6.046945381930367,0.6168177363222412,0.01585312686336935,6.048371439853726,1776244472.7185953,6.046945381930367,0.6168177363222412,6.04428508797802,1776244472.685489,1776244472.727114,1.0230127483081612
1776244472.926732,63.674994707107544,2.502343325828628,6.347319687212385,0.2,6.047868046208205,6.067956720093997,0.6117399453102198,0.01069701359216314,6.049421194074332,1776244472.933082,6.067956720093997,0.6117399453102198,6.047868046208205,1776244472.921221,1776244472.932081,0.9001286864611648
1776244473.126028,63.87429070472717,2.502343325828628,6.347319687212385,0.2,6.050211439564133,6.081205642033281,0.6085797287748663,0.014546930627112062,6.053997241440806,1776244473.1240373,6.081205642033281,0.6085797287748663,6.050211439564133,1776244473.062733,1776244473.0949335,0.9738488111296488
1776244473.3266203,64.07488298416138,2.502343325828628,6.347319687212385,0.2,6.05338261000072,6.09857414865711,0.604487390236892,0.01564831779648234,6.055743999082874,1776244473.274941,6.09857414865711,0.604487390236892,6.05338261000072,1776244473.273941,1776244473.3015254,0.9700298781283392
1776244473.526329,64.27459168434143,2.502343325828628,6.347319687212385,0.2,6.056875658337987,6.1170279472602775,0.600204165041721,0.02078686331196934,6.061558692373858,1776244473.5002291,6.1170279472602775,0.600204165041721,6.056875658337987,1776244473.492453,1776244473.508753,1.0552452070632239
1776244473.7260492,64.47431182861328,2.502343325828628,6.347319687212385,0.2,6.059464533435872,6.1302880779359175,0.5971689571416317,0.01830871970440108,6.063497795224715,1776244473.720521,6.136505550540851,0.5957583333979208,6.060701168653794,1776244473.72706,1776244473.7129939,1.0378430215112293
1776244473.9286172,64.6768798828125,2.502343325828628,6.347319687212385,0.2,6.0631937787932655,6.148822062415131,0.5929880468070224,0.014829054856319144,6.065271718320018,1776244473.8606472,6.148822062415131,0.5929880468070224,6.0631937787932655,1776244473.864651,1776244473.932744,0.9663768251112281
1776244474.1289122,64.87717485427856,2.502343325828628,6.347319687212385,0.2,6.067261996297121,6.168347054578307,0.5886634858319469,0.01761186146040861,6.071279208390966,1776244474.0887442,6.168347054578307,0.5886634858319469,6.067261996297121,1776244474.10883,1776244474.0727336,0.9823490807382961
1776244474.3272417,65.07550430297852,2.502343325828628,6.347319687212385,0.2,6.0696756470696425,6.179618740056843,0.5862053291424408,0.015834651312576782,6.073189892067507,1776244474.310678,6.179618740056843,0.5862053291424408,6.0696756470696425,1776244474.266501,1776244474.3287451,0.9895513453532268
1776244474.5260355,65.27429819107056,2.502343325828628,6.347319687212385,0.2,6.073695392506593,6.197918483988713,0.582275970659734,0.016993891038557904,6.077176306763078,1776244474.5155113,6.197918483988713,0.582275970659734,6.073695392506593,1776244474.495972,1776244474.4713576,0.9807451363231517
1776244474.7268956,65.47515821456909,2.502343325828628,6.347319687212385,0.2,6.077329029714138,6.213992318762069,0.5788888986041306,0.0171424325849991,6.080858112211233,1776244474.7213795,6.213992318762069,0.5788888986041306,6.077329029714138,1776244474.71185,1776244474.678667,0.9899361697340855
1776244474.9276338,65.6758964061737,2.502343325828628,6.347319687212385,0.2,6.080559795701105,6.227941164366786,0.5759995984986481,0.014689032820547898,6.082698050775562,1776244474.8669477,6.227941164366786,0.5759995984986481,6.080559795701105,1776244474.911067,1776244474.905528,1.0874256691761217
1776244475.1262112,65.87447381019592,2.502343325828628,6.347319687212385,0.2,6.08322530660442,6.239223415444725,0.5736973375310115,0.017425516592334777,6.086694016832789,1776244475.066007,6.239223415444725,0.5736973375310115,6.08322530660442,1776244475.047764,1776244475.1187022,1.084389185064542
1776244475.3262434,66.07450604438782,2.502343325828628,6.347319687212385,0.2,6.08710924665758,6.255322029509244,0.5704670560424997,0.02037732354187956,6.091498322560427,1776244475.281397,6.255322029509244,0.5704670560424997,6.08710924665758,1776244475.269987,1776244475.3297572,0.943323835104787
1776244475.5263262,66.27458882331848,2.502343325828628,6.347319687212385,0.2,6.0907283338426845,6.2699840674482825,0.567582230616086,0.02154165506097671,6.095313528503223,1776244475.4942496,6.2699840674482825,0.567582230616086,6.0907283338426845,1776244475.483192,1776244475.4666357,1.0967604351032492
1776244475.7263498,66.47461247444153,2.502343325828628,6.347319687212385,0.2,6.094684014687794,6.285663938691553,0.5645587662316538,0.01817624345681533,6.098828560862427,1776244475.7222695,6.285663938691553,0.5645587662316538,6.094684014687794,1776244475.704428,1776244475.6767924,0.99814337641005
1776244475.9267383,66.6750009059906,2.502343325828628,6.347319687212385,0.2,6.097289281357588,6.295806456080313,0.5626375738960749,0.014625432883297578,6.100213890916077,1776244475.922237,6.295806456080313,0.5626375738960749,6.097289281357588,1776244475.835702,1776244475.8819177,0.9516532044977142
1776244476.1260948,66.87435746192932,2.502343325828628,6.347319687212385,0.2,6.10176643647449,6.3129174234404815,0.5594590449204354,0.034219249943084895,6.106646617538549,1776244476.1321146,6.3129174234404815,0.5594590449204354,6.10176643647449,1776244476.083352,1776244476.0929868,1.0434453941033215
1776244476.3258772,67.07413983345032,2.502343325828628,6.347319687212385,0.2,6.105501652538019,6.326904175045001,0.556920281964095,0.018346028736428436,6.109166734445951,1776244476.2646272,6.326904175045001,0.556920281964095,6.105501652538019,1776244476.299812,1776244476.3133364,0.967555547952023
1776244476.5262766,67.27453923225403,2.502343325828628,6.347319687212385,0.2,6.108948342849865,6.339593369216532,0.5546640925647653,0.01752827244856882,6.113094987468593,1776244476.5011961,6.339593369216532,0.5546640925647653,6.108948342849865,1776244476.481803,1776244476.4838037,0.9889303515412773
1776244476.726475,67.47473764419556,2.502343325828628,6.347319687212385,0.2,6.113365054758963,6.355568950104514,0.5518882784803906,0.014045195511087703,6.116281910549935,1776244476.7088726,6.355568950104514,0.5518882784803906,6.113365054758963,1776244476.717877,1776244476.7088726,0.9066023187648378
1776244476.9260662,67.67432880401611,2.502343325828628,6.347319687212385,0.2,6.1162213690486285,6.365740144207189,0.5501591243004854,0.01979887829341366,6.119247739156305,1776244476.9317343,6.365740144207189,0.5501591243004854,6.1162213690486285,1776244476.86471,1776244476.8617282,1.0189839373133585
1776244477.1273315,67.87559413909912,2.502343325828628,6.347319687212385,0.2,6.120049580835985,6.3791864902572595,0.5479193620613845,0.017186719666508032,6.1235249926020066,1776244477.1313548,6.3791864902572595,0.5479193620613845,6.120049580835985,1776244477.079512,1776244477.0720081,0.9902157083991262
1776244477.3286278,68.07689046859741,2.502343325828628,6.347319687212385,0.2,6.124060352106515,6.393058608837664,0.5456645192973081,0.017860288447519655,6.128716124548612,1776244477.3246205,6.393058608837664,0.5456645192973081,6.124060352106515,1776244477.286853,1776244477.269704,1.0348264939701104
1776244477.5267544,68.27501702308655,2.502343325828628,6.347319687212385,0.2,6.128417157101507,6.40789320227873,0.5433168826400883,0.01426184300752198,6.130438203486698,1776244477.4663305,6.40789320227873,0.5433168826400883,6.128417157101507,1776244477.505936,1776244477.5079362,0.9216145102060667
1776244477.7260852,68.47434782981873,2.502343325828628,6.347319687212385,0.2,6.131335582628382,6.417701401762875,0.5418012795458491,0.039076177575884954,6.1397149053291615,1776244477.680766,6.4220403068316045,0.5411401918102099,6.132636108515977,1776244477.722077,1776244477.7316167,0.9088386120503025
1776244477.926372,68.6746346950531,2.502343325828628,6.347319687212385,0.2,6.134917005914795,6.429604028995264,0.5400016091570401,0.018069751007042834,6.13920133320121,1776244477.9178655,6.429604028995264,0.5400016091570401,6.134917005914795,1776244477.855254,1776244477.8647766,0.9783639893319199
1776244478.1269472,68.87520980834961,2.502343325828628,6.347319687212385,0.2,6.139169259796281,6.443554493437287,0.5379481462329149,0.022112965988229177,6.14247183494447,1776244478.0672157,6.443554493437287,0.5379481462329149,6.139169259796281,1776244478.072742,1776244478.084935,1.0468040896864714
1776244478.3268912,69.07515382766724,2.502343325828628,6.347319687212385,0.2,6.14344183562889,6.4573842008400835,0.535972648711315,0.015654445166286224,6.1474361133488795,1776244478.3223686,6.4573842008400835,0.535972648711315,6.14344183562889,1776244478.283234,1776244478.3118324,1.0104630784138415
1776244478.52878,69.2770426273346,2.502343325828628,6.347319687212385,0.2,6.1482301714403835,6.472673541433704,0.5338592714061572,0.029383364693135367,6.152649973669374,1776244478.4727871,6.472673541433704,0.5338592714061572,6.1482301714403835,1776244478.524266,1776244478.481982,0.9739476851783222
1776244478.7280087,69.47627139091492,2.502343325828628,6.347319687212385,0.2,6.15088183588615,6.481049988886585,0.5327332073630634,0.01835608184818996,6.154477095795469,1776244478.7325194,6.485222921159072,0.5321806885724073,6.1522102006639034,1776244478.722492,1776244478.6972744,0.9743068115678833
1776244478.9280427,69.67630529403687,2.502343325828628,6.347319687212385,0.2,6.154705323727572,6.493020273082109,0.5311634327717443,0.02771533728476541,6.160493424849291,1776244478.8774903,6.493020273082109,0.5311634327717443,6.154705323727572,1776244478.869488,1776244478.860987,0.9185036771536927
1776244479.126241,69.87450361251831,2.502343325828628,6.347319687212385,0.2,6.159377885400154,6.507484025082326,0.5293291091884844,0.01662611992045894,6.162793524503057,1776244479.0829284,6.507484025082326,0.5293291091884844,6.159377885400154,1776244479.102035,1776244479.0914614,0.9494855582098687
1776244479.3262465,70.07450914382935,2.502343325828628,6.347319687212385,0.2,6.163733432610242,6.520812057782327,0.5276999279334832,0.018584092516703784,6.167529713840179,1776244479.2872043,6.520812057782327,0.5276999279334832,6.163733432610242,1776244479.310713,1776244479.294089,0.9553748126903651
1776244479.533378,70.28164052963257,2.502343325828628,6.347319687212385,0.2,6.166926063261103,6.530491683565053,0.5265537979669972,0.019746961256949042,6.170289578236228,1776244479.5489,6.530491683565053,0.5265537979669972,6.166926063261103,1776244479.480604,1776244479.4770973,1.083297917480179
1776244479.7259064,70.4741690158844,2.502343325828628,6.347319687212385,0.2,6.171307653736837,6.543658277029457,0.5250453053725656,0.015973495831125603,6.175005025309007,1776244479.6890042,6.543658277029457,0.5250453053725656,6.171307653736837,1776244479.705379,1776244479.6978645,0.9923399694605061
1776244479.9266458,70.67490839958191,2.502343325828628,6.347319687212385,0.2,6.175703302450723,6.556736658755643,0.5236050415935752,0.016863999301275266,6.179446770595486,1776244479.910984,6.556736658755643,0.5236050415935752,6.175703302450723,1776244479.918982,1776244479.910984,1.0790746253504178
1776244480.1264458,70.87470841407776,2.502343325828628,6.347319687212385,0.2,6.179942511211119,6.569232072890364,0.5222835592437173,0.021642182946635415,6.184198725733027,1776244480.107647,6.569232072890364,0.5222835592437173,6.179942511211119,1776244480.122918,1776244480.1156738,0.9483612795705523
1776244480.326792,71.07505464553833,2.502343325828628,6.347319687212385,0.2,6.183682787266091,6.5801655637777445,0.5211713623908013,0.01869804685004836,6.187602066760585,1776244480.317256,6.5801655637777445,0.5211713623908013,6.183682787266091,1776244480.319778,1776244480.317256,1.039695995941253
1776244480.526216,71.27447867393494,2.502343325828628,6.347319687212385,0.2,6.186920084886372,6.589562597324471,0.5202485783049173,0.015895690238309754,6.189937902088612,1776244480.5071073,6.589562597324471,0.5202485783049173,6.186920084886372,1776244480.474805,1776244480.476805,0.928324811543217
1776244480.7258246,71.47408723831177,2.502343325828628,6.347319687212385,0.2,6.190676387335906,6.600392287347787,0.5192233235262265,0.024420466504220514,6.194401478704693,1776244480.7303984,6.600392287347787,0.5192233235262265,6.190676387335906,1776244480.65811,1776244480.6930509,0.9117174027853175
1776244480.9263752,71.67463779449463,2.502343325828628,6.347319687212385,0.2,6.195468801030509,6.61409888813146,0.517984779514172,0.02434183308614203,6.201123235799343,1776244480.8919399,6.61409888813146,0.517984779514172,6.195468801030509,1776244480.898931,1776244480.8969293,0.9600841972974318
1776244481.126229,71.87449169158936,2.502343325828628,6.347319687212385,0.2,6.199758267681735,6.626266992834491,0.5169409495764608,0.0161804163145172,6.202068280978529,1776244481.1287374,6.626266992834491,0.5169409495764608,6.199758267681735,1776244481.117204,1776244481.1272337,0.9938433401566894
1776244481.3289044,72.07716703414917,2.502343325828628,6.347319687212385,0.2,6.202852560280917,6.634988553880851,0.5162252164538899,0.019025303191415037,6.207260776388075,1776244481.2664087,6.6383715580275675,0.5159549143660347,6.204057183249992,1776244481.324879,1776244481.32992,1.0721583910297456
1776244481.527769,72.2760317325592,2.502343325828628,6.347319687212385,0.2,6.207675251636379,6.648491921814399,0.5151708350232727,0.017221539619477345,6.211199026647568,1776244481.471023,6.648491921814399,0.5151708350232727,6.207675251636379,1776244481.491689,1776244481.531281,1.0265792838060186
1776244481.7258334,72.4740960597992,2.502343325828628,6.347319687212385,0.2,6.210954010324768,6.657612219813664,0.5144958707021468,0.02644295133253388,6.2174396418408,1776244481.716292,6.657612219813664,0.5144958707021468,6.210954010324768,1776244481.666629,1776244481.6761565,1.0868787928297903
1776244481.9271424,72.67540502548218,2.502343325828628,6.347319687212385,0.2,6.215621549344758,6.6705152653184,0.5135924703674984,0.018171837654877284,6.2185235816420565,1776244481.8759913,6.6705152653184,0.5135924703674984,6.215621549344758,1776244481.891063,1776244481.9090996,1.0447251718551245
1776244482.1265347,72.87479734420776,2.502343325828628,6.347319687212385,0.2,6.220124960787272,6.68287883118089,0.5127837981223217,0.014988139488616591,6.223282565650483,1776244482.086665,6.68287883118089,0.5127837981223217,6.220124960787272,1776244482.103261,1776244482.1250293,1.0605363803621883
1776244482.332085,73.08034753799438,2.502343325828628,6.347319687212385,0.2,6.224462862790831,6.694711873791406,0.5120623482675373,0.02033651997755132,6.228658980623761,1776244482.292999,6.694711873791406,0.5120623482675373,6.224462862790831,1776244482.309541,1776244482.257577,1.0834569306264343
1776244482.5289927,73.27725529670715,2.502343325828628,6.347319687212385,0.2,6.227069077626084,6.701786572551306,0.5116556710080928,0.02475485645899269,6.232786846140254,1776244482.5239747,6.701786572551306,0.5116556710080928,6.227069077626084,1776244482.453172,1776244482.4717386,1.0008818190597941
1776244482.7264965,73.47475910186768,2.502343325828628,6.347319687212385,0.2,6.231766555519744,6.714474929913834,0.5109727591500383,0.015123882561214802,6.234162777971136,1776244482.6824143,6.714474929913834,0.5109727591500383,6.231766555519744,1776244482.681407,1776244482.6768959,0.9138265073587474
1776244482.9269085,73.67517113685608,2.502343325828628,6.347319687212385,0.2,6.236471775219946,6.727105776167584,0.5103524832357756,0.018294572824516853,6.240494422690553,1776244482.9022963,6.727105776167584,0.5103524832357756,6.236471775219946,1776244482.901293,1776244482.864486,1.0391191618825086
1776244483.1261473,73.87440991401672,2.502343325828628,6.347319687212385,0.2,6.239263547308889,6.734564394155183,0.5100142384154843,0.02158409101821583,6.243878492558587,1776244483.1161087,6.734564394155183,0.5100142384154843,6.239263547308889,1776244483.043686,1776244483.103022,1.070372226810134
1776244483.3272188,74.07548141479492,2.502343325828628,6.347319687212385,0.2,6.243805483978267,6.7466440731680475,0.5095107930062831,0.031689939874450034,6.250078775970902,1776244483.3140671,6.7508140455386485,0.5093497803899515,6.245379174753673,1776244483.331832,1776244483.3015437,1.0121094874361765
1776244483.5286105,74.27687311172485,2.502343325828628,6.347319687212385,0.2,6.2480036332078255,6.7577511791611,0.5090965001162275,0.01840535374122944,6.250963740305713,1776244483.4748957,6.7577511791611,0.5090965001162275,6.2480036332078255,1776244483.463384,1776244483.4748957,1.041205775211138
1776244483.7282674,74.47653007507324,2.502343325828628,6.347319687212385,0.2,6.253083208603628,6.771118512056385,0.5086599766553,0.021764309066514456,6.257980093043737,1776244483.6998918,6.771118512056385,0.5086599766553,6.253083208603628,1776244483.702889,1776244483.70489,1.048256655677957
1776244483.9265947,74.67485737800598,2.502343325828628,6.347319687212385,0.2,6.257643337555727,6.783054595071217,0.5083277817262666,0.02174003113649648,6.262312414653599,1776244483.9146605,6.783054595071217,0.5083277817262666,6.257643337555727,1776244483.918663,1776244483.9311197,1.0478936601876274
1776244484.1258442,74.87410688400269,-6.873250229149134,13.651011208159892,0.2,6.261681817385527,6.793576455525995,0.5080802177921884,0.029248067735235583,6.267568662683837,1776244484.1159334,6.793576455525995,0.5080802177921884,6.261681817385527,1776244484.122832,1776244484.0650089,1.07909423458254
1776244484.3266144,75.0748770236969,-6.873250229149134,13.651011208159892,0.2,6.2646750445973245,6.801453221577227,0.5079226573774865,0.01679022190025827,6.26795976898286,1776244484.3115666,6.801453221577227,0.5079226573774865,6.2646750445973245,1776244484.262682,1776244484.28545,1.0945659371967875
1776244484.526682,75.2749445438385,-6.873250229149134,13.651011208159892,0.2,6.269279653563537,6.81395398384563,0.5077202016098127,0.01819958310297198,6.2730561448144115,1776244484.5190709,6.81395398384563,0.5077202016098127,6.269279653563537,1776244484.474125,1776244484.4842467,1.0267342942536788
1776244484.7264407,75.47470331192017,-6.873250229149134,13.651011208159892,0.2,6.273736358607591,6.826473196884112,0.5075741527999986,0.026416852862670794,6.277527840679729,1776244484.662596,6.826473196884112,0.5075741527999986,6.273736358607591,1776244484.695335,1776244484.700875,1.0403308940398965
1776244484.926249,75.67451167106628,-3.5684246870703835,-5.954764944144428,0.2,6.277141763092532,6.836302686416052,0.5074980724468525,0.019182203961146598,6.282131889122569,1776244484.9227395,6.836302686416052,0.5074980724468525,6.277141763092532,1776244484.855851,1776244484.8698711,1.0302175757011813
1776244485.1269412,75.87520384788513,-3.5684246870703835,-5.954764944144428,0.2,6.282052740579817,6.851015336869755,0.5074456661429165,0.01579640508700788,0.001965469934580355,1776244485.1188624,6.851015336869755,0.5074456661429165,6.282052740579817,1776244485.085802,1776244485.0787816,1.0862141350339394
1776244485.3267279,76.07499051094055,-3.5684246870703835,-5.954764944144428,0.2,0.0021053143026268373,6.861324830085456,0.5074508287091909,0.02178506840481581,0.005069712723984987,1776244485.2549372,6.861324830085456,0.5074508287091909,0.0021053143026268373,1776244485.254937,1776244485.2987556,0.939215413834893
1776244485.5265043,76.27476692199707,-3.5684246870703835,-5.954764944144428,0.2,0.006119736615502803,6.8749596615500765,0.5075072514160831,0.02010679967098511,0.010978800930847663,1776244485.4966,6.8749596615500765,0.5075072514160831,0.006119736615502803,1776244485.486066,1776244485.4740422,1.0913606789761219
1776244485.7262027,76.47446537017822,-3.5684246870703835,-5.954764944144428,0.2,0.009487717761501813,6.88730629685005,0.5076038662026348,0.011397871124588933,0.011398804379197987,1776244485.6642704,6.88730629685005,0.5076038662026348,0.009487717761501813,1776244485.704914,1776244485.6973963,1.0578777430026944
1776244485.9268978,76.67516040802002,-3.5684246870703835,-5.954764944144428,0.2,0.011713897891016069,6.896036659881026,0.5076965125674598,0.013760338280437165,0.01484772065960707,1776244485.8920135,6.896036659881026,0.5076965125674598,0.011713897891016069,1776244485.855341,1776244485.9253747,1.0520121209529398
1776244486.1286342,76.87689685821533,-3.5684246870703835,-5.954764944144428,0.2,0.01454144297439175,6.907949248307679,0.5078531478111085,0.01176362623338892,0.01687114527017598,1776244486.0900564,6.907949248307679,0.5078531478111085,0.01454144297439175,1776244486.069873,1776244486.130641,0.9084848809617246
1776244486.3262439,77.07450652122498,-3.5684246870703835,-5.954764944144428,0.2,0.017074584854381847,6.919623324736073,0.5080379372648474,0.009883047248280161,0.01922594756291728,1776244486.3077385,6.919623324736073,0.5080379372648474,0.017074584854381847,1776244486.270997,1776244486.2614732,0.9412020520215768
1776244486.526455,77.2747175693512,-3.5684246870703835,-5.954764944144428,0.2,0.019495513568120515,6.931974362383579,0.5082640772492709,0.010301902279018033,0.021712612572983864,1776244486.5229511,6.931974362383579,0.5082640772492709,0.019495513568120515,1776244486.499386,1776244486.466003,1.0847912480614532
1776244486.727791,77.4760537147522,-3.5684246870703835,-5.954764944144428,0.2,0.020859269664893706,6.939618992567967,0.5084184126049863,0.00842620402226591,0.02211300357263513,1776244486.671741,6.939618992567967,0.5084184126049863,0.020859269664893706,1776244486.652947,1776244486.6662228,0.9042160988222389
1776244486.9262872,77.67454981803894,-3.5684246870703835,-5.954764944144428,0.2,0.02278153665759408,6.9515585729994225,0.5086792330737565,0.00685966117466345,0.024338403336615626,1776244486.8987007,6.9515585729994225,0.5086792330737565,0.02278153665759408,1776244486.87864,1776244486.8987007,0.910690707934446
1776244487.126198,77.87446069717407,-3.5684246870703835,-5.954764944144428,0.2,0.024192958259345865,6.961540551927463,0.5089138740317632,0.00802315638230514,0.025412764562011067,1776244487.0507364,6.961540551927463,0.5089138740317632,0.024192958259345865,1776244487.06375,1776244487.065747,0.9354678121194037
1776244487.3426244,78.09088706970215,-3.5684246870703835,-5.954764944144428,0.2,0.02559715527466011,6.973045457400879,0.5092005775589505,0.01327571786272081,0.028538795547845844,1776244487.272317,6.973045457400879,0.5092005775589505,0.02559715527466011,1776244487.290356,1776244487.2773154,0.9003781552719338
1776244487.5256834,78.27394604682922,-3.5684246870703835,-5.954764944144428,0.2,0.026665345653493766,6.983500545685901,0.5094740170894143,0.004320341704584983,0.02769298506756491,1776244487.5101776,6.983500545685901,0.5094740170894143,0.026665345653493766,1776244487.517176,1776244487.4996648,0.9167641714132494
1776244487.7262633,78.47452592849731,-3.5684246870703835,-5.954764944144428,0.2,0.027334581087718135,6.991323725027916,0.5096853665763483,0.0030258485716680183,0.027979348165898383,1776244487.723264,6.991323725027916,0.5096853665763483,0.027334581087718135,1776244487.665153,1776244487.715755,0.9576719972152149
1776244487.9270139,78.67527651786804,-3.5684246870703835,-5.954764944144428,0.2,0.028083119004083557,7.002264788534758,0.5099888079503019,0.002806459468911963,0.02853666725918605,1776244487.8848727,7.002264788534758,0.5099888079503019,0.028083119004083557,1776244487.89113,1776244487.8653114,0.9067185910562673
1776244488.1262133,78.87447595596313,-3.5684246870703835,-5.954764944144428,0.2,0.028473155455507996,7.009843942550695,0.5102032558450896,0.0029940934096154594,0.028991538658151718,1776244488.058008,7.013400327731135,0.5103048125955787,0.02861985106013698,1776244488.126723,1776244488.0625463,1.0926257480968695
1776244488.3263063,79.0745689868927,-3.5684246870703835,-5.954764944144428,0.2,0.02883207460772308,7.020059997093824,0.510496215757442,0.001127144946156306,0.029107945240219212,1776244488.3027596,7.020059997093824,0.510496215757442,0.02883207460772308,1776244488.285183,1776244488.2892344,1.061351244018219
1776244488.5266974,79.27496004104614,-3.5684246870703835,-5.954764944144428,0.2,0.02900055071129249,7.030485129376552,0.5107979297958403,0.00023114309422506103,0.029050461987260166,1776244488.518692,7.030485129376552,0.5107979297958403,0.02900055071129249,1776244488.506891,1776244488.517184,0.9529531879081179
1776244488.725762,79.47402453422546,-3.5684246870703835,-5.954764944144428,0.2,0.029001800494363295,7.037334480620806,0.5109966721550643,-0.00035366638897875403,0.028943285681743574,1776244488.684144,7.037334480620806,0.5109966721550643,0.029001800494363295,1776244488.651775,1776244488.6688356,1.0708468265174447
1776244488.9268088,79.67507147789001,-3.5684246870703835,-5.954764944144428,0.2,0.028872629124402138,7.046345419887395,0.5112576086093096,-0.0011516940864042524,0.028608151889634333,1776244488.913786,7.046345419887395,0.5112576086093096,0.028872629124402138,1776244488.867164,1776244488.8631659,1.06722889992294
1776244489.1265612,79.87482380867004,-3.5684246870703835,-5.954764944144428,0.2,0.028555252355979558,7.056321698164447,0.5115442978424821,-0.001346492917839523,0.02835012835404815,1776244489.0661254,7.056321698164447,0.5115442978424821,0.028555252355979558,1776244489.090208,1776244489.0922077,0.9354930119236767
1776244489.326244,80.07450675964355,-3.5684246870703835,-5.954764944144428,0.2,0.02820789598354523,7.063604960982347,0.5117511229395062,-0.0022158005457009085,0.02776377903914743,1776244489.2665572,7.063604960982347,0.5117511229395062,0.02820789598354523,1776244489.247487,1776244489.2665572,0.9269329604495624
1776244489.526397,80.27465963363647,-3.5684246870703835,-5.954764944144428,0.2,0.027568566100979908,7.073653972800004,0.5120316000389129,-0.002782116050048387,0.026981048861900968,1776244489.4777336,7.073653972800004,0.5120316000389129,0.027568566100979908,1776244489.485319,1776244489.4827697,1.0730866489700457
1776244489.726318,80.47458052635193,-3.5684246870703835,-5.954764944144428,0.2,0.0267908565214583,7.08318612152019,0.5122908771380583,-0.0077892507629424125,0.02498154508771176,1776244489.7100167,7.08318612152019,0.5122908771380583,0.0267908565214583,1776244489.724812,1776244489.716288,1.0327703380102904
1776244489.9264464,80.67470908164978,-3.5684246870703835,-5.954764944144428,0.2,0.026188447274184234,7.089457293068597,0.512457074664826,-0.0031235402566645895,0.025540579336693788,1776244489.9174314,7.089457293068597,0.512457074664826,0.026188447274184234,1776244489.877066,1776244489.86566,1.047975703250036
1776244490.1260345,80.87429714202881,-3.5684246870703835,-5.954764944144428,0.2,0.025164568275590327,7.098742284202306,0.5126956548901681,-0.003699794324194853,0.024422435740656466,1776244490.1180189,7.098742284202306,0.5126956548901681,0.025164568275590327,1776244490.097482,1776244490.0687728,1.0797483670891725
1776244490.3288987,81.07716131210327,-3.5684246870703835,-5.954764944144428,0.2,0.024093454126211,7.107212814493711,0.5129044099382273,-0.005648041630528509,0.02295905433488729,1776244490.3188672,7.107212814493711,0.5129044099382273,0.024093454126211,1776244490.308861,1776244490.2705903,1.0426118112615363
1776244490.5263875,81.27465009689331,-3.5684246870703835,-5.954764944144428,0.2,0.0230574863293187,7.114569018507273,0.513077928129313,-0.005303194225853453,0.022310552561018368,1776244490.5294015,7.114569018507273,0.513077928129313,0.0230574863293187,1776244490.505319,1776244490.4657059,0.9068226093666613
1776244490.7260273,81.474289894104,-3.5684246870703835,-5.954764944144428,0.2,0.022043000946911917,7.121179016358437,0.5132270539015967,-0.00528956510473648,0.020769668912055884,1776244490.7004385,7.121179016358437,0.5132270539015967,0.022043000946911917,1776244490.678728,1776244490.7064455,1.0736084935014132
1776244490.9269865,81.67524909973145,-3.5684246870703835,-5.954764944144428,0.2,0.02051147042978929,7.130312342729658,0.5134215294976235,-0.006182989798675445,0.019517469862036344,1776244490.8612022,7.130312342729658,0.5134215294976235,0.02051147042978929,1776244490.910903,1776244490.8475492,0.9667701949506033
1776244491.12704,81.87530255317688,-3.5684246870703835,-5.954764944144428,0.2,0.019100049497676963,7.138031845250097,0.5135745088050762,-0.00734159000225982,0.017586149724047172,1776244491.067411,7.138031845250097,0.5135745088050762,0.019100049497676963,1776244491.103459,1776244491.0689166,0.9299137286485688
1776244491.3262973,82.0745599269867,-3.5684246870703835,-5.954764944144428,0.2,0.01760184259680475,7.145653462473804,0.5137144542381238,-0.007041939483536807,0.015981105077293188,1776244491.297566,7.145653462473804,0.5137144542381238,0.01760184259680475,1776244491.320173,1776244491.3020902,1.0036547836470586
1776244491.5270832,82.27534580230713,-3.5684246870703835,-5.954764944144428,0.2,0.016490234354248123,7.150994267927513,0.5138055251604413,-0.006137012660252561,0.01560222440824264,1776244491.4422634,7.150994267927513,0.5138055251604413,0.016490234354248123,1776244491.456765,1776244491.4462624,0.9348831779683413
1776244491.7265015,82.47476410865784,-3.5684246870703835,-5.954764944144428,0.2,0.014642506804774412,7.159380507540145,0.5139361660923693,-0.008203898350919206,0.012646428240584368,1776244491.685572,7.159380507540145,0.5139361660923693,0.014642506804774412,1776244491.688579,1776244491.6987507,0.9324997036027315
1776244491.9271834,82.67544603347778,-3.5684246870703835,-5.954764944144428,0.2,0.013138438365680294,7.165823348601749,0.5140257052170486,-0.00669357688811084,0.011596732399356779,1776244491.915898,7.165823348601749,0.5140257052170486,0.013138438365680294,1776244491.869915,1776244491.921429,0.9641053645103118
1776244492.1267686,82.87503123283386,-3.5684246870703835,-5.954764944144428,0.2,0.011350988241522586,7.173103216994963,0.5141149059973489,-0.010171702863519516,0.00932363638811802,1776244492.115211,7.173103216994963,0.5141149059973489,0.011350988241522586,1776244492.079594,1776244492.0687835,1.0751961383698043
1776244492.3262546,83.07451725006104,-3.5684246870703835,-5.954764944144428,0.2,0.009572340663388525,7.179998217182696,0.5141870895137491,-0.007694514014291152,0.008350504076103413,1776244492.2740042,7.179998217182696,0.5141870895137491,0.009572340663388525,1776244492.260768,1776244492.2740042,0.9138262781668076
1776244492.5264354,83.27469801902771,-3.5684246870703835,-5.954764944144428,0.2,0.007324315841466422,7.188287095154859,0.5142572008585352,-0.010862985931287443,0.004982100529240207,1776244492.4896185,7.188287095154859,0.5142572008585352,0.007324315841466422,1776244492.49964,1776244492.492133,1.0283640867360577
1776244492.7308998,83.4791624546051,-3.5684246870703835,-5.954764944144428,0.2,0.00591701068047179,7.19326461141646,0.5142901735379176,-0.008387472769908744,0.004611415390560845,1776244492.7344136,7.19326461141646,0.5142901735379176,0.00591701068047179,1776244492.647279,1776244492.7344136,0.9793661118589492
1776244492.9259691,83.67423176765442,-3.5684246870703835,-5.954764944144428,0.2,0.0035323795198696217,7.201374385100337,0.5143285666035945,-0.011484591582535519,0.0009274418101042083,1776244492.872099,7.201374385100337,0.5143285666035945,0.0035323795198696217,1776244492.88713,1776244492.8896446,0.9475864233969115
1776244493.1268446,83.8751072883606,-3.5684246870703835,-5.954764944144428,0.2,0.0015140933542259205,7.2079553800949,0.5143452127176771,-0.009329526416636843,6.282726575594279,1776244493.0835593,7.2079553800949,0.5143452127176771,0.0015140933542259205,1776244493.072031,1776244493.064829,0.9979837814263355
