EpochTime(s),TimeFromStart(s),right_prop_rate(rad/s),left_prop_rate(rad/s),LastDT(s),Yaw(rad),North(m),East(m),IMUSensedYawRate(rad/s),IMUIntegratedYaw(rad),IMUSensedTimeStamp(s),ARUCOSensedNorth(m),ARUCOSensedEast(m),ARUCOSensedYaw(rad),ArucoSensedTimeStamp(s),DepthTimeStamp(s),Depth(m)
1767835949.4410834,2.159555196762085,0.0,0.0,0.2,0.0,0.0,0.0,0.0,0.0,1767835949.4475923,None,None,None, None, 1767835949.4475923,0.9095184335895298
1767835949.4691215,2.1875932216644287,-0.6018647178982802,3.3910624553852147,0.2,0.0,0.0,0.0,0.0,0.0,1767835949.4475923,None,None,None, None, 1767835949.4475923,0.9095184335895298
1767835949.6690807,2.387552499771118,-19.35961621927138,31.30712443426903,0.2,0.0,0.0003144523361697793,0.0,0.0,0.0,1767835949.6672733,6.954421234737032e-20,3.011834241388294e-20,0.0, 1767835949.666278, 1767835949.6611817,1.0749984375779271
1767835949.8697453,2.58821702003479,59.346105896984845,96.95298873676735,0.2,0.013056412872386841,0.02019730726957052,0.00013695447682815498,0.0013663912429649006,0.0002855407374480298,1767835949.8627415,None,None,None, None, 1767835949.8812556,0.9684906963707337
1767835950.0700154,2.788487195968628,60.18019147711242,96.20988313165665,0.2,0.1123973416331878,0.026247619857977272,0.0015427063129535012,0.019834670250932964,0.0048751749248293515,1767835950.0448909,0.0041590362752395105,4.736890892720677e-06,0.002925332135319536, 1767835950.074521, 1767835950.074521,1.0148780867261533
1767835950.2697504,2.988222122192383,61.30916312357952,95.19816219649341,0.2,0.12241138613019699,0.03255584678743284,0.0019438559329039151,0.062029538211515876,0.02095301535726135,1767835950.2344081,None,None,None, None, 1767835950.2497182,0.9047960313232805
1767835950.4702725,3.188744306564331,62.64567671510783,93.99160753041433,0.2,0.1399512535303251,0.04067658209033081,0.00256633417711849,0.0545409080555475,0.03683593472707128,1767835950.47806,None,None,None, None, 1767835950.447479,1.0464397068351223
1767835950.6697958,3.3882675170898438,64.05189537133009,92.7116569930708,0.2,0.15686400913830822,0.050410794803888326,0.003385384840736805,0.07434189393774794,0.06094244465198968,1767835950.600393,None,None,None, None, 1767835950.6306915,0.9975216791259424
1767835950.8702936,3.5887653827667236,65.40547607394322,91.4693589041895,0.2,0.17644830455876037,0.06114960391216119,0.004428736711605263,0.09499871726649844,0.08948554226368671,1767835950.8382273,None,None,None, None, 1767835950.8791847,1.0819650895098738
1767835951.0690606,3.787532329559326,66.54142242366534,90.41894869987463,0.2,0.20091008296342122,0.07291179443910709,0.005835120568494501,0.14263176915555728,0.12697783964266704,1767835951.0365322,None,None,None, None, 1767835951.061057,0.9610931858370896
1767835951.2694006,3.987872362136841,67.48408324964726,89.541773490761,0.2,0.23303755171891857,0.08509215322064739,0.007681127040829017,0.1417288003263418,0.16623184443237804,1767835951.224296,None,None,None, None, 1767835951.274394,1.072893587776472
1767835951.4688606,4.187332391738892,68.09614505305012,88.96954069775973,0.2,0.2665545034123408,0.09792095888167349,0.010048057439993985,0.18365014880052466,0.21170008907291435,1767835951.4658444,None,None,None, None, 1767835951.458352,0.943609234549457
1767835951.6694524,4.3879241943359375,68.6625147834684,88.43812796643559,0.2,0.3068231838322682,0.11085932827131548,0.012974654439277866,0.16231720391415191,0.246944595245455,1767835951.6549208,None,None,None, None, 1767835951.6475923,0.9550246295050392
1767835951.8699286,4.588400363922119,69.30113427604586,87.8367239517894,0.2,0.34383333871264454,0.12394074683752052,0.016414028286032334,0.2323742939019792,0.30342917370210964,1767835951.8408587,None,None,None, None, 1767835951.8338325,0.9554286360439556
1767835952.0697153,4.788187026977539,69.9091309855727,87.26197883115017,0.2,0.3937786994846144,0.13662079175124933,0.02047761055756392,0.2051996088898843,0.3581101231187686,1767835952.0310936,None,None,None, None, 1767835952.0315945,1.0139221014637836
1767835952.2706966,4.989168405532837,70.53880399152305,86.66448955097582,0.2,0.43792378110721764,0.1489777043071051,0.025007083252822526,0.1774669855524931,0.40881135548455333,1767835952.2855465,None,None,None, None, 1767835952.2920628,0.9337412744416661
1767835952.468778,5.187249660491943,70.98608424260331,86.23867081625208,0.2,0.4776189211373693,0.16106015041304556,0.029949621131878823,0.2219041046318571,0.46444371905372744,1767835952.4636238,None,None,None, None, 1767835952.4737794,0.9447167339767532
1767835952.6703956,5.388867378234863,71.02552889989559,86.20106282664231,0.2,0.5238748501515642,0.17254659704160097,0.03528501518505489,0.3214341540665483,0.5365399140558322,1767835952.6518686,None,None,None, None, 1767835952.6558697,1.0130227822656468
1767835952.870487,5.588958740234375,70.0358211733891,87.14194865889776,0.2,0.5927774428524235,0.18395133742319897,0.04168570959404788,0.22157160014675267,0.590644527260479,1767835952.8438666,None,None,None, None, 1767835952.8438666,1.0213241356133715
1767835953.0697627,5.78823447227478,68.60316206467624,88.49390325501696,0.2,0.6392600268327039,0.19544802193046762,0.048758615558909923,0.25530352917061816,0.6509239929080674,1767835953.0585482,None,None,None, None, 1767835953.0384457,0.971280558966142
1767835953.2701693,5.988641023635864,66.60006834879192,90.36452277241955,0.2,0.692789175880153,0.20681117477318173,0.0567122398944937,0.2807348108518119,0.7166587662771986,1767835953.2466357,None,None,None, None, 1767835953.2381232,1.0496812634323338
1767835953.469889,6.188360691070557,63.622826838451076,93.1033438517713,0.2,0.7522524093170239,0.2181885007657755,0.0658356801011471,0.3515558267145195,0.7981669526491707,1767835953.460285,None,None,None, None, 1767835953.460285,0.9317713000440183
1767835953.669709,6.388180732727051,60.00172262695524,96.3691951161375,0.2,0.8244632724841733,0.22942667526588237,0.07643833959506896,0.32061409191454737,0.8733877794400143,1767835953.643517,None,None,None, None, 1767835953.6687078,0.9377561324393575
1767835953.8691792,6.587651014328003,58.78267659544844,97.45288104827283,0.2,0.8908234237258208,0.2406510940731734,0.08862446508035132,0.2571016294780541,0.9399590961027265,1767835953.8359115,None,None,None, None, 1767835953.8474429,1.0472400836813507
1767835954.0682461,6.786717891693115,57.350672534236075,98.71591307116483,0.2,0.9445432507309842,0.25087410059391335,0.10106539234717654,0.36696966451265695,1.0351493246854602,1767835954.0411854,None,None,None, None, 1767835954.0411854,0.9387474519787637
1767835954.2699225,6.988394260406494,55.719664742077704,100.14150748766913,0.2,1.0197824519813212,0.2605560718942851,0.11502427946006355,0.38318497308240107,1.133946966023696,1767835954.239825,None,None,None, None, 1767835954.261396,0.9796818761847493
1767835954.4704487,7.188920497894287,54.708563806406836,101.01841511091281,0.2,1.0995321280849149,0.2696780110481349,0.1307341451655356,0.3070971451806104,1.209533735010212,1767835954.4539366,None,None,None, None, 1767835954.4444244,1.0501429017776014
1767835954.6694698,7.387941598892212,54.171210564847954,101.4823349584106,0.2,1.162338175251386,0.277915904819074,0.1470210496517324,0.28505635479887176,1.2729859835119741,1767835954.6624076,None,None,None, None, 1767835954.6518476,0.9623357406592743
1767835954.8697107,7.58818244934082,78.74043989429937,78.66655558194887,0.2,1.2207972436231538,0.2854132015592301,0.16410485860787344,0.38536802399046977,1.3600835024381193,1767835954.8499982,0.5176467971927549,0.2527501445000146,0.9990238672602478, 1767835954.671992, 1767835954.8444946,1.030238832387224
1767835955.0698216,7.788293361663818,-18.264609940844725,-17.080366255136674,0.2,1.2297256570220882,0.5250440434152674,0.2720174310042588,0.3930843143060503,1.4532307975140224,1767835955.0516777,None,None,None, None, 1767835955.0516777,0.992147624949139
1767835955.2707396,7.989211320877075,23.702917164451026,27.29954966202195,0.2,1.1861208748421037,0.5367142497878787,0.292132065103932,0.3232911844070589,1.5338247471786894,1767835955.239508,None,None,None, None, 1767835955.2495403,1.0142090489744051
1767835955.469713,8.18818473815918,53.160855211734884,62.245577350468096,0.2,1.2889978040656744,0.542239079468625,0.3099377344949744,0.32386668580021416,1.6221639093431783,1767835955.4266508,None,None,None, None, 1767835955.4381824,1.035280027806802
1767835955.6702263,8.388698101043701,69.13040352626412,87.99773455045434,0.2,1.398028135928464,0.5459155337624003,0.3263947984266669,0.4134859804976649,1.7373833739028457,1767835955.6340964,None,None,None, None, 1767835955.6340964,1.0449892936195377
1767835955.869699,8.588170766830444,61.37643158287785,95.13766472822836,0.2,1.513636082957144,0.5481753475236213,0.3433350401509179,0.3675575464009637,1.8401859922296133,1767835955.8246095,None,None,None, None, 1767835955.8321204,1.0028541702982225
1767835956.0698917,8.788363456726074,55.50215221908184,100.33059229160206,0.2,1.5882561185408253,0.5493414088861959,0.36103217411074195,0.3348507797490969,1.9362364932019258,1767835956.0273185,None,None,None, None, 1767835956.0798912,1.0896825912167218
1767835956.2690487,8.987520456314087,49.61601871067979,105.35700039464835,0.2,1.657488738367178,0.5488663846086962,0.3781039252699828,0.3424307920696376,2.0330496185422833,1767835956.227554,None,None,None, None, 1767835956.239979,1.055120889642943
1767835956.470218,9.188689708709717,40.97609815047446,112.43114377906595,0.2,1.727313124252283,0.5469368952111544,0.39615149941826866,0.48716975130175905,2.166037088799676,1767835956.4393902,None,None,None, None, 1767835956.4536734,0.9062420683074817
1767835956.670314,9.38878583908081,32.11523359243446,119.3327407920886,0.2,1.8268564936824352,0.5423651939339502,0.41710273074978743,0.4342974910615268,2.2730991928175004,1767835956.6537156,None,None,None, None, 1767835956.638199,0.9089344856095589
1767835956.8709178,9.589389562606812,25.48941021119268,124.27325407582515,0.2,1.9142342383495907,0.5353172894652095,0.43954408116021726,0.3317382868645994,2.356640009090272,1767835956.8347735,None,None,None, None, 1767835956.844432,1.0152600808900925
1767835957.0691698,9.787641525268555,19.231597380144485,128.77511260351073,0.2,1.982493588220746,0.5261197595297658,0.46359424414364386,0.38119786916416476,2.461384936735759,1767835957.0282798,None,None,None, None, 1767835957.0483274,1.056180112340629
1767835957.2688801,9.987351894378662,-1.4743709208303872,140.15676352678423,0.2,2.0591767415556093,0.5142465982894866,0.4887671961789848,0.5416296181162354,2.6223296052279954,1767835957.2730596,None,None,None, None, 1767835957.2750638,1.043298119089131
1767835957.4701025,10.188574314117432,-31.21249745562403,149.6003356908375,0.2,2.1691747765042755,0.4962557601848997,0.518120726538632,0.4556893227253069,2.7450356507673046,1767835957.457595,None,None,None, None, 1767835957.457595,1.0349150175433546
1767835957.6700041,10.388475894927979,-50.44204377853674,155.79778156367462,0.2,2.2621377457181837,0.4737779889137116,0.5482135231852684,0.37266066772381873,2.833524949434943,1767835957.7250175,None,None,None, None, 1767835957.7250175,0.9691306446849146
1767835957.8700085,10.588480234146118,-64.34581426906713,160.33079975992985,0.2,2.3374880216925282,0.44806020015512765,0.5780122777388839,0.42251155846220345,2.934575861518515,1767835957.855381,None,None,None, None, 1767835957.8740096,0.925103959584358
1767835958.0707297,10.789201498031616,-77.10664969302816,164.53476030160098,0.2,2.423524957261354,0.418103275850926,0.6072494583046051,0.5500901081255805,3.062553954591682,1767835958.0524232,0.46809215357236966,0.749560930177318,2.3156811158776183, 1767835958.07273, 1767835958.057423,0.9268966357097367
1767835958.269407,10.987878799438477,-70.74413342508845,162.4331520789397,0.2,2.534690753392423,0.38322579178718474,0.6341107574528415,0.45989355763327217,3.173416781298271,1767835958.245329,None,None,None, None, 1767835958.245329,1.0737922332305692
1767835958.4700172,11.188488960266113,-59.21273521928362,158.651799603911,0.2,2.6264859091027914,0.3477899636366043,0.65662041976552,0.4401081358437873,3.276709200797623,1767835958.4590068,None,None,None, None, 1767835958.45,1.033205999306504
1767835958.6700132,11.388484954833984,-45.302425008148845,154.13357862385075,0.2,2.7165699425094467,0.3106619926623807,0.6759739033378982,0.42289223564655576,3.36721993014758,1767835958.6659331,None,None,None, None, 1767835958.658932,1.0733671416999229
1767835958.8705869,11.589058637619019,-38.058630207057526,149.58394981046692,0.2,2.8020424235162205,0.2737404330679959,0.6914934797084271,0.5687306814749195,3.5176582250039288,1767835958.8725781,None,None,None, None, 1767835958.8735778,1.0138097688632948
1767835959.0687099,11.787181615829468,-76.48135164319612,126.94386401949627,0.2,2.9141591268300777,0.23583920969524705,0.7023125284146678,0.4846637909819697,3.645185472826227,1767835959.064669,None,None,None, None, 1767835959.0636706,0.9469181639676607
1767835959.2687054,11.98717713356018,-100.85971460747975,104.6840806529881,0.2,2.972768330597378,0.19931579726441373,0.7111283624395426,0.39286876790640374,3.7311924878633467,1767835959.2538214,None,None,None, None, 1767835959.2538214,1.0795531691763882
1767835959.4687717,12.187243461608887,-144.6271107441978,71.81150240099878,0.2,3.0197821718269964,0.1632252042558468,0.7167914152419763,0.5281425644340305,3.8766539904849084,1767835959.4762762,None,None,None, None, 1767835959.4557502,1.0201179763393013
1767835959.6697786,12.388250350952148,-176.21042265015612,36.413712899925684,0.2,3.0733613673448454,0.12780005081944687,0.7193164877824789,0.5541654790705609,4.024605449208992,1767835959.6637714,None,None,None, None, 1767835959.651062,0.9321745324825531
1767835959.869984,12.58845567703247,49.367226748961336,105.56567686437762,0.2,3.1320997549664966,0.0937927748269003,0.7178806984664569,0.3218688445696962,4.097003730822233,1767835959.8502595,0.050142508683069784,0.9467409318132847,3.0720812626423886, 1767835959.67728, 1767835959.8502595,1.0002017760791813
1767835960.0690477,12.787519454956055,16.476405823811845,75.28019200681238,0.2,3.303933587585509,-0.0033914506693095703,0.9421415662677792,0.3163628199090339,4.1725563921113205,1767835960.048514,None,None,None, None, 1767835960.048514,0.9467148498375648
1767835960.269817,12.988288879394531,-3.288189107080848,61.77243674420706,0.2,3.3219862947752103,-0.030433004331820723,0.9403246683733899,0.4516670571419478,4.285472617967717,1767835960.2406154,None,None,None, None, 1767835960.2556303,0.9492917663793361
1767835960.4697993,13.188271045684814,-30.112201963087017,48.57221879729893,0.2,3.3886537347806382,-0.05419640923198461,0.9352449459970062,0.3911066952977773,4.3870413717123755,1767835960.437785,None,None,None, None, 1767835960.4708004,0.9206681768215624
1767835960.6691036,13.387575387954712,-52.0337159238363,34.97039557549999,0.2,3.4450592198371592,-0.07511771906157738,0.928834972751711,0.33672956918859487,4.4759065669349205,1767835960.6365156,None,None,None, None, 1767835960.6776094,1.0026329204284574
1767835960.8698628,13.588334560394287,-69.66948599254093,21.285757796845722,0.2,3.491593930982294,-0.09396535389157801,0.9216125820835288,0.3204480877174305,4.563581349052137,1767835960.8286061,None,None,None, None, 1767835960.8573048,0.9668630938642306
1767835961.0696704,13.788142204284668,-85.3320416989104,8.21642909474797,0.2,3.5355146632242813,-0.11136626956606964,0.9136716329635777,0.4170514776514482,4.684988922576587,1767835961.085677,None,None,None, None, 1767835961.0506313,0.9874557689228411
1767835961.2693846,13.987856388092041,-95.86103199387927,-14.729003357927203,0.2,3.598556117389736,-0.1271208675112022,0.904681161835688,0.31233152821599025,4.779671163653968,1767835961.2872934,None,None,None, None, 1767835961.2481678,0.9251655378756044
1767835961.4699244,14.188396215438843,-96.51264152342567,-23.272812277783245,0.2,3.642889202870302,-0.1414313105962723,0.8954417351537649,0.24206139785142677,4.8425855982352815,1767835961.4624212,None,None,None, None, 1767835961.4739256,1.008431050524775
1767835961.670136,14.388607740402222,-94.70912373650204,-27.542787388166065,0.2,3.682412292324733,-0.15512818535049866,0.8856993984163265,0.20159416062746863,4.888867955131198,1767835961.6472669,None,None,None, None, 1767835961.6585586,0.9397143548196428
1767835961.8697526,14.588224411010742,-93.39896842019212,-31.15547344543148,0.2,3.7169084660976663,-0.16806197732639,0.875848555857847,0.26182496206700956,4.962100907099802,1767835961.884432,None,None,None, None, 1767835961.8557234,1.001732686912238
1767835962.07009,14.788561820983887,-91.24195014607102,-34.544248481725226,0.2,3.763429455129668,-0.18020209678414228,0.8656123758853921,0.18678040061538512,5.011610780708814,1767835962.0625787,None,None,None, None, 1767835962.0474837,0.9746575986097734
1767835962.2689297,14.987401485443115,-87.39444724078443,-36.88690306013054,0.2,3.7954545863068647,-0.19170003326972976,0.8554060618725763,0.12318495165759287,5.038574464501812,1767835962.256393,None,None,None, None, 1767835962.2374783,0.9288461036909457
1767835962.4687903,15.187262058258057,-82.31809659367332,-37.987968830961336,0.2,3.8168206181784545,-0.20240927112098758,0.8455727073698449,0.10547843363248134,5.063405114783727,1767835962.445778,None,None,None, None, 1767835962.4377768,0.9604112961770085
1767835962.6689274,15.387399196624756,-79.79585771649946,-49.03509400134312,0.2,3.835470508720664,-0.21271518584909577,0.8358638713207773,0.10770052911172502,5.090537543998532,1767835962.6401522,None,None,None, None, 1767835962.6331189,0.9747816304954828
1767835962.8701098,15.588581562042236,-70.76467304917868,-51.00266736662385,0.2,3.8503711384425277,-0.2213363285651121,0.8274679637042052,0.06719038512814153,5.107753311641867,1767835962.8428407,None,None,None, None, 1767835962.8417704,1.050100578527801
1767835963.0691245,15.787596225738525,-59.53896465781613,-48.4433501267342,0.2,3.8629965231542065,-0.22911589490030537,0.8196689762735182,0.038680511724093786,5.1176888623481425,1767835963.0385463,None,None,None, None, 1767835963.0385463,0.9992849730045471
1767835963.2698514,15.988323211669922,-46.65551060371501,-41.80033179916927,0.2,3.8734304895739915,-0.2360288043191805,0.8126586823257976,0.02802529134251061,5.125027274847517,1767835963.2382965,None,None,None, None, 1767835963.281879,0.997746449419993
1767835963.4707644,16.189236164093018,-32.27514983057238,-31.134000117124508,0.2,3.883505191987513,-0.24235696790203232,0.8062334953285706,0.01884369262130381,5.1298066935,1767835963.4484234,None,None,None, None, 1767835963.4832761,0.9513059480991375
1767835963.6692424,16.38771414756775,-15.675917011674034,-15.412395944602336,0.2,3.8943229441596072,-0.24802267559331392,0.8004625612892231,0.005907685174472233,5.1312680776091035,1767835963.6426914,None,None,None, None, 1767835963.6682415,1.0101336019191915
1767835963.869997,16.58846879005432,-7.395331623275752,-7.393150081841645,0.2,3.905489943712888,-0.2540565752138173,0.7943763551641001,0.0012675156401859107,5.13157396643801,1767835963.854972,None,None,None, None, 1767835963.8649886,0.9254785701091754
1767835964.069661,16.788132667541504,-0.5920147963164898,-0.7509288055124725,0.2,3.910488968088574,-0.2598687439629206,0.7886223805645756,0.00014129063868546787,5.131613185290366,1767835964.0706608,None,None,None, None, 1767835964.0526142,0.9136024941061615
1767835964.2693427,16.98781442642212,6.0200519926790275,5.696569755550408,0.2,3.9146736173756533,-0.2653192388317027,0.7832473173326431,-0.0005376264518387549,5.131460166024582,1767835964.2482944,None,None,None, None, 1767835964.2392855,1.0194823744452186
1767835964.4703043,17.18877601623535,9.0924066505023,8.388430388915229,0.2,3.918783427575957,-0.2704436772996619,0.7782037469454082,0.00026836064915621716,5.131527006208554,1767835964.442242,None,None,None, None, 1767835964.4522696,1.0320341040271452
1767835964.6699224,17.388394117355347,12.01513234616227,10.827325553336495,0.2,3.9230367030624413,-0.27525782193435866,0.7734713027188729,0.0019522064401600089,5.1319992006653665,1767835964.6547225,None,None,None, None, 1767835964.6774287,1.0711576322141296
1767835964.870497,17.588968753814697,129.06994389496944,-200,0.2,3.927447694504133,-0.27981435326634774,0.768995483663562,0.0041641020171063825,5.132958984411258,1767835964.8547764,-0.7268310437951246,0.5079148736742284,3.93135217324543, 1767835964.685433, 1767835964.8634682,1.0284107443930033
1767835965.069243,17.78771471977234,174.3903500568414,-116.02149363168733,0.2,3.9307633128502624,-0.6976813519769633,0.5368073130194384,-0.005945264971560269,5.131618498038005,1767835965.057237,None,None,None, None, 1767835965.057237,1.0825453968442813
1767835965.2699294,17.988401174545288,176.04235221136065,-111.2813278724205,0.2,4.030967668178105,-0.6948517343199058,0.5441678444014437,4.048181478811276e-07,5.131618593468752,1767835965.2458804,None,None,None, None, 1767835965.2458804,1.0479164429252494
1767835965.470047,18.1885187625885,176.04235221136065,-111.2813278724205,0.2,4.043071136763068,-0.6802184749908566,0.5617897911147329,0.00875985767483035,5.133881651659133,1767835965.4348674,None,None,None, None, 1767835965.4413848,0.9023934326575814
1767835965.6692011,18.387672901153564,176.04235221136065,-111.2813278724205,0.2,4.051266667857273,-0.657095623232574,0.5877890168508997,0.020909751346598334,5.139420584321476,1767835965.6386378,None,None,None, None, 1767835965.6456401,0.9517430561508767
1767835965.8697884,18.588260173797607,176.04235221136065,-111.2813278724205,0.2,4.0613447977854396,-0.6283860540416533,0.6195511198940091,0.033723475979845374,5.14806107206183,1767835965.843717,None,None,None, None, 1767835965.839732,0.9639814923385572
1767835966.069793,18.788264751434326,161.6879995959094,-68.48009662256301,0.2,4.074975518155142,-0.5966260128039012,0.65504762512346,0.03764758990851417,5.15683602279521,1767835966.0617862,None,None,None, None, 1767835966.0617862,1.096195239673742
1767835966.2702599,18.988731622695923,146.9310081321977,-22.857512497109493,0.2,4.088265694403251,-0.5690123653782402,0.6857296359277651,0.041255736632487,5.166139884341812,1767835966.252213,None,None,None, None, 1767835966.2622507,0.9071410325402753
1767835966.4701767,19.188648462295532,124.05523631322507,-8.582199067851517,0.2,4.102640777545444,-0.5437228725670875,0.7143649622862533,0.06458763698848935,5.18197824597714,1767835966.4414039,None,None,None, None, 1767835966.4464035,0.9511721293986832
1767835966.6690443,19.387516021728516,102.17848372448454,3.440938164949649,0.2,4.102376913745157,-0.5204780665426116,0.740043110473048,0.0853803333018236,5.203781121183114,1767835966.6413229,None,None,None, None, 1767835966.6603844,0.9262314374033594
1767835966.8682294,19.586701154708862,82.94730615838616,6.586286662468252,0.2,4.106223981985423,-0.5003074537589243,0.7635302608337293,0.0795858232162873,5.222717113654161,1767835966.8572042,None,None,None, None, 1767835966.8652058,1.045076145154463
1767835967.0697088,19.788180589675903,75.51862644400964,10.24551663982703,0.2,4.111138936411502,-0.48266814597254415,0.7851974203619086,0.0691378011409911,5.238310134789142,1767835967.056174,None,None,None, None, 1767835967.045633,0.9556251177993328
1767835967.2698944,19.98836612701416,70.99414071146546,14.919480976550105,0.2,4.124333238323198,-0.4661766533695242,0.8070058000668414,0.07793497709624692,5.255680849664188,1767835967.2597222,None,None,None, None, 1767835967.249778,1.062980984450861
1767835967.4694602,20.187932014465332,66.88715731450026,18.485782746718865,0.2,4.141200433775032,-0.45157891674156647,0.827227325818204,0.1007245588715977,5.278271485781348,1767835967.453914,None,None,None, None, 1767835967.4458933,1.0079027691225506
1767835967.6687691,20.387240886688232,63.22193421845145,21.130881576824653,0.2,4.1622815304894925,-0.43838159329909754,0.846457977758522,0.10373383109383758,5.303093311087019,1767835967.6443405,None,None,None, None, 1767835967.6515896,1.0487527816815014
1767835967.8699148,20.58838653564453,60.33242481790118,23.166856649924632,0.2,4.183683526552825,-0.42639709322463826,0.8648123164592552,0.08793032904678404,5.324469545094744,1767835967.8513796,None,None,None, None, 1767835967.8513796,0.9699142810675959
1767835968.069634,20.788105726242065,52.471852271634404,24.663692559928972,0.2,4.202652786985901,-0.4152937219166649,0.8825710317364484,0.1078319145568961,5.350230866482857,1767835968.0484798,None,None,None, None, 1767835968.0399776,1.044854519254673
1767835968.269138,20.98760986328125,42.27444839366312,22.88936117847424,0.2,4.220502148703279,-0.4061598674440352,0.897734876582557,0.13762042091030283,5.381700741547385,1767835968.2611248,None,None,None, None, 1767835968.2611248,0.9783906556794034
1767835968.4698274,21.18829917907715,33.17677015962621,20.387662345999683,0.2,4.240295829931991,-0.39824056624925874,0.9116388133207143,0.1183234693297816,5.408062225086973,1767835968.4552326,None,None,None, None, 1767835968.4718277,0.9668545675028349
1767835968.6697595,21.38823127746582,25.723458286390322,17.785242906016375,0.2,4.256491061841301,-0.39129723199835453,0.9245230771613605,0.09037095547157623,5.429213938251224,1767835968.6492217,None,None,None, None, 1767835968.6492217,0.9238765116259647
1767835968.8694491,21.587920904159546,19.551811332091795,15.222898643816794,0.2,4.267760934586772,-0.38520753825079124,0.9363037029692353,0.1138236496920124,5.457690773819977,1767835968.8394928,None,None,None, None, 1767835968.8394928,0.9587355467395516
1767835969.0696702,21.78814196586609,14.288753124520516,12.464272058447952,0.2,4.284453889121391,-0.37995823084175273,0.9470919991261139,0.13694437203710497,5.492762023292004,1767835969.0432472,None,None,None, None, 1767835969.0432472,0.9501903922192726
1767835969.2700891,21.988560914993286,11.09544831326392,9.35075559572684,0.2,4.305970519155155,-0.3754961772419393,0.9569285558058864,0.08877428797006767,5.518267626769225,1767835969.273089,None,None,None, None, 1767835969.2471616,0.9867784690079616
1767835969.4682906,22.18676233291626,11.3538931590743,9.575217220002244,0.2,4.318962779690426,-0.37075941086828845,0.967774780647458,0.09140745061053276,5.542416056114836,1767835969.4632764,None,None,None, None, 1767835969.4432075,0.9214682228626321
1767835969.6694968,22.38796854019165,11.882358447597603,9.989493651826763,0.2,4.336858212463605,-0.3665828912518796,0.9779935613813311,0.11152618954549491,5.567771189256206,1767835969.6473691,None,None,None, None, 1767835969.6473691,1.076961236645115
1767835969.8696058,22.588077545166016,13.304030528160663,6.507816311338865,0.2,4.359296365422986,-0.3628415810684845,0.9877791716481884,0.13394314231824578,5.59753826225874,1767835969.8685865,-0.39829103170111324,0.9689637942609479,4.294851751638033, 1767835969.689005, 1767835969.8495529,0.9092012644193292
1767835970.070343,22.788814783096313,20.19991666359363,12.8756213472064,0.2,4.355481789002323,-0.3922341617150166,0.9842821226501755,0.08927732283631071,5.617597171554414,1767835970.0464149,None,None,None, None, 1767835970.0373902,1.0391098470484532
1767835970.2703218,22.98879361152649,19.583565071534544,14.317073227309228,0.2,4.382352462005442,-0.3893486961318394,0.9927554332729357,0.08801706796498003,5.639473871312536,1767835970.2446768,None,None,None, None, 1767835970.243677,1.0996145502579602
1767835970.4698253,23.188297033309937,16.20514455978264,13.005782301019664,0.2,4.400491441739042,-0.38713846875239416,0.9994835487711755,0.1184132923202159,5.668815879658675,1767835970.4461777,None,None,None, None, 1767835970.4461777,0.9005534801154343
1767835970.6686943,23.387166023254395,12.731339573207535,11.049596222625736,0.2,4.420428375008482,-0.3852228092258214,1.005673168507833,0.10225908449386631,5.692851824924179,1767835970.6561613,None,None,None, None, 1767835970.6481535,0.9772721273608592
1767835970.8698914,23.58836317062378,9.713245887382007,9.024231609661433,0.2,4.436783971853896,-0.38348875102146684,1.0115939648570471,0.08913955672769933,5.713866981912944,1767835970.847364,None,None,None, None, 1767835970.847364,1.0122776364468904
1767835971.0699463,23.78841805458069,7.138239031971489,6.984459130736582,0.2,4.450885932217319,-0.3819023858925316,1.0173029192136631,0.07853296375905515,5.7329524979408175,1767835971.0485013,None,None,None, None, 1767835971.0585032,0.9292185988955943
1767835971.2705226,23.988994359970093,4.948914459904164,4.95146003387929,0.2,4.46295713319179,-0.3804668659939422,1.0227240216261193,0.09536684394603596,5.756183873531503,1767835971.2474341,None,None,None, None, 1767835971.2474341,0.9033610549977197
1767835971.4699974,24.188469171524048,0.0,-0.5404539973084013,0.2,4.478516181747374,-0.3791978460423137,1.0278455975882452,0.09822053573691854,5.7785845413781844,1767835971.4639099,None,None,None, None, 1767835971.4394026,1.0092324822893057
1767835971.6695342,24.38800597190857,4.066942290784672,3.8714310084711556,0.2,4.494371234968347,-0.37762168249223044,1.0345812367976828,0.07066368498001215,5.794528509728396,1767835971.648525,None,None,None, None, 1767835971.648525,1.0193184752548674
1767835971.8687983,24.5872700214386,5.67949412769957,5.159432224880361,0.2,4.509156159911291,-0.376206585361434,1.0412147112121055,0.08002540073300085,5.814042016253596,1767835971.84523,None,None,None, None, 1767835971.84523,1.0173327711478535
1767835972.069474,24.78794574737549,7.488529094772163,6.476825235846999,0.2,4.526333856790869,-0.3749519441701208,1.0476587267672854,0.08738628579282044,5.833987959153788,1767835972.0644648,None,None,None, None, 1767835972.057462,1.0815290481341167
1767835972.2699227,24.988394498825073,9.5018388446849,7.771363422238116,0.2,4.545232910947735,-0.37384878168275926,1.0539669781536403,0.07144862098676263,5.8529084789877635,1767835972.2699227,None,None,None, None, 1767835972.2524645,1.0519862683257015
1767835972.4704704,25.188942193984985,10.861592396335233,9.727534715012736,0.2,4.561209271072229,-0.372863267164689,1.0601962271724599,0.062275455163637146,5.870209154973218,1767835972.4529312,None,None,None, None, 1767835972.461458,1.0938315819161053
1767835972.6702154,25.388687133789062,9.1442892634613,8.622508480231494,0.2,4.575557603641111,-0.3722468503758277,1.0646434706181767,0.07574331504373626,5.8890671330511415,1767835972.6375256,None,None,None, None, 1767835972.6375256,0.9856133402968787
1767835972.8696392,25.58811092376709,7.057746151633419,6.916852071889016,0.2,4.588502272752503,-0.3717278214493462,1.0686284974961628,0.08033777408734084,5.910539476713351,1767835972.8334744,None,None,None, None, 1767835972.8334744,0.939924818539499
1767835973.0695915,25.788063287734985,5.104960789410225,5.102900600579966,0.2,4.60162558419205,-0.37127957582765214,1.072431364781773,0.06852331952861282,5.928871485276167,1767835973.037173,None,None,None, None, 1767835973.0286553,1.0209499141644633
1767835973.2699502,25.98842191696167,0.0,3.372597204563971,0.2,4.612361240672875,-0.37088281678984086,1.0761137906699378,0.054271866470308065,5.943220216574324,1767835973.237339,None,None,None, None, 1767835973.2865636,1.0637581424938758
1767835973.4702926,26.188764333724976,-3.1072905108860667,-2.4621831759723953,0.2,4.620307236110821,-0.37053605164353465,1.079591954306539,0.06870358026045069,5.961806513239975,1767835973.4317143,None,None,None, None, 1767835973.479335,1.0122674015574025
1767835973.6690617,26.38753342628479,-6.163760901027627,-6.09211994967683,0.2,4.631161715112107,-0.37024136361245763,1.0829010316235437,0.07033531353040846,5.98244506092364,1767835973.678087,None,None,None, None, 1767835973.6274948,0.9220645817855142
1767835973.8691823,26.58765411376953,-2.024978388451076,-2.127923192905632,0.2,4.642203763235056,-0.36983160149991584,1.0880557195557405,0.04964740008322433,5.997705357230368,1767835973.8841398,None,None,None, None, 1767835973.887157,0.9356782284498127
1767835974.0696993,26.78817105293274,4.520677136303157,4.101880078503836,0.2,4.653876215548018,-0.36950864847262305,1.093179801717307,0.05130466689295886,6.010772591929397,1767835974.065679,None,None,None, None, 1767835974.035987,1.022262926187426
1767835974.2686312,26.98710298538208,7.172323996235486,6.035549151293848,0.2,4.666550493440012,-0.3692572062619103,1.0982407837871582,0.052658859331389564,6.022592154978663,1767835974.247128,None,None,None, None, 1767835974.2386253,0.9989257201048475
1767835974.4701364,27.188608169555664,9.938025310598483,7.7813666323953115,0.2,4.67970889978621,-0.36907810228092397,1.1032018879434247,0.07093048931873275,6.040450224192923,1767835974.440374,None,None,None, None, 1767835974.4351814,0.9931928701212646
1767835974.6704535,27.388925313949585,11.806673836842627,10.129644603812523,0.2,4.696637989343333,-0.36898589078245225,1.1081657030033953,0.05054426316984726,6.053469983999773,1767835974.6417317,None,None,None, None, 1767835974.650236,0.9978944810905398
1767835974.8702111,27.588682889938354,-15.212008378025212,30.06451044085427,0.2,4.70938006693336,-0.3689897303988317,1.1113152792304435,0.04207507201832641,6.064289545898758,1767835974.8405387,-0.31804863677535783,1.3143921851032077,4.68429435460833, 1767835974.695045, 1767835974.8405387,0.915307280785121
1767835975.070988,27.789459705352783,-118.06236416774536,-50.18820905142682,0.2,4.714046308058128,-0.3183179263041729,1.307855261689381,0.0484900715416193,6.077310336791725,1767835975.0319176,None,None,None, None, 1767835975.0319176,1.0599844878602598
1767835975.2719738,27.990445613861084,-127.12488238684432,-53.59805829765824,0.2,4.647836523955154,-0.3181466555440211,1.3144602245128605,0.03594164354144543,6.087900716241296,1767835975.2749717,None,None,None, None, 1767835975.2739718,1.097387335703727
1767835975.4692023,28.187674045562744,-132.40941483360976,-56.37151865982752,0.2,4.645284412595879,-0.3182522341643659,1.3182325453719752,-0.006148915267463463,6.086299850617482,1767835975.4636838,None,None,None, None, 1767835975.485439,0.9476603629595898
1767835975.6699789,28.388450622558594,-133.85974013620162,-58.14513784508865,0.2,4.637881168626787,-0.31844626972321866,1.3199244132904524,-0.03217290373402762,6.079096588036772,1767835975.651379,None,None,None, None, 1767835975.6719787,1.0123761728582055
1767835975.8705976,28.589069366455078,-125.63808664162353,-67.10635794063506,0.2,4.625078727507583,-0.3187934445280932,1.3185187239457985,-0.06868395919735633,6.062970995822158,1767835975.8545272,None,None,None, None, 1767835975.8545272,1.0966726860267364
1767835976.0696194,28.78809118270874,-107.0176752620882,-64.52313565246905,0.2,4.608494758936686,-0.31911466855601567,1.317866047356763,-0.12091093842600993,6.0353884647369,1767835976.055586,None,None,None, None, 1767835976.0485861,0.9433620114729273
1767835976.2694614,28.98793315887451,-86.66777494532344,-59.22697513337168,0.2,4.591410824792494,-0.319452944108932,1.316397937022834,-0.12461984705072264,6.005980342179878,1767835976.246353,None,None,None, None, 1767835976.2393515,1.0767076266014106
1767835976.46975,29.18822169303894,-66.21728732964905,-51.34408485482274,0.2,4.574768741728416,-0.3198361088465572,1.3143008564224543,-0.12187284378867382,5.977411077031613,1767835976.4577262,None,None,None, None, 1767835976.4281948,1.0841616297727121
1767835976.6692455,29.387717247009277,-46.4773521575001,-40.913334954411305,0.2,4.559966599863744,-0.3202096452950727,1.3121554775599096,-0.1537276423252351,5.940657219919061,1767835976.6416805,None,None,None, None, 1767835976.6682403,0.9240383087547455
1767835976.8688722,29.58734393119812,-28.01130451296244,-25.67239243377146,0.2,4.539999472846103,-0.3205825883561551,1.3103171701968295,-0.2075836891017165,5.889254483512348,1767835976.8484397,None,None,None, None, 1767835976.8514397,1.0124778870562428
1767835977.0700936,29.788565397262573,-17.675846430994078,-16.97451730418576,0.2,4.510845173388973,-0.32121624582882785,1.3071877096799682,-0.1685706384736916,5.847904498602915,1767835977.0454466,None,None,None, None, 1767835977.0454466,0.9480913560457207
1767835977.2698426,29.988314390182495,-9.55614951364904,-9.515874923409822,0.2,4.4846446817229255,-0.321948287883674,1.303983660654412,-0.1413718090181344,5.808344360850923,1767835977.281441,None,None,None, None, 1767835977.2334318,0.91862637941488
1767835977.4704928,30.18896460533142,-2.2292123408993643,-2.3783336934289454,0.2,4.4629284265722395,-0.32269720890455966,1.300937158061865,-0.12719142132228556,5.7742445197835055,1767835977.458377,None,None,None, None, 1767835977.4243004,0.9361033471181013
1767835977.670043,30.388514757156372,5.515306304077498,5.014687014458351,0.2,4.443588187489905,-0.32346279811609374,1.2980111325217023,-0.17725148748800246,5.731285617582666,1767835977.6383457,None,None,None, None, 1767835977.6313345,1.0386221342406323
1767835977.8692825,30.587754249572754,9.414820349624335,8.263902867217437,0.2,4.414435744204317,-0.3242033191464923,1.295427883457572,-0.11840041272550442,5.699198439081339,1767835977.8292136,None,None,None, None, 1767835977.8292136,0.9884016226879081
1767835978.068821,30.78729271888733,14.354287851782884,10.168673625635536,0.2,4.397406823277275,-0.3249618260141227,1.2929080681458376,-0.11814126751626723,5.66531136573714,1767835978.021593,None,None,None, None, 1767835978.0723517,1.0617446449675152
1767835978.2685702,30.98704195022583,25.894818357390363,17.029085301709376,0.2,4.380379963583054,-0.32507634023658905,1.2924807717682139,-0.1406240011183354,5.622467605531611,1767835978.2706094,None,None,None, None, 1767835978.2620661,1.0754243689971135
1767835978.469686,31.18815779685974,38.88107060010468,24.006031456775073,0.2,4.367117599736803,-0.3249686717711101,1.2925457659205537,-0.1474562886834978,5.583196415366936,1767835978.4616642,None,None,None, None, 1767835978.441301,1.0225246668870083
1767835978.669577,31.38804864883423,52.65228542978321,31.264213610861386,0.2,4.354838891009988,-0.3245079878451318,1.2934416517472667,-0.10878729005172906,5.559271637939239,1767835978.656566,None,None,None, None, 1767835978.6485655,0.9807848397135271
1767835978.8699663,31.588438034057617,66.24769917716588,38.32375729276783,0.2,4.3515530467461785,-0.32372647478424305,1.2951514986223114,-0.08417514108411514,5.539072713958512,1767835978.8423996,None,None,None, None, 1767835978.8323724,1.0360897492852852
1767835979.0687065,31.78717827796936,74.93706448134043,46.29963644415369,0.2,4.35436894355047,-0.3223864949710148,1.298303032899972,-0.08425780858201272,5.516979523224322,1767835979.032804,None,None,None, None, 1767835979.032804,1.0733974762137262
1767835979.2719133,31.990385055541992,76.6964848956396,48.46837230556139,0.2,4.3543255631604385,-0.3210590242308229,1.3012124413683366,-0.06904774126250453,5.498831473604883,1767835979.245187,-0.40014865029848207,0.9688319160886414,4.265145089819628, 1767835979.279425, 1767835979.2653906,1.0930066421437095
1767835979.4696612,32.188133001327515,76.26550697872638,49.18952937129794,0.2,4.35055115096964,-0.318945927851753,1.3057145194927011,-0.037637554443913084,5.489341440219042,1767835979.440982,None,None,None, None, 1767835979.450063,0.9242962527361025
1767835979.6721,32.39057183265686,74.4350036387291,49.12765780612391,0.2,4.346104070130968,-0.31655491120017176,1.310608978375421,-0.02125609748276794,5.483639066613267,1767835979.6339474,None,None,None, None, 1767835979.6740997,0.9190638663349939
1767835979.869688,32.588159799575806,175.50625331564314,-112.83635681225546,0.2,4.347091285419254,-0.31342725850842656,1.3172636384729444,-0.0074802301148469644,5.481676486735644,1767835979.842054,-0.4141939140120915,0.9401737580506114,4.250619184614998, 1767835979.703622, 1767835979.8490582,1.0649783776692447
1767835980.069821,32.78829264640808,176.04235221136065,-111.2813278724205,0.2,4.366997796559037,-0.3928585306745058,0.9910219829048446,0.005755071505696868,5.483155840430374,1767835980.0395188,None,None,None, None, 1767835980.0395188,1.001821257632001
1767835980.2702148,32.98868656158447,176.04235221136065,-111.2813278724205,0.2,4.378150794950089,-0.3851706656738503,1.0117165384491784,0.011989104955691462,5.486347941225546,1767835980.233658,None,None,None, None, 1767835980.233658,1.0637156987290504
1767835980.470085,33.18855667114258,173.35811667780922,-103.41842942380333,0.2,4.387713173929114,-0.37217508095080776,1.0435998505099704,0.02400827054729224,5.493141348592367,1767835980.525714,None,None,None, None, 1767835980.4230478,0.903140336751246
1767835980.6700296,33.38850140571594,165.74157716759117,-80.74451657594688,0.2,4.3988150364318175,-0.35624161343203387,1.0816121517467734,0.038487057539145816,5.503477017253907,1767835980.647455,None,None,None, None, 1767835980.673533,0.9681533871375904
1767835980.870289,33.58876085281372,157.387713344677,-55.33497974114942,0.2,4.412804687586046,-0.3399182989438332,1.1206000790507198,0.03862274800648977,5.51332154972694,1767835980.8372235,None,None,None, None, 1767835980.85626,0.9826295037485908
1767835981.0699277,33.78839945793152,149.2162258522545,-30.012825558209425,0.2,4.426803365981689,-0.3240949622353768,1.1590838017628953,0.05244759856052042,5.527076742439758,1767835981.0393474,None,None,None, None, 1767835981.0393474,1.0267598260763713
1767835981.26998,33.98845171928406,136.98038953885168,7.240567032277687,0.2,4.442822152912362,-0.3094669626713704,1.1960367539269043,0.08792743277824684,5.550159395782975,1767835981.2375357,None,None,None, None, 1767835981.2449822,0.9370652612316703
1767835981.468878,34.187349796295166,125.47138931887683,23.845008948145498,0.2,4.466064632924189,-0.29712629623996745,1.2293748699778901,0.08015472174928742,5.569988511849497,1767835981.4528348,None,None,None, None, 1767835981.4593463,1.0294475292045235
1767835981.6697495,34.3882212638855,115.55022181475499,37.02653138553078,0.2,4.486670627014499,-0.2864877930360967,1.2597275351347703,0.07829796124683709,5.589339251244843,1767835981.6385183,None,None,None, None, 1767835981.6385183,0.9458597665238961
1767835981.8705752,34.58904695510864,107.06567934627923,47.568226040867295,0.2,4.508389733125662,-0.2772594076190684,1.2880542269311632,0.11363606485241613,5.619929602070189,1767835981.832254,None,None,None, None, 1767835981.8387568,0.9388289785367583
1767835982.0700119,34.78848361968994,99.86836711710285,56.03337901388963,0.2,4.535832733123286,-0.2696904627160779,1.3136000000658075,0.15542840633587052,5.6656874989365855,1767835982.0764642,None,None,None, None, 1767835982.03368,0.967880256103959
1767835982.2689261,34.98739790916443,94.03017682665465,62.60311798163436,0.2,4.570554482161892,-0.26377165245413126,1.3366130602052757,0.13665379044928505,5.701166005482142,1767835982.2659118,None,None,None, None, 1767835982.2889645,0.9395805651119087
1767835982.4695961,35.18806791305542,90.83589138796515,62.94730531097369,0.2,4.601880170781763,-0.25904931017042143,1.3575426214639916,0.1349878163317745,5.736449372606168,1767835982.473096,None,None,None, None, 1767835982.4886491,1.018152557526599
1767835982.6694777,35.38794946670532,84.72456841604813,59.4696731217827,0.2,4.631562933922096,-0.25493124240914533,1.3789193992863098,0.15490727260261328,5.777590522983885,1767835982.6614723,None,None,None, None, 1767835982.6714797,0.9992151592882349
1767835982.8688893,35.587361097335815,78.79544693991964,56.074805336645014,0.2,4.658279149032104,-0.2517059621947615,1.3986926801713275,0.21173284373326728,5.8267134752158425,1767835982.844302,None,None,None, None, 1767835982.850817,1.0801080126701397
1767835983.0704,35.78887176513672,73.17414385718718,52.443036432711025,0.2,4.696075130035506,-0.24965313435618408,1.417157490610306,0.1835853596927522,5.87374363737926,1767835983.0393183,None,None,None, None, 1767835983.0844038,1.0483361413579337
1767835983.2700891,35.988560914993286,68.31497008404892,49.25316315928703,0.2,4.729034088370386,-0.24843014057263446,1.4347774945346876,0.17141381451911422,5.918120372847591,1767835983.240971,None,None,None, None, 1767835983.2720945,1.0387390032778994
1767835983.468866,36.18733787536621,61.44497070238001,48.40136153252133,0.2,4.758633256560448,-0.24789126450491245,1.4511591854442263,0.20693889431117268,5.972813259516618,1767835983.4324663,None,None,None, None, 1767835983.4603474,1.0417875594970103
1767835983.6701107,36.38858246803284,-134.3926011193214,-145.35041167788,0.2,4.7955057460247765,-0.24807858842563457,1.464593664133782,0.2775075442065286,6.050794637785328,1767835983.6257408,None,None,None, None, 1767835983.6614616,0.9406208883573781
1767835983.8704019,36.588873624801636,-137.08719646478195,-142.76814849634857,0.2,4.666772315406495,-0.24569369901887433,1.4771895234740084,0.1638671531226813,6.099201643300223,1767835983.878411,None,None,None, None, 1767835983.8704019,1.0618427721196404
1767835984.0696921,36.788163900375366,-131.84906787919712,-134.5859805452623,0.2,4.691111124073344,-0.2470690924040434,1.4880990933308178,0.09650124919926795,6.123813246151005,1767835984.065188,None,None,None, None, 1767835984.0556846,0.979388120117316
1767835984.26904,36.98751187324524,-96.30838134040933,-97.53635404526082,0.2,4.709507302273841,-0.2484401598121473,1.4982449944087954,0.055288617474769285,6.135721767369585,1767835984.257504,None,None,None, None, 1767835984.2485046,1.0375360178696738
1767835984.4696083,37.188080072402954,-63.10815514282166,-63.42962970929773,0.2,4.746573802082472,-0.25000093297856485,1.5076793109678819,0.035135135286832646,6.143983035608576,1767835984.4455786,None,None,None, None, 1767835984.4405777,1.0304200638568997
1767835984.669699,37.38817071914673,-31.494214659986362,-32.500654962623244,0.2,4.775751739782621,-0.2513249522023684,1.5165152792639642,0.007682581130641024,6.145825422787197,1767835984.6530042,None,None,None, None, 1767835984.635479,0.9943871914576332
1767835984.869827,37.58829879760742,-7.637067334130076,-99.14638419140492,0.2,4.7975651506208425,-0.2526594126793391,1.5268518386165704,-0.0013904190293287054,6.14548841017312,1767835984.8432665,-0.29188706067699705,1.3541305450226628,4.737172153131563, 1767835984.708389, 1767835984.8432665,1.0269763163079029
1767835985.068381,37.78685283660889,-97.00325255941276,-175.09180581708796,0.2,4.73995950434027,-0.29295598902956455,1.3793323651702583,-0.015096061683457063,6.141623749364249,1767835985.037491,None,None,None, None, 1767835985.0359883,0.9963862591161361
1767835985.2700596,37.98853135108948,-90.23381455711431,-179.47391118944782,0.2,4.663632147978906,-0.29204623002395014,1.388251363717744,-0.047037747746446236,6.1291536273861045,1767835985.236517,None,None,None, None, 1767835985.2295063,1.0381389946446973
1767835985.4700537,38.188525438308716,-83.97879841489699,-183.29752866340243,0.2,4.646590298859676,-0.29196257848180585,1.401118698784623,-0.06116085633887522,6.1123297490209,1767835985.4893763,None,None,None, None, 1767835985.4275115,0.9690360817203802
1767835985.671999,38.39047074317932,-86.97060869244413,-181.4947840869669,0.2,4.629348627333386,-0.2917266479116458,1.4167488003709297,-0.09250265748119163,6.085292635023304,1767835985.6935425,None,None,None, None, 1767835985.686037,0.9209188310851654
1767835985.8703187,38.58879041671753,102.02953592803641,46.08789083152462,0.2,4.604364105774966,-0.29111011930519026,1.433654612204947,-0.19113155928624376,6.028621678199212,1767835985.891836,None,None,None, None, 1767835985.8853319,1.0247711156551682
1767835986.0685318,38.78700351715088,99.62859773125788,49.43925225670316,0.2,4.778556536292823,-0.29613250830383364,1.4516656870898377,-0.11896855472212964,5.9922975154143385,1767835986.0770783,None,None,None, None, 1767835986.0830839,1.015429963180158
1767835986.2696,38.98807168006897,94.80019408071766,50.944761544525775,0.2,4.7624649289275425,-0.29484263125338295,1.4707183436322186,-0.09305726605676437,5.967802442684106,1767835986.2625725,None,None,None, None, 1767835986.2726018,0.9734657398801378
1767835986.4697008,39.188172578811646,88.77709729915908,51.06672735838084,0.2,4.74920306017836,-0.2932971352201923,1.4900884891247492,-0.09967563722501953,5.94480979061884,1767835986.445151,None,None,None, None, 1767835986.4536617,1.0721938012367271
1767835986.6702166,39.38868832588196,82.32910090695528,50.32122835771129,0.2,4.730415587583119,-0.2913865831151794,1.5087205130463062,-0.10225612744265912,5.920290333981241,1767835986.654398,None,None,None, None, 1767835986.6483984,1.0669050799311235
1767835986.868925,39.58739686012268,79.06839541803713,45.796696549571585,0.2,4.710480266393372,-0.289256527970827,1.5268862157367105,-0.05700792855469402,5.907034110581509,1767835986.850418,None,None,None, None, 1767835986.850418,1.0979458585080681
1767835987.0705798,39.78905153274536,80.94379058834929,47.11131260133311,0.2,4.697927193712165,-0.2870575391018475,1.546315588170089,-0.03024419027099034,5.899572586156128,1767835987.042567,None,None,None, None, 1767835987.042567,0.9932440444524359
1767835987.270015,39.988486766815186,82.35319381240315,48.21734859536745,0.2,4.700616349477728,-0.2851837582801551,1.5658763742056012,-0.018906740109639622,5.8948096590750945,1767835987.2445445,None,None,None, None, 1767835987.2435513,0.946939075779378
1767835987.469786,40.188257694244385,83.22915058857784,48.97589872998773,0.2,4.702842231377628,-0.2833348098541162,1.5847405180140277,-0.0033702967393536643,5.893972963598843,1767835987.4457693,None,None,None, None, 1767835987.4457693,0.9778705457166027
1767835987.6698425,40.38831424713135,83.62422905403527,49.432231765626526,0.2,4.708470791159305,-0.2816113756177838,1.60369314464293,0.010209584453855197,5.896618463692318,1767835987.6342914,None,None,None, None, 1767835987.6427991,0.9085675451848362
1767835987.869868,40.58833980560303,80.20537398106082,52.32070033220079,0.2,4.7160700508837925,-0.2800381630621962,1.6225269307737542,0.02675236846453098,5.90381908740376,1767835987.8352845,None,None,None, None, 1767835987.8447876,0.9175628785901636
1767835988.0700781,40.78854990005493,70.95806158194851,49.23475065460744,0.2,4.72537029635782,-0.2787243388665712,1.639090545202646,0.041716810073074775,5.91498792886596,1767835988.0361404,None,None,None, None, 1767835988.0361404,1.0218029493398784
1767835988.2699637,40.98843550682068,60.85330383867052,44.74180744275621,0.2,4.728385265461961,-0.27745474762842637,1.6546202461349508,0.08094255334818541,5.934684761220064,1767835988.259441,None,None,None, None, 1767835988.259441,0.9861254469428503
1767835988.4690702,41.18754196166992,51.07720806472641,39.64288895472752,0.2,4.736719910424349,-0.2765507753719455,1.669073690172139,0.06787388877123068,5.950083087882243,1767835988.4518328,None,None,None, None, 1767835988.4433203,1.0687324988569111
1767835988.6706007,41.38907241821289,42.07997960788073,34.448644528077935,0.2,4.741716975715015,-0.27591699874720044,1.6825314870373025,0.07157317520543544,5.967677396773883,1767835988.6425397,None,None,None, None, 1767835988.6530533,1.089031948449883
1767835988.8700175,41.588489294052124,33.83751937226555,29.174477207002298,0.2,4.74836667467379,-0.2755647415218483,1.6951305167111193,0.07716583723436866,5.9873654016012905,1767835988.8413517,None,None,None, None, 1767835988.8473516,1.0693671541043666
1767835989.0700572,41.78852891921997,-136.51597553922392,-143.32140574216382,0.2,4.755168009516528,-0.2754303289958625,1.706556486990022,0.10423387998223499,6.013798579401141,1767835989.0441594,None,None,None, None, 1767835989.06048,1.0215057097574092
1767835989.2699296,41.98840141296387,-136.02697004994562,-143.79251266366157,0.2,4.62644308609399,-0.27344429579955887,1.7192680254091361,0.047538707375962594,6.026009179942914,1767835989.2378333,None,None,None, None, 1767835989.2643435,0.9414900958308667
1767835989.4703138,42.188785552978516,-135.1311830221949,-144.64953956466306,0.2,4.628679449532834,-0.2737961810425338,1.731666956044315,0.003142963202847569,6.026903312144041,1767835989.4863985,None,None,None, None, 1767835989.4783986,1.01487988483907
1767835989.6700294,42.38850116729736,-133.6732050056948,-146.0281366816067,0.2,4.622205847820209,-0.27402365447592114,1.743909461564413,-0.059531504552970856,6.0085766305315875,1767835989.6805718,None,None,None, None, 1767835989.6594818,0.9481228283868453
1767835989.8727727,42.59124445915222,95.13509010804748,-68.88459073124274,0.2,4.604430716291763,-0.2739850380415768,1.756150314909843,-0.09074978213169234,5.9810097147418295,1767835989.824362,-0.2735985040855444,1.512173183269165,4.640349375567424, 1767835989.71225, 1767835989.8752744,1.0376209434203802
1767835990.0697289,42.78820061683655,130.83970880133694,16.287772687975945,0.2,4.705195372727649,-0.27302379400986987,1.5542109593804871,-0.08540976490293889,5.955340931248776,1767835990.0782309,None,None,None, None, 1767835990.0645566,0.9843654699046738
1767835990.2703006,42.98877239227295,127.74095611664329,20.688409550869466,0.2,4.756482104427731,-0.2739524979181276,1.5670533072634807,-0.0701503653106466,5.936911488000074,1767835990.2633297,None,None,None, None, 1767835990.2558262,1.0086509115076807
1767835990.4697423,43.18821406364441,123.07846268345914,27.114385209227418,0.2,4.752092840894221,-0.2730111979104475,1.5863926260319778,-0.07323234630157645,5.919951362095038,1767835990.4435565,None,None,None, None, 1767835990.437048,0.9120560932693504
1767835990.6697836,43.38825535774231,117.40526524378429,34.63490803140915,0.2,4.744381295170894,-0.27142416378096,1.6082391963299705,-0.0470543269010656,5.909094851136998,1767835990.6642854,None,None,None, None, 1767835990.6325064,1.0819292490445567
1767835990.869822,43.58829379081726,111.35497470379224,42.31844179694306,0.2,4.74218833511818,-0.2695628852057066,1.6318777854029753,-0.02306082483591824,5.902888134165809,1767835990.884852,None,None,None, None, 1767835990.8818567,0.9830945616750282
1767835991.0700493,43.78852105140686,105.41762569058491,49.54377597866792,0.2,4.744054573947356,-0.26763583343709385,1.6556031749579747,0.0006175336758150355,5.903054477346863,1767835991.0645099,None,None,None, None, 1767835991.0810711,1.0205329840613646
1767835991.2687945,43.987266302108765,103.84740492877117,51.40517576315158,0.2,4.7504046500971295,-0.2658699763601162,1.6786565399026907,0.022795691624287604,5.908122368413703,1767835991.2507613,None,None,None, None, 1767835991.2642753,1.0386421817848996
1767835991.4703171,44.18878889083862,102.3731042821388,53.134670768902765,0.2,4.760029806020523,-0.2643674837176089,1.7028604961253186,0.03077112424068067,5.915713430180851,1767835991.4421682,None,None,None, None, 1767835991.4678035,0.9424214505304592
1767835991.6696177,44.388089418411255,100.86332756918104,54.8878224867415,0.2,4.773291564452685,-0.26327902018253857,1.726961566599008,0.04892849344620687,5.928685657106236,1767835991.6314309,None,None,None, None, 1767835991.6500843,0.9962785611468683
1767835991.8698533,44.58832502365112,99.2590999868839,56.73106736637681,0.2,4.7873577134930185,-0.26251809775392276,1.7498171225237047,0.08938436875989213,5.954509879026657,1767835991.889358,None,None,None, None, 1767835991.8425446,1.0226387411107187
1767835992.0692637,44.78773546218872,94.93505656320065,55.3670488275468,0.2,4.810832878962705,-0.26241452564654677,1.7722334941381725,0.08894655712302943,5.981462613252376,1767835992.0807781,None,None,None, None, 1767835992.0326524,0.9758453357624107
1767835992.2692275,44.98769927024841,-114.46023058722112,-162.48554802950204,0.2,4.828348820721494,-0.26262965404188954,1.793753291550561,0.08850045363637432,6.008387948033338,1767835992.2782574,None,None,None, None, 1767835992.2872581,0.9733562008698701
1767835992.4689152,45.187386989593506,-121.52025799614513,-156.78528272156282,0.2,4.6333720405864165,-0.2570245034800145,1.813017903295435,0.07348448061221198,6.031609655987803,1767835992.477438,None,None,None, None, 1767835992.464882,1.0482615997981597
1767835992.66976,45.38823175430298,-126.50918348460957,-152.5217394228234,0.2,4.640629285594521,-0.258079646568556,1.8306454204157234,0.015148677035373167,6.035753757685663,1767835992.6591973,None,None,None, None, 1767835992.652689,0.9535672794744479
1767835992.8699872,45.58845901489258,-130.00421839986015,-149.41058453682933,0.2,4.63603410566583,-0.2588811259016559,1.847337565451122,-0.026254520648616615,6.029483939009325,1767835992.840966,None,None,None, None, 1767835992.832403,0.9111915580939572
1767835993.0685463,45.787018060684204,-132.46827125018092,-147.15249105707605,0.2,4.624609944328004,-0.259409543468498,1.8629251084709129,-0.05474657198411639,6.014665009076899,1767835993.0254443,None,None,None, None, 1767835993.0873024,1.0827294646794896
1767835993.26969,45.98816180229187,41.80565946650854,33.78985675057652,0.2,4.608468486792866,-0.2596308876129948,1.8775398687087468,-0.09684117127971754,5.986849410371815,1767835993.2262008,None,None,None, None, 1767835993.2656753,1.0648427294519254
1767835993.4701533,46.18862509727478,39.42575834860189,29.233363241718582,0.2,4.742582573143217,-0.2624002751613532,1.8915537132071953,-0.13682088558739736,5.946536202267268,1767835993.4184518,None,None,None, None, 1767835993.455589,0.9175805818150073
1767835993.6715348,46.39000654220581,44.74868523790973,32.33304884611305,0.2,4.713864807671092,-0.26163758893089206,1.9067636156042473,-0.10031981562215694,5.915610232265915,1767835993.677548,None,None,None, None, 1767835993.6395462,0.9639576863217392
1767835993.8703542,46.588825941085815,50.13297066033138,35.48700485937607,0.2,4.703526702320799,-0.2608638197147356,1.9214437211639421,-0.0754542239844117,5.892043214941004,1767835993.8703542,None,None,None, None, 1767835993.8212378,0.9324276383429723
1767835994.0697436,46.78821539878845,55.36203798302687,38.4041984488488,0.2,4.697586112822507,-0.25994554959877003,1.9355042234514561,-0.06675686194635748,5.877983080580567,1767835994.057514,None,None,None, None, 1767835994.0827563,0.9914890574203732
1767835994.2706914,46.9891631603241,60.647579068230094,41.239290324665895,0.2,4.694117217409918,-0.2589190518193123,1.9495656984367975,-0.07016817933206367,5.8613489401560885,1767835994.2456896,None,None,None, None, 1767835994.2706914,0.9906197806874337
1767835994.4699395,47.188411235809326,63.13272167249021,46.32612867238584,0.2,4.690630864652166,-0.25775862987753384,1.9637449480785523,-0.046928361782672776,5.849153809775219,1767835994.4333215,None,None,None, None, 1767835994.4484215,1.0795574352182484
1767835994.6702158,47.38868761062622,58.71555176908317,44.80984830130261,0.2,4.6904684242674,-0.25662374797201437,1.9757714425735529,-0.0281837718763348,5.841418442531092,1767835994.632143,None,None,None, None, 1767835994.660193,0.9010658073879424
1767835994.8695111,47.58798289299011,162.75635273497204,-145.45986373368982,0.2,4.684885521122566,-0.2553561105507214,1.987393993159299,-0.01749658812671233,5.836353021784337,1767835994.8785152,-0.27205704852821566,1.5325579038466217,4.508498236610417, 1767835994.715952, 1767835994.8443203,1.0320744572123532
1767835995.0696461,47.7881178855896,176.04235221136065,-111.2813278724205,0.2,4.641348500256322,-0.2660199364258635,1.5897244306090497,-0.00903812517223948,5.834004085475953,1767835995.062152,None,None,None, None, 1767835995.0296118,0.9342422926385257
1767835995.2710416,47.9895133972168,176.04235221136065,-111.2813278724205,0.2,4.6783030705945885,-0.26542873635861497,1.6127100353966128,-0.0010794207152304048,5.833753221474765,1767835995.2460208,None,None,None, None, 1767835995.2871826,0.9298020476475184
1767835995.4729238,48.19139552116394,172.4577315960886,-100.76525524001049,0.2,4.685888547306844,-0.2620916322188127,1.6482688417819877,0.007183872823373619,5.8356329081043885,1767835995.4351711,None,None,None, None, 1767835995.4749238,1.0517618817308785
1767835995.6689053,48.3873770236969,165.0062506667118,-78.52931336896302,0.2,4.6943768702634365,-0.2577026319973852,1.689649973752513,0.018958619366881594,5.8409279279666535,1767835995.6233459,None,None,None, None, 1767835995.6592877,1.06127652937819
1767835995.870334,48.58880567550659,156.89878261196526,-53.83215103589278,0.2,4.70157023546121,-0.2529794457959049,1.7304449698447986,0.04215445949929094,5.853241957171245,1767835995.8864138,None,None,None, None, 1767835995.8462722,0.911822137588667
1767835996.070094,48.78856587409973,148.9618267398273,-29.21778816160967,0.2,4.718989995326133,-0.2489369319469481,1.7730698568190333,0.03799010646030661,5.864781525918148,1767835996.085252,None,None,None, None, 1767835996.0295172,0.9747891947184948
1767835996.2706985,48.98917031288147,141.5723986036705,-5.963291965940454,0.2,4.7317065500324915,-0.2453484420962524,1.8124888127881604,0.05299657688208652,5.878825283196512,1767835996.2641737,None,None,None, None, 1767835996.2756977,0.9309906267635424
1767835996.469784,49.18825578689575,134.748390612862,10.580929807202464,0.2,4.748472083996127,-0.24260952871236352,1.850591720222746,0.06880525593545504,5.894358116837526,1767835996.4486268,None,None,None, None, 1767835996.4581432,1.0427102275560962
1767835996.669556,49.38802766799927,123.9719889780344,25.90053331850485,0.2,4.766947757072771,-0.24068169156096975,1.8862856605610563,0.09849976359210075,5.9185590509798045,1767835996.6447897,None,None,None, None, 1767835996.6503012,1.0514167254448612
1767835996.8697994,49.588271141052246,113.85176676319674,39.18821266627547,0.2,4.7921062023455026,-0.23979705033640486,1.9180750844639751,0.09932054991093417,5.944158973488977,1767835996.8360546,None,None,None, None, 1767835996.8360546,0.9054696015216068
1767835997.0700037,49.78847551345825,105.37162412144514,49.59859545839301,0.2,4.817083068798901,-0.23964527037227645,1.9467588966483966,0.0869302871587887,5.9680935367005885,1767835997.02761,None,None,None, None, 1767835997.0286117,1.0204409683909272
1767835997.2711165,49.989588260650635,-104.98312261145495,-169.57559941105336,0.2,4.839251827087159,-0.23999912052894912,1.9726992061767068,0.12158399935633368,6.00304599714406,1767835997.2251446,None,None,None, None, 1767835997.2786665,0.9926581859486242
1767835997.4696593,50.18813109397888,-115.6400345029152,-161.55892142353844,0.2,4.64511883396786,-0.2330572168341003,1.9968660700377445,0.11101632490550901,6.035322434941881,1767835997.4871662,None,None,None, None, 1767835997.4631221,1.0283645377681896
1767835997.6708858,50.389357566833496,-122.913096040149,-155.6153011529583,0.2,4.660739119692231,-0.23497346086485038,2.017952144242287,0.04089864264259064,6.045483655620822,1767835997.6695895,None,None,None, None, 1767835997.6445694,0.999522171428042
1767835997.8690834,50.587555170059204,-123.54513834763628,-155.07925708861495,0.2,4.660172612444023,-0.23649175179894666,2.0376183046333,-0.003133356796109787,6.044813111331885,1767835997.8545754,None,None,None, None, 1767835997.8352828,0.9482250897554859
1767835998.0695453,50.78801703453064,-123.17473254378818,-155.39379474970653,0.2,4.654344129087057,-0.237719357914441,2.05758726930236,-0.049536284796024205,6.0327482272096615,1767835998.0409586,None,None,None, None, 1767835998.0339274,0.9935285855697742
1767835998.2708778,50.989349603652954,-121.99842069664693,-156.3853681237699,0.2,4.637007741219292,-0.23839843484301904,2.0771533118164243,-0.08780285531072839,6.008338018393633,1767835998.2886279,None,None,None, None, 1767835998.2277787,1.0336192397659534
1767835998.4703803,51.188852071762085,-120.20224802845026,-157.87829360663812,0.2,4.613243690158354,-0.2385397067650502,2.096153409213288,-0.11977057067425338,5.975084133661012,1767835998.4406283,None,None,None, None, 1767835998.4235697,0.9992560092836473
1767835998.6705222,51.388993978500366,77.01504187389719,49.57866340961137,0.2,4.584937249685792,-0.2380841907952887,2.114700756852718,-0.14703436640378656,5.93742092908374,1767835998.6430418,None,None,None, None, 1767835998.6430418,1.0199198578099602
1767835998.8702092,51.58868098258972,80.08410861063709,55.800712479652965,0.2,4.748611193076703,-0.24182762964426552,2.1334793761879034,-0.16642048776887777,5.894615714331591,1767835998.8391602,None,None,None, None, 1767835998.8391602,1.0086888548257407
1767835999.0696933,51.78816509246826,76.59363882497023,55.61029888724057,0.2,4.728754572776137,-0.24042059824656203,2.1499729466686985,-0.1650019295579854,5.849971843803862,1767835999.0286586,None,None,None, None, 1767835999.0286586,0.9798090173405032
1767835999.2695763,51.98804807662964,71.48979074911327,53.86392684527667,0.2,4.699454756462063,-0.23841653316491063,2.165627201786797,-0.09738882907756215,5.820961596137702,1767835999.276085,None,None,None, None, 1767835999.28159,0.9336693094866283
1767835999.469999,52.1884708404541,65.57365800767202,51.09510376590457,0.2,4.680919665121859,-0.23633455092109823,2.1804485829181908,-0.07896173278889228,5.799881320496397,1767835999.4609158,None,None,None, None, 1767835999.4609158,0.9132025822883497
1767835999.6703467,52.38881850242615,59.44345615037488,47.746841478228156,0.2,4.664145200482666,-0.23422422488755812,2.1944442095387164,-0.08046427449082347,5.7811627041353795,1767835999.6460311,None,None,None, None, 1767835999.6460311,1.064428486434017
1767835999.868925,52.58739686012268,72.0365800807376,46.57076240202403,0.2,4.645795683884179,-0.23208544805531162,2.2076135501805543,-0.058875208691792996,5.766330525568969,1767835999.8398933,-0.18705996974236425,2.132902238218405,4.457966585001558, 1767835999.719524, 1767835999.855903,0.9574381219460306
1767836000.0697904,52.788262128829956,91.68868098492403,65.16730824413403,0.2,4.589763460492332,-0.18318152803627719,2.160788260441285,-0.03420970858384614,5.757677499480805,1767836000.0455666,None,None,None, None, 1767836000.0455666,0.9274211638105291
1767836000.2708511,52.989322900772095,92.70235632248524,64.06207024530964,0.2,4.619372615255061,-0.18101326464960898,2.17481899403284,-0.014668265537917417,5.7538226761191975,1767836000.2318301,None,None,None, None, 1767836000.240334,0.9891526048391787
1767836000.468802,53.18727374076843,93.49949499046991,63.18774090888753,0.2,4.623145082596175,-0.17821821186213338,2.189358603621881,0.0004252671353024006,5.75394783034442,1767836000.4836648,None,None,None, None, 1767836000.4342358,1.0887134445814253
1767836000.6701555,53.38862729072571,94.17430107184786,62.443990127132395,0.2,4.6278971012991486,-0.17541541465572918,2.204262372243572,0.020968186915799294,5.760557294709888,1767836000.67266,None,None,None, None, 1767836000.688409,1.0458940049592687
1767836000.8698835,53.58835530281067,94.6651794259293,61.90087083964611,0.2,4.639799555387885,-0.17267168386831444,2.2204228939645136,0.03150753538883816,5.770798717562093,1767836000.8854015,None,None,None, None, 1767836000.8228004,1.0648177256659146
1767836001.0704718,53.78894352912903,92.18084240622264,64.6316093487068,0.2,4.650957583873549,-0.17003653142347064,2.236715696870707,0.05327438058597954,5.785336895141122,1767836001.0654452,None,None,None, None, 1767836001.0874815,1.075109427472481
1767836001.2689395,53.98741126060486,89.44917630873218,67.58327976435343,0.2,4.667487128760692,-0.1678425114617097,2.251629406198056,0.07665564997726393,5.801144213388854,1767836001.2662218,None,None,None, None, 1767836001.282445,0.9695975974724438
1767836001.4707787,54.189250469207764,86.9798770787201,70.20673007755074,0.2,4.686858235959665,-0.1659852524627542,2.2657856196372568,0.09142577513779557,5.825760573874346,1767836001.4820566,None,None,None, None, 1767836001.4870565,0.9399698725414996
1767836001.6695764,54.38804817199707,78.74636052536593,66.15170041454358,0.2,4.711841504613259,-0.16452208911811272,2.2798050316471135,0.10646324391470152,5.854879181211244,1767836001.6605642,None,None,None, None, 1767836001.6871336,1.0076830997856276
1767836001.870021,54.58849287033081,67.23926985804337,58.15647624604709,0.2,4.726318132461406,-0.16321574192981392,2.2927070724270466,0.11940445513630349,5.8827617446307725,1767836001.8449605,None,None,None, None, 1767836001.8800285,0.9306534232933268
1767836002.0700557,54.788527488708496,55.97619226480035,49.9514834025642,0.2,4.739503299091846,-0.1622534617800966,2.305073838598551,0.16674716624202499,5.925225758610072,1767836002.0399756,None,None,None, None, 1767836002.0825596,1.0885931169121095
1767836002.2696207,54.98809242248535,46.50213853962442,39.97716442499794,0.2,4.76050559273396,-0.16178988193879057,2.31638617903332,0.14461562544939038,5.963720792598842,1767836002.232073,None,None,None, None, 1767836002.2656114,0.9351984409416387
1767836002.4700446,55.18851637840271,-134.7736550870725,-144.98945839193433,0.2,4.776707321264791,-0.16168765717907557,2.3290067610290333,0.12669091768915516,5.995841227476431,1767836002.453474,None,None,None, None, 1767836002.4720378,1.0093844340102291
1767836002.6698267,55.38829851150513,-134.13259578540243,-145.59591611967446,0.2,4.635614923109062,-0.15957883461870292,2.341447713465845,0.09570416459472451,6.017376503612909,1767836002.6601562,None,None,None, None, 1767836002.6601562,0.9655932891745438
1767836002.870118,55.588589668273926,-133.25473042763116,-146.4201482130253,0.2,4.647145061137389,-0.16016056140130475,2.3533581809443596,0.07710249903157512,6.03468332621703,1767836002.854603,None,None,None, None, 1767836002.854603,0.9548706849428338
1767836003.0695195,55.7879912853241,-132.00603220290085,-147.58027483498458,0.2,4.654755855869736,-0.16079325712182113,2.3651608428227977,0.00992617685737233,6.037016168430599,1767836003.0484061,None,None,None, None, 1767836003.0484061,0.9713938334695812
1767836003.2694898,55.987961530685425,-133.1808314620273,-146.48920516583024,0.2,4.650239205281338,-0.1613227478345136,2.376959493635275,-0.03105788397406885,6.0295730573353135,1767836003.3195164,None,None,None, None, 1767836003.2594597,0.9161041878598465
1767836003.4695523,56.188024044036865,-134.4000983412465,-145.34332315251328,0.2,4.637286929790994,-0.16167767203103356,2.387072653542029,-0.07183037548058274,6.011201638145612,1767836003.4324214,None,None,None, None, 1767836003.4674463,0.9885544477060876
1767836003.6699014,56.388373136520386,-135.24053290633904,-144.5453326448217,0.2,4.616927171112691,-0.16180067964704198,2.3968055643320896,-0.1446552763661009,5.970676195723752,1767836003.6262195,None,None,None, None, 1767836003.6462605,1.081643789697361
1767836003.8718262,56.59029793739319,46.53239976186397,41.046709212155136,0.2,4.582555600838178,-0.16154234226510572,2.406465905794889,-0.14138381800999772,5.928378868371306,1767836003.8793235,None,None,None, None, 1767836003.8342636,0.9388243885928087
1767836004.0700238,56.7884955406189,43.51654917003679,38.90174035296793,0.2,4.71832842959144,-0.16321370469526142,2.415908173075524,-0.13338159999964253,5.893594488888748,1767836004.0630045,None,None,None, None, 1767836004.0244663,0.9929906542417993
1767836004.2697794,56.98825120925903,40.29894943310901,36.454291290139636,0.2,4.691470203886208,-0.1623848574042544,2.4248582851481544,-0.14667035171802076,5.862528470046905,1767836004.263741,None,None,None, None, 1767836004.2727785,1.0867665326533404
1767836004.4696898,57.18816161155701,38.70405735825791,32.800519780270726,0.2,4.662743014785076,-0.16138607077310207,2.4336175716833446,-0.14410739571323383,5.8280822554121015,1767836004.4355967,None,None,None, None, 1767836004.4561412,0.9321881352064604
1767836004.6700125,57.38848423957825,47.70420728352183,39.604177135169074,0.2,4.634265345547934,-0.1600641896830135,2.444072674712825,-0.10754455627536967,5.797727735276266,1767836004.6211755,None,None,None, None, 1767836004.6482399,0.9232951248085797
1767836004.869819,57.58829069137573,147.6175781011579,-107.970971590137,0.2,4.628046822481249,-0.15874651650231164,2.4543997441359275,-0.0783264706836053,5.777349856203358,1767836004.85779,-0.1796465878120104,2.095764460509711,4.475493598758956, 1767836004.725024, 1767836004.838272,0.9897146132324764
1767836005.069554,57.788025856018066,166.46105995463,-82.90774293315033,0.2,4.590699548852001,-0.1723632394056639,2.1457931623543405,-0.08479811302208898,5.75695544728465,1767836005.039674,None,None,None, None, 1767836005.0325217,1.0592697900758141
1767836005.2697897,57.988261461257935,166.84044702565276,-84.04671047859495,0.2,4.612519755246289,-0.17004169395941204,2.1658631703430884,-0.08251061171796858,5.735261332486286,1767836005.2359755,None,None,None, None, 1767836005.237477,1.0961270209972598
1767836005.4709558,58.189427614212036,158.47567785068287,-58.673127897910604,0.2,4.604661490169485,-0.16432492858190884,2.196110174794277,-0.052377443685459865,5.720792968780711,1767836005.4281971,None,None,None, None, 1767836005.4361992,0.9936713692044387
1767836005.668327,58.38679885864258,147.5234829719734,-24.71555373977783,0.2,4.6022290481225205,-0.15718413363535433,2.229843202374112,-0.03842217883816535,5.70972517863668,1767836005.6203997,None,None,None, None, 1767836005.681864,1.0620236604047093
1767836005.8701155,58.588587284088135,136.3955307232378,8.121741286960349,0.2,4.599704748591428,-0.149431318380163,2.2633579473603005,-0.02959359415132375,5.700939622706983,1767836005.8219554,None,None,None, None, 1767836005.864449,0.966346103411059
1767836006.0704436,58.788915395736694,126.06815549830719,23.0203347244063,0.2,4.602912435772086,-0.14171006181850387,2.2973625921938186,-0.011050202564355996,5.697582957278392,1767836006.0774603,None,None,None, None, 1767836006.0633082,1.0998193898993642
1767836006.268827,58.98729872703552,116.93271096256095,35.24722653556048,0.2,4.606327074488699,-0.13453288314799305,2.3283044953866887,0.005817379829090353,5.699339326360961,1767836006.221689,None,None,None, None, 1767836006.2506013,1.0921507453525476
1767836006.4690852,59.187556982040405,109.08498349740586,45.116483419701474,0.2,4.612535267885148,-0.12807713435904278,2.357014220422035,0.027046684360689778,5.70742702722513,1767836006.4860954,None,None,None, None, 1767836006.435033,1.0716671251017242
1767836006.6695397,59.38801145553589,106.56393448425031,48.17207364516539,0.2,4.624691369308176,-0.12246729751179553,2.384029504786853,0.04938519641107126,5.720026168684516,1767836006.6665056,None,None,None, None, 1767836006.614802,0.9887121246108523
1767836006.8695848,59.588056564331055,104.51049208305979,50.62158495504061,0.2,4.640180565997298,-0.11741219730060215,2.411162238774101,0.06159162077377903,5.733581995267368,1767836006.8520708,None,None,None, None, 1767836006.8184967,0.9701683010439806
1767836007.0700507,59.788522481918335,102.82980597738376,52.600782293502654,0.2,4.657592277714896,-0.11313043925957511,2.4369829319394243,0.06320007215544036,5.748394421770371,1767836007.0526538,None,None,None, None, 1767836007.031631,0.9342401498551747
1767836007.2710347,59.989506483078,101.41192493630291,54.252874889100305,0.2,4.675642108539264,-0.1095145322757447,2.4618992095469148,0.09322261953993843,5.771461769435205,1767836007.2409759,None,None,None, None, 1767836007.267526,0.9488983445986445
1767836007.4695156,60.187987327575684,100.11130933905602,55.75437721560678,0.2,4.69951876039869,-0.10667655367610274,2.48596138802238,0.13135908553458892,5.80517952214874,1767836007.44037,None,None,None, None, 1767836007.447384,1.0777919938723608
1767836007.6702363,60.38870811462402,95.83511764005003,60.59927552822119,0.2,4.729113070568705,-0.10471074457679086,2.508889019879122,0.13865325679910384,5.840590597280674,1767836007.6437068,None,None,None, None, 1767836007.6361916,0.9274068763330029
1767836007.8683963,60.58686804771423,91.78285995575105,65.06493169676425,0.2,4.762421737612657,-0.1036663408359062,2.5294269228508517,0.10700452659242762,5.867525848074274,1767836007.841365,None,None,None, None, 1767836007.841365,1.0867903722301575
1767836008.0696728,60.78814458847046,88.33755182039465,68.76948774332476,0.2,4.786932028838484,-0.10303031932642615,2.547946909712592,0.16107084221601942,5.90953659977583,1767836008.0361578,None,None,None, None, 1767836008.0531635,0.9466152120632312
1767836008.2698758,60.98834753036499,-128.61905447008607,-150.65625365707328,0.2,4.824961278505249,-0.103161156107481,2.565396037016628,0.16318132653413467,5.955285763632205,1767836008.2895534,None,None,None, None, 1767836008.264344,1.0164858275401396
1767836008.4699342,61.188405990600586,-132.28446697093403,-147.32282833020196,0.2,4.63851443553687,-0.0986230799865534,2.581769725649369,0.12137605841834018,5.992264377156038,1767836008.4754436,None,None,None, None, 1767836008.4488404,0.9546605409632754
1767836008.670709,61.3891806602478,-101.23377879136159,-112.77340877301351,0.2,4.654592416104242,-0.09977071794702852,2.5964291592157784,0.06403263769590357,6.008832071655248,1767836008.66957,None,None,None, None, 1767836008.6399965,0.9840194731163892
1767836008.8697004,61.58817219734192,-83.38719096177286,-96.7295967152875,0.2,4.690710860011416,-0.10139861438297437,2.609948276034154,0.044002903505116035,6.018548769629449,1767836008.8480031,None,None,None, None, 1767836008.8892546,0.959108128750845
1767836009.072032,61.79050374031067,-86.34727128394873,-101.2844345836554,0.2,4.709381845745628,-0.10262486584260389,2.624488638628645,0.012636391907767639,6.021341725012783,1767836009.072032,None,None,None, None, 1767836009.0745375,0.9308608280936157
1767836009.270507,61.98897886276245,-90.9143474347345,-107.721187702142,0.2,4.7036728437662045,-0.10341964752167598,2.638712944196604,-0.007575768211312987,6.019423263742113,1767836009.279823,None,None,None, None, 1767836009.2624087,0.9361697590252661
1767836009.470788,62.18925976753235,-95.76228044608722,-114.95381505358033,0.2,4.694818077441768,-0.1040991326185492,2.652173388011076,-0.03737300864297237,6.007810411869361,1767836009.4727964,None,None,None, None, 1767836009.4517465,1.019707765389657
1767836009.6695585,62.38803029060364,-101.03055249442865,-123.0782948188045,0.2,4.677526660531277,-0.10453881555627409,2.665719314618746,-0.0929744979120349,5.979032989034759,1767836009.6777751,None,None,None, None, 1767836009.6435175,1.0694412336877621
1767836009.8696015,62.58807325363159,42.107097064989844,-200,0.2,4.649749056171462,-0.10462065823401845,2.6790860624531527,-0.12001474867700859,5.9467218035588605,1767836009.854487,-0.11999112463290915,2.3470127121046747,4.6270801334641956, 1767836009.728569, 1767836009.8413737,0.9903381168342974
1767836010.070289,62.78876066207886,25.56628739724208,-200,0.2,4.569574139016515,-0.11585371709493003,2.3965361638249347,-0.11916205429148068,5.917412875484394,1767836010.0391288,None,None,None, None, 1767836010.0481377,1.024546268691047
1767836010.2703755,62.98884725570679,19.59227882669912,-200,0.2,4.522335099738462,-0.11238443623028788,2.4105973436060943,-0.12338252673700383,5.885085142873603,1767836010.238344,None,None,None, None, 1767836010.238344,1.0795505487096002
1767836010.469729,63.18820071220398,10.507222772663594,-200,0.2,4.494445375723973,-0.10863598161598353,2.430504225337945,-0.1906443514463078,5.834342194717418,1767836010.4339457,None,None,None, None, 1767836010.4339457,0.90329521935055
1767836010.6686273,63.38709902763367,-7.7662112345656436,-200,0.2,4.453965937858399,-0.1035186116539566,2.454477357628137,-0.21206309827667852,5.777455158716352,1767836010.6350536,None,None,None, None, 1767836010.6350536,1.0752070502007156
1767836010.868291,63.58676266670227,-31.455961711012595,-200,0.2,4.408716915290325,-0.09704081762067185,2.4805767402607293,-0.19174104465318803,5.7305796083313165,1767836010.857055,None,None,None, None, 1767836010.882324,0.9995639954990604
1767836011.0702794,63.78875112533569,-50.33471910885901,-200,0.2,4.366334491539941,-0.08947591857858306,2.50754305311688,-0.18461190567887592,5.688151965714977,1767836011.053173,None,None,None, None, 1767836011.063252,1.0291597685532454
1767836011.2694726,63.98794436454773,-66.63786838445372,-192.87154291291452,0.2,4.32420271381256,-0.08079902485911139,2.534932304461459,-0.25792547888122913,5.628613440401511,1767836011.2544272,None,None,None, None, 1767836011.2464113,0.9386838693375252
1767836011.4707484,64.18922019004822,-80.13911132128162,-185.5432940734126,0.2,4.27052808685774,-0.07126078741380698,2.5603712709231545,-0.3395884381252423,5.552262749144037,1767836011.4612153,None,None,None, None, 1767836011.4544773,1.020044459369764
1767836011.6699293,64.38840103149414,-91.03179350779308,-178.97085556449287,0.2,4.198601044933607,-0.06005269620590692,2.584454060551461,-0.26222633497961434,5.489781568527754,1767836011.6393673,None,None,None, None, 1767836011.6483982,0.9799823654639751
1767836011.8700333,64.58850502967834,-99.68487061502687,-173.2818535886948,0.2,4.144177908875466,-0.04865621838896361,2.6062834951277853,-0.28521100770987706,5.416137522262425,1767836011.8414874,None,None,None, None, 1767836011.8414874,0.9648561748302296
1767836012.069962,64.78843379020691,-109.70951819623373,-166.11639264996754,0.2,4.083659448210192,-0.036548380327569185,2.6264047760767903,-0.3685537561651364,5.3236179907584855,1767836012.046399,None,None,None, None, 1767836012.0384002,1.03580373410815
1767836012.270262,64.98873376846313,-116.94303894201936,-157.6357831820359,0.2,4.007531022411026,-0.0245055590751711,2.6431759144938005,-0.4861309573199568,5.201857386814464,1767836012.2426553,None,None,None, None, 1767836012.2426553,0.9172898720328629
1767836012.470362,65.1888337135315,-98.67311579606134,-129.1870155121343,0.2,3.91013008977231,-0.01241680575942583,2.6567892789342413,-0.373772143744222,5.106450095165802,1767836012.441539,None,None,None, None, 1767836012.450563,0.9503352024805959
1767836012.6698651,65.38833689689636,-81.47224847538497,-102.06859695409007,0.2,3.856796360382244,-0.0012506265403769146,2.6685422138119836,-0.3413323608754592,5.027320112274249,1767836012.66536,None,None,None, None, 1767836012.6548579,0.9721359557069528
1767836012.8698132,65.58828496932983,-65.0042501337696,-76.83439144176019,0.2,3.807839604631483,0.009178611886054455,2.678095686231273,-0.38095582716047566,4.940853766988237,1767836012.8462925,None,None,None, None, 1767836012.8462925,0.9477233331129967
1767836013.0708137,65.78928542137146,-48.52452168184295,-53.457279220327926,0.2,3.749253488945639,0.01873862675493905,2.6855569801613233,-0.43919156492728273,4.82730060978309,1767836013.0352705,None,None,None, None, 1767836013.0427768,0.9197191975113559
1767836013.2697217,65.98819351196289,-31.843157563569264,-34.94219812525491,0.2,3.6785107593212167,0.027190938539433482,2.6910369625467467,-0.39864233349247263,4.723460477999715,1767836013.242686,None,None,None, None, 1767836013.2341802,0.9203816906288003
1767836013.470415,66.18888688087463,-25.630584984325466,-27.589822642476566,0.2,3.614652365965097,0.03594255252986342,2.69598125981119,-0.3685251101325102,4.629200362191298,1767836013.441366,None,None,None, None, 1767836013.4328628,1.0439876459074995
1767836013.66971,66.38818168640137,-20.85900632731669,-21.903549985751436,0.2,3.5489132038248608,0.04400278887933578,2.699741319822692,-0.4561938113252141,4.498023693280835,1767836013.6807199,None,None,None, None, 1767836013.6570985,1.0870923926466738
1767836013.8695443,66.58801603317261,-15.490727431810294,-16.025557311777682,0.2,3.465373750777037,0.051006089375047484,2.702280601829326,-0.4107883515381533,4.3877094528836205,1767836013.8600402,None,None,None, None, 1767836013.8600402,0.9270378495669414
1767836014.069578,66.78804969787598,-11.178594913620813,-11.463534034367605,0.2,3.3911046776299125,0.05721753366629785,2.704035424661326,-0.3724628544332951,4.307242705345824,1767836014.0625741,None,None,None, None, 1767836014.0425453,0.9250273988806328
1767836014.2699072,66.98837900161743,-8.207539326512167,-8.067937542039926,0.2,3.3236393486740474,0.06269139589876317,2.7051892986679666,-0.32127056401554394,4.2339463931538335,1767836014.2480934,None,None,None, None, 1767836014.2405777,1.05424105525381
1767836014.4698892,67.18836092948914,5.206328937693249,6.475112736958473,0.2,3.2652968767491557,0.06589570571363951,2.705599231660915,-0.48971839015944624,4.113322924539624,1767836014.4443717,None,None,None, None, 1767836014.4593847,0.954594246717457
1767836014.6698277,67.38829946517944,13.09332745444784,16.40049653221494,0.2,3.1810569034033502,0.06750889228274551,2.7057230640701113,-0.2959854086253204,4.039281902573079,1767836014.6441302,None,None,None, None, 1767836014.6521382,1.0980466663420776
1767836014.8697488,67.58822059631348,-132.59622197677012,-100.84102730791737,0.2,3.138338397081353,0.06872392948902838,2.7058889676416475,-0.3019050523568695,3.9614831401086743,1767836014.8371654,0.1337129665384354,2.7417298339872134,3.0892205111674134, 1767836014.734037, 1767836014.8361623,1.0524225575931125
1767836015.0695484,67.78802013397217,-157.73563384203152,-120.3752078927829,0.2,2.9604269404645116,0.12310006442045607,2.742272600798567,-0.3519266089808207,3.871423307967296,1767836015.0460262,None,None,None, None, 1767836015.030006,1.0667727304333485
1767836015.2704911,67.98896288871765,-161.9862422773493,-115.09756197575422,0.2,2.86807703709241,0.12256264570013242,2.7436968225838823,-0.3820201312491737,3.7719060793767145,1767836015.2334495,None,None,None, None, 1767836015.291015,0.9208975791828569
1767836015.4700506,68.18852233886719,-161.3399606178284,-115.91694432818528,0.2,2.7895371703611684,0.11964622393840015,2.7458686413329914,-0.37174638742709354,3.6720071436627797,1767836015.4374113,None,None,None, None, 1767836015.4720576,0.9452244915965619
1767836015.6700294,68.38850116729736,-160.2188197048317,-117.32372674439749,0.2,2.713834910619348,0.11681397594208279,2.7483781888604883,-0.34767828833154607,3.5829826705580303,1767836015.645592,None,None,None, None, 1767836015.645592,1.018206598887317
1767836015.8693156,68.58778738975525,-159.59553747644318,-118.09789504575384,0.2,2.6417447758568033,0.11213400877896379,2.751751790052035,-0.46061403712825805,3.4686220540534247,1767836015.8437433,None,None,None, None, 1767836015.8437433,0.9402577718813945
1767836016.0698507,68.78832244873047,-160.0624682353871,-117.51845514804182,0.2,2.5486914179518623,0.1059255326099712,2.756573259285775,-0.5983215535636807,3.332436021577912,1767836016.067342,None,None,None, None, 1767836016.0678453,1.0221689668570666
1767836016.2699504,68.98842215538025,-160.31696737157023,-117.20130732706986,0.2,2.428182473099634,0.09829381238512395,2.7636624891771633,-0.4915263253617449,3.2319416423967566,1767836016.2671013,None,None,None, None, 1767836016.221437,1.009859872167706
1767836016.4692726,69.18774437904358,-164.58853402079788,-111.73394980683747,0.2,2.3295618057363385,0.09024690089425569,2.7722068645209244,-0.5722047307924778,3.0704362164823538,1767836016.47028,None,None,None, None, 1767836016.4813159,1.0511389559022726
1767836016.6691496,69.38762140274048,-170.19210475038318,-104.1191139759256,0.2,2.2154709343440997,0.0808795498474449,2.7840482801870894,-0.6480392936656977,2.8740066291083393,1767836016.6469946,None,None,None, None, 1767836016.6540062,0.9923825248256036
1767836016.8698578,69.58832955360413,-175.44755969886242,-96.46856118468713,0.2,2.086158931418371,0.07184158879356416,2.799101450918628,-0.5956491350632799,2.7205460687157723,1767836016.8340828,None,None,None, None, 1767836016.850295,0.9118646049659589
1767836017.06962,69.7880916595459,-179.6606918907877,-89.93609986041847,0.2,1.96721812193181,0.06389921013069083,2.816703829729925,-0.5288270204666131,2.5763640274958894,1767836017.031511,None,None,None, None, 1767836017.0420284,0.9490598880358393
1767836017.2703314,69.98880314826965,-184.61096265707266,-81.7487744570868,0.2,1.8622523685261871,0.057398092345798984,2.8361495729022073,-0.6874888475990437,2.3762582984264298,1767836017.2170775,None,None,None, None, 1767836017.2415273,0.9979532911741773
1767836017.469807,70.18827867507935,-189.54424136301023,-72.96410982084792,0.2,1.7252735819699665,0.053310729236995424,2.858477206596857,-0.7213354751937819,2.192866629156453,1767836017.4672894,None,None,None, None, 1767836017.4382513,0.9635108227940925
1767836017.6700888,70.38856053352356,-193.03913755674617,-66.30988352805156,0.2,1.5832329836229158,0.05246832560142542,2.882464368409359,-0.6958863135311603,2.023886188271078,1767836017.629055,None,None,None, None, 1767836017.6380823,0.9976822187402695
1767836017.8690448,70.58751654624939,-195.99492740008665,-60.3672419726639,0.2,1.445382462268686,0.05504799891413814,2.9074213253574444,-0.5565194369511001,1.8624537771441696,1767836017.8855712,None,None,None, None, 1767836017.8284688,1.0236152814862363
1767836018.0698056,70.78827738761902,-200,-48.26965677733907,0.2,1.3358737737644346,0.06023442620085623,2.9326205002465557,-0.7894790876386327,1.617194106021046,1767836018.0773082,None,None,None, None, 1767836018.085818,1.0769431709364885
1767836018.2697268,70.98819851875305,-200,-31.15998012816573,0.2,1.1791332572971525,0.07030737193893691,2.9588758103160386,-0.821528673334568,1.4034056877822534,1767836018.2684696,None,None,None, None, 1767836018.2684696,1.0691007547331157
1767836018.4699783,71.18845009803772,-200,-3.216527044938412,0.2,1.018354660142742,0.08516062844108452,2.9839772452109363,-1.0367292371043093,1.1763018164046681,1767836018.4514253,None,None,None, None, 1767836018.4514253,0.9546572163807787
1767836018.669928,71.38839983940125,-200,8.853979779921852,0.2,0.8158907345571542,0.10652529052007309,3.006783768844035,-0.7209849530535437,0.9974420929554993,1767836018.639352,None,None,None, None, 1767836018.676444,1.0355512108467522
1767836018.8704176,71.58888936042786,-200,12.225515898808961,0.2,0.6762945872694182,0.1301949461188508,3.025648969150847,-0.6794224701326715,0.8127868626287116,1767836018.8286362,-0.016629073191663204,3.394871917026204,0.6534986300999686, 1767836018.8884559, 1767836018.8799496,0.9591479799340272
1767836019.0696,71.78807187080383,-200,17.47495116964268,0.2,0.5439563103682075,0.15610058314543165,3.0411583905953576,-1.1044577341688322,0.4933799812431357,1767836019.0847616,None,None,None, None, 1767836019.0585752,0.9275457161475555
1767836019.2698414,71.9883131980896,-200,18.235288032625647,0.2,0.3296378486661741,0.1855052696679244,3.0498927183890814,-0.8498760236559347,0.2342915419216873,1767836019.2748399,None,None,None, None, 1767836019.2527661,1.0859045887134855
1767836019.469125,72.18759679794312,-200,15.528893144768528,0.2,0.16465926261624117,0.2153959892990913,3.0538212768531365,-0.7731013914171081,0.03198147989273411,1767836019.4631028,None,None,None, None, 1767836019.4343765,1.0084461842713623
1767836019.6688426,72.3873143196106,-200,11.625388181747189,0.2,0.015395054027190533,0.2442792204828008,3.0532572530070463,-0.7853180869641393,6.142979646229124,1767836019.6548212,None,None,None, None, 1767836019.6453197,0.9870262639590421
1767836019.8710272,72.58949899673462,-200,55.89097626615152,0.2,6.147328391143488,0.2722763454137894,3.048508249591613,-1.0060418683672703,5.901286131267751,1767836019.8459873,0.1750622986686162,3.453818729722352,6.200886460463846, 1767836019.739664, 1767836019.85349,1.0517947515512116
1767836020.069647,72.78811883926392,-200,61.50928150461485,0.2,5.940157414774222,0.24518136495387627,3.44169234956524,-1.026501331853249,5.644923401093622,1767836020.0425618,None,None,None, None, 1767836020.0425618,1.0500642360889756
1767836020.2698689,72.9883406162262,-200,61.50928150461485,0.2,5.750971168254622,0.26748919507195057,3.424951996508401,-0.7997436465763521,5.44140606451857,1767836020.241696,None,None,None, None, 1767836020.2321625,1.0768899711967488
1767836020.4696252,73.18809700012207,-200,61.50928150461485,0.2,5.596030286160139,0.28806957608872347,3.404490199918647,-0.7976661165715512,5.2257973641603535,1767836020.4262526,None,None,None, None, 1767836020.4871402,0.927806075953232
1767836020.6719854,73.39045715332031,-200,115.1246741662116,0.2,5.443336225373372,0.3061847764719806,3.3806353545056895,-1.2752128171953332,4.844708146784089,1767836020.6804986,None,None,None, None, 1767836020.6729856,0.9647738415061287
1767836020.8693266,73.58779835700989,-111.28132787242048,176.04235221136065,0.2,5.287771886322079,0.32488998791095836,3.349146076187119,-1.1650248906785934,4.544153510542044,1767836020.8637927,None,None,None, None, 1767836020.8723326,0.9576472120828309
1767836021.0705864,73.78905820846558,-111.28132787242048,176.04235221136065,0.2,5.19815611950384,0.3404055544439363,3.312787514842648,-0.7121561053795528,4.396171949443099,1767836021.0685806,None,None,None, None, 1767836021.0855958,0.9358469475289063
1767836021.2700927,73.98856449127197,-111.28132787242048,176.04235221136065,0.2,5.074460283746122,0.3475430386790662,3.2693073930038272,-0.9697339765788023,4.1236374956129005,1767836021.2775958,None,None,None, None, 1767836021.2674983,1.0687170102145842
1767836021.469559,74.18803071975708,-111.28132787242048,176.04235221136065,0.2,4.89702295132222,0.34580179154015334,3.224163488246476,-0.7955305783726792,3.8550348930213887,1767836021.4114118,None,None,None, None, 1767836021.4524891,1.0909302279836877
1767836021.670566,74.38903784751892,-60.8725035070764,159.1939787693719,0.2,4.7542387083448325,0.3384398988874582,3.17848486280543,-0.6476853052035584,3.652050607692299,1767836021.6735654,None,None,None, None, 1767836021.6415029,1.0411139400075817
1767836021.8688972,74.58736896514893,3.490564346921053,139.4383215068609,0.2,4.640634867628846,0.3266112877368282,3.141923740786089,-0.622092918161795,3.486494817524318,1767836021.8558419,None,None,None, None, 1767836021.8363078,1.0031684552564337
1767836022.069136,74.78760766983032,29.73655330702072,121.12748838539355,0.2,4.529052448484025,0.31277922059776797,3.113193402952092,-0.5359283441527456,3.361170400747768,1767836022.0480793,None,None,None, None, 1767836022.039055,0.9007642590357989
1767836022.2698963,74.9883680343628,49.83721022534093,105.17122067182389,0.2,4.435931242409729,0.2990666743871949,3.089340686566568,-0.582198767127422,3.2141018827411303,1767836022.2380958,None,None,None, None, 1767836022.2305584,0.9997570763279278
1767836022.4697013,75.1881730556488,63.02844588348012,93.64427675089587,0.2,4.332479063745156,0.2857105736593541,3.071579018358543,-0.4068139357185782,3.1058200133687097,1767836022.434133,None,None,None, None, 1767836022.4839265,1.0008632170869236
1767836022.6712623,75.3897340297699,71.61947306246927,85.63367417998629,0.2,4.262216622337551,0.27426439035509736,3.0578593324328125,-0.40051474199990206,2.987934455966127,1767836022.673764,None,None,None, None, 1767836022.673764,1.056977347525271
1767836022.8687584,75.58723020553589,76.7528978226621,80.64225180747316,0.2,4.194025571426818,0.2644308820583175,3.0473684035397497,-0.4701839166440113,2.8377635083210433,1767836022.8809743,None,None,None, None, 1767836022.8632362,1.0720105682793497
1767836023.0693033,75.78777503967285,70.97484458945652,71.53690062740442,0.2,4.108907927457722,0.2563614676297037,3.040453973270867,-0.3471415412915493,2.72622617589006,1767836023.0723033,None,None,None, None, 1767836023.0427485,1.0166087487465654
1767836023.270115,75.98858666419983,30.014009750410928,29.953014716975165,0.2,4.039447581772846,0.2490509065516104,3.034266086199117,-0.28618834760199247,2.647696299206825,1767836023.254099,None,None,None, None, 1767836023.235569,0.9960584137687247
1767836023.4699035,76.18837523460388,-16.02658738942502,-18.647813678138547,0.2,3.929205515508817,0.2426955838777053,3.0298607572098195,-0.23837191659135729,2.5919519461527667,1767836023.4508467,None,None,None, None, 1767836023.4302886,0.9594673556523793
1767836023.6684642,76.38693594932556,-69.31341094120188,-75.95457738537753,0.2,3.8381203189542568,0.23749825602626257,3.0258990904310674,-0.25433627696104366,2.5353273568421484,1767836023.663445,None,None,None, None, 1767836023.6373153,1.0827030257785863
1767836023.8698435,76.58831524848938,-109.86064866876349,-120.76773953561072,0.2,3.7499443581101994,0.23335713718806206,3.0225791821362096,-0.2560981373974039,2.470270383402724,1767836023.8212056,None,None,None, None, 1767836023.828216,0.9725254453417914
1767836024.069742,76.7882137298584,-132.20652196915822,-147.39496916812826,0.2,3.661885435071599,0.23043137923792006,3.0200287589331034,-0.24533490495861637,2.394644156343666,1767836024.0837965,None,None,None, None, 1767836024.0872986,1.0883126962745446
1767836024.269988,76.98845982551575,-125.52026206758354,-153.3831222991009,0.2,3.587666315475865,0.22842333349502708,3.01795370001641,-0.2649266790006378,2.324577581353246,1767836024.2659786,None,None,None, None, 1767836024.2259362,1.0149673894092364
1767836024.4699965,77.18846821784973,-116.10346926845394,-161.1921518592117,0.2,3.5311298158719113,0.22938461268853536,3.0174949155941673,-0.37512431647685784,2.2386618257212954,1767836024.4444804,None,None,None, None, 1767836024.4444804,0.9099218103965565
1767836024.6704555,77.38892722129822,-104.43282485662856,-169.9688146504982,0.2,3.453561692160672,0.23304813243763892,3.017798106968789,-0.4041556782449839,2.134785349222603,1767836024.6380112,None,None,None, None, 1767836024.640011,1.0067287873050044
1767836024.8696756,77.58814740180969,-32.67440637554636,-200,0.2,3.3703718994700145,0.24005406691949221,3.0186266190594253,-0.3280291666047292,2.0451892766620836,1767836024.8271937,0.1697489532978221,2.856670649655872,3.336906068542155, 1767836024.742301, 1767836024.8372393,1.0048554262298384
1767836025.0701184,77.7885901927948,-22.25360328807911,-200,0.2,3.233892881124072,0.2106345587434218,2.8651278382952685,-0.420996385625947,1.9184513479720349,1767836025.08362,None,None,None, None, 1767836025.0380428,0.9375334497734223
1767836025.2698035,77.98827528953552,-33.56988719993558,-200,0.2,3.149688764881437,0.2263579011032854,2.863997897105587,-0.48947915358690874,1.768398116416103,1767836025.2205555,None,None,None, None, 1767836025.2340705,0.9376978578274037
1767836025.4695723,78.18804407119751,-52.34753280512819,-199.75063314317757,0.2,3.0531469156366753,0.2446937672299845,2.861319610174789,-0.396788048256901,1.6495199894075478,1767836025.487095,None,None,None, None, 1767836025.4835799,1.0779435654977456
1767836025.670394,78.38886570930481,112.93941350012105,40.33852027268134,0.2,2.972030920019976,0.26569336157497897,2.8576126784800806,-0.42612052877448503,1.517794266309362,1767836025.670394,None,None,None, None, 1767836025.6723928,1.0003204754467205
1767836025.8697143,78.5881860256195,104.55209894021712,50.57229740237226,0.2,3.1081695848666744,0.28721811176427,2.860931281035188,-0.38580599966765594,1.4381827963476337,1767836025.8616784,None,None,None, None, 1767836025.8522778,0.9777814595677716
1767836026.0696673,78.78813910484314,96.23913384052172,60.14743764457374,0.2,3.0412081381035727,0.30851705309495336,2.8547831898350116,-0.5569145368005574,1.3089197401420865,1767836026.1228824,None,None,None, None, 1767836026.1228824,1.0096921924999989
1767836026.270826,78.98929786682129,89.89551311485195,67.10458259085074,0.2,2.942063778624878,0.32743347876022927,2.8469242733678177,-0.3371696577101613,1.226399789938134,1767836026.2508595,None,None,None, None, 1767836026.2572896,1.040947942177313
1767836026.4691775,79.18764925003052,87.4822765855812,69.67635448492686,0.2,2.8858166005193393,0.3441469917304279,2.839239124849749,-0.2859780555318474,1.1565122007827968,1767836026.4431145,None,None,None, None, 1767836026.452142,0.9687641078733921
1767836026.6702743,79.3887460231781,85.47103579210689,71.78932523002244,0.2,2.836989085131656,0.3605185529240982,2.8312465317488655,-0.30117346491780417,1.081015984440814,1767836026.6457596,None,None,None, None, 1767836026.6397586,1.0704861896075426
1767836026.870486,79.58895778656006,83.81388882359644,73.50993927427541,0.2,2.7877448652400227,0.3753959702220775,2.8232012195330705,-0.2840329530495392,1.012043371294937,1767836026.8512843,None,None,None, None, 1767836026.8437796,0.9361836449917669
1767836027.07001,79.78848171234131,82.70550321304742,74.65067113113824,0.2,2.7397621758651747,0.38835916225337797,2.815318167749176,-0.19576158411849967,0.9637810901696342,1767836027.0411904,None,None,None, None, 1767836027.0321143,0.9503461326958907
1767836027.2695608,79.988032579422,81.90466992033194,75.46989326778893,0.2,2.70891414986329,0.4002604184833345,2.8077320692242846,-0.17857514671709537,0.9161180524943804,1767836027.2300167,None,None,None, None, 1767836027.221012,0.997426885915469
1767836027.470403,80.1888747215271,80.33362172778855,77.06500861308649,0.2,2.6814626845061342,0.41118563049246937,2.8004142712678286,-0.18998231727743442,0.8664303158566022,1767836027.448207,None,None,None, None, 1767836027.4411182,0.9055193012695953
1767836027.6688495,80.38732123374939,75.15452660713538,73.86821865176225,0.2,2.6522310033383056,0.41975019687114296,2.7941284421421537,-0.13075144275359432,0.8340784439401187,1767836027.6420617,None,None,None, None, 1767836027.6420617,0.9887479371067569
1767836027.870299,80.58877086639404,49.36904150890887,49.026728905497635,0.2,2.625761845400799,0.42729664126441264,2.788291232765224,-0.08841038388992127,0.8111126971779224,1767836027.838271,None,None,None, None, 1767836027.838271,0.9017058600916015
1767836028.069931,80.78840279579163,26.697620287365986,26.69617749337141,0.2,2.5768969420452414,0.4341673303483185,2.782530171203481,-0.09457083376946966,0.7849914609745465,1767836028.0243812,None,None,None, None, 1767836028.0328944,1.0854470736243438
1767836028.2708547,80.98932647705078,4.5097934279414345,4.742258846101522,0.2,2.5293489773089575,0.4404469797785969,2.777303067148456,-0.07417719674571238,0.762973536623702,1767836028.282581,None,None,None, None, 1767836028.2835798,0.9345347287535328
1767836028.4690824,81.18755412101746,-38.26250464952844,-36.518763346639574,0.2,2.487011527827733,0.446306368035875,2.7724628947056624,-0.06119423581254459,0.7444468144734968,1767836028.4820983,None,None,None, None, 1767836028.4850981,0.964040831541243
1767836028.6709714,81.3894431591034,-72.98140357632244,-71.68966083458344,0.2,2.448556046067951,0.45179170038004557,2.767957550992094,-0.05370502755207173,0.7275626091032592,1767836028.677999,None,None,None, None, 1767836028.677999,0.9925870149230408
1767836028.8695488,81.58802056312561,-67.50195270367726,-66.28080517544407,0.2,2.4105375368177877,0.45804888512027,2.762800264825421,-0.08794034644340105,0.6993728309384137,1767836028.8715475,None,None,None, None, 1767836028.8780763,0.9856102319185941
1767836029.069984,81.78845572471619,-66.40826242247665,-65.01862624053005,0.2,2.3960697374088755,0.4639640559039785,2.7580155633165138,-0.13111164538975406,0.6627043994299274,1767836029.0503557,None,None,None, None, 1767836029.0794978,0.9978999506510947
1767836029.2718368,81.9903085231781,-71.44525055899886,-69.9651622846441,0.2,2.369055542436308,0.4691203619281411,2.753627033569113,-0.099633286029375,0.6371737594574944,1767836029.2340653,None,None,None, None, 1767836029.267255,1.0236871496614843
1767836029.4690616,82.18753337860107,-75.22158468537687,-73.52940320237745,0.2,2.343698031090236,0.47386272361515436,2.7493884897205088,-0.10713199383174754,0.6094557100280036,1767836029.44533,None,None,None, None, 1767836029.4560387,0.9939316451476897
1767836029.6696672,82.38813900947571,-81.6318381695412,-77.5313063615028,0.2,2.3191165906025497,0.47820820856324403,2.7453568468338823,-0.1410971554470614,0.5739126697417191,1767836029.6410928,None,None,None, None, 1767836029.609534,1.048542162573532
1767836029.8709006,82.58937239646912,-137.13388112361332,-113.44384113223214,0.2,2.284525581198286,0.48099271404025556,2.742705875618081,-0.1772171901649322,0.5275677758545355,1767836029.8371925,0.437024542848064,2.6841235243697805,2.161524606501416, 1767836029.743318, 1767836029.8719015,1.0091795490336433
1767836030.0684805,82.78695225715637,-155.1006096048003,-123.52003451968628,0.2,2.123585032585937,0.4323756033425711,2.6900787709055716,-0.15475209303802626,0.4846109484233698,1767836030.0221837,None,None,None, None, 1767836030.0519192,0.9329791576039868
1767836030.2696562,82.98812794685364,-160.96753778418915,-116.38629939261045,0.2,2.0759047477786576,0.4334582408990739,2.689700757617234,-0.2365742301047519,0.41512554839205423,1767836030.2222557,None,None,None, None, 1767836030.240299,0.9482424867517601
1767836030.469356,83.18782782554626,-169.3355204455431,-105.31776951038462,0.2,2.0234555042887234,0.4331365032877103,2.6918647491816543,-0.3461518735562609,0.31203902239205894,1767836030.484384,None,None,None, None, 1767836030.4231381,1.0278010767975667
1767836030.6694164,83.3878881931305,-178.34258316291618,-92.02059236711008,0.2,1.9529798136805765,0.4317952084326614,2.6969970996262416,-0.318298537288908,0.21576608161708632,1767836030.6874552,None,None,None, None, 1767836030.6804352,1.0535456442387805
1767836030.8686595,83.58713126182556,-183.79511526915124,-83.13905891953787,0.2,1.8864171082186205,0.4294273509704891,2.705816403509264,-0.2692356828040299,0.1347279707873212,1767836030.8858085,None,None,None, None, 1767836030.8686595,0.9717321346451966
1767836031.069089,83.78756070137024,-190.11620449737856,-71.90096265648513,0.2,1.8299217720130747,0.4266806053939729,2.7172169336946195,-0.34843975936268334,0.047271111783161374,1767836031.068086,None,None,None, None, 1767836031.0494153,0.920360301541579
1767836031.2686915,83.98716330528259,-198.9837907395128,-54.03082843823252,0.2,1.7571769207746626,0.4234956409410886,2.733574249175987,-0.48275598517073054,6.229252362419199,1767836031.259659,None,None,None, None, 1767836031.244627,1.0134165314402113
1767836031.4698544,84.18832612037659,-200,-33.63426041319745,0.2,1.6596843487104325,0.42119059747545184,2.755424291381091,-0.4558205160904353,6.121552737224325,1767836031.4427705,None,None,None, None, 1767836031.4427705,1.09123757496805
1767836031.6698754,84.38834714889526,-200,-12.887589974653057,0.2,1.566929877696071,0.4204925675708965,2.781978324432427,-0.41851697986714537,6.0132882262848,1767836031.6372926,None,None,None, None, 1767836031.658087,0.9133333336688663
1767836031.8695338,84.58800554275513,-200,11.864359061310994,0.2,1.483363341597127,0.4219275252193724,2.811282286701421,-0.5572320622037803,5.866865853517256,1767836031.8379998,None,None,None, None, 1767836031.8770301,0.9480383653271106
1767836032.0688717,84.78734350204468,-200,28.888480684603227,0.2,1.3729470134383328,0.42729966281404663,2.8441505164076633,-0.6227911743757895,5.698522039046409,1767836032.0294383,None,None,None, None, 1767836032.0643697,0.9518425305340953
1767836032.2691064,84.98757815361023,-200,41.838667120237176,0.2,1.2506867163236488,0.43761988203014945,2.8787267786941984,-0.5142607571794313,5.555715654738708,1767836032.2305748,None,None,None, None, 1767836032.2490857,1.0838136843459618
1767836032.471217,85.18968868255615,-200,52.765061285526215,0.2,1.1497540379830655,0.4518367582289327,2.9134008857315425,-0.5321156304868163,5.398646099725988,1767836032.477748,None,None,None, None, 1767836032.4541807,1.0934857365259814
1767836032.6696582,85.3881299495697,-200,61.50928150461485,0.2,1.045153206272563,0.47038579415139353,2.947665335921901,-0.6914192451287788,5.220955990549764,1767836032.6661236,None,None,None, None, 1767836032.6661236,1.0123214046692601
1767836032.8705401,85.58901190757751,-200,61.50928150461485,0.2,0.9127989830225911,0.49363573381538534,2.9783305444472736,-0.663411559627067,5.040091061807528,1767836032.8705401,None,None,None, None, 1767836032.872541,0.9534870623614432
1767836033.069952,85.78842377662659,-200,61.50928150461485,0.2,0.7831152982448462,0.5209372785768648,3.0058186824018414,-0.6075460223109043,4.865052125321573,1767836033.0499725,None,None,None, None, 1767836033.0589893,0.9600658440899315
1767836033.2688837,85.98735547065735,-200,61.50928150461485,0.2,0.6664967913638026,0.550557205319145,3.029520990648052,-0.5879940125020133,4.72240592048254,1767836033.2446961,None,None,None, None, 1767836033.2522202,0.979254015784296
1767836033.4706857,86.18915748596191,-200,61.50928150461485,0.2,0.5530832479726332,0.5827966640821167,3.049989948698419,-0.8116411744983983,4.51459265548575,1767836033.4396288,None,None,None, None, 1767836033.4396288,1.0073590605565081
1767836033.6687953,86.38726711273193,-200,61.50928150461485,0.2,0.3942835097937824,0.6187593212124256,3.064706400713037,-0.8270330922123638,4.299380879126907,1767836033.6377404,None,None,None, None, 1767836033.6332288,0.971470552429801
1767836033.8697178,86.5881896018982,-200,61.50928150461485,0.2,0.23650834191440503,0.6549057056152991,3.072632199996883,-0.6190664774910657,4.1308378556413095,1767836033.8284383,None,None,None, None, 1767836033.8284383,0.9073456151333584
1767836034.0699396,86.78841137886047,-200,61.50928150461485,0.2,0.11616272975965335,0.6929150697502279,3.077206655722679,-0.7041204403344076,3.9320215145816246,1767836034.0280778,None,None,None, None, 1767836034.0280778,1.0086927663870635
1767836034.2701113,86.98858308792114,-200,61.50928150461485,0.2,6.263882918956597,0.7302229171574964,3.0762531546860794,-1.0080567040978976,3.6375475298055293,1767836034.2863321,None,None,None, None, 1767836034.2853315,1.039330896660342
1767836034.4708076,87.18927931785583,-200,98.28732006230781,0.2,6.0689437603121865,0.7663229099911264,3.0669740361308566,-0.6364355356863416,3.44035770463278,1767836034.475855,None,None,None, None, 1767836034.4728553,1.0332976362992021
1767836034.6694758,87.38794755935669,-187.0272676620364,140.15878507009205,0.2,6.005660651747466,0.8052925737983025,3.0570852709211267,-0.5582099429845275,3.2908867308107084,1767836034.6594021,None,None,None, None, 1767836034.6594021,1.0103041330376736
1767836034.8693058,87.5877776145935,-200,7.548104833771995,0.2,5.977975136107676,0.8473355713550795,3.0440442652919764,-0.7572698262292304,3.113361714357924,1767836034.8447819,1.1176732244771947,3.4316142895782367,5.833809888852503, 1767836034.745085, 1767836034.8357625,0.9661670951106169
1767836035.070135,87.78860688209534,-200,20.56556990089566,0.2,5.6510939162365075,1.1797207457843268,3.3967840179882067,-1.0253069000259252,2.8496288206163953,1767836035.0372598,None,None,None, None, 1767836035.031739,0.934736308231137
1767836035.2704298,87.98890161514282,-200,39.95110821579219,0.2,5.462626133913186,1.2041591807751022,3.372316038877795,-0.7436265521800434,2.662095683874652,1767836035.2502751,None,None,None, None, 1767836035.2337348,1.0568682860912828
1767836035.4699106,88.18838238716125,-200,53.32907792077114,0.2,5.31880445054113,1.2241934528881289,3.3440692543966577,-0.6354043857267629,2.506268068986105,1767836035.4433029,None,None,None, None, 1767836035.4231563,1.0691017403502958
1767836035.66845,88.3869218826294,-200,76.86835683347489,0.2,5.196080144326921,1.2398878431740779,3.313782115956839,-0.8155189875772404,2.2889835927155864,1767836035.6271603,None,None,None, None, 1767836035.6271603,0.9997014987980001
1767836035.8698683,88.5883400440216,-192.271239122073,136.45918607605265,0.2,5.063566693470796,1.2517084137250483,3.2801586837148315,-0.9392451728806924,2.0124143001675328,1767836035.8771944,None,None,None, None, 1767836035.8857048,1.034122274413787
1767836036.068668,88.78713965415955,-109.85519408896322,175.55367503125908,0.2,4.98843467950589,1.2632513516794008,3.2402053551840697,-0.7616609763742765,1.8139497147675714,1767836036.0596528,None,None,None, None, 1767836036.0671568,1.0104605942907228
1767836036.2707176,88.9891893863678,-81.49779675444775,165.99195637876215,0.2,4.936704984227483,1.2695336927823369,3.197547157990803,-0.6496068107814523,1.6375422095586618,1767836036.2782323,None,None,None, None, 1767836036.2782323,0.9354637657109816
1767836036.469627,89.18809866905212,-47.17320374795044,154.73865160631058,0.2,4.823458510056977,1.2654600075552809,3.156090781136017,-0.5880342454114895,1.4748976134018619,1767836036.4529366,None,None,None, None, 1767836036.4624405,1.096966607680144
1767836036.6696327,89.38810443878174,-11.335928026935322,143.2711283430076,0.2,4.718273764673579,1.25739933533479,3.119379662069179,-0.8574680553479354,1.2633526384623976,1767836036.6391187,None,None,None, None, 1767836036.653126,0.9499238130642882
1767836036.868862,89.58733367919922,16.219286345084335,130.88734386604077,0.2,4.562377939183654,1.2438940652245714,3.086071215522683,-0.5808743867040943,1.119436136480462,1767836036.8508468,None,None,None, None, 1767836036.8743694,1.0662247319485851
1767836037.0695863,89.78805804252625,32.54416545795664,119.00654809096915,0.2,4.45960136339441,1.2295104103046246,3.0585488034751425,-0.42019782835828445,1.0148981134485482,1767836037.038538,None,None,None, None, 1767836037.01833,0.926695339780175
1767836037.2700884,89.98856019973755,46.20793117445867,108.18957086976584,0.2,4.388613421161093,1.2155955995082361,3.0348772562396458,-0.44109543303386284,0.8968140455749252,1767836037.2334292,None,None,None, None, 1767836037.250576,0.9202437442418414
1767836037.4711862,90.18965792655945,57.25291846109286,98.8017429043005,0.2,4.311847215606152,1.2019584949744444,3.0155024436305857,-0.4597049706235782,0.7624169710405405,1767836037.473689,None,None,None, None, 1767836037.4446638,0.9057657941977139
1767836037.669615,90.38808679580688,65.47839955458929,91.40214270135075,0.2,4.231508161404895,1.1889065491011417,2.999878456838304,-0.35367940936352044,0.6699194754962609,1767836037.6611118,None,None,None, None, 1767836037.6360831,0.917232183881897
1767836037.8686702,90.58714199066162,71.28364876115725,85.95473740081371,0.2,4.169948874278729,1.1773313399768122,2.9874848705232693,-0.26921232178794846,0.6070322739475819,1767836037.8426316,None,None,None, None, 1767836037.8326077,0.9122324719474689
1767836038.069663,90.78813481330872,75.23028532893194,82.13932035820069,0.2,4.126179829680928,1.1671268053922907,2.977017089866889,-0.2693891625717916,0.5376128152996316,1767836038.0379913,None,None,None, None, 1767836038.02113,0.9482501383709292
1767836038.26972,90.98819184303284,72.92155471651832,75.04935245326004,0.2,4.0826245980154425,1.1582055631141837,2.968536381349689,-0.32347219513457093,0.4496346781470863,1767836038.2284617,None,None,None, None, 1767836038.2913983,1.0202994496180537
1767836038.4694815,91.18795323371887,44.65529568624011,44.81448193889535,0.2,4.019161101566403,1.1504844019710212,2.9622440595499,-0.19225891978097043,0.39258980632984536,1767836038.472483,None,None,None, None, 1767836038.4228067,0.9163239684636321
1767836038.6698613,91.3883330821991,14.908012925624208,14.44296630663918,0.2,3.943851120033801,1.143756158884059,2.9574601088644314,-0.16874242687760405,0.3470987131037158,1767836038.6558442,None,None,None, None, 1767836038.6182737,0.9034966181588142
1767836038.8700907,91.58856248855591,-36.37413179302613,-39.92141441750469,0.2,3.8728795909817375,1.1381773183934052,2.9533612616373732,-0.157218408420156,0.3127848526737422,1767836038.8650742,None,None,None, None, 1767836038.8369665,1.0532033830001375
1767836039.070229,91.7887008190155,-68.92329614666151,-75.1914612332419,0.2,3.802726570979507,1.1327275648554485,2.949133545929552,-0.21290513773081082,0.2644132048058424,1767836039.0471795,None,None,None, None, 1767836039.0471795,1.0745562108130458
1767836039.269533,91.98800468444824,-91.65671051891509,-100.67403808783114,0.2,3.7357297780342065,1.1278534916442966,2.9452575991636585,-0.17185693846034014,0.21553807724110738,1767836039.283044,None,None,None, None, 1767836039.2680235,0.9426650621489777
1767836039.469682,92.1881537437439,-109.38037026859139,-121.11259018969166,0.2,3.6812949635642904,1.123657363494688,2.941946978293598,-0.19192746898480198,0.16367629807263767,1767836039.4606504,None,None,None, None, 1767836039.469682,0.9473753073295039
1767836039.6700218,92.38849353790283,-123.66832617265135,-138.12090203089647,0.2,3.624024111534229,1.12034156457219,2.939300565597366,-0.2502035347524875,0.09251006478107902,1767836039.6809654,None,None,None, None, 1767836039.6514971,0.9698482509884171
1767836039.8696516,92.5881233215332,-4.780990684984959,-156.03609186668047,0.2,3.5566232812634557,1.118016752393801,2.937268340484097,-0.2944563250410278,0.009856745296003932,1767836039.8636456,1.0426129071228436,2.670994255737597,3.4793791726573566, 1767836039.749546, 1767836039.8431304,0.978478582291079
1767836040.069464,92.78793573379517,-58.7310320278574,-196.78246984743808,0.2,3.45048694511017,1.0650180673202294,2.680783846764037,-0.2708423318662261,6.237297713100452,1767836040.068406,None,None,None, None, 1767836040.0343134,1.0917950927172397
1767836040.2709641,92.98943591117859,-52.80101529640323,-199.54514362615052,0.2,3.3503311482642775,1.070139616832275,2.679571363345556,-0.2360621016798412,6.1857016209590885,1767836040.2539508,None,None,None, None, 1767836040.2795439,1.0912821332561762
1767836040.4685519,93.18702363967896,-52.72265390862639,-199.58070976190083,0.2,3.298121020238033,1.0802527342027701,2.6801060384821223,-0.32017454728986,6.116029162410406,1767836040.4655452,None,None,None, None, 1767836040.4585462,0.9701063584396435
1767836040.6700957,93.38856744766235,-58.619531910724284,-196.83573306572978,0.2,3.23372334387247,1.0944564636108347,2.6808260182950328,-0.40303720599536486,6.021172573135067,1767836040.63829,None,None,None, None, 1767836040.6533103,0.9272855245127312
1767836040.8700254,93.58849716186523,-67.93326010565781,-192.20495941612322,0.2,3.1493990560641576,1.1137345565542207,2.6808681606473157,-0.3318217337591915,5.932268673355836,1767836040.832832,None,None,None, None, 1767836040.8425515,0.9653656488674802
1767836041.070422,93.788893699646,-88.32968367866779,-180.66014415684907,0.2,3.081551034786101,1.1345777275510998,2.6801588512554493,-0.3707119912138615,5.822577165316412,1767836041.0794601,None,None,None, None, 1767836041.038105,0.9410588915783148
1767836041.2690506,93.98752236366272,97.01811166121512,59.27281242289164,0.2,3.005083331730182,1.1542252000776243,2.6781264789562305,-0.407301427031527,5.714217881471267,1767836041.2610452,None,None,None, None, 1767836041.2356746,1.049352963114952
1767836041.4705293,94.18900108337402,89.22198794401035,67.82640704075358,0.2,3.1436369583324426,1.171905171597374,2.6820212415176337,-0.454189713698003,5.614071976822237,1767836041.4585147,None,None,None, None, 1767836041.4520118,1.0571647832023403
1767836041.6698313,94.38830304145813,84.11631667242193,73.19728539450337,0.2,3.0653483900836154,1.1886239513868149,2.6774462166669606,-0.2896336245289284,5.544008162415744,1767836041.6382365,None,None,None, None, 1767836041.6382365,1.0664731950093183
1767836041.8687336,94.58720541000366,80.82452734909651,76.56828112961037,0.2,3.0163426946251826,1.203139813750726,2.672934271498348,-0.3033139829267395,5.464831305659804,1767836041.8381915,None,None,None, None, 1767836041.8562076,0.9052970400434999
1767836042.070075,94.7885468006134,79.04111133335773,78.3655308813655,0.2,2.9651439104936483,1.215778403463578,2.6684600681073625,-0.3541425597195238,5.36857973391444,1767836042.029166,None,None,None, None, 1767836042.0495596,1.0325333234729897
1767836042.2698612,94.98833298683167,40.14879252411352,39.99267055013699,0.2,2.9053261086585698,1.2264004847379977,2.664054661123509,-0.22545408650431456,5.303120868920493,1767836042.2192116,None,None,None, None, 1767836042.2462752,1.0988829080614657
1767836042.4698155,95.1882872581482,20.51635999990064,20.51523427261097,0.2,2.809056367941528,1.2374088209096568,2.6586014491100913,-0.19067648682158017,5.246239885472574,1767836042.4210923,None,None,None, None, 1767836042.4319475,0.9207836271839239
1767836042.669743,95.38821482658386,4.522128464884151,4.648607361278241,0.2,2.7484329638362928,1.2475211013702683,2.653823305246599,-0.22445507065952391,5.179160403963635,1767836042.687279,None,None,None, None, 1767836042.6190307,1.002681580748314
1767836042.8694596,95.58793139457703,-31.770447077928477,-30.59769924116028,0.2,2.6857174771427004,1.2564475105630348,2.649313137578011,-0.24221523916813112,5.11764559950002,1767836042.8649187,None,None,None, None, 1767836042.8838408,1.0301375734035663
1767836043.0704126,95.78888440132141,-67.4141116372668,-65.20704901646137,0.2,2.6171301336312145,1.264209260710024,2.6450273911732056,-0.1830103046959005,5.078385142215232,1767836043.0601118,None,None,None, None, 1767836043.0691438,1.056196431231461
1767836043.2694378,95.98790955543518,-95.14570480721703,-88.91141848610583,0.2,2.5559044813329934,1.2712408501781183,2.6408880474689553,-0.18042152661432953,5.036824911346123,1767836043.247409,None,None,None, None, 1767836043.277449,1.0750431557575495
1767836043.4689581,96.18742990493774,-145.54601354555626,-134.18550042263072,0.2,2.4994485177461723,1.2762149656003854,2.637872120144673,-0.2186970366414138,4.981145052437,1767836043.435909,None,None,None, None, 1767836043.4624436,0.9669012075707343
1767836043.6697843,96.38825607299805,-150.37660331106045,-128.9316523111062,0.2,2.410183838045824,1.279762621639242,2.6357390761334307,-0.28185155089275515,4.903755059460537,1767836043.6280813,None,None,None, None, 1767836043.6491008,0.995992465878223
1767836043.8703058,96.58877754211426,-155.930740245383,-122.53938190344168,0.2,2.349532258244138,1.2820581164941676,2.6348605927853344,-0.22191598692430337,4.841673403085276,1767836043.8317757,None,None,None, None, 1767836043.841282,0.9276131722906142
1767836044.0702322,96.78870391845703,-162.77848192922724,-114.08456181079197,0.2,2.301691532469659,1.2832482807105183,2.634993443354924,-0.27956973753890707,4.764534278459396,1767836044.0317643,None,None,None, None, 1767836044.050785,1.0031209219075072
1767836044.2707975,96.9892692565918,-172.7180515955559,-100.50726305158568,0.2,2.242779514350422,1.282768569848777,2.6370747708908575,-0.45280205937046986,4.631121622206515,1767836044.2813075,None,None,None, None, 1767836044.234366,0.9630367322583221
1767836044.4709165,97.18938827514648,-180.37039309885995,-88.79773538766285,0.2,2.1496873957618083,1.2800157193276707,2.642979798848458,-0.4744661037402604,4.508839053588322,1767836044.4689143,None,None,None, None, 1767836044.4293745,1.0210230499106412
1767836044.67026,97.38873171806335,-186.71290636201726,-78.08740371416374,0.2,2.0535544905855683,1.276497576359866,2.651834312896503,-0.3713581334829791,4.406058574470393,1767836044.6732597,None,None,None, None, 1767836044.67426,1.0765602070803426
1767836044.8724296,97.5909013748169,-189.22453589386558,-73.55413454083718,0.2,1.9780644545529193,1.2716479405076544,2.6643547551597377,-0.4550562884797692,4.25712632168104,1767836044.895633,1.1949672575234964,2.6302836855636924,2.0120767882640074, 1767836044.751887, 1767836044.8754306,0.9354800298273767
1767836045.0702567,97.78872847557068,-200,-50.30500811889807,0.2,1.8527434387383328,1.1783448627996504,2.6714464802414266,-0.6396216842550942,4.066978015610263,1767836045.095795,1.1740437458748414,2.686210711489304,1.8513423616927953, 1767836045.0852892, 1767836045.07978,0.958296676411633
1767836045.271705,97.99017667770386,-200,-21.705472052351205,0.2,1.733503400788466,1.1737900679196576,2.6954458163205937,-0.5532346220392113,3.9004710804327467,1767836045.2876213,None,None,None, None, 1767836045.2747052,0.9493421688593818
1767836045.4705584,98.18903017044067,-200,6.550993546449073,0.2,1.6222331065482485,1.171324227193372,2.7248387562154806,-0.42873207973043675,3.7723065501275683,1767836045.488874,None,None,None, None, 1767836045.4855845,0.9045522658915839
1767836045.6703076,98.38877940177917,-200,24.00541117124247,0.2,1.5374802362387112,1.1712309598054391,2.7560368618279782,-0.6203712304288116,3.5872777494321513,1767836045.6874366,None,None,None, None, 1767836045.675815,0.9956530329976193
1767836045.8708298,98.58930158615112,-200,41.605654305477145,0.2,1.415671461345258,1.1755990908256246,2.79088835351013,-0.6437016613378485,3.3922752981965147,1767836045.8828456,None,None,None, None, 1767836045.873829,1.0871421679929238
1767836046.0707493,98.7892210483551,-200,55.05964550138521,0.2,1.2899741501095405,1.1851221383078259,2.8271441445068453,-0.5584070500318672,3.2172613255998477,1767836046.078254,None,None,None, None, 1767836046.075743,0.9559390380271959
1767836046.274186,98.99265766143799,-200,61.50928150461485,0.2,1.182015709102717,1.1988635420552822,2.8629567732608203,-0.6064462257344267,3.020053060877403,1767836046.278479,None,None,None, None, 1767836046.278479,0.9987347817505292
1767836046.473936,99.1924078464508,-200,61.50928150461485,0.2,1.062771585673749,1.2174833344802423,2.897665809005508,-0.6244376779236992,2.8350301335940964,1767836046.5255475,None,None,None, None, 1767836046.5105307,0.9365350858544855
1767836046.6697245,99.38819622993469,-200,61.50928150461485,0.2,0.9438269829399759,1.2391145476785357,2.9277445831389275,-0.7470968684754272,2.6610046261937987,1767836046.6671357,None,None,None, None, 1767836046.6671357,0.9807670870125631
1767836046.8711476,99.58961939811707,-200,61.50928150461485,0.2,0.8012490260110372,1.2651602723592712,2.9542481094743622,-0.8930398780458509,2.4788138486141817,1767836046.869644,None,None,None, None, 1767836046.8681383,0.9352501799689587
1767836047.0695336,99.78800535202026,-200,61.50928150461485,0.2,0.6256208422733331,1.2973388388448068,2.9768400198759464,-0.5893968718930334,2.356272168571741,1767836047.0605114,None,None,None, None, 1767836047.0720377,1.0416998448688073
1767836047.2706058,99.9890775680542,-200,61.50928150461485,0.2,0.5141960524369029,1.3295503227231522,2.995043183960565,-0.8525756052952208,2.1259259451642425,1767836047.2756066,None,None,None, None, 1767836047.293366,1.0073473679824891
1767836047.4707453,100.18921709060669,-200,61.50928150461485,0.2,0.34804091704908297,1.3656465424910331,3.0074825488853545,-0.7155056198436268,1.9379422607770969,1767836047.4677372,None,None,None, None, 1767836047.4246733,0.9361609034680733
1767836047.6709206,100.38939237594604,-200,61.50928150461485,0.2,0.21091458347390382,1.4019900921208863,3.0148012660402044,-0.6489025395478707,1.798931388760626,1767836047.658879,None,None,None, None, 1767836047.6784248,1.0555653117963302
1767836047.871503,100.5899748802185,-200,61.50928150461485,0.2,0.08610193725622482,1.4390527408754574,3.0178651696424486,-0.6569456164671891,1.6579327906054189,1767836047.8674765,None,None,None, None, 1767836047.8845072,1.0524961841474296
1767836048.069938,100.78840970993042,-200,79.1525457714511,0.2,6.24244955855663,1.4762911292523115,3.01627009094064,-0.6999213908811666,1.4703417547926834,1767836048.0729399,None,None,None, None, 1767836048.0729399,1.0644204007874418
1767836048.2704346,100.9889063835144,-199.06362497119116,131.21976978156948,0.2,6.135477960120513,1.5140268126568925,3.01105030999501,-0.7943806011154859,1.214022957103568,1767836048.28746,None,None,None, None, 1767836048.28746,1.0484873543391542
1767836048.4715698,101.19004154205322,-136.47779439642449,166.58706462702813,0.2,6.073096868056341,1.557608907444487,3.002731660196909,-0.6320645393804601,1.01893999381303,1767836048.487088,None,None,None, None, 1767836048.487088,1.0219910245323751
1767836048.668996,101.38746786117554,-98.06286393301109,171.54328788505026,0.2,6.033175387254737,1.6020473649724578,2.9890017595441245,-0.6740710447648535,0.8162497576506449,1767836048.6779842,None,None,None, None, 1767836048.666937,0.9157117634790217
1767836048.869552,101.58802366256714,-61.103047396617285,159.26934216197833,0.2,5.933370282673312,1.6408123631409335,2.9671297574033932,-0.7882076664759227,0.6173623936538704,1767836048.9358907,None,None,None, None, 1767836048.9358907,0.9838905269005607
1767836049.0699027,101.78837442398071,-20.87296544296786,146.29890284633782,0.2,5.792231219553821,1.6725344250081933,2.939980204895515,-0.6801541338147048,0.47427637920527205,1767836049.059391,None,None,None, None, 1767836049.0583909,0.9080825318288597
1767836049.2698393,101.98831105232239,11.957042998245893,133.81700399837877,0.2,5.670508899385017,1.6972242747185933,2.912459859780576,-0.5796145633170786,0.34214254308077374,1767836049.251315,None,None,None, None, 1767836049.251315,0.9286417263559843
1767836049.4696279,102.18809962272644,27.119135887158073,123.07495378796055,0.2,5.567931501253334,1.7167410231202984,2.8859705870608265,-0.4165780127543376,0.24473352079985555,1767836049.453105,None,None,None, None, 1767836049.4430916,1.0894733349734047
1767836049.6687849,102.38725662231445,39.99501528008395,113.21248676756802,0.2,5.496688429454999,1.733048517317555,2.861352662347194,-0.4674497688669796,0.13056445955030052,1767836049.6402266,None,None,None, None, 1767836049.632202,0.9351513072755686
1767836049.869744,102.5882158279419,-14.863873677204138,42.919980963009536,0.2,5.41452138808163,1.74563029974789,2.838321646986933,-0.4833095898104069,0.0005320299225358809,1767836049.829209,2.0559824198433487,3.039290464886397,5.126869836609181, 1767836049.760177, 1767836049.8782735,0.9277518988804182
1767836050.0689945,102.78746628761292,-0.569483549953141,47.38492177764439,0.2,5.159061757176355,2.076221857089723,3.0013724787813976,-0.3147832007955712,6.189799637600041,1767836050.0734036,None,None,None, None, 1767836050.0734036,0.9384059809942682
1767836050.2696788,102.98815059661865,13.041142912218769,55.00274248713727,0.2,5.10721131058658,2.0817374720475175,2.98463620628507,-0.32218351273784224,6.102076900566387,1767836050.256153,None,None,None, None, 1767836050.2571483,0.9965192116988911
1767836050.4698143,103.1882860660553,22.686845183888824,61.959722789664326,0.2,5.061262027747068,2.0859594218097035,2.969318140810362,-0.31488240956698244,6.032750960519289,1767836050.4628088,None,None,None, None, 1767836050.4553041,1.08916227285447
1767836050.6688507,103.38732242584229,31.719998111153423,68.01149391164509,0.2,5.016483623562797,2.088900744016965,2.9552781628826095,-0.31122211565706426,5.961906017438439,1767836050.6472578,None,None,None, None, 1767836050.6628277,1.019631378768884
1767836050.8699467,103.58841848373413,39.62896395769703,72.52016602863903,0.2,4.971799975999062,2.090866179330072,2.9420518136444205,-0.196290503339752,5.910714880759942,1767836050.8313372,None,None,None, None, 1767836050.8413458,1.0592505073457812
1767836051.0697036,103.78817534446716,46.35284218488967,75.67581566754919,0.2,4.948770854162971,2.0925673838741785,2.9291544547797574,-0.22545167426863996,5.848050523222726,1767836051.099315,None,None,None, None, 1767836051.0361207,1.024904027222736
1767836051.2688427,103.98731446266174,51.87453874576477,77.54317405927503,0.2,4.917429183875513,2.0935971492696948,2.916973719971133,-0.22163810442984727,5.783975649320535,1767836051.284864,None,None,None, None, 1767836051.2350204,0.9186508508079924
1767836051.4728532,104.19132494926453,56.03575445337829,78.1194550943371,0.2,4.88548318103688,2.094152118355061,2.9051574018169157,-0.16101940955736102,5.74228458793658,1767836051.4643135,None,None,None, None, 1767836051.4748526,0.912080848481185
1767836051.6703038,104.38877558708191,58.67397193158806,77.32741939262944,0.2,4.865872413299129,2.094574448329724,2.893351015646084,-0.14499871376476253,5.709005681158259,1767836051.6457806,None,None,None, None, 1767836051.6733038,1.071799934933522
1767836051.8684533,104.58692502975464,60.06037461790823,75.4775574027528,0.2,4.842111066927577,2.0945267520844686,2.882858620926183,-0.15699227083922407,5.668843800501116,1767836051.8353052,None,None,None, None, 1767836051.8498542,0.9398365914601436
1767836052.0702097,104.7886815071106,60.123725949589804,72.64195129542556,0.2,4.81731735975048,2.094321565594985,2.872322468935267,-0.10603569152898902,5.639868601476961,1767836052.030854,None,None,None, None, 1767836052.047358,0.9064859933225978
1767836052.2702863,104.9887580871582,59.011554649091394,69.0150142514489,0.2,4.801809044182636,2.0940492462557723,2.8621206761315268,-0.06673697650469106,5.6208151595526425,1767836052.2848,None,None,None, None, 1767836052.2335832,0.9686001756218442
1767836052.4687564,105.18722820281982,57.001120067907685,64.8451647070186,0.2,4.789830196652913,2.0936982906097423,2.8526999263903976,-0.052977684228316356,5.607558979160996,1767836052.464236,None,None,None, None, 1767836052.4386947,1.0644863087230545
1767836052.6705334,105.38900518417358,54.30327242799127,60.28856848806144,0.2,4.77913156370336,2.0933410859694406,2.8437068906426894,-0.055712961560492005,5.594726653109354,1767836052.6454916,None,None,None, None, 1767836052.640488,0.9750261103085528
1767836052.8702219,105.58869361877441,50.766580702595924,55.25711792537385,0.2,4.768590632188925,2.092984559626763,2.834973381448899,-0.021184698180151333,5.589880577840293,1767836052.8651927,None,None,None, None, 1767836052.8393772,0.9050822282171553
1767836053.069021,105.7874927520752,46.86215247799421,50.16645306155433,0.2,4.761467079596182,2.092638655871447,2.8268682921624917,-0.004723083442960005,5.588881847592105,1767836053.060885,None,None,None, None, 1767836053.0508091,1.0911839162066588
1767836053.270334,105.98880577087402,42.75344785120761,45.13399893180603,0.2,4.757319162575538,2.0923601916623062,2.8190774599263513,0.0066463143797917046,5.590428182631531,1767836053.246049,None,None,None, None, 1767836053.2380476,1.0424383609241195
1767836053.4705098,106.18898153305054,38.520743767179304,40.19906992319544,0.2,4.755864864180939,2.092156229101419,2.811537164344905,0.01602776013176874,5.594508824382246,1767836053.4393675,None,None,None, None, 1767836053.432857,0.9373913700790922
1767836053.6700146,106.38848638534546,34.30252751625459,35.451338029505834,0.2,4.75482681506173,2.0920026517744765,2.80440784220568,0.019307372052440576,5.599726072461642,1767836053.6294038,None,None,None, None, 1767836053.6284022,0.989462323636498
1767836053.8698776,106.58834934234619,30.110571923561537,30.885638835410656,0.2,4.7544055889777495,2.091908141162036,2.797560738624553,0.032442738995746755,5.6091080738775005,1767836053.8873866,None,None,None, None, 1767836053.820163,0.9808852860251507
1767836054.0737116,106.79218339920044,25.81285516152922,26.343749755029013,0.2,4.756617140110286,2.0918833402119827,2.7909391599342164,0.05063775973234328,5.62405460758489,1767836054.0290968,None,None,None, None, 1767836054.0782225,1.0583195308544089
1767836054.27145,106.9899218082428,21.941343125136516,22.286727088524287,0.2,4.762532324848381,2.0919434313710927,2.784468050227589,0.04561061210930569,5.637506337944324,1767836054.277958,None,None,None, None, 1767836054.2335024,1.0535118881437433
1767836054.4684653,107.18693709373474,18.336567500875365,18.539090442762284,0.2,4.766344202022374,2.092054247007247,2.778358338203271,0.03924503198388337,5.649797666636781,1767836054.4724767,None,None,None, None, 1767836054.4724767,1.0243735527280626
1767836054.6698189,107.38829064369202,14.797358975343634,14.903412106295416,0.2,4.769910306271002,2.092222317860986,2.772441102459093,0.04621240869636433,5.662437541099333,1767836054.6577547,None,None,None, None, 1767836054.6657567,0.9827316067307434
1767836054.8695927,107.58806443214417,68.90116952168678,-95.86610094658936,0.2,4.775181993073725,2.092445274794579,2.7667043028758225,0.07075948000107844,5.679304187426352,1767836054.8420603,2.0267689810633263,2.4661930033580983,4.5393841617703465, 1767836054.769029, 1767836054.8460598,1.0206688730710174
1767836055.0709195,107.78939127922058,-34.88947315987313,-200,0.2,4.677623290135033,2.0280368647449794,2.4871293784632234,0.044155491841737546,5.691376249273508,1767836055.025377,None,None,None, None, 1767836055.034391,0.9510811780564933
1767836055.2698438,107.98831558227539,-31.901465915362458,-200,0.2,4.562877921015858,2.028968032807243,2.4841043469690742,0.0209119767318906,5.697638992186892,1767836055.2738438,None,None,None, None, 1767836055.2332993,1.0022174147657241
1767836055.469825,108.18829679489136,-32.52073091726078,-200,0.2,4.561921362261438,2.0296578607421436,2.486652909469587,-0.014349824217405636,5.6936578340971575,1767836055.4473782,None,None,None, None, 1767836055.43137,0.9522839037465242
1767836055.6702313,108.38870310783386,-36.10587185407205,-200,0.2,4.552577142854894,2.0309467633807525,2.496029894033234,-0.05589566202231996,5.67949482797048,1767836055.6386344,None,None,None, None, 1767836055.6256132,0.9210070218867257
1767836055.8698957,108.5883674621582,-42.66215691542192,-200,0.2,4.535679633688881,2.032876332976028,2.510993991915088,-0.06523556020102964,5.661238889350599,1767836055.892289,None,None,None, None, 1767836055.892289,0.9432539311503212
1767836056.0697298,108.78820157051086,-50.669762980616134,-200,0.2,4.517567924984137,2.035365718342733,2.5302997627352797,-0.09338728855253212,5.632793811445077,1767836056.0737288,None,None,None, None, 1767836056.0915875,1.0457032095083834
1767836056.2700477,108.98851943016052,-59.91432428015609,-196.21404179435274,0.2,4.493513759689919,2.038649175536003,2.5530564631189594,-0.12769309253315225,5.597847530605105,1767836056.2523594,None,None,None, None, 1767836056.271549,0.9491581821546193
1767836056.4696288,109.18810057640076,-67.58157281311283,-192.38666917313824,0.2,4.46274873269795,2.042813452613039,2.5775911547131902,-0.21265964435831347,5.54660468202172,1767836056.4449277,None,None,None, None, 1767836056.4514337,0.9360029241244358
1767836056.669782,109.38825368881226,-74.47156424814854,-188.72417088774463,0.2,4.416279887005396,2.0483347592920844,2.6028141359055192,-0.23205984851132255,5.489162856216562,1767836056.646088,None,None,None, None, 1767836056.646088,0.9985981519263235
1767836056.8697612,109.58823299407959,-81.8178947803033,-184.57063437857752,0.2,4.365644603954352,2.0552082565783465,2.628151279316903,-0.18716337483499115,5.442493075319648,1767836056.8435786,None,None,None, None, 1767836056.8542457,0.9913962475929115
1767836057.0701106,109.78858232498169,-87.8354490166049,-180.96481589434597,0.2,4.324334871473879,2.0627828747508774,2.65264530887314,-0.249555565228335,5.378726729996212,1767836057.040118,None,None,None, None, 1767836057.040118,1.0543125029170863
1767836057.2697926,109.98826432228088,-91.60574067210689,-178.606841952351,0.2,4.270588819113758,2.0715490175163147,2.6762336616034865,-0.37781945580256,5.2781416176789335,1767836057.2322347,None,None,None, None, 1767836057.2322347,1.0834831311570507
1767836057.468917,110.18738865852356,-92.4793578494459,-178.04922421063765,0.2,4.192593160708634,2.082063722938383,2.6984722730584116,-0.3028668011166824,5.200547625936046,1767836057.4494007,None,None,None, None, 1767836057.464915,0.9933769282643319
1767836057.6699474,110.38841915130615,-92.99505514889597,-177.71803983867557,0.2,4.129580372364075,2.0938793419238872,2.720067797927047,-0.28033996478799983,5.1333869421186265,1767836057.6504152,None,None,None, None, 1767836057.6403859,0.9764481101576454
1767836057.870252,110.58872365951538,-91.9466769946139,-178.38973769524844,0.2,4.069692984483167,2.10688400491459,2.7407873620000447,-0.37661433305493053,5.04028087062548,1767836057.8415945,None,None,None, None, 1767836057.8340762,1.0107701687897381
1767836058.0706391,110.78911089897156,-89.3978854869206,-179.99712010127925,0.2,3.9924016029301748,2.1213525448479706,2.760062598708141,-0.45468808921793263,4.914514089470433,1767836058.0220814,None,None,None, None, 1767836058.0796907,0.9757498017304531
1767836058.273524,110.9919958114624,-87.53956410646629,-181.14658410121902,0.2,3.8997464648870728,2.1377968272367585,2.777929392907966,-0.34022778627956474,4.809858230577031,1767836058.2770286,None,None,None, None, 1767836058.2770286,1.0214607523846446
1767836058.469595,111.18806672096252,-90.80335392434642,-179.1152275780034,0.2,3.8284662901511926,2.155493215537362,2.794712188797146,-0.44260617773694916,4.667854943872366,1767836058.4725943,None,None,None, None, 1767836058.4610667,1.0769796092789559
1767836058.66959,111.38806176185608,-95.53555082494869,-176.06430411619866,0.2,3.7419875309526622,2.1727085780637085,2.808090009265166,-0.4454493416292459,4.543711772808009,1767836058.657499,None,None,None, None, 1767836058.642465,1.0602820106890811
1767836058.8697822,111.58825397491455,-100.64742257433203,-172.62154925957566,0.2,3.6495389157360334,2.191253982219832,2.8199218894182922,-0.5167523229631609,4.418457082365805,1767836058.8391752,None,None,None, None, 1767836058.831536,0.9043685514397202
1767836059.0698507,111.78832244873047,-106.61074823269291,-168.401067609938,0.2,3.5452749554967715,2.209552797728825,2.828945336443064,-0.3910433736620074,4.313342750979273,1767836059.0307183,None,None,None, None, 1767836059.087567,0.9597676125449894
1767836059.2719882,111.99045991897583,-112.52525995046703,-163.98356847798834,0.2,3.4659047867005808,2.227064851416179,2.8360906182098216,-0.5030966728618613,4.165248614544335,1767836059.2804904,None,None,None, None, 1767836059.2324317,0.9745495331567608
1767836059.470312,112.18878388404846,-118.45081344965433,-159.30990191836068,0.2,3.363349638460611,2.2438977739294015,2.8409115239324207,-0.5969485889561988,4.008587297241715,1767836059.4612541,None,None,None, None, 1767836059.48633,1.0882753294773777
1767836059.6698825,112.38835430145264,-119.24561149865761,-158.66315910570808,0.2,3.245802230000045,2.2588057044773775,2.8431810230940804,-0.546215461698816,3.8886821590599485,1767836059.6579888,None,None,None, None, 1767836059.6794658,1.0561605680547794
1767836059.8705757,112.5890474319458,-104.34512098251153,-140.6611734935661,0.2,3.13585716754795,2.2745274073773696,2.844099397867431,-0.4706888570244494,3.775363332834496,1767836059.841408,2.275318810957794,2.7377331674003353,3.2051928423304554, 1767836059.771667, 1767836059.8605447,1.0208809235214416
1767836060.0695915,112.78806328773499,86.54225083232272,70.66732894704593,0.2,3.0365571528076454,2.3044477977025033,2.7376628114359716,-0.5773526996849433,3.6240959135024022,1767836060.034772,None,None,None, None, 1767836060.0620816,1.0704877925348282
1767836060.2700996,112.98857140541077,83.7427149421338,73.58343221078633,0.2,3.1300416344195283,2.3175341018247746,2.7392750921958497,-0.7502152764041068,3.4253944959233897,1767836060.2394505,None,None,None, None, 1767836060.2394505,0.9150231796894882
1767836060.4707937,113.18926548957825,81.84562826102884,75.53012626717289,0.2,2.9992669911002103,2.3274034497447817,2.7353114545927135,-0.4513461583148337,3.301314505224932,1767836060.4917994,None,None,None, None, 1767836060.442749,1.0790645444928317
1767836060.669538,113.38800978660583,79.60339151950086,77.80106353921254,0.2,2.9206557589444313,2.335752664221603,2.731429235558966,-0.4601872263362417,3.1653644903435345,1767836060.6870303,None,None,None, None, 1767836060.6354609,1.0033308634198312
1767836060.8725197,113.5909914970398,58.009518474257476,57.99607888589411,0.2,2.8394550518750084,2.340754560077265,2.728115464356578,-0.4726538733012095,3.0164193312391205,1767836060.878526,2.287953469553012,2.7394890133768843,2.6329895629932563, 1767836060.878526, 1767836060.8795264,1.0245040219753607
1767836061.0683386,113.7868103981018,7.286619295224536,8.701792809035114,0.2,2.7256820170727334,2.3438803775375385,2.725250231419392,-0.4519479692288778,2.900109673817703,1767836061.067336,None,None,None, None, 1767836061.0746906,1.092876122493445
1767836061.2692559,113.98772764205933,-92.23949967579614,-83.01268471173005,0.2,2.571992122309208,2.3455435310343353,2.723268014115567,-0.3566822627769543,2.8232638236571983,1767836061.2557294,None,None,None, None, 1767836061.2557294,1.0370411525745584
1767836061.47008,114.18855166435242,-147.6085537656294,-131.97540118283007,0.2,2.435236022582662,2.346529083993905,2.7225873187962533,-0.308353663206356,2.753001410280576,1767836061.4555662,None,None,None, None, 1767836061.4545686,0.9629056806463993
1767836061.6699262,114.38839793205261,-153.53370647542374,-125.34641249315311,0.2,2.3261681396606866,2.3471634950868068,2.7229683743978,-0.41612345088661173,2.654781170315768,1767836061.6472483,None,None,None, None, 1767836061.6472483,1.0408391643987827
1767836061.8698018,114.58827352523804,-159.12885188532883,-118.67390805818816,0.2,2.241492773394983,2.3467071195819513,2.7249318377814555,-0.554867171510579,2.5265690482061385,1767836061.8602836,None,None,None, None, 1767836061.8457637,0.9813535902427091
1767836062.0699372,114.78840899467468,-164.76128282828302,-111.50692992923257,0.2,2.1295638259430834,2.3456457454187527,2.7287416714604955,-0.4271580509143868,2.426114744779295,1767836062.043917,None,None,None, None, 1767836062.0339055,1.0577323092684796
1767836062.2705193,114.98899102210999,-170.83004146921357,-103.21793037776244,0.2,2.0428833018770565,2.3435079997319646,2.7348588216664016,-0.43141037390521697,2.313220549433565,1767836062.2344315,None,None,None, None, 1767836062.2344315,1.0928059055343302
1767836062.4698155,115.1882872581482,-179.22511420736768,-90.62917226098857,0.2,1.9552180847921758,2.3404351998257997,2.744120010807776,-0.5703365365607949,2.1595433985935535,1767836062.4347434,None,None,None, None, 1767836062.4282296,0.9028705204351045
1767836062.6697242,115.38819599151611,-188.556087568159,-74.77812040259009,0.2,1.8414255522763046,2.337069926702187,2.757962732980365,-0.5745008842689311,2.000218893961693,1767836062.6263735,None,None,None, None, 1767836062.6263735,1.0222411483614788
1767836062.8701298,115.58860158920288,-197.95493170077648,-56.25142237245579,0.2,1.7262529666542872,2.3342210355334183,2.776842063644658,-0.4850411405429498,1.8616240971062599,1767836062.8271422,None,None,None, None, 1767836062.8881502,1.0969179240873848
1767836063.070001,115.7884726524353,-200,-36.52010051389552,0.2,1.6288279652387665,2.3324276031601645,2.8004200985912475,-0.5412871671630348,1.7123989183251584,1767836063.0361636,None,None,None, None, 1767836063.0271614,0.9219075992303662
1767836063.2686427,115.98711442947388,-200,-10.92229847687365,0.2,1.5211838862357723,2.333129461117395,2.8277401233063486,-0.7140090432310117,1.5097974495882613,1767836063.2173698,None,None,None, None, 1767836063.2324562,1.015157772063308
1767836063.471695,116.19016671180725,-200,8.96107280217181,0.2,1.3808213618344758,2.3383784866699675,2.8582443048528647,-0.6433997150853319,1.310710964005282,1767836063.4731987,None,None,None, None, 1767836063.4220922,1.004328929086981
1767836063.6708083,116.38928008079529,-200,18.279872744505894,0.2,1.2521968542540667,2.348181800127347,2.890732384595236,-0.6440263061412826,1.1382802748631455,1767836063.6582859,None,None,None, None, 1767836063.6773102,0.9394672520234453
1767836063.8697698,116.58824157714844,-200,24.020325490136017,0.2,1.1281851102796157,2.3620302461846805,2.9213764332786347,-0.5675672680654306,1.0068146192402332,1767836063.849119,None,None,None, None, 1767836063.8215516,1.0679374802502872
1767836064.0685587,116.78703045845032,-200,36.38100371366018,0.2,1.017294252580891,2.379542461973087,2.951304967848655,-0.8154187702255211,0.804184910297628,1767836064.0395007,None,None,None, None, 1767836064.0825806,0.9886508983192601
1767836064.2685897,116.98706150054932,-200,47.51365417794579,0.2,0.8584156196226506,2.403421977199026,2.9795853756067645,-0.6897506294969398,0.6119750124190554,1767836064.2781825,None,None,None, None, 1767836064.2635682,1.0538271499680865
1767836064.4700546,117.18852639198303,-200,59.89691340236744,0.2,0.7242815493411038,2.4315512737862273,3.005114063336148,-0.7931616046415838,0.41285841386078864,1767836064.4690516,None,None,None, None, 1767836064.473054,1.0265065021904771
1767836064.6700003,117.38847208023071,-200,61.50928150461485,0.2,0.5703872711646747,2.464636448533234,3.0263997966517433,-0.6431353809241501,0.27975559932679006,1767836064.6629865,None,None,None, None, 1767836064.6629865,0.9753184441810622
1767836064.8704076,117.58887934684753,-200,-6.4305036439263725,0.2,0.44755484009107566,2.498141403483571,3.0422769861584067,-0.7452993797864895,0.11212425872628051,1767836064.851909,2.4253966373205764,3.4535871866999774,0.4229103232811058, 1767836064.774307, 1767836064.8604026,1.0018275501572194
1767836065.0696902,117.78816199302673,-200,24.592011356256915,0.2,0.24410200749583266,2.4889923138240766,3.4782722196462905,-0.7350122554997753,6.210207675305301,1767836065.0356364,None,None,None, None, 1767836065.064174,0.9102596017383346
1767836065.2707417,117.98921346664429,-200,48.620915245725584,0.2,0.10352798087750313,2.5252611303620456,3.4840173050691567,-0.6912645027844331,6.026839734927599,1767836065.2395751,None,None,None, None, 1767836065.2482064,1.007628955501122
1767836065.4697318,118.18820357322693,-200,61.50928150461485,0.2,6.252390394708591,2.5622379867217475,3.4837414039738275,-0.7591630200172628,5.830812493245705,1767836065.4406707,None,None,None, None, 1767836065.4491863,0.9380153448644742
1767836065.6689763,118.38744807243347,-200,61.50928150461485,0.2,6.108081509879907,2.5966748085694,3.4771339715577674,-0.983327681420574,5.572178780735302,1767836065.634263,None,None,None, None, 1767836065.6573677,1.058638710553691
1767836065.8694737,118.5879454612732,-200,61.50928150461485,0.2,5.9198095237497546,2.6277041670482792,3.46327233247278,-0.8654902980115371,5.33777708428087,1767836065.8328521,None,None,None, None, 1767836065.83895,1.0330915578453304
1767836066.0702918,118.7887635231018,-200,61.50928150461485,0.2,5.753176944193386,2.6567114886269754,3.444361125081565,-0.6077824318759699,5.168188370329799,1767836066.091814,None,None,None, None, 1767836066.0472703,1.0189742042494347
1767836066.2686064,118.98707818984985,-200,61.50928150461485,0.2,5.6366143918463845,2.684090598259239,3.422824364992983,-0.9377926029771319,4.889189803230144,1767836066.2823386,None,None,None, None, 1767836066.2380638,0.9230548602230345
1767836066.4695017,119.1879734992981,-200,88.32956107074524,0.2,5.457171204879204,2.7062721493637403,3.396229948313662,-0.9444035238407021,4.640798831341462,1767836066.4629729,None,None,None, None, 1767836066.4354577,1.0900678054466084
1767836066.6694503,119.38792204856873,-156.40170596998732,157.68129293481002,0.2,5.316346137939776,2.727417447620149,3.3645236274549113,-0.7721980983141349,4.463191412936967,1767836066.6454215,None,None,None, None, 1767836066.6362479,1.06496040009823
1767836066.8700116,119.58848333358765,-111.28132787242048,176.04235221136065,0.2,5.302429922349383,2.751906670210612,3.3292788396085182,-0.8046251238077555,4.254541764322347,1767836066.8342805,None,None,None, None, 1767836066.8272789,1.0860754328358966
1767836067.0702007,119.78867244720459,-111.28132787242048,176.04235221136065,0.2,5.2000727994257545,2.767584452793591,3.2865144974399922,-0.9904803317969513,3.9726744213656042,1767836067.090537,None,None,None, None, 1767836067.090537,1.0314188669764437
1767836067.2696915,119.98816323280334,-111.28132787242048,176.04235221136065,0.2,5.018579620168333,2.772092248710236,3.2392821634955338,-0.8020832668233658,3.730208302174574,1767836067.2842414,None,None,None, None, 1767836067.2316318,0.9721136190342794
1767836067.4697893,120.18826103210449,-93.0278696442336,169.84638612664202,0.2,4.873926766193957,2.770320929491934,3.191831166939128,-0.6165725616201035,3.544775416704345,1767836067.4858541,None,None,None, None, 1767836067.4858541,1.0589042469303174
1767836067.6727762,120.39124798774719,-33.363100381911956,150.28962610141105,0.2,4.765769354958344,2.763912456018524,3.1477767511466825,-0.4655133144872838,3.366061917803639,1767836067.6727762,None,None,None, None, 1767836067.6882908,0.9753348969776522
1767836067.8699718,120.58844351768494,15.852122380814386,131.14241636670408,0.2,4.687487977842821,2.755052439904622,3.112390067570464,-0.666882537149585,3.199970435384944,1767836067.8171084,None,None,None, None, 1767836067.8780494,0.9474905306150144
1767836068.0708127,120.78928446769714,36.98934006282187,115.5792615298255,0.2,4.564457072745305,2.742858386436115,3.0846944743605254,-0.5127029644257121,3.0420778021379746,1767836068.0738122,None,None,None, None, 1767836068.058652,1.097853382925221
1767836068.2689745,120.98744630813599,76.12481100628169,81.26151888174637,0.2,4.476332998381434,2.7307760793593454,3.060218276290999,-0.3637005301342729,2.9233121719419666,1767836068.2788875,None,None,None, None, 1767836068.2424402,1.0659324632618776
1767836068.4696934,121.1881651878357,69.93972601852195,69.8203309925613,0.2,4.413383677178938,2.7249097310752606,3.0588888683747775,-0.3182099884379902,2.8351872911870335,1767836068.4656708,None,None,None, None, 1767836068.4351492,0.9519716163843449
1767836068.669288,121.38775968551636,-19.539132771930856,-24.75172375354475,0.2,4.347169619535793,2.7184707737485496,3.0495055470065586,-0.35718724686909537,2.7570943945316717,1767836068.6532683,None,None,None, None, 1767836068.627726,0.9951980727091579
1767836068.8688443,121.58731603622437,-82.6989359216157,-95.4661091774522,0.2,4.173322204707599,2.7112533845643862,3.0405529231329855,-0.38921806810689197,2.66204446901351,1767836068.8402128,None,None,None, None, 1767836068.8738472,1.0148034505428773
1767836069.0686755,121.78714728355408,-130.11738881266544,-149.3080651462625,0.2,4.048871479685883,2.706441236850762,3.033164173924307,-0.32216209664813605,2.5755294770104276,1767836069.0285933,None,None,None, None, 1767836069.065671,1.0313575327037767
1767836069.2694857,121.98795747756958,-124.40825823716852,-154.34199479106817,0.2,3.938212369365983,2.703115084481414,3.0275898213236943,-0.369954916044952,2.464887633355764,1767836069.2779882,None,None,None, None, 1767836069.2659578,0.9426423931671711
1767836069.4700086,122.18848037719727,-118.0334561731898,-159.647589465121,0.2,3.861410352968237,2.70132126353601,3.0236097859808493,-0.38294177225243975,2.3638943809444344,1767836069.4659808,None,None,None, None, 1767836069.4720128,1.011132576510258
1767836069.6695647,122.3880364894867,-110.49462137884426,-165.52722731187185,0.2,3.782913269389145,2.701331309349476,3.021511317890586,-0.5196084417686634,2.245604813729004,1767836069.64499,None,None,None, None, 1767836069.6209586,1.0238594583982255
1767836069.8694575,122.58792924880981,-37.82192773640027,-200,0.2,3.6783059875563313,2.7041261374130237,3.021212683289877,-0.3642941126288883,2.1474472600900243,1767836069.886972,2.697933217442094,2.7914585962961547,3.5492821198922035, 1767836069.78384, 1767836069.87446,0.9581313574102367
1767836070.0695953,122.78806710243225,-42.01573294613798,-200,0.2,3.4862902742968527,2.731985792530267,2.808915792713327,-0.39228616253751664,2.0514668253988515,1767836070.0695953,None,None,None, None, 1767836070.0604284,0.9151617332681837
1767836070.269685,122.98815679550171,-52.840124614157396,-199.52738392042917,0.2,3.405577432782082,2.7425707103740167,2.8096066367009445,-0.4804055472123175,1.9495577904807033,1767836070.257136,None,None,None, None, 1767836070.257136,0.9349685370432267
1767836070.470217,123.1886887550354,-68.13577242682568,-192.10007460756185,0.2,3.3096805850558626,2.7578957855437483,2.8108241445576323,-0.4888444274477739,1.8151284400525727,1767836070.4852235,None,None,None, None, 1767836070.469216,0.9020800932192806
1767836070.672749,123.39122080802917,-84.41097909811727,-183.04001628777326,0.2,3.2113078073950057,2.776298773391783,2.811490310704641,-0.4081146206935057,1.6842745219017516,1767836070.679261,None,None,None, None, 1767836070.679261,0.9230176976203412
1767836070.8690414,123.58751320838928,-100.0831531875623,-173.00932315464763,0.2,3.1271660292739676,2.796115901149377,2.8114452732847623,-0.48629066848950353,1.5566248214053338,1767836070.8610213,None,None,None, None, 1767836070.8610213,1.0341971684563935
1767836071.0686548,123.7871265411377,93.47118427967615,63.21887177648345,0.2,3.032407228940223,2.814610875760069,2.809879322631418,-0.6126330913512302,1.4180741742505825,1767836071.0501323,None,None,None, None, 1767836071.0501323,1.0559740526777193
1767836071.268814,123.98728585243225,87.7493065904688,69.39375463335335,0.2,3.1302414283194415,2.8325530747079624,2.8127991832920634,-0.5127809363483263,1.2952414771210143,1767836071.2479537,None,None,None, None, 1767836071.2479537,1.0672347376679092
1767836071.4695547,124.18802642822266,83.77081459948019,73.55442096468526,0.2,3.0402537420312425,2.848996990986791,2.8078404051166923,-0.37660136595772603,1.2097145381765453,1767836071.4630516,None,None,None, None, 1767836071.4630516,0.9373401741584845
1767836071.6693583,124.38783001899719,81.02550244967453,76.36447843862852,0.2,2.9764159635677467,2.8633958479127797,2.8027699725953816,-0.4227176023572834,1.1160093533459465,1767836071.6539917,None,None,None, None, 1767836071.6454866,0.9261595745131935
1767836071.869166,124.58763766288757,73.54080912022721,72.32054622275142,0.2,2.9023154400459727,2.875577421502605,2.7974876102841284,-0.5453256228653702,0.9855519296574767,1767836071.8451116,None,None,None, None, 1767836071.8451116,1.000027279219284
1767836072.069483,124.7879548072815,39.54696514746461,39.50093910664057,0.2,2.7953708820411376,2.8853935817593355,2.7918896653450616,-0.3464420393691956,0.898750617929825,1767836072.0422995,None,None,None, None, 1767836072.0337958,0.9688849611983896
1767836072.2700047,124.98847651481628,9.802732785608288,10.167269398345551,0.2,2.6853671610619285,2.8935561302839696,2.786268198892678,-0.25939328770766884,0.830959564429566,1767836072.2357883,None,None,None, None, 1767836072.2357883,0.9033720163075017
1767836072.4704733,125.18894505500793,-38.449775187070344,-34.675809147919075,0.2,2.598493791102536,2.900777179180422,2.7813323598853037,-0.3220623736668498,0.7415068888006237,1767836072.4944823,None,None,None, None, 1767836072.4253938,1.084138208222818
1767836072.6700444,125.38851618766785,-82.65210632548599,-74.75700967156345,0.2,2.504222435645023,2.9068745323177296,2.7770042600115734,-0.31386134553976885,0.6519863371508822,1767836072.6945925,None,None,None, None, 1767836072.6945925,1.0254892003179237
1767836072.8718028,125.59027457237244,-118.1885271111421,-106.13432580066322,0.2,2.4123198019449994,2.911974193982777,2.773274993704772,-0.2679709741877615,0.5718893954881868,1767836072.8748164,None,None,None, None, 1767836072.883321,0.9920430873485894
1767836073.0696585,125.78813028335571,-144.98638729055202,-128.6024128064416,0.2,2.3297751878664927,2.916104926738783,2.7702670140937733,-0.3234547048945831,0.467861362581735,1767836073.0706577,None,None,None, None, 1767836073.0696585,1.0371356102808944
1767836073.269519,125.98799085617065,-150.85956269924569,-128.39119440277247,0.2,2.242094863882435,2.919435271905987,2.7680177135284434,-0.3523805992000947,0.37004578352158835,1767836073.257984,None,None,None, None, 1767836073.257984,1.030350641809916
1767836073.4689872,126.1874589920044,-154.2432859541138,-124.52327919451326,0.2,2.1651846709459366,2.9215997808831653,2.7670201966522834,-0.430583005262531,0.2670860043858962,1767836073.4408734,None,None,None, None, 1767836073.4483232,1.063359354099608
1767836073.6705728,126.38904452323914,-157.39056952525408,-120.7923990414813,0.2,2.0773152042024705,2.9228308228402073,2.7674353403892975,-0.3912441089325808,0.16994976369278678,1767836073.650996,None,None,None, None, 1767836073.6424909,0.9920941910882516
1767836073.8700275,126.58849930763245,-160.1374286025718,-117.42513972175706,0.2,1.996120112897465,2.9231218802950014,2.7695532692909866,-0.39904476927464266,0.074353786866099,1767836073.8484943,None,None,None, None, 1767836073.8484943,0.9599435266037613
1767836074.070107,126.788578748703,-162.89234300354644,-113.93818942697659,0.2,1.9156977504288226,2.9229163305145347,2.773201085359694,-0.5787442132184947,6.214795294699111,1767836074.044067,None,None,None, None, 1767836074.0600777,1.0942307158551348
1767836074.269461,126.98793268203735,-164.56893076386055,-111.75968178525792,0.2,1.798915347925958,2.9225221585448806,2.7795999372643023,-0.48556753474743625,6.089228458027062,1767836074.2357466,None,None,None, None, 1767836074.2679448,1.080726679920967
1767836074.4702177,127.18868947029114,-165.10728074646158,-111.0508055202336,0.2,1.7015221793558504,2.9222360407464505,2.787853834825536,-0.44607057370151704,5.964818671570265,1767836074.4247823,None,None,None, None, 1767836074.4536786,1.0558725520854217
1767836074.6698754,127.38834714889526,-164.85349898225283,-111.38554903728308,0.2,1.6107267633470999,2.922282763568593,2.7980860473922893,-0.5447653761640028,5.805120859692338,1767836074.6874678,None,None,None, None, 1767836074.6378584,0.9209628408649454
1767836074.8715746,127.59004640579224,-168.71054899505035,-106.1842005202121,0.2,1.5019293269156158,2.9234397059062847,2.8096892526691493,-0.8256926773325353,5.552013409898526,1767836074.8902004,2.916067426404164,2.777225083551219,1.3708921587722926, 1767836074.789755, 1767836074.8892007,0.9121024657433797
1767836075.0691009,127.7875726222992,-158.83190189965865,-99.88379215485692,0.2,1.2403579540885998,2.9225637677636422,2.810033915604404,-0.6405843549309407,5.350897330264714,1767836075.075663,None,None,None, None, 1767836075.0199692,0.9678185737360159
1767836075.269369,127.98784065246582,-132.82096393253346,-76.62020690533764,0.2,1.1241355676161915,2.9286312258419134,2.8218049553982105,-0.5637298840499261,5.202683539999168,1767836075.264366,None,None,None, None, 1767836075.2272525,0.987496200225615
1767836075.4694254,128.18789720535278,-104.11546441683184,-53.9603368351415,0.2,1.0335837290993548,2.9357294428293668,2.8338328990144235,-0.60901044979289,5.070789336279894,1767836075.4574075,None,None,None, None, 1767836075.41836,0.9489147261325475
1767836075.6689692,128.3874409198761,-74.96052872895754,-33.26150052367368,0.2,0.9368515878646962,2.9437074744315463,2.8444027377169063,-0.6433707323058431,4.919546815865008,1767836075.6454525,None,None,None, None, 1767836075.6644592,1.0147790324204284
1767836075.8703318,128.58880352973938,-48.32722123050257,-16.215640357846777,0.2,0.832479325519357,2.9522588664805762,2.853177854518203,-0.6337832882729458,4.752354088607027,1767836075.8304076,None,None,None, None, 1767836075.852321,0.9076393586144501
1767836076.0701828,128.78865456581116,-28.147085097557632,-4.958415985588705,0.2,0.7270362215787326,2.960907664198238,2.860098851527018,-0.4804190196240729,4.612674994802437,1767836076.018212,None,None,None, None, 1767836076.036225,0.9578549494592946
1767836076.2701898,128.98866152763367,-12.841753494183843,4.335048060362718,0.2,0.6472683994801122,2.968864903439491,2.8654277142952296,-0.5223700374846991,4.456028147967455,1767836076.2899225,None,None,None, None, 1767836076.284416,1.0205632023209525
1767836076.470981,129.18945264816284,-2.2802914320647485,6.403812828655317,0.2,0.5562731807493184,2.9762700880096573,2.869376604758821,-0.5203494226377324,4.327054487635547,1767836076.470981,None,None,None, None, 1767836076.47999,0.9776147645472423
1767836076.669683,129.38815474510193,5.106771526285553,7.262466204164445,0.2,0.46314507158726576,2.9828724323592386,2.872106021843343,-0.5509591131331135,4.180848234886238,1767836076.6781857,None,None,None, None, 1767836076.6641545,1.0925992332761922
1767836076.8695602,129.5880320072174,6.1485896100412525,6.96646483929111,0.2,0.3620419661577072,2.9883436017359073,2.8736875496707808,-0.45955776672111615,4.054901280489309,1767836076.8625386,None,None,None, None, 1767836076.8539505,1.0326078834190726
1767836077.0694454,129.787917137146,5.8637120504038345,6.0128417693659495,0.2,0.2767573328787263,2.9929094093096547,2.874680880508581,-0.45882225917116976,3.9494050790456785,1767836077.0454228,None,None,None, None, 1767836077.0454228,1.0508139514777866
1767836077.2694433,129.9879150390625,4.602678374721454,4.590870942094511,0.2,0.190053247511528,2.996493932068443,2.8751876903826203,-0.5009578647065028,3.821893311343927,1767836077.237925,None,None,None, None, 1767836077.237925,0.9967694456972926
1767836077.4701471,130.18861889839172,-0.7033223614197609,-1.3051387587601189,0.2,0.09402288054589189,2.9990966024714827,2.8753558984994485,-0.4271953156619223,3.709441124161823,1767836077.4381337,None,None,None, None, 1767836077.4381337,1.0942191700714794
1767836077.668778,130.38724970817566,-4.69546000299578,-6.400592855164821,0.2,0.011314818085693228,3.00092686784795,2.875416916468278,-0.3870509744375546,3.6038977403509413,1767836077.6894062,None,None,None, None, 1767836077.6934056,1.0428802509159243
1767836077.871389,130.58986067771912,-8.64374806345566,-11.88079359083491,0.2,6.219010663650314,3.002139693285373,2.8754714702034634,-0.4392543947529937,3.472027503281756,1767836077.876911,None,None,None, None, 1767836077.876911,0.982424920918413
1767836078.0700428,130.78851461410522,-12.797958497878172,-17.76502607009939,0.2,6.132738710894544,3.002527608440799,2.875615426492255,-0.42042088182151627,3.3612165405015655,1767836078.0611746,None,None,None, None, 1767836078.0531461,0.924050800927072
1767836078.2696562,130.98812794685364,-16.813101544222302,-23.386534954623055,0.2,6.050038448211028,3.0024436521810793,2.8759234021415243,-0.34360476494817205,3.269879430890905,1767836078.2721593,None,None,None, None, 1767836078.2453651,1.0216661346891
1767836078.4700503,131.1885221004486,-20.29196572224646,-28.276357353177527,0.2,5.982003406515917,3.001807833010445,2.876424804627125,-0.31285307427841264,3.183612532413697,1767836078.4520426,None,None,None, None, 1767836078.4420354,1.0353460352454893
1767836078.6697948,131.38826656341553,-23.341169998260323,-32.62822533043778,0.2,5.919939239324656,3.000756104647067,2.877144064014621,-0.34198936996977247,3.10056471304896,1767836078.643706,None,None,None, None, 1767836078.6913204,0.930176586757916
1767836078.8696368,131.5881085395813,-26.278239191797688,-36.88233417147158,0.2,5.852260613401381,2.9993028902822694,2.878167151406054,-0.4214773047778141,2.993403183015512,1767836078.8403132,None,None,None, None, 1767836078.8731403,0.970429880419944
1767836079.0697076,131.788179397583,-29.31028586083185,-40.86166574350159,0.2,5.768940016202257,2.9973616745821645,2.879687219586264,-0.35891800374024635,2.897061991406387,1767836079.0301778,None,None,None, None, 1767836079.0541985,1.0653301620307656
1767836079.2698987,131.98837041854858,-31.8160443976493,-43.834827580555,0.2,5.697903567963336,2.9951071680488424,2.8815992635137873,-0.28186909889787176,2.8163480323725905,1767836079.2222638,None,None,None, None, 1767836079.240843,1.085780433735981
1767836079.4699602,132.1884319782257,-33.6616848959616,-45.86533790874995,0.2,5.642204019351748,2.9926286973530383,2.883810150743643,-0.291211835720664,2.729290613788459,1767836079.4854813,None,None,None, None, 1767836079.4384904,1.061418984531611
1767836079.6696548,132.3881266117096,-35.22651463371767,-47.50481942453214,0.2,5.584921532011792,2.9899585870035126,2.8863959551411345,-0.3627149840147373,2.616654327540625,1767836079.6716573,None,None,None, None, 1767836079.6300726,1.0662267347791459
1767836079.869504,132.58797574043274,3.9142765473986856,3.8963259500675433,0.2,5.51380894750072,2.9871585194536032,2.889500415322422,-0.3813629894481686,2.5133240863596296,1767836079.856989,3.08589281593811,3.0593114952910403,5.239368824622889, 1767836079.797012, 1767836079.8292568,0.9728017119991583
1767836080.0697758,132.78824758529663,0.0,0.0,0.2,5.32773096553973,3.080739198623635,3.0658089768006858,-0.3220771169184237,2.437211660725479,1767836080.045241,None,None,None, None, 1767836080.0913343,1.0117398993634408
1767836080.2697363,132.98820805549622,0.0,3.8515762863518073,0.2,5.266326322260011,3.0773524201756737,3.071085025059785,-0.21386262725235575,2.3822123110839435,1767836080.2360523,None,None,None, None, 1767836080.2872543,0.9564320450131568
1767836080.4717243,133.19019603729248,0.0,5.260237540657909,0.2,5.22572994045392,3.074185842525454,3.076332348840587,-0.2613586266488656,2.3089676586520658,1767836080.4857934,None,None,None, None, 1767836080.4772737,1.0265380798951416
1767836080.6693966,133.38786840438843,3.5437212288583373,7.078890503893163,0.2,5.177918468741116,3.071377357793935,3.081385383642199,-0.14248166329062834,2.2663186229336767,1767836080.6789033,None,None,None, None, 1767836080.6618874,0.9211306287802858
1767836080.8690987,133.58757042884827,4.0374307234855875,9.132363712861771,0.2,5.152975919167039,3.068695842577849,3.086522444714021,-0.13778188749452083,2.2308677840988604,1767836080.866081,None,None,None, None, 1767836080.8500454,1.0947970547227446
1767836081.0709248,133.78939652442932,4.639816963547369,11.430221013367948,0.2,5.129315903622286,3.0663486163520854,3.091293259801292,-0.1433935843772532,2.199163004970244,1767836081.0531595,None,None,None, None, 1767836081.0531595,0.9666804748894862
1767836081.269549,133.98802065849304,5.353596160408423,13.900813328877991,0.2,5.104836784951154,3.064282879240388,3.095721383585973,-0.13324672808300367,2.150272148022802,1767836081.1180131,None,None,None, None, 1767836081.1310227,1.0496959638899548
1767836081.4695709,134.18804264068604,6.159435225721569,16.465313960151516,0.2,5.08235336874557,3.0624043772497367,3.0999718415865996,-0.13324672808300367,2.150272148022802,1767836081.1180131,None,None,None, None, 1767836081.1310227,1.0496959638899548
1767836081.6702762,134.38874793052673,7.035262689903112,19.038604051533024,0.2,5.062035117799624,3.0608657631244864,3.10361572515471,-0.13324672808300367,2.150272148022802,1767836081.1180131,None,None,None, None, 1767836081.1310227,1.0496959638899548
1767836081.8698058,134.58827757835388,7.954319425267479,21.537685338782165,0.2,5.043949943773806,3.059575013497442,3.10679723993025,-0.13324672808300367,2.150272148022802,1767836081.1180131,None,None,None, None, 1767836081.1310227,1.0496959638899548
1767836082.069633,134.78810477256775,8.889321667435146,23.885173818165487,0.2,5.0278969514790255,3.058502057784737,3.1095327661911254,-0.13324672808300367,2.150272148022802,1767836081.1180131,None,None,None, None, 1767836081.1310227,1.0496959638899548
1767836082.2696419,134.9881136417389,9.812784054293175,26.01067490253391,0.2,5.014009128119749,3.057696230360221,3.111608388867644,-0.13324672808300367,2.150272148022802,1767836081.1180131,None,None,None, None, 1767836081.1310227,1.0496959638899548
1767836082.4695818,135.18805360794067,10.698197863674512,27.852827898030892,0.2,5.002087721053462,3.05711942572624,3.113060549289894,-0.13324672808300367,2.150272148022802,1767836081.1180131,None,None,None, None, 1767836081.1310227,1.0496959638899548
1767836082.6697328,135.38820457458496,11.521110985065006,29.36108834773324,0.2,4.992018565111027,3.0567588076799352,3.113863643823644,-0.13324672808300367,2.150272148022802,1767836081.1180131,None,None,None, None, 1767836081.1310227,1.0496959638899548
1767836082.8687022,135.58717393875122,12.260014399496603,30.497206234112774,0.2,4.983755532699449,3.056613338258019,3.113960925184152,-0.13324672808300367,2.150272148022802,1767836081.1180131,None,None,None, None, 1767836081.1310227,1.0496959638899548
1767836083.0696678,135.7881395816803,12.896960159943745,31.236400932119178,0.2,4.97700396748269,3.056643335619992,3.113440468607032,-0.13324672808300367,2.150272148022802,1767836081.1180131,None,None,None, None, 1767836081.1310227,1.0496959638899548
1767836083.2695472,135.988018989563,13.41790643244869,31.568230923008095,0.2,4.972201267311005,3.0569174112071726,3.1120184924762793,-0.13324672808300367,2.150272148022802,1767836081.1180131,None,None,None, None, 1767836081.1310227,1.0496959638899548
1767836083.4703856,136.18885731697083,13.81289422611814,31.49704321560571,0.2,4.968487036804923,3.0573165265385946,3.1100984213362044,-0.13324672808300367,2.150272148022802,1767836081.1180131,None,None,None, None, 1767836081.1310227,1.0496959638899548
1767836083.6703272,136.38879895210266,14.076178532724755,31.041714424035657,0.2,4.9663848943363815,3.0579162202979666,3.1073946804788815,-0.13324672808300367,2.150272148022802,1767836081.1180131,None,None,None, None, 1767836081.1310227,1.0496959638899548
1767836083.8701348,136.58860659599304,14.206288322557759,30.23438291976889,0.2,4.9652990701838595,3.0586391567727693,3.1041962468001403,-0.13324672808300367,2.150272148022802,1767836081.1180131,None,None,None, None, 1767836081.1310227,1.0496959638899548
1767836084.0702977,136.78876948356628,14.205880941248276,29.11811969123023,0.2,4.965458582031405,3.0595155420302547,3.1004053283797735,-0.13324672808300367,2.150272148022802,1767836081.1180131,None,None,None, None, 1767836081.1310227,1.0496959638899548
1767836084.2701166,136.98858833312988,14.081317604604315,27.743796861850818,0.2,4.966725542713966,3.0605269095732486,3.096114379669214,-0.13324672808300367,2.150272148022802,1767836081.1180131,None,None,None, None, 1767836081.1310227,1.0496959638899548
1767836084.4698925,137.18836426734924,13.841992786111707,26.166581454327318,0.2,4.968858701024755,3.0616417011485635,3.091470153111178,-0.13324672808300367,2.150272148022802,1767836081.1180131,None,None,None, None, 1767836081.1310227,1.0496959638899548
1767836084.6690965,137.38756823539734,13.499509270706135,24.442492331355766,0.2,4.97188367710239,3.0628615450008985,3.086497570654493,-0.13324672808300367,2.150272148022802,1767836081.1180131,None,None,None, None, 1767836081.1310227,1.0496959638899548
1767836084.8693836,137.5878553390503,13.066805795017746,22.62537509992767,0.2,4.975617734270479,3.0641614827644643,3.0813182751913724,-0.13324672808300367,2.150272148022802,1767836081.1180131,None,None,None, None, 1767836081.1310227,1.0496959638899548
1767836085.0700817,137.78855347633362,12.557333388722732,20.764525238696084,0.2,4.980189295036099,3.0655568943430334,3.0759044090358163,-0.13324672808300367,2.150272148022802,1767836081.1180131,None,None,None, None, 1767836081.1310227,1.0496959638899548
1767836085.2695134,137.98798513412476,11.984351022625935,18.903058740998482,0.2,4.985269460414326,3.0670038790599246,3.0704360180488037,-0.13324672808300367,2.150272148022802,1767836081.1180131,None,None,None, None, 1767836081.1310227,1.0496959638899548
1767836085.469462,138.18793368339539,11.360379884472382,17.077016850821522,0.2,4.9907078833968095,3.068480588081747,3.0650036517820194,-0.13324672808300367,2.150272148022802,1767836081.1180131,None,None,None, None, 1767836081.1310227,1.0496959638899548
1767836085.668897,138.38736867904663,10.696826167883403,15.31511126649625,0.2,4.996707340520721,3.0700148195311567,3.0595218743156347,-0.13324672808300367,2.150272148022802,1767836081.1180131,None,None,None, None, 1767836081.1310227,1.0496959638899548
1767836085.8703775,138.58884930610657,10.00375972758367,13.63897211595437,0.2,5.0029669965851875,3.07156516813576,3.054137204797392,-0.13324672808300367,2.150272148022802,1767836081.1180131,None,None,None, None, 1767836081.1310227,1.0496959638899548
1767836086.0697188,138.78819060325623,9.289822240111665,12.063748507118975,0.2,5.009633659131392,3.0731547883582913,3.0487746407335417,-0.13324672808300367,2.150272148022802,1767836081.1180131,None,None,None, None, 1767836081.1310227,1.0496959638899548
1767836086.2694533,138.98792505264282,8.562232972233296,10.598921670863762,0.2,5.016252215563588,3.0747174964130095,3.0436449340661578,-0.13324672808300367,2.150272148022802,1767836081.1180131,None,None,None, None, 1767836081.1310227,1.0496959638899548
1767836086.4697478,139.18821954727173,7.826860836504927,9.249214035194212,0.2,5.023121954393379,3.0763014185811706,3.038587568215738,-0.13324672808300367,2.150272148022802,1767836081.1180131,None,None,None, None, 1767836081.1310227,1.0496959638899548
1767836086.6697128,139.38818454742432,7.0883356844986825,8.01550591501907,0.2,5.030045145494316,3.0778798488687658,3.0336799138067727,-0.13324672808300367,2.150272148022802,1767836081.1180131,None,None,None, None, 1767836081.1310227,1.0496959638899548
1767836086.86971,139.58818173408508,6.350177661398327,6.895699240572505,0.2,5.036931403641871,3.0794423299484013,3.028944137481868,-0.13324672808300367,2.150272148022802,1767836081.1180131,None,None,None, None, 1767836081.1310227,1.0496959638899548
1767836087.0696929,139.7881646156311,5.614929444579965,5.885491665938882,0.2,5.0437725812579615,3.080992072971205,3.0243605838267116,-0.13324672808300367,2.150272148022802,1767836081.1180131,None,None,None, None, 1767836081.1310227,1.0496959638899548
1767836087.2697566,139.98822832107544,4.884281458778003,4.979043182651932,0.2,5.050508148579661,3.082524204174969,3.0199336663296434,-0.13324672808300367,2.150272148022802,1767836081.1180131,None,None,None, None, 1767836081.1310227,1.0496959638899548
1767836087.4696991,140.1881709098816,4.159184336226069,4.169530952836852,0.2,5.057098317632785,3.084037458178133,3.0156572399019486,-0.13324672808300367,2.150272148022802,1767836081.1180131,None,None,None, None, 1767836081.1310227,1.0496959638899548
1767836087.670145,140.38861680030823,3.449597104123345,3.4399459285127176,0.2,5.0635023591681065,3.0855308104355474,3.0115248403352672,-0.13324672808300367,2.150272148022802,1767836081.1180131,None,None,None, None, 1767836081.1310227,1.0496959638899548
1767836087.8695924,140.5880641937256,-0.5891140391497894,-0.7643434362076222,0.2,5.069692154252639,3.0870046115150678,3.0075268424735273,-0.13324672808300367,2.150272148022802,1767836081.1180131,None,None,None, None, 1767836081.1310227,1.0496959638899548
1767836088.0701423,140.7886140346527,-1.744674323651834,-2.215137792683648,0.2,5.07549767785459,3.088460244870607,3.0036505356902854,-0.13324672808300367,2.150272148022802,1767836081.1180131,None,None,None, None, 1767836081.1310227,1.0496959638899548
1767836088.2704573,140.98892903327942,-2.758143312645255,-3.6469443399284027,0.2,5.080876215240293,3.0898899381300033,2.999907864050503,-0.13324672808300367,2.150272148022802,1767836081.1180131,None,None,None, None, 1767836081.1310227,1.0496959638899548
1767836088.4707427,141.18921446800232,-3.6439823956619577,-5.05809925477229,0.2,5.085824909277117,3.09129650135775,2.9962831946682664,-0.13324672808300367,2.150272148022802,1767836081.1180131,None,None,None, None, 1767836081.1310227,1.0496959638899548
1767836088.6693842,141.38785600662231,-4.4165031385798486,-6.447070996000286,0.2,5.090328171342564,3.0926730814721077,2.9927867171587557,-0.13324672808300367,2.150272148022802,1767836081.1180131,None,None,None, None, 1767836081.1310227,1.0496959638899548
1767836088.8696826,141.5881543159485,-5.088634316193759,-7.811031507142082,0.2,5.094406558147943,3.09402447701774,2.9893993950293636,-0.13324672808300367,2.150272148022802,1767836081.1180131,None,None,None, None, 1767836081.1310227,1.0496959638899548
1767836089.0701325,141.78860425949097,-5.67214251491123,-9.145968113532042,0.2,5.0979723339955205,3.095318713263742,2.9861940019696145,-0.13324672808300367,2.150272148022802,1767836081.1180131,None,None,None, None, 1767836081.1310227,1.0496959638899548
1767836089.2700918,141.98856353759766,-6.1778001696194,-10.446818676088522,0.2,5.101102626649169,3.0965763485835467,2.983112702018238,-0.13324672808300367,2.150272148022802,1767836081.1180131,None,None,None, None, 1767836081.1310227,1.0496959638899548
1767836089.4695475,142.18801927566528,-6.615509393748421,-11.70762784869831,0.2,5.103788395187599,3.09778871490954,2.980171076843994,-0.13324672808300367,2.150272148022802,1767836081.1180131,None,None,None, None, 1767836081.1310227,1.0496959638899548
1767836089.6695008,142.3879725933075,-6.994388595619605,-12.921721545275549,0.2,5.1060185254448935,3.098945924872343,2.9773875352633867,-0.13324672808300367,2.150272148022802,1767836081.1180131,None,None,None, None, 1767836081.1310227,1.0496959638899548
1767836089.8698068,142.5882785320282,-7.322827953235667,-14.081895980678008,0.2,5.1077649086304415,3.1000322320387017,2.9747944705966605,-0.13324672808300367,2.150272148022802,1767836081.1180131,None,None,None, None, 1767836081.1310227,1.0496959638899548
1767836090.0697398,142.7882115840912,-7.608519204672106,-15.180616981526956,0.2,5.10906347154811,3.1010516800202206,2.9723772581367727,-0.13324672808300367,2.150272148022802,1767836081.1180131,None,None,None, None, 1767836081.1310227,1.0496959638899548
1767836090.2694216,142.9878933429718,-7.858464797697918,-16.21022472826468,0.2,5.109942631795407,3.102005607503526,2.970128592754727,-0.13324672808300367,2.150272148022802,1767836081.1180131,None,None,None, None, 1767836081.1310227,1.0496959638899548
1767836090.470161,143.1886327266693,-8.078971150730537,-17.1631387327292,0.2,5.110383327093422,3.1028803618232654,2.968077226086281,-0.13324672808300367,2.150272148022802,1767836081.1180131,None,None,None, None, 1767836081.1310227,1.0496959638899548
1767836090.669857,143.38832879066467,-8.275630546881393,-18.032057704662982,0.2,5.110347483743261,3.1036565799699085,2.9662658176582855,-0.13324672808300367,2.150272148022802,1767836081.1180131,None,None,None, None, 1767836081.1310227,1.0496959638899548
1767836090.8701913,143.5886631011963,-8.450621187673121,-18.810062218570973,0.2,5.110050376791394,3.1043715013680626,2.9646041722174026,-0.13324672808300367,2.150272148022802,1767836081.1180131,None,None,None, None, 1767836081.1310227,1.0496959638899548
